:0200000400FFFB
:1000000002325202000E32323232320200063232F4
:0A00100032323202000F28302900BE
:03001B00020007D9
:100023000236127A7304797AB30478C3C2C37EB3F7
:1000330004781231817EB30479123181D3D2C32281
:09004300023538121E2880FE224D
:0300530002001098
:03005B000200118F
:100063000200087A73047F7AB3047EC3C2907EB31E
:10007300047E1231C77EB3047F1231C7D3D29022DC
:0300830002001266
:03008B00023552E9
:0300930002356CC7
:03009B0002000957
:1000A30002000A7AB3042F7A27042D7A37042B7EB1
:1000B30037042D1B3478030206121B347803020B1A
:1000C300401B34780302105E2E34000368030215CC
:1000D300887E37042B7E240008121D417D53BE54B5
:1000E300000840030215887EA003A49000F2730267
:1000F300010A0201AB02024C0202ED02038E02046A
:100103002F0204D00205717E37042B7E24000812CF
:100113001D417CB57E34000160053E341478FB7CC0
:10012300B764FF52937E37042B7E240008121D41CF
:100133007CB57E34000160053E341478FB7CB764E3
:10014300FF52947EB3042FBEB000682D7E37042B7C
:100153007E240008121D417CB57E34000160053EFB
:10016300341478FB7C677E14FE107E04007E7E0BC5
:10017300704C767A0B700215887E37042B7E240030
:1001830008121D417CB57E34000160053E341478AD
:10019300FB7CB764FF7E14FE107E04007E7E0B7032
:1001A3005C7B7A0B700215887E37042B7E24000853
:1001B300121D417CB57E34000160053E341478FB8A
:1001C3007CB764FF52917E37042B7E240008121DF6
:1001D300417CB57E34000160053E341478FB7CB766
:1001E30064FF52927EB3042FBEB000682D7E3704A5
:1001F3002B7E240008121D417CB57E34000160056E
:100203003E341478FB7C677E14FE117E04007E7EF0
:100213000B704C767A0B700215887E37042B7E2484
:100223000008121D417CB57E34000160053E341484
:1002330078FB7CB764FF7E14FE117E04007E7E0B88
:10024300705C7B7A0B700215887E37042B7E24004A
:1002530008121D417CB57E34000160053E341478DC
:10026300FB7CB764FF52957E37042B7E2400081273
:100273001D417CB57E34000160053E341478FB7C5F
:10028300B764FF52967EB3042FBEB000682D7E374D
:10029300042B7E240008121D417CB57E34000160CE
:1002A300053E341478FB7C677E14FE127E04007EC8
:1002B3007E0B704C767A0B700215887E37042B7E8A
:1002C300240008121D417CB57E34000160053E34D4
:1002D3001478FB7CB764FF7E14FE127E04007E7EDE
:1002E3000B705C7B7A0B700215887E37042B7E249F
:1002F3000008121D417CB57E34000160053E3414B4
:1003030078FB7CB764FF52B17E37042B7E24000850
:10031300121D417CB57E34000160053E341478FB28
:100323007CB764FF52B27EB3042FBEB000682D7E4B
:1003330037042B7E240008121D417CB57E34000156
:1003430060053E341478FB7C677E14FE137E040044
:100353007E7E0B704C767A0B700215887E37042BE9
:100363007E240008121D417CB57E34000160053EE9
:10037300341478FB7CB764FF7E14FE137E04007E86
:100383007E0B705C7B7A0B700215887E37042B7EA4
:10039300240008121D417CB57E34000160053E3403
:1003A3001478FB7CB764FF52B37E37042B7E2400A2
:1003B30008121D417CB57E34000160053E3414787B
:1003C300FB7CB764FF52B47EB3042FBEB000682D2C
:1003D3007E37042B7E240008121D417CB57E340039
:1003E3000160053E341478FB7C677E14FE147E04A2
:1003F300007E7E0B704C767A0B700215887E370474
:100403002B7E240008121D417CB57E34000160055B
:100413003E341478FB7CB764FF7E14FE147E040024
:100423007E7E0B705C7B7A0B700215887E37042B03
:100433007E240008121D417CB57E34000160053E18
:10044300341478FB7CB764FF52C97E37042B7E24B7
:100453000008121D417CB57E34000160053E341452
:1004630078FB7CB764FF52CA7EB3042FBEB000682A
:100473002D7E37042B7E240008121D417CB57E346B
:10048300000160053E341478FB7C677E14FE157E04
:1004930004007E7E0B704C767A0B700215887E37D3
:1004A300042B7E240008121D417CB57E34000160BC
:1004B300053E341478FB7CB764FF7E14FE157E047E
:1004C300007E7E0B705C7B7A0B700215887E37048E
:1004D3002B7E240008121D417CB57E34000160058B
:1004E3003E341478FB7CB764FF52CB7E37042B7EFB
:1004F300240008121D417CB57E34000160053E34A2
:100503001478FB7CB764FF52CC7EB3042FBEB000DB
:10051300682D7E37042B7E240008121D417CB57E96
:1005230034000160053E341478FB7C677E14FE16AC
:100533007E04007E7E0B704C767A0B700215887EEB
:1005430037042B7E240008121D417CB57E34000144
:1005530060053E341478FB7CB764FF7E14FE167E80
:1005630004007E7E0B705C7B7A0B700215887E37ED
:10057300042B7E240008121D417CB57E34000160EB
:10058300053E341478FB7CB764FF52E17E37042BBD
:100593007E240008121D417CB57E34000160053EB7
:1005A300341478FB7CB764FF52E27EB3042FBEB0F1
:1005B30000682D7E37042B7E240008121D417CB574
:1005C3007E34000160053E341478FB7C677E14FEA4
:1005D300177E04007E7E0B704C767A0B70021588B2
:1005E3007E37042B7E240008121D417CB57E340027
:1005F3000160053E341478FB7CB764FF7E14FE175C
:100603007E04007E7E0B705C7B7A0B700215887E05
:1006130037042B7E240008121D417D53BE5400086D
:1006230040030215887EA003A49006307302064897
:100633000206E70207860208250208C402096302CC
:100643000A02020AA17E37042B7E240008121D41F0
:100653007CB57E34000160053E341478FB7CB742E0
:10066300937E37042B7E240008121D417CB57E3413
:10067300000160053E341478FB7CB764FF52947E1E
:10068300B3042FBEB000682D7E37042B7E240008F0
:10069300121D417CB57E34000160053E341478FBA5
:1006A3007C677E14FE107E04007E7E0B704C767A8F
:1006B3000B700215887E37042B7E240008121D411F
:1006C3007CB57E34000160053E341478FB7CB7644E
:1006D300FF7E14FE107E04007E7E0B705C7B7A0B23
:1006E300700215887E37042B7E240008121D417C7E
:1006F300B57E34000160053E341478FB7CB742912B
:100703007E37042B7E240008121D417CB57E340005
:100713000160053E341478FB7CB764FF52927EB3CC
:10072300042FBEB000682D7E37042B7E24000812F0
:100733001D417CB57E34000160053E341478FB7C9A
:10074300677E14FE117E04007E7E0B704C767A0B5E
:10075300700215887E37042B7E240008121D417C0D
:10076300B57E34000160053E341478FB7CB764FF2A
:100773007E14FE117E04007E7E0B705C7B7A0B7010
:100783000215887E37042B7E240008121D417CB598
:100793007E34000160053E341478FB7CB742957EBD
:1007A30037042B7E240008121D417CB57E340001E2
:1007B30060053E341478FB7CB764FF52967EB30425
:1007C3002FBEB000682D7E37042B7E240008121D37
:1007D300417CB57E34000160053E341478FB7C67B0
:1007E3007E14FE127E04007E7E0B704C767A0B70B4
:1007F3000215887E37042B7E240008121D417CB528
:100803007E34000160053E341478FB7CB764FF7EC0
:1008130014FE127E04007E7E0B705C7B7A0B7002EA
:1008230015887E37042B7E240008121D417CB57E7B
:1008330034000160053E341478FB7CB742B17E3747
:10084300042B7E240008121D417CB57E3400016018
:10085300053E341478FB7CB764FF52B27EB3042F99
:10086300BEB000682D7E37042B7E240008121D4184
:100873007CB57E34000160053E341478FB7C677ED2
:1008830014FE137E04007E7E0B704C767A0B70028E
:1008930015887E37042B7E240008121D417CB57E0B
:1008A30034000160053E341478FB7CB764FF7E148A
:1008B300FE137E04007E7E0B705C7B7A0B70021548
:1008C300887E37042B7E240008121D417CB57E34BC
:1008D300000160053E341478FB7CB742B37E3704D5
:1008E3002B7E240008121D417CB57E340001600577
:1008F3003E341478FB7CB764FF52B47EB3042FBE3E
:10090300B000682D7E37042B7E240008121D417C25
:10091300B57E34000160053E341478FB7C677E1499
:10092300FE147E04007E7E0B704C767A0B700215EB
:10093300887E37042B7E240008121D417CB57E344B
:10094300000160053E341478FB7CB764FF7E14FE1F
:10095300147E04007E7E0B705C7B7A0B700215881C
:100963007E37042B7E240008121D417CB57E3400A3
:100973000160053E341478FB7CB742C97E37042BF3
:100983007E240008121D417CB57E34000160053EC3
:10099300341478FB7CB764FF52CA7EB3042FBEB015
:1009A30000682D7E37042B7E240008121D417CB580
:1009B3007E34000160053E341478FB7C677E14FEB0
:1009C300157E04007E7E0B704C767A0B70021588C0
:1009D3007E37042B7E240008121D417CB57E340033
:1009E3000160053E341478FB7CB764FF7E14FE156A
:1009F3007E04007E7E0B705C7B7A0B700215887E12
:100A030037042B7E240008121D417CB57E3400017F
:100A130060053E341478FB7CB742CB7E37042B7ED3
:100A2300240008121D417CB57E34000160053E346C
:100A33001478FB7CB764FF52CC7EB3042FBEB000A6
:100A4300682D7E37042B7E240008121D417CB57E61
:100A530034000160053E341478FB7C677E14FE1677
:100A63007E04007E7E0B704C767A0B700215887EB6
:100A730037042B7E240008121D417CB57E3400010F
:100A830060053E341478FB7CB764FF7E14FE167E4B
:100A930004007E7E0B705C7B7A0B700215887E37B8
:100AA300042B7E240008121D417CB57E34000160B6
:100AB300053E341478FB7CB742E17E37042B7E2459
:100AC3000008121D417CB57E34000160053E3414DC
:100AD30078FB7CB764FF52E27EB3042FBEB000689C
:100AE3002D7E37042B7E240008121D417CB57E34F5
:100AF300000160053E341478FB7C677E14FE177E8C
:100B030004007E7E0B704C767A0B700215887E375C
:100B1300042B7E240008121D417CB57E3400016045
:100B2300053E341478FB7CB764FF7E14FE177E0405
:100B3300007E7E0B705C7B7A0B700215887E370417
:100B43002B7E240008121D417D53BE540008400330
:100B53000215887EA003A4900B5E73020B76020C31
:100B630013020CB0020D4D020DEA020E87020F2490
:100B7300020FC17E37042B7E240008121D417CB571
:100B83007E34000160053E341478FB7CB742937ECB
:100B930037042B7E240008121D417CB57E340001EE
:100BA30060053E341478FB7CB742947EB3042FBEB9
:100BB300B000682D7E37042B7E240008121D417C73
:100BC300B57E34000160053E341478FB7C677E14E7
:100BD300FE107E04007E7E0B704C767A0B7002153D
:100BE300887E37042B7E240008121D417CB57E3499
:100BF300000160053E341478FB7CB764FF7E14FE6D
:100C0300107E04007E7E0B705C7B7A0B700215886D
:100C13007E37042B7E240008121D417CB57E3400F0
:100C23000160053E341478FB7CB742917E37042B78
:100C33007E240008121D417CB57E34000160053E10
:100C4300341478FB7CB742927EB3042FBEB00068A5
:100C53002D7E37042B7E240008121D417CB57E3483
:100C6300000160053E341478FB7C677E14FE117E20
:100C730004007E7E0B704C767A0B700215887E37EB
:100C8300042B7E240008121D417CB57E34000160D4
:100C9300053E341478FB7CB764FF7E14FE117E049A
:100CA300007E7E0B705C7B7A0B700215887E3704A6
:100CB3002B7E240008121D417CB57E3400016005A3
:100CC3003E341478FB7CB742957E37042B7E240098
:100CD30008121D417CB57E34000160053E34147852
:100CE300FB7CB742967EB3042FBEB000682D7E37DF
:100CF300042B7E240008121D417CB57E3400016064
:100D0300053E341478FB7C677E14FE127E04007E5D
:100D13007E0B704C767A0B700215887E37042B7E1F
:100D2300240008121D417CB57E34000160053E3469
:100D33001478FB7CB764FF7E14FE127E04007E7E73
:100D43000B705C7B7A0B700215887E37042B7E2434
:100D53000008121D417CB57E34000160053E341449
:100D630078FB7CB742B17E37042B7E240008121D2A
:100D7300417CB57E34000160053E341478FB7CB7BA
:100D830042B27EB3042FBEB000682D7E37042B7EA3
:100D9300240008121D417CB57E34000160053E34F9
:100DA3001478FB7C677E14FE137E04007E7E0B703A
:100DB3004C767A0B700215887E37042B7E2400084C
:100DC300121D417CB57E34000160053E341478FB6E
:100DD3007CB764FF7E14FE137E04007E7E0B705C82
:100DE3007B7A0B700215887E37042B7E2400081251
:100DF3001D417CB57E34000160053E341478FB7CD4
:100E0300B742B37E37042B7E240008121D417CB504
:100E13007E34000160053E341478FB7CB742B47E17
:100E2300B3042FBEB000682D7E37042B7E24000848
:100E3300121D417CB57E34000160053E341478FBFD
:100E43007C677E14FE147E04007E7E0B704C767AE3
:100E53000B700215887E37042B7E240008121D4177
:100E63007CB57E34000160053E341478FB7CB764A6
:100E7300FF7E14FE147E04007E7E0B705C7B7A0B77
:100E8300700215887E37042B7E240008121D417CD6
:100E9300B57E34000160053E341478FB7CB742C94B
:100EA3007E37042B7E240008121D417CB57E34005E
:100EB3000160053E341478FB7CB742CA7EB3042F2D
:100EC300BEB000682D7E37042B7E240008121D411E
:100ED3007CB57E34000160053E341478FB7C677E6C
:100EE30014FE157E04007E7E0B704C767A0B700226
:100EF30015887E37042B7E240008121D417CB57EA5
:100F030034000160053E341478FB7CB764FF7E1423
:100F1300FE157E04007E7E0B705C7B7A0B700215DF
:100F2300887E37042B7E240008121D417CB57E3455
:100F3300000160053E341478FB7CB742CB7E370456
:100F43002B7E240008121D417CB57E340001600510
:100F53003E341478FB7CB742CC7EB3042FBEB00082
:100F6300682D7E37042B7E240008121D417CB57E3C
:100F730034000160053E341478FB7C677E14FE1652
:100F83007E04007E7E0B704C767A0B700215887E91
:100F930037042B7E240008121D417CB57E340001EA
:100FA30060053E341478FB7CB764FF7E14FE167E26
:100FB30004007E7E0B705C7B7A0B700215887E3793
:100FC300042B7E240008121D417CB57E3400016091
:100FD300053E341478FB7CB742E17E37042B7E2434
:100FE3000008121D417CB57E34000160053E3414B7
:100FF30078FB7CB742E27EB3042FBEB000682D7E3F
:1010030037042B7E240008121D417CB57E34000179
:1010130060053E341478FB7C677E14FE177E040063
:101023007E7E0B704C767A0B700215887E37042B0C
:101033007E240008121D417CB57E34000160053E0C
:10104300341478FB7CB764FF7E14FE177E04007EA5
:101053007E0B705C7B7A0B700215887E37042B7EC7
:10106300240008121D417D53BE540008400302159D
:10107300887EA003A490107C7302109402113302A3
:1010830011D20212710213100213AF02144E021492
:10109300ED7E37042B7E240008121D417CB57E347F
:1010A300000160053E341478FB7CB764FF52937EE5
:1010B30037042B7E240008121D417CB57E340001C9
:1010C30060053E341478FB7CB742947EB3042FBE94
:1010D300B000682D7E37042B7E240008121D417C4E
:1010E300B57E34000160053E341478FB7C677E14C2
:1010F300FE107E04007E7E0B704C767A0B70021518
:10110300887E37042B7E240008121D417CB57E3473
:10111300000160053E341478FB7CB764FF7E14FE47
:10112300107E04007E7E0B705C7B7A0B7002158848
:101133007E37042B7E240008121D417CB57E3400CB
:101143000160053E341478FB7CB764FF52917E370F
:10115300042B7E240008121D417CB57E34000160FF
:10116300053E341478FB7CB742927EB3042FBEB0A5
:1011730000682D7E37042B7E240008121D417CB5A8
:101183007E34000160053E341478FB7C677E14FED8
:10119300117E04007E7E0B704C767A0B70021588EC
:1011A3007E37042B7E240008121D417CB57E34005B
:1011B3000160053E341478FB7CB764FF7E14FE1196
:1011C3007E04007E7E0B705C7B7A0B700215887E3A
:1011D30037042B7E240008121D417CB57E340001A8
:1011E30060053E341478FB7CB764FF52957E370468
:1011F3002B7E240008121D417CB57E34000160055E
:101203003E341478FB7CB742967EB3042FBEB00005
:10121300682D7E37042B7E240008121D417CB57E89
:1012230034000160053E341478FB7C677E14FE12A3
:101233007E04007E7E0B704C767A0B700215887EDE
:1012430037042B7E240008121D417CB57E34000137
:1012530060053E341478FB7CB764FF7E14FE127E77
:1012630004007E7E0B705C7B7A0B700215887E37E0
:10127300042B7E240008121D417CB57E34000160DE
:10128300053E341478FB7CB764FF52B17E37042BE0
:101293007E240008121D417CB57E34000160053EAA
:1012A300341478FB7CB742B27EB3042FBEB000681F
:1012B3002D7E37042B7E240008121D417CB57E341D
:1012C300000160053E341478FB7C677E14FE137EB8
:1012D30004007E7E0B704C767A0B700215887E3785
:1012E300042B7E240008121D417CB57E340001606E
:1012F300053E341478FB7CB764FF7E14FE137E0432
:10130300007E7E0B705C7B7A0B700215887E37043F
:101313002B7E240008121D417CB57E34000160053C
:101323003E341478FB7CB764FF52B37E37042B7EC4
:10133300240008121D417CB57E34000160053E3453
:101343001478FB7CB742B47EB3042FBEB000682D83
:101353007E37042B7E240008121D417CB57E3400A9
:101363000160053E341478FB7C677E14FE147E0412
:10137300007E7E0B704C767A0B700215887E3704E4
:101383002B7E240008121D417CB57E3400016005CC
:101393003E341478FB7CB764FF7E14FE147E040095
:1013A3007E7E0B705C7B7A0B700215887E37042B74
:1013B3007E240008121D417CB57E34000160053E89
:1013C300341478FB7CB764FF52C97E37042B7E2428
:1013D3000008121D417CB57E34000160053E3414C3
:1013E30078FB7CB742CA7EB3042FBEB000682D7E63
:1013F30037042B7E240008121D417CB57E34000186
:1014030060053E341478FB7C677E14FE157E040071
:101413007E7E0B704C767A0B700215887E37042B18
:101423007E240008121D417CB57E34000160053E18
:10143300341478FB7CB764FF7E14FE157E04007EB3
:101443007E0B705C7B7A0B700215887E37042B7ED3
:10145300240008121D417CB57E34000160053E3432
:101463001478FB7CB764FF52CB7E37042B7E2400B9
:1014730008121D417CB57E34000160053E341478AA
:10148300FB7CB742CC7EB3042FBEB000682D7E3701
:10149300042B7E240008121D417CB57E34000160BC
:1014A300053E341478FB7C677E14FE167E04007EB2
:1014B3007E0B704C767A0B700215887E37042B7E78
:1014C300240008121D417CB57E34000160053E34C2
:1014D3001478FB7CB764FF7E14FE167E04007E7EC8
:1014E3000B705C7B7A0B700215887E37042B7E248D
:1014F3000008121D417CB57E34000160053E3414A2
:1015030078FB7CB764FF52E17E37042B7E2400080E
:10151300121D417CB57E34000160053E341478FB16
:101523007CB742E27EB3042FBEB000682C7E370442
:101533002B7E240008121D417CB57E34000160051A
:101543003E341478FB7C677E14FE177E04007E7E97
:101553000B704C767A0B70802C7E37042B7E240024
:1015630008121D417CB57E34000160053E341478B9
:10157300FB7CB764FF7E14FE177E04007E7E0B7037
:101583005C7B7A0B70225D22680D5D0078122D2240
:101593000B4068099F11222D000B0078F902178177
:1015A3001217445C800B806808248150072CB050CC
:1015B3000A0217892CB040030217867C8B5D1178D1
:1015C300267CB17CA5BE1080680A5D33780DA5BD6D
:1015D30080057F100217736D0080307F017C5B7C78
:1015E300B17CA5AD1280245D337806A5BD80F08063
:1015F300E1CA887D41AD437CB17CA5AD122D145069
:10160300020B047C5BAD232F01DA88A42D05BE00F9
:101613008040060B80780480982F007C437C507CAC
:10162300617C7202175DBE24FFFF6806BE04FFFFE4
:1016330078030217811217445CB00468F57CB8A5DF
:101643004868EF7CB870039F1122A5B80003021706
:10165300892E008150079C8038070217869C805092
:10166300ED0A51C2E74D5178030217737E5400808F
:101673007E901A6C0080061B9068142F11BF1040D7
:10168300049F104CAB0330E7EECAA86CAA80E8DADB
:1016930039DA587C4ABE5080500A1B8068BC2F112F
:1016A30050020B7002175D7EA020800C7EA010807C
:1016B300057EA0086C556D333392D5500A6E34FF06
:1016C300FF6E24FFFF0B1CA5EC3340062F11D5F052
:1016D300F6227CBA247EA2D5137C767C65A5CC92B7
:1016E300E77C5B227CB5337CB43392D54E508024A7
:1016F3008140039F11227C457C567C676C7724E0F4
:10170300500E7E1CFFFF221E341E2450034E6080A9
:101713000478F430D50A6E34FFFF6E24FFFF0B1CF0
:10172300227F707F517EC400007ED400007E941718
:10173300370217C24005E47A7BB0227A7BB00B7C78
:10174300222D0092D50E104E10807D422D44500262
:10175300B2D54E50806C447CB8222C4450120B1CE2
:101763007E40005E507FBE18000078040B80681630
:10177300A2D57CB8137C4B7CB592E77C5B227E1CA4
:10178300FFFF229F11227E24FF8020D5026C456D2E
:101793003322540F2490D43440D430F30CBEB041E0
:1017A3004007BEB05B500224204CCC68021BC00B28
:1017B30084D389944CCC680B74201217AC80F5CA7F
:1017C3003B6D889F337CAE7E5BB00B5C7007C37D43
:1017D30038DA3B8994B42569C2F37E5BB00B5CA510
:1017E300F824D0BEB00A501B7E500A20F60DAC5C24
:1017F300A52D7CCB70034EF00180DDAC5DA52D7C67
:10180300DB80D524CFBEB01AA5E850055E00DFD239
:10181300F3901B97A3E4936011BCB078F77417930C
:101823004CAB30F6B34EF08080AEA3E4936010BCB3
:10183300B078F77416937C3B7423937C2B89147CC8
:10184300B0801374201217AC20F205BEC00250F30F
:101853001B6D29B600011217AC0217B71B6E691670
:1018630000020B6A00BE08000078087E0400FF7EB9
:1018730014001620F21E4CCC681A7F10E47E1B80E5
:101883004C8868070B1C04BCBD78F2C2F6CA0B1265
:101893001996DA0B7E0BB060C0CA0B1217ACDA0BC9
:1018A3000B0C4CDD68EE1BD078EA80ADD2F07E10D5
:1018B3001080037E10085EB05F800AD2F67E100AA5
:1018C30080057E100AC2F66D119F117E00201B6CED
:1018D3007E6B7030F6021A3720F1051B6C7E6B604D
:1018E30030F6041A261A2430F0051B6D0B6A20A566
:1018F300EC3382F692F6500A7CEA9F229F217F12F4
:101903007CAE4C44780F7C457C567C676C772E000C
:10191300F878EF80122F117CB3337C3B9CB14004E9
:101923007C3B0B70A5D8EE7CB230E005DAB8C44C32
:101933003BCA380B207E00207E3000BE18000078A2
:10194300C1BE1008780730F404C2F480B5CA287CFD
:10195300B2BCBD38027CBD121996DA28BC2D500AE0
:101963001BD0E4CA2812179580F07CB213DAB84072
:1019730004C4CAB8C4CA28BEF08040095CDD780537
:10198300A5DA0260065EF07F121795DA28A5DADA87
:101993000217B7BEF001680F30F402240220F506E7
:1019A30020F70330F6010420F229BCBC5025CAB845
:1019B3007CBF13B0E67420501174307C8A5E80F0D3
:1019C30068081219D65EA00F80031217ACDAB8BCF0
:1019D300BC78DB30F40F74301217AC745830F30258
:1019E30074781217AC30F605742D0217AC742B20E3
:1019F300F5F8742020F7F3221B6C7E6BB010F10214
:101A03001B6C20F60B30E704F404D2F27CCB800588
:101A130020E7057CDB0217DB5EF07F80F81B6E6935
:101A23001600020B6A0030F0076D221B0A200B0D13
:101A33001B0A800217C6E46C22BE3007500B7F1FBF
:101A43002D312E34FFF77E39B0227CBF20E7A874F6
:101A53002E4EF0800217AC121B80403D7CBD7003FC
:101A6300047CDB121C977C3D4C3368101B307CBE1E
:101A730020E409121A3970044C3378F07CBD7CD30E
:101A8300BEA0FD481CBCAB5818E49CBA2CB318018B
:101A9300E47CDB021B21121B80406E7CBD04121C04
:101AA300977AFBA07CAE7CBDA2F492F0C2F4400214
:101AB30060010424051219967E30FF0B30121A3987
:101AC300CA3812179520F0044CDD6803121A4DDA58
:101AD30038BC3D78E6740E121795742B7EFBA0304C
:101AE300F707742D6EA0FF0BA07AFBA01217AC7E34
:101AF300A00A7EFBB0847AFBA01217957EFBB0127E
:101B030017959EF800080217B7D2F27ED00002188C
:101B130076121B8040F37CBA2CBD04121C977AFB0F
:101B2300A07CBA7CAE30E701E40420F4044CDD6809
:101B330005D2F0C2F4042CBD1219966C337EFBB0AF
:101B4300601B20E712147AFBB0121A39CA38121735
:101B530095DA380B3080E6047AFBB01B30121A3961
:101B6300CA381217954CDD6807121A4D1BD080E155
:101B73009EF8000930F003121A4D0217B77CEA7C75
:101B8300AF10F7037ED0067CFA1B6E693600020B9A
:101B93006A20021BDF2D2B204C4248232E00535872
:101BA3004F44494355502A4E46454700042080017F
:101BB300020010405FB1B6BEBE4BC5AFFB20149907
:101BC3005A1818181818181818191A1B1A1A4E61C7
:101BD3004E002B494E46002D494E46007D522D5551
:101BE3007CBE92E67CEB7CBA601F0470287CB5C295
:101BF300E77E0400FF60067E141BD1D3227E141BF4
:101C0300DA40047E141BD5D322DA099F22CA2BCAD9
:101C13002BC3CA09220A0A7E144D10AD109E083A3E
:101C2300F09E10267CB5C2E77EA0567C9BA46E5422
:101C3300FFFF2E54C511ACA92D15E4A539CAB8CAA6
:101C43001B20E70A121D0ADA1B121629800AF40464
:101C5300121D0ADA1B121589DAA87CB5337CB4335A
:101C63004E50806C4424822F111478FBDA49740798
:101C7300BE400A40099E400ACA0201140BA0CA488A
:101C83006C442F117F012F112F112F101478EFCADD
:101C930048CA49227F0F20E73ABEB00740027407C3
:101CA3000A0B2D109E1400097E19B02EB0FB501F95
:101CB3004C116817E47A19B01B147E19B0047A1911
:101CC300B0B40A0BE47A19B0A5D9ED0BA074017A6C
:101CD30019B0225EE0BF223F800000412000004295
:101CE300C80000447A0000461C400047C350004926
:101CF3007424004B1896804CBEBC205A0E1BCA6736
:101D030053C21C749DC5AE7C7B60065407681623C2
:101D130023121D2F7CB75438680A7F10121D2C1212
:101D230015897F01227CB7543803241C6CAA2E54D6
:101D33001CDA7E4400FF0B2A006912000222C2D57E
:101D43007CB430E708B2D56E24FFFF0B247CB63099
:101D5300E712B2D56E34FFFF0B348D326E24FFFFD2
:101D63000B2480028D3230D5066E34FFFF0B3422F4
:101D73007D02AD31AD102D21226D0074104D007820
:101D83000B4D2278278D317D126D22227D437D32CA
:101D93006D222F112D445002A50FBF1040049F1038
:101DA3000B901478ED7F016D227D34227D417D13EC
:101DB3008D247D022F004004BD0440049D040B14B8
:101DC3001478F17D237D317D106D0022C2D57CB066
:101DD30030E708B2D59F229F207F027CB430E713FF
:101DE300B2D59F229F217F12121D7E9F229F207FAB
:101DF300028003121D7E30D5069F229F217F12226F
:101E03006CAA4D11681E1E54500C7E1B007A1900DB
:101E130068120B1C0B140B1A001B18000B1D0B155F
:101E23001B5478F222D3A9D7BAE4F5EAE4F5E97EA4
:101E3300340EC07E2402169E24016E9E183600784E
:101E430003021EEB9E24002D9E18C6C07803021FBA
:101E5300279E24002D9E18C6C07803021F639E246C
:101E630000309E187C807803021F9F9E24001B9ED7
:101E730018CEC07803021FDB9E24001C9E187140FD
:101E830078030220149E24002F9E18DA00780302A0
:101E9300204D9E2400409E18A60078030220859EB4
:101EA30024FEAE9E18800068030220C174047E34B1
:101EB300FE017E24007E7A1BB07E34FDEB7E24007F
:101EC3007E7E1BB0F59F7E34FDF77E24007E7E1B55
:101ED300B0F5A6539DFC439D02E47E34FE017E24AF
:101EE300007E7A1BB00220F774047E34FE017E2448
:101EF300007E7A1BB07E34FDEC7E24007E7E1BB018
:101F0300F59F7E34FDF77E24007E7E1BB0F5A6533D
:101F13009DFC439D02E47E34FE017E24007E7A1BF9
:101F2300B00220F774047E34FE017E24007E7A1B07
:101F3300B07E34FDED7E24007E7E1BB0F59F7E34A3
:101F4300FDF77E24007E7E1BB0F5A6539DFC439DCA
:101F530002E47E34FE017E24007E7A1BB00220F769
:101F630074047E34FE017E24007E7A1BB07E34FD31
:101F7300EE7E24007E7E1BB0F59F7E34FDF77E242B
:101F8300007E7E1BB0F5A6539DFC439D02E47E3488
:101F9300FE017E24007E7A1BB00220F774047E3497
:101FA300FE017E24007E7A1BB07E34FDEF7E24008A
:101FB3007E7E1BB0F59F7E34FDF77E24007E7E1B64
:101FC300B0F5A6539DFC439D02E47E34FE017E24BE
:101FD300007E7A1BB00220F774047E34FE017E2457
:101FE300007E7A1BB07E34FDF07E24007E7E1BB023
:101FF300F59F7E34FDF87E24007E7E1BB0F5A6435C
:102003009D03E47E34FE017E24007E7A1BB0022011
:10201300F774047E34FE017E24007E7A1BB07E3486
:10202300FDF17E24007E7E1BB0F59F7E34FDF87E9D
:1020330024007E7E1BB0F5A6439D03E47E34FE019F
:102043007E24007E7A1BB00220F774047E34FE01E6
:102053007E24007E7A1BB07E34FDF27E24007E7ED9
:102063001BB0F59F7E34FDF87E24007E7E1BB0F509
:10207300A6439D03E47E34FE017E24007E7A1BB0DA
:10208300807274047E34FE017E24007E7A1BB07E4F
:1020930034FDF37E24007E7E1BB0F59F7E34FDF875
:1020A3007E24007E7E1BB0F5A6439D03E47E34FEB2
:1020B300017E24007E7A1BB07401F5E98036740436
:1020C3007E34FE017E24007E7A1BB07E34FDF07EDA
:1020D30024007E7E1BB0F59F7E34FDF87E24007EB7
:1020E3007E1BB0F5A6439D03E47E34FE017E2400EF
:1020F3007E7A1BB07410F5FFE4F593E4F594E4F5F0
:1021030091E4F592E4F595E4F596E4F5B1E4F5B2DE
:10211300E4F5B3E4F5B4E4F5C9E4F5CAE4F5CBE4D6
:10212300F5CCE4F5E1E4F5E2E4F5DEE4F58EE4F57F
:1021330098E4F59AE4F5ACE4F5FDE4F5A2E4F5AF33
:10214300E4F589D3D2AF227A0702C57A1702C37A9C
:10215300B302C27A2702C07A3702BE7E3702C71B98
:102163003478030222270B346803022344E47AB34E
:1021730002C90222177E7302C90A277E3702BE2DC7
:10218300327E2702C07E3302C90A037E1702BE2DA8
:10219300107E5702C07E0400082D0512294F7E735E
:1021A30002C20A376D227E140006121D737E3302AB
:1021B300C90A136D002F017E34B2117E2400FF2F54
:1021C300107E1B707A7302CBE47AB302CA802E7E30
:1021D300B302CB30E0097E3702C312346580077E39
:1021E3003702C51234657E7302CB1E707A7302CB3D
:1021F3007E6302CA7E70012C767A7302CA7EA302C2
:10220300CA7408BCAB40C87E6302C97E70012C76D9
:102213007A7302C97EA302C97406BCAB50030221C0
:1022230078022344E47AB302C90223377E7302C9D6
:102233000A277E3702BE2D327E2702C07E3302C9B3
:102243000A037E1702BE2D107E5702C07E04000FC4
:102253002D0512294F7E7302C20A376D2274042F93
:10226300111478FB7E3302C90A136D002F017E34EB
:10227300387F7E2400FF2F107E1B707A7302CB7E83
:102283007302C20A376D2274042F111478FB7E3354
:1022930002C90A136D002F017E3438877E2400FFA4
:1022A3002F107E1B707A7302CCE47AB302CA802E9D
:1022B3007EB302CB30E0097E3702C3123465800758
:1022C3007E3702C51234657E7302CB1E707A7302A9
:1022D300CB7E6302CA7E70012C767A7302CA7EA318
:1022E30002CA7408BCAB40C8E47AB302CA802E7E2B
:1022F300B302CC30E0097E3702C312346580077E17
:102303003702C51234657E7302CC1E707A7302CC19
:102313007E6302CA7E70012C767A7302CA7EA302A0
:10232300CA7408BCAB40C87E6302C97E70012C76B8
:102333007A7302C97EA302C97408BCAB500302229C
:102343002F227A0702D47A1702D27AB302D17A27DC
:1023530002CF7A3702CD7E3702D61B3478030224AC
:10236300220B34680302253FE47AB302D802241215
:102373007E7302D80A277E3702CD2D327E2702CF05
:102383007E3302D80A037E1702CD2D107E5702CF6B
:102393007E0400082D05122F0C7E7302D10A376DBF
:1023A300227E140006121D737E3302D80A136D00B9
:1023B3002F017E34B2117E2400FF2F107E1B707A12
:1023C3007302DAE47AB302D9802E7EB302DA30E004
:1023D300097E3702D212348780077E3702D4123443
:1023E300877E7302DA1E707A7302DA7E6302D97E05
:1023F30070012C767A7302D97EA302D97408BCAB20
:1024030040C87E6302D87E70012C767A7302D87E30
:10241300A302D87406BCAB500302237302253FE426
:102423007AB302D80225327E7302D80A277E370296
:10243300CD2D327E2702CF7E3302D80A037E1702C8
:10244300CD2D107E5702CF7E04000F2D05122F0CC9
:102453007E7302D10A376D2274042F111478FB7E28
:102463003302D80A136D002F017E34387F7E240097
:10247300FF2F107E1B707A7302DA7E7302D10A3744
:102483006D2274042F111478FB7E3302D80A136D66
:10249300002F017E3438877E2400FF2F107E1B70AF
:1024A3007A7302DBE47AB302D9802E7EB302DA3088
:1024B300E0097E3702D212348780077E3702D412B6
:1024C30034877E7302DA1E707A7302DA7E6302D96E
:1024D3007E70012C767A7302D97EA302D97408BC6C
:1024E300AB40C8E47AB302D9802E7EB302DB30E07E
:1024F300097E3702D212348780077E3702D4123422
:10250300877E7302DB1E707A7302DB7E6302D97EE1
:1025130070012C767A7302D97EA302D97408BCABFE
:1025230040C87E6302D87E70012C767A7302D87E0F
:10253300A302D87408BCAB500302242A227A2703CF
:102543005A7A0F03567A7303557AB30354E47AB372
:10255300035CE47AB3035DE47AB3035E0226F47E9C
:1025630073035E0A177E1F03562D317E1B701A37C5
:102573007E2400209D327A73035C6D227E37035ADA
:10258300BD3268030226077EA30354747EBCAB28C6
:1025930012E47AB303547E6303557E70012C767A7A
:1025A3007303557EB303547E7303551232CAE47A20
:1025B300B3035D80367E73035C0A376D227E14009D
:1025C30006121D737E33035D0A136D002F017E34E3
:1025D300B2D17E2400FF2F107E1BB012363A7E63E9
:1025E300035D7E70012C767A73035D7EA3035D74B5
:1025F30006BCAB40C074067E7303542C7B7A730312
:10260300540226E77E27035A7E340001BD23680364
:102613000226E77EA303547478BCAB2812E47AB392
:1026230003547E6303557E70012C767A7303557EC3
:10263300B303547E7303551232CAE47AB3035D8045
:10264300367E73035C0A376D2274042F111478FBF2
:102653007E33035D0A136D002F017E343A7F7E249F
:1026630000FF2F107E1BB012363A7E63035D7E702F
:10267300012C767A73035D7EA3035D7408BCAB40C3
:10268300C07EB303547E6303557E70012C761232F1
:10269300CAE47AB3035D80367E73035C0A376D2226
:1026A30074042F111478FB7E33035D0A136D002F1E
:1026B300017E343A877E2400FF2F107E1BB0123632
:1026C3003A7E63035D7E70012C767A73035D7EA38D
:1026D300035D7408BCAB40C074087E7303542C7B49
:1026E3007A7303547E63035E7E70012C767A7303E0
:1026F3005E7E73035E0A177E1F03562D317E1BB069
:10270300BEB0006803022562227A0703967A170394
:10271300947A2703927A37039074507E3703903E5E
:10272300343E343E343E343E347C677E1703927E1F
:102733002400012D217C754C76120066744F7E3780
:1027430003943E343E343E343E343E347C677E173D
:1027530003967E2400012D217C754C761200667E43
:102763003703902E34000068301B3468201B346814
:10277300101B3478306D337E243D7A7A1F018D80AF
:102783002E6D337E243DFA7A1F018D80226D337EB8
:10279300243E7A7A1F018D80166D337E243EFA7AA9
:1027A3001F018D800A6D337E243F807A1F018D7E49
:1027B300570394BE540008400302283F7EA003A49D
:1027C3009027C77302283302282702281B02280FE9
:1027D3000228030227F70227EB0227DF6D337E244B
:1027E30039FA7A1F0191805E6D337E243A7A7A1F1B
:1027F300019180526D337E243AFA7A1F019180460B
:102803006D337E243B7A7A1F0191803A6D337E24A7
:102813003BFA7A1F0191802E6D337E243C7A7A1F16
:10282300019180226D337E243CFA7A1F0191801638
:102833006D337E243D7A7A1F0191800A6D337E24A5
:102843003F807A1F0191227A07039E7A17039C7AAD
:1028530027039A7A3703987EB3016C7E701A7E271A
:10286300039A7C651233ED7EB3016C7E701D7E2767
:1028730003987C651233ED7EB3016C7E701B7E275B
:10288300039E3E243E243E247C651233ED7EB30139
:102893006C7E701C7E27039C3E243E243E247C6574
:1028A3001233ED7E37039C1B34681C1B3468261BD4
:1028B3003468302E34000378387E34CCCD7E243A0D
:1028C3001C7A1F014C80347E34CCCD7E243A9C7A12
:1028D3001F014C80267E34CCCD7E243B1C7A1F0105
:1028E3004C80187E34CCCD7E243B9C7A1F014C80D7
:1028F3000A6D337E243F807A1F014C7E37039E1B73
:1029030034681A1B3468221B34682A2E3400037877
:10291300306D337E243BFA7A1F0150802E6D337E57
:10292300243C7A7A1F015080226D337E243CFA7A4C
:102933001F015080166D337E243D7A7A1F0150802B
:102943000A6D337E243F807A1F0150227A070336B3
:102953007A1703347A2703327A3703306D337A37A1
:1029630003386D337A37033A80517E3400347A3733
:1029730003387E3400287A37033A022A0C6D337AFF
:102983003703386D337A37033A807E7E3400357AE5
:102993003703387E3400287A37033A806C6D337AF4
:1029A3003703387E3400507A37033A805C6D337ACC
:1029B3003703386D337A37033A804E7E3400287AF2
:1029C3003703387E3400357A37033A803C6D337AE7
:1029D3003703386D337A37033A802E7E3400287AF2
:1029E3003703387E3400347A37033A801C7E340050
:1029F300507A3703386D337A37033A800C6D337A64
:102A03003703386D337A37033A742A1236287E2710
:102A130003387E3703302D321234657E2703387E28
:102A23003703342D32123465742B1236287E270374
:102A33003A7E3703322D321234657E27033A7E37CE
:102A430003362D32123465742C123628227A37025B
:102A5300217A0F021DE47AB302337E1F021D4D2338
:102A63007803022B356D227E370221BD3258237441
:102A73002D7E1F021D7A1BB07E1F021D0B347A1F91
:102A8300021D7E3702216E34FFFF0B347A37022199
:102A930080206D227E370221BD32781674307E1F6E
:102AA300021D7A1BB07E1F021D0B347A1F021D020A
:102AB3002B3580397E3702217E24000A121D417D89
:102AC300321234A97CA77E7302337E60012C677AAD
:102AD3006302330A277E3402232D327A39A07E24FF
:102AE300000A7E370221121D417A3702216D227EB0
:102AF300370221BD3278BD80307E73023374019C6E
:102B03007B7A7302330A277E3402232D327E397097
:102B13000A077E1400302D107E1F021D7A1B307EA3
:102B23001F021D0B347A1F021D7EB30233BEB00099
:102B330078C7227A0F03617A37035FE47AB30369B4
:102B43001235FB745212300A7E37035F7D530A5AE3
:102B530012300A7E57035F12300A1235FB74531288
:102B6300300AE47AB30369804C7E1800017E0F03B8
:102B7300659F017E7303690A376D22BF106816745F
:102B830001122E2C7EA303690A1A7E1F03612D31C5
:102B93007A1BB08013E4122E2C7EA303690A1A7EDB
:102BA3001F03612D317A1BB07E6303697E70012C94
:102BB300767A7303697E7303690A176D007E1F03B8
:102BC30065BF0140A4123500227A0F02EE7A270274
:102BD300EC7A3702EA80607E3702F67A3702C77EE4
:102BE3003702EA7E2702EC7E0F02EE7E0BB07E17E1
:102BF30002F27E0702F412214A6D227E3702F6BDED
:102C03003278107E2400067E3702EA2D327A3702AC
:102C1300EA801A7E2702F67E340001BD23780E7EF9
:102C23002400087E3702EA2D327A3702EA7E1F0239
:102C3300EE0B347A1F02EE7E1F02EE7E1BB0BEB097
:102C4300007894227A0702E27A1702E07A2702DEFA
:102C53007A3702DC7E2702DE7E1702E07E04000163
:102C63009D107E0702E27E5400019D0512294F7ECE
:102C73003702DE7A3702E680397E3702DC7A3702A2
:102C8300E880157E3702E41234657E2702E87E343D
:102C930000012D327A3702E87E2702E07E3702E810
:102CA300BD3240DF7E2702E67E3400012D327A37C3
:102CB30002E67E2702E27E3702E6BD3240BB227A7D
:102CC3000F03267A2703247A37032280607E370393
:102CD3002E7A3702D67E3703227E2703247E0F0304
:102CE300267E0BB07E17032A7E07032C1223456D25
:102CF300227E37032EBD3278107E2400067E3703F2
:102D0300222D327A370322801A7E27032E7E340047
:102D130001BD23780E7E2400087E3703222D327AEC
:102D23003703227E1F03260B347A1F03267E1F03DD
:102D3300267E1BB0BEB0007894227A07031A7A1756
:102D430003187A2703167A3703147E2703167E1790
:102D530003187E0400019D107E07031A7E540001B0
:102D63009D05122F0C7E3703167A37031E80397E9A
:102D73003703147A37032080157E37031C123487F8
:102D83007E2703207E3400012D327A3703207E27ED
:102D930003187E370320BD3240DF7E27031E7E34B7
:102DA30000012D327A37031E7E27031A7E37031E56
:102DB300BD3240BB227AB30457E47AB30459C3C289
:102DC300C06D33123291D3D2C1E47AB30458803B3D
:102DD3006D33123291C3C2C06D33123291D3D2C05C
:102DE3006D331232917E7304593E707A73045930F5
:102DF300C10C74017E7304592C7B7A7304597E636E
:102E030004587E70012C767A7304587EA304587498
:102E130008BCAB40BBC3C2C06D331232917EB30456
:102E2300571233637EB30459227AB30463E47AB34B
:102E33000465C3C2C86D33123291D3D2C9E47AB3E5
:102E43000464803B6D33123291C3C2C86D331232B6
:102E530091D3D2C86D331232917E7304653E707A7A
:102E630073046530C90C74017E7304652C7B7A731B
:102E730004657E6304647E70012C767A7304647E39
:102E8300A304647408BCAB40BBC3C2C86D33123225
:102E9300917EB304631233BF7EB30465227A630366
:102EA300CC7A0F03C87A7303C77AB303C61235CD3E
:102EB3007EB303C63EB0122FBD7EB303C7122FBD30
:102EC3001235CD7EA303C63EA074014CBA122FBDAA
:102ED30080167401122DB87E1F03C87A1BB07E1FA3
:102EE30003C80B347A1F03C87EB303CC7EA0019CB6
:102EF300BA7AB303CCBEB00078D8E4122DB87E1FE3
:102F030003C87A1BB01234C8227A0703A67A1703C0
:102F1300A47A2703A27A3703A0742A12365EE41236
:102F230035E47E4703A07E5400022D541235E4E4B9
:102F33001235E47E4703A47E5400022D541235E477
:102F4300742B12365EE41235E47E4703A27E5400EE
:102F5300012D541235E4E41235E47E4703A67E5472
:102F630000012D541235E4742C12365E227A370395
:102F7300C47A0F03C07AB303BFC3C29074807E7355
:102F830003BF4C7B7A7303BF7EB303BF1231C78089
:102F93000F7E0F03C07F100B347A1F03C01231382A
:102FA3007E2703C47E1400017D329D317A3703C42A
:102FB3006D33BD2378DBD3D290227AB304847408B3
:102FC3007AB3048580297EB3048430E705D3D2C164
:102FD3008003C3C2C17E7304843E707A7304846D1C
:102FE30033123291D3D2C06D33123291C3C2C07E39
:102FF300A304857E70017CBA9CB77AB30485BEA016
:103003000078C3123417227AB3049874087AB3048D
:103013009980297EB3049830E705D3D2C98003C3CE
:10302300C2C97E7304983E707A7304986D3312326A
:1030330091D3D2C86D33123291C3C2C87EA304990F
:103043007E70017CBA9CB77AB30499BEA00078C3A2
:1030530012343E227AB3048CE47AB3048DC3C2A241
:1030630074087AB3048D802BC3C2A57EB3048C305D
:10307300E705D3D2A38003C3C2A3D3D2A57E73042F
:103083008C3E707A73048C7E73048D74019C7B7AFE
:1030930073048DE47E73048DBC7B38CCD3D2A2221F
:1030A3007A0F036C7A37036A1235FB745212300AB3
:1030B3007E37036A7D530A5A12300A7E57036A1217
:1030C300300A80107E1F036C7E1BB00B347A1F0303
:1030D3006C12300A7E1F03707E2800017F019F025D
:1030E3007A0F03704D2378DC123500227A0F042106
:1030F300E47AB3042574087AB30425802EC3C2C0CE
:103103007E0F04217E0B703E707A0B70A2C2E433F3
:103113007E0F04217E0B704C7B7A0B70D3D2C07E62
:1031230073042574019C7B7A730425E47E73042560
:10313300BC7B38C9227A0F0426E47AB3042A7408C4
:103143007AB3042A802EC3C2C07E0F04267E0B707E
:103153003E707A0B70A291E4337E0F04267E0B70CF
:103163004C7B7A0B70D3D2C07E73042A74019C7B90
:103173007A73042AE47E73042ABC7B38C9227AB3A7
:103183000476E47AB3047774087AB30477802BC3A4
:10319300C2C07EB3047630E705D3D2C18003C3C275
:1031A300C1D3D2C07E7304763E707A7304767E7385
:1031B300047774019C7B7A730477E47E730477BC91
:1031C3007B38CC227AB3047CE47AB3047D74087A26
:1031D300B3047D802BC3C2C07EB3047C30E705D328
:1031E300D2C18003C3C2C1D3D2C07E73047C3E70FC
:1031F3007A73047C7E73047D74019C7B7A73047DF3
:10320300E47E73047DBC7B38CC227A3703BD7A0F0E
:1032130003B97AB303B8C3C2C37EA303B874804CA3
:10322300BA123181800F7E0F03B97F100B347A1FDE
:1032330003B91230EF7E2703BD7E1400017D329D5A
:10324300317A3703BD6D33BD2378DBD3D2C3227507
:1032530084017E44041FE47A49B01B4478F97EF864
:1032630004A47E0400FF7E14B50B0B0A405D446882
:103273001A692000020B0E0B44800A7E0BB07A29D8
:10328300B00B240B0C1B4478F280DF0200467A3724
:103293000441801C7E3416AC7A3704437E270443F2
:1032A3007E3400019D237A2704436D33BD2378ECDC
:1032B3007E2704417E1400017D329D317A3704411B
:1032C3006D33BD2378CE227A7304877AB304867E66
:1032D300A3048774B02CBA12364C7EB304867EA046
:1032E300F05CAB7CBAC4540F7CAB74104CBA12368E
:1032F3004C7EA30486740F5CBA12364C227E3400D3
:10330300307E08049412351C74107E7304945C7B25
:103313007A7304947EB30494C4540FBEB00078054A
:103323007E700180026C777A7304957EB3049522D4
:103333001233007AB304977E3400317E0804961268
:10334300351C7E3400011232917E7304967E600137
:103353005C677E730497BC67780474018001E42280
:103363007AB3049FC3C2C06D331232917EB3049FFC
:10337300BEB0006805C3C2C18003D3D2C1D3D2C0DB
:103383006D33123291C3C2C06D33123291227A2748
:10339300040B7A3704097E37040B0A367A73040D5B
:1033A3007E37040B7A73040E7E1800027A1F0370B3
:1033B3007E3704097E08040D1230A3227AB304A3D6
:1033C300C3C2C86D331232917EB304A3BEB000688A
:1033D30005C3C2C98003D3D2C9D3D2C86D33123255
:1033E30091C3C2C86D33123291227A63045C7A733B
:1033F300045B7AB3045A1235CD7EB3045A3EB0123D
:103403002FBD7EB3045B122FBD7EB3045C122FBDB0
:103413001234C822C3C2C06D33123291D3D2C06DED
:103423003312329130C107D3D2C06D33800CC3C283
:10343300C06D331232917E34000122C3C2C86D3392
:10344300123291D3D2C86D3312329130C907D3D21D
:10345300C86D33800CC3C2C86D331232917E340001
:1034630001227A370451E47AB30453C3C2A27E37EC
:1034730004517D530A5A1236707E57045112367026
:10348300D3D2A2227A37045DE47AB3045FC3C2A223
:103493007E37045D7D530A5A1236707E57045D12DF
:1034A3003670D3D2A2227A3704726D227E37047229
:1034B300BD3248067E370472800A7E3704726E344A
:1034C300FFFF0B3422C3C2C0C3C2C16D331232919A
:1034D300D3D2C06D33123291D3D2C16D3312329134
:1034E300227AB304687A3704667E1800017A1F03D0
:1034F300707E3704667E0804681230A322C3C2C8F4
:10350300C3C2C96D33123291D3D2C86D3312329113
:10351300D3D2C96D33123291227A0F04057A37045C
:10352300037E1800017A1F03657E3704037E0F04B0
:1035330005122B3622CAB8A9319A09C3A9C19AE444
:103543007AB30432A9309A04C3A9C09ADAB832CA4A
:10355300B8A931AC09C3A9C1ACE47AB30433A93027
:10356300AC04C3A9C0ACDAB832CAB8A931FD09C3E7
:10357300A9C1FDE47AB30434A930FD04C3A9C0FD95
:10358300DAB8327A3704807A3702E46D336D227EFB
:103593001704377E070435122C47227A37048E7AB4
:1035A30037031C6D336D227E1400807E0400A0124D
:1035B3002D3D227AB30482E47AB30483C3C2A27E8C
:1035C300B30482123670D3D2A222D3D2C0D3D2C1D3
:1035D3006D33123291C3C2C16D33123291C3C2C073
:1035E300227AB30490E47AB30491C3C2A27EB304F3
:1035F30090123670D3D2A222D3D2C8D3D2C96D339C
:10360300123291C3C2C96D33123291C3C2C822CAE6
:10361300B8309908C3C299E47AB30431309803C32C
:10362300C298DAB8327AB3049EC3C2A17EB3049EB1
:103633001235B6D3D2A1227AB304A0D3D2A17EB3DA
:1036430004A0123057C3C2A1227AB304A1C3C2A1FA
:103653007EB304A1123057D3D2A1227AB304A2C3FA
:10366300C2A17EB304A21235E4D3D2A1227AB30459
:10367300A4F5CFA937CDFC74FFF5CD2200000000DF
:103683000000000000000000000000000000000037
:103693000000000000000000000000000000000027
:1036A3000000000000000000000000000000000017
:1036B3000000000000000000000000000000000007
:1036C30000000000000000000000000000000000F7
:1036D30000000000000000000000000000000000E7
:1036E30000000000000000000000000000000000D7
:1036F300000000000000000000000000000000C007
:10370300C0C0C0808000000000000080E0781E0E72
:103713003EF0E0800000000000008080C0C0C000D8
:103723000000F0F0F030303030303030303070F0B6
:10373300F0006070F0F0F0606060606060F0F0F0E6
:1037430060000080F0F070E0E0E0F0F0F0E0E0E036
:10375300E0E000F0F0F0707070F0F0F0707070F076
:10376300F0F00000303030303030303030B0F0F036
:10377300F0700000000000000000000000000000E6
:10378300030F3DF9C383F3FEFE7C1E070300000015
:103793000000030F3EFEFEF3E383E1791F07010000
:1037A3000000333737F7F7F7FFFFFF37F7F7F73740
:1037B3003330FFFFFF33FFFFFF01FFFFDBDBFFFFC3
:1037C300FF0000FFFFFF181B1B9BFFFFFFF8DB1B26
:1037D3001B1900FFFFFFCECECEFFFFFFCECECEFFE5
:1037E300FFFF00303030363737373737FFFFFF33CF
:1037F3003030000000000000000000000000000066
:103803000000000003031F7FED98183030600000B4
:103813004060303018CCFB3F1F0301000000000064
:1038230000000606C7C7C3C0C7C7C7C0C1C7C7878D
:10383300060403070703C7C7C3C7C78700000707F3
:1038430007C0C0C70707C0C6C6C7870301070F0E57
:103853008EC4C0C0C04000C0C0C7C70706060686E6
:10386300C6C6C640060606060686C6C6C7C787007E
:103873000000000000000000000000000000000045
:10388300000000000000000001071E78F080000027
:1038930000C0F03C1F030100000000000000000016
:1038A3000000E0FFFFBF8181818181C1FFFFFF1F16
:1038B3000080E0F8FCFFEFE7E1FFFFFFF08000008E
:1038C300FCFFFF0FE0FFFF3F0F7FFFFEE0F8FC3F31
:1038D3000FF3FFFF1F000080C1F7FF7F3CFEFFEFE8
:1038E300C703000080E0F0FCFEEFE7E1EFFFFFFC21
:1038F300C000000000000000000000000000000005
:1039030000000000000000000000000001071F3C51
:103913000F03000000000000000000000000000092
:103923000000030303030303030303030301000072
:10393300030303010000000000000003030300036E
:10394300030301000303030000000303030100005A
:103953000003030300020303030100000000030349
:10396300030300030303010000000000000003033E
:103973000300000000000000000000000000000041
:103983000000000000000000000000000000000034
:103993000000000000000000000000000000000024
:1039A3000000000000000000000000000000000014
:1039B3000000000000000000000000000000000004
:1039C30000000000000000000000000000000000F4
:1039D30000000000000000000000000000000000E4
:1039E30000000000000000000000000000000000D4
:1039F30000000000000000000000000000001FF0B5
:103A03001010101010101FF0010001007FFC038044
:103A13000540092011102108C106010008200820D3
:103A2300FFFE0820000000FC7C84448444FC7C846A
:103A3300448444FC7C844484011402080840084004
:103A4300084017FC10403248315050409FFE10A0F0
:103A530010A0111011101208140418020000000025
:103A63000000000000000000000000000000000053
:103A73000000000000000000000000000000000043
:103A8300000000000000000000000000000000F83B
:103A930000000000000000333000000000100C069E
:103AA300100C0600000000000000000040C0784039
:103AB300C0784000043F04043F040400007088FC05
:103AC30008300000001820FF211E0000F008F0005D
:103AD300E018000000211C031E211E0000F00888CE
:103AE300700000001E2123241927211010160E0038
:103AF300000000000000000000000000000000E0E3
:103B030018040200000000071820400000020418F7
:103B1300E00000000040201807000000404080F053
:103B2300804040000202010F01020200000000F089
:103B3300000000000101011F01010100000000005D
:103B43000000000080B070000000000000000000D2
:103B5300000000000001010101010101000000005B
:103B630000000000003030000000000000000000F2
:103B730080601804006018060100000000E01008CF
:103B83000810E000000F102020100F00001010F8A4
:103B9300000000000020203F2020000000700808E3
:103BA3000888700000302824222130000030088863
:103BB300884830000018202020110E000000C0208B
:103BC30010F8000000070424243F240000F80888AC
:103BD300880808000019212020110E0000E0108839
:103BE30088180000000F112020110E00003808086B
:103BF300C83808000000003F00000000007088087B
:103C030008887000001C222121221C0000E01008FB
:103C13000810E0000000312222110F00000000C054
:103C2300C0000000000000303000000000000080F1
:103C330000000000000080600000000000008040E1
:103C430020100800000102040810200040404040FA
:103C5300404040000404040404040400000810204D
:103C63004080000000201008040201000070480892
:103C73000808F0000000003036010000C030C828FA
:103C8300E810E0000718272423140B000000C038B5
:103C9300E0000000203C23020227382008F888882F
:103CA30088700000203F202020110E00C03008083B
:103CB30008083800071820202010080008F8080812
:103CC3000810E000203F202020100F0008F888880B
:103CD300E8081000203F20202320180008F88888D7
:103CE300E8081000203F200003000000C03008084F
:103CF3000838000007182020221E020008F80800D8
:103D03000008F808203F210101213F20000808F89E
:103D1300080800000020203F2020000000000808C1
:103D2300F8080800C08080807F00000008F888C081
:103D330028180800203F20012638200008F8080032
:103D430000000000203F20202020300008F8F80069
:103D5300F8F80800203F003F003F200008F830C07B
:103D63000008F808203F200007183F00E01008086B
:103D73000810E0000F10202020100F0008F808089A
:103D83000808F000203F210101010000E0100808AD
:103D93000810E0000F18242438504F0008F88888D2
:103DA30088887000203F2000030C302000708808B2
:103DB300080838000038202121221C00180808F8C0
:103DC300080818000000203F2000000008F8080041
:103DD3000008F808001F202020201F000878880012
:103DE30000C83808000007380E010000F80800F882
:103DF3000008F800033C0700073C0300081868802C
:103E03008068180820302C03032C30200838C800A1
:103E1300C83808000000203F2000000010080808F0
:103E2300C83808002038262120201800000000FE92
:103E3300020202000000007F40404000000C30C03E
:103E430000000000000000010638C000000202026A
:103E5300FE000000004040407F000000000004021C
:103E63000202040000000000000000000000000047
:103E73000000000080808080808080800002020437
:103E8300000000000000000000000000000080802F
:103E9300808000000019242222223F2008F800809D
:103EA30080000000003F112020110E000000008060
:103EB30080800000000E11202020110000000080EF
:103EC3008088F800000E112020103F200000808021
:103ED30080800000001F222222221300008080F035
:103EE300888888180020203F202000000000808060
:103EF30080808000006B94949493600008F80080A5
:103F030080800000203F210000203F2000809898FF
:103F1300000000000020203F20200000000000805F
:103F23009898000000C08080807F000008F800009F
:103F330080808000203F24022D302000000808F8F4
:103F4300000000000020203F2020000080808080AF
:103F530080808000203F20003F20003F8080008041
:103F630080800000203F210000203F20000080804F
:103F730080800000001F202020201F008080008000
:103F83008000000080FFA12020110E0000000080AF
:103F930080808000000E112020A0FF8080808000A0
:103FA3008080800020203F212000010000008080CD
:103FB300808080000033242424241900008080E0C2
:103FC300808000000000001F20200000808000008F
:103FD30000808000001F202020103F208080800070
:103FE3000080808000010E30080601008080008080
:103FF300008080800F300C030C300F0000808000A5
:10400300808080000020312E0E31200080808000CF
:104013000080808080818E7018060100008080807F
:10402300808080000021302C22213000000000001D
:10403300807C020200000000003F404000000000BE
:10404300FF00000000000000FF0000000002027CEF
:10405300800000000040403F000000000006010116
:104063000202040400000000000000000000000041
:10407300000000000000000000000000000000003D
:10408300000000000000000000000000000000002D
:10409300000000000000000000000000000000001D
:1040A300000000000000000000000000000000000D
:1040B30000200000000000200000000000000000BD
:1040C300002000000000000000200000002000008D
:1040D30000000000000000000000000000000000DD
:1040E300000000000000000000001062002000201B
:1040F300000000000000002000000000000000009D
:1041030000000000000000000000000000000000AC
:1041130000000020108200200000000000000000CA
:104123000000000000000000002010820841000091
:104133000020000000000020002008610000002093
:10414300002000000020000000000000000000200C
:10415300000000000000000000000000002000003C
:10416300000000000000000000000000000000004C
:10417300000000000000000000000000000000003C
:10418300000000000000000000000000000000002C
:1041930000200020000000000000000000000000DC
:1041A30000000020000000000020000000000000CC
:1041B30000000000000000000000000000200000DC
:1041C30000000000000000000000000000000000EC
:1041D300000000000000002000000000002100207B
:1041E30000200000000000000000000000000000AC
:1041F300000000000000000000000000000000209C
:104203000000000000000841000000000000000062
:1042130000200020002000000000002010A2002049
:10422300000000200000000000200000002000200B
:10423300000000000020000000200000000000003B
:1042430000000020002000000000002008610000A2
:10425300000000000020000000000000000000003B
:10426300000000000020000000000000000000002B
:10427300000000000000000000000000000000003B
:10428300000000000000000000000000000000002B
:1042930000000000002000000020002000000000BB
:1042A300000000000000000000000000000000000B
:1042B30000000000000000000000000000000020DB
:1042C30000000000000000000000000000000000EB
:1042D30000000000002000000000000000000000BB
:1042E300000000000020002000000000000000008B
:1042F300002000000000000000200000002000005B
:104303000841002000000000002008410020002098
:104313000000000008410020000000000000002011
:104323000000000008410000000000200000000021
:1043330000200000002000000000000000200020FA
:1043430000000020002000200020000000000000EA
:10435300000000000000000000000000000000005A
:10436300000000000000000000000000000000004A
:10437300000000000000000000000000000000003A
:10438300000000000020000000000000000000000A
:1043930000000000000000000000000000200020DA
:1043A300000000000000000000000000000000000A
:1043B300002000200000002008200000000008204A
:1043C3000841002000000000000000000000002061
:1043D30000200000000000000000000000000000BA
:1043E300000000000000002000000020000000206A
:1043F300000000000020002000000000000000007A
:104403000020084100000020002000200841000097
:1044130000000000084100000020084100000020C7
:104423000020000000000020000000000000000049
:104433000000002000000000000000000000000059
:104443000000000000000000000000000000000069
:104453000000000000000000000000000000000059
:1044630000000000002000200020002000200000A9
:1044730000000000000000200000000000200020D9
:104483000000000000000020000000000000000009
:104493000000000000000000000000000000000019
:1044A30000000000000000000020082100000000C0
:1044B3000841086100000000000000000020000027
:1044C30000200020000000000000000000000000A9
:1044D3000000000000000841084100000020000027
:1044E3000000000000200000000000000020002069
:1044F300002000000861002000200020084108413E
:1045030000200000000000200020002000000841DF
:104513000020000000000000000000000000002058
:104523000000000000000000000000000000000088
:104533000000000000000000000000200000000058
:104543000000000000000000000000000000000068
:104553000000000000000000000000000000000058
:104563000000000000000000002000000000002008
:1045730000200020000000200000000000000000D8
:104583000000000000000000000000000020000008
:10459300000000000000000000000020084100208F
:1045A3000020002000200020000000000000002068
:1045B30000000000000000200000000000200000B8
:1045C300002000200000000008610020000000001F
:1045D30000000000000000000000000000000000D8
:1045E3000000002000000000002000200020000048
:1045F300000000000000000000000020000008414F
:104603000000108239E74A69422829450861000001
:104613000000002000000000000000000000000077
:104623000000002000200000000000200020000007
:104633000000000000000020000000000000000057
:104643000000000000000000000000000000000067
:1046530000000000000000000020002000000020F7
:104663000000000000200000000000000000000027
:104673000000000000000000002000000841084185
:1046830000000000002000000020000000200021A6
:104693000020002000000000002000200000000097
:1046A3000000000000000000000000000000000007
:1046B30000000000000000000000002000000000D7
:1046C30000000000000000200000000000000000C7
:1046D30000000000000000000000000000000000D7
:1046E3000000002000200000000000000000002067
:1046F300000010A26B6D73AE632C738E52AA3186C9
:10470300086100000020000000000000000000001D
:104713000000000000000000000000000000000096
:104723000000000000000000000000000000000086
:104733000000000000000000000000200000000056
:104743000000000000000000002000200000000026
:104753000000000000000020000000000000000036
:1047630000000000000000200000000000000841DD
:1047730008610000000000200000000000000000AD
:1047830000200020002000200000000000000000A6
:104793000000000000000000000000000000000016
:1047A30000000000000000200000000000000000E6
:1047B30000000000000000200000000000000000D6
:1047C3000020000000000000000000000020002086
:1047D3000000000000000020002000000000000096
:1047E30000000020528A7BCF738E738E738E5AEB38
:1047F3004208210400000020000000000000000027
:1048030000000000000000000000000000000000A5
:104813000000000000000020000000000020000055
:104823000000000000000000000000200020000045
:104833000000000000000000000000000000000075
:104843000000000000000000000000000000000065
:104853000000000000000820082100000000000004
:1048630000200000000000210000000000210000E3
:1048730000000000000000410000002000000000D4
:10488300000000000000086200000000002000009B
:104893000000002000000021002100200000000093
:1048A3000000000000000000000000000000000005
:1048B30000000000000000000000000000000000F5
:1048C30000000000000000000000002000000000C5
:1048D3000020000018C37BEF8410843073AE5AEBC2
:1048E3005AEB422831A608410841000000000000AD
:1048F30000000000000000000000000000000000B5
:1049030000000000000000000000000000000000A4
:1049130000200841002000000020000000000000EB
:104923000000000000000000000000000000000084
:104933000000000000200000000000000000002034
:10494300000000000020000000000000000010A391
:1049530008410021002000000000000000200000AA
:1049630000410041088210A310C310C310A318C351
:10497300108210821082002100000000000000005D
:1049830000000000000008410000000000000020BB
:1049930000000000000000000020002000000000D4
:1049A3000000000000000000000000000000000004
:1049B30000000000000000200020000000000000B4
:1049C30000000020002018E38C71A5148C717BCFAC
:1049D30073AE630C4A6939E7002000000000000051
:1049E30000000000000000000000000000000000C4
:1049F30000000000000000000000000000000000B4
:104A03000020000000200000000000000000000063
:104A13000000000000000000000000000000000093
:104A23000000000000000000000000000000000083
:104A33000000000000000000000000200021000032
:104A430008620000000000210882212431A73A08EF
:104A53004A8A5AEC632D6B6E6B6E6B8E73CF6B8EC3
:104A63006B6E6B6D632D630C5ACB528A39E73186BB
:104A7300212518E3084100000000000000000000A9
:104A830000000000002000200000000000000000E3
:104A930000200000000000000000000000000000F3
:104AA3000000000000000000000000000000000003
:104AB300000000000020000008617BEF949294B294
:104AC30084307BCF5ACB52AA39C7002000000000A4
:104AD30000000020000000000000000000000000B3
:104AE30000000000000000000000000000000000C3
:104AF3000020002000000000002000200000000033
:104B03000000000000000000000000200000000082
:104B13000000000000000000000000000000000092
:104B23000000002000000000002100200000000021
:104B33000021088229654A695AEC6B6E7BF0843147
:104B4300843184518C717C107C108451843073CFF8
:104B530084107BF07BEF7BCF7BCF73AF7BCF73AFC7
:104B630073AE6B4D630C528A4228294510A208414B
:104B730000000000000000210021000000000000F0
:104B830000210000000000000000000000000020E1
:104B930000200000000000000000000000000000F2
:104BA300000000000020000000200020528A94B280
:104BB3008C71949273AE632C528A18E30000000048
:104BC30000000000000000000000000000000000E2
:104BD30000000000000000000000000000000000D2
:104BE30000000000000000000000000000000000C2
:104BF3000000000000200000000000200020000052
:104C030000000000086100200000000000200000F8
:104C13000000084100000000002100000000108394
:104C230031C752CB738E84518C728C518C72949297
:104C33008C728C718C718C518C7294B26B4D422836
:104C43004A497BEF73CF7C10843084107BEF73AEC3
:104C53007BCF6B6E73AE738E6B6E6B4D630C5ACBE7
:104C63004229296510A308410000002000210020EB
:104C730000000000000000000020002000200020B1
:104C83000000000000000000000000000000000021
:104C9300000000000000000008410000000008615F
:104CA300632C8C518C5173AE5ACB2965084100009B
:104CB30000000000000000000000000000000000F1
:104CC30000000000000000000000000000000000E1
:104CD300000000000000000000000000084108413F
:104CE30000000000000000000000000000000020A1
:104CF30000000000000008610861002000000000BF
:104D0300002000000000000000210861214552CB73
:104D1300843194B394B394B39CF394B394B29CD37B
:104D230094B29492949294B28C717BEF7C0F738EB5
:104D33006B8D7BEF8C517BCF7C107BF07C108410D0
:104D43008410632C738E7BCF73AF738E6B6E6B8EFD
:104D53005B0C5AEC5AEB52AA39C718E408620021DB
:104D630000000020002100000000000000000020DF
:104D73000000000000000000000000000000002010
:104D83000020002000000000000000000000086177
:104D93000000002031A6422839C718E3084100006B
:104DA3000000000000000000000000000000000000
:104DB30000000000000000000000000000000000F0
:104DC300000000200000000000000000002010A2EE
:104DD30018C308610020000000000000000000006C
:104DE30000000000000000000000002000000000A0
:104DF3000021002100000021088231A7632D8C725D
:104E03009CF494D38C928C9294B39CF39CD39CD3B8
:104E13009CD39CD39CF39CD284308C71630B42074C
:104E2300738D94918C306B4C7BCF7BCF7BCF841075
:104E33007BEF6B8E3A085AEB7BCF84307BF073CFDA
:104E43006B6E6B8E6B6E5AEC632C52CB4A6A39E8ED
:104E53002124086200200000000000000000000080
:104E630000000000002000200000000000000000FF
:104E73000020002000200000000000200000084166
:104E830000000000000000000000000000000841D6
:104E930000200000000000000000000000000000EF
:104EA30000000000000000000020000000000000DF
:104EB30000000000000000000000000000000000EF
:104EC30000200020002000200020000000200020FF
:104ED300000000000000002000200020000000006F
:104EE30000200020000010A339E773AF94B2A5554A
:104EF3009D148C92845184318C729CD39CF3A514A1
:104F0300A5149CF39CF38C71630C6B4C632C7BCECC
:104F13006B6D7BCE738D6B4C6B4C630C73AE8410DB
:104F23008430843173CE73AF528A422842084A498F
:104F3300738E52AA52AA5B0C73CF6B8E634D5AECDD
:104F43005ACB528A42082125086200000000000063
:104F5300002000000000000000000000000000002E
:104F630000000000000000000020002000000020DE
:104F7300000000000000086108410000002000005C
:104F830000000000002000000000002000000000DE
:104F930000000000000000000000000000200000EE
:104FA30000200020000000000000000000000000BE
:104FB30000000000000000000000000000200000CE
:104FC300000000000000002000000020000000217D
:104FD3000000002010A22986634D84518C91949285
:104FE300843052AA528A4A896B6D8C9194B29491FF
:104FF30094929CD39CF38C51738D6B4C94B28430FC
:10500300843094D28C717BEF73AE7BEE84308C71E1
:105013008430843084508C508C518C517BCF632CE2
:1050230042085ACB6B4D4A8A31C73A085AEC632D72
:105033006B4D632D632D630C528A39C7210408829B
:1050430000000021000000000860000000200000B4
:10505300000000200000000000000020000000000D
:1050630000000000000000200020002000000020BD
:1050730008410020000000000000000000000000C4
:10508300000000000000000000000000000000001D
:10509300000000000000000000000000000000000D
:1050A30000000000000000000000000000000000FD
:1050B3000000084100200000000000000020000064
:1050C3000001006121454A8A7C1084317C1094B22E
:1050D30073AD31C652AA52AA29444A6873AE7BCE35
:1050E3007BEF8C7194B29CF3A534AD55A5349492A7
:1050F30094B294918C71949294D294927BCF8C714C
:105103008C517BCF73AE73CE84508C71840F73AE8E
:1051130083EF8C3084107BCF73CE5AEB088210A3BD
:1051230021043166528A5AEB4A6A52CB5AEC4A49F5
:1051330039E82125002100000020000000200000A4
:1051430000000000000000000000000000200841F3
:10515300000000000000002000000000000000002C
:10516300000000200000000000000000000000001C
:10517300000000000000000000000000000000002C
:105183000000002000200000000000000020086153
:105193000841000000200020000000200000000063
:1051A300002000000000002000200020002000203C
:1051B3000021088242497C1084519D349CF3A5341C
:1051C3008C717BEF5B0B73AD4A6829444A698C7120
:1051D3009CF39CF39D139CF3A534AD75AD55A53499
:1051E300AD758C71630C7BCF6B6D7BEF9492A514C3
:1051F30094718410841094928C718C518C718430CE
:105203007BCF7BCF84108C51841084306B8E2165CF
:10521300108218C30041084118E4088210A32145F5
:105223004A6A4A8A422931A71082000000200020DE
:10523300000000000020000000000020002000000B
:10524300002000000000000000000000002000001B
:10525300000000000000000000000000000000004B
:1052630000000000000000200020002000000000DB
:1052730000000000002000200000000000000000EB
:10528300086110C30000000008610840000000002E
:1052930000000000002000000000002100000000CA
:1052A300006119255AEC8CB38CB294D294D27BEF63
:1052B300634C634C73CF7BEE7BCE634B73AD8C71CE
:1052C3009CF39CF39D1394D29CF3A534AD75A53444
:1052D300B5B6AD559CF39472A4F49CD39CB3A4F4DB
:1052E3009CD394728C51947294B29CD39CD39CF3B0
:1052F30094B2949294928430841073CF73AE6B8E75
:105303005AEB4249296618E40882086200410842C0
:10531300086218C439E8424A422942292104086133
:10532300000000200000000000000000000000005A
:1053330000200000084100200000000000000000E1
:10534300002000000000000000000000000000003A
:10535300000000200000000000000020000000000A
:1053630000000000000000000000000000200020FA
:105373000000000000000000002000000000108278
:1053830010820000002000000021000000210041E5
:10539300006229A76B6E8CB38CB38C9294D28C7100
:1053A30039E72144632C632C422873ADB594842FD1
:1053B3007BEF9492A534A5549D139CD3A514A534D7
:1053C300A514AD76AD55A535A515A535AD55A535B2
:1053D300AD35AD35A4F4A4F49CF494928C729492FC
:1053E3008C518C728C718C718C7184107C0F632C3A
:1053F3004A69212421242124212510A200210862A5
:105403000882006208830883298739E831A74A495B
:105413002986088100000000000000000020000031
:10542300000008410841000000200841000000007E
:105433000000000000000000000000000020002029
:105443000020002000000000000000000000000019
:105453000000000000200000000000000000002009
:1054630000200000000000200000002000200000B9
:105473000021002000000020000000200021002166
:105483000883428B8C9394B37C10843194B373EF71
:1054930073EF422842486B6C214429645AEA7BEE3D
:1054A3005B0B7BAE9CD394919491A5339CF3A51491
:1054B300AD55B596A514AD55AD55B596AD5594B34B
:1054C3009CB3A5149CF4AD15AD35A51494B38C71A0
:1054D3009CD394B394B294B28C718C518450843025
:1054E3007BEF73EF6B8D422839E818E308820041A4
:1054F300004100420862086310C4086239E831873A
:1055030029664A4939C710A2002000000020000084
:105513000000000000000000002000000000002048
:1055230000000000002000000000002000200020F8
:1055330000200020002000200020000000000000C8
:105543000000000000000020000000000020000018
:1055530000000000000000200020002000200000C8
:105563000000000000000000002000200041004176
:1055730010A352EC94D46B8F3A09424A94B37C1033
:105583005B2C6B6D632C31A552A9088042278430B4
:105593007BEF738D7BAE83EF7BAD7BAD947094918A
:1055A3008C4F8C7094B18C5094D28C7094918C717C
:1055B30094D38C7194D38C718C726B2D6B4D9CD363
:1055C3009CF39D139CF38C9184718C718450949102
:1055D3008C5084507C0F7BEF84304249192429A6D8
:1055E30010C30041002100420022086210A421469A
:1055F3003A0910C429664229422918E30000000031
:105603000020000000000000000000000020000057
:105613000000000000200000000000000000002047
:105623000000000000000020000000200020000017
:105633000020000000000000000000000000002027
:105643000000000000000000000000000000000057
:1056530000000000000100000000002100210021E3
:1056630010E46BAF8C934ACC31C94A8B6B8FA53551
:105673008C926B8E52CB42482985298410A031C667
:10568300949194B2A534BDD6AD5483EE6B4B6B2B82
:1056930073AC6B2A6B2B6B4B6B6B632A632A3A06D7
:1056A3004248845084916BAD52AA9CF35ACB5289E1
:1056B30094B28C918C9194D27C2F636D6B8D7C0F03
:1056C3008430634C52AA52A94AA9636D6BAE73EF3F
:1056D300634D1925214510E4004200420042002297
:1056E30000422126212618E418E439E84A692945AD
:1056F30000000000002000000020084100200000FE
:105703000000002000000000000000000000000076
:1057130000000000000000200841000000200020DD
:105723000020002000000000000000000000000036
:1057330000000000002000000020084108200000B5
:1057430000200000002100000021000100010021D1
:1057530021468C938CB329A821874AAC73F094D447
:1057630094938C727C104A4973AD52A939E58C6FBE
:105773005ACA39C64A286B4DA513B574944F7BACEE
:10578300736B6B4A6B4A630952A76B6A5AE94226E9
:1057930021633A06844F740F31C6636CA5549CF39E
:1057A3009D1394D24A8921643A2731E631E64AA906
:1057B30031E64248298510C231C629A511031103D8
:1057C30029864AAA216610E4190508A308830883D9
:1057D3000883002210C419051083086218E439E80D
:1057E3004A69298600000021000000000000000033
:1057F3000000002000200000000000000000000066
:1058030000000020000000001082210400000000BE
:105813000000000000000000000000000000000085
:1058230000000000002000000000000008410820E4
:105833000020000000200000000000000021000103
:1058430029877C32636F214629A75B0D5B2D8C7200
:1058530084525AEC632D73AF42287BCE31A4632A62
:105863006B4A5289526952495AAA840F94708C4FD9
:105873009C90736B6B4A6329738B634A52C74A6666
:1058830042463A268CB0A574ADB5530B7C50845078
:105893009D337C0E52CA29A5110210E219434AA96D
:1058A3004AA95B2B3A07190310C2190308C110C296
:1058B30008A210C2192408A30042006210C41925CB
:1058C30008A310A4086308630883214610830841D2
:1058D30039C729454A492945000000000000000056
:1058E3000000002000000000000000000000000095
:1058F300000000200020000000000000084100001C
:105903000000000000000000000000000000000094
:105913000000000000000000000000000000002064
:1059230000000000000000000020002000410021D2
:105933002147634F424B19063A09843294F494D3B6
:105943007C315B0C5AED630D2945630B52A8840D22
:105953008C2E6B2A8C4F8C2F7BAE8C30A4F29CB197
:105963008C506B6C6B4C6B4B5AEA5AE95AE95AC927
:1059730052887C0E9D12B5F6AD95A534845194F3EF
:10598300849052E921A4008008E1194321A419233A
:105993005B0B7C2F73CE3A273A2752EA52CA3A4816
:1059A30031C6194408C20882002108A308A3006372
:1059B30010A4004210A40863214610A418E5002295
:1059C30008824A8A296619044229294500000021D0
:1059D30000200000000000000000000000000000A4
:1059E3000020000000000000000000000000000094
:1059F30000000000000000000000000000000000A4
:105A03000000002000000000000000000000000073
:105A130000000021000100000020002000200021E0
:105A230019265AEE29A910C631EA632E636E9D34F6
:105A330094D39D148452630D210518C329444A4607
:105A43007B8B734A944F83CD736C83EEAD53AD530D
:105A5300BDB5B575A4F37BEF8C7073AD6B4C73ADB3
:105A63008C509CD2B595BE17BDD6B5B6AD95A55590
:105A730084715B2A196329E5196329E5320529A491
:105A8300194319436B8D7C0F634C31C63A073A07B0
:105A930029A652EB634C1924006210C4086310A4B6
:105AA3000884006310A4086310A431A818E5004219
:105AB300002210C442492145088221453A0818E4CE
:105AC3000021000008410000000008410000000020
:105AD3000000000000000000000000200020002063
:105AE3000000000000000000000000200020000073
:105AF30000000000000000000000000000000000A3
:105B030000000000082100000020000000200041E8
:105B130010E54AAC29A9216821485B0E8C939CF4BB
:105B23009CF39D146B8E5B0D10A3086210812943B7
:105B330052675A876AE9524662C9734A5A87948FF1
:105B43009CB19CB18C50C617B575AD34BDD6AD753F
:105B5300BDD6CE79BDF7C618BDD7C617B5F7BE17E4
:105B63008C713A2729C43A8732663A6721A4218384
:105B730029A42164426884508C916B6D4A693A0868
:105B830010E329A63A084A8A31C710C418E510C59C
:105B93002147190608A408630043088318E54A8BC4
:105BA30018E50863004229A7298710A300421904B6
:105BB300298610C3000000210021000000200000FE
:105BC30000000000000000000000000000000020B2
:105BD30000000000000000000000000000000000C2
:105BE3000000000000000000000000200000000092
:105BF3000000000000000000002000000000004240
:105C030010C4426B29A829A94ACD426B52CC9CF5FA
:105C13009CF494B36B8E52CC4A8B10C310A218C160
:105C230041E5732A6B096AC862877B8B73295AC75C
:105C3300736B9CB083EEB574BDD5DEB9D678CE3820
:105C4300CE59C5F8C638C618B5B6BDF7C638BE377F
:105C530094D14AA83A46324642E83A863A861983AC
:105C630029A4218431C57BEE8C707BCF632C7BCF41
:105C73007BEF632D3A083A084A6A5B0D31E9086302
:105C830008841906216808840864086410A408635A
:105C930031A81906004200422966422900420862DF
:105CA30000421905296618C3000000210000000006
:105CB30000000000002000000000000000000000C1
:105CC30000000000000000000000000000000000D1
:105CD30000000000000000000000000000000020A1
:105CE3000000000000000020000000000841000147
:105CF30000633A0A29C908A54ACD636F19263A2ACF
:105D03004A6A7BF08C52630D6B8F29A7086131843B
:105D1300318362C87B8C5A6752057B498BEB28E041
:105D23004A045AC84A266B2A83CC736A83ED8C0EC5
:105D3300B553B574B5B6BDF6BDD6BDF68C908CD152
:105D43008CAF53294AE742C642C73AC732662A0490
:105D530029C431E55B0A84708C508C7194B29CD356
:105D63007BCF3A0852CC634E632D73CF4A6A318896
:105D7300190608A5004310A508A50043006308649D
:105D830008640884004308840863298731A70862EC
:105D93000862004210A3298631A708620000002090
:105DA30000000000000000200000000000000020B0
:105DB30000200020000000000000000000000000A0
:105DC3000000000000000000002000200000000090
:105DD3000000002000000000000000000020000080
:105DE300002229A93A0B1107320B7C3329A83A095F
:105DF30073D073AF8411AD768C522988088310A1B8
:105E03004A88294252466AC85A265A258BAA62866C
:105E13006AE7730849E4316339A349E46B086B0803
:105E23006B496B2A8C2E8C0E630A842E634B42665D
:105E330042863A454AC74B0742A63AA632863AA754
:105E4300324529E43206740E84909CF39D3494B257
:105E53004A6A10A310A329667C1194D48C726B6FC9
:105E6300190600432127298810A50864298810C52D
:105E730000430043086408640063004231C839E901
:105E8300002208630883004218E439C729860021E9
:105E930000000000000000000000000000000000FF
:105EA30000000000000000000000000000000000EF
:105EB300002000000000000000000000002000009F
:105EC30000000000000000000000002000000000AF
:105ED300002119263A2B10E71107428C426B634EBF
:105EE3009D14B5F89CF494B4634F0884008308832D
:105EF3002123630A316341A483AB7308628651E4AF
:105F030051C2836972E841A341E44A046AC7940C0D
:105F130083EB736973496AC76AE86B08738A5B0723
:105F23003A6529C329C33A654AA74AE73245326528
:105F3300326519A32A05320621A531E77C50951352
:105F43006BAE29A7298710C4636E94F573F18C9403
:105F530084324A6B18E531C931C908C529A884338D
:105F630029A9004300630884004308841925216696
:105F730019250062086210C410A4002218E539C86C
:105F830018E40000000000000000002000000000F2
:105F930000000000000000000000000000200020BE
:105FA300000000000000002000200020000000008E
:105FB300000000000000000000000020000000219D
:105FC300002108A4320A1107110729CA2188422A8D
:105FD3008432B5D7A5556B8F426A088408A408C4D8
:105FE30008A310C25AC9524649C48389838972A738
:105FF30059E483089389A44D72E8520541C349C308
:106003006AA67B687B687B4883698BCA6B07736965
:106013005B28428629E3218232053A4642663A6684
:10602300322529E4116221C42A06218421A529E607
:10603300742E7C303A2929A82147636F52CD424BF5
:106043007C12634F73D152CD31E92188006331EA69
:106053004AAC088408640064004310A5190631E9BA
:1060630031C821460022002200221084084308423E
:1060730029462105088200000000000000000000FE
:10608300000000000000000000000000000000000D
:1060930000000000000000000000002000200000BD
:1060A30000000820000000000000000000200000A5
:1060B3000042004231C929C908C621A929A9298852
:1060C30039E94229424994B36B6E5AED31C80884C9
:1060D3000883190439C662E962A772E87B496AA694
:1060E300624559E3CD7093A9A44CACAE49C341A218
:1060F3007B4883688B688B8972C683687B685AA6E2
:106103005AE73A2429C331E442864B084AC83A463F
:106113003A873A8721C43A67428729C53A463225E6
:10612300320532056BAD52CC214710C62148296890
:1061330010A518E6086419264A8C426B216700648F
:1061430029A929A9002300640043004321472147CB
:1061530031C839E931A700210863004200420042F7
:10616300084210C421052104086200000020000039
:10617300000000000000000000000000000000001C
:10618300000000000020002000200020002000204C
:1061930000000000002000000000000000000000DC
:1061A3000000000110E5424B1927110731EA194796
:1061B300192729A852CC73AFC638C659CE9B7C1178
:1061C3004A8B8C52B5B7A4F341E5734A9C6E9C4D40
:1061D300836959E3390093CACD917B0783697308B7
:1061E3006AC68BC993A99368936893898B896AC795
:1061F30052654A653A0431E452E85B6A5B6A42A736
:1062030042874B093A673A6732463A673A873A46D2
:106213004287426742893A0810E510C62128296A55
:1062230010E710C6004410C610E631C908A5006483
:106233000885192810A6086500440023004408A512
:106243002967424A73AF52AC0862004200420863B6
:1062530000420863086318E418E418C30000000050
:10626300000000000000000000000000000000002B
:10627300000000000000000000000000000000001B
:1062830000000000000000000000002100000000EA
:106293000021000100633A2A216810E719482169A7
:1062A3003A0B634F6B6FB597DEDBE73CDEDBCE7AF1
:1062B300BDF8B5D8B5D7BDD7D6795ACA39A47309AD
:1062C3009C6D9C4CA42B5A034961496262657B28EF
:1062D3006AA69C0BA42B8B4782C58B48AC6DA44C40
:1062E300838963074A45422442454AE86BCC4B08FD
:1062F3004AE8534953493A663A6742A84B0942A8C8
:1063030042A84AC94AAA3A2929A910C6190810E776
:1063130008A710C7088608A608A6006508A608A649
:1063230008A6008508A500850044004408640023EE
:1063330008A52167424A5AED52AC088310C408836A
:10634300004300420022004210C4088318E40041C5
:10635300000000000000000000000000000000003A
:10636300000000000000000000000000000000002A
:1063730000200020000000000000000000000000DA
:1063830000010001000119263A2B19481948216917
:10639300192852CEADB8BDF8C639D6BBCE79C638AA
:1063A300B596A535A535CE59D69ACE595AAA18A170
:1063B300944ECDF4B4EFBD508BAA628662866A8692
:1063C3009C2C5A03B4ADAC8CA40A9BA99BCA9BCB4F
:1063D300A44DA4AE83CB5AC64A8642655328742D76
:1063E3004AC842C853294B083AC73A873A8742E911
:1063F3004AE94ACA3A6A320A31CA1928216910E8B5
:1064030010E708C710E810E808C708A6088610E7D1
:1064130019280085006508850885088500440865F6
:1064230008851907214752CC4A8B21261905088371
:10643300088300420063002200420863086218C414
:1064430010A3002100010000000000000000000074
:106453000000000000000000000000000000000039
:1064630000000020002000000000000000000000E9
:1064730000000001000108843A0A1107192819488D
:10648300298931EB4A8C52CC8C93AD76B5B7BDF7E5
:10649300B596BDF7C618A5149CD384119CD373CFAE
:1064A30010A1738BD635C592838A5A6573098C0CF8
:1064B300B551B50F8BAAB4ADD5D1B4ADA42C9C0CFA
:1064C30093EC836A942C6B2842235307428563AA77
:1064D30053084266322542A8536B4B2A4309534A59
:1064E300536A4B0A32282A092169194919493A4D35
:1064F30010E708C61949110808A708C708A708E73D
:1065030010E80065006508A608A608A60044004434
:1065130008650044212719064A6B422A31A8004224
:1065230000630043006300430063002208630842E2
:10653300108310A3084200000000000000000000C8
:106543000000000000000000000000000000000048
:1065530000000020002000200000000000000000D8
:10656300000000210001000221472189192710E7BB
:106573001107192821683A2A21464A8A9CF39492E2
:10658300AD35C618CE79CE796B4D5AAB6B6E7BF0B9
:106593004A8A18E24A4720E1ACF08BCB5A6562C8BD
:1065A30083CCACF0ACEF93EB938ABCCECD91BD1012
:1065B3009C4D8BEC8BCC8BEC4A254A866BCA4AE705
:1065C30053083A664AA85B4B530A5BAD63EE63CD4F
:1065D30063CD534B532A3A6942AC08C711291108BA
:1065E3001108110708C6110908C808C810E808C827
:1065F30008C70066006608A608A608A608A60885B8
:1066030000440044004410C618C5422A528C31A8E5
:10661300088308630883004200630042002210C419
:1066230000420022108310A30000000000000000BD
:106633000000000000000000000000000000000057
:1066430000000000000000000020002008210000DE
:106653000000002100000022006329A921681948D5
:10666300194929CB31CB298931C86B6E6B8E8C715B
:10667300A4F4A535BDD7A535B596A51484107BF034
:106683006B8E94D35B0B420608407B6B83AB396202
:106693006309946F8C0D944D8B8A8B6993EBCDB208
:1066A300BD507B4962867B6A738B632A5B2A5B6B73
:1066B300742E6BED638D636D7C505B4D42CC4AEC65
:1066C300534D532C5B8D7450322819471929008779
:1066D3001129112808E6110710E808C808A708E8D7
:1066E30008E808E708C7008600A608A608A60886E3
:1066F30008A608650865086408642947632E52AC38
:1067030031C810A40863086308840063088308A4DD
:1067130010C40022002208621083084100000020F8
:106723000000000000000000002000000000000046
:106733000000000000000000000000000000000056
:1067430000000020002000010022190629AA08A643
:106753002189216919085B305B2F6B8FB5F8B5B6BA
:10676300AD75BDF8AD558C726B2D73AE8C518C51DC
:10677300A535ADB7CE9A42694A8918A183EDB552C2
:1067830062E8D698DED983ED8BEC8BAA83496A86BF
:106793008BAABD50942C83CB83CC840E73EE52EB27
:1067A3003A6942AA530C741074318CD44ACC112622
:1067B300198729C819666BEF743021A61126194968
:1067C300008708C808E708C610E710C8006708A7CD
:1067D30008C708E8110811080086008608A608A65D
:1067E30010C60886088508A508A539EA73D17BF287
:1067F3004A6B21470863086308840063004310C49D
:1068030010C50042088300220001086210A30000A3
:106813000000002000000000000000000000000055
:106823000000000000000020002000200000000005
:1068330000000000002000200021006321881928A7
:1068430011071948214929CB73D2634F8C93CE9AF0
:10685300C638BDD7C618AD7694B3B596DEFBDEDB7E
:10686300E73CDEDBB5D88C7210C38C714A4718A0A5
:10687300738B83ED94906B2B5AA97B8B836983492C
:106883005A246AE7B50FBD2F944C842D5B2C21A8A5
:1068930008C611071948194729C942AD42CE21EA52
:1068A3003A6B636F5B2E2166428A63AE743029C8EC
:1068B30008C608C808A8008708C710C710C810C9A9
:1068C30010E81109110808C710E808A608A608A6C9
:1068D300190810C608A6086508A5190631A973D1B9
:1068E300636F192608A4088410A508840022006396
:1068F30010C408830042086300420042002110A331
:106903000021000000200000000000000000000043
:106913000000000100000000000000000000000073
:1069230000010021000000000000000110E531CA51
:1069330010E710E7194829CB29AA31CA4AACB5B7E1
:10694300DF1CCE58B5B6BDD7CE7AEF7EEF9EE71CDF
:10695300D6DAD6BAD69ADEFC73D008629492632B49
:1069630008205AA85288084039C65AC98C0D9C0C75
:10697300A46D62A69C6DCDB1C5708C2C5AC911054E
:1069830019681129194A110810E7194811271969BB
:1069930029EA3209B6199515218729A774105B4C8A
:1069A3005B6D322B114808C708C81108110818E994
:1069B30010C810E81949110808A608C708A608C690
:1069C30008A610C710E7006510C608A50885086467
:1069D30021272167086410A5006308640884004325
:1069E3000043086300220863086308620042000151
:1069F30010C310A3000000200000000000000000EE
:106A03000000000000210001002000200020000001
:106A13000000000100000000000000410021218867
:106A2300218908C710E721AA218A216952AE8C73F4
:106A3300B5F8DEFBBE17A534A515BDF9AD566B6ED3
:106A4300B5B6DF1CEF5EE73DD6DC8472190418E3AC
:106A53004A482924086052CA21033A0694B062C8FE
:106A6300C592A48E73288BEB93EBDE54A4AF4A48F4
:106A7300112621AA198B194A1908216919271928DE
:106A83001948112732099D35ADB873F121864ACAD9
:106A93006BEE532B11662A0A21CA00A6110808C7F8
:106AA300190810C810E810E808C708C710E708C697
:106AB30008A608A608A608A6088610A608850884BE
:106AC30008A519060064086410C500630043004369
:106AD30008430043004308630842088310A4086284
:106AE3000862108221240000002000000000002022
:106AF300000000000000000000000840086008409B
:106B0300002000000000000000000020004100629F
:106B130029A9192811081108218929AA422C4A8D6B
:106B23007C12CE7AD6DAD6BAB5D79CD484124A6B05
:106B33005AEDCE5AFFFFCE7B8473A556A5765AED48
:106B430008626B4D4A49002052EB4A8929845B094C
:106B53004A0583ABCDF39C8E5A85838AD636C5F618
:106B630052AB08E521AA11291129426E31CA08A5A1
:106B7300298919485B4FBE3AADD852EE320A3A4AD8
:106B830011245B6D3AAA0925220919C9116800C6A7
:106B9300110808A710E810C710E708C710C710E7C7
:106BA30010E710C708A608A6006510C70885088562
:106BB3000044006408840884088408640864088422
:106BC30000430043086308430022084329663187D2
:106BD30018E4088218E42965086100000000000039
:106BE3000020084100000000000100000000002018
:106BF3000020000000000000002100200020000011
:106C030010E4320A1949320C218A11283A2C2989B5
:106C130029898C93D6DBD6DAE71BC6388C9373D0DD
:106C2300632EB5B8D6FCC65A632E216729A8530E26
:106C330084734A8B7BF0634D0882006152EB29A574
:106C430021433A05524583CB83CB8C2D4A056B2BCD
:106C53008C3031A81927194821CA29CA3A2B424B2B
:106C6300A557A53631E952EE31EB218A10E808A683
:106C73001107198842CC3AAC19C9643319EA21EADD
:106C83000107090708C708C710C710E810C710E7AE
:106C930008A610C710C708A6088608650065006522
:106CA30010C6006510C60884006408A5006400646B
:106CB3000864088408430043084308220863210545
:106CC30039E94229298610A3212418C300000000B2
:106CD3000000000008410020000000210001000026
:106CE3000020002000000000000000000000002140
:106CF30000202187320A1108320C21891128218AA8
:106D0300194821276B8FBE18D6DBDEFBD6BBA53512
:106D13006B8F8C94A5564AAB424A320A218821894B
:106D230010E63A0B31EA110529C8214600833208DF
:106D33003A493A0731A44A45840BA4EF9CCF420554
:106D430039E631C810E631EA2169530E8CB4AD97A8
:106D5300CE9AD69BE71DE75E73D108A6192908C80A
:106D63001108110708E6116864322A6C5C135BF2A0
:106D7300118921EA090708C710E708C710C708C720
:106D8300192808A608A608A608A60865088608867E
:106D9300088508A610A6088500640064008408849A
:106DA300088400430043002308430843084308635F
:106DB300210531C8212539E831C7108218E40000C4
:106DC300000000000000000000000000002100009F
:106DD3000000002000000000000000000000000090
:106DE3000021008329C8320A1907218A1949216918
:106DF3001907216821474A8BCE7AD6DBC618C639D4
:106E0300A5567C1184734AAC21671926194721A919
:106E1300216910E708C61928110708C508C6110714
:106E230021683A2A3A0721434A66946DA50F6B6994
:106E330042253A47218610E619481949634FE75E10
:106E4300E73CDF1BBDD794D48CD463901107114862
:106E530011281127110621A72A2932AB11C82A6B41
:106E630053B032CD32AE11491969110808A608C7CB
:106E7300196910E700A608C710C710C710C708A6EE
:106E830008850886088508A600650044088508A5C6
:106E93000884004300430863002208630864004336
:106EA3001084296710A4002208A329661904190471
:106EB3000841000000000000000000000000000086
:106EC300000000000020000000000000000000207F
:106ED3000000000208C529C9110629AA10E81949AA
:106EE30021AA1928216831EA31C9B5D8C659C6186B
:106EF300AD7684527C315B2D4A8C320A426C3A6CFB
:106F030029EB2169194908C708A608E708C611082B
:106F13002189218931C93A28216339E473AA9CEF75
:106F2300A5315B29638C428A3A6B428D4A8DBDD968
:106F3300D6BBAD75C6379CF3214508A4008408E68B
:106F4300112708E73A4C42AC4B0D63D06C314B4EE2
:106F5300328B328B19A800E608E71969110829CB8F
:106F6300196900A608E7008600A608C708A608A6B0
:106F730008A610A610C610C608850065088508A5D2
:106F830008A50044004308A4004300430884088480
:106F9300004310C521260001002210A310C310A333
:106FA30010C3108300000000000000000000000078
:106FB30000000000000000200000000000000000AE
:106FC300000000010023110621A929EA29AA214969
:106FD3001949194929AA635073F1088494D4CE5AE4
:106FE300C639C6187BF0632D4A8B31EA4AAD6BB1C3
:106FF3004AEF1128110808C7008608E7006608E76A
:10700300196921AA218829A8194519234246632A07
:107013008C2F842E52C952EA52EB21A7426B31E9DD
:1070230094D5B5B7AD75D6DA7C50192529E83A6BF6
:1070330031EA11071949194921C942CD5B8FBE5A5B
:1070430084B263CF63CE32282187110700C6194962
:10705300428D218908A610E708A610E708A710C7E4
:1070630008A7088608A6006508A50085008510C640
:1070730008A60044088508A500430043006408846B
:1070830008440884088419060863004210E442296E
:107093002105108310A30000000000000000000081
:1070A300000000000000002000200000000000009D
:1070B3000000000000420043194729C91947190875
:1070C300192908C8194931EB63707C127BF1BDF8AB
:1070D300D69AD69ACE59A535634E636F4A8C8C7572
:1070E300428D21AA322C1949218A21AA08C710E806
:1070F300112811071128194729C829A63A485B0AFC
:107103004A47630B4228422752C942891104636EDE
:107113003A4A426B8CB3B5D7B5F77C5074507C9226
:1071230084B3428C21491929196A19691988532E84
:10713300CEFC94F48C7194D29D1394D4426C194870
:107143001127006410E608A508A5110710E708A693
:1071530010C708C708C710C7008508A608A600857A
:107163000885008508A60044006408850043086478
:10717300088410A510A5004318E60883086329872F
:107183004229298608822104000000000000000033
:10719300000000200000000000200020000000008C
:1071A3000000000000000041002229C919671147AF
:1071B3001948192908C7194931CB3A0B634FBE192E
:1071C300CE7ABDD79CF4B5B7AD976B6F4AAC31EAB5
:1071D30052EF19281107428D1128320B320C29EB7B
:1071E30008E71108110811274ACCADB77C105B2BB7
:1071F3005B0A9D128C508C506B8C6B8C7C2F5B4C80
:107203001925849373F15B2E4A8B530B7C70746F37
:10721300746F534D21681929216B218B1969194703
:1072230029C97C116B2E8C319CB39472528B2968C3
:10723300110708E631E931E9428B3A2A10E608A53D
:10724300088510E608A608A608A60086088608A6EC
:107253000085006508860045088500440885088583
:10726300088510A510A50884086318E510A410C4A8
:1072730031C821251905088331860021000000004B
:10728300002000000000000000000020002000009B
:107293000000000000000020000008A421A911063E
:1072A30021882169218A1929218A19483A4C5AEEE1
:1072B300AD97A535A535B5B7A535B5D852AC4A6C4C
:1072C30021272989192829AA1108110711281949E1
:1072D3003A4D1108192821891107ADB8F7FF9D34DC
:1072E30094B2BDF6C617A534947194D1636B634B06
:1072F30042885B2C9D553A29216631E752EB84B0D5
:107303005B6B63CD63AE1948218B192A196B19493D
:10731300196829A88C53AD36C5F99CB38C51420921
:107323001926216811073209424A6BD0636F3A4B21
:1073330010E6426C218910C610C608A608C608A626
:1073430008A60886088608860885088508A60044D6
:107353001907212808640864086408640884190567
:1073630021252986212510A30862318608620000A1
:1073730000000020000000000000000000000020CA
:1073830000000000000000000020004108A44ACDD6
:1073930029C929E921683A4C1948218921682168BA
:1073A3004AACBE1AAD9794D49D1584529CF54A8C71
:1073B3003A0B190710E710E7190810C729CB3A2C25
:1073C30031CB1108216A192919087C33E75EEF9E36
:1073D300E73DFFFFFFFFF75DD6BBA534632C4227D4
:1073E3004A8729C4638B63AC6BCD740E7C4F7C4F8F
:1073F30063CC4B0A7C91534E112721AB218B194A45
:107403001929216921486B908C337390632D9CF467
:107413009CF552ED218929891927216810E608A5D1
:1074230008C5216929A9110708C608A608A610C618
:1074330008A600850885006508A608A60064004420
:1074430010C631A910A5004408A510C50884002260
:10745300088318E5212508A310A30862214518C451
:1074630000000000000000200000084000000000B1
:10747300000000000000000000000040002110C5D3
:10748300532F4AED320A19482169196821A9112796
:10749300192729C9A557AD988473636F52ED6BB053
:1074A30073F1424C10E7190721692169218A1928D0
:1074B300424D1908192910E8422D5AEFD6DDF7DF9E
:1074C300FFFFFFFFF77DE6FCE6FCFFDFF79ECE59EB
:1074D30094D273ED4AA74AC85B2A5B4A532A42A84F
:1074E3004AC8532A5B6C7C71322A19A81148196A5D
:1074F300194A1949192819072148424B632F4A8B06
:107503007C31BE3973D0088410E610A608A610C6D5
:10751300110710E708A608C608A608A608A608A526
:1075230010C610E6190629A82147088400440885D7
:107533000064214810E600240864190631C9212695
:1075430008630042004210A308830883088321458F
:1075530021250000004100000000000000000000A1
:1075630000000000000000010001000000210001F4
:1075730019063A4C21A9218811071928194829CA43
:1075830011071927194829C95B4F3A0B192731CA23
:107593003A2B73D24ACE4AEF31EB192819481969AD
:1075A300214908C711071928110763508433BE19ED
:1075B300FFFFFFFFF7BEFFDEE6FCD69AEF7DF7DFA6
:1075C300F7BED6FBAD748CB1638C530A7C505B4B16
:1075D3003A673A47638B8CF15B6C322819A71167C2
:1075E3002189216919491928190721895B2F6BD131
:1075F30029E9532DC6BB636F088410C608C608A6C5
:1076030008C610E708A608C710C7088608A6088595
:10761300088410C52988634E73CF39E85B2E216730
:1076230008A508A40884216818E610C52988192626
:1076330010A5212610C40042088310A4086210C4B8
:10764300294529660000000000000000000000003A
:107653000000000000010001000100000000000024
:107663000021214829A919684AEE10E71928112792
:1076730011071948112811071968110721691928D9
:10768300426D31EB29CA52EF3A4D3A4C3A6D29CB50
:10769300218908E71127194908C710E74ACE6B90DB
:1076A3004AACC638E75DE71BEF5CEF5DEF5EFFFFBB
:1076B300B5F7634E7C10C67AC67A3A28216684925F
:1076C3008CB229C65B2B5B4B4AC94AA9428929E77D
:1076D30029E83A6B63B0426D21691948110708E73D
:1076E3001127112742AC7C7331E908A510E608A6DF
:1076F3001107008508A6088608A6088611072148F1
:10770300214810E629885AED73AF2986632D94D456
:1077130073D12988002321473A0A2168190610E505
:107723000864084308830884088310C4296710A3E6
:107733000862212529660000000000000000000007
:107743000000000000000000000000000000000036
:1077530000000021214729A942AD84B51927194802
:1077630010E700A508C6110810E7192810E811084A
:107773001929214929AB194910E811281108194879
:10778300196908E708E708E7110711071127110727
:107793004A8C8473634E94D3AD55D69AF79FFFFFFB
:1077A300CE9B636F31C929A8DF1EDF1E29A810E510
:1077B3004AAC6B8F530C9D146BAD1102216442884C
:1077C3005B4C3A684ACB6BF0847429CA1107194998
:1077D300192808E708C71949320B10C619071907F2
:1077E30010C7008610C708C708C608C6008410E67D
:1077F300190652ED73D110E53A0A5ACD4A6B7BF163
:107803008C9494D431C90064006408A5190610C58A
:107813000864006308840063086300430863214627
:10782300214608622125296600000021000000008E
:1078330000200020002000000000000000000000E5
:1078430000200000004121684ACDBE7BBE3A4A8C2D
:1078530031C91106322B6391530F3A2C10E710E80C
:1078630010E81929190821491108110810E711070F
:107873001107110711281128112808E71969112880
:10788300112729CA84737C126BAFBDF9C639C63A76
:10789300AD9852EE3A2B31CA216895168494298902
:1078A30010E6088552EE9D3673D03A2829C6216426
:1078B30031E642A85B4B530A6BCF7C7329CA196923
:1078C30019491128192911081108214910E710E74E
:1078D30008A708A6088608A608C608C608A5192783
:1078E3003A2B218819063A0A18E518C59CF58C73BA
:1078F30031A8632E634F216710E508A50884086447
:107903000884088408640043086308840863004308
:1079130010A4190510A32966318600000021000078
:1079230000200020000000200020000000000000D4
:10793300000000000000004119265B4FDF5EEFBF2F
:107943008452298821472168639094F66370424CDE
:1079530008A61948424D424D19081928190721480C
:1079630010E7110710E708C710E81108196919494A
:10797300110811281107190729894AAD84744A8C03
:107983004A8C29A9296919071928110710E710E753
:1079930021691908298A424D298910C5190611053B
:1079A300112429E652EA5B4A5B4B8CF2530E1948C9
:1079B300194910E8110810E810C810E810E819096F
:1079C30010E808C708A610E6192808A508A6088520
:1079D3002149424C31CA10C618E619062146422AEB
:1079E3007C117BD01905088310A50864086408A5D9
:1079F30008640884006408640063088408630863F7
:107A0300088418E531C82987294529450000000065
:107A13000000000000000000002000000000000043
:107A23000000000000200020006129884AAD9D5617
:107A3300EFDFAD97BE3A6B9018E629884A8C6370E6
:107A43009D166B91214831CA29893A0B29CA31CA3B
:107A53002168426C29C91928190831CB112811084A
:107A63001108194831EB216910E710C610C610C67A
:107A7300190710E62988320B21692189218929CA2E
:107A830021AA19691108190810C708A610E71107D8
:107A930010E6110508C33A685B6C742E84D25B6FE1
:107AA300198911081108190810E710C710E81908F7
:107AB3002169194811061926636F428B218829A869
:107AC30010E6008408A500230884006300432966A8
:107AD30018E42966632D4A8B10C5088410A5088510
:107AE300006408850885088500430063086308630C
:107AF30010A4086310C43A0931A7108210A300210F
:107B030000210841002100000020002000000000A7
:107B1300000100010000084100200041298821489C
:107B23006BB07C32634EAD98CE9BCE7B6B8F3A09A4
:107B3300632E6B6F94B49CF584538453634F424B11
:107B430073F152ED5B2E632F31C9634F4A8C216869
:107B53002168320A218829C919261906298931CAB7
:107B6300634F5B4F4ACC218729A9216910E711276D
:107B7300110708E7112808E71107110710E708A6FE
:107B8300110808E7090711262187532C6BEE95335B
:107B93002A09196721892169192711071108190869
:107BA300194829C93229324832064AC94AC9532BCE
:107BB3003A6829A610E33A2829A710E431C73A08FE
:107BC300424A18E452AB7BF14A6B3A0A18E6004486
:107BD30008650885088608650064006308840883CF
:107BE30010A40863086310C421252125084110A3AC
:107BF30000210000000000000000084008410021AF
:107C0300000100210001000000200020006229A9DA
:107C130019484ACE29C9634F3A2A6B6F8C73D6BC75
:107C23009CF58C73634E6B8FADB88C936B6F6BB09D
:107C33007C115B0D7C3273F17C32A577847394F5F0
:107C4300D6FD9D565B0E847332094A8B6B9094D597
:107C5300DF1EF7FFEFDF84732167320B192811272B
:107C630008E608E608E719691107110708C608A618
:107C730008A608C708C71107110708E629C87C9199
:107C83009D747C928CD4ADD88CF5428C21681948B4
:107C93002169218829E84B0A5B6B428742666BCCDA
:107CA30042A74AC95B6B6BED740D52E9428852EAF5
:107CB300636D73CF42493A0852CC10E50884190624
:107CC300004410A6088508650064086408840063FE
:107CD30008832126088308830863086310A400012E
:107CE3000882000000000000000000001061108105
:107CF3000020000000200000000000000000002120
:107D030029C911484AEE29A9428C214710C6216886
:107D130052CD73F1A578BE3A636F52CC73F14AAC7E
:107D23008C93424A424A7C324AAC5B2E8473636F23
:107D33005B2EAD978C94634F5B0D5B0D7C1194D4DC
:107D4300D6FD8CB494F67412110629A929AA110739
:107D5300194808E708C611281128110708E6112752
:107D630008A608E71107428D11071107110711260D
:107D730042AB7C717C50A575DF5D9D564AAC530EBA
:107D830031EA21A8114632284B0A4AE83A4542868D
:107D930063CB534A42C763AB63AA744D53087C6DEC
:107DA3006BCC530A532B5B2B31C7216508A310E51A
:107DB300192608840885086508650864086408842A
:107DC30010C508A4088408630042002208630863FE
:107DD30000010882002100000000000000200000D4
:107DE3000820000000200021000000000000000027
:107DF300006219681148428D1107110710E619280E
:107E0300192808C608C64AAD52EE4AAD2167218833
:107E13004A8C6BB18C94B5FA8C943A2B847452CD02
:107E23005B2E5B0E52CD2988424B84527C3173F119
:107E33008C938CB431EA31EA29C91948216910E7D6
:107E4300194810E708C608C708E71128110708E70B
:107E530008E608E708E61107218910C6110708A6F6
:107E630008E629C82187636D7C518CD3634E7C312E
:107E73007C526BF16BF042AA7C906BCC5B8A1982CB
:107E8300532984CF42C74AE742E7744C744C6C0BC6
:107E93006BEB63AB42883A4752EA5B6C5B4C196607
:107EA30008E4110508A4006310A5006408850064B4
:107EB3000044006400630043006308630863002216
:107EC30000420022086200000000000000000000E1
:107ED30000000000002000210021002000200000FD
:107EE30000000021218819694AEF29CA2189110755
:107EF30010E808C719491928110819081928214831
:107F03001928192752EFA57973F329AA10E719083D
:107F130010C7192819272148426C426B52CD2147BB
:107F23004AAC63701907192729AA194811071107C1
:107F33001948190710E7110708A621691969196972
:107F430008E708E608A608E7190810E710E708C7D6
:107F530008E6110629C931C93A0952CC634D7C316F
:107F6300638E00624ACBA595849163AC53296C0D53
:107F7300638B42A842A73A454AE763AA7C6D5349FB
:107F830063AB5B2A4AA8428829A53A2752EA428969
:107F9300320708C31965192510C4086300630884F0
:107FA30008A5088400640064006300630863086331
:107FB3000022004208630882002100000000000044
:107FC3000000082000000000000000000000002066
:107FD3000000000000211947114874544AAE1928C3
:107FE3001107192908A71929110808C71928216A8F
:107FF300192819291108216A216908A7110810E80D
:10800300190808A71929298A31CB29A921684AAD5A
:1080130029C952CE52EE1948216831EA21891948FB
:10802300110721692169194810C61107110710E6C4
:1080330008A510E610E610E708C608C6110710E702
:10804300110708C6110710C63A0B73D152AC10C4FE
:108053006B8F530C5B2D6BCF63AD95137C6F322607
:1080630052E97C4F5B6B3A464AC64B0742A55349DC
:10807300742D4AA83A47428852EA3A4729A53A2634
:10808300530A2A062A0721A629C63A0810E40883B8
:10809300088308840884006400640064006308841F
:1080A30000420042084210C408830021000000007F
:1080B300002000000000000000000020000000007D
:1080C300002000000000000119471989428D29CAC8
:1080D30010E711071108110810E808E708C700A600
:1080E300110808A710E819291108192919291108D5
:1080F300192919291109192931EC29CA21896BD2A6
:1081030073D24AAD5B0F3A0B192821AA3A2C29CA1C
:10811300110719473A2C5B51218A1107192810C6F8
:10812300192721881906110610C52167426B21887A
:1081330010E610E608C608C610E7088521683A0B62
:1081430010C508A42167C659E77D638D6BAE740E15
:1081530021645B2B6BCD740E3A264286740C848E9D
:108163007C6E73ED530A636C5B2B5B0B636C426732
:108173003A4731E529C529C52184218431C63A28E6
:1081830010C308A308A308840063006400630064A9
:10819300088400430842084210C40862002100001A
:1081A300000000000000000000000020002000206C
:1081B30000210000000000000001112621A921A9CF
:1081C30021A9192710E708C719691107110808E73A
:1081D30008E708C71969110811081929110819298D
:1081E30019491929192811081949194821AA3A2C9A
:1081F30031EA08A61928194819281128194829AA63
:108203001107112708E729CB428E52EF4A8D2148E7
:1082130019273A0A73F17C128452A5569D56CE9BB8
:108223009D56530D190608A508C6190710C62968D7
:1082330084548C94298819054AAB8451B6188491C7
:10824300740F3A2873EE8CB04267530973EDB5F49B
:10825300A5B48CD13A263A277C0E5B2B636C42473C
:1082630031C542683A47428829E5216331E52184D3
:1082730029C63A08190408A308830864088400631C
:10828300088408A400420042004210830041000019
:1082930000000000000000000000000000200000BB
:1082A30000000000000000000841000108C521A9EA
:1082B300218911281107218911282A0B218908E70F
:1082C300110708E71108194821AA29CA08C7110884
:1082D300218A194808E7194819484AEE4AEE3A4CE8
:1082E300218910E73A4C110729AA428D29AA194876
:1082F3001969194808E729AA31EB08C64ACE4A8DFD
:10830300192710E531C96B8F9D15DF1DFFFFF7FF9F
:10831300FFFFA5766BAF6BD07C53218808A51906A8
:1083230052ADA577C65B8C93298710C41905847158
:1083330094F373EF73EE8CB152C94A877C4F94F276
:10834300BE3784704AA942883A27634B5B2A634B42
:108353004268634B530A4AA83A2629C429A429C46C
:1083630029C529A44AA94AAA10C300620063086365
:108373000063088408A408630042004208620041C5
:10838300000000000000000000000020002000208A
:10839300000000000020000000000000002108A4ED
:1083A30029A91969112810E729CA21A921A921A9F5
:1083B30008E6110708E71128110729CB21AA11079D
:1083C300320B196811071948110721A93A4B3A6C66
:1083D300216919481948192821A931EB4ACD29CA1D
:1083E30029CA320B1928196929AA19281927298991
:1083F300426C10E610C531A8636EBE19B5B7B5D788
:10840300CE9A94D35B0C52EC73D05B0E29A93A2B12
:10841300426B9D36D6DC8C727BF1632D52AB7BF0C5
:108423007C108C9284705B0A6BAC31C44AC873EDC8
:10843300740F951352EA42895B2B52C93A275B0AA0
:1084430052EA638C5B2B4AA929E529C429C4322645
:1084530029C429A429C44A895B2B216608A308835C
:1084630008830063088308A308A30042004208426C
:108473000041000000000000000000000020000098
:1084830000000000002000000000000000000021A8
:1084930000632188218921AA19283A4D19481127F7
:1084A3005B501948196910E711081928192908C7D9
:1084B300192829CA10E708E6194808C61107110741
:1084C30031EB196931CB31EB216931EB19071927ED
:1084D3002169298929AA11281128110811071106D0
:1084E300298829A82167216773D0AD976B8F7BF10A
:1084F3007C11634E29A831C831E93A2A214831AAAF
:108503004A8C29A85B2D6B8F10C42987AD76D6BC06
:10851300B5B794B384718470740E42664AA7740D20
:1085230073CD84706BCE530A42893A484AA952EA02
:108533008CB1636C740E7C2F530A29A429C431E5D2
:1085430029C52163216329E54AC94AA92986190452
:1085530010C40883088310C410C400620042088357
:108563000862002100000841002000000000000014
:1085730000000000000000000000000000000021D7
:10858300000000222167196811281108192821AA5F
:1085930019481128218A216919491108110811085C
:1085A30008E7531029EB10E729AA112729AA2189E3
:1085B30019481108196931EB3A0C426D192808C69C
:1085C300194829AA2189214811071949298911071D
:1085D30008E508A4428C6BB09D36C65BB5B852ACB7
:1085E300424B29674A6C52CD3A0A216831A9214886
:1085F300190710E6216829A8216739E96B6F9D15D2
:108603006B8E9D14A5557BEF844F5B2A32056BCC93
:10861300848F742E638C95126BCD29E642893A2799
:108623004ACAADB6849184703A2631E529C429A497
:1086330029C529C41942192229C431E6298542488A
:1086430052CB214510E4190510C310A30882084238
:1086530010830882002100000000000000000000D9
:108663000000000000000000000000000000000007
:10867300002100000001192629C9112719481108F2
:1086830008C73A2C2169110811081929192910E87A
:108693001949110829CA29EB4A8D3A2C31EB3A2B97
:1086A300426D19081949216919073A4C3A2C4AAE07
:1086B30019271107194829A9298921884AAD5B502F
:1086C300428C4AAD320A29896BB18CB58C956B907B
:1086D300212731A9192752CE4A6C2968296810E647
:1086E300192731CA3A2B3A0A426C634F9D166B8F96
:1086F3003A092987AD968C9294D26B8D21643A07FF
:10870300426831E6638B5B4A9532744E29C54288D1
:1087130032274AA97C2FADB56BCD21A43206320690
:108723002164194321A42184218429C429C529A5AD
:108733006B6C632C424831A631A72145088208623D
:1087430008420883086200000000000000000000E7
:1087530000000000000000200020000000000000D6
:10876300000000210021000108A431EA1127194863
:1087730019490086218A298A31EB21AA10E7218A27
:10878300218A2169194819483A2C4AAD29CA4ACE87
:108793003A2C21491108214931EB218929A9426C3D
:1087A30019483A2B52EE320A21687C33849484733D
:1087B300428C4ACE5B50320B110708C610E710C635
:1087C30008A610E7212819072969192721683A0BF8
:1087D30031CA39EA424B31E929889D36B5F9ADB83A
:1087E3007C1152CC9D14A555845073CE4A8919230C
:1087F30031E63A48428832263A4632256C0D638B7D
:1088030029E631E629C55B4B740E29C531E529E517
:1088130029A4216421843A273206194329C53A271A
:1088230029A5634B4247298539E64A4931A618E40D
:10883300004100410882084200000020002000009F
:108843000000000000200020002000200800080095
:1088530000000020004100210021006329C91128E4
:1088630011071128194810C74AAE5B5119492169EC
:1088730008C608C6192821AA29CA29AA218921A913
:1088830052EF4AAE29CB218A29AA320B31EA216859
:1088930029C9428C3A4B322A4AAD3A4B4AAD52EE81
:1088A3003A4B216810E619082169110719081108C4
:1088B300192810E710C610E6110710E6190631EA69
:1088C3008453ADB87C113A4A216731E98494ADB839
:1088D3007C32426A73AFAD759D137BEE31C63A2786
:1088E3003A273206638C5B2B4AC832054AE83226A4
:1088F30029C44288532A1943530A6BCC3A263A6750
:10890300194329C552EA4AC931E6322619441102EC
:10891300192352C95B0A296329645288420731A685
:1089230029650862086210C3086200200000000085
:1089330000000000000000200020000000200000D4
:10894300080000000000002100210001002221A8EE
:10895300218908C71108110719283A0B320B196925
:1089630029CA08E710E7110729CA31EB110729EBD8
:10897300426D216929AA63724AAF1108218929AA84
:108983003A2B3A2B3A2B4ACD5B2F5B4F426C1106A5
:1089930029A9320A31EA31EA31EB31EB2189298AFB
:1089A300320C1928192810C61927194821884AADED
:1089B30052EE634FB5B89D353A4A7C328473110643
:1089C30011063A2A7C515B0CADB57C0F5AEA31C5CE
:1089D30031E529C53A473A273A2642874AE963AB44
:1089E30032262A0542A87C2E21A42183A573636B1A
:1089F300216331E65B2B638C4AC932273A4821A5B0
:108A030008C219233A2631C5214221224A4739C6D1
:108A1300316518E31083108210A3004100000000A9
:108A230000000000000000000020002000000020E3
:108A3300000008000000000000000020000000010A
:108A4300110629CA10E71108110810C729EB29CA12
:108A53003A6D4ACE42AD110711281948196921AA66
:108A6300192831EB3A2C110811081128110819693A
:108A73003A4D428D3A4C42AD3A4C428C4ACE29A9EA
:108A830010E708A62149320C426C426C322B530F7B
:108A930042AE29EB19481107196921A910E610E61E
:108AA3002168426B5B0E52CD5B0E31EA7C337C3323
:108AB300190710E61927634E6BAEAD756B8D4A88A7
:108AC300424729A421632163218429E521A43A672C
:108AD300324629E4324642C7532929A4428873CD3A
:108AE30029A529A54AC9638C52E93A47320629E6E2
:108AF30029C619442164298439E521223183420599
:108B030039C639C60841086210A308820000000074
:108B130000200020002000000000002000200000B2
:108B230000200000080000000020002100000020B9
:108B33000041006329C9196910E711071948194948
:108B4300428D4AAE29CA428E2189194819481949CA
:108B530029CB29CB21AA216A21AA110808E708A752
:108B630011281949110729AA428D29EA110708E793
:108B730008E608E7110810C819291948216829EAE5
:108B83005B4F63713A4C29AA218963B131EA2168A9
:108B930029A919272168637031EA2127296852CE50
:108BA3006B9110E710E610E619056BAF8CB273CE2C
:108BB3005B0A3A2629C4218329E529C4428742A8AE
:108BC300320542A85B6A42A721C43A4611223A47BA
:108BD3003206192321643A273A273A2629C52184E4
:108BE30031E631E6424731C531C531833163316303
:108BF30039A442072945084110A31082004100000F
:108C030000200841000000000000000008210021AE
:108C130000000020000000000000002100200020D0
:108C2300000000200042218829AA110810E71948F2
:108C330031EB29CB4AAE320C10E7194931EB320B39
:108C4300214808C6216921AA112811281108322BAD
:108C530042AE21AA218921891107196929CA194814
:108C630008E708E7110711281928110819082169CD
:108C730031EB2189426D6391320B29CA52EE42AC2A
:108C830029C929A929C921483A0B31EA3A0A29A94C
:108C93003A2B52EE18E729A9192710A442496BAEC3
:108CA3006BAD31E542A7322521C432263205322687
:108CB30032253A6753296C0D8D11322619631963D6
:108CC30029E53A4621A42184218529C631E529A431
:108CD3002184216429A5528939E539C5398329229B
:108CE300316441C639A62104084108620882002183
:108CF3000000000000000000002000000000000150
:108D03000000000000000000000000000000000060
:108D13000000002000200041110629AA216910E764
:108D2300192829CA21AA216929AA11081928192849
:108D3300216929AA10E71928218A29CA21AA320BF5
:108D4300322B42AE29EA196919691969196911287F
:108D5300110811081108110711071128110810E74C
:108D63002149216929CA216929CA426C424B29A98F
:108D730029C931EA31EA29A93A0B29AA10E721685E
:108D83003A4B4AAD5B4F10C629A919063A09298601
:108D930073CE4A8819023205320519A32A2629E51A
:108DA30021A421C44B0942C86BED8CF1322629E57D
:108DB30029E519635B4A3A4721A53207322729C5BA
:108DC30021841943214452CA528841C54205314284
:108DD3003123398541C7316610A3004108620881F8
:108DE3000020000000000000002000200000000020
:108DF3000000000000000000000000200000000050
:108E03000000000000000020002108832989218A36
:108E1300110808A610E7112819493A4D320B11071A
:108E2300008529A9428D31CA112800A61108322CC8
:108E33003A6D320B29AA110719491969110808C794
:108E4300192911281108110811281128194819691D
:108E530019281108112842AD3A2B29A921481927AD
:108E6300426B3A4B3A2B3A4B218929A931EB31CA50
:108E73003A2B530F31EA5B5021481906298873D0E6
:108E83007C305B2B52EA3A462183218329E42A056D
:108E930029A4216329E53A67322663AC3A4729C5F9
:108EA3003A2731E529E5428729E521C519652A06CF
:108EB3005B8C3A4719034A8952CA41E639A45246A0
:108EC3003122398441A6398618C4084100410882F9
:108ED300002000000000000000000000000000006F
:108EE300000000000000000000000000000000007F
:108EF30000000821000000000000002100421927A3
:108F030029AA1128110808C708C708E7194929CA57
:108F13001948194808C63A4C6BB2428E29CA218AAD
:108F2300110708C608C6110711281128194919493C
:108F330019491128192911281108110810E71108D6
:108F430019692169218910E708E6426C4ACD6370EB
:108F53005B2F426C4A8C5B2F5B4F4ACD5B504ACEF2
:108F6300424C29CA530F426D4A8D3A0A19266B8F18
:108F730084328CB26B8D6B8C52E9320529C529A4DE
:108F8300320529C4194229E5428829C5530A29C54E
:108F9300320629C5426729A55B2A42A929E621A5EC
:108FA30021C54B0A6BCD4248632B2923398449E4FD
:108FB300524528E03984398520E40842084210A349
:108FC30008A2002000000000002000200020002054
:108FD300000000000000000000000000002000006E
:108FE30000000000000000000840002000200001F5
:108FF30008A429CA10E7110808E71969196919486B
:1090030010E708E6110729CA1107110731CB31EB25
:10901300196919691928110808E708E708E708C753
:1090230008E7192911281128110811281949194885
:10903300110708E711071128112700A529C9322AAA
:1090430063909D578CB473F16BB17C536BD15B4FC1
:109053003A0B29A929A9426C426D10E7428C08A456
:109063003A2A4A6B31C7634C5B0A632B4A8931E660
:10907300218429C521841963218431E629A411029D
:10908300636C5B2B21434AA952EA95139D744AEA08
:1090930021C529E532475B4B31E639E6398541A4E1
:1090A3004A0449E3312149E541C618A3002200429D
:1090B30008820020002000000000000000000000E3
:1090C300000000000000000000000020000000007D
:1090D3000000000100000000000008410020000023
:1090E30000000022214829CA10E71108112808E7C7
:1090F3001948196921AA10C64AAE5B30428D3A2C31
:109103003A2C320C218A3A6D218911081949112808
:10911300110808E810E810E811281949194811281E
:10912300110711081128194911281928112708C6F0
:1091330019471927320A3A2B218831EA428C31EA3E
:10914300192729CA29892168214829AA10E729CA88
:10915300192731C939E92105212552AA52A96B8D55
:1091630042282985216419421102196329C54288BD
:10917300638C5B0A847042685B2B7C0F8CD2849176
:1091830042894AC83A673A474247190339A539A57C
:1091930049E54A0441C339624A0639C610630022CD
:1091A3000842088200200020000000200020000068
:1091B300000000000000000000000000002000008C
:1091C300000000000021000000000000002000203B
:1091D300000000000001088431EB1928110808E79A
:1091E30008C711281949110810E71928320B426DD5
:1091F3003A0C31EB29CA2169110810E719282169B2
:10920300218A110808A710E81108110810E808E7D7
:1092130008C708E7110711281108192821692169CE
:109223002169216929A919482148190721281928E1
:109233003A2C298A192831CB190718E710E819099C
:1092430008C7110831AA6B70422A31A7528A738D5D
:109253006B6D4A894AA929E511421122194329C58F
:109263003A47638B3206636B6BAD31E752CB73CFF7
:109273004A8939E642673A054AA83184318441C5AF
:10928300522649E45225418239A341E63166084218
:1092930008630842002100000000000000000000F5
:1092A30000000000000000000000000000000000BB
:1092B300000000200000000000000001000000008A
:1092C3000020000000000001000219273A4C11079A
:1092D30008C71108112908C71949218A110810E87C
:1092E30019281908194908A608C7110800451108C3
:1092F300110811081928218A19491929112819282F
:109303001948112811281928192819281108110892
:1093130008A61928216919281927190718E710E73A
:10932300298918E7190708A618E710A60065088712
:1093330010C810E810E808A73A0C6B704A6B420992
:1093430062EC6B4C5B0B52C929C5198321A42183A1
:1093530029C529C53205320542873A475B2B7C3044
:10936300634D424839E639E5420552A74A464A0663
:1093730041C45205522549C341A33142294418E34C
:10938300002210A40862000000000000000000009A
:1093930000000000000000000000000000000000CA
:1093A300002000200000000000000000000000007A
:1093B30000000020002000210862004200633A4CB4
:1093C30029CA0086194929EC11091109214A1909E9
:1093D3001929298A1929320B216921691107216960
:1093E30011081948192819081108194829CB31EB14
:1093F300320B1948110711071107194829CA426C82
:10940300320B3A0B31EA3A2B29A92988422B31C96D
:10941300422B31EA31C921682968192710E708C6A8
:1094230008A6192810E808A7088610C76B7131A988
:10943300086339C8634D632C5AEA52C931E529A43C
:109443001942218431E531E5322542873A46530AF0
:109453009D3352CA6B8C630A42265AA76AE85A861E
:1094630041A35A255A464183396239A431842124C0
:1094730000210021108300210000000000000000F3
:109483000000000000000020084108410000000027
:1094930000000000000000000000000000000000C9
:1094A3000000000000000000000000200000000198
:1094B30019264ACD216900A61108216B08A808873F
:1094C300298B192929AB10C731EB3A0C2169216982
:1094D300192831EB29CB2169216911081928216940
:1094E300110729AA424C29CA2189194819482188F8
:1094F3003A0B424C634F6BB16B905AEE52CD5AEE1E
:1095030073D173F152CD422B4A6C4A6C5B2F52EFED
:10951300320B31CA31AA192810C710C70886422C4A
:109523003A0B10C621064A8A5B0B4A475B0A634A19
:1095330052C82163424729A431E54AC8532A42A8A5
:109543004AC96BCD52E95B2A632A4A465AA7628706
:1095530049C451E462865A25418341A4398439E7D9
:1095630010C30021004200210000000000000000A1
:1095730000000000000000000000002000000000C8
:10958300082100200000000000200020002000200F
:1095930000000000000008610841000000200000F6
:1095A3000001088331E96BB12148008610E81909ED
:1095B3000067216A216A10E8298A08A71908216926
:1095C300216921692169214929CA298A31CA214985
:1095D30029CA31CA1948218931CA3A2B31EA320BD7
:1095E30029A9190729683A0B5AEE637073F2632F9E
:1095F30052AD422B632F6B904A6C3A0A31C93A0B36
:109603004ACE31EB3A2B216818E74A8D31AA086517
:1096130021692169214808A452CB73CD5AE9420537
:10962300526762E9738C5AEA31C531C5426742A871
:10963300428721A33A87638B4A873A054A264A26FB
:109643006286624549A249A35A453122396431A54C
:109653001904002100620882002000210821000073
:1096630000000000000000000000000000000000F7
:10967300000008410020000000000020002000201E
:109683000000000000000000084108410000002025
:1096930000000021000108A4634F849510E708A788
:1096A300216A10C808A710C719081909190810C793
:1096B30010C7192829AA216919082169192831CB4A
:1096C3003A0B4A8D5B1031CA29CA19273A2B6350CA
:1096D30063706350637052CE422B424B5B2F7C12FC
:1096E3008C7494D594D58C746BB07BF273D152ADDA
:1096F300426C4AAE4AAE29A931EA294831AA4A6DD9
:1097030021481948112808C610C55B2D94B17BCC9C
:109713007BAC736B736B6B0A5A8852684A6821235C
:1097230031E54AC842A7428629E4298331C439C4B2
:1097330052676AC849C341A25A4549E4398431850D
:1097430020E300410021088208820021000000007C
:10975300082100200000000000000000000000209D
:1097630000200000000000000000000000000000D6
:1097730000000000002000000000000000000000C6
:109783000000000000000001002110E59D377C135C
:1097930008852169298A004510C7212931CB31CB9E
:1097A300298A19082169218A31CB3A0C218A1107A8
:1097B30019082189190729AA3A2C320B4A8D4A8D97
:1097C300424C6B917C127C338CB58C94847373D133
:1097D30073F173D16B905B2F5B2F426C3A2B424B2F
:1097E30052CD426C29CA320B4A8C52CD52AD4A6CCF
:1097F3004A8D192810E708A608C710C608634A4906
:10980300630B734CA4D18C0E734B52276B0B41E645
:10981300420639E542474AC842663A2531C429839C
:109823004205524652254183520541C441A539A5FB
:1098330021040862002110C310A3002100000000CE
:1098430000000000000000000000002000000020D5
:1098530000200000000000000000000000000000E5
:1098630000000000000000200000000000000000D5
:10987300000000200000002000210000002231C869
:10988300BE1A73F208C63A4C2169004510E819085C
:1098930029AB29AB1929190829AA4A8E216929ABB1
:1098A30031EB4A8E320B3A4C31EB428D4A8D3A2CD6
:1098B30029CA426D52EE6350635073D16B91426C6F
:1098C3005B0F73D273F26B704A8D31EA424C4AAD2F
:1098D3003A2B3A0B3A4B29CA10E631CA424B426B38
:1098E300426B424C31EB10E710E710E708A619066C
:1098F30018C518C429257B8EA4D283AD8BEE838C27
:1099030062A84A2739C529434206424642263A05F8
:109913003A0542054A46398349E44A2641E541E688
:1099230018E30862086210A310C408620000000074
:1099330000210020000000000000000000000000E3
:1099430000000000000000000000000000200020D4
:1099530000200000000000000000000000000000E4
:109963000000002000200000000000000021002172
:1099730000634A8BCEBD9D3729A93A2C29AA0886B4
:1099830010C8088731CC214A18E83A0C3A2D424DC9
:1099930052AF52EF3A2C31CB424D4AAE3A2C52CE13
:1099A3004A8D5AEF4A8E5B0F5B3031EB214918E742
:1099B30010E710E721482989426D52AE52AE3A4C66
:1099C3003A0B426D52EF5B0F426C214821282989E3
:1099D30031EA3A2B2189192810E710C718E718E64E
:1099E30018E721072948210608215AAAAD127B6BE3
:1099F300A4D09C4E41C531232923420631A539E524
:109A03004A675287422541E441C44A05318441E60D
:109A13002104084108622946294508620000000024
:109A23000000000000000020000000000000000013
:109A33000000000000000000000000000000000023
:109A430000000000000000000020000000000000F3
:109A530000000000000000200000000000000000E3
:109A6300002108830063634ECEBCB5D94A8C6B9149
:109A7300426D08A710C808A81909296A633121494A
:109A8300298A31CB1908424D424D2149296A21497E
:109A9300298A192821491908298A31EB3A0C3A2DC8
:109AA300216908A6088610A708A70886006610C7BC
:109AB30010C710E708A6088608C710C6212819078B
:109AC30008A611071107110708A608A60886088526
:109AD300088618C718E710A610A5108339A6AD137A
:109AE3007B8BB5518C0C7B6B3143314439A641E6FA
:109AF30039C54A676309420539E439C541E65ACA9B
:109B030031851904296539E83A08108200000021DB
:109B13000000000000210000000000000000000021
:109B230000000000000000200000000000000020F2
:109B330000200020000000200020000000000000A2
:109B430000000000000000000000000000000020F2
:109B5300000000010021004210C45B2ECEBCBE3ABF
:109B63004AAD6B71298A10A719090887088721292B
:109B730029AB39EC214A3A2D296B214A298B3A0D1D
:109B8300216A29CB21AB29CB3A4D194921691949BE
:109B9300194921691929298A214A216A216A1949FE
:109BA3002149192908A708A608A6008608A608853A
:109BB300008508A610C600850086008608860886EC
:109BC30008A608860865004400651085082341C877
:109BD300B5547B8B9C6E73495A6720C1398539A56F
:109BE3004A26318339E44A6639E539C5630B7BEF8D
:109BF3004A6918C329455ACB52CB18C30000000049
:109C03000000000000000000000000000000000051
:109C13000000000000000000000000000000000041
:109C230000000020002000200020000000000000B1
:109C33000000000000000000000000000000000021
:109C430000000020002100000021004218E4634EC0
:109C5300CE9BC65B52EE4A8D296A00251909192944
:109C63000066190931CC29AB190910A810A810C82E
:109C73001909298B192910E811081108216A10E71D
:109C83001948194829AA21691929110819291929D3
:109C930010E810E8216A2169216910E7110710E72C
:109CA30008C6006500650045088608A608860066A4
:109CB3000045006508650045086510A608640802AC
:109CC3005209B51383CC73497B8A3143316439A577
:109CD300318439A431A339E421423A056B8C738E64
:109CE3003186086208624229630C210400000000E7
:109CF3000000000000000000000000000000000061
:109D03000000000000000000000000000000000050
:109D13000000000000000000000000000000000040
:109D230000200000000000000000002000000000F0
:109D33000862000000000021000000200021004113
:109D430021668472BE3AD6BD8C9452EE29AA10E7DE
:109D530008C810C910E910A818E810C810E810E8DE
:109D630010E8214918E810C72149298A3A0D428E83
:109D73004AAE4AAE29CA29CA3A0B31CA426D3A0CD5
:109D830031CB29CA31CB216929AA424D31CB298A4A
:109D93003A2C31CB214810E7006508860886004538
:109DA30000450065006500650064004400440864E4
:109DB30018A39C50A4B08C0D83CC62C9314441C616
:109DC300314441E639C431A331A3296252C9630B3B
:109DD30031A6000010824A6A5AEC2145002008414E
:109DE3000000000000000000000000000000000070
:109DF3000000002000200000000000000000000020
:109E0300000000000000000000000000000000004F
:109E1300002000200000000000200020002000009F
:109E2300000000210001002100000000002000418B
:109E33000041004129879CF5A557DF3ECEBC6BB09E
:109E430029AA008710E9008708A808A810E8298A2A
:109E53003A2C21481907212819081086298A29AA8A
:109E63003A0C29AA11060023008510E610C60065E6
:109E730008A610A6212810C608A60885088500652F
:109E8300006508A610E7298A29AA192808860086EA
:109E930000450004006500440023004408440864AE
:109EA30008433124BD53942E8BED62C929023144FA
:109EB300292441C641E639C431A33A0439E539E6D8
:109EC3004208296518E452CB5ACB214500000841CA
:109ED300000000000000000000000000000000007F
:109EE300000000000000002000000000000000004F
:109EF30000000020000000000020084100200000B6
:109F0300000000000000000000000020000000002E
:109F1300000000000000002100000000000000001D
:109F2300002000200021002131C8843273D0DF3E9D
:109F3300EFBF94D51927004508A708A71109218A5F
:109F430010E76BB1A5575B0E18E6190721282169A5
:109F5300192721273A2B424C4A6C4A8C3A0A3A2B4E
:109F63005B0E4A8C4A6C4A8D426C31CA31EA2169D4
:109F730010E710C7088600250024002508860886F8
:109F830010C710E710C6004408850864002308645E
:109F9300086300006AEAACB06AE87B6B4A053123C8
:109FA300398539A5420631643183528742463A06E0
:109FB30042076B4D528A4A6A52AB210400210000CA
:109FC300000000000000000000000000000000008E
:109FD300000000200000000000200000000000003E
:109FE30000000000000000000000002008410020E5
:109FF300000000000000000000000000002000003E
:10A0030000000000002000210000000000200000EC
:10A0130000000020002000210021002129874AACF4
:10A023003A2AD6DDEFBFC65B5B0E08C6110708C729
:10A0330029CA31EB7BF28473A5378473424B19072A
:10A0430039EA6B909D16CE9CBE1A8CB473F284537E
:10A0530084737BF273B1637052ED52AD5AEE4A6D65
:10A063002148214810C610A710A708860866006576
:10A07300008500650886212831EA18E60022084396
:10A08300086300222904A4909C4E6287628749E5F5
:10A0930041C54A27524841E64A477BCD4246296398
:10A0A3002965422842295AEC5ACB21250021002058
:10A0B300002100000021000000000000000000005B
:10A0C300000000000020000000200020002000000D
:10A0D300000000000000000000200020002000001D
:10A0E30000000000002000200020000000000020ED
:10A0F300002000000020002000000020002000209D
:10A103000000084108210000002100000021002276
:10A11300190521472148A557F7FFE75F94B45B2E44
:10A12300190610E6192729A97C128C948C938C9319
:10A133006BB04A8C4AAC6BB18CB5B5B994B573D1DD
:10A1430052CD3A0A3A2A6B9084536B70632F5AEEBE
:10A15300298931AA2989216910C710A708A608A649
:10A16300088608C600850085004421474A8C39E9E2
:10A173000042086208426B2CACB15A4649C45226CD
:10A183005A874A055AA862E96B4B7C0E3A0621238B
:10A193002965190418E44A49632D21040000084184
:10A1A30000000000000000000000000000000000AC
:10A1B300000000000000000000000000000000009C
:10A1C300000000000000000000000000000000008C
:10A1D30000000000002000200020084100200000B3
:10A1E300000000000000002000200000002000000C
:10A1F3000841000100210000084200010021002164
:10A20300002100421906214810E66B90DF1DFFFF75
:10A21300D6BB632D08631926214752EE6BB12987FC
:10A22300426A634E3A2A29A852AD52CD3A0A4A8C61
:10A233003A0A634F3A09422A7BF1636F426B426CDD
:10A243003A0B4AAE426D31EB298A190810A710C7A1
:10A2530008A60886088508A608A510E6006300631B
:10A263006B6E39E8000020E49C916ACA626749A4D6
:10A273004A054A0439C35266528752A831C518E2C7
:10A2830039E72125000031C7630C190400000000E1
:10A29300000000210000000000000000000000009A
:10A2A30000000000000000000000000000000000AB
:10A2B300000000000000000000000000000000009B
:10A2C300000000000000002000000020000000202B
:10A2D30008410020000000200000000000200020B2
:10A2E30000000841000108210821000000000021AE
:10A2F30000000000000110A418E6296810E6296890
:10A303009CF5FFDFFFDFAD564A6B10C531E9A59819
:10A31300A5776BB0424B0023088518C631C939EACB
:10A3230031A9422A632E7BF17BF152CD5B0E5B0E8A
:10A3330031A931CA29AA10E71908110710C70886DD
:10A3430010A6088608A608C600A508C508A408A480
:10A3530010C410A3632D2124420894505227730A7A
:10A363005205316239824A45420431A32963088187
:10A37300088218E4002118E4528A10A200000000A9
:10A38300002000000000000000200000000000008A
:10A3930000000000000000000000000000000000BA
:10A3A30000000000000000000000000000000000AA
:10A3B300000000000020000000000000000000205A
:10A3C300000000000020000000000000002000202A
:10A3D3000020000000210001000008010800000027
:10A3E3000000000000210000002100010863214754
:10A3F300216810A552ACC63AFFFFE75E9D153A2AC5
:10A40300214673F1ADB8B5D96B9010A50002108544
:10A4130021274A6C8C538C946B6F6BB073D17BF296
:10A42300422B19274A8D0885006510C710C710E70E
:10A43300088508A610E60885006408C50084008323
:10A4430008A410E410C352CB73AE52A98C0F41A5DC
:10A453005A473984398339C431A339E529630880DC
:10A46300002000210862298631A70861000000004E
:10A4730000000020000000000000000000000000B9
:10A4830000000000000000000000000000000000C9
:10A493000000000000000000000000000020000099
:10A4A3000000002000000841002000000000000020
:10A4B30000200020000000000000002000200020F9
:10A4C3000000000000000020000000000020000049
:10A4D30000000000000000200000004100200021D7
:10A4E300004210E531C9194729888CB4DEFCEF9E80
:10A4F300EF9EAD764A8B42296B6FB5B8AD5662EDD0
:10A503002967296731A8632EB5D99CF552CC73B15D
:10A51300A55731C931CA2989086510A6088610C60E
:10A5230010A608A510C619064AAD6BB021880063B2
:10A5330010E5004210E419044A8A94B2842F736C24
:10A5430041E662C939A539C539C5318418E20060CD
:10A55300004010C3190431A71904000000200000B3
:10A5630000000000000000000000000000000000E8
:10A5730000000000000000000000000000000000D8
:10A5830000000000000000000000000000000020A8
:10A593000000002000200020084108410020002086
:10A5A300002000000841002000000020086108612D
:10A5B300000000210841002100000000000010817C
:10A5C3000861084100200000000000000060004016
:10A5D300002000200000006329A829C9218852CC4B
:10A5E30094D3CE59EF7DEF5DBDD8738F4A4A632D67
:10A5F300A51594B48C93632E3A098C73CE7B73B0F8
:10A603007C11BE1A3A0A31A910A510C6298918E788
:10A613002969216829882147214752ED636F2988D9
:10A623003A2A3A2919252986190473CFAD756B6D1A
:10A633003185630A6B2B4A2739C618E21081002043
:10A64300212431C729A7214510A3000000200020A1
:10A6530000200000000000000000000000000000D7
:10A6630000000000000000000000000000000000E7
:10A6730000000000000000200000000000000000B7
:10A683000020002000000000000000000000002067
:10A693000000000000000000000000200841084105
:10A6A300084100000000000100000000000000005D
:10A6B3001081084008410000000000200000000055
:10A6C30000000000002008610000002210C529A836
:10A6D300320931E852AB8410C5D7E6FBE6FBAD7512
:10A6E3007C307C317C316B4E73AF845252AB73AF91
:10A6F300632E7C11AD976B8F39E921272968214897
:10A703004A8C426C84537C11634E21460883004279
:10A713000063426B5B0D3A0810C36B6DAD756B6DD7
:10A7230052CA6B6D94715AEB4A4839E718E310A388
:10A73300294552AB39E808820000002000000020C0
:10A743000000000000000000000000000000000006
:10A7530000000000000000000000000000000000F6
:10A7630000000000000000000000000000000000E6
:10A773000000000000000020000000200020002056
:10A7830008410020002000000000000000200841D4
:10A7930000200020002000000000002000210020F5
:10A7A3000020002000000000000000200020000026
:10A7B3000000000000200020000000000021000134
:10A7C300002219053A095B2D73AF8C71B596CE79CA
:10A7D300DEDAC638B5F7BE18B5D79CF49D148410DD
:10A7E3006B8E52CB73AF9CF47C1121263A097BD13B
:10A7F3004A6B73B16B9094B39CF4424A31A82126FF
:10A8030008830862002110A310A329668C728C515F
:10A813008450A5139CF3949284106B6D42492125B7
:10A823002966318621250001000000000000000098
:10A8330000000000002000000000000000000000F5
:10A843000000000000000000000000000000000005
:10A8530000000000000000000000000000000000F5
:10A8630000000000000000000000000000000000E5
:10A873000000002000000000002000000020000075
:10A8830000200000000000000000000000000000A5
:10A893000000000000000000000000200020000075
:10A8A3000000000000010001002100000021002041
:10A8B3000020002100010000190552AB7C109D14FB
:10A8C300AD969D14B5B7C639CE59C638D6BAC63873
:10A8D300B5B6C618BDF894D3B5B7BDF87BD0424A18
:10A8E300AD56949394D4632E6B6E94B352CB3A09C2
:10A8F300298752AB5AED52AB52AB73CF8C929492E1
:10A903008C7194B284308410632D52AB39C831C733
:10A91300212518E408620000000000010000000087
:10A9230008200820106108610000000000000020DA
:10A933000000000000000000000000000000000014
:10A943000000000000000000000000000000000004
:10A9530000000000000000000000000000200000D4
:10A963000000000000000020000000200000002084
:10A97300000000200000000000000000000008416B
:10A9830000210000084100210841002100000000CF
:10A99300000000210001000100010000002100204F
:10A9A3000000002000000020000000000042088397
:10A9B30032086B8F8C9294B3AD55A534A534AD7525
:10A9C300C618D69ACE79CE59CE59BDF8B596AD569E
:10A9D30084516B8F4229424A6B6F73AF843194D396
:10A9E3008C72630D7BCF94B394B39CF494928C518B
:10A9F3007BCF73CE4A8A31A62965210510A418C4DA
:10AA03001082002100000841000000010000000046
:10AA130000000000000008210000000000000020EA
:10AA23000020000000000000000000000000000003
:10AA33000000000000000000000000000000000013
:10AA43000000000000000000000000000000000003
:10AA53000000002000200020000000000020000073
:10AA6300000000000000000000000020002008415A
:10AA730010A20020002010820020002000200000EF
:10AA830000000020000000000000000000000000A3
:10AA9300002008410020000000000000000000002A
:10AAA300000000000021210452AB7BF0A514AD553A
:10AAB300A514A535AD55AD55BDD8BDD8BDF8B5B7B1
:10AAC300AD977C1131C80883088331A76B8E8451FD
:10AAD3008C7294B294B384518C928C9284518C92E4
:10AAE3008C9284315B0C4A8A3A08296618C308623F
:10AAF30000200000000000000000000008410020CA
:10AB03000000000000000000000000000000000042
:10AB13000000000000000000000000000000000032
:10AB23000000000000000000000000000000000022
:10AB33000000000000000000000000000000000012
:10AB430000000000000000200000000000000020C2
:10AB53000020002000200000000000200020000052
:10AB63000000002000200020002000000000000062
:10AB73000000000000200841002000200020000009
:10AB830000000000000000000000002000000000A2
:10AB9300000000000020000000000001002121044B
:10ABA30042296B4D84318C729492AD55BDD7BDF85B
:10ABB300C639A51573CF4229086319055AEC845188
:10ABC3009D149D149CF39CF494D394B384318C71A1
:10ABD3007C106B8E5AEC39E8214510A2000000204E
:10ABE3000000000000000000000000000000000062
:10ABF3000000000000000000000000000000000052
:10AC03000000000000000000000000000000000041
:10AC13000000000000000000000000000000000031
:10AC23000000000000000000000000000000000021
:10AC330000000000000000000000002000000000F1
:10AC43000000002000200000000000200020002061
:10AC53000000002000000020002000000020002051
:10AC63000000002000000000084100200000000058
:10AC73000841002000000000000000000000000068
:10AC830000000000000000000000000000010000C0
:10AC9300000000000000086220E431A7528A632C00
:10ACA3007BCF8C517BCF7BF07BF06B6E7BF094B3CF
:10ACB30094B39CD38C9284107BCF634D52AB4229C7
:10ACC300318618E408610020000000000000000045
:10ACD3000000000000000000000000000000000071
:10ACE3000000000000000000000000000000000061
:10ACF3000000000000000000000000000000000051
:10AD03000000000000000000000000000000000040
:10AD13000000000000000000000000000000000030
:10AD230000000000000000000000002000200000E0
:10AD33000000002000200000000000000020002090
:10AD430000000000002000000000000000000020C0
:10AD530000000000000000000000000000000000F0
:10AD63000000002000000000000000000020002080
:10AD730000200000000000000000000000000000B0
:10AD8300000000210021002100000000000000005D
:10AD9300002000210021088210C3210529662146D5
:10ADA3001905210418E310C310A310820021000029
:10ADB3000000002000000000000000200000000050
:10ADC3000020000000000000000000000000000060
:10ADD3000000000000000000000000000000000070
:10ADE3000000000000000020000000000000000040
:10ADF3000000000000000000000000000000000050
:10AE0300000000000000000000000000000000003F
:10AE130000000000000000000000000000200020EF
:10AE23000020000008410020000000200020002036
:10AE330000000000000000200020000000000020AF
:10AE430000200000002000000000000000000000BF
:10AE530000000000000000200000000000000000CF
:10AE630000000000000000000000000000000000DF
:10AE730000000000000000000000000000000020AF
:10AE8300000000200000000000000000000000217E
:10AE9300000000210000000000000000000000008E
:10AEA300000000000000000000000000000000009F
:10AEB300000000210000000000000000000000006E
:10AEC300000000000000000000000000000000007F
:10AED300000000000000000000000000000000006F
:10AEE300000000000000000000000000000000005F
:10AEF300000000000000000000000000000000004F
:10AF030000000000000000000020000000000020FE
:10AF13000020002000000841002000000020002045
:10AF230000200000000000200000002000000000BE
:10AF33000841000000000020002000200020000045
:10AF43000000000000000021084100200000000074
:10AF530000000000000000000000002000200000AE
:10AF630000000000000000000000002000000000BE
:10AF7300000000000000002000000000000100218C
:10AF83000000000008410020002000200000000015
:10AF9300002000000000000000000000000000206E
:10AFA300000000000000002000000000000000007E
:10AFB300002000000000000000000000000000006E
:10AFC300000000000000000000000000000000007E
:10AFD300000000000000000000000000000000006E
:10AFE300000000000000000000000000000000005E
:10AFF300000000000000000000000020000000002E
:10B0030000000020002000200000000000000000DD
:10B0130000200020002000000000000000200000AD
:10B0230000000020000000000000000000000000FD
:10B0330000000000002000000000002000200000AD
:10B0430000000000000000200000000000000000DD
:10B0530000000000000000200021000000000000AC
:10B06300000000200000000000000000000000209D
:10B07300000000000021002000000000000000008C
:10B0830000000000000000000000000000000000BD
:10B0930000000000000000000000000000000000AD
:10B0A300000000000000000000000000000000009D
:10B0B300000000000000002000000000000000006D
:10B0C300000000000000000000000000000000007D
:10B0D300000000000000000000000000000000006D
:10B0E300000000000000000000000000000000005D
:10B0F30000000000002000200020000000200020AD
:10B1030000000000000000000000000000200020FC
:10B113000020002008410020000000000020000063
:10B1230000000000000000000000000000200000FC
:10B1330000000000002000000000000000000000EC
:10B1430000000000000000000000000000000000FC
:10B1530000200000000000000000000000000000CC
:10B1630000000020000000000000000000000000BC
:10B1730000000000000000000000000000000000CC
:10B1830000000000000000000000000000000000BC
:10B19300000000000000000000200000000000008C
:10B1A300000000000000000000000000000000009C
:10B1B300000000000000000000000000000000008C
:10B1C300000000000000000000000000000000007C
:10B1D300000000000000000000000000000000006C
:10B1E300002000000000000000200020084108416A
:10B1F30008610000000000000000000000000000E3
:10B203000020002000000000002000000020108229
:10B2130000200000000000000000000000000020EB
:10B2230008410000000000200000000000000000B2
:10B2330000000000002100000000000000000000EA
:10B24300002000000000086108400000000000002A
:10B2530000000000000000000000000000000000EB
:10B2630000000000000000000000000000000000DB
:10B2730000000000000000000000000000000000CB
:10B2830000000000000000000000000000000000BB
:10B29300000000000000000000000000002000008B
:10B2A300000000000000000000000000000000207B
:10B2B3000020000000000000084100000000000022
:10B2C300000000000000000000000000000000007B
:10B2D300000000000000002F00000000070007002E
:10B2E30000147F147F1400242A7F2A12006264084A
:10B2F30013230036495522500000050300000000C7
:10B303001C224100000041221C000014083E0814C6
:10B313000008083E0808000000A0600000080808B4
:10B323000808000060600000002010080402003ECE
:10B333005149453E0000427F400000426151494669
:10B34300002141454B31001814127F100027454559
:10B353004539003C4A49493000017109050300366B
:10B363004949493600064949291E0000363600007E
:10B373000000563600000008142241000014141483
:10B38300141400004122140800020151090600327E
:10B393004959513E007C1211127C007F49494936BC
:10B3A300003E41414122007F4141221C007F494927
:10B3B3004941007F09090901003E4149497A007F5B
:10B3C3000808087F0000417F4100002040413F0101
:10B3D300007F08142241007F40404040007F020C60
:10B3E300027F007F0408107F003E4141413E007F01
:10B3F30009090906003E4151215E007F09192946CA
:10B403000046494949310001017F0101003F4040A5
:10B41300403F001F2040201F003F4038403F006353
:10B423001408146300070870080700615149454375
:10B4330000007F41410000552A552A550000414133
:10B443007F0000040201020400404040404000002D
:10B4530001020400002054545478007F48444438C7
:10B4630000384444442000384444487F003854544E
:10B47300541800087E0901020018A4A4A47C007FCC
:10B48300080404780000447D4000004080847D006F
:10B49300007F102844000000417F4000007C041816
:10B4A3000478007C0804047800384444443800FCE1
:10B4B300242424180018242418FC007C08040408FD
:10B4C30000485454542000043F444020003C404072
:10B4D300207C001C2040201C003C4030403C0044A9
:10B4E30028102844001CA0A0A07C004464544C44B1
:10B4F3001414141414141414141414141414141409
:10B5030014141414141414140004016D3F80000067
:10B513000004017100000000000401750000000038
:10B5230000040179000000000004017D0000000018
:10B5330000040181000000000004018500000000F8
:10B54300000401893F8000000004018D3F8000005A
:10B55300000401913F8000000004014C3F80000083
:10B56300000401503F80000000040154000000006B
:10B5730000040158000000000004015C000000000A
:10B5830000040160000000000004016400000000EA
:10B593000004016800000000000000002902100000
:10B5A30025BC518109079300FFFF75FFFE0D0017AE
:10B5B3000100000000000000000000003000170A36
:10B5C300000000000000000000000011020002085B
:10B5D300000810010100000000FF0002000000004D
:10B5E30000200B000002FF21000001000000008C7E
:10B5F300000038FF010027003400650700870501BC
:10B603006800C008380000000099C800030000006B
:10B6130000000207050606030002C7FFDB02000065
:10B6230001012125660020202020202025660020FE
:0EB6330020202020202566002020202020201E
:00000001FF
