:020000040800F2
:1000000030820120790200082D59000809400008BB
:10001000295900085D090008BBBA0008000000006B
:10002000000000000000000000000000516F000808
:10003000590E00080000000009030008697000085C
:10004000930200089302000893020008930200083C
:10005000930200089302000893020008930200082C
:10006000930200089302000893020008930200081C
:10007000930200089302000893020008930200080C
:1000800093020008930200089302000893020008FC
:1000900093020008930200089302000893020008EC
:1000A00093020008930200089302000893020008DC
:1000B00093020008B5A70008CDA700089302000826
:1000C00093020008930200089302000893020008BC
:1000D0009302000885B80008930200089302000804
:1000E000930200089302000893020008930200089C
:1000F000930200089302000893020008930200088C
:10010000930200083D6D0008930200089302000866
:10011000930200089302000893020008930200086B
:10012000930200089302000893020008930200085B
:10013000930200089302000893020008930200084B
:10014000930200089302000893020008930200083B
:10015000930200089302000893020008930200082B
:10016000930200089302000893020008930200081B
:10017000930200089302000893020008930200080B
:10018000930200089302000800F002F800F064F8FF
:100190000AA090E8000C82448344AAF10107DA45E2
:1001A00001D100F059F8AFF2090EBAE80F0013F0D0
:1001B000010F18BFFB1A43F001031847D467010071
:1001C000F46701000A444FF0000C10F8013B13F0F3
:1001D000070408BF10F8014B1D1108BF10F8015BA0
:1001E000641E05D010F8016B641E01F8016BF9D193
:1001F00013F0080F1EBF10F8014BAD1C0C1B09D1EA
:100200006D1E58BF01F801CBFAD505E014F8016B5B
:1002100001F8016B6D1EF9D59142D6D370470000ED
:100220000023002400250026103A28BF78C1FBD8FF
:10023000520728BF30C148BF0B607047642900F0E7
:10024000E180782900F01A81002070471FB512F074
:1002500026F91FBD10B510BD00F04EFB1146FFF78B
:10026000F5FF11F05BFA00F06CFB03B4FFF7F2FF4F
:1002700003BC11F043F800000948804709480047D3
:10028000FEE7FEE7FEE7FEE7FEE7FEE7FEE7FEE746
:10029000FEE7FEE704480549054A064B70470000A3
:1002A000797000088901000830780120308201202F
:1002B000307A0120307A0120EFF3108072B6704757
:1002C00080F310887047264C4FF6FF7525604FF07D
:1002D000000484F30988234C4FF001052570224C5B
:1002E0004FF08055256062B6FEE730B41E4C4FF0EB
:1002F0008055256030BC704730B41B4C4FF08055A2
:10030000256030BC704700BF72B6EFF3098050B172
:100310001EF0100F08BF20ED108A203880E8F00F83
:1003200012490968086000B5114880475DF804EB80
:10033000104811490A7802700C4810490A68026096
:10034000106890E8F00F20301EF0100F08BFB0ECDE
:10035000108A80F309884EF0040E62B6704700BF21
:1003600022ED00E0E600002004ED00E0EC000020BB
:1003700031620008DB000020DC000020F4000020D7
:10038000704700000FB4044910B503AA029800F0AA
:100390001DFA10BC5DF814FB740000202DE9F0413B
:1003A0000E460446002020622046E168884730B3AC
:1003B000252805D0D4E901219047206A401CF2E7A6
:1003C000E168204600278847050018D0A5F14100C4
:1003D000192802D820354FF40067324629462046B6
:1003E0002760FFF72BFF40B1012804D0F61D26F04F
:1003F00007060836D8E7361DD6E72846DAE7206A2A
:10040000BDE8F0812DE9F041064600241068752909
:10041000314616A510D0AFF30080002802DA404222
:1004200013A507E031688A0701D512A502E0490744
:1004300004D511A5012401E0AFF3008000210A22B8
:1004400006F1240709E0B0FBF2FCB0FBF2F302FB7B
:100450001C00303078541846491C0028F3D123463C
:100460002A463046BDE8F04100F057B900000000D0
:100470002D0000002B0000002000000070B5044695
:100480000D4621461068AFF300802188090502D58A
:100490000F4A7A4402E00E4A7A440E32002104F1F7
:1004A000240305E000F00F060009965D5E54491C28
:1004B0000028F7D120780023000704D5702D02D042
:1004C00009B1022311322046BDE8704000F025B981
:1004D0005664010040EA010310B59B070FD1042ABE
:1004E0000DD310C808C9121F9C42F8D020BA19BAFF
:1004F000884201D9012010BD4FF0FF3010BD1AB164
:10050000D30703D0521C07E0002010BD10F8013BB8
:1005100011F8014B1B1B07D110F8013B11F8014BDF
:100520001B1B01D1921EF1D1184610BD032A40F2C7
:10053000308010F0030C00F0158011F8013BBCF185
:10054000020F624498BF11F801CB00F8013B38BF9D
:1005500011F8013BA2F1040298BF00F801CB38BFAB
:1005600000F8013B11F0030300F06780083AC0F087
:10057000088051F8043B083A51F804CBA0E8081071
:10058000F5E7121D5CBF51F8043B40F8043BAFF3A4
:100590000080D20724BF11F8013B11F801CB48BFFE
:1005A00011F8012B24BF00F8013B00F801CB48BF34
:1005B00000F8012B7047431A28BF9A427FF6B6AF66
:1005C000032A1044114440F2268010F0030F1EBF8E
:1005D00011F8013D521E00F8013D10F0030F7FF4A9
:1005E000F6AF11F0030300F01681083AC0F00B805B
:1005F00051F8043D083A51F804CD40F8043D40F864
:1006000004CDFFF7F3BF121D5CBF51F8043D40F865
:10061000043DAFF30080D20724BF11F8013D11F86B
:1006200001CD48BF11F8012C24BF00F8013D00F8AE
:1006300001CD48BF00F8012C704710B5203AC0F03A
:100640000B80B1E81850203AA0E81850B1E81850D3
:10065000A0E81850BFF4F5AF5FEA027C24BFB1E810
:100660001850A0E8185044BF18C918C0BDE8104081
:100670005FEA827C24BF51F8043B40F8043B08BF8A
:100680007047D20728BF31F8023B48BF11F8012B51
:1006900028BF20F8023B48BF00F8012B704702F04A
:1006A000FF0343EA032242EA024200F0E0B84FF0BF
:1006B000000200B5134694469646203922BFA0E8B2
:1006C0000C50A0E80C50B1F12001BFF4F7AF0907BE
:1006D00028BFA0E80C5048BF0CC05DF804EB8900AF
:1006E00028BF40F8042B08BF704748BF20F8022BF2
:1006F00011F0804F18BF00F8012B7047704770470A
:100700007047704710B500F0D3F8006810BD10B501
:10071000044600F0CDF8046010BD2DE9F0470D4609
:1007200099469246044600F124080168880604D5DB
:10073000E06921F01001216000E00120A84201DD04
:10074000471B00E00027A1697A1902EB0900081A8B
:10075000A0612078C00602D42046AFF300800026B6
:1007600008E0D4E901211AF806009047206A401CED
:10077000761C20624E45F4DB2078C0060AD5204660
:10078000AFF3008006E0D4E9012130209047206AD1
:10079000401C2062381EA7F10107F4DC07E0D4E911
:1007A000012118F805009047206A401C2062281E8D
:1007B000A5F10105F3DC2046AFF3008020780006A8
:1007C00002D50220BDE8F0870120FBE7074B70B59A
:1007D0000D467B4400F075F80446284600F084F886
:1007E00010B14FF0FF3070BD204670BDBB0E010050
:1007F000431A28BF9A427FF620AF104410F0030F2F
:1008000011441EBF11F8013D521E00F8013D10F0C9
:10081000030F7FF4F6AF103AC0F00A8010B531E94B
:100820001850103A20E91850BFF4F9AFBDE8104055
:10083000530724BF31E9081020E9081044BF51F8DC
:10084000043D40F8043D12F0030F08BF7047D20783
:1008500028BF31F8023D48BF11F8012C28BF20F80D
:10086000023D48BF00F8012C70474FF000020429F8
:10087000C0F0128010F0030C3FF41BAFCCF1040C5D
:10088000BCF1020F18BF00F8012BA8BF20F8022B03
:10089000A1EB0C01FFF70DBF5FEAC17C24BF00F89C
:1008A000012B00F8012B48BF00F8012B7047000016
:1008B00000487047CC77012001694A1C0261087822
:1008C000704700B58FB0CDE9013100210591054990
:1008D0007944CDE9031011466846FFF75FFD0FB07C
:1008E00000BD0000E5FFFFFF007B00F080007047C7
:1008F00000487047CC7701207546FFF7F9FFAE46F8
:1009000005006946534620F00700854618B020B51B
:10091000FFF7C0FCBDE820404FF000064FF0000795
:100920004FF000084FF0000B21F00701AC46ACE897
:10093000C009ACE8C009ACE8C009ACE8C0098D4604
:10094000704710B50446AFF300802046BDE8104064
:10095000FFF78BBC002800DC4042704700BFFEE779
:1009600031B52DED068B82B0002400257448007847
:10097000401C73490870084600780A2190FBF1F288
:1009800001FB120018B16E4800780A287EDA0122B5
:1009900008A9002006F0AAF89DF8200000F01F002A
:1009A000002873D09DF8200000F01F0040F0C00028
:1009B000644981F82000002486E0624890F8200015
:1009C0000121A140084000287CD05F4931F8140083
:1009D000042201A906F08AF85A4890F8340000F081
:1009E0000100D0B39DF807109DF8062001EB02200E
:1009F00011F087F941EC190B9FED540B53EC102BC0
:100A000011F0E6F941EC180B11F04EF981B24D48A6
:100A1000163020F814109DF805109DF8042001EB05
:100A2000022011F06EF941EC1A0B9FED4A0B53ECCA
:100A3000102B11F0CDF941EC190B9FED480B53EC45
:100A4000102B11F0F9FA41EC180B11F02DF981B2CD
:100A50003C480C3020F8141034E0FFE79DF80710F4
:100A60009DF8062001EB022011F04BF941EC190B27
:100A70009FED360B53EC102B11F0AAF941EC180B3B
:100A800011F012F981B22F480C3000E02BE020F871
:100A900014109DF805109DF8042001EB022011F0C0
:100AA00030F941EC190B9FED2B0B53EC102B11F08F
:100AB0008FF941EC180B11F0F7F881B2214816308C
:100AC00020F81410601CC4B2052CFFF676AF012587
:100AD0001C48808920B91B48C08A08B900200890AA
:100AE0000020174908709DF8200000F01F00D0B9C1
:100AF000144890F8200000F0800040B1114890F8B0
:100B0000200020F080000F4981F820000BE04FF614
:100B1000FF700C498881C882084690F8200000F0D8
:100B2000E00081F8200006480078F02802DD0A2065
:100B300003490870284602B0BDEC068B38BD0000A2
:100B40000400002008000020683C01087B14AE4728
:100B5000E17AD43FD881734694F6D23F000000007A
:100B60000000894010B5052010F044FC10BD0000C5
:100B700010B500200F4908600F48006820F44000BD
:100B80000D4908600846006840F480000860FFF7DF
:100B9000E9FF00200949C1F8AC02FFF7E3FF01209B
:100BA00004490860FFF7DEFF00200549C1F8800214
:100BB00010BD00008082404200140240008042428A
:100BC000008040421CB50121222005F0FDFF0120DC
:100BD00000908DF8040003208DF8050000208DF8AA
:100BE000060001208DF807006946084800F002FD64
:100BF0004FF4006000906946054800F0FBFC0120BE
:100C0000044908600449C1F8AC021CBD000402405C
:100C100000140240808240420080424210B5002011
:100C20000F4908600F48006820F440000D49086033
:100C30000846006840F480000860FFF793FF012039
:100C40000949C1F8AC02FFF78DFF01200449086093
:100C5000FFF788FF00200549C1F8800210BD0000A1
:100C600080824042001402400080424200804042A4
:100C700070B5054600241448006820F4400012496D
:100C80000860084600680860002612E000200F494E
:100C900008601E2010F0AEFB01200D49C1F8800253
:100CA0006006040E0B48006808B1601CC4B2701CDA
:100CB000C6B2082EEADB15B9FFF7B0FF01E0FFF777
:100CC00057FF204670BD0000001402408082404261
:100CD000008040422C82424270B5044613480068AE
:100CE00020F44000114908600846006840F4800084
:100CF000086000200E490860FFF734FF002511E06E
:100D0000E0090C4908606006040E01200A49C1F898
:100D10008002FFF727FF002005490860FFF722FF48
:100D2000681CC5B2082DEBDB70BD0000001402404A
:100D300080824042AC8242420080404210B50F485F
:100D4000006820F440000D4908600846006840F43F
:100D50008000086001200A4908600A49C1F8800241
:100D6000142010F047FB002005490860FFF7FAFE49
:100D700000200449C1F8800210BD000000140240A8
:100D8000AC8242420080404210B50D48006820F419
:100D900040000B4908600846006840F48000086085
:100DA000012008490860142010F024FB00200649A7
:100DB000C1F8AC02FFF7D6FE01200449086010BD5F
:100DC000001402408082404200804242AC82424293
:100DD00010B500241148006820F440000F49086055
:100DE00008460068086001200D4908600D49C1F8F7
:100DF00080020AE0601CC4B2FA2C03DDFFF7C4FFD6
:100E0000012010BD012010F0F5FA05488038006877
:100E10000028EFD10449086000BFF2E70014024047
:100E2000AC8242420080404280824042014600BF84
:100E30000848006800F045000028F9D040F2FF5053
:100E4000044A121D10600348203800680822104030
:100E5000C0B27047342C014070472DE9F04306467C
:100E60000F469046002445460320A0EB48093CE08D
:100E70007A1B91B2321990B203F096FB3A1B91B2F1
:100E8000721990B203F090FB3A1991B2721990B2B4
:100E900003F08AFB7A1991B2321990B203F084FB05
:100EA0007A1991B2321B90B203F07EFB3A1991B2DB
:100EB000721B90B203F078FB7A1B91B2321B90B296
:100EC00003F072FB3A1B91B2721B90B203F06CFB01
:100ED000641CB9F1000F03DAA000801D814404E016
:100EE000601B80000A3081446D1EAC42C0DDBDE84D
:100EF000F083000051B18200A2F1C042126842F0BA
:100F000001038200A2F1C042136009E08200A2F155
:100F1000C0421268034B1A408300A3F1C0431A6019
:100F200070470000FEFF0F00D0E901121143C268B4
:100F30001143026911434269114382691143C26935
:100F40001143026A1143426A1143826A1143C26A21
:100F50001143026B114302689200A2F1C04211607A
:100F6000816808290BD101688900A1F1C041096895
:100F700041F0400201688900A1F1C0410A60416B63
:100F80000968426B526841EA0211426B926841EA79
:100F90000221426B928941EA0241426B128A41EA84
:100FA0000251426B127D41EA0261426B9269114328
:100FB0000268521C9200A2F1C0421160C16AB1F5F0
:100FC000804F1BD1816B0968826B526841EA021124
:100FD000826B926841EA0221826B128A41EA0251D5
:100FE000826B127D41EA0261826B92691143026851
:100FF0009200A2F1C042C2F8041107E06FF0704203
:1010000001688900A1F1C041C1F8042170471CB5F5
:101010000024019401AC009400F0E8F81CBD00002D
:101020002DE9FF4F83B0814606988A46A0EB0A0857
:10103000109E00200090A2EB09043568934654EA04
:10104000080018D02046FFF785FC07464046FFF70A
:1010500081FC87420BDA2046444680464846D1460A
:1010600082465846DDF818B0069001200090002C0A
:1010700007DD204606E007B04846BDE8F04F00F027
:101080003BB96042A0420AD04846D9466442C8F102
:10109000000883464FF0FF37DDF818A000E0012775
:1010A0005148B8F1000F11D004EBD4714FEA610B35
:1010B00001DACBF1000B4C480068807E88B3002F2A
:1010C00002DA30682044306000257BE00099002976
:1010D000016821D0897E11B10027804615E007B054
:1010E0005A4649465046BDE8F04F03F06FBA2846CD
:1010F0006D1C0FF069F838B9D8F8000009EB07014A
:10110000C06E4268504690477F1CA742EFDD6D1EBF
:10111000356007B0BDE8F08F8A7E1AB1002780469F
:1011200017E019E0C86E5A465146036807B04846B2
:10113000BDE8F04F184728466D1C0FF045F838B948
:10114000D8F8001009EB0700C96E4A68514690476D
:101150007F1CA742EFDDDAE700250FE008FB05B0B2
:1011600090FBF4F101EB0A00009951B11E4A09EB22
:1011700005011268D26E526890476D1CA542EDDDE4
:10118000C7E7194909EB05030968C96E4A680146B2
:101190001846F1E708FB05B090FBF4F101EB0A00FB
:1011A00001903068384430600FF00EF848B900986C
:1011B00090B10D4809EB05010068C06E42680198C6
:1011C00090476D1CA542E5DD3068002F01DA204410
:1011D0003060C01B30609CE7034909EB05000968DB
:1011E000C96E4A680199EBE7240100202DE9FF4709
:1011F0000F4640491646804609680C981D460A7EEF
:10120000012A1CD0A8EB0600791B50EA01031CD070
:10121000A2F1010910F00AF800F58060824602F0A0
:10122000C4FE00FB09F4504602F0C4FE00FB09F1C5
:10123000002C0CDAC4F50070801240420AE00090E5
:10124000324639464046FFF7EBFEBDE8FF8704F51E
:101250000074A012002904DAC1F5007189124C4211
:1012600002E001F500718C12002804DD411C01EB45
:10127000D171491003E000EBD0714910401E00EB22
:10128000D0704210002C04DD601C00EBD0704010C8
:1012900003E004EBD4704010641E04EBD47308EB3D
:1012A0000104ADF800403C18ADF80240A8EB020480
:1012B0005B10B21AADF80440ADF808203144FC1AB6
:1012C000EA1AADF80C102844ADF80A20ADF80E006B
:1012D0000023ADF806401A460421684600F07AF86B
:1012E000394640460DF002FC294630460DF0FEFB23
:1012F000ABE7000024010020064A13681A7E012A89
:1013000005D0521E02EBD272521000F005B8DA6E10
:1013100052681047240100202DE9F05F06468846F8
:1013200040F2C32050434FF47A7190FBF1F702FB77
:1013300002F002EBD27100EB610B254914467F1CD1
:1013400009683244301BC96E0B6841469847012535
:101350003AE000BF05FB05F004FB040159451CDD24
:10136000BC4219DD1A4B06EB050AA6EB05091B6802
:10137000AAF1010208EB0401DB6E09F101001B6810
:101380009847134BAAF10102A8EB04011B6809F16D
:101390000100DB6E1B689847641E0D4806EB040ACB
:1013A000A6EB0409006808EB05015246C06E03680D
:1013B000484698470648A8EB050152460068C06EAB
:1013C0000368484698476D1CBD42C3DDBDE8F09FE9
:1013D000240100202DE9FF4F40F6FF740F466642BE
:1013E00083B09B46814600210BE000BF09EB8100E2
:1013F000B0F90200A04200DA0446B04200DD064621
:10140000491CB942F2DB68480068406900280DD0E9
:10141000B0F906101A46A1EB0B01B14200DA0E46F4
:10142000B0F90200801AA04200DD0446B5E0DFF802
:101430007CA100200546CAF8000089E0781E85429C
:1014400001DA6B1C00E0002309EB850C09EB830239
:10145000BCF90200B2F90210A04245D1A14215D157
:1014600039F92330059A39F9251003EB020C4E4A5D
:1014700005981268084404EB0B01D26E60451368AE
:1014800001DA62462BE00246604628E02846A44680
:101490004FF000087A1E0BE008B1401E00E0781EF5
:1014A00009EB8003B3F90230634504D108F1010868
:1014B0009045F1DB2346A34249D0A3EB040239F95E
:1014C0002500A1EB040C059B92EA0C0209D4364AD4
:1014D000184404EB0B011268D26E13680246984759
:1014E00035E00BF02BFF32E0A14230D001DBA0420F
:1014F00003DDA0422BDBA14229DCE04688420ADC66
:101500000346A04223DC0846A14220DBB8F900C014
:10151000B2F9001008E00B46A14218DCA04216DB2D
:10152000B2F900C0B8F90010E21AA1EB0C01514366
:101530000029A0EB030202DD01EB620102E0A1EB56
:101540006201491CC01A91FBF0F06044C9E76D1CB0
:10155000BD42FFF673AF0598009004EB0B000190BD
:1015600000208046054613E01149B8F1000F31F91B
:1015700015A009D0009901EB0A0208440A4909683C
:10158000C96E0B680199984788F0010850466D1C98
:10159000064909688D42E7DB641CB4427FF747AF18
:1015A00007B0BDE8F08F0000240100209401002066
:1015B0005C76012010B5002001F04CFB6FF07F40FD
:1015C00001F04CFB012001F083FB002001F088FBBF
:1015D000002001F08FFB002001F048FB0448006868
:1015E00001F046FBBDE81040002001F04DBB0000BB
:1015F00020010020F0B50A4600210023002400BF8E
:101600003DE0012505FA01F3156805EA03049C4253
:1016100034D105684F000326BE40B54305601579F7
:101620004E00B5400668354305601579012D02D09E
:101630001579022D16D185684F000326BE40B543AB
:10164000856055794E00B5408668354385604568AC
:1016500001268E40B5434560456896798E40B6B206
:1016600035434560C5684F000326BE40B543C5609D
:10167000D5794E00B540C6683543C560491C102970
:10168000BFD3F0BDF0B5002300244D07ED0E02FAE4
:1016900005F3CE1000F1200555F826504E07F70E41
:1016A0000F26BE40B543CF1000F1200646F8275064
:1016B000CE1000F1200555F8265045EA0304CE105F
:1016C00000F1200545F82640F0BD01837047000079
:1016D0002DE9F04FDFF828B191B04FF0FF35DBF87E
:1016E0000030B3F922100691DE69B3F92490F46951
:1016F000A189814206D8E289824203D3471AD4F8ED
:10170000008012E0D4E9018100296FD00A8882426A
:101710006CD84D88854269D3801A82B2486800EB44
:101720008200B0F90070B0F90250781C5ED0307EB3
:10173000A17C10FB01FA217CCDE90801B3F92A60F4
:10174000304603F021FDC0B20E90DBF8000007FB2D
:101750000A81A37C826B0127CDE90412CDE90273D3
:10176000C069DDE90832C17E807ECDE900014946CD
:10177000069802F05DFD681C18D046F0020003F0E8
:1017800003FDDBF80000A37C05FB0A81826BCDE939
:101790000273CDE90412C069DDE90832C17E807EA2
:1017A000CDE900014946069802F042FDDBF8000051
:1017B0005D46C069417E007E814214D9022E12D05E
:1017C00086F0040003F0E0FC2868C069027EC37E56
:1017D00012FB0391437E857E099A06984B4402FBD7
:1017E000050202F0ABFF0E9803F0CEFCDBF8000020
:1017F000627C418C1144418411B0BDE8F08F00003F
:101800002401002004480068C069C06909B1027C55
:101810000A60407C704700002401002002200880FC
:101820007047C06982898A4202D8C2898A4210D22E
:10183000806880B102888A420DD843888B420AD3DF
:10184000406800EB8100A0EB8200B0F900000028A6
:1018500001DB012070470020704700002DE9F043B4
:101860002F4C034687B020681946B0F92A80C0691A
:10187000C06900F084F800284ED041680088181A2A
:1018800001EBC0054046AE7803F07EFC814620683F
:101890006A680123816BCDE90236CDE90421C16973
:1018A000CB7E8A7ECDE900230B7EB0F924102A7806
:1018B000B0F9220002F0BCFC2068C069477E067EB9
:1018C000B7421DD9C07E47434643B8F1020F17D037
:1018D00000F0ACFC804600F091FC01F0BFF92168FB
:1018E0002A78CB69B1F92200DB7E12FB0302B1F941
:1018F0002410CB19314402F021FF404601F0AEF92B
:10190000484603F041FC20686A78C369B0F92210A8
:101910009B7E12FB0311418407B0BDE8F0830000F9
:101920002401002030B50F4C05460B46206829469F
:10193000C069C06900F023F8002811D04168008810
:1019400024682A1A0120E46900EBC200085CA47E26
:1019500010FB04F0002B03D011F832106143196022
:1019600030BD00002401002001200880704700B530
:10197000C06900F004F8002800D0012000BD06E096
:1019800002888A4202D842888A4202D280680028AD
:10199000F6D17047002801D00BF028BD704738B54C
:1019A0000546FFF7F7FF040009D000F0AFF82A461C
:1019B0000021009002F0B6FA684600F0D7F8204601
:1019C00038BD0000024A106021F0030050607047EB
:1019D000C875012010B5002814D004460A48006BD1
:1019E00010F8341000290DD002290BD2042101EB8C
:1019F000C401415848680BF0BDFC2046BDE81040CA
:101A00000EF07EBA10BD00000C750120002805D034
:101A1000034A916B016001B1486090637047000018
:101A20000C7501202DE9F04104460EF053F82648CC
:101A3000E41C24F00305C16B2D1DA94200D90D46FD
:101A4000846B13E054F8042CAA420ED184B12168AF
:101A500009B162684A60616809B122680A60826BF4
:101A6000A2422ED1216881632BE02468002CE9D1A9
:101A70008046416B80680F1857F8040C3E1A306896
:101A800038B100200EF0A4FA57F8040C3E1A306862
:101A9000B8B97068A84214DB3044441B30460EF0DD
:101AA0004FFAD8F80810491BC8F80810D8F81010D9
:101AB0002944C8F8101070683146401B0BF05AFCDE
:101AC00020C42046BDE8F0810C75012010B500242B
:101AD0000EF000F80C490F2001EBC002126C1AB195
:101AE00001EBC000006C08E0401EF5D508E041683D
:101AF000A14200D90C46806810B180680028F6D158
:101B0000A4F10C0010BD00000C75012005498A6984
:101B1000521C8A61096B01EBC0010A78521C0A70E1
:101B200000F03CB80C75012010B5FFF7CFFF642220
:101B30000649B0F5800F04D990FBF2F0C96948431B
:101B400010BDC9694143B1FBF2F010BD0C75012015
:101B50000549102805D94A68B0EB520F02D3500846
:101B600000E0102088607047C87501200A490268AB
:101B70000B6B52F8082C03EBC2021378022B03D331
:101B80008B690BB15B1E8B611178491E11700021AE
:101B900001600846704700000C750120002806D03F
:101BA0000349042202EBC000096B08580830704753
:101BB0000C75012070B506460D461446104600F01F
:101BC0003DFB0300164804EB84010AD050F82100C5
:101BD00041688068711A2A1ABDE87040184601F001
:101BE00051B800EB8104A268B24201D0012200E0AA
:101BF0000022E368AB4201D0012300E000231A4336
:101C00000CD0236943B150F82100816840686A1AFA
:101C1000311A184600F0F4FFC4E9026570BD0000F7
:101C20003877012010B5C2B2CBB2D21A02D5C2F1B8
:101C3000000212B293B2C0F30722C1F3072403FBE0
:101C400003F3121B01D5524212B2000C92B2A0EB68
:101C5000114002FB023200B2002801DA404200B219
:101C600080B200FB002010BD10B50021084600F036
:101C70002DFB40F6FF725042BDE81040134601466E
:101C8000AFF300802DE9FC4107461C4615460E4681
:101C9000042003F079FA80461148C068C16C006DD9
:101CA0000F4406440D440444ADF80070ADF80450F0
:101CB000ADF80260ADF8064068460AF005FF07E09F
:101CC00023462A463146384602F038FD0AF0BEFE69
:101CD0000028F5D1404603F057FABDE8FC8100002A
:101CE000180100202DE9F0411C4616460D46074616
:101CF000022B02DB0020BDE8F0811C20FFF792FEE2
:101D00000028F8D00DB105610AE0094A52F8241004
:101D100009B905E011460A68002AFBD10969016189
:101D200084618682002101604160C0E90217E2E718
:101D30003C01002070B51D46FFF7D4FF040001D020
:101D400000F00EF8E068006820B90348006800EB76
:101D500085008465204670BD24010020FFF756BE33
:101D600070B590B38269022A30DA1C4C54F8221004
:101D700019B944F822002FE019464B68002BFBD11B
:101D800006E0CB68C5681B682D68AB4203DD0968B7
:101D90000029F6D11AE0C1B1CB68C6681B68366865
:101DA000B3420CD1838A012B05D008E01946DB68C9
:101DB0001B68AB4203DB0B68002BF7D129B14B68E2
:101DC00033B118604A68426004E0FFE7012070BD4B
:101DD00044F8220048600160002070BD3C010020F2
:101DE0000EF0F4BD022801DB00207047054951F8D0
:101DF000200004E0C16809680029F6D000680028C6
:101E0000F8D170473C01002070B5044601F036FB64
:101E1000051908E000F050F9052C01DD052000E06F
:101E2000204601F019FB01F029FB2C1A002CF1DCF3
:101E300070BD00002DE9FC4706005BD000F008FAF9
:101E40003B4C81462068B0F9228000F017FA2168E7
:101E500007468A8CD01B888441E000BF47F6FF719B
:101E6000304601F0E7FE82460146304601F0B8FEFA
:101E70002168054691F82C0000F0030001283FD0AE
:101E8000022839D000204A8C101A4884ADF800008E
:101E90006A1E1044ADF80400888CADF80200A9F168
:101EA00001010844ADF806006A465146304601F08B
:101EB00079FC2168BDF8020088845146304601F063
:101EC00087F9064430780A281CD00D281AD0BDF8AE
:101ED0000000216828444884307818B1761C307896
:101EE0000028BBD12068818C39448184818D21F008
:101EF00003018185BDE8FC8705EBD5704010C2E782
:101F00002846C0E7206890F82C1001F00301012951
:101F10000BD0022909D0018C418431780A29DBD108
:101F2000828C02EB09018184D6E7A0F82280F4E7D5
:101F300024010020024B1B6859849A84FFF77ABF62
:101F4000240100202DE9F04107460A4815460E46B7
:101F50000068B0F92C0040F0020000F0C1FE044619
:101F60002A4631463846FFF7E5FF2046BDE8F041F6
:101F700000F0B6BE240100202DE9FF4F85B0904649
:101F80008A46070078D00C68DAF8046021B230B2D3
:101F9000401A401C029000F05BF9054618F00C0F47
:101FA0001ED03846089A029901F02DFA08F00C016B
:101FB000042904D0082902D00C2911D104E03114DD
:101FC00000FB1510401C09E02114C1EB264200FB68
:101FD0001520401C00EBD07001EB600060F31F4443
:101FE000504600F039FEA5F1010B04903846089ADE
:101FF000029901F065FF03904FEA244909EB0B00B9
:1020000060F31F46CDE900463846039901F0E8FD2C
:1020100018F003010ED0012928D002290ED1BAF9F7
:102020000420BAF90010521A101A00EBD07001EB1C
:10203000600001E0BAF80000ADF800006A463846DA
:10204000039901F0AFFB3846089A029901F02EFF80
:10205000074409EB050060F31F4438780028C5D118
:10206000049809B0BDE8F04F00F0F6BDBAF80410CE
:10207000081A401CE0E7FFE709B0BDE8F08F000058
:102080002DE9F0410B4C2568EC6C2718286DA5183C
:102090004618C41800200AF017FD07E023462A4618
:1020A00031463846FEF7B3FF0AF0D0FC0028F5D1E0
:1020B000BDE8F0812401002010B5002400E00124D7
:1020C00000F004F80028FAD1204610BD064810B5EB
:1020D0000068002410B1804700B1012409F0FCFF22
:1020E00000B10124204610BD440100202DE9FC412F
:1020F0000F4C2568EC6C2718286DA5184618C418D5
:10210000ADF80070ADF80450ADF80260ADF80640CF
:1021100068460AF0D9FC07E023462A46314638468D
:1021200002F00CFB0AF092FC0028F5D1BDE8FC811E
:1021300024010020B0F90630B0F90420B0F90210F3
:10214000B0F90000FFF7D2BF08B50B46002805D054
:10215000009281888268C08800F001F808BD10B53F
:102160000828029C30D008DC04FB01F401280AD0C6
:10217000022813D0042804D11CE0102828D02028DD
:102180002CD0002010BD04EBD30003F00701105C3D
:10219000C1F10701C84000F0010010BD04EB93003D
:1021A0000621105C01EA4301C1F10601C84000F0BC
:1021B000030010BD04EB5300D907105C02D000F0FF
:1021C0000F0010BD000910BD04FB0130105C10BDF4
:1021D000481004FB003032F8100010BD881004FBDA
:1021E000003052F8200010BD034951F82000C168AA
:1021F0008A6A0821104700003C01002010B502F057
:10220000CDFABDE8104002F063BB00000249096846
:10221000C9694A680021104724010020024A126857
:10222000D2695268104700002401002010B502F066
:10223000BDFABDE8104002F04BBB000000210228AF
:1022400002D2024951F820100846704724020020AB
:1022500002480068C069407E7047000024010020E9
:1022600070B514460D4602F0D5FA002802D00020C1
:102270002860206070BD01F0F9BC00000A49002010
:10228000096891F82C2002F00C02042A07D0082AD1
:1022900001D00C2A02D1C869007E40087047C86985
:1022A000007E401E7047000024010020024951F8C2
:1022B00020000069006870473C010020024951F885
:1022C00020000069406870473C01002070B50D4651
:1022D0000DF034FB044628460DF038FB204370BD5A
:1022E000124810B5016821F0010101601048012178
:1022F00081601049016000680F49884200D0FEE704
:1023000001F036FA0D492E20087001F0BBF80C4898
:102310000DF092FB0FF09CF804460021084600F0F7
:10232000BBFC0AF0E7F8204610BD0000002000E0EA
:1023300000300240C2A507F4CDB5E8B51801002071
:10234000D47501201CB520B90C480068006E002827
:1023500012D0FFF7DBFB009044696846FFF706FCEC
:10236000002C09D02046FFF7D1FB019081688968D5
:10237000884701A8FFF7FAFB1CBD000024010020DC
:1023800001490A4600F002B801F0FFFF2DE9F043D1
:1023900087B015460C465FEA000842D0002000F0E6
:1023A00065FC814620480068066E4046FFF7AEFB9C
:1023B00000900068806900F03BFC074640F6FF7023
:1023C000001904D10098B0F90440B0F90650009803
:1023D000611E0289ADF804401144ADF8081041892E
:1023E000681E0844ADF80650ADF80A0009F0E4FC98
:1023F0006846FFF7BBFB01A80AF066FB06E02A4629
:102400002146404600F0F8FA0AF020FB0028F6D1F9
:10241000384600F00DFC304600F048F9484600F020
:1024200025FC07B0BDE8F083240100202DE9FE4F14
:10243000834619488A46194900680C9E9846407C94
:102440009146002751F82040E1680968042903D02B
:102450002468002CF8D100E014B9FFF7C3FC04464F
:102460000121E068C26A20469047050011D0246926
:10247000A0688047401C02D1094C46F00106009636
:10248000CDE9015443464A465146584600F09AF970
:1024900007463846BDE8FE8F240100203C0100209D
:1024A0004868010838B5040018D00D480068006E6F
:1024B000A04201D100F0B2FB2046FFF727FB0090BD
:1024C000406908B100F08DFF00980068FFF746FCF6
:1024D0006846FFF74BFB2046FFF77CFA38BD00004B
:1024E000240100202DE9FF4F83B0454CDDF840B0BA
:1024F00098468A4607002BD002A901A8FFF7BBFE29
:10250000B7F90060002E00DA0026B7F90250002D5E
:1025100000DA00252068A146407C02F091F901997B
:102520000144491EB7F904000DF071FB0446D9F8C7
:102530000000407C02F08AF902990144491EB7F973
:1025400006000DF064FBA71B7F1C441B641C0BE002
:10255000206800263546407C02F072F90746206864
:10256000407C02F073F90446B8F1000F01D1C4F1C8
:102570000008002F01DD002C03DC002007B0BDE8BF
:10258000F08F43463A4629463046CDF800B0FFF773
:102590004DFF5FEA000909D000F054F88046484634
:1025A00000F084F80027DFF85CB01FE05146059882
:1025B00088470120E2E7E11B414502DA484600F086
:1025C0005FF83FB1EA193146484600F099F84846AD
:1025D000FFF7B8FE514605988847DBF8001009B1AF
:1025E000002088474846FFF7CBFE4744A742E2DB7E
:1025F0004846FFF757FF002000F058F8BDE70000FD
:10260000240100203802002038B5002460B1FFF713
:102610007DFA0090006800698068804703F04CF9FB
:1026200004466846FFF7A2FA204638BD38B5FFF7E2
:102630006DFA00F1180400906846FFF797FA2046FB
:1026400038BD000038B5002418B907480068006E8E
:1026500038B1FFF75BFA0090B0F90A406846FFF71F
:1026600085FA204638BD00002401002010B50AF08C
:10267000F9FF002803D0BDE8104000F06DB810BD90
:1026800038B50C4620B908480068006E00280AD00A
:10269000FFF73CFA0090B0F90A10A14200DD448136
:1026A0006846FFF763FA38BD24010020F8B5134EE1
:1026B00005003068046E0CD00CB100F0AFFA09F0E0
:1026C00069FC2846FFF722FA009031680A6E1AB1B9
:1026D00006E000F0A3FA0EE0D1E90223C1E91923D4
:1026E0000D660068FFF73CFB6846FFF73FFA02F013
:1026F000BBFE02F0A3FC2046F8BD00002401002030
:102700007CB515460C4620B912480068006E0028BA
:102710001FD0FFF7FBF92DB20090C58024B2848052
:1027200002F08CFC0098406980B1FFF7EFF9009A45
:102730000190B2F908108180B2F90A20C28011B16B
:102740000AB10480458001A8FFF710FA6846FFF738
:102750000DFA7CBD2401002001490A4600F002B8B0
:1027600001F0FFFF7FB515460C46060028D0FFF7A5
:10277000CDF940F6FF710190091903D1B0F9044079
:10278000B0F906500289611E1144ADF80840ADF859
:102790000C104189681E0844ADF80E00ADF80A50CF
:1027A00001A8FFF7E3F902A80AF08EF906E02A462D
:1027B0002146304600F008F90AF048F90028F6D121
:1027C0007FBD00002DE9FF4FDFF8E0B083B01C466D
:1027D000DBF80010DDE91060924600274B7C3A469A
:1027E0001299FFF77FFA05005DD02869806880475D
:1027F00003F062F881460AFB09F0C01D4FEAD008D9
:10280000FFF792F9F10705D1C11700EB9170801025
:1028100000EB4000002C06DC1838B0FBF8F06442F6
:10282000A04200DC0446F00707D10090DDE9030177
:102830002346524600F04CFD0746002C03DC284698
:10284000FFF78CFA2FE004FB08F01830F10702D0F4
:10285000FFF7A0F801E0FFF7A2F806001CD0FFF791
:1028600055F901900560039981800499C180A0F811
:1028700008A04481C0F80C80C0E9049701A8FFF7C4
:1028800075F91298AE602861DBF80000407CA86101
:10289000304607B0BDE8F08F2846FFF75FFA17B162
:1028A0003846FFF797F80020F3E7000024010020E6
:1028B0002DE9F74F92B090461298FFF727F90B9049
:1028C000B0F908100691B0F90A100D91006800697E
:1028D000D0F804B00BA8FFF749F9384C384D206800
:1028E000407C55F82000C1688A6A082190478146DB
:1028F000182801D34FF020092068407C55F82000AB
:102900000069079003C80C902E48814201D0012035
:1029100000E000201090002000F0BEFD002849D10A
:102920000026DDE91207B2460FAB069C4546761C31
:102930000193FFF77BFE014604FB0AF001EB8002E6
:10294000234629463846CDF800B000F083FF050045
:1029500030D01098D0B1DDE906134A46284600F081
:102960004DFE98B9DDE906702C46D0F810C0BCF1D8
:10297000000F05D0294604233A460846E04705E003
:102980000C992068884701C47F1EF9D10020CDE949
:102990000305059001200090CDE901094146034659
:1029A00008F10108069A139801F042FC0D98401EA8
:1029B0000D90B6D115B0BDE8F08F000024010020C5
:1029C0003C010020EF480008F8B515460E460746C2
:1029D000FFF79CF8009000681621C068426A00204A
:1029E000904704466846FFF7C1F8002C03D02A46FA
:1029F00031463846A047F8BDF8B515460E4607469D
:102A0000FFF784F8009044696846FFF7AFF838464E
:102A1000FFF7FAFD0346082800DD2CB12A463146AF
:102A200038460EF007F8F8BD2A46314638460EF013
:102A300099F9F8BD10B5002821D009B30AB3B1F94E
:102A40000040B2F900309C4200DA23460380B1F91D
:102A50000240B2F902309C4200DA23464380B1F9C9
:102A60000440B2F904309C4200DD23468380B1F972
:102A70000610B2F90620914200DC1146C18010BD5B
:102A800011460A6802604968416010BD00280BD0F9
:102A900003880B4403808388194481804188114452
:102AA0004180C1881144C1807047000070B5104D4D
:102AB0000446D5E9000188420ED10E49884203D16F
:102AC000D0E90F12406C03E00C38D0E900128068A6
:102AD0002160C4E9012006E090E80E0084E80E00C1
:102AE0000CF04AFF2860207A002800D0012070BD39
:102AF00074020020607701200448D0E90010814270
:102B000001D10120704700207047000074020020AE
:102B1000054A10B5034911600DF076FEBDE810407E
:102B200000F0F2B891C100084801002070B5094CCE
:102B30000020D4E900218A420AD0D2E9005610468A
:102B40000CF024FF20603146284609F0B7FD012033
:102B500070BD0000180200202DE9FC41154DDDE993
:102B600008742D68B5F90860864200DD3046B5F975
:102B70000C60964200DA3246824219DBB5F90A60EF
:102B80008E4200DD3146B5F90E509D4200DA2B46EB
:102B90008B420DDB00E02C46E5682D6825B1042D45
:102BA00002D02568002DF6D1CDE9007401F0C8FFF0
:102BB000BDE8FC8124010020B0F90220B1F9063003
:102BC0009A4213DCB1F90220B0F906309A420DDCCA
:102BD000B0F90020B1F904309A4207DCB1F90010D5
:102BE000B0F90400814201DC0120704700207047E9
:102BF0000146024878220068FDF71FBD240100202D
:102C0000002801D00DF042BC704700000249782234
:102C10000968FDF712BD00002401002010B502F084
:102C2000C1F902F021FCBDE8104009F0C5B8000070
:102C300070B504460548022C0068457C02D24474F5
:102C4000FFF7ECFF02480460284670BD2401002015
:102C5000BC01002002F0C8B909F032BE02F0FCB994
:102C600001498860704700001801002002F08CBA0A
:102C700003490968CA6900B1C8611046704700007D
:102C80002401002002F09CBA024909688A7E8876F5
:102C90001046704724010020094A30B41080094AC8
:102CA0001180094A1268537C084A52F82330DA68C6
:102CB000146A0A46A446014630BC18466047000024
:102CC0005401002056010020240100203C01002076
:102CD000024909680A7E08761046704724010020E0
:102CE00003490968B1F92C20888510467047000017
:102CF0002401002003490968B1F92A2048851046BB
:102D0000704700002401002002480068002800D01D
:102D1000004770472C02002002498A6802B9886087
:102D2000FFF7F2BF1802002010B5040009D00DF023
:102D300021F920460DF022FE2046BDE81040FEF7A6
:102D400049BE10BD38B50C4660B1FEF7DFFE0090FD
:102D50008089204201D0012400E000246846FEF76B
:102D600005FF00E00124204638BD000038B50546C7
:102D7000002028600648046844B12046FEF7C6FEDD
:102D80000090006928606846FEF7F0FE204638BDD6
:102D90009C02002038B504004FF000000D4608608A
:102DA00011D02046FEF7B2FE0090846844B1684618
:102DB000FEF7DCFE2046FEF7A9FE009000692860C1
:102DC0006846FEF7D3FE204638BD00002DE9F84FD7
:102DD000DFF89C800546274F98F818008B4641077E
:102DE00038680A9E9946407C924607D401F03AFD25
:102DF00004463868407C01F041FD06E001F03EFDEC
:102E000004463868407C01F02DFD002795B1A0F103
:102E1000010400BFB9EB060000D54042142806DBD0
:102E20005146BBEB0A0000D54042142804DA0120C9
:102E3000BDE8F88F641EEDE70A464B465946384612
:102E400000960CF0D9FE0C4F4B46524647F8350021
:102E50005946204600960CF0CFFE07EBC5014860AE
:102E60000DF0EEF901210020C8F81C10E0E7000089
:102E700058010020240100204C7601202DE9F04764
:102E8000524D534E0024E86978B96868346000F008
:102E90000501746010F0060F01D000F00500B46069
:102EA000F4600DF0CDF90120E8612878C8B100F098
:102EB000D9F8A846286100F0D3F82969286A814228
:102EC0000BDBD8F824204046914206DC836A426935
:102ED0009A4202DBC36A9A420DDD4FF0FF30014691
:102EE0006FE000F00FF9686100F0BBF82878401C33
:102EF0002870BDE8F087326898F81800354F8D1AB1
:102F0000400700283868407C02DB01F0ABFC01E0A0
:102F100001F0B4FC401E4543D6E90020B146801ABA
:102F200095FBF0F6D8F81420D9F8081098F8180096
:102F3000551A400700283868407C02DB01F09EFCEF
:102F400001E001F08FFC401E4543D9E90201081A57
:102F500095FBF0F598F81800400700283868407C89
:102F600018DB01F07FFC81463868407C01F086FC6C
:102F7000D8F818200146D00704D0A9EB0600A0F12C
:102F8000010000E03046920702D5491B491E18E0B7
:102F9000294616E001F072FC81463868407C01F059
:102FA00061FCD8F81820D10704D0A9EB0601A1F1E3
:102FB000010100E03146920702D5401B401E00E0AF
:102FC00028460DF04DFC88F8004092E7580100209B
:102FD0004C760120240100200149886170470000DF
:102FE00058010020074A002806DB002904DB0123E2
:102FF0001372C2E9000101E000201072014800F0E4
:1030000003B80000E476012010B504460C220749FD
:10301000FDF760FA002808D0044894E80E000EC0BE
:103020002046BDE81040FFF773BD10BDA877012012
:1030300030B40A4C2268831A01D5C3F100036268D8
:103040008A1A00D552421A44022A04DDC4E900015A
:1030500030BCFFF7C7BF30BC7047000098010020AC
:103060007047704710B52DED048B82B020488088E2
:1030700045F21051884236D101221E49002003F04A
:1030800035FD1C48007800F01F0030B3042201A970
:10309000900103F02BFD9DF807109DF8062001EB31
:1030A00002200EF02EFE41EC190B9FED130B53EC9A
:1030B000102B0EF08DFE41EC180B0EF0F5FD1049B3
:1030C000888108468489B4F5F07F02DB40F2DF1482
:1030D00004E0002C02DA002400E00024204602B0C4
:1030E000BDEC048B10BDD02008F03EFAF7E70000DD
:1030F000B4270020BC000020D881734694F6D23F4C
:103100000800002010B52DED048B82B02048808887
:1031100045F21051884237D101221E49002003F0A8
:10312000E5FC1C48007800F01F0030B3042201A920
:10313000900103F0DBFC9DF805109DF8042001EBE5
:1031400002200EF0DEFD41EC190B9FED130B53EC4A
:10315000102B0EF03DFE41EC180B0EF0A5FD1049B2
:10316000C8820846C48AB4F5487F02DB40F21F34A7
:1031700005E0002C03DA002401E040F21F34204671
:1031800002B0BDEC048B10BD902008F0EDF9F7E71C
:10319000B4270020BD0000207B14AE47E17AD43F65
:1031A000080000202DE9F041084E0446056830680B
:1031B000016828468847074630684168284688479E
:1031C000284420603846BDE8F08100002801002036
:1031D0002DE9F0410C4606460025064F05E038680B
:1031E00041683046884706440544641EF7D22846A5
:1031F000BDE8F081280100202DE9F0411E46069C23
:103200001746884605463A46A8687F1C3346D0F8DC
:1032100004C041462846E047641EF4D1BDE8F08171
:1032200070B5B0F90040091BB0F904408C422CDDA8
:1032300000F11404B0F902500069521B02FB004077
:10324000CA1800EBE104521ED010B0EBE10501F00A
:1032500007034FF0FF0102F0070221FA03F0C2F169
:10326000070201FA02F1CEB221780FD001436D1EA0
:1032700004F8011B002D05DDFF2229462046FDF73D
:103280000EFA2C4420783043207070BD304001434A
:10329000217070BD10B5B0F90030B0F90240C91A04
:1032A00000F114030069121B02FB003000EBE10087
:1032B00001F0070302788021D9400A43027010BD53
:1032C000B0F90610026951431430FDF7F0B900005F
:1032D0002DE9F843804602F10F000011470003FB7F
:1032E00007F01C46154689461430FEF758FB0600C9
:1032F00013D0FEF70BFC0090A0F80080A0F802901D
:103300008580C4800649816001218181076168460A
:10331000FEF72CFC3046BDE8F8830020FBE70000F8
:10332000D468010870B5B0F90660B0F904400B68C4
:1033300000F11405964220DD0069A34202FB005013
:1033400000EBE30219DAA4F101044FEAE400A0EB78
:10335000E30512F8010B03F0070400FA04F0C4B20D
:1033600008E055B112F8014B03F10803A5F101057E
:1033700023F00703002CF4D008E0002070BD00BF4C
:103380004FEA44604FEA106403F101032006F7D5C9
:10339000FF2C0AD0184605E04FEA44644FEA146453
:1033A00000F101006606F7D400E0D81DC4436407AD
:1033B00006D007E012F8014BFF2C0FD100F10800F6
:1033C0006D1EF7D5A0EB030000F101000B6070BD8E
:1033D0004FEA44624FEA126400F101002206F7D47A
:1033E000F0E738B50546FEF791FB00908189491E4C
:1033F0000CB284816846FEF7B9FB002C02D1284646
:10340000FEF7E8FA38BD2DE9F04116460F460546AD
:10341000002432463946284600F048FD054408B1EC
:10342000641CF6E72046BDE8F081000010B54FF4BB
:10343000803100200EF0C8FA04464FF48031204657
:10344000FEF7C0FA8020FEF783FB0248FFF708FC76
:1034500010BD0000E457010870B504464FF47A70BF
:1034600060434FF47A71B0FBF1F5284602F0E2FEBA
:1034700070BD10B50120FFF7EFFF10BD10B502F0D1
:1034800045FF10BD10B5002002F05AFB014908604D
:1034900010BD0000A80000200EB508B102AA00E08F
:1034A0000022002301A9684600F052FB0EBD000077
:1034B000074910B5CC6818B10120C860801E03E030
:1034C0000020C8606FF07F4000F0A0FD204610BDD6
:1034D0007C02002010B5082A0EDC0346012A1AD00F
:1034E000022A58D0042A78D010F8042B03F8012BB4
:1034F000491EF9D1012010BD102A0ADC0222022A3D
:10350000F8D1024630F8043B22F8023B491EF9D1BB
:10351000F0E7002010BD10F8042BD207120E491E50
:1035200034D010F8044B491E04F0010442EA84121E
:103530002CD010F8044B491E04F0010442EA441256
:1035400024D010F8044B491E04F0010442EA04128E
:103550001CD010F8044B491E04F0010442EAC402D6
:1035600014D010F8044B491E04F0010442EA84020E
:103570000CD010F8044B491E04F0010442EA440246
:1035800004D010F8044B04F00104224303F8012B8B
:103590000029C0D1AEE710F8042B9207120E491E85
:1035A00015D010F8044B491E04F0030442EA04123B
:1035B0000DD010F8044B491E04F0030442EA8402C3
:1035C00005D010F8044B04F003042243491E03F80D
:1035D000012B0029DFD18DE7FFE710F8042B12073C
:1035E000120E491E05D010F8044B04F00F042243BC
:1035F000491E03F8012B0029EFD17BE72DE9F041AB
:103600001E680D460446082A09DC0746012A21D017
:10361000022A62D0042A7CD0082A1AD195E0102A06
:1036200003DC02200228F8D102E00020BDE8F0818E
:10363000D3F810C02746BCF1000F04D00A4621463B
:10364000022308468AE001CCB04727F8020B6D1E22
:10365000F9D18BE001CCB047C0074FEA10686D1E6E
:1036600036D001CCB04748EA801000F0FF086D1E4C
:103670002ED001CCB04748EA401000F0FF086D1E84
:1036800026D001CCB04748EA001000F0FF086D1EBC
:103690001ED001CCB04748EAC00000F0FF086D1E04
:1036A00016D001CCB04748EA800000F0FF086D1E3C
:1036B0000ED001CCB04748EA400000F0FF086D1E74
:1036C00006D001CCB04740EA080000F0FF086D1EAC
:1036D00007F8018B002DBDD148E001CCB047800731
:1036E0004FEA10686D1E18D001CCB04748EA0010B0
:1036F00000F0FF086D1E10D001CCB04748EA8000F2
:1037000000F0FF086D1E08D001CCB04740EA080069
:1037100000E007E000F0FF086D1E07F8018B002DA8
:10372000DBD123E001CCB04700074FEA10686D1EE3
:1037300006D001CCB04740EA080000F0FF086D1E3B
:1037400007F8018B002DEDD110E0D3F810C0BCF1CB
:10375000000F05D00A46014601233846E04705E040
:1037600001CCB04707F8010B6D1EF9D101205DE7D0
:103770000A4810B5816900290ED101218161FFF746
:1037800055FE01F0AFFE054905481C310860BDE853
:103790001040084600F082BB10BD00001801002058
:1037A000D9FC00087CB5064628480D46006868B17B
:1037B000002009F089F906E06A46294630460AF0F9
:1037C00005F809F043F90028F6D17CBD1068009097
:1037D0001F4C506801902268BDF8000032F84C1F61
:1037E0000844ADF80000BDF8020091880844ADF827
:1037F0000200BDF8040011880844ADF80400BDF8CB
:10380000060091880844ADF80600684609F05CF9A6
:103810000EE000BF2068BDF800106A464184BDF884
:10382000021081842946304609F0D0FF09F00EF9D4
:103830000028EFD1206830F8221F428D891A0180BC
:103840004188C28D891A41807CBD00005001002052
:10385000240100202DE9FF4F00208BB004460146D3
:10386000009019981D461646016007AB002203A977
:1038700002A800F06DF918B100200FB0BDE8F08F7C
:103880000798854200DD05465C4F0A955C4938681B
:10389000407C51F82010049109690691FEF7A4FCC0
:1038A00005903868407CFEF709FD564981468842FC
:1038B00004D05549894501D0012000E0002009903D
:1038C00001CE1899884782465FEA106B71D0009844
:1038D00070BB0B9800EB040848480068B0F908007A
:1038E000404503DDA0EB0807804600E00027029971
:1038F000049801EB840101EB8701CDE90010DDE9BB
:103900000A010A180C9B0892521E19464046FFF7FE
:1039100023F901200090059818280ADA0298DDE9B9
:10392000052300EB840000EB8700E91B00F070F832
:1039300010E0099870B1029800EB840000EB870753
:103940000898A0EB080849463868884701C7B8F1CD
:103950000108F8D12D48C06960B3DDE9020700EB2A
:10396000840007EB8402CDE90202284C361F2B4667
:10397000E46930460299A047FF203168B0EB116F2F
:1039800002D10299096804E0029A1268B0EB126F42
:1039900001D1039A11600299361D091D0291039904
:1039A000091D03916D1EE8D1199901200397086044
:1039B0001DE01EE0FFE7BBF1FF0F0ED00298CBF138
:1039C000FF0250F82410504600F00EFA039941F817
:1039D000240019990120086005E00298039950F825
:1039E000240041F82400641C6D1E7FF469AF039825
:1039F00043E7039941F824A0EBE7000024010020ED
:103A00003C010020EF480008ED4800084C0200206F
:103A10002DE9F05F0C1E16DD5E68014600EB8405A3
:103A2000082A12DC611E012A28D0022A48D0042A62
:103A30006AD0082A07D1071917F8010DB04745F8D1
:103A4000040D641EF8D1BDE8F09F102AFBDC0222B1
:103A5000022AF8D15F693FB12246BC46BDE8F04F6B
:103A600002235DF804EB604701EB440737F8020DD1
:103A7000B04745F8040D641EF8D1E4E700EBE1001F
:103A80002D1F10F801A9814601F00707802020FAB8
:103A900007F800BF0AEA0800C7F10701C840B047AD
:103AA00045F804093FB17F1E4FEA4860000E80468A
:103AB000641EEFD1C7E7072719F801A90120F6E72F
:103AC00000EBA1002D1F01F0030710F801A98146AA
:103AD0007900C02020FA01F84FF0060B0AEA08002E
:103AE000ABEB4701C840B04745F804093FB17F1E22
:103AF0004FEA8860000E8046641EEFD1A3E70327DB
:103B000019F801A93846F6E700EB610001272D1FDF
:103B1000A74310F801A98146B900F02020FA01F866
:103B20004FF0040B0AEA0800ABEB8701C840B0472E
:103B300045F804093FB17F1E4FEA0870000E804629
:103B4000641EEFD17FE7012719F801A90F20F6E7DE
:103B50002DE9F047204C06461F46A069904689464D
:103B6000002540B90120A06104F120011B48086034
:103B7000084600F093F9606910B900F064FE6061D6
:103B800007B138604EB1A06830B960698000FDF7B8
:103B900049FFA06000B901253060B9F1000F0AD0DB
:103BA000E06830B960698000FDF73CFFE06000B973
:103BB0000125C9F80000B8F1000F0AD0206930B91A
:103BC00060698000FDF72EFF206100B90125C8F86B
:103BD00000002846BDE8F0874C0200204DFD00089B
:103BE00073B5124A01A9009812689047002400900A
:103BF000C8B10F4900250968C969496959B10A68FE
:103C00004AB1019990477CBD6846FFF7CBFA05465B
:103C1000FEF7FCFA04440198401E0190F4D52846B2
:103C200000F032F8044420467CBD000090010020E2
:103C30002401002073B50D460098002490B10A4974
:103C40000968C969496959B14A684AB12946904722
:103C50007CBD6846FFF7A6FA20B10A2802D0641C92
:103C6000AC42F6DB20467CBD24010020044AB2F9B8
:103C7000002002600348B0F90000086070470000AF
:103C8000540100205601002038B5002469460094F4
:103C9000FEF7C4FA0099814200DD0C1A204638BDB7
:103CA000B0F90030B1F90020934200DA0280B0F997
:103CB0000230B1F90220934200DA4280B0F90430B8
:103CC000B1F90420934200DD8280B0F90620B1F9F9
:103CD00006108A4200DDC180704770B5B1F900401E
:103CE000B2F900309C4200DD23460380B1F9025056
:103CF000B2F90240A54200DD2C464480B1F90460CF
:103D0000B2F90450AE4200DA35468580B1F90610AA
:103D1000B2F90620914200DB1146C1809D4201DBD1
:103D2000A14201DA002070BD012070BD01460248A9
:103D30000068407C00F002B824010020F8B501269C
:103D40000F46054602284BDA264C5FB3012F02D0FE
:103D5000022F45D116E054F8250088B92846FEF711
:103D600041F80090B8B3C0680D21426A6846904798
:103D7000020035D039460098904754F825000026B7
:103D8000401C2BE0FEF72EF8009020B3C0680D21F8
:103D9000426A68469047020022D039460098904710
:103DA00000261DE054F8250001280FD12846FEF713
:103DB00019F8009050B1C0680D21426A68469047DA
:103DC000020003D0394600989047002654F8250099
:103DD00010B1012101E003E00021401A44F8250060
:103DE0003046F8BD1002002070B5FF23B3EB116F11
:103DF0002CD0C3B213FB02F500F47F4400F47F0320
:103E000054435343000E10FB02F6C2F1FF00CAB246
:103E100012FB005201F47F4505FB004401F47F05CD
:103E200005FB0033090E11FB0065C2F307204FF4B8
:103E30007F024FF47F4102EA132201EA14214FF07E
:103E40007F43084303EA05431043184370BD2DE93F
:103E5000F04F1546DDE90CB90C4606464FF0000858
:103E600018E00B9F4FF0FF0A01CE08CCAAEB1062BE
:103E700002FB09F2B2FBFAF1CAB21946FFF7B4FF2E
:103E800020F07F4001C57F1EEED1099808F101089E
:103E900004EB8004D845E4D3BDE8F08F02494A69B9
:103EA00042604861704700001801002010B50446C8
:103EB00000F009F801462046BDE81040FFF788B938
:103EC00000230CF09BBD77B581B015460E466B46BE
:103ED00001980CF093FD044601460198FFF778F92C
:103EE00001990844019001A8FFF75CF90A2802D063
:103EF000012D02D012E0641C10E020280ED1FEF744
:103F000085F9054607E028440090641C01A8FFF7E6
:103F100049F9202802D100988642F4DA04B02046FC
:103F200070BD000010B502E000F8011B521E0AB17E
:103F30008307F9D1930818D001EB014402F0030282
:103F400004EB042405E0046044608460C460103025
:103F50001B1F042BF7DA01E010C05B1E002BFBD106
:103F600003E000BF00F8011B521E002AFAD110BD69
:103F700010B5830702D520F8021B521E530810D03B
:103F800001EB0144042B08DB046044608460C460DE
:103F900010301B1F042BF7DA01E010C05B1E002B52
:103FA000FBD1D20700D0018010BD00F5806000F089
:103FB00001B8000010B50022C0F30B00B0F5006F8F
:103FC00002DDA0F500600122B0F5806F01DDC0F5D3
:103FD000006083110B4C00F03F00C0F1400134F849
:103FE00013004843402906D004EB4303C1F14001CC
:103FF0005B8803FB010020308009002A00D040428A
:1040000010BD0000F43D010800BFFEE702490A6848
:104010000860104670470000B002002030B501462D
:1040200001F01F04C1F34513CA0AE50205EB43156D
:104030001544A8B230BD000070B5044600261748EC
:104040000588408845431548808846F60401884223
:1040500016D112488079012812D100200F498871A9
:104060002A2048812B2088810021084601F006F88B
:1040700001200A4988712B2048812A20888103E089
:104080000021084600F0FAFF01F018FA002602E0CD
:1040900003480480761CAE42FAD370BDB4270020DA
:1040A000000008600449054A0968497C52F821105B
:1040B0000969096808470000240100203C0100202C
:1040C00010B50446002C52D158498871F020088060
:1040D0004FF4A07048800846808849F241318842F8
:1040E0000BD05248808846F60401884205D04F48DC
:1040F000808845F2103188421AD12C204B49088122
:104100002A2048812B2088810846808846F60401B1
:10411000884205D04548808845F21031884206D152
:104120004FF4A070414908804FF4F070488079E066
:104130003E48808845F21051884210D14FF43050EB
:104140003A4908814FF4285048814FF42C50888117
:104150004FF4F07008804FF44870488062E02220ED
:104160003249088120204881212088815AE001209D
:104170002E4988714FF4A0700880F02048800846CE
:10418000808849F24131884205D02848808845F22C
:104190001031884207D12C20244908812A204881E7
:1041A0002B2088812BE02148808846F60401884234
:1041B00007D12C201D4908812B2048812A20888185
:1041C0001DE01A48808845F21051884210D14FF402
:1041D0003050164908814FF4285048814FF42C5034
:1041E00088814FF4487008804FF4F070488006E0F2
:1041F00022200E49088121204881202088810B48F7
:10420000808846F60401884205D00848808845F237
:104210001031884206D14FF4F070044908804FF401
:10422000A0704880002000F063FD10BDB42700207E
:104230002DE9F04F05468DB07C48DDF860901A9C62
:1042400000681E4617464FF0000A78B11B9B199A6A
:10425000CDF808900593CDE90324DDE91623CDE9D7
:104260000023046833463A46284682E0DDE9160218
:1042700001EB060805EB070C1043A8F10108ACF1AF
:10428000010C012806D0C9F1080005900020029118
:104290000890C8E066480268B2F90A30581A002847
:1042A00006DD361A002E65DD1946199B00FB034416
:1042B000B2F90E00A8EB0000002802DD361A002E2D
:1042C00058DDB2F90C00ACEB0000002800DD3F1A0D
:1042D000B2F908300020AB4237DD581B3F1A4B467D
:1042E000B9F1080F28D007DC012B0DD0022B13D019
:1042F000B9F1040F29D117E0102B1FD0182B20D0B3
:10430000B9F1200F21D11CE020F0070304EBE004F9
:104310001D4400F0070018E020F0030304EBA004A4
:104320001D4400F0030010E020F0010304EB6004E2
:104330001D4400F0010008E0044404E004EB4004E4
:1043400001E004EB800405440020002F12DD1B9BDC
:10435000DDF864C0CDE90403CDE902C4CDE900690C
:10436000527C34483B4650F82200C26854680A46E2
:104370002946A0470DB0BDE8F08F17990298084470
:1043800009902B49401E00900A68B2F90A30834216
:1043900041DCB2F90E10029881423CDB4FF0000B79
:1043A000D84603950B9434E0BBF1000F05D10B9870
:1043B0004FF0080B10F801AB0B900599ABEB090B14
:1043C0003AFA01F00AFA09F101F0FF0A04D118499A
:1043D0000968097C890716D415490968C96B0A68F8
:1043E0000C921B9A0AB152F82000086016990398A3
:1043F000009B4218521E029900F0A0F90C490C983B
:104400000968C96B08600399169808F10108084407
:104410000390B845C8DB0898401C089009980290A2
:10442000199804440898B042A7DBA3E75001002084
:10443000240100203C010020F0B40C461249096818
:10444000B1F90A30A3421CDCB1F90E30A34218DBEB
:10445000B1F90830834200DD1846B1F90C309342BF
:1044600000DA1A4682420CDB4B7C084951F8235093
:1044700013462246E9688E6801462846B446F0BCD9
:104480006047F0BC70470000240100203C01002080
:104490002DE9FF4F84B081468A46002003900290A8
:1044A0000698A0EB09050798A0EB0A06CDF8049042
:1044B000CDF800A0002D01DD012705E00DB9002792
:1044C00002E04FF0FF376D42002E02DD4FF0010891
:1044D00006E016B94FF0000802E04FF0FF387642D0
:1044E000B54201DD2C4600E034464FF0000B21E0E0
:1044F000009A91B2019A90B200F056F803982844BD
:1045000003900298304402900398A04205DD03987E
:10451000001B03900198384401900298A04205DDE9
:104520000298001B02900098404400900BF101009B
:104530001FFA80FB601C8345DADD08B0BDE8F08F10
:104540000A46174930B40968B1F90A30934225DCAC
:10455000B1F90E30934221DBB1F9083083421DDC02
:10456000B1F90C30834219DB0B7C0E4CDB0709D010
:10457000497C54F82130D968CC690146A44630BC46
:1045800018466047CB6B497C1B6854F82140E168B2
:104590008D6901462046AC4630BC604730BC704750
:1045A000240100203C01002030B504460D46294678
:1045B000204600F063FD00F081FF024800880249B8
:1045C000088030BD0000002000000860124B30B4AD
:1045D0001B68B3F9084084421CDCB3F90C408442E8
:1045E00018DBB3F90A408C4200DD2146B3F90E40D6
:1045F000944200DA22468A420CDB5C7C074B53F87B
:104600002440E368DD6813460A4601462046AC466E
:1046100030BC604730BC7047240100203C010020C2
:1046200070B504460D4616464248808849F241312D
:10463000884205D03F48808845F21031884214D125
:104640003C49488900F02EFF201200F01FFFE0B225
:1046500000F01CFF3749888900F024FF281200F081
:1046600015FFE8B200F012FF5DE03248808845F2A5
:104670001051884220D12F49488900F013FF2012A1
:1046800000F004FF2B494989491C88B200F00AFF59
:10469000E0B200F0FBFE2749888900F003FF2812F2
:1046A00000F0F4FE23498989491C88B200F0FAFE23
:1046B000E8B200F0EBFE36E01E48808846F60401C2
:1046C00088421DD11B488079012804D119480088EF
:1046D000401E001B84B21749488900F0E3FE2012F7
:1046E00000F0D4FEE0B200F0D1FE1249888900F05B
:1046F000D9FE281200F0CAFEE8B200F0C7FE12E0B0
:104700000C488079012804D10A480088401E001B0B
:1047100084B208494889214600F0DAFE05498889B3
:10472000294600F0D5FE0348008903490880881C0B
:10473000068070BDB4270020FEFF076038B5134C1B
:104740002468B4F90850854200DD2846B4F90C50BD
:10475000954200DA2A46824217DBB4F90A508D42AC
:1047600000DD2946B4F90E509D4200DA2B468B42FB
:104770000BDB0093647C064B53F82440E3681D690F
:1047800013460A4601462046A84738BD24010020AA
:104790003C01002008210AF0E1BF00000248006847
:1047A000806B006870470000240100200248006808
:1047B000C06B0068704700002401002002480921F6
:1047C0000068407C0AF0CABF2401002009210AF0D9
:1047D000C5BF70B500252C462046FDF703FB00B190
:1047E0006D1C641C022CF7DB284670BD0248006873
:1047F000407C00F003B800002401002010B5FDF754
:10480000F1FA002805D0C168CA6ABDE8104002214B
:10481000104710BDF8B515460E460124FDF7E2FA23
:10482000009058B1C0680421426A6846904703006E
:1048300004D02A4631460098984700242046F8BD07
:1048400003210AF08BBF03200AF0D0BF04210AF035
:1048500085BF0000024801210068407C0AF07EBF4D
:104860002401002001210AF079BF00000248022142
:104870000068407C0AF072BF2401002002210AF087
:104880006DBF00F001B800002DE9F041002809D00B
:10489000876837B10D4E716819B10468B4F5807F2F
:1048A00002DD0020BDE8F0813068844200DD04466E
:1048B000002507E057F82500FFF7F4FB716841F881
:1048C00025006D1CA542F5DB7068EBE7A401002014
:1048D0000449054A0968497C52F821100969496868
:1048E00008470000240100203C0100207047704769
:1048F00010B500F01F01074A074BC0F34514C0F381
:10490000C4201B5D105C515C00EB032000EB0140F8
:1049100010BD0000AC660108CC66010810B50A4C59
:10492000606860B920688000FDF77CF8606040B185
:1049300004F10801054808600846FFF7AFFA0020B7
:1049400010BD012010BD0000A401002005FD0008DD
:104950002DE9F041FFF73DFF0746002528E02846F6
:10496000FDF740FA18B32846FEF762F9804628465C
:10497000FFF710FF082817DC0F48104950F82500F2
:104980000069884210D02846FFF720FF0646002421
:1049900008E0E0B2FFF79CFF0246E1B2284600F0D3
:1049A000F9FB641CB442F4DB4046FEF741F96D1C90
:1049B000BD42D4DBBDE8F0813C0100203068010835
:1049C00010B50246012000E050430B1EA1F1010486
:1049D000E1B2F9D110BD000008B50348008800908D
:1049E000BDF8000008BD0000000008602DE9F0419E
:1049F00005460E4600240027A0464F480088A842DE
:104A000003DD4D484088B04202DC0020BDE8F08163
:104A10003146284600F032FB4748808849F2413150
:104A200088420BD04448808846F60401884205D06D
:104A30004148808845F21031884203D12E2000F091
:104A400031FD0DE03C48808845F21051884204D188
:104A50004FF4385000F026FD02E0222000F022FD45
:104A60003548808849F22031884202D102200CF07A
:104A7000C9FF3248008800B1002402200CF0C2FFB8
:104A80002E4804882C48808849F2413188420BD056
:104A90002948808845F21031884205D02648808810
:104AA00045F2105188420AD102200CF0ABFF234896
:104AB000B0F80080E7B24FF6FF7000EA07271E4803
:104AC000808849F22531884216D01B48808844F2FC
:104AD0003551884210D018488088091F88420BD071
:104AE000154880884BF20551884205D012488088CD
:104AF0004CF20551884201D1204687E70E48808854
:104B000049F2413188420BD00B48808845F2103180
:104B1000884205D00848808845F21051884207D164
:104B2000E012C002B91240EA411040EAE8206DE705
:104B30002046FFF773FA69E7B427002000000860F9
:104B40002DE9FF4F83B01646DDE910408B46C06863
:104B50004769426A7AB1012111A8904705000AD03D
:104B60000698CDE9000433465A4603991198A847A0
:104B700007B0BDE8F08F57480068407CFDF734FB74
:104B80008246082801DC012005E0BAF1100F01DCA3
:104B9000022000E004208046002596E04046B8F15F
:104BA000010F05D0022871D0B8F1040F25D17CE0A7
:104BB000BAF1090F21D2DFE80AF08605213F3F59FB
:104BC00059595900039815E001465A461198B847BB
:104BD000C5F1070188404FF67F722178EA40114005
:104BE00001436D1C217004EBE50425F0070005412D
:104BF00009F101008146B042E6DD64E0039817E068
:104C000001465A461198B8470621A1EB4501884054
:104C10006B004FF63F722178DA40114001436D1C62
:104C2000217004EBA50425F00300054109F1010002
:104C30008146B042E4DD46E0039813E001465A465F
:104C40001198B8470421A1EB850188402178AB0079
:104C50000F229A401140014321702C4485F0010538
:104C600009F101008146B042E8DD2CE0DDF80C904E
:104C700007E001465A461198B847207009F101092A
:104C800044444846B145F4DD1DE0FFE7DDF80C90F3
:104C900007E001465A461198B847208009F10109FA
:104CA00044444846B145F4DD0DE0DDF80C9007E0E2
:104CB00001465A461198B847206009F10109444459
:104CC0004846B145F4DD0BF1010B06998B457FF7A2
:104CD00065AF4DE72401002001B5BDF8000000F0EC
:104CE000E1FB05200CF086FBFFF776FE08BD000017
:104CF000F0B5054600240027A948807901281ED177
:104D0000A748808846F60401884218D0082D15D29D
:104D1000DFE805F00406080A0C0E101206250DE067
:104D200007250BE0042509E0052507E0012505E03E
:104D3000002503E0032501E0022500BF00BF9848DD
:104D4000808849F24131884211D09548808846F6E2
:104D5000040188420BD09248808845F21031884285
:104D600005D08F48808845F2105188427ED1082DA9
:104D70001CD2DFE805F00406090C0F12151800BF5D
:104D800014E044F0800411E044F040040EE044F0EC
:104D9000C0040BE044F0200408E044F0600405E0A7
:104DA00044F0A00402E044F0E00400BF00BF7C48EF
:104DB000808845F21051884202D14FF4585700E0E4
:104DC00036277748808845F21031884207D07448EA
:104DD000808845F21051884201D044F008047048A0
:104DE000808846F60401884201D144F0020421463D
:104DF000384600F06DFB04F0200018B9684880794F
:104E000001280DD16648008865494988884214DA2E
:104E100063480688408862490880084646800CE05E
:104E20005F4800885E494988884206DD5C480688FC
:104E300040885B490880084646805948808845F28A
:104E40001051884254D15649488900F02BFB00206C
:104E500000F01CFB52494989491C88B200F022FB32
:104E6000002000F013FB4E49498900E06FE0891CE7
:104E700088B200F017FB4A490988491EC1F30F2088
:104E800000F004FB46494989C91C88B200F00AFBBE
:104E900043490978491EC8B200F0F8FA40498889A8
:104EA00000F000FB002000F0F1FA3D498989491C1F
:104EB00088B200F0F7FA002000F0E8FA3849898952
:104EC000891C88B200F0EEFA35494988491EC1F3C1
:104ED0000F2000F0DBFA32498989C91C88B200F042
:104EE000E1FA2F498978491EC8B200F0CFFA55E09F
:104EF0002B49488900F0D6FA002000F0C7FA0020BC
:104F000000F0C4FA26490988491EC1F30F2000F0B9
:104F1000BDFA23490978491EC8B200F0B7FA204902
:104F2000888900F0BFFA002000F0B0FA002000F0FD
:104F3000ADFA1B494988491EC1F30F2000F0A6FABB
:104F400017498978491EC8B200F0A0FA26E0082D5A
:104F50001CD2DFE805F004070A0D0F12151844F003
:104F6000300413E044F0100410E044F020040DE09D
:104F700000BF0BE044F0380408E044F0280405E0EA
:104F800044F0180402E044F0080400BF00BF032707
:104F900044F480542146384600F09AFAF0BD0000EF
:104FA000B427002010B50E4C0E492068407C51F803
:104FB000200050B1C1680968042903D000680028A6
:104FC000F8D102E008B1FCF70BFF20680021016670
:104FD00000F108014161BDE8104000F02FB8000069
:104FE000240100203C010020014909684968084764
:104FF000A0010020044909680A7C520701D5C96B49
:1050000000E0896B08607047240100207CB5094CE2
:1050100005462068417C084850F82100C1680A6BA9
:105020006946904720686A4629460830FEF755FED3
:105030007CBD0000240100203C01002004480168E0
:1050400004484A7C083150F82200C268126B1047AD
:10505000240100203C010020014909680968084733
:10506000A0010020044909680A7C520701D5896B18
:1050700000E0C96B086070472401002030B5044689
:105080000D464048808849F24131884205D03D486C
:10509000808845F21031884214D13A49488900F09D
:1050A00001FA201200F0F2F9E0B200F0EFF9354910
:1050B000888900F0F7F9281200F0E8F9E8B200F06A
:1050C000E5F95DE02F48808846F6040188421DD14D
:1050D0002C488079012804D12A480088401E001BF2
:1050E00084B22849488900F0DDF9201200F0CEF999
:1050F000E0B200F0CBF92349888900F0D3F92812F7
:1051000000F0C4F9E8B200F0C1F939E01D48808828
:1051100045F21051884220D11A49488900F0C2F95D
:10512000201200F0B3F917494989491C88B200F0F0
:10513000B9F9E0B200F0AAF91249888900F0B2F991
:10514000281200F0A3F90F498989491C88B200F0A0
:10515000A9F9E8B200F09AF912E00A48807901282A
:1051600004D108480088401E001B84B205494889C4
:10517000214600F0ADF903498889294600F0A8F9D5
:1051800030BD0000B427002001490968896808473C
:10519000A0010020F8B515460E460124FCF722FEBA
:1051A000009058B1C0681021426A684690470300D9
:1051B00004D02A4631460098984700242046F8BD7E
:1051C000F8B515460E460124FCF70CFE009058B1C8
:1051D000C0680321426A68469047030004D02A460B
:1051E00031460098984700242046F8BDF8B515468A
:1051F0000E460124FCF7F6FD009058B1C0680B2163
:10520000426A68469047030004D02A463146009817
:10521000984700242046F8BDF8B515460E460124EF
:10522000FCF7E0FD009058B1C0680A21426A684668
:105230009047030004D02A4631460098984700243E
:105240002046F8BD2DE9F84F0746884616461C460D
:10525000C3462046E31704EB5373DB1021464FEAA5
:10526000E47C04EB5C7C4FEAEC0CA4EBCC0CBCF1D2
:10527000000F02D04FF0010C01E04FF0000C63442E
:10528000224604EBD27C4FEA6C0C03FB0CF3DBB23E
:105290000093A6F12000C6B2002556E00C2C07D1E1
:1052A00006EB46002B4901EB800010F8059013E057
:1052B000102C05D1284800EB061010F805900BE0E3
:1052C000182C07D106EBC600244901EB800010F82A
:1052D000059001E0BDE8F88F4FF0000A2FE009F0DB
:1052E000800030B11E48028841463846FFF798F9E1
:1052F00007E00A9828B91B48028841463846FFF75C
:105300008FF94FEA49604FEA106908F101001FFA6E
:1053100080F815480088B84200DCDBE7A8EB0B00FA
:10532000A04208D1D846781C87B20F480088B842FE
:1053300000DCCFE706E00AF1010000F0FF0ABAF155
:10534000080FCCDB00BF681CC5B200988542A5DB06
:1053500000BFBFE7A82401081C2901080C2F010881
:105360000000002002000020B42700202DE9FF4F9C
:1053700081B0074691461E460E9D4FF0000A00245C
:1053800039E0301B401EC1B20A20FFF719FBB9FB00
:10539000F0F00A21B0FBF1F201FB1208BAF1000FA4
:1053A00016D1701EA04213DDB8F1000F0ED10020FF
:1053B000AB4605EBDB71491001FB0471009088B22C
:1053C0002B4620220299FFF73DFF12E04FF0010A21
:1053D0000020AB4605EBDB71491001FB0471009026
:1053E00088B208F13001CAB22B460299FFF72AFFB2
:1053F00000BF601CC4B2B442C3DB05B0BDE8F08F8F
:105400002DE9F84704460D4690469946DDE90967BF
:1054100004F0FF0A08EB04001FFA80F809EB05000E
:105420001FFA80F916E0444502DB5446A81985B2FC
:105430004D4500DB14E0002000903A7833462946C1
:105440002046FFF7FFFE304606EBD07104EB61010A
:105450008CB27F1C38787E2802DC38782028E2DA8B
:1054600000BFBDE8F887000010B5074C2068006B4E
:10547000FEF718FEFFF7F6FD2068406BFEF712FE00
:10548000BDE81040FFF7B6BD2401002001B5BDF80E
:1054900000000090BDF800000149088008BD000030
:1054A0000000086001B5BDF800000090BDF80000E4
:1054B0000149088008BD0000FEFF0760024800891E
:1054C0000249088070470000B4270020FEFF0760F3
:1054D00003B5BDF80000024A1080901C01800CBD8D
:1054E000FEFF076008B500231A4665496548FCF7CA
:1054F00021FC6548808845F21051884239D16248C4
:10550000428801880020FFF771FE5F4842880188C9
:105510000020FFF781FE5C48807998B940F2B31013
:1055200000234FF4F072194600901846FDF74EFC28
:1055300040F21F300023421C194600900120FDF765
:1055400045FC9BE00620FDF747FD40F2B310002329
:105550004FF4F072194600901846FDF737FC40F200
:105560001F300023421C194600900120FDF72EFC3D
:1055700084E04548808845F21031884205D0424891
:10558000808846F6040188423BD13F484288018822
:105590000020FFF72BFE3C48428801880020FFF7DF
:1055A0003BFE39488079A0B9E22040F65B734FF4A6
:1055B000A072002100900846FDF708FCC42040F6C8
:1055C000ED634FF4F072002100900120FDF7FEFB27
:1055D00054E00620FDF700FDE22040F65B734FF437
:1055E000A072002100900846FDF7F0FBC42040F6B1
:1055F000ED634FF4F072002100900120FDF7E6FB0F
:105600003CE02148428801880020FFF7EFFD1E485A
:10561000428801880020FFF7FFFD1B488079B8B958
:105620000120FDF7D9FC40F63F7000901648028833
:105630009B2300210846FDF7C9FB40F65F700090F0
:1056400011484288BC2300210120FDF7BFFB15E073
:105650000720FDF7C1FC40F63F709B23F02200219C
:1056600000900846FDF7B2FB40F65F70BC234FF494
:10567000A072002100900120FDF7A8FB08BD0000EA
:10568000D43D0108983C0108B427002010B503461A
:105690001446012901D1002010BD4FF0FF3200BF98
:1056A00000BF1046F8E700002DE9FF4F8DB0174608
:1056B000674ADDF870901E9E209812681D460024EF
:1056C0008AB11D9B1F98CDE90293CDE90460DDE905
:1056D0001A03CDE9000314682B463A460D98A047FB
:1056E00011B0BDE8F08F0D9A01EB050802EB070C35
:1056F000DDE91A231A43A8F10108ACF1010C012AD3
:1057000006D0C9F108004FF0000B029105909CE013
:10571000504A1268B2F90A40631A002B06DDED1AEE
:10572000002DDDDD21461D9C03FB0466B2F90E3021
:10573000A8EB0303002B02DDED1A002DD0DDB2F93A
:105740000C30ACEB0303002B00DDFF1A0D9B1C1A81
:10575000B2F90830A3420DDDA3EB040C0CEB0003FF
:10576000181A20F007000444A7EB0C0706EBE30629
:1057700003F00700002FB3DD1F9BDDF874C0CDE9F7
:10578000040303968DE82012527C33483B4650F8C0
:105790002200C26855680A462146A847A0E71B991F
:1057A0000298084409902B49401E03900A68B2F9F8
:1057B0000A30834243DCB2F90E10029881423EDB8C
:1057C0004FF0000A0D980B96D046009035E000BFD0
:1057D000BAF1000F05D10B984FF0080A10F8014BF1
:1057E0000B900599AAEB090A34FA01F004FA09F4BE
:1057F000E4B204D117490968097C890717D415490F
:105800000968C96B0A680C921F9A0AB152F8200005
:10581000086000991A980A180846DDE90213521E1A
:10582000FEF78CFF0B490C980968C96B086000995A
:105830001A9808F1010808440090B845C8DB099897
:1058400002901D980BF1010B0644AB45A7DB47E71F
:1058500050010020240100203C010020002818D025
:10586000410817D0810817D0C10817D0010917D0F7
:10587000410917D0010A17D0410A17D0010B15D0E2
:10588000C10B13D0010C11D0810C11D0000E11D01E
:105890002020704701207047022070470320704786
:1058A000042070470520704708207047102070477B
:1058B000122070471820704700B50022FFF7CEFF76
:1058C000012804D0811E062903D808220BE00122FA
:1058D00009E0A0F10901072901D8102203E01138DD
:1058E0000F2800D82022104600BD00001CB5012161
:1058F000084601F069F92220009001208DF804008B
:1059000000208DF8060003208DF8050001208DF899
:10591000070069460348FBF76DFE22210148FBF7AB
:10592000D4FE1CBD0000024000BFFEE7704700002F
:1059300070B5002100230F22C4781CB3174C2468D3
:1059400004F4E064C4F5E064C4F30721C1F1040485
:10595000E3B20A4144789C40E1B284781440214388
:105960000C07210E0E4C05786155047804F01F05D4
:105970000124AC4005786D11AD0005F1E025C5F8B6
:10598000004109E0047804F01F050124AC40054DF6
:105990000678761145F8264070BD00000CED00E059
:1059A00000E400E080E100E002490143024A1160A6
:1059B000704700000000FA050CED00E010B500F0A3
:1059C00013F800F0B5FD00F0DDFD00F0FDFD00F086
:1059D00085FD00F045FD00F091FE00F035FE00F081
:1059E0005BFE00F002F810BD704770470648007873
:1059F000012808D105480078FF2804D20348007820
:105A0000401C024908707047E6000020D9000020C1
:105A100010B500241A480078012830D1FAF74CFC60
:105A200004461848007820B116480078401E1549F1
:105A3000087014480078F8B913480078E0B900F00D
:105A4000BFFE12481249097850F821001149086038
:105A50000F4800781049097888420DD00D48006839
:105A6000806B401C0B49096888630C480068401C27
:105A70000A490860FAF740FC2046FAF721FC10BDFD
:105A8000E6000020D9000020DA000020A46F0120E9
:105A9000DC000020F4000020DB000020C00000201B
:105AA00010B500240B480078012811D1FAF704FC46
:105AB00004460948007840B908480078FF2804D215
:105AC00006480078401C054908702046FAF7F8FBA4
:105AD00010BD0000E6000020D9000020DA00002000
:105AE00010B5002413480078012821D1FAF7E4FB0F
:105AF000044611480078C0B10F480078401E0E4996
:105B000008700846007860B90C48007828B920462B
:105B1000FAF7D6FB00F01AFE0AE02046FAF7D0FBAF
:105B200006E02046FAF7CCFB02E02046FAF7C8FB75
:105B300010BD0000E6000020DA000020D90000209F
:105B400070B5054600260F48007808B1002070BDEA
:105B5000FAF7B2FB06460C480468006820B10A4810
:105B600000684068084908603046FAF7A9FB3CB174
:105B700003202070258100206060204600F061FC39
:105B80002046E4E7D9000020C400002010B50B48EF
:105B9000007890B900F014FE0948007809490870AF
:105BA00009480749097850F8210008490860084663
:105BB000006807490860FAF786FB10BDE600002080
:105BC000DC000020DB000020A46F0120F400002096
:105BD000EC00002010B50024022000F02BFBFAF7A7
:105BE0006BFB044600200B4908602046FAF768FB6F
:105BF000642000F01FFBFAF75FFB044605480068CD
:105C0000054908600120054908702046FAF758FB4D
:105C100010BD0000E8000020D0000020D8000020C7
:105C2000704700002DE9FE4F06460F4690461C4681
:105C30004FF00009FAF740FB81461F48007828B171
:105C40004846FAF73DFB3C20BDE8FE8F1B4850F864
:105C5000240060BB0120194941F824004846FAF7A6
:105C60002FFB002342463946304600F0B5F9824604
:105C700000200090019003460246514602902046C3
:105C800000F0B4FD054635B90D48007801280CD167
:105C900000F05CFD09E0FAF70FFB814600200749A0
:105CA00041F824004846FAF70BFB2846CCE7484663
:105CB000FAF706FB2820C7E7D9000020A46F0120CF
:105CC000E60000202DE9F04F85B081468A469346D4
:105CD0001C46DDE90F78129D00200390FAF7ECFADC
:105CE00003902348007830B10398FAF7E9FA3C2092
:105CF00005B0BDE8F08F1F4850F8240088BB012094
:105D00001C4941F824000398FAF7DAFA2A4641467A
:105D1000384600F087FE2B465A465146484600F06A
:105D20005BF904901198CDE9008002953A4620462F
:105D30000E9B049900F05AFD064636B90E480078CD
:105D400001280CD100F002FD09E0FAF7B5FA039042
:105D50000020084941F824000398FAF7B1FA3046C8
:105D6000C6E7FFE70398FAF7ABFA2820C0E7000080
:105D7000D9000020A46F0120E60000207047000039
:105D80002DE9F041054600274748007810B1402032
:105D9000BDE8F0813F2D01D13E20F9E7FAF78CFAFA
:105DA0000746FF2D03D14148006890F83250404823
:105DB00050F8254024B93846FAF782FA4320E7E73D
:105DC000012C04D13846FAF77BFA3D20E0E714F8BD
:105DD000340F3849085C617888432178354A50543B
:105DE00014F834091146085C30B994F8361032487A
:105DF0000078884330490870E06918B12046E169AD
:105E000000F00AFB666A16B1304600F055FB002030
:105E1000E06284F8300084F8310028480078FF28D8
:105E200004D226480078401C244908703846FAF706
:105E300047FA00F0F0FAFAF73FFA07461F480078F1
:105E400020B11E480078401E1C490870204600F012
:105E500041F81B480078401E194908700020144979
:105E600041F82500A06930B90020616988611549B1
:105E70006069086005E0D4E905014861D4E90510CE
:105E800088611148006860610F4804600FA0E064F9
:105E90003846FAF715FA0E480078012801D100F0CB
:105EA00055FC002074E70000D9000020EC00002021
:105EB000A46F0120DE000020DD000020DA000020B9
:105EC000E7000020F8000020F00000203F00000064
:105ED000E6000020704770472DE9F04106460F4666
:105EE00014464FF000081548007818B112202070B1
:105EF000BDE8F081FAF7E0F98046FF2E03D11048A3
:105F0000006890F832600F4850F826502DB940468E
:105F1000FAF7D6F943202070EAE7012D05D1404673
:105F2000FAF7CEF943202070E2E7EF644046FAF733
:105F3000C7F90020207000BFDAE70000D900002078
:105F4000EC000020A46F0120704770472DE9F04756
:105F500007460D464FF0000A002028606860FAF7F7
:105F6000ABF98246FF2F03D11948006890F83270D0
:105F7000184850F827402CB95046FAF7A1F94320A9
:105F8000BDE8F087012C04D15046FAF799F9432077
:105F9000F6E7207C00F0010020B95046FAF790F9AE
:105FA0004520EDE70026D4F80C90D4F80880504640
:105FB000FAF786F900E0761C58F8041B0029FAD09D
:105FC000B0002860A9EB0600800068600020D7E7D9
:105FD000EC000020A46F012070B504461046002696
:105FE000051F28462E604FF48056051F28462E6058
:105FF0001526051F28462E601426051F28462E60EC
:106000001326051F28462E601226051F28462E60DF
:106010001126051F28462E601026051F28462E60D3
:106020000926051F28462E600826051F28462E60D3
:106030000726051F28462E600626051F28462E60C7
:106040000526051F28462E600426051F28462E60BB
:106050000326051F28462E600226051F28462E60AF
:106060000126051F28462E600026051F28462E60A3
:106070004FF080750560051F28462C60414E051FB6
:1060800028462E604FF01236051F28462E604FF02E
:106090000336051F28462E604FF00236051F28469E
:1060A0002E607610051F28462E60051F28462960A1
:1060B0003126051F28462E603026051F28462E60F3
:1060C0002926051F28462E602826051F28462E60F3
:1060D0002726051F28462E602626051F28462E60E7
:1060E0002526051F28462E602426051F28462E60DB
:1060F0002326051F28462E602226051F28462E60CF
:106100002126051F28462E602026051F28462E60C2
:106110001926051F28462E601826051F28462E60C2
:106120001726051F28462E601626051F28462E60B6
:106130004FF01136051F28462E604FF01036051F10
:1061400028462E604FF00936051F28462E604FF076
:106150000836051F28462E604FF00736051F2846D3
:106160002E604FF00636051F28462E604FF005368C
:10617000051F28462E604FF00436051F28462E6066
:1061800070BD0000496900082DE9F04105464FF057
:106190000008FAF791F88046FF2D05D120480068E5
:1061A00090F83250012608E01D48006890F832004F
:1061B000A84201D1012600E000261A4850F82540E7
:1061C0002CB94046FAF77CF84820BDE8F081012C54
:1061D00004D14046FAF774F84320F6E794F8347097
:1061E0001148C05D94F8351088430F49C8550846DA
:1061F000C05D30B994F836100C48007888430B49DC
:10620000087094F8300040F0080084F830004046F0
:10621000FAF756F8012E01D100F098FA0020D4E7E1
:10622000EC000020A46F0120DE000020DD00002033
:106230007047000070B5054600261748007800B189
:1062400070BD1648007800B1FAE71DB3FAF734F8CC
:1062500006461348006890F834401248005D104923
:10626000096891F8351088430E4908550846005DC5
:1062700040B90B48006890F836100B480078884306
:106280000949087006480068C5623046FAF718F8F0
:1062900000F05CFA00BFD3E7D9000020DA0000204C
:1062A000EC000020DE000020DD0000202DE9F041A0
:1062B00005460E4617461C461248007810B1552078
:1062C000BDE8F0811048007808B13220F8E74FF4BB
:1062D0007A7060434FF47A71B0FBF1F14FF4616072
:1062E0006843C6EB061200EB8200384400EB400224
:1062F000C2EBC01001EBC0084046FFF79BFF002037
:10630000DEE70000D9000020DA00002070B500258B
:10631000F9F7D2FF0546034804682846F9F7D0FF8D
:10632000204670BD0401002070B5002600F072F810
:10633000F9F7C2FF064631480068401C2F49086043
:106340003046F9F7BDFF2E480078012853D12D487B
:10635000007820B1012804D0022809D103E00125EA
:106360000BE0002509E0012501202649087004E022
:10637000012500202349087000BF00BF05B970BD8A
:106380002148046833E0F9F797FF0646E06A50B306
:10639000E06A401EE062E06A28BB94F8300000F03A
:1063A000370040B114F8300F00F0C8002070012011
:1063B0006070303C02E0002084F8310094F8300036
:1063C00000F0080078B93434A078104909780843FF
:1063D0000E49087020780E49085C6178084314F86B
:1063E00034190B4A505464693046F9F769FF94F840
:1063F00032003F28C7D100BFC1E7000004010020E0
:10640000E6000020FC000020F8000020DD00002055
:10641000DE0000207047704710B590F8342001F17D
:106420000B039B5C90F83540A34301F10B04A3548C
:1064300023469B5C23B98B7A90F83640A3438B723A
:1064400010BD014600228A72002005E0002301F100
:106450000B021354421CD0B20828F7D37047000037
:106460002DE9F0415021114800F03EF900250DE0E2
:10647000681C86B20D4800EB051400EB06170020DF
:10648000207067600AA0E060681C85B2042DEFD31D
:10649000064800EB051400202070606004A0E06056
:1064A000024804490860BDE8F0810000546B0120F7
:1064B0003F000000C800002030B501464A68086867
:1064C0002AB9CC68606028B10025456002E0106000
:1064D00000B142608B6800255D6230BD70B5C82197
:1064E000114800F001F900230FE0581C85B203EBBE
:1064F00083000D4901EB800405EB850001EB80066C
:10650000002020706660581C83B2092BEDD303EB8A
:106510008300054901EB800400202070606008467C
:106520000249086070BD00008C6A0120C400002090
:1065300000200A4908600A4908700A4908700A4997
:1065400008700A4908700A4908600A4908600A493F
:1065500008600A4908600A49087070470401002071
:10656000D9000020DA000020E7000020E60000202B
:10657000C0000020E8000020D4000020D00000204F
:10658000D800002000210A4A1170002004E00021F8
:10659000084A1154411CC8B20828F8D30021064A01
:1065A0001170064A1170064A1160064A1160704760
:1065B000DD000020DE000020DB000020DC000020E9
:1065C000F4000020EC00002070B54FF47C711948F5
:1065D00000F08AF84FF48071174800F085F8002425
:1065E00013E0601CC5B2C4EBC40000EB40001149CD
:1065F00001EB8003C5EBC50000EB400001EB80061A
:106600005E610EA0D864601CC4B20B2CE9D3C4EB4D
:10661000C40000EB4000074901EB800300205861F3
:1066200006A0D864002006490860024805490860B1
:1066300070BD0000A4700120A46F01203F00000085
:10664000F8000020F000002000B587B003200021F2
:1066500080220A4BCDE90132CDE903104FF6FF70DD
:106660003F23074A00900748FFF72CFB06AA06A124
:106670003F20FFF731FC07B000BD0000A46D0120F2
:10668000A06F01202169000875432F4F532D494900
:106690002049646C6500000000B587B0032000212C
:1066A00080220A4BCDE90132CDE903104FF6FE708E
:1066B0003E23074A00900748FFF704FB06AA06A1FD
:1066C0003E20FFF709FC07B000BD0000A46B0120CD
:1066D000A06D01206169000875432F4F532D494972
:1066E000205374617400000004E0002200F8012BC4
:1066F0004A1E91B20029F8D1704700002DE9F041FF
:1067000078211048FFF7F0FF00240DE0601C86B2EE
:1067100004EB44000B4901EBC00506EB460001EB1E
:10672000C0072F60601C84B2042CEFD304EB44003C
:10673000044901EBC00500202860084602490860B2
:10674000BDE8F081947401200001002010B5002400
:10675000F9F7B2FD044613480078F8B912480078FA
:10676000E0B900F02DF811481149097850F82100DE
:10677000104908600E4800780F49097888420DD00A
:106780000C480068806B401C0A49096888630B4804
:106790000068401C09490860F9F7A7FD2046F9F791
:1067A0008FFD10BDD9000020DA000020A46F012069
:1067B000DC000020F4000020DB000020C0000020EE
:1067C0000649074A1278885C0649095C034A515C0D
:1067D00001EBC001044A117070470000CC3C010875
:1067E000DD000020DE000020DC0000202DE9F84F55
:1067F00005460F4690469946DDE90AAB0020009019
:10680000F9F75AFD00903F480468002C74D0183402
:1068100054F8040C3B4908600098F9F751FD44F81E
:10682000187CA576002020766076606144F814BC60
:1068300044F80CAC44F8108C0C9824F8080C24F89C
:10684000069C0020E077E810207705F00700E0764E
:10685000217F01208840A077E17E01208840607779
:1068600000206060E060A0602062A0626062E06280
:10687000206325A06063183C002606E0002104F197
:10688000500040F82610701CC6B2002EF6D02046EC
:10689000FFF7C6F92046FFF771FAF9F70DFD0090F2
:1068A0001A4840F825401A48006860610020A0613D
:1068B0001748006810B116480068846114480460E5
:1068C0003434A078134909780843124908702078B5
:1068D0001149085C6178084314F834190E4A505481
:1068E0000E480078401C0D4908700098F9F7E8FC44
:1068F0000020BDE8F88FFFE70098F9F7E1FC42209F
:10690000F7E70000F00000203F000000A46F012026
:10691000F8000020DD000020DE000020E70000205D
:10692000002400BF00BFF9F7C7FC04460548006813
:10693000401C044908602046F9F7C2FCFFF7CBFA77
:10694000F1E70000E800002010B504480068FFF7F8
:10695000FBFAFF20FFF714FA10BD0000EC00002046
:10696000002400BF02E0C820FFF764FC194800784B
:106970000028F8D0184800686421B0FBF1F01649EF
:1069800008600846006828B9002014490870FF20F4
:10699000FFF7FAFB00BFF9F78FFC044610480068C8
:1069A0001049086000200E4908602046F9F788FC6D
:1069B0000C48006808490968B0FBF1F0C0F16400B8
:1069C00006490870FFF7C1FA00F00EF86420FFF7DF
:1069D00031FCE0E7D8000020D0000020CC000020EF
:1069E000E8000020D40000207CB5002514E06946B2
:1069F0002846FFF7ABFA064666B9094850F8254025
:106A000044B1012C06D0D4E9020100EB810060649E
:106A10000198A064681CC5B23F2DE8D97CBD000078
:106A2000A46F012002F0010343B102F002032BB175
:106A300002E0491E002308C00029FAD17047000077
:106A40000EB5002002900121062000F0BDF80220C2
:106A5000009000208DF8040001208DF807006946A1
:106A60001B48FAF7C7FD4FF40050009001208DF845
:106A7000040003208DF8050000208DF8060069460B
:106A80001448FAF7B7FDFAF79DF80020124908609C
:106A900064200AF087FC01201049C1F8B402642088
:106AA0000AF080FC012000F052F8012202A94FF404
:106AB000506000F01BF89DF8081009A0F9F762FC7F
:106AC0009DF80800802801D100200EBD0120FCE7C0
:106AD0000004024000080240B4024142000041426A
:106AE0004354502049443A25780D0A002DE9F041DD
:106AF00005460F461646FAF721F9B220FAF7ECF8E8
:106B0000FAF766F92812FAF7E7F8FAF761F9E8B246
:106B1000FAF7E2F8FAF75CF9FAF710F9B320FAF7A6
:106B2000DBF8FAF755F900240BE0711EA14201D001
:106B3000012100E000210846FAF79AF83855601C58
:106B4000C4B2B442F1DBFAF71FF9BDE8F08138B501
:106B50000446002000900CB180200090012269467C
:106B60004FF4506000F001F838BD2DE9F0410446C3
:106B70000E4617464FF00008FAF7E0F8B220FAF791
:106B8000ABF8FAF725F92012FAF7A6F8FAF720F988
:106B9000E0B2FAF7A1F8FAF71BF900250BE0705DF7
:106BA000FAF79AF8FAF714F98046B8F1000F00D016
:106BB00003E0681CC5B2BD42F1DB00BFFAF7E4F8A0
:106BC0004046BDE8F081000029B1064A1268024340
:106BD000044B1A6004E0034A12688243014B1A60B6
:106BE000704700003038024029B1064A126802435B
:106BF000044B1A6004E0034A12688243014B1A6096
:106C0000704700003838024029B1064A1268024332
:106C1000044B1A6004E0034A12688243014B1A6075
:106C2000704700004438024029B1064A1268024306
:106C3000044B1A6004E0034A12688243014B1A6055
:106C40007047000024380240F0B5002100220024E3
:106C5000022500260223324F3F6807F00C0121B1C4
:106C6000042905D0082937D105E02E4F076036E00A
:106C70002D4F076033E02A4F3F1F3F68C7F3805610
:106C8000274F3F1F3F6807F03F036EB1264FB7FB0A
:106C9000F3F7DFF88CC0ACF1040CDCF800C0CCF3E7
:106CA000881C07FB0CF40CE01E4FB7FBF3F7DFF872
:106CB00070C0ACF1040CDCF800C0CCF3881C07FBFE
:106CC0000CF4174F3F1F3F68C7F301477F1C7D003F
:106CD000B4FBF5F7076002E0124F076000BF00BF8A
:106CE0000F4F3F6807F0F0010909104F7A5C076801
:106CF000D74047600A4F3F6807F4E051890A0B4FBD
:106D00007A5C4768D7408760054F3F6807F4604169
:106D1000490B064F7A5C4768D740C760F0BD00005A
:106D2000083802400024F40000127A005E000020BF
:106D30000149086070470000382C014010B500F090
:106D400011F810BD29B1064A12680243044B1A60BB
:106D500004E0034A12688243014B1A607047000046
:106D60003C2C014010B51148007801280CD10020BE
:106D70000F49086040F24C40091D08600C20FAF7EA
:106D800055F80C49087002E000200A4908704FF4D9
:106D90008070FFF7CDFF00214FF48070FFF7D2FF26
:106DA0000120054908700348007810BD55000020F7
:106DB000082C0140560000205700002000B587B085
:106DC00001210846FFF700FF01210803FFF71CFF20
:106DD0003820059002208DF8180000208DF81A0048
:106DE00003208DF8190001208DF81B0005A9224809
:106DF000FAF700FC052203211F48FAF743FC05229D
:106E000004211D48FAF73EFC052211461A48FAF7FC
:106E100039FC01210803FFF707FF00214FF48050E0
:106E2000FFF702FF0020ADF800004FF48270ADF8CC
:106E300002000020ADF804000220ADF80600012099
:106E4000ADF808004002ADF80A003820ADF80C009B
:106E50000020ADF80E000720ADF810006946074885
:106E600000F058F80121054800F03AF8FF2000F042
:106E700007F807B000BD00000004024000300140E8
:106E800010B5044600BF02210A4800F035F800287A
:106E9000F9D02146074800F03BF800BF0121054822
:106EA00000F02AF80028F9D0024800F02EF8C0B20D
:106EB00010BD00000030014010B5044607480088AE
:106EC0004FF6C771084005490880084600882043EE
:106ED00008800121014800F003F810BD0030014096
:106EE00021B1028842F04002028004E002884FF69D
:106EF000BF731A40028070470246002013890B407E
:106F00000BB1012000E000207047014688897047DE
:106F10008181704710B50022028802F441520B882B
:106F20004C8823438C882343CC8823430C892343F8
:106F30004C8923438C892343CC8923431A43028001
:106F4000838B4FF2FF74234083830B8A038210BD2F
:106F5000704700000CB50020019000903448006894
:106F600040F480303249086000BF3148006800F4C6
:106F7000003000900198401C0190009818B90198C9
:106F8000B0F5A04FF1D12A48006800F4003010B1EC
:106F90000120009001E0002000900098012846D1D7
:106FA00023484030006840F080502149403108605B
:106FB0002048006840F440401E4908601C480830E2
:106FC00000681B49083108600846006840F400402A
:106FD00008600846006840F4A05008601648091F81
:106FE0000860081F006840F08070091F086000BF3B
:106FF0000F48006800F000700028F9D040F20570DA
:107000000E4908600A480830006820F0030008496B
:10701000083108600846006840F00200086000BFC0
:1070200003480830006800F00C000828F8D10CBDB7
:10703000003802400070004008544007003C024005
:10704000042808D14FF0E021096941F004014FF014
:10705000E022116107E04FF0E021096921F004010D
:107060004FF0E0221161704710B5FEF7BFFCFFF74B
:107070005BF9FEF7CDFC10BD10B51548006840F473
:107080007000134908601348006840F0010011497E
:10709000086000200F49083108600E4800680E495A
:1070A00008400C4908600D48091D0860081F006869
:1070B00020F48020091F0860002006490C31086078
:1070C000FFF748FF4FF0006001498039086010BDAC
:1070D00088ED00E000380240FFFFF6FE103000248B
:1070E00000B5A1B00020209001217A20FFF76CFDAF
:1070F00001210846FFF778FD02201E9001208DF83F
:107100007C0000208DF87E0002208DF87D0001209B
:107110008DF87F001EA9FE48FAF76CFA4EF2B370A4
:107120001E9002208DF87C0000208DF87E00032048
:107130008DF87D0001208DF87F001EA9F548FAF733
:1071400059FA4FF680701E9002208DF87C000020C6
:107150008DF87E0003208DF87D0001208DF87F00E2
:107160001EA9ED48FAF746FA0C220021E948FAF781
:1071700089FA0C220121E748FAF784FA0C2204214B
:10718000E448FAF77FFA0C220521E248FAF77AFA86
:107190000C220721DF48FAF775FA0C220821DD4896
:1071A000FAF770FA0C220921DA48FAF76BFA0C2286
:1071B0000A21D848FAF766FA0C220D21D548FAF7C9
:1071C00061FA0C220E21D348FAF75CFA0C220F2147
:1071D000D048FAF757FA0C220721CF48FAF752FAAB
:1071E0000C220821CC48FAF74DFA0C220921CA4892
:1071F000FAF748FA0C220A21C748FAF743FA0C2298
:107200000B21C548FAF73EFA0C221146C248FAF79C
:1072100039FA0C220D21C048FAF734FA0C220E215B
:10722000BD48FAF72FFA0C220F21BB48FAF72AFAC9
:107230000F2008900020099018200A9000200B9041
:107240000C900D900E9008200190002002900820D4
:107250000390002004900590069007900F901090E6
:1072600011901020129000201390149015901690F9
:1072700017904FF480501890002019904FF48040E0
:107280001A9000201B9008A81C9001A81D900FA820
:10729000F9F74AFE01210020F9F72CFE32200AF00E
:1072A00081F801210020FEF713F932200AF07AF864
:1072B0000020FDF711FD9949888008468088FF2845
:1072C0000ADB084680884FF6FF71884204D0934855
:1072D0008088B0F5134F7CD1D320FEF7E3F8FDF79B
:1072E0007BFB8E498880FDF777FB8C498880FDF712
:1072F00073FB8A498880084680884FF6FF7101EA4F
:10730000002086498880FDF767FB84498988084307
:10731000824988800846808849F24131884278D085
:10732000BF20FEF7BFF8FDF757FB7C498880FDF7CB
:1073300053FB7A498880FDF74FFB78498880FDF739
:107340004BFB76498880084680884FF6FF7101EA3A
:10735000002072498880FDF73FFB70498988084307
:107360006E4988800846808846F60401884250D0DD
:10737000D420FEF797F8FDF72FFB68498880FDF7CA
:107380002BFB66498880FDF727FB64498880084607
:1073900080884FF6FF7101EA002060498880FDF780
:1073A0001BFB5E49898808435C49888008468088C1
:1073B00045F2103188422CD04FF45A40FEF772F853
:1073C000FDF70AFB554988804FF45B40FEF76AF8E9
:1073D00000E01EE0FDF700FB5049888008468088E9
:1073E0004FF6FF7101EA00204C4988804FF45C4061
:1073F000FEF758F8FDF7F0FA4849898808434749ED
:10740000888008468088B0F5004F02D145F21050C0
:1074100088804248808849F2413188420BD03F48F9
:10742000808845F21031884205D03C48808845F27A
:107430001051884208D103200190022003900121BD
:107440000620F9F757FD13E03448808846F604011A
:10745000884205D0314880884CF20551884207D1D6
:107460000A2001900C20039001210620F9F742FD2B
:107470002A4881882AA0F8F785FF2848808849F2A1
:10748000413188427DD1CF20FEF70CF80020FDF776
:10749000FDFF2098401C2090C120FDF7F7FF302011
:1074A000FDF7F4FFED20FDF7FDFF6420FDF7EEFF93
:1074B0000320FDF7EBFF1220FDF7E8FF8120FDF729
:1074C000E5FFE820FDF7EEFF8520FDF7DFFF102048
:1074D000FDF7DCFF7A20FDF7D9FFCB20FDF7E2FFB7
:1074E0003920FDF7D3FF2C20FDF7D0FF0020FDF75A
:1074F000CDFF3420FDF7CAFF0220FDF7C7FFF720BC
:10750000FDF7D0FF2020FDF7C1FFEA200EE00000CC
:1075100000040240000C024000100240B42700208A
:107520004C43442049443A25780D0A00FDF7BAFF40
:107530000020FDF7ABFF0020FDF7A8FFC020FDF7FE
:10754000B1FF1B20FDF7A2FFC120FDF7ABFF01201B
:10755000FDF79CFFC520FDF7A5FF3020FDF796FF46
:107560003020FDF793FFC720FDF79CFFB720FDF704
:107570008DFF3620FDF796FF4820FDF787FF3A2064
:1075800000E0ABE0FDF78EFF5520FDF77FFFB12057
:10759000FDF788FF0020FDF779FF1A20FDF776FF41
:1075A000B620FDF77FFF0A20FDF770FFA220FDF750
:1075B0006DFFF220FDF776FF0020FDF767FF262024
:1075C000FDF770FF0120FDF761FFE020FDF76AFF86
:1075D0000F20FDF75BFF2A20FDF758FF2820FDF75D
:1075E00055FF0820FDF752FF0E20FDF74FFF082042
:1075F000FDF74CFF5420FDF749FFA920FDF746FF9A
:107600004320FDF743FF0A20FDF740FF0F20FDF761
:107610003DFF0020FDF73AFF0020FDF737FF002077
:10762000FDF734FF0020FDF731FFE120FDF73AFFC1
:107630000020FDF72BFF1520FDF728FF1720FDF791
:1076400025FF0720FDF722FF1120FDF71FFF062071
:10765000FDF71CFF2B20FDF719FF5620FDF716FF45
:107660003C20FDF713FF0520FDF710FF1020FDF76C
:107670000DFF0F20FDF70AFF3F20FDF707FF3F201A
:10768000FDF704FF0F20FDF701FF2B20FDF70AFF98
:107690000020FDF7FBFE0020FDF7F8FE0120FDF7BE
:1076A000F5FE3F20FDF7F2FE2A20FDF7FBFE00204D
:1076B000FDF7ECFE0020FDF7E9FE0020FDF7E6FEF9
:1076C000EF20FDF7E3FE1120FDF7ECFE782009F036
:1076D00069FE2920FDF7E6FE03F05CB8FE488088CD
:1076E00046F6040188427CD11120FDF7DBFE142010
:1076F00009F058FED020FDF7D5FE0720FDF7C6FEA5
:107700004220FDF7C3FE1D20FDF7C0FED120FDF78E
:10771000C9FE0020FDF7BAFE1A20FDF7B7FE0920CA
:10772000FDF7B4FED220FDF7BDFE0120FDF7AEFE51
:107730002220FDF7ABFEC020FDF7B4FE1020FDF7C0
:10774000A5FE3B20FDF7A2FE0020FDF79FFE0220D4
:10775000FDF79CFE1120FDF799FEC520FDF7A2FE66
:107760000320FDF793FEC820FDF79CFE0020FDF7E7
:107770008DFE2520FDF78AFE2120FDF787FE0520DE
:10778000FDF784FE0020FDF781FE0A20FDF77EFE56
:107790006520FDF77BFE2520FDF778FE7720FDF7BD
:1077A00075FE5020FDF772FE0F20FDF76FFE0020E2
:1077B000FDF76CFEF820FDF775FE0120FDF766FE73
:1077C000FE20FDF76FFE0020FDF760FE0220FDF7B2
:1077D0005DFE2020FDF766FE3620FDF763FE0820E3
:1077E00000E02CE0FDF752FE3A20FDF75BFE55204D
:1077F000FDF74CFE2B20FDF755FE0020FDF746FE61
:107800000020FDF743FE0120FDF740FE3F20FDF77D
:107810003DFE2A20FDF746FE0020FDF737FE002042
:10782000FDF734FE0120FDF731FEDF20FDF72EFECF
:10783000782009F0B7FD2920FDF734FE4CE7A64873
:10784000808845F21031884240F07C87ED20FDF7BA
:1078500029FE0120FDF71AFEFE20FDF717FEEE209F
:10786000FDF720FEDE20FDF711FE2120FDF70EFEC4
:10787000F120FDF717FE0120FDF708FEDF20FDF7E0
:1078800011FE1020FDF702FEC420FDF70BFE8F2035
:10789000FDF7FCFDC620FDF705FE0020FDF7F6FD17
:1078A000E220FDF7F3FDE220FDF7F0FDE220FDF719
:1078B000EDFDBF20FDF7F6FDAA20FDF7E7FDB020A6
:1078C000FDF7F0FD0D20FDF7E1FD0020FDF7DEFDE9
:1078D0000D20FDF7DBFD0020FDF7D8FD1120FDF7A1
:1078E000D5FD0020FDF7D2FD1920FDF7CFFD0020CA
:1078F000FDF7CCFD2120FDF7C9FD0020FDF7C6FDF9
:107900002D20FDF7C3FD0020FDF7C0FD3D20FDF754
:10791000BDFD0020FDF7BAFD5D20FDF7B7FD00209D
:10792000FDF7B4FD5D20FDF7B1FD0020FDF7AEFDD4
:10793000B120FDF7B7FD8020FDF7A8FD0020FDF781
:10794000A5FD8B20FDF7A2FD0020FDF79FFD9620F1
:10795000FDF79CFD0020FDF799FDB220FDF7A2FD8B
:107960000020FDF793FD0020FDF790FD0220FDF7BC
:107970008DFD0020FDF78AFD0320FDF787FD002027
:10798000FDF784FDB320FDF78DFD0020FDF77EFDA2
:107990000020FDF77BFD0020FDF778FD0020FDF7BE
:1079A00075FD0020FDF772FD0020FDF76FFD002042
:1079B000FDF76CFD0020FDF769FD0020FDF766FD79
:1079C0000020FDF763FD0020FDF760FD0020FDF7BE
:1079D0005DFD0020FDF75AFD0020FDF757FD00205A
:1079E000FDF754FD0020FDF751FD0020FDF74EFD91
:1079F0000020FDF74BFD0020FDF748FD0020FDF7BE
:107A000045FD0020FDF742FD0020FDF73FFD002071
:107A1000FDF73CFD0020FDF739FDB420FDF742FDE8
:107A20008B20FDF733FD0020FDF730FD9620FDF79C
:107A30002DFD0020FDF72AFDA120FDF727FD0020E8
:107A4000FDF724FDB520FDF72DFD0220FDF71EFDFD
:107A50000020FDF71BFD0320FDF718FD0020FDF7BA
:107A600015FD0420FDF712FD0020FDF70FFDB620E7
:107A7000FDF718FD0020FDF709FD0020FDF706FDCC
:107A8000B720FDF70FFD0020FDF700FD0020FDF7FA
:107A9000FDFC3F20FDF7FAFC0020FDF7F7FC5E201F
:107AA000FDF7F4FC0020FDF7F1FC6420FDF7EEFC8F
:107AB0000020FDF7EBFC8C20FDF7E8FC0020FDF733
:107AC000E5FCAC20FDF7E2FC0020FDF7DFFCDC204C
:107AD000FDF7DCFC002001E0B4270020FDF7D6FC18
:107AE0007020FDF7D3FC0020FDF7D0FC9020FDF7BF
:107AF000CDFC0020FDF7CAFCEB20FDF7C7FC002001
:107B0000FDF7C4FCDC20FDF7C1FC0020FDF7BEFC46
:107B1000B820FDF7C7FC0020FDF7B8FC0020FDF7FA
:107B2000B5FC0020FDF7B2FC0020FDF7AFFC002003
:107B3000FDF7ACFC0020FDF7A9FC0020FDF7A6FC3A
:107B40000020FDF7A3FCBA20FDF7ACFC2420FDF7D4
:107B50009DFC0020FDF79AFC0020FDF797FC00201B
:107B6000FDF794FCC120FDF79DFC2020FDF78EFC65
:107B70000020FDF78BFC5420FDF788FC0020FDF76A
:107B800085FCFF20FDF782FC0020FDF77FFCC22072
:107B9000FDF788FC0A20FDF779FC0020FDF776FC54
:107BA0000420FDF773FC0020FDF770FCC320FDF7F7
:107BB00079FC3C20FDF76AFC0020FDF767FC3A20C9
:107BC000FDF764FC0020FDF761FC3920FDF75EFC49
:107BD0000020FDF75BFC3720FDF758FC0020FDF787
:107BE00055FC3C20FDF752FC0020FDF74FFC3620F1
:107BF000FDF74CFC0020FDF749FC3220FDF746FC68
:107C00000020FDF743FC2F20FDF740FC0020FDF78E
:107C10003DFC2C20FDF73AFC0020FDF737FC292025
:107C2000FDF734FC0020FDF731FC2620FDF72EFC8B
:107C30000020FDF72BFC2420FDF728FC0020FDF799
:107C400025FC2420FDF722FC0020FDF71FFC23204B
:107C5000FDF71CFC0020FDF719FC3C20FDF716FC8D
:107C60000020FDF713FC3620FDF710FC0020FDF787
:107C70000DFC3220FDF70AFC0020FDF707FC2F2049
:107C8000FDF704FC0020FDF701FC2C20FDF7FEFBB6
:107C90000020FDF7FBFB2920FDF7F8FB0020FDF796
:107CA000F5FB2620FDF7F2FB0020FDF7EFFB24207B
:107CB000FDF7ECFB0020FDF7E9FB2420FDF7E6FBD8
:107CC0000020FDF7E3FB2320FDF7E0FB0020FDF79C
:107CD000DDFBC420FDF7E6FB6220FDF7D7FB0020AB
:107CE000FDF7D4FB0520FDF7D1FB0020FDF7CEFB0F
:107CF0008420FDF7CBFB0020FDF7C8FBF020FDF74B
:107D0000C5FB0020FDF7C2FB1820FDF7BFFB0020DC
:107D1000FDF7BCFBA420FDF7B9FB0020FDF7B6FB87
:107D20001820FDF7B3FB0020FDF7B0FB5020FDF756
:107D3000ADFB0020FDF7AAFB0C20FDF7A7FB002000
:107D4000FDF7A4FB1720FDF7A1FB0020FDF79EFB2C
:107D50009520FDF79BFB0020FDF798FBF320FDF736
:107D600095FB0020FDF792FBE620FDF78FFB00203E
:107D7000FDF78CFBC520FDF795FB3220FDF786FB58
:107D80000020FDF783FB4420FDF780FB0020FDF77A
:107D90007DFB6520FDF77AFB0020FDF777FB762061
:107DA000FDF774FB0020FDF771FB8820FDF76EFBEB
:107DB0000020FDF76BFBC620FDF774FB2020FDF7CC
:107DC00065FB0020FDF762FB1720FDF75FFB00203D
:107DD000FDF75CFB0120FDF759FB0020FDF756FB8A
:107DE000C720FDF75FFB0020FDF750FB0020FDF7EB
:107DF0004DFB0020FDF74AFB0020FDF747FBC820A4
:107E0000FDF750FB0020FDF741FB0020FDF73EFB96
:107E10000020FDF73BFB0020FDF738FBC920FDF7F4
:107E200041FB0020FDF732FB0020FDF72FFB002077
:107E3000FDF72CFB0020FDF729FB0020FDF726FBBA
:107E40000020FDF723FB0020FDF720FB0020FDF7BD
:107E50001DFB0020FDF71AFB0020FDF717FB00209B
:107E6000FDF714FB0020FDF711FB0020FDF70EFBD2
:107E70000020FDF70BFB0020FDF708FB0020FDF7BD
:107E800005FBE020FDF70EFB1620FDF7FFFA0020B2
:107E9000FDF7FCFA1C20FDF7F9FA0020FDF7F6FAD1
:107EA0002120FDF7F3FA0020FDF7F0FA3620FDF768
:107EB000EDFA0020FDF7EAFA4620FDF7E7FA002088
:107EC000FDF7E4FA5220FDF7E1FA0020FDF7DEFAB3
:107ED0006420FDF7DBFA0020FDF7D8FA7A20FDF7E1
:107EE000D5FA0020FDF7D2FA8B20FDF7CFFA00205B
:107EF000FDF7CCFA9920FDF7C9FA0020FDF7C6FA84
:107F0000A820FDF7C3FA0020FDF7C0FAB920FDF75D
:107F1000BDFA0020FDF7BAFAC420FDF7B7FA002039
:107F2000FDF7B4FACA20FDF7B1FA0020FDF7AEFA6A
:107F3000D220FDF7ABFA0020FDF7A8FAD920FDF713
:107F4000A5FA0020FDF7A2FAE020FDF79FFA002035
:107F5000FDF79CFAF320FDF799FA0020FDF796FA59
:107F6000E120FDF79FFA1620FDF790FA0020FDF7BB
:107F70008DFA1C20FDF78AFA0020FDF787FA2220EF
:107F8000FDF784FA0020FDF781FA3620FDF77EFA2E
:107F90000020FDF77BFA4520FDF778FA0020FDF779
:107FA00075FA5220FDF772FA0020FDF76FFA64208F
:107FB000FDF76CFA0020FDF769FA7A20FDF766FA02
:107FC0000020FDF763FA8B20FDF760FA0020FDF733
:107FD0005DFA9920FDF75AFA0020FDF757FAA8201C
:107FE000FDF754FA0020FDF751FAB920FDF74EFADB
:107FF0000020FDF74BFAC420FDF748FA0020FDF7FA
:1080000045FACA20FDF742FA0020FDF73FFAD220D8
:10801000FDF73CFA0020FDF739FAD820FDF736FAD3
:108020000020FDF733FAE020FDF730FA0020FDF7DD
:108030002DFAF320FDF72AFA0020FDF727FAE220B7
:10804000FDF730FA0520FDF721FA0020FDF71EFAB2
:108050000B20FDF71BFA0020FDF718FA1B20FDF797
:1080600015FA0020FDF712FA3420FDF70FFA002070
:10807000FDF70CFA4420FDF709FA0020FDF706FA97
:108080004F20FDF703FA0020FDF700FA6120FDF70D
:10809000FDF90020FDF7FAF97920FDF7F7F9002046
:1080A000FDF7F4F98820FDF7F1F90020FDF7EEF96E
:1080B0009720FDF7EBF90020FDF7E8F9A620FDF782
:1080C000E5F90020FDF7E2F9B720FDF7DFF9002020
:1080D000FDF7DCF9C220FDF7D9F90020FDF7D6F94C
:1080E000C720FDF7D3F90020FDF7D0F9D120FDF727
:1080F000CDF90020FDF7CAF9D620FDF7C7F9002019
:10810000FDF7C4F9DD20FDF7C1F90020FDF7BEF948
:10811000F320FDF7BBF90020FDF7B8F9E320FDF7E8
:10812000C1F90520FDF7B2F90020FDF7AFF90A20EB
:10813000FDF7ACF90020FDF7A9F91C20FDF7A6F921
:108140000020FDF7A3F93320FDF7A0F90020FDF78B
:108150009DF94420FDF79AF90020FDF797F950208A
:10816000FDF794F90020FDF791F96220FDF78EF9F3
:108170000020FDF78BF97820FDF788F90020FDF746
:1081800085F98820FDF782F90020FDF77FF9972017
:10819000FDF77CF90020FDF779F9A620FDF776F9C7
:1081A0000020FDF773F9B720FDF770F90020FDF707
:1081B0006DF9C220FDF76AF90020FDF767F9C720C5
:1081C000FDF764F90020FDF761F9D120FDF75EF9B4
:1081D0000020FDF75BF9D520FDF758F90020FDF7E9
:1081E00055F9DD20FDF752F90020FDF74FF9F32096
:1081F000FDF74CF90020FDF749F9E420FDF752F9AD
:108200000120FDF743F90020FDF740F90120FDF7BB
:108210003DF90020FDF73AF90220FDF737F900207B
:10822000FDF734F92A20FDF731F90020FDF72EF98A
:108230003C20FDF72BF90020FDF728F94B20FDF736
:1082400025F90020FDF722F95D20FDF71FF9002038
:10825000FDF71CF97420FDF719F90020FDF716F958
:108260008420FDF713F90020FDF710F99320FDF7A6
:108270000DF90020FDF70AF9A220FDF707F900200B
:10828000FDF704F9B320FDF701F90020FDF7FEF832
:10829000BE20FDF7FBF80020FDF7F8F8C420FDF73D
:1082A000F5F80020FDF7F2F8CD20FDF7EFF80020FB
:1082B000FDF7ECF8D320FDF7E9F80020FDF7E6F82C
:1082C000DD20FDF7E3F80020FDF7E0F8F320FDF7EF
:1082D000DDF80020FDF7DAF8E520FDF7E3F80020EF
:1082E000FDF7D4F80020FDF7D1F80020FDF7CEF817
:1082F0000020FDF7CBF80220FDF7C8F80020FDF7BD
:10830000C5F82920FDF7C2F80020FDF7BFF83C2092
:10831000FDF7BCF80020FDF7B9F84B20FDF7B6F8E3
:108320000020FDF7B3F85D20FDF7B0F80020FDF761
:10833000ADF87420FDF7AAF80020FDF7A7F8842017
:10834000FDF7A4F80020FDF7A1F89320FDF79EF8B3
:108350000020FDF79BF8A220FDF798F80020FDF71C
:1083600095F8B320FDF792F80020FDF78FF8BE20B6
:10837000FDF78CF80020FDF789F8C420FDF786F89A
:108380000020FDF783F8CD20FDF780F80020FDF7F1
:108390007DF8D320FDF77AF80020FDF777F8DC2090
:1083A000FDF774F80020FDF771F8F320FDF76EF883
:1083B0000020FDF76BF8E620FDF774F81120FDF7BB
:1083C00065F80020FDF762F83420FDF75FF8002023
:1083D000FDF75CF85620FDF759F80020FDF756F838
:1083E0007620FDF753F80020FDF750F87720FDF7D1
:1083F0004DF80020FDF74AF86620FDF747F8002009
:10840000FDF744F88820FDF741F80020FDF73EF81D
:108410009920FDF73BF80020FDF738F8BB20FDF769
:1084200035F80020FDF732F89920FDF72FF80020ED
:10843000FDF72CF86620FDF729F80020FDF726F857
:108440005520FDF723F80020FDF720F85520FDF713
:108450001DF80020FDF71AF84520FDF717F8002059
:10846000FDF714F84320FDF711F80020FDF70EF892
:108470004420FDF70BF80020FDF708F8E720FDF792
:1084800011F83220FDF702F80020FCF7FFFF55201D
:10849000FCF7FCFF0020FCF7F9FF7620FCF7F6FF65
:1084A0000020FCF7F3FF6620FCF7F0FF0020FCF74C
:1084B000EDFF6720FCF7EAFF0020FCF7E7FF6720ED
:1084C000FCF7E4FF0020FCF7E1FF8720FCF7DEFF6C
:1084D0000020FCF7DBFF9920FCF7D8FF0020FCF719
:1084E000D5FFBB20FCF7D2FF0020FCF7CFFF99207F
:1084F000FCF7CCFF0020FCF7C9FF7720FCF7C6FF94
:108500000020FCF7C3FF4420FCF7C0FF0020FCF76D
:10851000BDFF5620FCF7BAFF0020FCF7B7FF232071
:10852000FCF7B4FF0020FCF7B1FF3320FCF7AEFFEF
:108530000020FCF7ABFF4520FCF7A8FF0020FCF76C
:10854000A5FFE820FCF7AEFF0020FCF79FFF00200E
:10855000FCF79CFF9920FCF799FF0020FCF796FFA1
:108560008720FCF793FF0020FCF790FF8820FCF7A2
:108570008DFF0020FCF78AFF7720FCF787FF0020A3
:10858000FCF784FF6620FCF781FF0020FCF77EFFEC
:108590008820FCF77BFF0020FCF778FFAA20FCF77F
:1085A00075FF0020FCF772FFBB20FCF76FFF002077
:1085B000FCF76CFF9920FCF769FF0020FCF766FFD1
:1085C0006620FCF763FF0020FCF760FF5520FCF7F6
:1085D0005DFF0020FCF75AFF5520FCF757FF0020F5
:1085E000FCF754FF4420FCF751FF0020FCF74EFF3E
:1085F0004420FCF74BFF0020FCF748FF5520FCF718
:1086000045FF0020FCF742FFE920FCF74BFFAA20C2
:10861000FCF73CFF0020FCF739FF0020FCF736FF99
:108620000020FCF733FF0020FCF73CFFAA20FCF7FA
:108630002DFFCF20FCF736FF0020FCF727FF00209E
:10864000FCF724FF0020FCF721FF0020FCF71EFFB1
:108650000020FCF71BFF0020FCF718FF0020FCF7B0
:1086600015FF0020FCF712FF0020FCF70FFF002091
:10867000FCF70CFF0020FCF709FF0020FCF706FFC9
:108680000020FCF703FF0020FCF700FF0020FCF7B0
:10869000FDFE0020FCF7FAFE0020FCF7F7FEF020BC
:1086A000FCF700FF0020FCF7F1FE5020FCF7EEFE87
:1086B0000020FCF7EBFE0020FCF7E8FE0020FCF7B2
:1086C000E5FEF320FCF7EEFE0020FCF7DFFEF920CC
:1086D000FCF7E8FE0620FCF7D9FE1020FCF7D6FEDA
:1086E0002920FCF7D3FE0020FCF7D0FE3A20FCF74F
:1086F000D9FE5520FCF7CAFE1120FCF7D3FE6420FA
:1087000008F050FE2920FCF7CDFE3520FCF7CAFE0C
:108710000020FCF7BBFE5120FCF7C4FEFF20FCF755
:10872000B5FE5320FCF7BEFE2C20FCF7AFFE552013
:10873000FCF7B8FE8220FCF7A9FE2C20FCF7B2FE65
:1087400002F028B8FE48808845F2105188427DD159
:1087500055214FF47040FCF7BBFEAA214FF20100F7
:10876000FCF7B6FE52214FF20200FCF7B1FE0821E1
:108770004FF20300FCF7ACFE01214FF20400FCF7BE
:10878000A7FE0D214FF43040FCF7A2FE0D214BF265
:108790000100FCF79DFE0D214BF20200FCF798FE54
:1087A00034214FF43640FCF793FE34214BF2016044
:1087B000FCF78EFE34214BF20260FCF789FE0D219E
:1087C0004FF43140FCF784FE0D214BF20110FCF711
:1087D0007FFE0D214BF20210FCF77AFE34214FF49C
:1087E0003740FCF775FE34214BF20170FCF770FE48
:1087F00034214BF20270FCF76BFE00214FF4324043
:10880000FCF766FE00214BF20120FCF761FE00211F
:108810004BF20220FCF75CFE24214FF43840FCF7B9
:1088200057FE24214BF60100FCF752FE24214BF6A3
:108830000200FCF74DFE01214FF43F40FCF748FEDB
:108840000F214FF43340FCF743FE00E0FDE30F211E
:108850004BF20130FCF73CFE0F214BF20230FCF7EB
:1088600037FE34214FF43940FCF732FE34214BF609
:108870000110FCF72DFE34214BF60210FCF728FE08
:1088800008214FF43540FCF723FE08214BF201503C
:10889000FCF71EFE08214BF20250FCF719FE0321E3
:1088A0004FF44240FCF714FE24214FF43A40FCF709
:1088B0000FFE24214BF60120FCF70AFE24214BF683
:1088C0000220FCF705FE00214FF43C40FCF700FEBF
:1088D00078214BF60140FCF7FBFD00214BF60240EE
:1088E000FCF7F6FD00214FF43D40FCF7F1FD782147
:1088F0004BF60150FCF7ECFD00214BF60250FCF763
:10890000E7FD00214FF43E40FCF7E2FD64214BF609
:108910000160FCF7DDFD00214FF45140FCF7D8FD6C
:1089200033214DF20110FCF7D3FD00214DF202106E
:10893000FCF7CEFD34214DF20310FCF7C9FD0021F8
:108940004DF20410FCF7C4FD3A214DF20510FCF77E
:10895000BFFD00214DF20610FCF7BAFD4A214DF291
:108960000710FCF7B5FD00214DF20810FCF7B0FD33
:108970005C214DF20910FCF7ABFD00214DF20A100D
:10898000FCF7A6FD81214DF20B10FCF7A1FD0021A3
:108990004DF20C10FCF79CFDA6214DF20D10FCF7DA
:1089A00097FD00214DF20E10FCF792FDE5214DF2EE
:1089B0000F10FCF78DFD01214DF21010FCF788FD22
:1089C00013214DF21110FCF783FD01214DF212101D
:1089D000FCF77EFD54214DF21310FCF779FD0121C7
:1089E0004DF21410FCF774FD82214DF21510FCF7C6
:1089F0006FFD01214DF21610FCF76AFDCA214DF200
:108A00001710FCF765FD02214DF21810FCF760FD10
:108A100000214DF21910FCF75BFD02214DF21A10F6
:108A2000FCF756FD01214DF21B10FCF751FD022110
:108A30004DF21C10FCF74CFD34214DF21D10FCF7DB
:108A400047FD02214DF21E10FCF742FD67214DF259
:108A50001F10FCF73DFD02214DF22010FCF738FD00
:108A600084214DF22110FCF733FD02214DF222103A
:108A7000FCF72EFDA4214DF22310FCF729FD022165
:108A80004DF22410FCF724FDB7214DF22510FCF720
:108A90001FFD02214DF22610FCF71AFDCF214DF2E9
:108AA0002710FCF715FD02214DF22810FCF710FDF0
:108AB000DE214DF22910FCF70BFD02214DF22A10A8
:108AC000FCF706FDF2214DF22B10FCF701FD02210F
:108AD0004DF22C10FCF7FCFCFE214DF22D10FCF7A2
:108AE000F7FC03214DF22E10FCF7F2FC10214DF2A1
:108AF0002F10FCF7EDFC03214DF23010FCF7E8FCE1
:108B000033214DF23110FCF7E3FC03214DF232101A
:108B1000FCF7DEFC6D214DF23310FCF7D9FC00218F
:108B20004FF45240FCF7D4FC33214DF20120FCF706
:108B3000CFFC00214DF20220FCF7CAFC342101E0F9
:108B4000B42700204DF20320FCF7C2FC00214DF2B7
:108B50000420FCF7BDFC3A214DF20520FCF7B8FCDF
:108B600000214DF20620FCF7B3FC4A214DF207200C
:108B7000FCF7AEFC00214DF20820FCF7A9FC5C21BB
:108B80004DF20920FCF7A4FC00214DF20A20FCF76D
:108B90009FFC81214DF20B20FCF79AFC00214DF245
:108BA0000C20FCF795FCA6214DF20D20FCF790FC63
:108BB00000214DF20E20FCF78BFCE5214DF20F2039
:108BC000FCF786FC01214DF21020FCF781FC1321FB
:108BD0004DF21120FCF77CFC01214DF21220FCF734
:108BE00077FC54214DF21320FCF772FC01214DF269
:108BF0001420FCF76DFC82214DF21520FCF768FC77
:108C000001214DF21620FCF763FCCA214DF217201A
:108C1000FCF75EFC02214DF21820FCF759FC002104
:108C20004DF21920FCF754FC02214DF21A20FCF7FA
:108C30004FFC01214DF21B20FCF74AFC02214DF2B2
:108C40001C20FCF745FC34214DF21D20FCF740FCB4
:108C500002214DF21E20FCF73BFC67214DF21F2044
:108C6000FCF736FC02214DF22020FCF731FC842178
:108C70004DF22120FCF72CFC02214DF22220FCF7C2
:108C800027FCA4214DF22320FCF722FC02214DF207
:108C90002420FCF71DFCB7214DF22520FCF718FC21
:108CA00002214DF22620FCF713FCCF214DF22720A4
:108CB000FCF70EFC02214DF22820FCF709FCDE2116
:108CC0004DF22920FCF704FC02214DF22A20FCF78A
:108CD000FFFBF2214DF22B20FCF7FAFB02214DF2B3
:108CE0002C20FCF7F5FBFE214DF22D20FCF7F0FBCC
:108CF00003214DF22E20FCF7EBFB10214DF22F202B
:108D0000FCF7E6FB03214DF23020FCF7E1FB3321B9
:108D10004DF23120FCF7DCFB03214DF23220FCF751
:108D2000D7FB6D214DF23320FCF7D2FB00214FF42D
:108D30005340FCF7CDFB33214DF20130FCF7C8FB6B
:108D400000214DF20230FCF7C3FB34214DF2033019
:108D5000FCF7BEFB00214DF20430FCF7B9FB3A21D1
:108D60004DF20530FCF7B4FB00214DF20630FCF764
:108D7000AFFB4A214DF20730FCF7AAFB00214DF270
:108D80000830FCF7A5FB5C214DF20930FCF7A0FB95
:108D900000214DF20A30FCF79BFB81214DF20B3094
:108DA000FCF796FB00214DF20C30FCF791FBA6215D
:108DB0004DF20D30FCF78CFB00214DF20E30FCF72C
:108DC00087FBE5214DF20F30FCF782FB01214DF2CC
:108DD0001030FCF77DFB13214DF21130FCF778FBCE
:108DE00001214DF21230FCF773FB54214DF2133088
:108DF000FCF76EFB01214DF21430FCF769FB822178
:108E00004DF21530FCF764FB01214DF21630FCF7F2
:108E10005FFBCA214DF21730FCF75AFB02214DF2DD
:108E20001830FCF755FB00214DF21930FCF750FBD0
:108E300002214DF21A30FCF74BFB01214DF21B30A1
:108E4000FCF746FB02214DF21C30FCF741FB3421BC
:108E50004DF21D30FCF73CFB02214DF21E30FCF7B9
:108E600037FB67214DF21F30FCF732FB02214DF238
:108E70002030FCF72DFB84214DF22130FCF728FB3C
:108E800002214DF22230FCF723FBA4214DF22330C6
:108E9000FCF71EFB02214DF22430FCF719FBB72131
:108EA0004DF22530FCF714FB02214DF22630FCF781
:108EB0000FFBCF214DF22730FCF70AFB02214DF2C8
:108EC0002830FCF705FBDE214DF22930FCF700FBD2
:108ED00002214DF22A30FCF7FBFAF2214DF22B3041
:108EE000FCF7F6FA02214DF22C30FCF7F1FAFE21E4
:108EF0004DF22D30FCF7ECFA03214DF22E30FCF749
:108F0000E7FA10214DF22F30FCF7E2FA03214DF27F
:108F10003030FCF7DDFA33214DF23130FCF7D8FA6E
:108F200003214DF23230FCF7D3FA6D214DF233308C
:108F3000FCF7CEFA00214FF45440FCF7C9FA332174
:108F40004DF20140FCF7C4FA00214DF20240FCF75B
:108F5000BFFA34214DF20340FCF7BAFA00214DF27A
:108F60000440FCF7B5FA3A214DF20540FCF7B0FA9F
:108F700000214DF20640FCF7ABFA4A214DF20740C2
:108F8000FCF7A6FA00214DF20840FCF7A1FA5C219B
:108F90004DF20940FCF79CFA00214DF20A40FCF723
:108FA00097FA81214DF20B40FCF792FA00214DF225
:108FB0000C40FCF78DFAA6214DF20D40FCF788FA23
:108FC00000214DF20E40FCF783FAE5214DF20F40EF
:108FD000FCF77EFA01214DF21040FCF779FA1321DB
:108FE0004DF21140FCF774FA01214DF21240FCF7EA
:108FF0006FFA54214DF21340FCF76AFA01214DF249
:109000001440FCF765FA82214DF21540FCF760FA36
:1090100001214DF21640FCF75BFACA214DF21740D0
:10902000FCF756FA02214DF21840FCF751FA0021E4
:109030004DF21940FCF74CFA02214DF21A40FCF7B0
:1090400047FA01214DF21B4000E006E3FCF740FA2D
:1090500002214DF21C40FCF73BFA34214DF21D4039
:10906000FCF736FA02214DF21E40FCF731FA672177
:109070004DF21F40FCF72CFA02214DF22040FCF784
:1090800027FA84214DF22140FCF722FA02214DF209
:109090002240FCF71DFAA4214DF22340FCF718FAF8
:1090A00002214DF22440FCF713FAB7214DF225407E
:1090B000FCF70EFA02214DF22640FCF709FACF2107
:1090C0004DF22740FCF704FA02214DF22840FCF74C
:1090D000FFF9DE214DF22940FCF7FAF902214DF2A9
:1090E0002A40FCF7F5F9F2214DF22B40FCF7F0F99C
:1090F00002214DF22C40FCF7EBF9FE214DF22D4000
:10910000FCF7E6F903214DF22E40FCF7E1F91021BE
:109110004DF22F40FCF7DCF903214DF23040FCF713
:10912000D7F933214DF23140FCF7D2F903214DF24A
:109130003240FCF7CDF96D214DF23340FCF7C8F910
:1091400000214FF45540FCF7C3F933214DF2015093
:10915000FCF7BEF900214DF20250FCF7B9F93421B9
:109160004DF20350FCF7B4F900214DF20450FCF726
:10917000AFF93A214DF20550FCF7AAF900214DF262
:109180000650FCF7A5F94A214DF20750FCF7A0F96B
:1091900000214DF20850FCF79BF95C214DF209507B
:1091A000FCF796F900214DF20A50FCF791F9812164
:1091B0004DF20B50FCF78CF900214DF20C50FCF7EE
:1091C00087F9A6214DF20D50FCF782F900214DF2EE
:1091D0000E50FCF77DF9E5214DF20F50FCF778F9C0
:1091E00001214DF21050FCF773F913214DF211508B
:1091F000FCF76EF901214DF21250FCF769F9542188
:109200004DF21350FCF764F901214DF21450FCF7B4
:109210005FF982214DF21550FCF75AF901214DF208
:109220001650FCF755F9CA214DF21750FCF750F9CA
:1092300002214DF21850FCF74BF900214DF2195064
:10924000FCF746F902214DF21A50FCF741F90121D1
:109250004DF21B50FCF73CF902214DF21C50FCF77B
:1092600037F934214DF21D50FCF732F902214DF24D
:109270001E50FCF72DF967214DF21F50FCF728F91D
:1092800002214DF22050FCF723F984214DF22150A8
:10929000FCF71EF902214DF22250FCF719F9A42126
:1092A0004DF22350FCF714F902214DF22450FCF743
:1092B0000FF9B7214DF22550FCF70AF902214DF2C2
:1092C0002650FCF705F9CF214DF22750FCF700F9A5
:1092D00002214DF22850FCF7FBF8DE214DF2295017
:1092E000FCF7F6F802214DF22A50FCF7F1F8F221D2
:1092F0004DF22B50FCF7ECF802214DF22C50FCF70C
:10930000E7F8FE214DF22D50FCF7E2F803214DF273
:109310002E50FCF7DDF810214DF22F50FCF7D8F855
:1093200003214DF23050FCF7D3F833214DF2315088
:10933000FCF7CEF803214DF23250FCF7C9F86D214D
:109340004DF23350FCF7C4F800214FF45640FCF7BF
:10935000BFF833214DF20160FCF7BAF800214DF25D
:109360000260FCF7B5F834214DF20360FCF7B0F869
:1093700000214DF20460FCF7ABF83A214DF2056094
:10938000FCF7A6F800214DF20660FCF7A1F84A218F
:109390004DF20760FCF79CF800214DF20860FCF7E5
:1093A00097F85C214DF20960FCF792F800214DF22C
:1093B0000A60FCF78DF881214DF20B60FCF788F80C
:1093C00000214DF20C60FCF783F8A6214DF20D60F0
:1093D000FCF77EF800214DF20E60FCF779F8E521EC
:1093E0004DF20F60FCF774F801214DF21060FCF7AC
:1093F0006FF813214DF21160FCF76AF801214DF26C
:109400001260FCF765F854214DF21360FCF760F828
:1094100001214DF21460FCF75BF882214DF21560DA
:10942000FCF756F801214DF21660FCF751F8CA21FD
:109430004DF21760FCF74CF802214DF21860FCF772
:1094400047F800214DF21960FCF742F802214DF275
:109450001A60FCF73DF801214DF21B60FCF738F86B
:1094600002214DF21C60FCF733F834214DF21D60EF
:10947000FCF72EF802214DF21E60FCF729F8672157
:109480004DF21F60FCF724F802214DF22060FCF73A
:109490001FF884214DF22160FCF71AF802214DF2E9
:1094A0002260FCF715F8A4214DF22360FCF710F8B8
:1094B00002214DF22460FCF70BF8B7214DF2256034
:1094C000FCF706F802214DF22660FCF701F8CF21E7
:1094D0004DF22760FBF7FCFF02214DF22860FBF7FD
:1094E000F7FFDE214DF22960FBF7F2FF02214DF27A
:1094F0002A60FBF7EDFFF2214DF22B60FBF7E8FF4E
:1095000002214DF22C60FBF7E3FFFE214DF22D60AE
:10951000FBF7DEFF03214DF22E60FBF7D9FF102190
:109520004DF22F60FBF7D4FF03214DF23060FBF7C3
:10953000CFFF33214DF23160FBF7CAFF03214DF21B
:109540003260FBF7C5FF6D214DF23360FBF7C0FFC2
:1095500055214FF47040FBF7BBFFAA214FF20100E9
:10956000FBF7B6FF52214FF20200FBF7B1FF0821D3
:109570004FF20300FBF7ACFF00214FF20400FBF7B2
:10958000A7FFCC214FF43140FBF7A2FF00214BF2A3
:109590000110FBF79DFF05214FF43640FBF798FFC4
:1095A00070214FF43740FBF793FF70214BF20170AD
:1095B000FBF78EFF01214FF43840FBF789FF0321B1
:1095C0004BF60100FBF784FF03214BF60200FBF78B
:1095D0007FFF03214BF60300FBF77AFF02214FF4D4
:1095E0003C40FBF775FF00214BF60140FBF770FF95
:1095F00000214BF60240FBF76BFFD0214FF44940AE
:10960000FBF766FF02214CF60110FBF761FF5021CA
:109610004CF60210FBF75CFF50214CF60310FBF7F1
:1096200057FF50214CF60410FBF752FF00214FF476
:109630005450FBF74DFF55214FF46850FBF748FF9E
:109640004FF48850FBF72EFF782007F0D3FE4FF43D
:109650002450FBF727FF01F09DB8FE48808849F2AF
:10966000253188427ED147F6F001E520FBF730FF37
:109670004FF480710120FBF72BFF4FF4E0610220D3
:10968000FBF726FF41F230010320FBF721FF002109
:109690000420FBF71DFF40F202210820FBF718FF12
:1096A00000210920FBF714FF00210A20FBF710FF1F
:1096B00000210C20FBF70CFF00210D20FBF708FF19
:1096C00000210F20FBF704FF00211020FBF700FF13
:1096D00007211120FBF7FCFE00211220FBF7F8FE0A
:1096E00000211320FBF7F4FE00210720FBF7F0FE1A
:1096F00041F290611020FBF7EBFE40F22721112090
:10970000FBF7E6FE9D211220FBF7E2FE4FF4C85165
:109710001320FBF7DDFE25212920FBF7D9FE0D21C3
:109720002B20FBF7D5FE07213020FBF7D1FE40F2BE
:1097300003313120FBF7CCFE03213220FBF7C8FEBA
:1097400040F206213520FBF7C3FE08213620FBF747
:10975000BFFE40F206413720FBF7BAFE4FF44171DD
:10976000382000E057E0FBF7B3FE07213920FBF774
:10977000AFFE40F202613C20FBF7AAFE08213D202B
:10978000FBF7A6FE00215020FBF7A2FEEF2151209F
:10979000FBF79EFE00215220FBF79AFE40F23F119C
:1097A0005320FBF795FE4FF427416020FBF790FE16
:1097B00001216120FBF78CFE00216A20FBF788FE67
:1097C00000218020FBF784FE00218120FBF780FE32
:1097D00000218220FBF77CFE00218320FBF778FE2E
:1097E00000218420FBF774FE00218520FBF770FE2A
:1097F00010219020FBF76CFE4FF4C0619220FBF724
:1098000067FE40F233110720FBF762FE22210020A1
:10981000FBF75EFE1FE78F48808849F228318842B7
:109820007ED141F28F01EC20FBF752FE41F2342150
:10983000EF20FBF74DFE4FF480710120FBF748FE4F
:109840004FF4E0610220FBF743FE41F230010320B8
:10985000FBF73EFE00210420FBF73AFE40F2022116
:109860000820FBF735FE00210920FBF731FE00211F
:109870000A20FBF72DFE01210C20FBF729FE002119
:109880000D20FBF725FE00210F20FBF721FE002114
:109890001020FBF71DFE07211120FBF719FE002108
:1098A0001220FBF715FE00211320FBF711FE01210A
:1098B0000720FBF70DFE322007F074FD41F29041C6
:1098C0001020FBF705FE40F227211120FBF700FED8
:1098D000322007F067FD8A211220FBF7F9FD3220C4
:1098E00007F060FD4FF4D0511320FBF7F1FD062186
:1098F0002920FBF7EDFD0D212B20FBF7E9FD3220A0
:1099000007F050FD00212020FBF7E2FD002121207F
:10991000FBF7DEFD322007F045FD0021302000E09E
:1099200074E0FBF7D5FD40F204613120FBF7D0FD78
:1099300040F205313220FBF7CBFD00213520FBF74B
:10994000C7FD40F609413620FBF7C2FD4FF4017117
:109950003720FBF7BDFD40F201313820FBF7B8FDA1
:1099600040F207713920FBF7B3FD00213C20FBF7E3
:10997000AFFD40F60A213D20FBF7AAFD322007F09B
:1099800011FD00215020FBF7A3FDEF215120FBF733
:109990009FFD00215220FBF79BFD40F23F11532019
:1099A000FBF796FD4FF427416020FBF791FD012165
:1099B0006120FBF78DFD00216A20FBF789FD002166
:1099C0008020FBF785FD00218120FBF781FD002130
:1099D0008220FBF77DFD00218320FBF779FD00212C
:1099E0008420FBF775FD00218520FBF771FD102118
:1099F0009020FBF76DFD4FF4C0619220FBF768FDEE
:109A000040F233110720FBF763FD24E611488088FC
:109A100049F2203188427DD100210846FBF758FDEC
:109A20004FF480710120FBF753FD4FF4E0610220F9
:109A3000FBF74EFD41F230010320FBF749FD002109
:109A40000420FBF745FD40F202210820FBF740FD12
:109A5000002101E0B42700200920FBF739FD002197
:109A60000A20FBF735FD01210C20FBF731FD002119
:109A70000D20FBF72DFD00210F20FBF729FD3220E3
:109A800007F090FC40F201110720FBF721FD322086
:109A900007F088FC4FF486511020FBF719FD0721D1
:109AA0001120FBF715FD4FF488711220FBF710FD14
:109AB0004FF430611320FBF70BFD00212920FBF749
:109AC00007FD44F210012B20FBF702FD002150207E
:109AD000FBF7FEFCEF215120FBF7FAFC002152209E
:109AE000FBF7F6FC40F23F115320FBF7F1FC4FF47B
:109AF0001C516020FBF7ECFC01216120FBF7E8FC26
:109B000000216A20FBF7E4FC00218020FBF7E0FC49
:109B1000002100E031E08120FBF7DAFC0021822007
:109B2000FBF7D6FC00218320FBF7D2FC0021842028
:109B3000FBF7CEFC00218520FBF7CAFC102190200A
:109B4000FBF7C6FC00219220FBF7C2FC0121932009
:109B5000FBF7BEFC4FF488719520FBF7B9FC0021A0
:109B60009720FBF7B5FC00219820FBF7B1FC40F2F1
:109B700073110720FBF7ACFC6DE5FE48808849F2C5
:109B8000313188427DD141F21401E720FBF7A0FC7E
:109B90004FF480710120FBF79BFC4FF40071022011
:109BA000FBF796FC41F238010320FBF791FC40F2F1
:109BB00002210820FBF78CFC00210920FBF788FC20
:109BC00000210A20FBF784FC00210C20FBF780FC1D
:109BD00000210D20FBF77CFC00210F20FBF778FC17
:109BE00000211020FBF774FC07211120FBF770FC0B
:109BF00000211220FBF76CFC00211320FBF768FC0E
:109C0000C82007F0CFFB41F290611020FBF760FC09
:109C100040F227211120FBF75BFC322007F0C2FB4A
:109C20000C211220FBF754FC322007F0BBFB4FF451
:109C300000611320FBF74CFC11212920FBF748FCA5
:109C40000B212B20FBF744FC322007F0ABFB00215B
:109C50002020FBF73DFC40F23F112120FBF738FCB0
:109C600000213020FBF734FC4FF483713120FBF7E7
:109C70002FFC00213220FBF72BFC4FF40171352023
:109C800000E064E0FBF724FC41F20A613620FBF7B8
:109C90001FFC40F207713720FBF71AFC4FF4837169
:109CA0003820FBF715FC40F207713920FBF710FC58
:109CB00040F202413C20FBF70BFC40F60F413D20F7
:109CC000FBF706FC00215020FBF702FCEF2151209E
:109CD000FBF7FEFB00215220FBF7FAFB40F23F119D
:109CE0005320FBF7F5FB4FF41C516020FBF7F0FB12
:109CF00001216120FBF7ECFB00216A20FBF7E8FB68
:109D000000218020FBF7E4FB00218120FBF7E0FB32
:109D100000218220FBF7DCFB00218320FBF7D8FB2E
:109D200000218420FBF7D4FB00218520FBF7D0FB2A
:109D300010219020FBF7CCFB4FF4C0619220FBF781
:109D4000C7FB40F233110720FBF7C2FB83E48948CD
:109D5000808845F2084188427ED14FF4807101200D
:109D6000FBF7B6FB4FF4E0610220FBF7B1FB41F2D9
:109D700030010320FBF7ACFB00210420FBF7A8FB1C
:109D800040F207210820FBF7A3FB00210920FBF785
:109D90009FFB00210A20FBF79BFB00210C20FBF717
:109DA00097FB00210D20FBF793FB00210F20FBF711
:109DB0008FFB142007F0F6FA41F2B0611020FBF798
:109DC00087FB01211120FBF783FB01211720FBF703
:109DD0007FFB4FF49C711220FBF77AFB4FF400617C
:109DE0001320FBF775FB09212920FBF771FB0921E3
:109DF0002A20FBF76DFB0021A420FBF769FB002163
:109E00005020FBF765FBEF215120FBF761FB0021A0
:109E10005220FBF75DFB40F23F115320FBF758FB4C
:109E20004FF41C516020FBF753FB01216120FBF72D
:109E30004FFB00216A20FBF74BFB00218020FBF742
:109E400047FB00218120FBF743FB00218220FBF729
:109E50003FFB0021832000E023E0FBF739FB0021DA
:109E60008420FBF735FB00218520FBF731FB132114
:109E70009020FBF72DFB00219220FBF729FB03210B
:109E80009320FBF725FB4FF488719520FBF720FB0F
:109E900040F273110720FBF71BFB322007F082FA18
:109EA000B8E43448808841F2055188427ED10021CF
:109EB0000720FBF70DFB322007F074FA4FF48E7188
:109EC0001220FBF705FB0121A420FBF701FB0F216A
:109ED0000820FBF7FDFA08210A20FBF7F9FA082110
:109EE0000D20FBF7F5FA40F207713020FBF7F0FA8E
:109EF00007213120FBF7ECFA40F203613220FBF737
:109F0000E7FA4FF4E0613320FBF7E2FA40F2022176
:109F10003420FBF7DDFA02213520FBF7D9FA41F6B0
:109F20000F713620FBF7D4FA40F207713720FBF7A8
:109F3000CFFA00213820FBF7CBFA00213920FBF7BC
:109F4000C7FA40F207713A20FBF7C2FA00213B2022
:109F5000FBF7BEFA07213C20FBF7BAFA00213D20AF
:109F6000FBF7B6FA322007F01DFA01210720FBF7B4
:109F7000AFFA01E0B427002001211720FBF7A8FA6F
:109F8000322007F00FFA4FF4BD511020FBF7A0FA72
:109F900040F217211120FBF79BFA4FF48F7112202A
:109FA000FBF796FA4FF47061132000E097E0FBF79F
:109FB0008FFA00212A20FBF78BFA0A212920FBF7D0
:109FC00087FA4FF49F711220FBF782FA002150208C
:109FD000FBF77EFAEF215120FBF77AFA002152209D
:109FE000FBF776FA40F23F115320FBF771FA4FF47A
:109FF0001C516020FBF76CFA01216120FBF768FA25
:10A0000000216A20FBF764FA00218020FBF760FA48
:10A0100000218120FBF75CFA00218220FBF758FA2F
:10A0200000218320FBF754FA00218420FBF750FA2B
:10A0300000218520FBF74CFA13219020FBF748FA0A
:10A040004FF440719220FBF743FA05219320FBF770
:10A050003FFA00219520FBF73BFA00219720FBF700
:10A0600037FA00219820FBF733FA4FF48071012072
:10A07000FBF72EFA4FF4E0610220FBF729FA41F2D8
:10A0800038010320FBF724FA00210420FBF720FA13
:10A0900000210C20FBF71CFA00210F20FBF718FA17
:10A0A00000212020FBF714FA00212120FBF710FAF1
:10A0B00021210720FBF70CFA142007F073F9612126
:10A0C0000720FBF705FA142007F06CF940F2731132
:10A0D0000720FBF7FDF9142007F064F95AE3FE4866
:10A0E00080884BF2055188427ED100210846FBF75B
:10A0F000EFF900210846FBF7EBF900210846FBF7D2
:10A10000E7F900210846FBF7E3F90121A420FBF75A
:10A11000DFF9142007F046F94FF41C516020FBF7DB
:10A12000D7F940F202210820FBF7D2F94FF405716C
:10A130003020FBF7CDF943F215713120FBF7C8F958
:10A1400040F204613220FBF7C3F940F61661332078
:10A15000FBF7BEF942F211213420FBF7B9F94FF4B5
:10A16000A8513520FBF7B4F948F207513620FBF728
:10A17000AFF941F207413720FBF7AAF941F2034159
:10A180003820FBF7A5F920213920FBF7A1F91A2186
:10A190009020FBF79DF900211020FBF799F907218A
:10A1A0001120FBF795F900211220FBF791F900210E
:10A1B0001320FBF78DF9142007F0F4F84FF4E66153
:10A1C0001020FBF785F940F237111120FBF780F9D9
:10A1D000142007F0E7F84FF4DC711220FBF778F950
:10A1E000142007F0DFF800E083E04FF470611320E3
:10A1F000FBF76EF980212A20FBF76AF94821292014
:10A20000FBF766F9142007F0CDF84FF480710120B8
:10A21000FBF75EF94FF4E0610220FBF759F941F2D8
:10A2200038010320FBF754F940F202210820FBF724
:10A230004FF900210A20FBF74BF900210C20FBF716
:10A2400047F900210D20FBF743F930210E20FBF7E1
:10A250003FF900215020FBF73BF9EF215120FBF79C
:10A2600037F900215220FBF733F940F23F11532018
:10A27000FBF72EF94FF41C516020FBF729F901215F
:10A280006120FBF725F900216A20FBF721F9112154
:10A290009020FBF71DF94FF4C0619220FBF718F9ED
:10A2A00040F202419320FBF713F902219420FBF7BF
:10A2B0000FF9142007F076F801210720FBF708F9C1
:10A2C000142007F06FF861210720FBF701F940F235
:10A2D00073110720FBF7FCF800212020FBF7F8F8AA
:10A2E00000212120FBF7F4F822210020FBF7F0F8F1
:10A2F00050E2794880884CF2055188427ED1002195
:10A300000846FBF7E5F800210846FBF7E1F81420C2
:10A3100007F048F800210846FBF7DAF80021084664
:10A32000FBF7D6F800210846FBF7D2F800210846D3
:10A33000FBF7CEF80121A420FBF7CAF8142007F0A0
:10A3400031F84FF41C516020FBF7C2F840F60601CB
:10A350000820FBF7BDF840F203713020FBF7B8F896
:10A3600001213120FBF7B4F804213220FBF7B0F8CB
:10A370004FF481713320FBF7ABF84FF44071342078
:10A38000FBF7A6F840F203113520FBF7A1F81F21D7
:10A390003620FBF79DF840F203713720FBF798F861
:10A3A00001213820FBF794F804213920FBF790F8BD
:10A3B00015219020FBF78CF84FF482611020FBF7F9
:10A3C00087F840F247211120FBF782F84FF4DE7145
:10A3D0001220FBF77DF84FF460611320FBF778F84B
:10A3E000782006F0DFFF4FF480710120FBF770F852
:10A3F0004FF400710220FBF76BF800E050E041F2EF
:10A4000030010320FBF764F808210A20FBF760F80D
:10A4100000210C20FBF75CF820210E20FBF758F8F8
:10A4200000210F20FBF754F800212020FBF750F803
:10A4300000212120FBF74CF83D212A20FBF748F8AA
:10A44000142006F0AFFF2D212920FBF741F8002151
:10A450005020FBF73DF84DF2EF015120FBF738F8A3
:10A4600000215220FBF734F840F23F115320FBF754
:10A470002FF800216120FBF72BF800216A20FBF761
:10A4800027F84FF440719220FBF722F80521932022
:10A49000FBF71EF84FF480710720FBF719F879E1FC
:10A4A0000D48808844F2315188427CD1012100203E
:10A4B000FBF70EF80A2006F075FF41F22861102024
:10A4C000FBF706F80E211220FBF702F840F63921BF
:10A4D0001320FAF7FDFF01E0B42700200A2006F060
:10A4E00061FF40211120FAF7F3FF50211520FAF700
:10A4F000EFFF0A2006F056FF1E211220FAF7E8FFB0
:10A500000A2006F04FFF4FF4B1511020FAF7E0FF98
:10A5100042F639211320FAF7DBFF0A2006F042FF4A
:10A520004FF480710120FAF7D3FF4FF440710220FD
:10A53000FAF7CEFF41F238010320FAF7C9FF40F2E3
:10A5400002210820FAF7C4FF08210A20FAF7C0FF09
:10A5500000213020FAF7BCFF40F202413120FAF727
:10A56000B7FF4FF483713220FAF7B2FF40F2035184
:10A570003320FAF7ADFF4FF482713420FAF7A8FFC9
:10A5800040F201313520FAF7A3FF40F2077136207F
:10A59000FAF79EFF40F205313720FAF799FF4FF4A2
:10A5A0000271382000E040E0FAF792FF40F60B71AC
:10A5B0003920FAF78DFF02214120FAF789FF4FF485
:10A5C0001C516020FAF784FF01216120FAF780FF17
:10A5D0004FF404719020FAF77BFF4FF485719220BD
:10A5E000FAF776FF04219320FAF772FF4FF4807197
:10A5F000A020FAF76DFF01210720FAF769FF21215A
:10A600000720FAF765FF23210720FAF761FF3321BE
:10A610000720FAF75DFF40F233110720FAF758FFE1
:10A620000021A020FAF754FFB4E06048808844F28B
:10A6300035518842F8D130211520FAF749FF102111
:10A640009A20FAF745FF20211120FAF741FF43F243
:10A6500028411020FAF73CFF02211220FAF738FFB8
:10A6600041F238011320FAF733FF282006F09AFE52
:10A6700012210846FAF72CFF282006F093FE43F239
:10A6800020411020FAF724FF43F238011320FAF793
:10A690001FFF462006F086FE00213020FAF718FF43
:10A6A00040F202413120FAF713FF40F20731322025
:10A6B000FAF70EFF4FF441713320FAF709FF042136
:10A6C0003420FAF705FF40F201413520FAF700FF88
:10A6D00040F207713620FAF7FBFE40F205313720D1
:10A6E000FAF7F6FE4FF4C2613820FAF7F1FE4FF4A4
:10A6F000C2613920FAF7ECFE4FF480710120FAF7BD
:10A70000E7FE4FF440710220FAF7E2FE41F2300119
:10A710000320FAF7DDFE40F608010820FAF7D8FE1C
:10A7200008210A20FAF7D4FE4FF41C516020FAF7F2
:10A73000CFFE01216120FAF7CBFE4FF49F719020EC
:10A74000FAF7C6FE4FF480719220FAF7C1FE4FF47B
:10A7500080719320FAF7BCFE4FF44051A020FAF725
:10A76000B7FE1021A320FAF7B3FE01210720FAF764
:10A77000AFFE21210720FAF7ABFE23210720FAF7CD
:10A78000A7FE33210720FAF7A3FE40F2331107207A
:10A79000FAF79EFE0120F9F793FC012004490860B6
:10A7A0004FF6FF70F9F748FC21B000BDB427002038
:10A7B0008482404210B50121034800F01AF80121BB
:10A7C000014800F013F810BD0004004010B501214D
:10A7D000054800F00EF8012805D10121024800F0DB
:10A7E00005F8F8F74BFB10BD00080040CA43028291
:10A7F000704730B50246002000230024158A05EA80
:10A800000103958905EA010413B10CB1012000E0B0
:10A81000002030BD2DE9FC5F04460D4617461E465C
:10A82000DDE90EABDDE90C894FF47840574908802B
:10A8300057A01021CDE90010564843880288A02176
:10A840002820FAF7DDFD54A01021CDE90010514871
:10A8500043880288A0217820FAF7D2FD4FA010216A
:10A86000CDE900104B4843880288B4212820FAF72C
:10A87000C7FD4BA01021CDE900104648438802884F
:10A88000B4217820FAF7BCFD46A01021CDE90010D4
:10A89000404843880288C8212820FAF7B1FD42A029
:10A8A0001021CDE900103B4843880288C821782058
:10A8B000FAF7A6FD3DA01021CDE9001035484388E8
:10A8C0000288DC212820FAF79BFD39A01021CDE970
:10A8D0000010304843880288DC217820FAF790FD88
:10A8E00034A01021CDE900102A4843880288F021C5
:10A8F0002820FAF785FD102004232246A02100908D
:10A900004020FAF733FD102004232A46A0210090AE
:10A910009020FAF72BFD102004233A46B421009032
:10A920004020FAF723FD102004233246B421009082
:10A930009020FAF71BFD102004234246C821009006
:10A940004020FAF713FD102004234A46C821009046
:10A950009020FAF70BFD102004235246DC210090D2
:10A960004020FAF703FD102004235A46DC21009012
:10A970009020FAF7FBFC1020009006480188032382
:10A980006020109AFAF7F2FCBDE8FC9F000000205E
:10A9900078313A00B427002079313A0078323A0011
:10A9A00079323A0078333A0079333A0078343A0011
:10A9B00079343A006661632069733A0000B597B054
:10A9C000002012900B9012901F21FE4801804FF63C
:10A9D000FF70FD490880F9F72FFB4FF47841F948E3
:10A9E00001804FF6FF70F9F727FB0020F54908803A
:10A9F000F648006810216423A022CDE90010282128
:10AA00000846FAF7FDFC4FF478421421084600F09E
:10AA10004BFC0021EE4880F820109FEDEE0A80EDFF
:10AA2000090A49E2EA4840680A9001200A998847E1
:10AA3000E74890F8200000F0C000402870D10020C6
:10AA40000B90E34890F8200020F04000E04981F8A6
:10AA500020000846828913A9129821F82020DC489A
:10AA6000C18A13AA129802EB800041801298401C00
:10AA7000C0B212901298012806D0022815D00328DF
:10AA800029D0042810D141E04FF6FF721421084666
:10AA900000F00AFCD0480088143880B24FF47842A5
:10AAA00014210A9000F000FCE8E3CB480088143839
:10AAB00080B24FF6FF7214210A9000F0F5FBC648F1
:10AAC0004088143880B24FF4784201460A9014202E
:10AAD00000F0EAFBD2E3C0484088143880B24FF659
:10AAE000FF7201460A90142000F0DEFBBA4840884D
:10AAF000143880B20A90B8480088143880B24FF4F5
:10AB0000784209900A9900F0CFFBB7E3BDF84C10EA
:10AB1000BDF85000081A0A90002802DB0A9802E0EB
:10AB2000ADE30A9840420F90BDF84E1013A8C088BC
:10AB3000081A0A90002801DB0A9801E00A984042AE
:10AB40000E900F9840430F900E9840430E90DDE911
:10AB50000E100844059007F0EBF8CDE906019DEDD5
:10AB6000060B06F025FB8DED080B9DED080B51EC57
:10AB7000100B07F099F880B21190BDF85400BDF8A1
:10AB80005810401A0A90002801DB0A9801E00A9840
:10AB900040420F9013A84189C089081A0A900028E2
:10ABA00001DB0A9801E00A9840420E900F9840435A
:10ABB0000F900E9840430E90DDE90E10084405906A
:10ABC00007F0B6F8CDE906019DED060B06F0F0FAA8
:10ABD0008DED080B9DED080B51EC100B07F064F8A0
:10ABE00080B210909DED110AF8EE400A9DED100A1A
:10ABF000B8EE401A80EE810A8DED0A0A0A9807F035
:10AC0000DDFBCDE90C019FED750B53EC102B9DED99
:10AC10000C0B51EC100B07F09FF80ED39FED710B4E
:10AC200053EC102B9DED0C0B51EC100B07F0CEF9F3
:10AC300003D3119808B11098F0BB00201290664819
:10AC40004088143880B20A9063480088143880B273
:10AC50004FF6FF7209900A9900F026FB4FF47842F4
:10AC60001421084600F020FB9FED600B53EC102BE5
:10AC70009DED0C0B51EC100B07F0AAF8CDE9080183
:10AC80009DED080B51EC100B07F00EF880B213A9E4
:10AC90000A90C989BDF8582013AB5B89CDE9013210
:10ACA000CDE90310BDF85400009013A8C0880990A6
:10ACB000BDF85000089000E00AE0BDF84E00079093
:10ACC000BDF84C00069007A90EC9FFF7A3FDE5E209
:10ACD000BDF84C10BDF85400081A0A90002801DB9A
:10ACE0000A9801E00A9840420F90BDF84E1013A850
:10ACF0004089081A0A90002801DB0A9801E00A98A6
:10AD000040420E900F9840430F900E9840430E9093
:10AD1000DDE90E100844059007F00AF8CDE90601B8
:10AD20009DED060B06F044FA8DED080B9DED080B2A
:10AD300051EC100B06F0B8FF80B21190BDF8500036
:10AD4000BDF85810401A0A90002801DB0A9801E06B
:10AD50000A9840420F9013A8C188C089081A0A9027
:10AD6000002801DB0A9801E00A9840420E900F98F3
:10AD700040430F900E9840430E90DDE90E100844BA
:10AD8000059006F0D5FFCDE906019DED060B06F016
:10AD90000FFA8DED080B9DED080B51EC100B06F032
:10ADA00083FF80B210909DED110AF8EE400A9DEDF0
:10ADB000100AB8EE401A80EE810A8DED0A0A0A9850
:10ADC00018E00000000000200200002048000020E1
:10ADD0000800002000000000B427002066666666B8
:10ADE0006666EE3FCDCCCCCCCCCCF03F0000000072
:10ADF0000000594007F0E2FACDE90C011FED090B04
:10AE000053EC102B9DED0C0B51EC100B06F0A4FF36
:10AE10000AD31FED0C0B53EC102B9DED0C0B51ECDA
:10AE2000100B07F0D3F848D200201290FE4840885B
:10AE3000143880B20A90FC480088143880B24FF66B
:10AE4000FF7209900A9900F02FFA4FF4784214210A
:10AE5000084600F029FA1FED1B0B53EC102B9DED5B
:10AE60000C0B51EC100B06F0B3FFCDE908019DED82
:10AE7000080B51EC100B06F017FF80B213A90A90D3
:10AE8000CA89BDF8581013AB5B89CDE90131CDE912
:10AE90000320BDF85400009013A8C0880990BDF8A5
:10AEA00050000890BDF84E000790BDF84C00069089
:10AEB00007A90EC9FFF7AEFCF0E1BDF85000BDF8E0
:10AEC0005410401A0A90002801DB0A9801E00A9801
:10AED00040420F9013A8C1884089081A0A900028A0
:10AEE00001DB0A9801E00A9840420E900F98404317
:10AEF0000F900E9840430E90DDE90E100844059027
:10AF000006F016FFCDE906019DED060B06F050F99F
:10AF10008DED080B9DED080B51EC100B06F0C4FEF7
:10AF200080B21190BDF84C00BDF85810401A0A903C
:10AF3000002801DB0A9801E00A9840420F90BDF812
:10AF40004E1013A8C089081A0A90002801DB0A983D
:10AF500001E00A9840420E900F9840430F900E98DF
:10AF600040430E90DDE90E100844059006F0E0FE27
:10AF7000CDE906019DED060B06F01AF98DED080BE3
:10AF80009DED080B51EC100B06F08EFE80B2109078
:10AF90009DED110AF8EE400A9DED100AB8EE401A38
:10AFA00080EE810A8DED0A0A0A9807F007FACDE9CA
:10AFB0000C011FED760B53EC102B9DED0C0B51EC9F
:10AFC000100B06F0C9FE0AD31FED7A0B53EC102BC1
:10AFD0009DED0C0B51EC100B06F0F8FF49D2002050
:10AFE000129091484088143880B20A908E480088A8
:10AFF000143880B24FF6FF7209900A9900F054F9A4
:10B000004FF478421421084600F04EF91FED890BE9
:10B0100053EC102B9DED0C0B51EC100B06F0D8FEF1
:10B02000CDE908019DED080B51EC100B06F03CFE3C
:10B0300080B202460A9013A8C089BDF8581013AB1D
:10B040005B89CDE90131CDE90302BDF854000090E0
:10B0500013A8C0880990BDF850000890BDF84E00B4
:10B060000790BDF84C00069007A90EC9FFF7D2FB68
:10B0700014E1BDF85000BDF84C10401A00EE100A63
:10B08000F8EEC00A68480088283800EE100AB8EECA
:10B09000C00A80EE201A654880ED091ABDF85000FC
:10B0A000BDF84C10084400EE100AF8EEC00A5E48E5
:10B0B000008800EE100AB8EE400A5C4890ED091ACC
:10B0C00001EE600AF0EE000A80EE201A80ED0B1A05
:10B0D00013A84089BDF84E10401A00EE100AF8EE91
:10B0E000C00A51484088283800EE100AB8EEC00A5D
:10B0F00080EE201A4D4880ED0A1A13A84089BDF849
:10B100004E10084400EE100AF8EEC00A4648408887
:10B1100000EE100AB8EE400A444890ED0A1A01EE1B
:10B12000600AF0EE000A80EE201A80ED0C1A90ED15
:10B13000090ABDEEC00A8DED090A0998002801DB55
:10B14000099801E00998404202280FDC374890ED49
:10B150000A0ABDEEC00A8DED0A0A0A98002801DB32
:10B160000A9801E00A984042022842DD002012902D
:10B170002D484088143880B20A902B480088143833
:10B1800080B24FF6FF7209900A9900F08DF84FF4E3
:10B1900078421421084600F087F825A01021CDE957
:10B1A0000010214840880A901F48008809900246F4
:10B1B0001A2128200A9BFAF723F91C4890F834003A
:10B1C00008B9012000E00020184981F83400084641
:10B1D00090F8340030B190201A490870D0201A49F4
:10B1E000087005E0D02017490870902016490870B3
:10B1F00054E01F21154801804FF6FF70F8F71CFF3F
:10B2000013A01021CDE90010074840880A90064895
:10B210000088099002466E2123200A9BFAF7F0F875
:10B220004FF47A7020E00000B427002008000020CE
:10B230005450204E65656420726561646A7573744C
:10B2400021000000400000204100002000000020FC
:10B25000546F7563682053637265656E2041646A3C
:10B26000757374204F4B210006F09CF800F030FA03
:10B270004FF6FF70F8F7E0FE17B000BD00BF0A20E0
:10B2800006F090F80B98401C80B20B900B98B0F52C
:10B290007A7F02DD00F040F802E000BFFFF7C2BB9A
:10B2A00000BF00BFE8E7000070B504460D46164633
:10B2B0001848068004F10D018AB2193988B22B466C
:10B2C0002946F9F7E5F805F10D0083B2193881B286
:10B2D00022462046F9F7DCF86A1C91B2621C90B253
:10B2E000F9F762F96A1C91B2621E90B2F9F75CF943
:10B2F0006A1E91B2621C90B2F9F756F96A1E91B2B9
:10B30000621E90B2F9F750F9062229462046F5F759
:10B31000A4FD70BD0000002010B586B018220021E9
:10B32000684600F023FC9DF80E400A2C4CD12748BB
:10B3300000990160046800EE104AB8EEC00ADFED23
:10B34000240A80EE201A234880ED091A1F4801992B
:10B350000160046800EE104AB8EEC00ADFED1C0A76
:10B3600080EE201A1B4880ED0A1A184802990160E5
:10B37000046800EE104AB8EEC00A164880ED0B0AC9
:10B38000124803990160046800EE104AB8EEC00A42
:10B39000104880ED0C0A9DF80D000E4981F834002C
:10B3A000084690F8340030B190200B490870D02046
:10B3B0000A49087005E0D020074908709020074925
:10B3C0000870012006B010BD0020FBE744000020FB
:10B3D00020BCBE4C0800002040000020410000209E
:10B3E0001CB53748808845F21051884218D1FBF7C8
:10B3F00027FB344834494860084690F8340040F050
:10B40000800081F83400084690F834002C4989798E
:10B4100001F0010108432C4981F8340000201CBDD3
:10B4200001212620FBF7D0FB4FF480400090002044
:10B430008DF804008DF8060003208DF8050001202A
:10B440008DF8070069462148F6F7D4F820200090CF
:10B4500000208DF804008DF8060003208DF805000B
:10B4600001208DF8070069461948F6F7C3F84FF434
:10B470003040009001208DF8040069461348F6F72B
:10B48000B9F811491631A1F10A0000F0A9F80E49E6
:10B490001631A1F10A0000F0A3F8FFF73DFF08B153
:10B4A0000020BCE70B480088F8F7C6FDFFF786FAD6
:10B4B00000F00EF9FFF730FF00BF0120AFE70000FA
:10B4C000B4270020610900080800002000040240A1
:10B4D000000802400200002070B506460025002446
:10B4E00000201F4908601F49C1F8BC021C49091F00
:10B4F0000860304600F0A6F9062005F07BFF00202A
:10B500001849C1F8B402012005F074FF0120144964
:10B51000086005F06FFF00201249C1F8B40200BFB7
:10B5200015E04FF6FF7000EA440400200C49086063
:10B53000012005F05FFF01200A49C1F8B402084864
:10B540007C38006808B1601C84B2681CC5B2102D3C
:10B55000E7DB241101200249091F0860204670BD65
:10B56000B4824042008040422DE9FE4380460027DD
:10B57000002406E04046FFF7AFFF2DF81400601CE2
:10B5800084B2052CF6DB002416E0601C85B20FE0C7
:10B590003DF814003DF81510884207DD3DF81460B1
:10B5A0003DF815002DF814002DF81560681C85B2C3
:10B5B000052DEDDB601C84B2042CE6DB00270124A2
:10B5C00005E03DF81400384487B2601C84B2042CB6
:10B5D000F7DB032097FBF0F086B23046BDE8FE8330
:10B5E0002DE9F04104460D4607480078FFF7BCFFFF
:10B5F000064606480078FFF7B7FF074626802F80EB
:10B600000120BDE8F0810000400000204100002042
:10B610007FB504460D4602A903A8FFF7E1FF0646E1
:10B6200016B9002004B070BD694601A8FFF7D8FF25
:10B6300006460EB90020F5E7BDF80400BDF80C1071
:10B64000884206DCBDF80C10BDF80400323081429F
:10B650000CDBBDF80C00BDF80410884236DCBDF8E8
:10B660000410BDF80C00323081422FDABDF8000022
:10B67000BDF80810884206DCBDF80810BDF80000CF
:10B68000323081420CDBBDF80800BDF80010884262
:10B690001CDCBDF80010BDF808003230814215DA1C
:10B6A000BDF80C10BDF80420881800EBD071C1F370
:10B6B0004F012180BDF80810BDF80020881800EB6C
:10B6C000D071C1F34F0129800120ABE70020A9E729
:10B6D00000B587B01F4890ED090ADFED1F0A20EE84
:10B6E000200ABDEEC00A1D4880ED000A00680190E6
:10B6F000184890ED0A0ADFED180A20EE200ABDEE88
:10B70000C00A164880ED000A00680290114890EDCA
:10B710000B0ABDEEC00A114880ED000A00680390D4
:10B720000C4890ED0C0ABDEEC00A0C4880ED000AF2
:10B7300000680490074890F834008DF811000A2042
:10B740008DF812001822002101A800F07BFA07B042
:10B7500000BD00000800002020BCBE4C44000020BA
:10B7600010B5044635480068002843D12CB134494F
:10B77000A1F10A00FFF74CFF2AE03149A1F10A00CC
:10B78000FFF746FF20B32E48163890ED0B0A90EDD8
:10B79000091A808900EE900AF8EE600A01EE200A8C
:10B7A000BCEEC00A10EE100A2549163988810846F9
:10B7B00090ED0C0A90ED0A1AC08A00EE900AF8EE9D
:10B7C000600A01EE200ABCEEC00A10EE100AC88220
:10B7D0001B48163890F8200000F0800038BBC020CD
:10B7E0001749163981F82000084681898182C18A6B
:10B7F000C1831CE01248163890F8200000F0800049
:10B8000050B10F48163890F8200020F080000C4905
:10B81000163981F820000AE0002109481638818293
:10B82000C1834FF6FF70064916398881C8820448E3
:10B83000163890F8200000F0800010BD140241423C
:10B840001E000020002100BF15E000F080021AB1A8
:10B8500001220A4B1A6002E00022084B1A604206DD
:10B86000100E0022054B083B1A600122044BC3F85E
:10B87000B4224A1CD1B20829E7DB7047BC8240429F
:10B880000080404210B5FAF7B1F840F225511E4849
:10B8900000F055F810B31C4800F00AF9C4B21B4878
:10B8A000008800F40040C8B91848008800F48040BF
:10B8B00060B10A2C03D000201449088020E013480E
:10B8C000008840F400401149088019E00D2C06D191
:10B8D0000E48008840F480400C49088010E00B4876
:10B8E0000088C0F30D000A490C5408480088401C29
:10B8F0000649088008460088C72801DD0020088026
:10B90000FAF786F810BD0000001001407800002012
:10B91000C237002001F40072B2F5007F00D100BFF1
:10B92000CA430280704721B1828942F40052828169
:10B9300004E082894DF6FF731A408281704770B52A
:10B940000246002400230025002040F66A16B1427A
:10B9500000D100BFC1F3421501F01F03012606FA12
:10B9600003F3012D02D19689334006E0022D02D166
:10B97000168A334001E0968A33400C12012606FAFB
:10B9800004F41688344013B10CB1012000E000200B
:10B9900070BDF0B50346002400260025002040F6C7
:10B9A0006A17B94200D100BF1846C1F3421401F032
:10B9B0001F06012707FA06F5012C01D10C3004E01F
:10B9C000022C01D1103000E014301AB107682F4367
:10B9D000076002E00768AF430760F0BD2DE9FF474D
:10B9E00005460E460024A14600BFA046B08900B11E
:10B9F00000BF2C8A24F44054F08804432C82AC8984
:10BA000041F20C608443B08831890843718908434E
:10BA10000443AC81AC8A24F44074B0890443AC8202
:10BA20006846FBF711F92048854202D01F4885423D
:10BA300002D1DDF80C9001E0DDF80890A88900F44F
:10BA4000004040B109EBC90000EB09103168490022
:10BA5000B0FBF1F707E009EBC90000EB0910316812
:10BA60008900B0FBF1F76420B7FBF0F00401200976
:10BA7000642101FB1078A88900F4004040B1322015
:10BA800000EBC800B0FBF1F000F00700044308E051
:10BA9000322000EB08106421B0FBF1F000F00F0041
:10BAA00004432C81BDE8FF870010014000140140D1
:10BAB00001468888C0F30800704700BFFEE7000019
:10BAC00010B50446214610A0F4F75CFC240300F0F6
:10BAD00015F900F0ADF800200D4908602020FBF7B3
:10BAE000CFF9C4F30740FBF7CBF9C4F30720FBF70A
:10BAF000C7F9E0B2FBF7C4F901200649C1F880029A
:10BB000000F096F810BD000066653A25780D0A0031
:10BB100080824042008040421CB501210220FBF798
:10BB200053F8012000908DF8040000208DF80600E5
:10BB300003208DF8050001208DF8070069460848AC
:10BB4000F5F758FD012007490860FBF737F9002099
:10BB5000FBF7B2F900F032F8034908801CBD000081
:10BB600000040240808240425C0000202DE9F04148
:10BB700006460C46174600200F4908600320FBF7D5
:10BB80007FF9C4F30740FBF77BF9C4F30720FBF709
:10BB900077F9E0B2FBF774F9002505E0FF20FBF729
:10BBA0006FF97055681C85B2BD42F7DB0120024970
:10BBB0000860BDE8F08100008082404210B500249A
:10BBC00000200E4908609020FBF75AF90020FBF78F
:10BBD00057F90020FBF754F90020FBF751F9FF203B
:10BBE000FBF74EF944EA0024FF20FBF749F9044330
:10BBF00001200349C1F88002204610BD80824042E6
:10BC00000080404210B5002400200749086005204C
:10BC1000FBF736F9FF20FBF733F90446012003490F
:10BC2000C1F88002204610BD808240420080404220
:10BC300010B500BFFFF7E6FF00F001000028F9D1C2
:10BC400010BD00002DE9F05F81460F461646DFF873
:10BC5000A8B04FEA1738C7F30B0ACAF58054A642BA
:10BC600000DC344644E04FEA08314FF48052584635
:10BC7000FFF77CFF002508E00AEB05001BF8000039
:10BC8000FF2800D003E0681C85B2A542F4DB00BFAA
:10BC9000A54216DA4046FFF713FF002507E019F822
:10BCA000050005EB0A010BF80100681C85B2A542EE
:10BCB000F5DB4FEA08314FF48052584600F02EF879
:10BCC00004E022463946484600F028F8A64200D152
:10BCD0000FE008F101084FF0000AA1442744301B8F
:10BCE00086B2B6F5805F02DD4FF4805400E0344642
:10BCF000B9E700BFBDE8F09FC227002010B50020C3
:10BD0000044908600620FBF7BBF801200249C1F88E
:10BD1000800210BD80824042008040422DE9F04107
:10BD200007460E461446F0B2C0F58075AC4200DC02
:10BD3000254612E02A463146384600F013F8AC4258
:10BD400000D10BE02F442E44601B84B2B4F5807FF9
:10BD500002DD4FF4807500E02546EBE700BFBDE84B
:10BD6000F08100002DE9F04106460C461746FFF72A
:10BD7000C5FF00200F4908600220FBF781F8C4F3DB
:10BD80000740FBF77DF8C4F30720FBF779F8E0B232
:10BD9000FBF776F8002504E0705DFBF771F8681C8E
:10BDA00085B2BD42F8DB012002490860FFF740FF81
:10BDB000BDE8F0818082404202490120096881F893
:10BDC00054007047240100202DE9F0418AB004009E
:10BDD00036D0F5F79BFE0190D0E90012CDE90412B0
:10BDE000876A056A01A8F5F7C1FE204600F04EFEFD
:10BDF000060025D0204600F0C4F98046B80704D5D7
:10BE00002A46414604A800F09FFF2046F5F77EFE33
:10BE100001904046F5F77AFE06903046F5F776FE3B
:10BE2000039005620698019AC1691162C46101A874
:10BE3000F5F79CFE06A8F5F799FE03A8F5F796FE20
:10BE40000AB0BDE8F08100002DE9FC5FDFF838A101
:10BE50000746DDE90C54DAF81400DDF83CB09846EA
:10BE600091460E4604434DB9BAF8020048B347481C
:10BE70000AF138010068407C51F82050681C0ED04F
:10BE8000FDB12846F5F742FE0190B0F90010B0F977
:10BE900002200F441644B9F1000F02D006E000253D
:10BEA0000FE0B0F90430591A01F10109B8F1000F9F
:10BEB00004D1B0F90600801A00F1010801A8F5F7D5
:10BEC00055FE0BF12C00F5F76AFD5FEA000B57D029
:10BED000BAF80200401CAAF802005846F5F716FE10
:10BEE0000090078007EB09014680491E818006EB20
:10BEF0000801491EC1800E990161254A816A2240CC
:10BF0000114381626846F5F731FEDAF80C005E46AF
:10BF100050B1F5F743FE07463046F5F73FFE0146C0
:10BF2000786948617E6101E0CAF80CB0294658463C
:10BF300000F042FEA00602D5584600F067FCE0077C
:10BF400005D0DAF8201001F10101CAF820106006CE
:10BF500002D55846FFF738FFA0070DD55846F5F72C
:10BF6000D5FD0090816A41F0020181626846F5F7D3
:10BF7000FDFD584600F063FB0121584601F02FF902
:10BF80005846BDE8FC9F0000B401002024010020B9
:10BF90009F3F070003490020096881F85400F9F722
:10BFA0004DB800002401002010B50446C168D4E952
:10BFB0000020172A0DD004DC0E2A0CD0142A07D139
:10BFC00004E0222A0CD0282A02D10CE000F018FD4F
:10BFD0000020E06010BD2146BDE8104000F036BCF6
:10BFE0006FF07040F5E7BDE8104000F028BB38B5B1
:10BFF00004000BD0F5F78AFD00900068F6F794FE78
:10C000006846F5F7B3FD2046F5F7E4FC38BD0000BF
:10C01000F8B505005CD000F0F3FE002858D02846A3
:10C0200000F046FD06460B21284601F0D8F82846C8
:10C0300000F0ADFC2846F5F769FD0090406A08B1B4
:10C04000F6F730FA234C002104F15002A162A068F7
:10C0500052F82030AB4201D142F820101D4A48323C
:10C0600052F82030AB4201D142F82010206904E0A0
:10C070004368AB4200D1416000680028F8D1072135
:10C08000284600F012FB009801F086FB284600F0DD
:10C09000A3FC284601F022F80098806AC10703D06B
:10C0A000216AA1F101012162800602D5A088401E0B
:10C0B000A0806846F5F75AFD6088401E60802846DB
:10C0C000F5F788FC0348383050F8260000F09EFB56
:10C0D000F8BD0000B40100202DE9F041002500E08A
:10C0E000012502F049FE0028FAD1154E154C3068A2
:10C0F00090F8540038B1A08828B1E069012720B138
:10C100000068804704E000270EE00120F7F70EFEEC
:10C11000306890F8540038B1A08828B102F0F0FCE3
:10C12000A08808B10125F3E73FB1E06910B140688C
:10C13000804702E00020F7F7F9FD2846BDE8F081CE
:10C1400024010020B4010020034804490068407C19
:10C1500051F820007047000024010020EC0100206D
:10C160000021022802D2024951F8201008467047E7
:10C17000EC01002010B5002802D0F5F70FFDC069D2
:10C1800010BD10B5002802D0F5F708FD806910BD7C
:10C190002DE9F04F9BB04FF0000B5E46CDF820B07C
:10C1A000CDF824B0CDF828B0F6F7A6FC18B10020E1
:10C1B0001BB0BDE8F08F6846F6F778FC0098C64DD6
:10C1C000C64C401C11D0009800281DDB01980028A7
:10C1D0001ADBC3490098B1F900100844C149009026
:10C1E0000198B1F9001008441DE00198401C1BD1D2
:10C1F00020689DF8081000EB400005EB8000007AF5
:10C20000884207D15846D3E70098401C0CD10198CA
:10C21000401C09D1206800EB400055F8201005EBC8
:10C22000800000914068019005A800F079FB9DF81E
:10C230000900022800D2206007AA12A92068F6F798
:10C240000FF812990098401A009007990198009AE7
:10C25000401A0190206800EB400055F820109142F0
:10C260000AD105EB8000019A4168914204D1007A1D
:10C270009DF8081088427CD0DDE900019DF8092076
:10C28000F5F798FC984F396809B168468847974890
:10C29000216850F8210018B9DDE9000100F0B1FA79
:10C2A00006907A6812B10699684690478A4F2068CE
:10C2B000383707EBC0014868069A824201D0012254
:10C2C00000E000220DF12009F0B1EAB1486800F069
:10C2D0005BFDC8B1206807EBC000406800F049FD75
:10C2E00090B19DE8070008AB07C31220CDF8449039
:10C2F0000E90206807EBC00040680EA900F095FF83
:10C30000206807EBC0004660069800F03DFD00285D
:10C310007ED00699206807EBC002516000EB400018
:10C3200005EB80009DF80810007ADFF8ACA1884288
:10C330000AF1280A5DD00698C0B30698F5F7E6FB27
:10C340009DF8081013908DF83410216801EB41011D
:10C3500005EB8101097A8DF83510B0F900200099BC
:10C36000891A0B91B0F902000199081A0C9013A8D0
:10C3700000E0ACE0F5F7FAFB0BA8119011200E904D
:10C38000206800EB400105EB810191E88C000492EC
:10C39000CDE914379DF808200A729DF8281031B1B4
:10C3A0000AEBC0014F68069A4A6001E021E00027CD
:10C3B0000AEBC000D0F8048006980EA900F0EEFE4B
:10C3C00021680AEBC1004368434501D040680690EC
:10C3D00001EB410005EB8003DDE91412049807C36B
:10C3E0003FB1384600F05DF918B121680AEBC10091
:10C3F000476020689DF8081000EB400805EB8802B4
:10C40000137A0B434BD00C234FF0010B574600E03F
:10C4100052E00AEBC0000E934368DDF818C09C455B
:10C4200015D043689BB109B1119608E055F8281062
:10C430000891516809918DF82860CDF844904068C2
:10C440000EA900F0F2FE206807EBC00046602068ED
:10C450009DF8081000EB400205EB8202117206996C
:10C4600051B39DE80E000DF12008A8E80E009DF8DC
:10C47000281021B1069907EBC000416008E01C4874
:10C48000007808B100F044F9206807EBC00046606E
:10C490000698CDF844900EA900F0C7FE0CE006986F
:10C4A00050B1069800F065FC30B19DE8070008AB7C
:10C4B00007C310200E90EBE721689DE81C0001EBFC
:10C4C000410005EB80001CC0684600F013F905A888
:10C4D00000F0EEFD96E60000F0760120BC010020A1
:10C4E000540100205601002044020020FC010020DD
:10C4F0000C0200202DE9FF5F2C4D6878002853D1F5
:10C5000000272B48EF60AF620068DFF8A8903C4638
:10C510004764AF806F804FF0020A4FF0FF3B40F658
:10C52000FF7805F138062046F5F75CFC98B1CDE9B7
:10C530000297CDE900BA0021424643460846FFF77C
:10C5400083FC1A4A46F8240040326FF0704142F8EA
:10C55000241000F074F8641C022CE4DB164FDFF8A2
:10C560005C80DFF85C90002407EBC40000F0D8F991
:10C5700008EBC40000F0D4F909EBC40000F0D0F9D6
:10C58000641C022CF0DB306800F040F9FFF714FC6B
:10C5900001200649687030310A48086004B0084636
:10C5A000BDE8F05FF7F77ABCBDE8FF9FB40100205B
:10C5B00024010020011301080877012018770120C9
:10C5C0002877012019FD000870B586B00D460600D9
:10C5D0002CD0F5F79BFA0090846AA10723D5D0E907
:10C5E0000010CDE90110E00302D5304600F039FB20
:10C5F0005DB1286803906868049003A9009800F072
:10C6000097F903A901A8F7F74BFB314601A800F001
:10C6100097F940B140F601000440012C08D001A96F
:10C62000304600F01BFB6846F5F7A0FA06B070BD77
:10C630000098026A816901A800F086FBF3E70021F7
:10C64000FFF7C2BFFEB515460E4604001CD0F5F735
:10C650005DFA0246009090F82800800711D5314617
:10C6600001A8F7F73AFB60B16846F5F77FFA2A466A
:10C6700001A9204603F080FA2046FFF77BFD04461F
:10C680000CE06846F5F772FAFEBD2A4601A920467D
:10C69000FFF7D8FF2046F5F781FA046A002CF4D1A1
:10C6A000FEBD00F0ADBB00F0BDBB1FB5262203915F
:10C6B0000092694600F0CAF81FBD000010B50C4C8E
:10C6C0000A4A03462468002086B052F82420002A33
:10C6D0000AD00E200090CDE9043104A803906946E9
:10C6E000104600F03DFD012006B010BD0402002000
:10C6F000BC010020054A01EB410102EB8101D0E9B8
:10C70000002380680A60C1E901307047B4770120D6
:10C7100000F0B8BC70B5154606468AB00C4651EA22
:10C7200005006CD0002E6AD03046F5F7EFF9059081
:10C73000D0E90012CDE90212CDE9061284B1816A76
:10C740000A0608D5890506D4BDF81810A1EB040126
:10C75000ADF8181004E0BDF81C102144ADF81C1011
:10C7600085B1816ACA0508D5490506D4BDF81A10F5
:10C77000A1EB0501ADF81A1004E0BDF81E10294424
:10C78000ADF81E10806AC00302D5304600F069FA89
:10C7900005AB07CBC0E9001290F8280080070AD546
:10C7A00006AA02A908A8F6F745F90598026A816960
:10C7B00008A800F0C9FABDF91E00BDF90E10401A14
:10C7C0000090BDF91C00BDF90C10431ABDF91A0008
:10C7D000BDF90A10421ABDF91800BDF90810411A36
:10C7E000059800F03DFD059901F10800F7F758FAAA
:10C7F0000521304600F0F3FC05A8F5F7B7F90AB0BB
:10C8000070BD0A460146002003F060BC70B50C4DB7
:10C8100004002868866C01D10A49CC6884642046EB
:10C8200000F094FCF8F70AFC2046F5F7B7F9296800
:10C83000B0F90020CA64B0F902000865304670BD46
:10C8400024010020B401002000F0B6BC70B50C003B
:10C85000054609D0FFF795FC002805D02146A560C4
:10C86000BDE8704000F07CBC70BD000010B5F4F76E
:10C87000A1FE024900200968486410BD240100207F
:10C88000F8B516460C46050018D0F5F73FF90090AC
:10C89000B0F90410B0F90020891A641AB0F9061032
:10C8A000B0F90200641E081A361A761E6846F5F7BB
:10C8B0005DF9324621462846FFF72CFFF8BD0000FF
:10C8C000044910B509684C6C486400F005F820462E
:10C8D00010BD0000240100200EB50E48006890F83D
:10C8E000541009B10C4811E0806CF5F70FF9009075
:10C8F000D0E90010CDE901106846F5F737F907488F
:10C90000416A11B101A800F01BF801A803F000FC76
:10C910000EBD0000240100207C760120B40100201F
:10C9200002490A680260086070470000C4010020E4
:10C930000B46B0F90220B0F900101846F6F7A6B879
:10C9400038B50C4605462046F5F7E0F8014600905C
:10C9500090F82800800703D46846F5F707F912E03D
:10C960002846F7F79DF90098806920B1044668468B
:10C97000F5F7FCF8E7E76846F5F7F8F8204600F029
:10C9800015FF002801DA002038BD012038BDF8B5B8
:10C9900005466846F6F7EAF91AE001212046F6F75F
:10C9A000D1F9009981B178B10846F5F7F7F84068F8
:10C9B000A84209D169462046009EF6F7EBF90446E5
:10C9C0003046FFF714FB04E069462046F6F7E2F92B
:10C9D0000446002CE1D1F8BD38B50446F5F796F8C9
:10C9E0000090816941B1026A00F0AEF9204600F082
:10C9F0008DFB0099002088616846F5F7B7F838BDCF
:10CA000038B50C4600280AD0002C08D0F5F77EF87F
:10CA10002146009000F004F86846F5F7A7F838BD05
:10CA200000224A800A8082880388D21A8A80C288BB
:10CA30004088101AC880704710B5FFF7A2FB002885
:10CA400002D0F5F7ABF8C06910BD00000D4810B575
:10CA5000006890F85400002806D00B4C606901284B
:10CA600003DD401E6061002010BD2069401C206174
:10CA700002F0FEFB18B1FFF72FFF012010BD606927
:10CA8000EFE70000240100207476012070B5054610
:10CA9000FFF7D2FF08E0AC4201D1002406E0F5F731
:10CAA0007DF8006AA84201D00400F4D1204670BD90
:10CAB00010B50446F5F772F880690028F9D12046D0
:10CAC000BDE8104000F072BEF0B5384E074687B0A2
:10CAD000306890F8541041B1354C6169491C61616E
:10CAE000012905DD012007B0F0BDFFF7F5FEF9E7EC
:10CAF000806CF5F70BF82F4D4FF0FF31009021615E
:10CB0000297821B181680291C068039007E090F80C
:10CB1000281089073CD5D0E90010CDE902101FB1DB
:10CB2000394602A8F7F7BCF83068406C78B3009833
:10CB300004903068406C0168059140680690686A0E
:10CB400030B104A8F5F712F8686AF4F7DFFF049033
:10CB500005A90498FFF7ECFE05A902A8F7F7A0F8CD
:10CB60000DF11000F5F702F8696A19B102A8FFF794
:10CB7000E7FEB0B13068816C02A8FFF7E1FE80B13A
:10CB8000DDE90201C4E90001FFF760FFABE706E061
:10CB90006069401E60616846F4F7E8FF04E068469B
:10CBA000E0E76069401E606100209CE724010020EE
:10CBB00074760120B4010020FEB50D00044647D074
:10CBC000F4F7A4FF00900021856101622846F4F784
:10CBD0009DFF00990290C56991F8281001F00806A0
:10CBE0002DB12846F4F792FF019036B115E0C461EB
:10CBF0006846F4F7BBFF02A828E090F82800000779
:10CC00000BD5009805620298C4616846F4F7AEFF40
:10CC100002A8F4F7ABFF01A818E002A8F4F7A6FFFA
:10CC200001A8F4F7A3FF2846F4F7B8FF11E0046267
:10CC30000BE02846F4F7B2FF5EB990F82810090718
:10CC400007D501980462009805626846F4F78EFFE4
:10CC5000FEBD0190056A002DEBD1E8E7202202F02D
:10CC60008BBF38B504001ED0F4F750FF009090F849
:10CC70002810890714D5406A20B1F5F713FC0099F4
:10CC8000002048622046FFF775FA044606E0204679
:10CC9000FFF7E7FF2046F4F781FF046A002CF6D186
:10CCA0006846F4F763FF38BD70B5064615460C4676
:10CCB0000846F4F773FF806AC00302D54FF480433F
:10CCC00000E020232A4621463046BDE87040AFF3FD
:10CCD00000802DE9FF419846164607460D0031D0E9
:10CCE0000846F4F713FF0090846A0246A00726D591
:10CCF000394601A8F6F7F1FF08B340F601000440F9
:10CD0000012C07D0424601A9284602F035FF0098C1
:10CD1000C46912E000984346026A816901A8FFF7DE
:10CD2000D8FFF4E7B4420AD0424601A92046FFF7F3
:10CD300089FC2046F4F732FF046A002CF2D16846E1
:10CD4000F4F714FFBDE8FF812023FFF7C2BF000006
:10CD500070B50C46002550B14CB100BFF4F71EFF72
:10CD60008069A04201D1012501E00028F6D12846C2
:10CD700070BD10B50124F4F711FF90F82800C0062B
:10CD800000D50024204610BD70B5104D06460E4C4F
:10CD9000286804EBC00041683046FFF7D9FF2968D6
:10CDA00004EBC102516829B100215268B24203D19B
:10CDB000012202E00121F8E700220143114301D0E2
:10CDC000012070BD002070BD08770120BC0100204B
:10CDD00090F828309B0711D5B0F900308B420DDC5C
:10CDE000B0F904308B4209DBB0F90210914205DC46
:10CDF000B0F90600904201DB012070470020704727
:10CE000010B504460648C06806E0A04201D10120E2
:10CE100010BDF4F7C3FE40690028F6D110BD000034
:10CE2000B4010020F0B58BB006004FF000001546AD
:10CE30000C4604900590069007903DD054EA0500FA
:10CE40003AD03046F4F762FE0090D0E90012CDE906
:10CE500002122A462146F5F719FE00982A46214675
:10CE60000830F5F713FE0098C7696846F4F77EFEB0
:10CE70002A462146384602F0CEFE3046F4F746FEFA
:10CE8000009090F8281089070AD5816941B1026A9B
:10CE9000FFF70AFF0098026A816902A8FFF704FF02
:10CEA0006846F4F763FE0320049007AA08A831C27D
:10CEB00004A9304600F054F90BB0F0BD2DE9F14162
:10CEC00087B000250798F4F721FE0190D0E90212FF
:10CED000CDE9031207698669846A01A8F4F746FE62
:10CEE00044F2200814EA080F30D0DFB103A80799F4
:10CEF000FFF726FDB0B10798FFF788FC60070DD556
:10CF000056B144F30000401C0090002307AA1149C9
:10CF100003A8F5F7E7FA05E00120F5E7079800F028
:10CF200065F801250798F4F7F1FD0190816A21EA7F
:10CF3000080181628A0402D541F00401816201A8DE
:10CF4000F4F714FE04498888401E888008B02846FB
:10CF5000BDE8F081B9120108B4010020F0B589B034
:10CF60000546F4F7D3FD0290866A0469D0E9021001
:10CF7000CDE9001002A8F4F7F9FD002C31D0B0077C
:10CF80002FD52E212846FFF75FFC174C6F462078DF
:10CF900000F101002070F0044FF00F0609D5CDE933
:10CFA00004650797FFF762FC04A9284600F0D8F84B
:10CFB00010E03846FFF788FD0AE0CDE904650797E1
:10CFC000FFF754FC04A9284600F0CAF8FFF73EFD1D
:10CFD0000028F2D120782F21401E20702846FFF72C
:10CFE00033FC09B0F0BD0000B401002038B50446A0
:10CFF000F4F78CFD0090806A40F60101084001289A
:10D0000005D06846F4F7B2FD204602F0B3FE14489E
:10D01000006A002823D0204602F004FF2046F4F7DF
:10D02000BDFD8569046A18E02046F4F7B7FD90F865
:10D030002800C043800702D1204602F0ADFE204602
:10D0400002F0F0FE2046F4F7A9FD046A002CEBD1B3
:10D050002846F4F7A3FD8569046A002DF6D138BD92
:10D06000B4010020B0F90010B0F90420914205DCB1
:10D07000B0F90210B0F90600814201DD00207047CE
:10D08000012070477FB5094D074C286854F82000EF
:10D09000002808D018210091694600F061F829683D
:10D0A000002044F821007FBDFC010020BC010020CD
:10D0B000094B1968002905D00022814206D1086871
:10D0C0000AB1106070470028186070470A46096866
:10D0D0000029F2D170470000C401002070B5054658
:10D0E0000948C0680CE000BFF4F758FD04464069E9
:10D0F000A84205D12846F4F751FD4069606170BD32
:10D100000028F1D170BD0000B401002070B50646C2
:10D11000F4F744FD05468069002809D0F4F73EFD88
:10D120000446C069B0420ED1F4F738FD006AE061F0
:10D1300070BD00BFF4F732FD0146006AB04202D173
:10D14000286A086270BD0028F4D170BD10B5FFF7E1
:10D15000AFFC002803DBBDE81040F5F769BD10BD4A
:10D1600070B50D4C06460D46206814280DDA304681
:10D17000F4F714FD01696E6041B12068401C206025
:10D18000284688472068401E206070BD2846BDE8BC
:10D190007040FEF709BF00004002002070B50C4649
:10D1A0000546FFF7E6FD002805D021462846BDE8E4
:10D1B0007040FFF7D5BF70BD7FB5054600200090D9
:10D1C0000190029003900C462846F4F7E7FC0269B0
:10D1D000002A03D06846CDE9004590477FBD1FB5C2
:10D1E000CDE900106946FFF7BBFF1FBD7FB50546BF
:10D1F0000E464868C9680391CDE901050D202C460B
:10D20000009008E02046FEF7BCFF040003D069460A
:10D210000396FFF7C3FF2046FFF743FA0028F1D13A
:10D2200031462846FFF7BAFF7FBDF8B5CC680D46FA
:10D23000064684B1F4F76AFC0090B0F9000021685A
:10D24000081A206000996068B1F90210401A606005
:10D250006846F4F78BFC29463046FFF7C7FFF8BD58
:10D260002DE9FF4F81B09B46C66962E03046F4F776
:10D270004DFC01460090D1E90004896A254601F47D
:10D2800020730246802B09D0B3F5207F029B134404
:10D2900006D063F30F02029B234405E002EB0B036D
:10D2A00063F30F0204EB0B0301F4A06163F30F04BB
:10D2B000B1F5807F0BD0B1F5A06F03994FEA2243FF
:10D2C00007D0194461F31F422314039906E00E9915
:10D2D0001314194461F31F420E99231419440FFAD1
:10D2E00082FA61F31F440FFA80F917144FEA2048BD
:10D2F000AAEB0901A7EB080251EA020002D030466E
:10D30000FFF7D1F92AB221B2A2EB0900A1EB0A0181
:10D31000091AC7EB2440C8EB2542821A51EA0200E1
:10D3200002D03046FFF7F6F90098066A6846F4F72F
:10D330001DFC002E9AD105B0BDE8F08F30B50B4C26
:10D3400023680C2B10DA0A4A190009D002EB4105B8
:10D3500035F9025C854203DB22F81150491EF5D1F4
:10D3600022F811005B1C236030BD000094010020F6
:10D370005C7601202DE9F0411B4D0C460646A9685C
:10D38000686B0144491EA019884205D8016819B983
:10D3900041680E4402F0D4FD686BA0420AD254F8F2
:10D3A000040C271A386828B978680644384602F011
:10D3B000C7FD3C46304602F029FA05EBC00732466D
:10D3C000002120463B6C03F02DFB57F8400F08343A
:10D3D00000B144602060002060603C6028683044F8
:10D3E00028603046BDE8F0810C7501202DE9F04140
:10D3F000054602F06FFB2B48C46BAC4202D8ED1C13
:10D4000025F00304804600680C34A04202D20020BC
:10D41000BDE8F08102F054FD0600F9D0204602F08C
:10D42000F5F9424611E000BF02EBC001096C59B1A9
:10D430008D686B68A3420BD2A96829B18D686B68AF
:10D44000A34205D2002DF7D1401C1028ECD31FE0D9
:10D45000F5B1D8F83C00191B0C301F46814200D2B0
:10D460003C46284602F06CFD0421D8F8300001EB60
:10D47000C6010023455022463146284603F0D2FA21
:10D48000A74203DD2919381BFFF774FF3046BFE7B9
:10D49000204602F09DFD0028C0D0304602F030FD4D
:10D4A000B5E700000C75012001207047F0B40F4C67
:10D4B000246814B1A446F0BC60470D4DDFF834C0B9
:10D4C00010C855FA84F63778C4F30726C4F3074426
:10D4D0001CF806602C5D521E04EB461404EBC724B6
:10D4E0000C801944ECD1F0BC70470000080100200A
:10D4F000AC640108AC65010810B510C80C60194493
:10D50000521EFAD110BD00002DE9F0478146F7F711
:10D5100055F94FF0000807466FF07F444546F7F78E
:10D5200065F9060018D000BF56F82510494502D10C
:10D530002846BDE8F0876D1CBD42F5DB5FF00005B5
:10D54000484656F82510F4F76DFBA04201D2044678
:10D55000A8466D1CBD42F3DB4046EAE77047000079
:10D5600010B5084A52FA80F1074BC0F30724C0F304
:10D5700007401B5D105C097800EB431000EBC120F5
:10D5800010BD0000AC640108AC6501082DE9F05F36
:10D590009A46DDE90A8791460C4605468B461646B3
:10D5A00035F8020B41468847B84701C4761EF7D1CB
:10D5B0005046BAF1200F06D2024649465846BDE809
:10D5C000F05FF5F787BFBDE8F09F2DE9F041054614
:10D5D00040690E463421008801EB8000F4F7DAF947
:10D5E0000746F4F793FA044628688069F4F7FAFBD3
:10D5F000C1688A6A08219047032810DB04280DDDE2
:10D60000082809DD102803DD20200421A06108E09E
:10D6100010200221A06104E0082000E00420012184
:10D62000A061216168690088E06148436061F4F7A6
:10D630004DFA6169814200DD606104F1340000212E
:10D640002060C4E9027184F83060012E05D0E169E0
:10D650006FF0030202EB8101084460602046BDE8E0
:10D66000F08100002DE9F04385B08146F4F74EFAD1
:10D670000390B0F90080B0F90270B0F90440B0F93D
:10D680000650466A03A8F4F771FAA4EB0804ED1BF0
:10D69000641C6D1C002C01DD002D03DC002005B096
:10D6A000BDE8F083AEB13046F4F730FA0490B0F93B
:10D6B0000440B0F9065004A8F4F758FA404644452F
:10D6C00001D1BD424FD001463A463046F5F718F831
:10D6D00049E0FEF739FD814513D1F7F7BBF806465F
:10D6E000F7F7C4F8B44201DC85420ADDB44200DD3C
:10D6F0003446854200DD05462A4621464846FFF766
:10D70000BFF81D4A1D4901208DE807002B4622461F
:10D7100039464046F5F756F806464846F4F7F6F916
:10D72000039046620EB3816A41F48031816203A89E
:10D73000F4F71CFA3046F4F7B9FF07460120F5F775
:10D74000B7FE3046F4F772FF0D496C43A20009782A
:10D75000F6F7E8FB4846FFF701FC0020F5F7A8FEC6
:10D760003846F4F7A3FF304699E703A8F4F7FEF92B
:10D770004846FFF7F3FB91E748680108A0680108F5
:10D780003C0200200349884202D101F13C0070476D
:10D790000C3870476077012010B50446E069FEF749
:10D7A00037FCE0690028F9D110BD00000146064AA7
:10D7B000002000BF52F820308B4204D0401C0228C9
:10D7C000F8DB4FF0FF307047EC010020F7B515464D
:10D7D000184A01A9009812689047174C00902068D9
:10D7E000406920B12946F5F7E7F9002821D001204A
:10D7F000F6F79CFA2068C069406920B18268DDE9CB
:10D800000001904712E00D4D0CE06846F5F7CAFCA8
:10D8100006462068C069016830468847296809B112
:10D82000304688470198401E0190EED50020F6F75B
:10D830007DFAFEBD90010020240100204C01002053
:10D840002DE9F04781460C4617461D46DDF820803D
:10D85000B9B2A0B2F7F712FC094800890949096872
:10D86000088007E02E88084800680680A8F10108B3
:10D87000641CAD1CB8F1000FF4DCBDE8F0870000BB
:10D88000B4270020B4000020B80000202DE9FF4F8D
:10D8900083B081460E461C46DDE9117A109DDAF808
:10D8A00000000290DAF8040001902E44324800682B
:10D8B000007C00F0030030B1012836D002281CD0D3
:10D8C000032855D130E000BF207880222A41104043
:10D8D00008B1019800E0029803463146761C48469C
:10D8E000059A02F0DFFC681C0546082801D10025D6
:10D8F000641C781E071EE7D13AE000BF2078802123
:10D900002941084028B131464846019B059A02F05A
:10D91000C9FC761C681C0546082801D10025641C3A
:10D92000781E071EEAD123E000BFD9F810108868DE
:10D930008047804600BF207880212941084060B19F
:10D9400031464846059A01F06FFF83468BEA08038B
:10D9500031464846059A02F0A5FC761C681C05462F
:10D96000082801D10025641C781E071EE3D100BFE2
:10D9700000BF07B0BDE8F08F240100202DE9FF5F54
:10D980009046DDE90E924B4B99F80050C2F1080425
:10D990008A465D5DDDE91071D540474A139E1268E5
:10D9A000127C12F0030225D0012A03D0022A37D0BC
:10D9B000032A7DD10069806880471FFA80FBBC4242
:10D9C00000D93C463F1BBAF1000F65D0E8070AD0EA
:10D9D000DAF808004146039A0368504698473188B0
:10D9E00081EA0B013180B61C6D0808F10108641E44
:10D9F000ECD15BE02F4ABC4200D93C46B7EB0407B0
:10DA000005F001006D0831F8200026F8020B641EB5
:10DA1000F6D1002F4CD019F8010F0824155CEAE765
:10DA200088881FFA80FBBC4200D93C463F1BBAF1F4
:10DA3000000F16D08DB1E80708D0DAF8080041468B
:10DA4000039A036850469847A6F800B0B61C08F140
:10DA50000108641E11D06D08ECE706EB4406A044F3
:10DA60000BE045B1E80701D0A6F800B0B61C641E73
:10DA700003D06D08F5E706EB4406002F18D019F81F
:10DA8000011F0C480824455CCDE719F8011F09481F
:10DA90000824455C93E70BE0E80703D0308880EA70
:10DAA0000B003080B61C6D08641EF5D1002FECD140
:10DAB000BDE8FF9F28670108240100202DE9FF4FE2
:10DAC00081B08A46DDF8388011ACDFF8FCB098F8F8
:10DAD00000509146DDE90F1745CC1BF80550C1F108
:10DAE0000804CD4039495B460968097C11F00301FF
:10DAF0001ED0012903D002292FD0032961D110683B
:10DB00000069806880475946BC4200D93C463F1BAB
:10DB1000EA0702D0326842403260361D6D08641E4A
:10DB2000F6D1002F4DD018F8012F08248D5CEBE7BB
:10DB30001946BC4200D93C46B7EB040705F0010288
:10DB40006D0850F82220641E04C6F7D1002F38D08B
:10DB500018F8012F08248D5CEBE740680090BC4268
:10DB600000D93C463F1BBAF1000F16D08DB1E80733
:10DB700008D0DAF808004946049A036850469847E6
:10DB800000983060361D09F10109641E11D06D083E
:10DB9000ECE706EB8406A1440BE045B1E80701D0B1
:10DBA00000983060361D641E03D06D08F5E706EB63
:10DBB0008406002F05D018F8011F08241BF8015017
:10DBC000CDE705B0BDE8F08F2867010824010020EB
:10DBD0002DE9FF4F81B00F469846DDE90F9A98F87E
:10DBE00000B00E9D0E9D2F4453480068007C00F04D
:10DBF000030010B102284BD14BE0BAF1000F25D041
:10DC000000BFC5F103004400C4F10601C020084173
:10DC100000EA0B0020FA04F65AF826000090394674
:10DC20007F1CDDE90030039A02F03CFB681C0546CE
:10DC3000042805D1002508F10100804690F800B0C5
:10DC4000A9F10100B0F10009DBD121E000BFC5F16D
:10DC500003004400C4F10601C020084100EA0B00A3
:10DC600020FA04F639467F1C3346039A019802F0E5
:10DC700019FB681C0546042805D1002508F10100A0
:10DC8000804690F800B0A9F10100B0F10009DED1A2
:10DC90004DE0BAF1000F26D000BFC5F103004400EB
:10DCA000C4F10601C020084100EA0B0020FA04F686
:10DCB00046B15AF8260000903946DDE90030039A53
:10DCC00002F0F0FA7F1C681C0546042805D10025E7
:10DCD00008F10100804690F800B0A9F10100B0F110
:10DCE0000009DAD122E000BFC5F103004400C4F10D
:10DCF0000601C020084100EA0B0020FA04F62EB10C
:10DD000033463946039A019802F0CCFA7F1C681C0E
:10DD10000546042805D1002508F10100804690F849
:10DD200000B0A9F10100B0F10009DDD100BF00BFD2
:10DD300005B0BDE8F08F0000240100202DE9FF5F51
:10DD40008B460FA9DDF83880B1E82104C0F1040149
:10DD5000CCB298F80010400081402F48129F9146A5
:10DD60000068CEB2007C10F0030004D001283AD045
:10DD700002284FD114E0AC4200DDECB22D1BB109FA
:10DD80003AF8210027F8020BB006060E641E14F0C4
:10DD9000FF04F4D1002D3DD0042418F8016FEAE708
:10DDA000AC4200DDECB22D1BB0090DD0B109BBF1C6
:10DDB000000F3AF82100388006D0DBF80800494609
:10DDC000039A036858469847B006BF1C060E641EA7
:10DDD00009F1010914F0FF04E6D1002D1AD0042442
:10DDE00018F8016FDCE7AC4200DDECB22D1BB00986
:10DDF00003D0388880F0FF003880B006BF1C060EC4
:10DE0000641E14F0FF04F2D1002D03D0042418F88E
:10DE1000016FE8E7BDE8FF9F240100202DE9FF5FC7
:10DE20008B460FA9DDF83880B1E82104C0F1040168
:10DE3000CCB298F80010400081402F48129F9146C4
:10DE40000068CEB2007C10F0030004D0012839D065
:10DE500002284ED113E0AC4200DDECB22D1BB1091B
:10DE60005AF8210001C7B006060E641E14F0FF0424
:10DE7000F5D1002D3DD0042418F8016FEBE7AC423A
:10DE800000DDECB22D1BB0090DD0B109BBF1000FC4
:10DE90005AF82100386006D0DBF808004946039A9A
:10DEA000036858469847B0063F1D060E641E09F1E8
:10DEB000010914F0FF04E6D1002D1AD0042418F84B
:10DEC000016FDCE7AC4200DDECB22D1BB00903D0E2
:10DED000386880F0FF003860B0063F1D060E641EF3
:10DEE00014F0FF04F2D1002D03D0042418F8016FC0
:10DEF000E8E7BDE8FF9F0000240100202DE9F04184
:10DF000007460D4690461C46069E08E042462946B6
:10DF10003846236802F0C6F9761E6D1C241D002EBB
:10DF2000F4DCBDE8F0812DE9F0479946DDE90854BD
:10DF30000A9F92465FEA0108064608D0D8F8080012
:10DF400023464A46D0F804C051464046E04730696F
:10DF5000C06830B1A20029463846BDE8F047F2F764
:10DF60006CBB28462146002604C8120E02D1761C3E
:10DF7000491EF9D156B1B20029463846F2F75DFB89
:10DF800007EB860705EB8605A41B0CE02868010E4D
:10DF9000FF2905D2C1F1FF023968F5F725FF386086
:10DFA0003F1D2D1D641E002CDBD1BDE8F087000055
:10DFB0002DE9FF4F81B00F469846DDE90F9A98F89A
:10DFC00000B00E9D0E9D2F4453480068007C00F069
:10DFD000030010B102284BD14BE0BAF1000F25D05D
:10DFE00000BFC5F101008400C4F10401F020084124
:10DFF00000EA0B0020FA04F65AF826000090394691
:10E000007F1CDDE90030039A02F04CF9681C0546DC
:10E01000022805D1002508F10100804690F800B0E3
:10E02000A9F10100B0F10009DBD121E000BFC5F189
:10E0300001008400C4F10401F020084100EA0B0053
:10E0400020FA04F639467F1C3346039A019802F001
:10E0500029F9681C0546022805D1002508F10100B0
:10E06000804690F800B0A9F10100B0F10009DED1BE
:10E070004DE0BAF1000F26D000BFC5F101008400C9
:10E08000C4F10401F020084100EA0B0020FA04F674
:10E0900046B15AF8260000903946DDE90030039A6F
:10E0A00002F000F97F1C681C0546022805D10025F6
:10E0B00008F10100804690F800B0A9F10100B0F12C
:10E0C0000009DAD122E000BFC5F101008400C4F1EB
:10E0D0000401F020084100EA0B0020FA04F62EB1FA
:10E0E00033463946039A019802F0DCF87F1C681C1D
:10E0F0000546022805D1002508F10100804690F868
:10E1000000B0A9F10100B0F10009DDD100BF00BFEE
:10E1100005B0BDE8F08F0000240100202DE9F05F7C
:10E1200092460BAA8946B2E842010A9F9B468B00A1
:10E130003A78C1F102009A40D5B24D4A0E9CC0B265
:10E140001268127C12F003021AD0012A79D0022A36
:10E1500038D100295FD028090DD02909B9F1000F65
:10E1600038F82100208006D0D9F808005A465146D8
:10E17000036848469847A41C0AF1010A761E48E045
:10E1800039B12909761E38F8210024F8020B17F856
:10E19000015F022E10DB701006F001062A0938F824
:10E1A000221005F00F02218038F822106180241D12
:10E1B00017F8015F401EF1D1002E03D0290938F86D
:10E1C00021002080BDE8F09F28090DD02909B9F170
:10E1D000000F38F82100208006D0D9F808005A46F0
:10E1E000514603684846984715F00F000DD038F89F
:10E1F00020006080B9F1000F07D0D9F808005A4616
:10E200000AF10101036848469847241D0AF1020AF1
:10E21000B61E17F8015F022ED6DA002ED2D02809DA
:10E22000D0D038F820002080B9F1000FCAD0D9F83A
:10E2300008005A46514603684846BDE8F05F184753
:10E24000FFE7B04200DDF0B2361AA90903D02188F9
:10E2500081F0FF0121802907A41C0D0E401E10F043
:10E26000FF00F2D1002EADD0022017F8015FE8E7E1
:10E27000240100202DE9F05F92460BAA8946B2E8FE
:10E2800042010A9F9B468B003A78C1F102009A40F6
:10E29000D5B24D4A0E9CC0B21268127C12F0030235
:10E2A0001AD0012A78D0022A37D100295ED0280955
:10E2B0000DD02909B9F1000F58F82100206006D0CF
:10E2C000D9F808005A465146036848469847241D25
:10E2D0000AF1010A761E47E031B12909761E58F885
:10E2E000210001C417F8015F022E10DB701006F048
:10E2F00001062A0958F8221005F00F02216058F88B
:10E3000022106160083417F8015F401EF1D1002E21
:10E3100003D0290958F821002060BDE8F09F2809A2
:10E320000DD02909B9F1000F58F82100206006D05E
:10E33000D9F808005A46514603684846984715F0F0
:10E340000F000DD058F820006060B9F1000F07D021
:10E35000D9F808005A460AF101010368484698476F
:10E3600008340AF1020AB61E17F8015F022ED6DA47
:10E37000002ED2D02809D0D058F820002060B9F162
:10E38000000FCAD0D9F808005A46514603684846DB
:10E39000BDE8F05F1847FFE7B04200DDF0B2361A83
:10E3A000A90903D0216881F0FF0121602907241DFC
:10E3B0000D0E401E10F0FF00F2D1002EADD0022055
:10E3C00017F8015FE8E70000240100202DE9F0477D
:10E3D00081460F4692461C46DDE9085826480068EB
:10E3E000007C00F0030010B1022841D11EE0B8F11A
:10E3F000000F0ED00AE0267858F8263052463946EB
:10E40000484601F04FFF6D1E7F1C641C002DF2DC9E
:10E410000BE008E0237852463946484601F042FFB7
:10E420006D1E7F1C641C002DF4DC21E0B8F1000F90
:10E430000FD00BE0267836B158F8263052463946D0
:10E44000484601F02FFF6D1E7F1C641C002DF1DC7F
:10E450000DE00AE026782EB133465246394648464A
:10E4600001F020FF6D1E7F1C641C002DF2DC00BF3C
:10E4700000BFBDE8F0870000240100202DE9FF4F18
:10E4800083B015461E46DDE914BADDE91297DDF8C2
:10E490004080119808283FD006DC012809D00228C6
:10E4A00018D0042863D126E0102844D020285ED15B
:10E4B0004FE000240BE062193B46CDE900B6CDF8F1
:10E4C00008A0DDE90301FFF7E1F94F44641C44456E
:10E4D000F1DB4CE000240BE062193B46CDE900B6CD
:10E4E000CDF808A0DDE90301FFF772FB4F44641C7F
:10E4F0004445F1DB3BE000240BE062193B46CDE9EB
:10E5000000B6CDF808A0DDE90301FFF751FD4F4447
:10E51000641C4445F1DB2AE0002409E062193B4613
:10E52000CDE9006ADDE90301FFF750FF4F44641CA9
:10E530004445F3DB1BE0002408E062193B460096EB
:10E54000DDE90301FFF77CF94F44641C4445F4DB2B
:10E550000DE0002408E062193B460096DDE9030166
:10E56000FFF7CCFC4F44641C4445F4DB00BF00BF04
:10E5700007B0BDE8F08F00002DE9FF4F8DB0A8482F
:10E58000DDE91D860068DDE91A970C46006EF3F799
:10E59000BDFA0690406908B1F3F7B8FA0A900698F8
:10E5A000C068089006A8F3F7E1FAA0190E900A983F
:10E5B00050B19B490968097C890705D10EACCDF89B
:10E5C00000900ECCF4F718FEDDE90E0102F046FDD6
:10E5D0000446102F03D0182F5CDB002056E00025E6
:10E5E0001FE000BFDDE90EB02844DDF828A0109E32
:10E5F00002905FEA08010FD020000DD07200F1F701
:10E6000095FFBAF1000F07D0DAF8080033465946F3
:10E6100047685046029AB8471C986D1C8044089879
:10E6200004444D45DEDBF1E00A980390DDE90EB1CC
:10E630000B985FEA080508440190DDF840A02646E3
:10E640001ED0EEB1039830B18068534659464768F2
:10E65000019A0398B8470D9928680969096888479D
:10E660003080039828B180685946019A036803985E
:10E670009847B61C2D1D0BF1010BBAF1010AEAD126
:10E6800008981C9904440B988844401C0B904845FA
:10E69000CADBBBE0082F03D01F9800286CD06DE0C8
:10E6A000002065E01F9800280A9832D0DDE90EA10D
:10E6B00002900BEB010000901F9804905848109FA7
:10E6C000454600682646007C10F0030002D0022870
:10E6D00048D109E015F8011B04987F1E30F821008D
:10E6E00026F8020BF6D13DE0287858B1049931F8AC
:10E6F00020003080029828B180685146009A036853
:10E7000002989847B61C6D1C0AF1010A7F1EEBD1D6
:10E7100028E0DDE90EA101900BEB010002904048DA
:10E72000109F464600682546007C10F0030002D08A
:10E73000022817D105E03A4641462046F1F7F6FE99
:10E7400010E0307840B12880019828B180685146A7
:10E750000368DDE901029847AD1C761C0AF1010A45
:10E760007F1EEED108981C99044488440BF10100E7
:10E770008346484596DB49E02A481F90002543E040
:10E780003846012F04D002281CD0042F37D128E0AE
:10E7900023480068006EF3F7B9F90690CDF80080C1
:10E7A000109A1F990594CDE90310CDE901620F98E5
:10E7B0000A992B18DDE90D02FFF7E0F806A8F3F738
:10E7C000D5F91CE010991F98CDE90086CDE902101B
:10E7D0000F9804942B18DDE90D020A99FFF7AEFAA1
:10E7E0000DE010991F98CDE90086CDE902100F9831
:10E7F00004942B18DDE90D020A99FFF78FFC1C9990
:10E800000898884404446D1C4D45B9DB0A980028DB
:10E8100002D00AA8F3F7AAF911B0BDE8F08F000002
:10E8200024010020386401082DE9FF4F8FB0A14872
:10E83000DDE91C960068DDE91F870C46006EF3F7E2
:10E8400065F90690406908B1F3F760F90A900698F7
:10E85000C068089006A8F3F789F904EB0700109048
:10E860000A9850B193490968097C890705D410AC0E
:10E87000CDF800900ECCF4F7BFFCDDE9100102F0FA
:10E880000BFC0446182E15DB002510E01298CDF87D
:10E890000080CDE9010411980A992B18DDE90F02D7
:10E8A000FFF741FB1E990898884404446D1C4D45B0
:10E8B000ECDBF6E0102E05D0082E3ED02198002883
:10E8C00073D0A7E0002034E01098029011990B98C3
:10E8D000DDF828A00844DDF848B0464601902546FA
:10E8E000BAF1000F07D0DAF80800DDE90121476826
:10E8F0005B465046B8470F99308809694968884790
:10E900002860BAF1000F06D0DAF80800DDE901212D
:10E9100003685046984702982D1D401CB61C029073
:10E92000BBF1010BE7D108981E9904440B98884469
:10E93000401C0B904845C7DBB3E0002064E0219801
:10E9400000280A9832D0DDE910A103900BEB0100FA
:10E950000190219800905748129F4546006826462E
:10E96000007C10F0030002D0022847D108E015F81F
:10E97000011B00987F1E50F8210001C6F7D13DE031
:10E98000287858B1009951F820003060039828B1D8
:10E9900080685146019A036803989847361D6D1C9C
:10E9A0000AF1010A7F1EEBD128E031E00490DDE995
:10E9B00010A0584402903F48129F454600682646E2
:10E9C000007C10F0030002D0022817D105E03A467F
:10E9D00041462046F1F7AAFD10E0287840B13060AA
:10E9E000049828B180685146029A036804989847B1
:10E9F000361D6D1C0AF1010A7F1EEED108981E9982
:10EA0000044488440BF101008346484597DB48E005
:10EA100029482190002542E0012E04D0022E1CD06E
:10EA2000042E37D128E023480068006EF3F76EF813
:10EA3000CDF800800690219A12990594CDE9032023
:10EA4000CDE9017111980A992B18DDE90F02FFF742
:10EA500035F806A8F3F78AF81CE021981299CDE959
:10EA60000210CDE90087119804942B18DDE90F02FC
:10EA70000A99FFF7D3F90DE021981299CDE9021018
:10EA8000CDE90087119804942B18DDE90F020A994B
:10EA9000FFF7F0FB1E986D1C8044089804444D4518
:10EAA000BADB0A98002802D00AA8F3F75FF813B07F
:10EAB000BDE8F08F2401002060680108F8B5054624
:10EAC0000E4614461F463B462246314628460094D1
:10EAD00000F08AF9F8BD08B5009200F021FB08BDEE
:10EAE00008B5009200F072FB08BD0000034A1268EE
:10EAF000527E002A01D1F2F7FFBB704724010020AB
:10EB00002DE9F041134E9EB00125B46A04B9F468B2
:10EB10006846F4F77BF810480068D0E90C875CB1D0
:10EB20002046FEF7CBF900B16D1E2046F3F736F80C
:10EB300044690CB1002DF3D14046B462F4F78EF86D
:10EB40003846F4F787F86846F4F752F81EB0BDE887
:10EB5000F0810000B401002024010020F8B5064631
:10EB60000C4617461D4623463A4621463046009538
:10EB700000F03AF9F8BD00002DE9FC47DFF8AC8061
:10EB800081461E46D8F8000015468A46006EF2F708
:10EB9000BDFF0190406908B1F2F7B8FF0090294627
:10EBA000504602F05BFA04460198C768D8F80000A6
:10EBB000017CC90715D0D9F810008068804787B25A
:10EBC000009820B181682A460B68514698472088F2
:10EBD0006D1C784020800198B542C0680444EFDD88
:10EBE00019E0C06B0168009870B11FFA81F80098B5
:10EBF0002A4681680B6851469847A4F800806D1C2E
:10EC00003C44B542F3DD06E0701B401C89B2218014
:10EC10003C44401EFBD101A8F2F7A8FF0098002851
:10EC200002D06846F2F7A2FFBDE8FC87240100206D
:10EC30002DE9FC47284F1E46154638688946006E68
:10EC4000F2F764FF0190406908B1F2F75FFF0090AE
:10EC50002946484602F020FA396804460198CA6BF2
:10EC6000097CD0F80C801768C90715D000680069C6
:10EC7000806880470746009820B181682A460B6863
:10EC80004946984720686D1C784020600198B5423D
:10EC9000C0680444EFDD13E0009858B100982A469C
:10ECA00081680B684946984727606D1C4444B5420B
:10ECB000F4DD05E0701B401C27604444401EFBD17E
:10ECC00001A8F2F753FF0098002802D06846F2F737
:10ECD0004DFFBDE8FC8700002401002001700120E9
:10ECE000704700002DE9F047224C0426A06AE0B1ED
:10ECF000E06806EBD0014518E800FEF777FB070057
:10ED000036D0216B06EBC700B1460E58E0680836D6
:10ED1000C2003046D4F82880F1F78FFCA762266342
:10ED2000E0684B4601466A1E0EE01248BC30D0E94E
:10ED300001100830B1FBF0F5AD1CDDE7471C03EB1B
:10ED4000C00C401C46F80C709042F7D309EBC00091
:10ED50000022325021626068691A0844E5606060F0
:10ED60005FEA080001D0F2F735FE0020BDE8F08729
:10ED70000120FBE70C750120F8B5184DE86AC8B111
:10ED8000EC6813E02046F2F7C1FE0090018D090403
:10ED900008D5264644696846F2F7E8FE3046FDF796
:10EDA00037F903E044696846F2F7E0FE002CE9D148
:10EDB0000020E862A86900B180470948006808B1EE
:10EDC000804738B90748006890F8540020B1F3F73D
:10EDD000ADFE08B10120F8BD0020F8BDB40100204F
:10EDE0004801002024010020F0B50646059CC84DCE
:10EDF000AD8849F24137BD420BD0C54DAD8845F2D3
:10EE00001037BD4205D0C24DAD8846F60407BD425D
:10EE10007ED1BF4D6D89BF4F3F683D80C1F30F2547
:10EE2000BD4F3F683D80CDB2BB4F3F683D80C3F3CF
:10EE30000F25B94F3F683D80DDB2B74F3F683D8039
:10EE4000B34DAD89B34F3F683D80C2F30F25B24F3C
:10EE50003F683D80D5B2B04F3F683D80C4F30F2579
:10EE6000AD4F3F683D80E5B2AB4F3F683D80A84D58
:10EE70006D89A84F3F683D80C1F30F25A64F3F68BD
:10EE80003D80CDB2A44F3F683D80A14DAD89A14FDB
:10EE90003F683D80C2F30F259F4F3F683D80D5B24C
:10EEA0009D4F3F683D80A51A6D1C5F1A7F1C05FBB6
:10EEB00007F0974D2D89974F3F683D8006E0974DAD
:10EEC0002D68ED6B2D88944F3F683D80051EA0F1A5
:10EED0000100F4D18E4D6D898E4F3F683D80002535
:10EEE0008D4F3F683D808C4F3F683D80884D2D8819
:10EEF0002D12894F3F683D80854D2D78864F3F68A4
:10EF00003D80834DAD89834F3F683D80002500E003
:10EF100011E0814F3F683D807F4F3F683D807C4DD1
:10EF20006D882D127C4F3F683D80794DAD787A4FCA
:10EF30003F683D80EAE0764DAD8845F21057BD420E
:10EF4000F8D1734D6D89734F3F683D80C1F30F2534
:10EF5000714F3F683D806E4D6D896D1C6D4F3F68F0
:10EF60003D80CDB26C4F3F683D80694D6D89AD1CD1
:10EF7000684F3F683D80C3F30F25674F3F683D8072
:10EF8000634D6D89ED1C634F3F683D80DDB2624F7C
:10EF90003F683D805E4DAD895E4F3F683D80C2F366
:10EFA0000F255D4F3F683D80594DAD896D1C594F10
:10EFB0003F683D80D5B2584F3F683D80544DAD8984
:10EFC000AD1C544F3F683D80C4F30F25524F3F683E
:10EFD0003D804F4DAD89ED1C4E4F3F683D80E5B201
:10EFE0004D4F3F683D804A4D6D894A4F3F683D8097
:10EFF000C1F30F25484F3F683D80454D6D896D1C1D
:10F00000444F3F683D80CDB2434F3F683D80404D07
:10F01000AD89404F3F683D80C2F30F253E4F3F68AA
:10F020003D803B4DAD896D1C3A4F3F683D80D5B268
:10F03000394F3F683D80A51A6D1C5F1A7F1C05FB88
:10F0400007F0334D2D89334F3F683D8006E0334D47
:10F050002D68ED6B2D88304F3F683D80051EA0F177
:10F060000100F4D12A4D6D892A4F3F683D8000256B
:10F07000294F3F683D80264D6D896D1C254F3F68A7
:10F080003D800025244F3F683D80214D6D89AD1C9A
:10F09000204F3F683D801E4D2D882D121E4F3F682A
:10F0A0003D801B4D6D89ED1C1A4F3F683D80184D0A
:10F0B0002D78194F3F683D80154DAD89154F3F683C
:10F0C0003D800025144F3F683D80114DAD896D1C7A
:10F0D000104F3F683D8000250F4F3F683D800C4D2D
:10F0E000AD89AD1C0B4F3F683D80094D6D882D12D9
:10F0F000094F3F683D80064DAD89ED1C054F3F68C7
:10F100003D80034DAD78044F3F683D80F0BD000069
:10F11000B4270020B4000020B80000202401002003
:10F120002DE9FF4FDFF8A0A00C4685B0DAF800000B
:10F13000DDF848801F46C16B154609680391006ED3
:10F14000F2F7E4FC01902946204601F087FF0646CD
:10F150000198391B01F1010BD0F80C90406950B3B4
:10F16000F2F7D4FCA8EB0501491C00915B462A4646
:10F1700002902146F4F740F802A8F2F7F7FC1AE0F3
:10F18000DAF80000007CC0070DD005985F463446D1
:10F1900000698068804780B22188414024F8021BC2
:10F1A0007F1EF9D105E003985A4681B23046F4F744
:10F1B000DFFE4E446D1C4545E2DD01A8F2F7D6FCAA
:10F1C00009B0BDE8F08F0000240100202DE9FE4FBA
:10F1D000264E1F46144630680D46DDF83090006E0E
:10F1E000F2F794FC01902146284601F055FF791B67
:10F1F00001F1010A316880460198C96BD0F80CB062
:10F200000E68406958B3F2F781FCA9EB0401491C70
:10F2100000915346224602902946F3F7EDFF02A8DB
:10F22000F2F7A4FC1BE011480068007CC0070CD07A
:10F2300001985746454600680069806880472968FC
:10F24000414002C57F1EFAD107E0BAF1000004DD9B
:10F2500001464046491E40C0FCD1D844641C4C4580
:10F26000E1DD01A8F2F782FCBDE8FE8F2401002059
:10F27000FEB54F4CD4E90201CDE90001206970B31D
:10F28000A089401C00B2ADF800006189ADF8021001
:10F29000B4F90410884207DD2088ADF80000E08949
:10F2A00010F10100ADF80200BDF90200B4F906103A
:10F2B000884274DC3F4D2868806CF2F727FC02908E
:10F2C000BDF90000B4F90010884220D1E088ADF803
:10F2D0000600A088ADF804002868806C0FE0FFE706
:10F2E0002088ADF800006088DCE700BFF2F756FC2C
:10F2F0000646006A0022694600F0D5F8B069002889
:10F30000F4D1029800226946C06900F0CCF8BDF83B
:10F310000000ADF804002868806C0AE0F2F73EFCBB
:10F320000646006A0022694600F046F80028EED141
:10F33000B0690028F2D1029800226946C06900F045
:10F340003BF80028E3D1B4F90400BDF90010ADF892
:10F350000400884207DADDE90001C4E9020102A8DD
:10F36000F2F704FC98E72868806C08E0F2F716FCD6
:10F370000546006A0022694600F05CF8A86900288A
:10F38000F4D1029800226946C06900F053F802A83F
:10F39000F2F7ECFB206944F62061884201DD002091
:10F3A000FEBDDDE90001C4E902010120FEBD00004F
:10F3B0007476012024010020FEB517460E4605464E
:10F3C000002433E02846F2F7A1FB0090856A01464D
:10F3D000A80726D527B13A4601A8F4F77EFC03E03A
:10F3E000D1E90001CDE9010101A93046F3F7E4FBC1
:10F3F000B8B1E80702D00098C56910E0BDF8080070
:10F40000401C308001240CE001AA31462846FFF759
:10F41000D3FF00B101242846F2F7C0FB056A002D96
:10F42000F2D10098056A6846F2F7A0FB002DC9D119
:10F430002046FEBDFEB516460D46044630E0204689
:10F44000F2F764FB0090846A0146A00723D526B139
:10F45000324601A8F4F741FC03E0D1E90001CDE90F
:10F46000010101A92846F3F7A7FBA0B1E00702D0EC
:10F470000098C4690DE0BDF80400401EA8800AE0B1
:10F4800001AA29462046FFF7D5FF2046F2F786FB62
:10F49000046A002CF4D10098046A6846F2F766FB0F
:10F4A000002CCCD1FEBDFEB516460D46044648E004
:10F4B0002046F2F72BFB0090846A0146A0073BD55B
:10F4C00026B1324601A8F4F708FC03E0D1E90001B7
:10F4D000CDE9010101A92846F3F76EFB00B3E0076F
:10F4E00002D00098C46925E000983EB1B0F902103E
:10F4F000B6F90200814203DD084601E0B0F90200DE
:10F50000B5F90210814205DABDF90600401E03E09C
:10F51000E88011E0BDF90A00B5F906108842F7DB72
:10F520000AE001AA29462046FFF7BDFF2046F2F770
:10F5300035FB046A002CF4D10098046A6846F2F79F
:10F5400015FB002CB4D1FEBD2DE9F0410C46C96875
:10F5500086B049B306685EB394F83000012829D01C
:10F56000E2696FF00303206803EB820265681044D0
:10F570006060276A2D1D2846A269F3F7ABFF616919
:10F580004FF000080291CDE90358CDF81480A1692D
:10F590000120CDE90001F068E368E26A4568394678
:10F5A0003046A847C4F80C80002006B0BDE8F081C2
:10F5B0000120FAE725686560A76ADCE7F2F70ABA76
:10F5C0002DE9F0470D46B3F9041006461C46914656
:10F5D000B14220DCB4F90800B0421CDBB4F90600EB
:10F5E000A84218DCB4F90A20AA4214DB2F1A711AB7
:10F5F00088463A466069F2F7A7FD60B1B4F90800A1
:10F60000B4F90410401A401C00FB0780203454F861
:10F610002000BDE8F087D9F800000028F9D0C168C3
:10F620002A464B693146BDE8F047184700787047D5
:10F63000012070472DE9F34100250E462C4608E0D5
:10F64000F2F7E4FD05440CB1B54207DC0A2F05D002
:10F65000641C6846F3F7A6FD0700F1D12046BDE81B
:10F66000FC8100000246012901D1024870470020B8
:10F67000FCE7000078640108012901D000207047F0
:10F680000048704778640108012901D000207047C4
:10F6900000487047A06801080246A1F10900082847
:10F6A00013D2DFE800F00406080A120C0E10084816
:10F6B00070470848FCE70848FAE70848F8E70848B0
:10F6C000F6E70848F4E70848F2E70020F0E7000012
:10F6D000C1070108E7070108390701081BFA0008FC
:10F6E00095FC000885FC0008A9010108162901D035
:10F6F0000020704700487047F9290008162901D0FA
:10F700000020704700487047B128000803460A46A9
:10F7100099680F2A1FD2DFE802F01E080A0C0E1E9D
:10F720001E1E10121416181A1C00486870478868AC
:10F73000FCE7C868FAE70869F8E78869F6E7002097
:10F74000F4E70120F2E70120F0E70020EEE70020D7
:10F75000ECE70020EAE74FF0FF30E7E770B5002460
:10F760000D46022807DAF2F73DFB20B1C1688A6A2C
:10F77000294690470446204670BD0068C268926AD8
:10F780001047082901D0002070472020704710B58D
:10F79000F5F714F8B0F5807F03D0802803D3072154
:10F7A0001AE0082118E0402801D3062114E020289F
:10F7B00001D3052110E0102801D304210CE0082812
:10F7C00001D3032108E0042801D3022104E0022828
:10F7D00001D3012100E0002101208840401E10BD1E
:10F7E0004FF0FF3070474FF6FF70704770B5002440
:10F7F0000646012531462846FFF7B0FF844200DA6D
:10F8000004466D1EF6D5204670BD00000146054A2F
:10F810000F2000BF02EBC003DB6B8B4201D9401EFF
:10F82000F8D570470C7501202DE9F04107460C46CC
:10F830001546A9B2A0B2F5F7D9F806463046BDE89C
:10F84000F08110B50846114601F008FC008810BD93
:10F8500010B50846114601F01FFC006810BD826813
:10F8600000230B804B8093895B1E1BB28B80138A15
:10F870005B1E1BB2CB80704738B50C468068F2F730
:10F8800045F9009081882180C18861808188028942
:10F890001144491EA180C18840890844401EE0806F
:10F8A0006846F2F763F938BD38B50C468068F2F760
:10F8B0002DF9009081882180C1886180818802892A
:10F8C0001144491EA180C18840890844401EE0803F
:10F8D0006846F2F74BF938BD2DE9F74F00279146FE
:10F8E0008B463D463E46B846BA463C466846F3F728
:10F8F00059FC04B9044630B10A2804D0202805D0A8
:10F90000202C02D003E02E4609E000242E46824639
:10F91000F2F77CFC804647445F4502DD0DB116B12D
:10F9200002E06D1CE2E72E46B9F1000F03D0A7EB11
:10F930000800C9F800003046BDE8FE8F024909689A
:10F940004884002070470000240100200249096813
:10F95000888400207047000024010020054A90425E
:10F9600001D1503A01E000F1080209B18A4200D009
:10F9700010467047DC7601200349884202D1A1F18C
:10F980003C0070470C3070479C7701200021FFF746
:10F99000E5BF0000F0B4124C646814B1A446F0BC9A
:10F9A0006047541E04FB030401EB82000D4DDFF899
:10F9B00038C0001F2188E41A01F01F06521EAF5DF7
:10F9C000C1F3451605EBD1211CF80660097801EB5F
:10F9D000062101EB074140F80419EBD1F0BC704758
:10F9E00008010020AC660108CC66010810B5046867
:10F9F000184410C1521EFAD110BD70B50446F4F778
:10FA0000DDFE0546F4F7F2FEAC4201D3002070BDE6
:10FA10000028FCD050F8240070BD70B50446204684
:10FA200000F042F8054600220121A069F5F72EFEFC
:10FA30000543284670BD000070B5184D0446E868BF
:10FA4000011DC0E90E01091D00646161417C05F1E1
:10FA5000240050F82100C1680A6B04F108019047A6
:10FA60000F48E066A868E061E8680830606101203E
:10FA70002076FCF769FBA064032084F870006FF027
:10FA80007040206360630020F5F7AEFA6FF07F40AE
:10FA9000F5F7E2FA0348286170BD00001801002064
:10FAA000EC3D01080C67010870B50446A06858B920
:10FAB0001C20F1F7B7FFA060A5682169886880471E
:10FAC0000646F5F7CBFEA861A06808B9012070BD15
:10FAD0000020FCE72DE9F041244C94F82400002894
:10FAE00041D1012504F1BC0684F8245071684FF41B
:10FAF0002050814200D90146306800F0C9FEB0684C
:10FB000010B970688008B0601A4919480860084642
:10FB1000F4F7C4F95A20E0610020102101FA00F244
:10FB200004EBC003401CDA631028F7D3D6E90010B9
:10FB30000223C4E902030E18143EC4E90C6100223A
:10FB40004FF0040C5B1E05E0571C0CEBC20E521C60
:10FB500046F80E709342F7D825626360FDF70AFC01
:10FB6000FFF7C0F8E562BDE8F08100000C750120E8
:10FB7000A5FC000810010020FEB514460D460646FF
:10FB8000F2F70CF80090836A980731D52846FDF704
:10FB900069FA00282CD040F601000340012B27D041
:10FBA0003046F1F7B3FF02460090294601A8F4F76A
:10FBB00094F801A8FDF756FAB8B1009944F2200272
:10FBC000886A104205D0083101AA0846F2F732FFD0
:10FBD0000BE0DDE9012320438862C1E902230549E6
:10FBE0008888401C8880F3F78FF86846F1F7BEFFDD
:10FBF000FEBD0000B401002010B5401A029CE41ABA
:10FC00004443501A94FBF0F0184410BD70478842EA
:10FC100000DD084670472DE9F0478AB00446002011
:10FC200091468A4601900290039006AE4FF0030879
:10FC3000049022E02046F1F769FF4A4651460090C1
:10FC4000F2F724FF00984A4651460830F2F71EFFAB
:10FC50000098D0E907576846F1F788FF4A465146B1
:10FC60002846FFF7D8FFCDF80480CDE906A901A901
:10FC700020460496FDF774FA3C46002CDAD10AB00F
:10FC8000BDE8F08710B5044600220621A069F5F70B
:10FC9000FDFC10BD10B5044600220521A069F5F752
:10FCA000F5FC10BD0B4910B5002081F82400014679
:10FCB000084880223C30F4F735F9BC220021054881
:10FCC000F4F730F903480C220021BDE81040BC30A5
:10FCD000F4F728B90C750120084910B50020886197
:10FCE000014678220648F4F71DF90448082200214D
:10FCF000BDE810402430F4F715B9000018010020C9
:10FD0000D475012010B5034C6068F1F77FFE002028
:10FD1000606010BDA40100200B4A10B50021517095
:10FD2000D162084602F1500402F14803C2F81010F3
:10FD300044F8201043F82010401C0228F8D3116228
:10FD400051625161D16110BDB401002010B5084C61
:10FD5000A068F1F75BFEE068F1F758FE2069F1F763
:10FD600055FE00202061E060A0606061A06110BDD0
:10FD70004C02002010B50446F1F710FF806AC00362
:10FD800001D5034900E003492046BDE8104008477B
:10FD90006D2600085DCF00082DE9FC411F4C804610
:10FDA0002068806CF1F7B2FE00904046F1F7AEFE9D
:10FDB0000146019000980830F2F7FEFE28B3206853
:10FDC000009A0199D0E91356083201F10800F3F7BF
:10FDD00084FF6846F1F7CAFE114FC7F824800199E5
:10FDE0002068B1F90020C264B1F90210016501A8D0
:10FDF000F1F7BCFE4046FFF7BDFF002078622068A7
:10FE0000C0E913560120BDE8FC816846F1F7AEFE5B
:10FE100001A8F1F7ABFE0020F5E700002401002067
:10FE2000B40100202DE9FC410546F1F76FFE00907A
:10FE300090F8281089073DD5C46939E02046F1F7CC
:10FE400065FE019090F82810C94389072BD10099CD
:10FE50000831F2F7B1FE30B30098D0E90267684686
:10FE6000F1F784FE01A8F1F781FE2046FFF794FF29
:10FE700070B12046F1F792FE01902046FFF7D2FFC5
:10FE80002046F1F78BFE01902846F1F787FE00909F
:10FE90002846F1F73BFE00902046F1F737FE01902F
:10FEA0000098C0E902670198046A01A8F1F75EFEB4
:10FEB000002CC3D16846F1F759FEBDE8FC81000073
:10FEC00010B50E4C6168E06A814209D8401EE062BC
:10FED000FEF708FFE16A491CE16208B1002010BD8D
:10FEE00060680422401E6060206A216B02EBC00241
:10FEF0008A582262012201F8302010BD0C750120C1
:10FF0000074910B54A680424521C4A600A6B04EB86
:10FF1000C0040B6A1351002302F83030086210BD90
:10FF20000C75012013B500680199FFF70DFB0198CE
:10FF3000846801A8F1F71AFE2046F1F74BFD1CBDBD
:10FF400010B504464068FFF761FC01460848636845
:10FF50000268D21A026000EBC102D4E90201403209
:10FF600000B1416009B1086010BD106010BD000013
:10FF70000C7501207CB5050025D0144C2068A842E2
:10FF800006D1F1F7C3FD009080682060684611E05B
:10FF900004462046F1F7BAFD01908068A8420DD1D1
:10FFA000F1F7B4FD01990090806888606846F1F728
:10FFB000DDFD01A8F1F7DAFD00207CBD044601A8B3
:10FFC000F1F7D4FDE5E701207CBD00009C02002094
:10FFD0002DE9F05FDFF894808346D8F83440D8F8F4
:10FFE0000810601E0F182046D0E90015B9BB66192D
:10FFF000BE4236D2D6E9001989B3D8F8303013F8AA
:020000040801F1
:100000003130012B2DD1D8F82820914201D1012186
:1000100000E000218A46FFF793FF3068D8F83010DF
:10002000042202EBC0004A460C5031462046F0F74D
:10003000C2FABAF1000F05D0D8F83010321B891A75
:10004000C8F8301004EB09012846FDF793F9BBF11D
:10005000000F05D0834503D80020BDE8F09F00E0E5
:100060004D462C44BC42BED30120F6E70C7501205E
:100070002DE9F8431F4690460E4605000AD0F1F7D9
:1000800045FD3A4641460090FCF7A2FE28B1009893
:10009000C46912E00020BDE8F8836846F1F766FD08
:1000A000F8E73B46424631462046FFF7E1FF00B104
:1000B00005462046F1F772FD046A0CB1B442F0D156
:1000C0006846F1F753FD2846E5E7000070B506469F
:1000D000064814460D460068FCF742F823462A46B7
:1000E0003146BDE87040FFF7C3BF0000BC010020EF
:1000F000064910B509684A6B824206D04863F3F797
:10010000D1FFBDE81040F4F775BF10BD24010020F9
:100110001FB504460F480168486C38B10268029266
:10012000406803900C48406A18B901E020460EE090
:10013000886CF1F7EBFC02A90090FCF7F9FB68462C
:10014000F1F714FD214602A8F3F7AAFD02A8F4F77F
:100150005DFF1FBD24010020B4010020064910B539
:1001600009680A6B824206D00863F3F79BFFBDE87B
:100170001040F4F777BF10BD2401002030B50949C5
:100180000B681A7C82EA0004640707D59C6BDB6B62
:1001900025681B6823600B68DB6B1D6009680874A9
:1001A000104630BD240100207CB504460D4616469D
:1001B0000020009001908DF8045000966A460421BA
:1001C000A069F5F763FA7CBD1C490968897E01299D
:1001D00006D002290ED0032918D0042914D11EE01C
:1001E000801DC11700EB117121F00F01401A0C287E
:1001F00008DB09E0C11700EB917121F00301401AFF
:10020000022801DA0120704700207047142190FB7A
:10021000F1F201FB12000C28F4DB10380BE018217E
:1002200090FBF1F201FB12000C28EBDBA0F11001B6
:100230000229E7D314380228E6D2E3E7240100209C
:100240000A490B48D1E90032934202DAC0E9083288
:1002500001E0C0E90823D1E902218A4202DAC0E9BB
:100260000A217047C0E90A12704700004C7601204D
:10027000580100207CB504460D461646002000902B
:100280000190009501966A460321A069F5F7FEF9F1
:100290007CBD0068C3681B6A18470068C3681B6A96
:1002A0001847000030B5524CA48849F24135AC42A1
:1002B00005D04F4CA48845F21035AC421CD14C4CB3
:1002C00064894C4D2D682C80C1F30F244A4D2D6854
:1002D0002C80CCB2484D2D682C80454CA489454DCE
:1002E0002D682C80C2F30F24434D2D682C80D4B28E
:1002F000414D2D682C8071E03D4CA48846F60405E4
:10030000AC4224D13A4CA488012C03D1384C248827
:10031000641E611A364C6489364D2D682C80C1F3F9
:100320000F24354D2D682C80CCB2334D2D682C8098
:100330002F4CA4892F4D2D682C80C2F30F242E4DF5
:100340002D682C80D4B22C4D2D682C8046E0284C92
:10035000A48845F21055AC4228D1254C6489254D1E
:100360002D682C80C1F30F24234D2D682C80204C48
:100370006489641C1F4D2D682C80CCB21E4D2D68E5
:100380002C801B4CA4891B4D2D682C80C2F30F249C
:10039000194D2D682C80164CA489641C154D2D68B0
:1003A0002C80D4B2144D2D682C8017E0104CA488FA
:1003B000012C03D10E4C2488641E611A0C4C6489F4
:1003C0000C4D2D682C800C4D2D682980084CA4897B
:1003D000084D2D682C80084D2D682A80044C2489F6
:1003E000044D2D682C80044D2D682B8030BD0000FD
:1003F000B4270020B4000020B80000207CB51048CD
:100400001C46154600680E46006EF1F77FFB019012
:100410002946304600F022FE04800198406950B120
:10042000F1F774FB009081682A460B6831469847C3
:100430006846F1F79BFB01A8F1F798FB7CBD000033
:10044000240100207CB510481E46144600680D4665
:10045000006EF1F75BFB01902146284600F01CFE80
:1004600006600198406950B1F1F750FB0090816837
:1004700022460B68294698476846F1F777FB01A8A2
:10048000F1F774FB7CBD0000240100202DE9F74F3B
:10049000A8B0F1F73BFB039001680891B0F9042084
:1004A00029998A420AD1B0F906002A99884205D1D1
:1004B00003A8F1F75BFB2BB0BDE8F08F0020F2F74B
:1004C000F5F82590089882699A4818920168487C46
:1004D0001790824200D04A740398B0F90410099131
:1004E000B0F90820B0F906B0A2EB0101B0F90A207A
:1004F00001F1010AA2EB0B0101F101012491017C40
:1005000089077DD541690C9100F120011B91099A61
:100510002999A1EB02082A99B8F1000FA1EB0B076A
:100520004FF0FF3109DD012210920022554616924C
:100530006A1ECDF838801E9209E0AAF101021692D7
:1005400000220E92169A0D46424410911E92002FE0
:1005500009DD0121DDF890901D91A9F101011F979E
:1005600000240B9107E01D91249C89460021641E04
:100570001F91E1190B91C068F1F7C8FA2190089812
:1005800004A9C068026B0898904710990398FDF77A
:100590001CF81A9010990398FDF717F82290A1E023
:1005A0001F98844204DB0B98844201DC012000E0A8
:1005B000002026900BEB040038440790169E8CE038
:1005C00000202390224631460C98F1F7BDFD209083
:1005D00000287DD01B9800EB860104FB0AF001EB9C
:1005E00080000F900998811901EB080006900E9881
:1005F000864208DB1E98864205DC269818B100E08A
:100600007EE0012000E000200090BDF91010069867
:10061000814215DCBDF912100798814210DCBDF94A
:100620001410069881420BDBBDF916100798814221
:1006300006DB0146039B089A0698FEF7C1FF23904C
:10064000009840B1B6EB080120D4E21B1ED40C98F0
:10065000F1F77AFDD0B90998BDF91020304404EBC8
:100660000B01824212DCBDF912208A420EDCBDF978
:10067000142082420ADBBDF916208A4206DB229A48
:1006800000920F9A089B126800F075F8BDF91010DF
:10069000069881421ADCBDF912100798814215DCD8
:1006A000BDF914100698814210DBBDF916100798A9
:1006B00081420BDBDDE920010DF1180C51F82020FF
:1006C0001A980090BCE80B0000F055F80F9900E074
:1006D00001E02398086010980644AE427FF470AFA2
:1006E0001D9804444C457FF45BAF1A990398FFF7BB
:1006F00019FC22990398FFF715FC21A8F1F736FAA7
:100700000398299981802A99C18029995144491EC9
:100710000181249A2A991144491E4181DDE917106B
:10072000884203D008460349096848742598F1F7C0
:10073000BDFFBDE6240100202DE9FC4105460E4623
:1007400017460020009001902846FFF7ADF9A868F1
:1007500078B1AC68606908B9304600E060696061F2
:100760006660A760009601976A460721A869F4F7BA
:100770008DFFBDE8FC812DE9F0410646069C0D4643
:100780001746606AA84205D194F93010206A0844DF
:10079000B04203D021461846FEF7D6FE60680760D7
:1007A00094F93010606800EB81006060E06808B97F
:1007B000C4E90A65401CE060C4E90865BDE8F08151
:1007C000F8B504460D46002000902046FFF76CF96E
:1007D000A06838B1A668356000956A460221A06914
:1007E000F4F754FFF8BD2DE9F04105460E461746D3
:1007F0002846FFF759F9A86818B1AC68E660276188
:100800006661BDE8F081000070B5144C0546D4E97E
:100810000010814212D0FCF7B5FF297A027A91428A
:100820000CD12168814209D0FCF7ACFF297A007A0B
:10083000814203D16068FCF7A5FF60600ECD60685F
:1008400080E80E00FFF798F860602168814203D1CC
:100850000846FFF791F8206070BD00007402002088
:1008600030B40446094A0B46401C07D0581C05D03A
:100870009068411C02D0D1684D1C02D14FF0FF306E
:100880000146C2E9024330BCF2F7D2BB5801002056
:10089000F0B58E080023FF220546002406E0E71885
:1008A000B7FBF2FC02FB1C7780C5641CB442F6D394
:1008B000054600240BE004EB030CBCFBF2FE80CDEC
:1008C00002FB1ECCBC4501D00320F0BD641CB44229
:1008D000F1D35B1C022BDFD34E0800230546002416
:1008E00007E0E718B7FBF2FC02FB1C7725F8027B58
:1008F000641CB442F5D3054600240CE004EB030C61
:10090000BCFBF2FE35F8027B02FB1ECCBC4501D0DD
:100910000220F0BD641CB442F0D35B1C022BDDD37B
:1009200000230546002407E0E618B6FBF2F702FBB9
:10093000176605F8016B641C8C42F5D3054600244C
:100940000CE000BFE718B7FBF2FC15F8016B02FBE7
:100950001C77B74201D00120F0BD641C8C42F1D35A
:100960005B1C022BDDD30022134602E000F8013BA2
:10097000521C8A42FAD30020F0BD00007CB505006D
:1009800020D0F1F7C3F8104900904C68AC4214D164
:100990004068486013E02046F1F7B8F801904468D9
:1009A000AC4207D1009801994068486001A8F1F76E
:1009B000DDF804E001A8F1F7D9F8002CEBD1684686
:1009C000F1F7D4F87CBD00009C0200200A4A81693E
:1009D00052F82130834202D1036842F82130416845
:1009E00009B102680A60016809B142684A600021E1
:1009F00001604160704700003C01002030B4084CA9
:100A0000012A06D0022A08D030BC47F6FF71F3F75E
:100A100011B91A46236830BC1847626830BC1047C9
:100A200088010020006180E80E00104440F8042C8A
:100A3000704700002DE9F74FC8488B469CB0D0E9BD
:100A40000010CDE9191092461C98F1F75FF811904B
:100A5000D0E90454B0F90810D0F80C800A91DFF8FE
:100A60000093B0F90A001390D9F800004E46407C7C
:100A7000F1F7BAFB10901198006800694068179070
:100A80003068407CF1F71AFC064611A8F1F76EF8C1
:100A9000082D01D8012004E0102D01D8022000E02B
:100AA00004200F90012D21D000271098082871D321
:100AB000082D6FD91798B0426CD0D9F80000407C4F
:100AC000F1F7F4FB12900A988000F0F763FF1B9097
:100AD00000287DD01C98F1F7A9FD8146002C78D024
:100AE0002046F1F713F8002618908AE019AFDCE7EA
:100AF00000200C901898324681684B690CA99847E1
:100B00000A990446884221D11B98F0F7FFFF129BF7
:100B1000179ACDE900230146169048462246109BBD
:100B2000FCF734FD03AB0020169A109985C3012011
:100B30000090CDE9010103460AEB060158460A9AE6
:100B4000F3F776FB16A8F1F711F858E0012D1ED047
:100B500053E00C9801AB09EBE00200F007010492AE
:100B6000CDE9057101210091A3E822010AEB0601FC
:100B7000584401232246F4F797FD0C98324620444E
:100B80000C90189881684B690CA998470446002C72
:100B9000DFD134E04FE01B98F0F7B8FF1690014624
:100BA0000C9B0F98179A03FB0090129BCDE9002332
:100BB0002246109BFCF7EAFC02AB10980021169A23
:100BC00087C3012000900AEB060101900C9A01E016
:100BD0002EE01EE00BEB020001232246F3F728FB78
:100BE00016A8F0F7C3FF0C98324620440C901898D2
:100BF00081684B690CA998470446002CCBD1C144AD
:100C0000761C13988642FFF673AF18A8F0F7AEFF74
:100C10000BE0012001A905970090A1E821035146AE
:100C20005846139B0A9AF3F703FB1B98F0F7D2FE82
:100C30001FB0BDE8F08F1C98F1F7F8FC8146002C3E
:100C40007ED02046F0F762FF0024189070E000206C
:100C50000C901898224681684B690CA998470A990C
:100C6000064688421DD1069400E0641C1898621C58
:100C700081684B690CA99847B042F6D0012001A9C0
:100C800005970090A1E8210306980A9A261A0AEB14
:100C90000001731C5846F3F7CBFA761C06FB08904C
:100CA00044E0012D1ED03DE00C9801AB09EBE002C1
:100CB00000F007010492CDE9057101210091A3E83C
:100CC00022010AEB0401584401233246F4F7ECFCFC
:100CD0000C98224630440C90189881684B690CA9F6
:100CE00098470646002EDFD11EE00C9A0F9901AB03
:100CF00002FB0190CDE9040701200090A3E8210147
:100D00000BEB02000AEB040101233246F3F790FAE1
:100D10000C98224630440C90189881684B690CA9B5
:100D200098470646002EE0D109EB08008146641C76
:100D3000139884428BDB18A8F0F718FF78E7FFE7D9
:100D4000012001A905970090A1E8210351465846CA
:100D5000139B0A9AF3F76CFA6AE700002868010807
:100D6000240100202DE9FF4F8DB01F4690460D98BD
:100D7000F0F7CCFE0890B74EB0F90AB000F11804B5
:100D8000D0F80C903068407CF1F72EFA082801D892
:100D9000012504E0102801D8022500E00425089868
:100DA000AD4A0168096907913168497C52F8211000
:100DB0000A69079906921668D1F804A091420FD1EA
:100DC0000021CDE90441012101AA0091A2E882029B
:100DD000B0F908205B4641460E98F3F729FA30E156
:100DE000202F02D0102F74D02BE1B0F9084008A8B2
:100DF000F0F7BCFE05FB04F0F0F7CCFD5FEA000A5B
:100E0000EDD0F0F783FE09900D98F0F77FFE00F12A
:100E1000180408900898012DB0F9087004D0022D2C
:100E200013D0042D38D121E00698DDF82490D0F8B5
:100E300010C0BCF1000F01D0012320E001CCB0476D
:100E400009F8010B7F1EF9D126E00698DDF8249001
:100E5000D0F810C0BCF1000F01D002230FE001CC8C
:100E6000B04729F8020B7F1EF9D115E00698DDF88E
:100E70002490D0F810C0BCF1000F07D004233A46EC
:100E800049462046E04704EB870405E001CCB04723
:100E900049F8040B7F1EF9D10020E900099ACDE939
:100EA0000210CDE9042001200090019008984146ED
:100EB00008F10108B0F9082001230E98F3F7B8F9FA
:100EC000BBF1010BA6D109A8F0F750FE5046B6E0E1
:100ED000FFE7B0F9084008A8F0F748FE05FB04F06A
:100EE000F0F758FD0C9000287BD0F0F70FFE09902A
:100EF0000D98F0F70BFE00F118040890B0F9080007
:100F00008000F0F747FD0B9010B1F0F7FFFD0A905D
:100F10000898012DB0F9087004D0022D23D0042DBB
:100F200069D141E00698DDF82490006988B10798FE
:100F3000D0F814C0BCF1000F0BD00B9848B10223BD
:100F40003A4620460A99E04706980123D0F810C097
:100F500040E034F8020B51468847B04709F8010BCE
:100F60007F1EF6D147E00698DDF82490006988B12D
:100F70000798D0F814C0BCF1000F0BD00B9848B103
:100F800002233A4620460A99E04706980223D0F801
:100F900010C01FE034F8020B51468847B04729F8CB
:100FA000020B7F1EF6D126E00698DDF8249000693A
:100FB000C0B10798D0F814C0BCF1000F12D00B9844
:100FC00080B102233A4620460A99E0470698042356
:100FD000D0F810C03A4649460A98E04704EB470467
:100FE00009E02EE034F8020B51468847B04749F833
:100FF000040B7F1EF6D10020E900099ACDE902100A
:10100000CDE904200120009001900898414608F1A4
:101010000108B0F9082001230E98F3F709F9BBF194
:10102000010B7FF475AF0B9828B10AA8F0F79EFD6D
:101030000B98F0F7CFFC09A8F0F798FD0C98F0F7A3
:10104000C9FC0898002802D008A8F0F78FFD11B05D
:10105000BDE8F08F240100203C01002038B5054692
:101060000C480C460068006EF0F750FD0090B0F997
:101070000620C36800F11801A21A02FB0311B0F99F
:10108000040001EB4501A1EB40046846F0F76EFD5A
:10109000204638BD2401002038B505460C480C46D2
:1010A0000068006EF0F732FD0090B0F90620C368CA
:1010B00000F11801A21A02FB0311B0F9040001EBC0
:1010C0008501A1EB80046846F0F750FD204638BD4D
:1010D000240100202DE9F04104460D461646324613
:1010E00029462046FEF7A0FB07462169886880470D
:1010F000804687EA0803324629462046FFF7D2F8A1
:10110000BDE8F081FEB50746124815460E46006858
:10111000006EF0F7FBFC019029463046FFF79EFF7A
:1011200004463869806880472188414021800198C1
:10113000406950B1F0F7EAFC009081682A460B68DC
:10114000314698476846F0F711FD01A8F0F70EFD0B
:10115000FEBD000024010020FEB5144815460E46D1
:101160000068006EF0F7D2FC019029463046FFF788
:1011700093FF044601980068006980688047014633
:101180002068484020600198406950B1F0F7BEFCEB
:10119000009081682A460B68314698476846F0F708
:1011A000E5FC01A8F0F7E2FCFEBD000024010020F0
:1011B00000B52DED048BB0EE409AF0EE609A83B04E
:1011C00051EC190B00F044FF41EC180B18EE100A1B
:1011D00018EE901A8DED008B002818BF01200843EF
:1011E00020F00040C0F17F6000F1E040C00F14D05B
:1011F00019EE101A19EE900A8DED009B002918BF08
:101200000121084320F00040C0F17F6000F1E04080
:10121000C00F04BF0120EFF77AFAB0EE480A03B01E
:10122000F0EE680ABDEC048B00BD000010B5002292
:10123000002801DA01224042002902DA42F00202CB
:101240004942814204DD0B460146184642F0040241
:10125000890200EBD07301EB630191FBF0F0801089
:101260000311144C00F00F00C0F1100134F813000A
:1012700010FB01F0102907D004EB4303C1F110016A
:10128000B3F9023003FB010000F108004FEAE071FE
:1012900000EB11704FEA2010510701D5C0F58060B6
:1012A000D10701D0C0F50060910701D5C0F580508D
:1012B00010BD0000163E0108F8B50F4C0746206827
:1012C000806CF0F723FC00902268D0E90256D2E946
:1012D0000212C0E902126846F0F748FC3868FBF7D2
:1012E00085FE2068806CF0F711FC0090C0E9025682
:1012F0006846F0F73BFCF8BD2401002000BF7047B2
:1013000010B5044600680E2802D00F2817D108E057
:10131000E0684168012917D10068BDE81040F1F785
:10132000FBBC6068FCF742FA084951F820006FF0F6
:101330007041884203D0F1F78DFCF0F795FC204610
:10134000BDE81040FAF730BE10BD0000F4010020E7
:1013500070B504466FF00400F5F772FEE11704EB78
:101360005171C1F3C7010D4A1170E11704EB5171BE
:10137000CD104FF47A7045430120094908804FF0A1
:10138000E020006940F002004FF0E02108610846CB
:101390004561006940F00100086170BD6E000020E9
:1013A0007000002070B504460F480078012814D161
:1013B0000E48007888B90E480088844206DB0C4845
:1013C000008894FBF0F52846F4F734FF08480088BD
:1013D00094FBF0F100FB114084B24FF47A7104FBEE
:1013E00001F000F007F870BDE6000020DA000020F0
:1013F000700000202DE9F047074600264FF0E0205E
:10140000D0F814901148007807FB00F800BFF4F7FB
:1014100047FB4FF0E020856911E04FF0E020846940
:10142000AC420CD0AC4202D2281B064403E0A9EB2C
:101430000400284406442546464500D300E0ECE776
:1014400000BFF4F74DFBBDE8F08700006E00002000
:10145000F8B5F3F7F3FDF3F761FA04003BD100258B
:101460002846F0F7BFFC009048B1C0680C21426AE2
:1014700068469047010007D00098884704436D1CD8
:10148000022DEDDB14B126E00120F8BDF3F760FA80
:10149000012540F6FF762846F0F7A4FC0090C0B185
:1014A0002846F1F7C5FB0420F3F76EFE0021324613
:1014B00033460846F3F742F90020F3F765FE00983B
:1014C0000E21C068426A68469047010001D000982A
:1014D00088476D1EDFD52046F8BD00F005F802E014
:1014E0006420F0F791FCFBE710B58EB0282243A1F1
:1014F00004A8EFF7A2F84B4903C9CDE902014AA0BD
:10150000006801904FF47F00F1F7A4FBF0F7ACFB0B
:101510004648F1F7ADFB4FF6FF70F1F79FFB44A093
:10152000F0F788FC4548F1F7A3FB0A20F1F7D0FB60
:10153000FF20F1F793FB8223C82232210A20F0F723
:101540009FFD3223C82282210A20F0F799FD002056
:10155000F1F780FB6FF07F40F1F780FB0020F1F79F
:10156000C9FB6422114636A0F0F7ECFC0420F1F729
:10157000C1FB7422642136A0F0F7E4FC0220F1F7ED
:10158000B9FB8422642135A0F0F7DCFC0120F1F7DF
:10159000B1FB9422642135A0F0F7D4FC0620F1F7CA
:1015A000A9FBA422642134A0F0F7CCFC0220F1F7BF
:1015B000A1FB00241DE06FF07F40F1F74FFB02A874
:1015C000F0F7B8FD0020F1F749FB01A8035D002208
:1015D00002A904A8F0F7D0FCBDF80800463000B21C
:1015E000ADF80800BDF80C00463000B2ADF80C00B4
:1015F000641C032CDFDB0EB010BD0000546869735F
:10160000206578616D706C652064656D6F737472B0
:101610006174657320746578742077726170706985
:101620006E670000CC3D010800020100CC500108AB
:1016300048454C4C4F20574F524421001464010838
:101640004755495F544D5F4E4F524D414C0000008D
:101650004755495F544D5F52455600004755495F15
:10166000544D5F5452414E53000000004755495FAE
:10167000544D5F584F5200004755495F454D5F54E8
:1016800052414E537C4755495F544D5F5245560079
:1016900000BF054A128802F04002002AF9D0C2B207
:1016A000014B9A80704700000010014022E0EEF7E5
:1016B00003FE0646F1F7D6FC0546F1F723FD044686
:1016C0000D48006808B9012000E000200A490860C0
:1016D00029460AA0EEF756FE21460CA0EEF752FE70
:1016E0004FF4FA73002211461046F4F7DFFD30463E
:1016F000EEF7E6FDDBE7000094024042B4A5C3FE2E
:10170000C6C178D6E13A25640D0A0000B4A5C3FE2F
:10171000C6C179D6E13A25640D0A00001CB5A8209F
:10172000FFF716FE4FF4A060F4F73EF94FF4E130F6
:1017300000F0ACF9F5F7D4FCFAF7EEF94FF4784085
:101740003549088035A010210B46C822CDE900108C
:1017500032211E20F3F754FE34A010210B46C8227C
:10176000CDE9001046211E20F3F74AFE32A01021D9
:101770000B46C822CDE900105A211E20F3F740FE87
:1017800023E032A010210B46C822CDE9001096219B
:101790001E20F3F735FE4FF4FA70FFF703FE31A079
:1017A00010210B46C822CDE9001096211E20F3F728
:1017B00027FE4FF4FA70FFF7F5FD2F48006808B9CF
:1017C000012000E000202C490860FAF7F7F94EF6F6
:1017D00014718842D5D129A010210B46C822CDE929
:1017E000001096211E20F3F70BFEF9F7F9FDF4F730
:1017F0007DF8002000F04EF8022000F04BF8F4F7DE
:10180000DDF80023214A19462148F4F70BFAF4F7D2
:10181000BDF900201CBD0000000000206D63756450
:1018200065762053544D33324634000053504920DE
:1018300054455354000000006D63756465762E7442
:10184000616F62616F2E636F6D000000573235511A
:10185000313620436865636B204661696C6564219D
:1018600000000000506C6561736520436865636B20
:101870002120202020202000940240425732355160
:10188000313620526561647921000000B0040020E7
:10189000151A010810B504460C4951F824104A00E5
:1018A0000B4951F82400002100F0A2F8094951F831
:1018B000242007490C3951F82400002100F098F841
:1018C000012103480C30015510BD0000743C010893
:1018D000900000208C3C01082DE9F04704460F469B
:1018E0000025A9462548005D20B924482038016814
:1018F000204688471FB94FF0FF30BDE8F0872048E9
:1019000050F82400B7FBF0F086B21D4850F82400D0
:10191000B7FBF0F100FB117008B1701C86B21948DA
:1019200050F82400451E24E014480C3850F82400D8
:1019300030F8150020B909F101001FFA80F901E023
:101940004FF00009B14513D14FF0000809E00B48F2
:101950000C3850F8240005EB080120F8116008F15C
:101960000108B045F3D3064850F824006843C4E7A3
:101970006D1E002DD8DA4FF0FF30BEE79C0000202E
:10198000803C0108743C010810B501460023002288
:1019900007E00B4850F8210030F8120000B15B1C42
:1019A000521C084850F821009042F2D86420584355
:1019B000044C54F82140B0FBF4F0C0B210BD00005C
:1019C00090000020743C010870B504460E46314674
:1019D0002046FFF781FF0546681C08B9002070BD4E
:1019E000024850F824002844F9E700008400002051
:1019F00030B5034601E003F8011B141EA2F10102F9
:101A0000F9D130BD00BF011EA0F10102D0B2FAD160
:101A10007047000070B5054601210803F5F7D4F8BA
:101A2000F0F75EFCF4F7D6F8EEF746FC0446042324
:101A30000B4A00210B48F4F7F5F802230A4A00216B
:101A40000A48F4F7EFF80323094A00210948F4F79C
:101A5000E9F8FF20F4F798FB2046EEF731FC70BD63
:101A6000B0270020DB140108B0060020791A010815
:101A7000B0070020AD16010807E0F1F7FFF90523D4
:101A8000002211461046F4F711FCF6E710B588B0B5
:101A9000044601210846F5F797F801211020F5F7D3
:101AA000B3F8072209212448EFF7ECFD07220A21A9
:101AB0002148EFF7E7FD4FF4C060069002208DF853
:101AC0001C008DF81D0000208DF81E0001208DF8EF
:101AD0001F0006A91848EFF78DFD02940020ADF80D
:101AE0000C00ADF80E00ADF81000ADF814000C209D
:101AF000ADF8120002A91148F9F770FF01210F4853
:101B0000F9F711FF40210D48F9F704FF012240F2D7
:101B100025510A48F9F73DFF25208DF804000320E0
:101B20008DF805008DF8060001208DF8070001A84A
:101B3000F3F7FEFE08B010BD0000024000100140A7
:101B400010B591EA030F48BF83F0004300F15483BE
:101B5000841A71EB030C05D2121943EB0C03001B22
:101B600061EB0C01DFF824E14FEA1154A4EB135CA4
:101B70001EEA430F18BF9EEA445F73D023EA0E03A8
:101B8000DCF1200E21EA045143F4801332D322FA0F
:101B90000CFE10EB0E0023FA0CFE41EB0E01CCF113
:101BA000200E03FA0EFE10EB0E0051F10001B1F50C
:101BB000801FCCF1200E32D201EB045112FA0EF24A
:101BC000BDE8104058BF7047401C38BF5FEA420272
:101BD00018BF7047002814BF20F0010041F1000138
:101BE0004FEA410313F5001F38BF7047A1F1C04110
:101BF00000F0E6B9012A43EB0302ACF1200CDCF162
:101C00001F0E32BF4FF0000E23FA0CF310EB03004F
:101C100041EB0451B4EB115FD0D0A1EB045101F5BD
:101C2000801149085FEA300001EB04510ED350F1F6
:101C3000000038BF12FA0EFE08D1BDE81040C9E717
:101C4000401C38BF5FEA4202CAD1C3E7BDE810407A
:101C50004FEA410313F5001F38BF7047A1F1C0419F
:101C600000F0AEB99EEA445F08D011EA5E0FBDE80D
:101C7000104004BF01F0004100207047BDE8104053
:101C800070B500F04FF900BF64FBBE3E0000E0FFFE
:101C9000491058BFC1F140415B1058BFC3F14043E8
:101CA0008B42EFF3008070474FEA1153A3F5806336
:101CB000D3F11E03A8BFD3F1200C08DB4FF0004284
:101CC00042EAC12252EA505232FA03F07047094206
:101CD0000BD4102BC4BF0020704703F5787CBCF1F7
:101CE000FF3F05D04FF0FF3070474FF000007047C6
:101CF00070B500F017F900BF4992248000207047AA
:101D0000F0E710F0004248BF4042B0FA80F310FA0A
:101D100003F10AD0C3F11D0303F580634FEA41507C
:101D200002EB035202EBD12170474FF000007047E5
:101D3000B0FA80F310FA03F10AD0C3F11D0303F5E2
:101D400080634FEA41504FEA035202EBD1217047C2
:101D50004FF000007047000051EA030C17D41CF547
:101D6000801F58BFBCF5801F00F10680994218BF44
:101D7000704708BF9042704707D711F5801F58BFC2
:101D800013F5801F19D499427047894270471CF59A
:101D9000801F08D5BCF5801FF7D58B4218BF704750
:101DA00008BF824270474FF4001C1CEB410F38BF44
:101DB0001CEB430F01D28B42704770B500F0B2F8B4
:101DC000922449004FF000514FF08053FFF760BF5D
:101DD000DFF848C170B51CEA111E1EBF1CEA1315BE
:101DE0009EEA0C0F95EA0C0F00F06F8081EA030465
:101DF00023EA4C134EEAD47E21EA4C1141F48011BF
:101E000043F48013AE44A1FB024CA0FB0365AEF18A
:101E10007F7E361955EB0C05A1FB034C4CF10003FA
:101E2000A0FB021C16EB0C06654153F100030942AE
:101E300018BF46F0010613F4007F0BD14FEA0331BF
:101E40004FEA0530340341EA155140EA16506FF06D
:101E500003020AE04FEAC3214FEAC520F40241EA37
:101E6000555140EA56506FF0020202EB2E4201EB50
:101E7000025585EACE710AD05FEA440C18BF24F0FF
:101E8000004450F1000041F1000120EAD47040F21A
:101E9000FE7C624500D270BDA84214BF4FF0804462
:101EA0004FF04044002E08BF0024BEF1806FA8BF51
:101EB000A1F1C041BDE8704080F282804FF0000087
:101EC00001F1C04101F0004170479EEA0C0F0CEA9D
:101ED000131518BF95EA0C0F06D04FF0000081EAE9
:101EE000030E0EF0004170BD00F01CF88900013EA9
:101EF00000F007B800F009B84FEA430C5FEA5C5CF9
:101F000008D081EA030100F05BB84FEA410C5FEAB8
:101F10005C5CF6D14FF00000014970470000FF07FC
:101F20000000F87F0EF1020E2EF0030E5EF8046B37
:101F3000364205D4012A43EB030515F5001F12D8DC
:101F4000012841EB010C1CF5001F0CD80ED14FEA03
:101F5000D17C15F5001F0CEB4C0C0CF1020C08BFEA
:101F60004CEBD37C04E04FF0080C01E04FEAD37C4B
:101F70000CEB4C0526FA05F606F00706B6F1040C44
:101F800006D20EEB860CBDE870404CF0010C6047A9
:101F9000DFE80CF0090B02024FF000414FF00000A7
:101FA000A1F5002170BD19461046012851EB01042E
:101FB00018BFD4F5001484BF002001F0004170BDAB
:101FC0000808A0F500114FEA3101704753EA010CEF
:101FD00017D41CF5801F58BFBCF5801F00F1068088
:101FE0008B4218BF704708BF8242704707D713F56E
:101FF000801F58BF11F5801F19D48B4270479B4238
:1020000070471CF5801F08D5BCF5801FF7D5994295
:1020100018BF704708BF904270474FF4001C1CEB7C
:10202000430F38BF1CEB410F01D2994270470FB4E8
:102030000CBC03BCFFF7C1BE91EA030F10B581F0E1
:1020400000413FF585AD83F0004300F0D5B80000B6
:102050002DE9F04101F5801CBCF5001FC0F2A980FC
:102060004FEA115C21EA0C510CF1FD0C41F4801196
:102070005FEA5C0C0CF5C07C01D34000494130A400
:10208000890241EA905187028E0E0A0CA45D04FB7E
:1020900004F602FB06F6C6F14046A4FB0662F60D06
:1020A00046EA422606FB06F4A4FB01235242C3F192
:1020B000404338BF5B1EA6FB02420024E6FB03241C
:1020C000D20B42EA4446A6FB0623A1FB02E2A3FB95
:1020D00007E4E3FB61426442C2F1404E38BFAEF117
:1020E000010EA6FB04234FF00002E6FB0E32A2FB1A
:1020F00003463400E2FB6264A1FB06E6A4FB07E8AA
:10210000E4FB61687642C8F1405838BFA8F1010885
:10211000A2FB06E4A3FB08E5E2FB6854A1FB05E68D
:10212000A7FB04E8E1FB648618F1200556F10006E0
:10213000A809A8F11B08B10908F03F08B8F10A0F77
:1021400040EA86601CD901EB0C51BDE8F08100BF6C
:10215000FCF5EEE8E2DDD8D3CFCBC7C3C0BDB9B63E
:10216000B4B1AEACA9A7A5A3A19F9D9B9A98969543
:102170009392908F8D8C8B898887868584838281CA
:10218000A0FB006800FB01F208EB4208B8EB8728CF
:1021900007D5341858EB0104D5D5401C51F1000186
:1021A000D1E7341A78EB0104CDD4401E71F100015F
:1021B000C9E75FEA4C0C5FEA9C5C0DD105D34FF098
:1021C000000001F00041BDE8F081BDE8F04170B5CC
:1021D000FFF7A8FE6DDBFFBEBDE8F0414FF0000049
:1021E000004970470000F87F10B591EA030F48BF1F
:1021F00083F000433FF5ACAC841A71EB030C07D2BB
:1022000012198CF0004C43EB0C03001B61EB0C012A
:10221000DFF8A4E14FEA1154A4EB135C1EEA430F6C
:1022200018BF9EEA445F00F0B08023EA6E0352427A
:1022300021EA0451C3EB6E0338BF5B1EDCF1200EB4
:1022400025D322FA0CFE10EB0E0043FA0CFE41EBF4
:102250000E01CCF1200E03FA0EFE10EB0E0051F130
:102260000001CCF1200E29D412FA0EF201EB045138
:10227000BDE8104058BF7047401C1CBFB2F1004F72
:10228000704700280CBF491C20F00100704712EB7A
:10229000020E43EB030218BF4FF0010E4EEA42025A
:1022A000ACF1200CDCF11E0E54D943FA0CFE10EBFD
:1022B0000E0051F1FF31CCF11E0ED5D50EF1010EFD
:1022C00012FA0EFE404141EB010101EB445C5FEA72
:1022D0005C5C10D910EBDE7001EB045138BFBEF12D
:1022E000004FBDE8104018BF704700280CBF491CC4
:1022F00020F00100704730D24FEAD42C11F50011C4
:1023000024F400641BD0B1FA81F20B3AA41AA41E83
:10231000D2F12003914030FA03F31943904001EBCE
:10232000CC71002C01EB0451BDE81040A8BF7047F0
:1023300001F1C0414FF0000001F000417047B0FAD8
:1023400080F310FA03F100D110BDE41A173C4805E0
:10235000C90AE4E701EB045110BD491001EB045137
:10236000BDE810404FEA300002E04FF00001704736
:102370004A0008BF0042F8D0B2F5001F28BF7047DE
:1023800001F000414FF0000070479EEA445F07D023
:1023900011EA5E0FBDE8104004BF00210020704725
:1023A000BDE8104070B5FFF7BDFD00BF40DFF63E51
:1023B00083F00041104670470000E0FF43004FEA01
:1023C000D30C4FEA3C0C43401FBF40070CF1605157
:1023D00013F0FE4F70471CF0006F03D100200CF08B
:1023E000004170470CF0004343EA507010B540EADA
:1023F000CC0000F00EF800BF000000924FEA000190
:10240000FFF7DEBD4FF000414FF00000A1F50021C5
:1024100070470EF1020E2EF0030E5EF8044B2442BC
:1024200004D44FEA4102B2F17F4F11D84FEA400382
:10243000B3F17F4F0CD80ED14FEAD07CB2F17F4F71
:102440000CEB4C0C0CF1020C08BF4CEBD17C04E003
:102450004FF0080C01E04FEAD17C0CEB4C0324FA5E
:1024600003F404F00704B4F1040C06D20EEB840C60
:10247000BDE810404CF0010C6047DFE80CF00708A5
:1024800002024FF00040A0F5800010BD0846420057
:1024900018BFD2F1807288BF00F0004010BD4FF02D
:1024A0004070E1EE100A70470000000000000000DC
:1024B00000000000000000003F400000000000009D
:1024C00000003000400030004000000009000BC058
:1024D0003D000BC03D00090018C024407FE02240B1
:1024E00031800000180024C01B000D8032400180A4
:1024F00003801C4027401C80074000401000600003
:1025000000000000000000000000000000001F802C
:10251000204040200000402020401F80000000009C
:10252000090006001F8006000900000004000400E6
:102530003F80040004000000001000600000000064
:102540000000000004000400040004000400000077
:10255000000000400000000000000000002001C05A
:1025600006003800400000001F802040204020402E
:102570001F800000000010403FC00040000000002D
:1025800018C0214022402440184000001080204004
:10259000244024401B80000002000D0011003FC0B9
:1025A000014000003C80244024402440238000005F
:1025B0001F8024402440344003800000300020006D
:1025C00027C03800200000001B8024402440244005
:1025D0001B8000001C0022C0224022401F800000FF
:1025E00000000000084000000000000000000000A3
:1025F0000460000000000000000004000A00110058
:10260000208040400900090009000900090000007D
:1026100000004040208011000A0004001800200043
:1026200023402400180000001F802040274029403C
:102630001F400000004007C039000F0001C00040EB
:1026400020403FC0244024401B8000001F802040C9
:10265000204020403080000020403FC020402040EB
:102660001F80000020403FC024402E4030C00000AA
:1026700020403FC024402E00300000000F0010809A
:10268000204022403380020020403FC0040004006C
:102690003FC02040204020403FC02040204000005C
:1026A0000060202020203FC02000200020403FC0AC
:1026B00024400B0030C0204020403FC0204000405C
:1026C000004000C03FC03C0003C03C003FC00000D1
:1026D00020403FC00C4023003FC020001F8020400E
:1026E000204020401F80000020403FC024402400A4
:1026F000180000001F802140214020E01FA00000A2
:1027000020403FC02440260019C0004018C024408B
:102710002440224031800000300020403FC0204053
:102720003000000020003F80004000403F8020003B
:1027300020003E0001C0070038002000380007C01C
:102740003C0007C038000000204039C0060039C0F6
:10275000204000002000384007C038402000000022
:10276000304021C02640384020C00000000000005A
:102770007FE0402040200000000070000C0003803B
:10278000004000000000402040207FE000000000EA
:102790000000200040002000000000000010001099
:1027A00000100010001000100000000040000000A9
:1027B00000000000000002800540054003C000400A
:1027C00020003FC00440044003800000000003805C
:1027D0000440044006400000000003800440244000
:1027E0003FC000400000038005400540034000005A
:1027F000000004401FC0244024402000000002E0EC
:10280000055005500650042020403FC004400400FD
:1028100003C000400000044027C00040000000004A
:1028200000100010041027E00000000020403FC00E
:102830000140070004C00440204020403FC0004049
:102840000040000007C0040007C0040003C00000EF
:10285000044007C00440040003C00040000003809F
:102860000440044003800000041007F004500440BA
:1028700003800000000003800440045007F00010B3
:10288000044007C0024004000400000000000640AD
:102890000540054004C00000000004001F80044003
:1028A00000400000040007800040044007C00040D2
:1028B0000400070004C0018006000400060001C0F7
:1028C000070001C006000000044006C0010006C069
:1028D000044000000410071004E00180060004001A
:1028E0000000044005C00640044000000000000055
:1028F00004007BE040200000000000000000FFF02A
:1029000000000000000040207BE004000000000008
:102910004000800040002000200040000000000037
:1029200000000000000000000000000000000000A7
:1029300000001FCC000C0000000000000000080098
:10294000300060000800300060000000022003FC3E
:102950001E20022003FC1E200220000000000E1892
:1029600011043FFF10840C78000000000F00108459
:102970000F3800C0077818840078000000780F84B2
:1029800010C411240E9800E40084000808006800B8
:1029900070000000000000000000000000000000C7
:1029A000000007E018182004400200000000400268
:1029B0002004181807E00000000000000240024058
:1029C00001800FF001800240024000000080008082
:1029D00000800FF800800080008000000001000DE2
:1029E000000E000000000000000000000000008059
:1029F0000080008000800080008000800000000CCB
:102A0000000C0000000000000000000000000006B4
:102A1000001800600180060018002000000007F088
:102A2000080810041004080807F00000000008045B
:102A300008041FFC000400040000000000000E0C4D
:102A400010141024104411840E0C000000000C1807
:102A500010041104110412880C700000000000E042
:102A60000320042408241FFC0024000000001F98F9
:102A7000108411041104108810700000000007F089
:102A800008881104110418880070000000001C0060
:102A9000100010FC13001C001000000000000E3895
:102AA00011441084108411440E3800000000070007
:102AB000088C10441044088807F000000000000053
:102AC0000000030C030C00000000000000000000E8
:102AD000000101060000000000000000000000806E
:102AE0000140022004100808100400000220022007
:102AF0000220022002200220022000000000100418
:102B000008080410022001400080000000000E00B0
:102B10001200100C106C10800F00000003E00C1865
:102B200013E4142417C4082807D000000004003C54
:102B300003C41C40074000E4001C000410041FFCF8
:102B40001104110411040E880070000003E00C1839
:102B500010041004100410081C10000010041FFCC6
:102B6000100410041004080807F0000010041FFCF3
:102B70001104110417C410040818000010041FFCED
:102B80001104110017C010000800000003E00C1829
:102B90001004100410441C780040000010041FFCB6
:102BA00010840080008010841FFC100400001004BA
:102BB00010041FFC100410040000000000030001BA
:102BC000100110011FFE10001000000010041FFC77
:102BD000110403801464181C1004000010041FFC6E
:102BE0001004000400040004000C000010041FFC8A
:102BF0001F0000FC1F001FFC1004000010041FFC3D
:102C00000C04030000E010181FFC100007F0080877
:102C1000100410041004080807F0000010041FFC42
:102C200010841080108010800F00000007F008183A
:102C300010241024101C080A07F2000010041FFCC6
:102C40001104110011C011300E0C000400000E1C04
:102C500011041084108410441C3800001800100067
:102C600010041FFC100410001800000010001FF8D2
:102C700010040004000410041FF8100010001E00CF
:102C800011E0001C007013801C0010001FC0103CDD
:102C900000E01F0000E0103C1FC000001004180CF2
:102CA000163401C001C01634180C100410001C00AA
:102CB000130400FC13041C00100000000804101C86
:102CC0001064108413041C0410180000000000009D
:102CD00000007FFE40024002400200000000300081
:102CE0000C0003800060001C000300000000400294
:102CF000400240027FFE00000000000000000000D3
:102D000020004000400040002000000000010001C1
:102D1000000100010001000100010001000040006D
:102D200040002000000000000000000000000098AB
:102D3000012401440144014400FC000410001FFC74
:102D40000088010401040088007000000000007089
:102D500000880104010401040088000000000070E4
:102D600000880104010411081FFC0004000000F8A1
:102D7000014401440144014400C800000000010472
:102D800001040FFC1104110411001800000000D60A
:102D900001290129012901C90106000010041FFCB5
:102DA000008401000100010400FC00040000010493
:102DB000190419FC000400040000000000000003D6
:102DC00000010101190119FE0000000010041FFCA0
:102DD0000024004001B4010C0104000000001004B4
:102DE00010041FFC0004000400000000010401FCAA
:102DF0000104010001FC0104010000FC010401FCCC
:102E0000008401000100010400FC0004000000F83F
:102E1000010401040104010400F80000010101FFA4
:102E200000850104010400880070000000000070AB
:102E3000008801040104010501FF000101040104EF
:102E400001FC00840104010001800000000000CCAE
:102E50000124012401240124019800000000010044
:102E6000010007F80104010400000000010001F85E
:102E7000000400040004010801FC000401000180BA
:102E80000170000C001001600180010001F0010CD4
:102E9000003001C00030010C01F00100000001040D
:102EA000018C00740170018C01040000010101819A
:102EB0000171000E00180160018001000000018412
:102EC000010C013401440184010C000000000000E9
:102ED0000000000001003EFC400240020000000033
:102EE00000000000FFFF00000000000000004002A2
:102EF00040023EFC010000000000000000006000F5
:102F00008000800040004000200020000000000001
:102F100000000000000000000000000000000000B1
:102F200000000000000000000000000000000000A1
:102F30000000000000000000000000000000000F82
:102F400080380FFE380F80380000000000000000BD
:102F5000000000000000000000000100000600006A
:102F60000C00003800003100000600000C000038A2
:102F700000003000000000000000000061800067D9
:102F8000F807F98000618000618000618000618045
:102F90000067F807F9800061800000000000000071
:102FA000000001C0E003E0F00630080418081FFF2D
:102FB000FE040E080787F00381E000000000000017
:102FC00001F000060C00040408060C7001F9C000B2
:102FD0000E00003BE000EC18070808040C18000382
:102FE000E00000000001E00007F003F818041C08EE
:102FF00004170807E1D003C0E00023B0003C08003C
:103000002008000010000000000000010000310056
:10301000003200001C000000000000000000000062
:1030200000000000000000000000000000000000A0
:103030000000000000000000000000007F0001FF11
:10304000C00780F00C0018100004200002000000EF
:103050000000002000021000040C00180780F0019E
:10306000FFC0007F00000000000000000000000022
:103070000000000000000000420000660000660042
:10308000003C0000180003FFC0001800003C0000D6
:103090006600006600004200000000000800000812
:1030A0000000080000080000080001FFC000080040
:1030B00000080000080000080000080000000000F0
:1030C000000100003100003200001C000000000080
:1030D00000000000000000000000000000000000F0
:1030E00000000000080000080000080000080000C0
:1030F00008000008000008000008000008000008A0
:10310000000000000000000000000000380000384F
:103110000000380000000000000000000000000077
:103120000000000000000000000000000006000099
:103130001C000070000180000E0000380000C0007C
:103140000700001C0000300000000000000000002C
:103150007F8001FFE003807006001804000804006F
:103160000806001803807001FFE0007F8000000067
:103170000000000000000100080100080100080331
:10318000FFF807FFF8000008000008000008000032
:103190000000000000000001C03802C05804009880
:1031A000040118040218040418061C1803F8180176
:1031B000E0F800000000000000000001C0E003C0D3
:1031C000F004000804080804080806180803F418A6
:1031D00001E7F00001E00000000000000000000036
:1031E0000300000D000011000061000081080301D0
:1031F0000807FFF80FFFF8000108000108000000B1
:103200000000000000E007FCD006080806100806D1
:103210001008061008061838060FF00607C0000050
:1032200000000000000000003F8001FFE003843048
:1032300002081804100804100804100807181003E6
:103240000FF00007C000000000000000000003C0F5
:10325000000700000600000600F80607F806180040
:1032600006E000070000060000000000000000016A
:10327000E1E003F7F0063410041808041808040C01
:1032800008040C0806161803F3F001C1E000000062
:1032900000000000F80003FC3003063804020804B4
:1032A00002080402080404100308F001FFC0007FB4
:1032B000000000000000000000000000000000000E
:1032C0000000000070380070380070380000000006
:1032D00000000000000000000000000000000000EE
:1032E0000000000000000000301A00301C00000048
:1032F00000000000000000000000000000000000CE
:1033000000000008000014000022000041000080BE
:1033100080010040020020040010080008000000A6
:103320000000000021000021000021000021000019
:1033300021000021000021000021000021000021C7
:103340000000000000000000000008000804001059
:1033500002002001004000808000410000220000A7
:10336000140000080000000000000003C00004C0BA
:1033700000040000080038080F380808380810005A
:103380000C300007E00003C0000000000000000057
:103390003F8000FFE0038070020F1006708804C0B9
:1033A00088048308047F8802C09003012000FE4047
:1033B0000000080000180001F8003E0801C20007E4
:1033C000020007E20000FE00001FC80001F8000034
:1033D0003800000804000807FFF807FFF804080891
:1033E00004080804080804080806180803F418016B
:1033F000E7F00001E0000000000000003F8001FF56
:10340000E0038070020018040008040008040008AB
:103410000400100600200780C00000000400080718
:10342000FFF807FFF804000804000804000804007F
:103430001802001003807001FFE0007F8000000090
:1034400004000807FFF807FFF80408080408080448
:103450000808040808043E080400080600180100D3
:103460006000000004000807FFF807FFF8040808E0
:10347000040800040800040800043E0006000006DA
:103480000000018000000000000000003F8001FFFC
:10349000E003807006001804000804020804020813
:1034A0000203F00783F00002000002000400080796
:1034B000FFF807FFF80408080008000008000008EB
:1034C0000000080004080807FFF807FFF8040008D8
:1034D00000000000000004000804000804000807C1
:1034E000FFF807FFF80400080400080400080000C3
:1034F00000000000000000000006000007000001BE
:1035000004000104000104000307FFFE07FFFC04A0
:10351000000004000004000004000807FFF807FF93
:10352000F8040C08001800003E0004C7800503C81A
:103530000600F8040038040018000008040008071A
:10354000FFF807FFF804000800000800000800006A
:1035500008000008000008000018000060000000DB
:1035600004000807FFF807800807FC00007FC00080
:1035700003F80007C000780007800807FFF807FF7E
:10358000F804000804000807FFF807000803C0005B
:1035900000E000003800001E000007000001C00429
:1035A00000F007FFF8040000000000007F8001FF2A
:1035B000E0038070060018040008040008060018E4
:1035C00003003001FFE0007F8000000004000807D6
:1035D000FFF807FFF80404080404000404000404CE
:1035E00000040400060C0003F80001F000000000D5
:1035F000000000007F8001FFE00380700600880467
:1036000000880400C806003C03003E01FFE6007F7E
:103610008400000004000807FFF807FFF80408080A
:10362000040800040C00040F00040BC00610F00393
:10363000F03801E00800000800000001E0F803F0A5
:1036400030063010041808041808040C08040C088C
:103650000206180207F00781E00000000180000662
:10366000000004000004000004000807FFF807FF42
:10367000F8040008040000040000060000018000B7
:1036800004000007FFE007FFF00400180000080036
:10369000000800000800000800000804001007FFF0
:1036A000E004000004000006000007E00007FE0040
:1036B000041FE00001F80000380001E0043E0007AC
:1036C000C00006000004000004000007E00007FF3F
:1036D000C0041FF80007C007F80007FF80043FF888
:1036E0000007C004F8000700000400000000000408
:1036F000000806001807C07805F1C8003E00001F4A
:10370000800463E80780F806001804000800000041
:1037100004000006000007800007E008047C0800A1
:103720001FF80007F800180804E00807000006006A
:10373000000400000000000100080600380400F842
:103740000403E8040F08047C0805F00807C0080714
:1037500000180400600000000000000000000000ED
:10376000000000000000003FFFFE200002200002D9
:1037700020000220000220000200000000000000E3
:10378000000008000007000000C00000380000062C
:10379000000001C000003000000E00000100000029
:1037A0000000000000002000022000022000022093
:1037B00000022000023FFFFE0000000000000000A9
:1037C00000000000000000000000000000080000F1
:1037D0001000003000002000003000001000000841
:1037E00000000000000000000000010000010000D7
:1037F00001000001000001000001000001000001C3
:1038000000000100000100000100000100000000B4
:103810000000000000200000200000100000100048
:103820000000000000000000000000000000000098
:103830000000000000F00019F8001B18002208002A
:103840002608002408002410003FF8001FF800009C
:103850000800001800000004000007FFF80FFFF048
:103860000018180010080020080020080030180078
:103870001FF0000FC00000000000000007C0001F84
:10388000F0001830002008002008002008003C0844
:10389000001C10000060000000000000000000009C
:1038A00007C0001FF0003818002008002008002082
:1038B0000804101007FFF80FFFF0000010000000D0
:1038C0000000000000000007C0001FF000123000E0
:1038D0002218002208002208003208001E10000EE4
:1038E0002000000000000000200000200800200848
:1038F00001FFF803FFF80620080420080420080749
:10390000200003000000000000000000000E000E78
:103910006E001FF30031B10020B10020B1003191E1
:10392000001F13002E1E00200E00300000000004B7
:10393000000807FFF80FFFF8001008002000002023
:1039400000002008003FF8001FF8000008000000F9
:1039500000000000000000200800200800200806E9
:103960003FF8063FF80000080000080000080000CB
:103970000000000000000000000000000300000341
:10398000002001002001002003063FFE063FFC004E
:10399000000000000000000000000004000807FF15
:1039A000F80FFFF8000188000300002FC00038F86E
:1039B000002038002008000008000000000000007F
:1039C000000004000804000804000807FFF80FFFC7
:1039D000F8000008000008000008000000000000D7
:1039E000002008003FF8003FF80010080020000009
:1039F0003FF8003FF8001008002000003FF8003FAB
:103A0000F8000008000000002008003FF8003FF820
:103A1000001008001000002000002008003FF800FF
:103A20001FF80000080000000000000007C0000FA1
:103A3000F00018300030080020080020080030088E
:103A4000001830000FF00007C00000000000000068
:103A50002001003FFF003FFF00101100200900205F
:103A600008002008003038001FF0000FC0000000E0
:103A70000000000007C0001FF000381800200800F8
:103A80002008002009001011001FFF003FFF000068
:103A900001000000002008002008002008003FF876
:103AA000003FF8000808001008002008002000006F
:103AB0003000003000000000000000000000000C9A
:103AC00078001E1800330800230800210800218810
:103AD0000021980030F00038600000000000000075
:103AE000200000200000200000FFF003FFF800206D
:103AF000080020080020080000300000000000003E
:103B0000000000002000003FF0007FF800001800D7
:103B10000008000008002010003FF8007FF00000BF
:103B200010000000000000002000003000003C00F9
:103B3000003F800023F00000780000700023800028
:103B40003C00003000002000002000003C00003F4E
:103B5000E00023F80000E0002700003E00003FE006
:103B60000021F80001E0003E0000200000000000FD
:103B70002008002008003838003E68002780000335
:103B8000C8002CF800383800201800200800000079
:103B9000000000002000003003003C01003F8300D3
:103BA00023EC000070002380003C00002000002077
:103BB000000000000000000000000038080020386D
:103BC0000020F80023E8002F88003E080038080095
:103BD000201800007000000000000000000000003D
:103BE000000000000000000008000014001FF7FCA7
:103BF000300006200002000000000000000000006D
:103C00000000000000000000000000000000FFFFB6
:103C1000FF000000000000000000000000000000A5
:103C20000000000000002000023000061FF7FC002A
:103C30001400000800000000000000000000000068
:103C400000000000000000180000600000400000BC
:103C500040000020000010000008000004000004E4
:103C600000000C000010000000010005001000140E
:103C7000001800000009000040010000800700005B
:103C800020000000200000002000000000200100B3
:103C90000028000000F00000000000007DE40008A3
:103CA000BDEA00085DEB0008E9ED000829F800080E
:103CB000A5020108D51001087502010899F600084F
:103CC0000DF7000865F600085FF800080000010025
:103CD00002000100030001000200010004000100D5
:103CE00002000100030001000200010005000100C4
:103CF00002000100030001000200010004000100B5
:103D000002000100030001000200010006000100A2
:103D10000200010003000100020001000400010094
:103D20000200010003000100020001000500010083
:103D30000200010003000100020001000400010074
:103D40000200010003000100020001000700010061
:103D50000200010003000100020001000400010054
:103D60000200010003000100020001000500010043
:103D70000200010003000100020001000400010034
:103D80000200010003000100020001000600010022
:103D90000200010003000100020001000400010014
:103DA0000200010003000100020001000500010003
:103DB00002000100030001000200010004000100F4
:103DC00002000100030001000200010018001800B9
:103DD000A000640061D50008F1480008E7F700087A
:103DE00001000000ADD4000895F90008394400082E
:103DF0004145000800006400C80029018801E30172
:103E000039028A02D402180353038703B203D4038E
:103E1000EC03FB0300040000290051007900A0001E
:103E2000C500EA000D012E014E016C018901A301BC
:103E3000BD01D501EB010002000000000000000000
:103E40000000000000000000000000000000000072
:103E50000000000030303030303030303030300052
:103E6000003030000000000000000000666666665A
:103E700066000000000000000000000000000000DC
:103E800000000000000000000C600C600CE018C096
:103E9000FFF0FFF018C031803180FFF0FFF031807B
:103EA00073006300630000000000000000000000D9
:103EB00000000000000004001F003F8075C064C0C7
:103EC000640074003E000F8005C004C004C064C0DC
:103ED00075C03F801F0004000400000000000000C7
:103EE0000000000000000000000000001C0600367A
:103EF0000C00630C00631800631800633000366028
:103F0000001C670000CD8000D8C00198C00198C097
:103F10000318C0060D800607000000000000000026
:103F20000000000000000000000000000000000091
:103F300007800FC01860186018C00D800F001F00A8
:103F4000339861D860F0606070F03FD81F080000BF
:103F500000000000000000000000000060606060E1
:103F600060000000000000000000000000000000F1
:103F7000000000000408181030306060606060606D
:103F8000603030101808040000000000402030109D
:103F900018180C0C0C0C0C0C0C18181030204000CD
:103FA000000000001818FF183C6600000000000028
:103FB0000000000000000000000000000000000001
:103FC00000000000000006000600060006007FE07A
:103FD0007FE006000600060006000000000000006A
:103FE00000000000000000000000000000000000D1
:103FF0000000000000000000003030101020000021
:10400000000000000000000000000000FCFC0000B8
:1040100000000000000000000000000000000000A0
:104020000000000000000000003030000000000030
:10403000000000000C0C1818181830303060606058
:1040400060C0C00000000000000000000000000090
:104050001F003FC030C06060606060606060606092
:10406000606060606060606030C03FC00F800000D2
:104070000000000000000000000000000000000040
:10408000030003000F001F003300030003000300C0
:10409000030003000300030003000300030000000B
:1040A0000000000000000000000000000000000010
:1040B0001F803FC070E060600060006000C000C012
:1040C000018007000E00180030007FE07FE0000054
:1040D00000000000000000000000000000000000E0
:1040E0001F003F8071C060C000C00180070007C092
:1040F00000E000600060606070C03FC01F00000012
:1041000000000000000000000000000000000000AF
:1041100000800180038007800D800D801980318030
:1041200061807FE07FE001800180018001800000EC
:10413000000000000000000000000000000000007F
:104140001FC01FC030003000300037807FC060E0EB
:10415000006000600060606070C03FC01F00000031
:10416000000000000000000000000000000000004F
:104170000F801FC030E03060600067807FC070E05B
:10418000606060606060606030C01FC00F00000051
:10419000000000000000000000000000000000001F
:1041A0007FE07FE000C00180018003000300060083
:1041B00006000C000C000C0018001800180000008D
:1041C00000000000000000000000000000000000EF
:1041D0000F001F8030C030C030C030C01F801F8033
:1041E00030C060606060606070E03FC01F800000B1
:1041F00000000000000000000000000000000000BF
:104200000F003F8030C0606060606060606030E0E0
:104210003FE01E60006060C070C03F801F00000073
:10422000000000000000000000000000000000008E
:1042300030300000000000000030300000000000BE
:10424000000000000000000030300000000000000E
:1042500000303010102000000000000000000000BE
:1042600000000000002000E003C00F0038006000E4
:1042700038000F0003C000E0002000000000000034
:10428000000000000000000000000000000000002E
:1042900000000000000000007FE07FE00000000060
:1042A00000007FE07FE00000000000000000000050
:1042B00000000000000000000000000000000000FE
:1042C00000000000400070003C000F0001C00060D2
:1042D00001C00F003C007000400000000000000022
:1042E00000000000000000000000000000000000CE
:1042F0001F803FC070E06060006000C001C00380AC
:10430000070006000600000000000600060000008E
:10431000000000000000000000000000000000009D
:104320000000000000FE0007FF800F03C01C00E03B
:1043300018736031FB70338E30630630660630666A
:104340000630660470660C60671CC033FF8039EF6E
:10435000301C00600F01C007FF8001FE000000005C
:104360000000000000000000070007000D800D8025
:104370000D8018C018C018C03FE03FE060306030CA
:104380006030C018C01800000000000000000000ED
:1043900000000000000000003FC03FE030703030FF
:1043A000303030703FE03FE0303030183018301897
:1043B00030383FF03FE00000000000000000000047
:1043C000000000000000000007E01FF01C38301C57
:1043D000700C60006000600060006000700C3018BD
:1043E0003C381FF007E00000000000000000000063
:1043F00000000000000000003FC03FF030383018DF
:10440000300C300C300C300C300C300C300C3018C0
:1044100030383FF03FC00000000000000000000006
:1044200000000000000000003FF83FF830003000BE
:10443000300030003FF03FF03000300030003000FE
:1044400030003FF83FF800000000000000000000CE
:1044500000000000000000003FF03FF0300030009E
:10446000300030003FE03FE03000300030003000EE
:1044700030003000300000000000000000000000AC
:10448000000000000000000007F00FF81C1C300EB8
:1044900030046000600060FE60FE6006300630069A
:1044A0001C1E0FFC03F000000000000000000000D4
:1044B000000000000000000060186018601860181C
:1044C000601860187FF87FF860186018601860182E
:1044D0006018601860180000000000000000000074
:1044E000000000003030303030303030303030308C
:1044F000303030000000000000000000000000002C
:1045000001800180018001800180018001800180A3
:10451000018001806180618073803F001E00000087
:10452000000000000000000000000000000000008B
:104530003038307030E031C03380370037003F0012
:104540003B8031C030E0306030703038301C0000CB
:10455000000000000000000000000000000000005B
:1045600030003000300030003000300030003000CB
:10457000300030003000300030003FE03FE000000D
:10458000000000000000000000000000000000002B
:1045900000000000700700780F00780F00680B0023
:1045A0006C1B006C1B0064130066330066330062F2
:1045B000230063630063630061430061C30061C360
:1045C00000000000000000000000000000000000EB
:1045D00000000000000000006018701878187818BB
:1045E0006C186618661863186198619860D86078CE
:1045F00060786038601800000000000000000000D3
:10460000000000000000000007E00FF01C38300C34
:10461000700E60066006600660066006700E300C64
:104620001C380FF007E00000000000000000000050
:1046300000000000000000003FE03FF0303830187C
:104640003018301830383FF03FE030003000300094
:1046500030003000300000000000000000000000CA
:10466000000000000000000007E00FF81C3C300CC8
:10467000700E60066006600660066006700C30EC26
:104680001C380FFC07EE00020000000000000000D4
:1046900000000000000000003FE03FF0303830181C
:1046A000301830383FF03FE030C030E030603070DC
:1046B00030383018301C00000000000000000000FE
:1046C000000000000000000007C01FF0383830185C
:1046D000300038001F8007E0007000186018701864
:1046E00038381FF00FC0000000000000000000007C
:1046F0000000000000000000FFF0FFF006000600D0
:104700000600060006000600060006000600060079
:104710000600060006000000000000000000000087
:1047200000000000000000006018601860186018A9
:104730006018601860186018601860186018703889
:1047400038701FE00FC000000000000000000000F3
:104750000000000000000000C018E0386030603049
:1047600070703060306038E018C018C01DC00D8017
:104770000D800F8007000000000000000000000016
:10478000000000000000000000000000C07018C021
:10479000701860D83060D83060D83070C870318CF4
:1047A00060318C60318C601B06C01B06C01B06C0CC
:1047B0001B06C00E03800E038000000000000000F6
:1047C00000000000000000000000000000000000E9
:1047D0007038387018600CC00CC007800300078068
:1047E00007800DC01CE0186030307038E01C0000FD
:1047F00000000000000000000000000000000000B9
:10480000E01C6018303038701CE00CC00780078056
:104810000300030003000300030003000300000083
:104820000000000000000000000000000000000088
:104830007FF07FF0006000C001800180030006006F
:104840000C001800180030006000FFF0FFF00000BE
:1048500000000000000000000000000078786060A8
:104860006060606060606060606060606078780078
:1048700000000000C0C06060606030303018181860
:10488000180C0C00000000000000000078781818D8
:1048900018181818181818181818181818787800F0
:1048A00000000000183C3C3C666666C30000000047
:1048B00000000000000000000000000000000000F8
:1048C00000000000000000000000000000000000E8
:1048D00000000000000000000000000000000000D8
:1048E0000000FFF0FFF0000000000000603010004A
:1048F00000000000000000000000000000000000B8
:1049000000000000000000000000000000000000A7
:104910001F807FC060C000C007C03FC078C060C0BB
:1049200061C07FC03E600000000000000000000089
:1049300000000000000000006000600060006000F7
:104940006F007F80718060C060C060C060C060C068
:1049500071807F806F0000000000000000000000F8
:104960000000000000000000000000000000000047
:104970000F003F8031C060C060006000600060C018
:1049800031C03F801F000000000000000000000058
:10499000000000000000000000C000C000C000C017
:1049A0001EC03FC031C060C060C060C060C060C099
:1049B00031C03FC01EC00000000000000000000029
:1049C00000000000000000000000000000000000E7
:1049D0000F003FC030C060607FE07FE0600060009B
:1049E00030E03FC00F800000000000000000000029
:1049F000000000001C3C3030FCFC303030303030E7
:104A00003030300000000000000000000000000016
:104A100000000000000000001EC03FC031C060C0A8
:104A200060C060C060C060C031C03FC01EC000C078
:104A300061C07F801F000000000000000000000037
:104A400060006000600060006F007F8071C060C027
:104A500060C060C060C060C060C060C060C0000076
:104A60000000000000000000000000006060000086
:104A70006060606060606060606060000000000016
:104A80000000000060600000606060606060606066
:104A90006060606060E0C000000000000000000096
:104AA000600060006000600061C0638067006E00AD
:104AB0007C007E00660063006380618061C000004E
:104AC0000000000000000000000000006060606066
:104AD00060606060606060606060600000000000B6
:104AE00000000000000000000000000000000000C6
:104AF0006F3C7F7E71C66186618661866186618654
:104B000061866186618600000000000000000000F0
:104B10000000000000000000000000000000000095
:104B20006F007F8071C060C060C060C060C060C046
:104B300060C060C060C00000000000000000000015
:104B40000000000000000000000000000000000065
:104B50000F003FC030C06060606060606060606097
:104B600030C03FC00F000000000000000000000047
:104B70000000000000000000000000000000000035
:104B80006F007F80718060C060C060C060C060C026
:104B900071807F806F006000600060006000000036
:104BA0000000000000000000000000000000000005
:104BB0001EC03FC031C060C060C060C060C060C087
:104BC00031C03FC01EC000C000C000C000C0000017
:104BD00000000000000000006E7E70606060606099
:104BE00060606000000000000000000000000000A5
:104BF00000000000000000001F003F8060C0600057
:104C00007C003F8003C000C060C03F801F000000E8
:104C10000000000000000000000000002060606054
:104C2000F8F8606060606060607838000000000044
:104C30000000000000000000000000000000000074
:104C400060C060C060C060C060C060C060C060C064
:104C500071C03FC01EC00000000000000000000046
:104C60000000000000000000000000000000000044
:104C7000C060C06060C060C0318031801B001B001C
:104C80000E000E0004000000000000000000000004
:104C90000000000000000000000000000000000014
:104CA000C106C3864384628C66CC36D836D814508D
:104CB0001C701C700C600000000000000000000070
:104CC00000000000000000000000000000000000E4
:104CD000E1C06180330033001E000C001E00330071
:104CE00033006180E1C0000000000000000000000F
:104CF00000000000000000000000000000000000B4
:104D000060C060C031803180398019801B000F0085
:104D10000F000600060006000C007C007800000072
:104D20000000000000000000000000000000000083
:104D30007F807F80038007000E001C003800700019
:104D4000E000FF80FF800000000000000000000085
:104D5000000000001C3C303030303070E0E060304B
:104D600030303030303C1C0000000000303030303B
:104D70003030303030303030303030303030303033
:104D800000000000707818181818181C0E0E1C1857
:104D900018181818187870000000000000000000B3
:104DA00000000000000000000000000038007E202D
:104DB00047E001C00000000000000000000000000B
:104DC000000000000000000006060100383E010857
:104DD00006060100503E010807070100683E010871
:104DE0000C0C0200803E01080C0C0200B03E0108D1
:104DF00013130300E03E01080E0E0200283F0108D5
:104E000004040100583F010807070100703F010832
:104E100007070100883F010808080100A03F0108BA
:104E20000C0C0200B83F010806060100E83F01082B
:104E300007070100004001080606010018400108AC
:104E400006060100304001080C0C02004840010831
:104E50000C0C0200784001080C0C0200A84001086C
:104E60000C0C0200D84001080C0C0200084101089B
:104E70000C0C0200384101080C0C020068410108CA
:104E80000C0C0200984101080C0C0200C8410108FA
:104E90000C0C0200F8410108060601002842010836
:104EA00006060100404201080C0C020058420108AD
:104EB0000C0C0200884201080C0C0200B8420108E8
:104EC0000C0C0200E8420108151503001843010804
:104ED0000D0D0200604301080E0E02009043010810
:104EE0000F0F0200C04301080F0F0200F04301083A
:104EF0000E0E0200204401080D0D0200504401086E
:104F000010100200804401080E0E0200B044010897
:104F100006060100E04401080B0B0200F8440108FA
:104F20000E0E0200284501080C0C0200584501082D
:104F300011110300884501080E0E0200D04501083A
:104F400010100200004601080E0E02003046010853
:104F500010100200604601080F0F02009046010881
:104F60000E0E0200C04601080C0C0200F0460108BB
:104F70000E0E0200204701080D0D020050470108E7
:104F800015150300804701080E0E0200C8470108EE
:104F90000E0E0200F84701080D0D02002848010816
:104FA000060601005848010806060100704801087D
:104FB000060601008848010808080100A048010809
:104FC0000C0C0200B848010807070100E848010876
:104FD0000C0C0200004901080B0B020030490108CB
:104FE0000B0B0200604901080B0B020090490108FD
:104FF0000C0C0200C049010806060100F049010836
:105000000B0B0200084A01080B0B0200384A01088A
:1050100005050100684A010804040100804A0108EE
:105020000A0A0200984A010804040100C84A01085B
:1050300010100200E04A01080B0B0200104B01089F
:105040000C0C0200404B01080B0B0200704B0108D6
:105050000B0B0200A04B010807070100D04B010811
:105060000B0B0200E84B010806060100184C010872
:105070000B0B0200304C01080B0B0200604C0108C6
:105080000F0F0200904C01080A0A0200C04C0108F0
:105090000B0B0200F04C010809090200204D010829
:1050A00007070100504D010806060100684D010880
:1050B00007070100804D01080C0C0200984D010803
:1050C00020007E00C84D0108000000005D180008A7
:1050D00025190008691900086F1900080000000070
:1050E0000000000018180101C0500108130B0F0048
:1050F00000000000000000002020202020002000F0
:1051000048484800000000005050F850F850500047
:105110002078A07028F02000C0C810204098180007
:105120006090A040A890680060204000000000004F
:10513000102040404020100040201010102040005F
:10514000005020F820500000002020F8202000000F
:105150000000000000602040000000F80000000097
:105160000000000000606000000810204080000087
:10517000708898A8C88870002060202020207000C7
:10518000708808304080F800708808300888700007
:1051900010305090F8101000F880F0080888700067
:1051A000304080F088887000F808102040404000AF
:1051B000708888708888700070888878081060000F
:1051C00000606000606000000000606000602040DF
:1051D00010204080402010000000F800F80000007F
:1051E000804020102040800070880810200020009F
:1051F00070880868A8A87000708888F88888880077
:10520000F08888F08888F00070888080808870003E
:10521000E09088888890E000F88080F08080F80036
:10522000F88080F080808000708880809888780086
:10523000888888F8888888007020202020207000C6
:1052400038101010109060008890A0C0A0908800C6
:10525000808080808080F80088D8A8A8888888000E
:105260008888C8A89888880070888888888870008E
:10527000F08888F08080800070888888A890680016
:10528000F08888F0A090880070888070088870008E
:10529000F8202020202020008888888888887000B6
:1052A0008888888888502000888888A8A8A8500006
:1052B00088885020508888008888885020202000C6
:1052C000F80810204080F8007040404040407000D6
:1052D00000804020100800007010101010107000A6
:1052E000205088000000000000000000000000F8CE
:1052F000402010000000000000007008788878004E
:105300008080B0C88888F0000000708080887000BD
:10531000080868988888780000007088F880700015
:10532000304840E0404040000000788888780870AD
:105330008080B0C88888880020006020202070000D
:105340001000301010109060808090A0C0A09000DD
:1053500060202020202070000000D0A888888800CD
:105360000000B0C8888888000000708888887000B5
:105370000000F08888F0808000007888887808082D
:105380000000B0C880808000000078807008F000C5
:105390004040E0404048300000008888889868001D
:1053A000000088888850200000008888A8A8500045
:1053B0000000885020508800000088888878087095
:1053C0000000F8102040F80010202040202010009D
:1053D00020202020202020004020201020204000DD
:1053E000689000000000000018200000000000008D
:1053F000C0200000000000007088000000000000D5
:105400005000000000000000689000000000000054
:105410000000006020207000006090F08888B0805C
:1054200020007088F888880020007008788878004C
:105430003860A0B8E0A0B800704848E8484870005C
:10544000E0407048487040E00000D02878A0580044
:10545000A040A010788870006020302830207000B4
:10546000708898A8C888700000007098A8C870005C
:1054700000007088F88888000000F880E080F8005C
:105480000000702020207000000070888888700064
:105490000000888888887000000088C8A898880064
:1054A0002000202020202000200020408088700044
:1054B0001820000000000000C020000000000000D4
:1054C000205000000000000050000000000000001C
:1054D00068900000000000000000000000000020B4
:1054E0000000000000000000002070A0A0A87020B4
:1054F000304040E04048B0000000887050708800A4
:105500008850F820F82020002020200020202000B3
:10551000304820502090600088000000000000000B
:10552000F888A8B8A888F80070087888700000008B
:10553000002850A050280000000000F808080000D3
:105540000000007000000000F888A88898A8F80003
:10555000F8000000000000002050200000000000C3
:10556000002070200070000060902040F0000000DB
:10557000E0106010E00000001820000000000000B3
:105580000000888888C8B080789898781818180023
:10559000000000303000000040C04040E00000004B
:1055A000708888887000000000A0502850A000007B
:1055B0008890A050B05078108890A040B80810385B
:1055C000C040C048D82838080088502050880000C3
:1055D000002000F800200000103070FC7030100037
:1055E000203038FC38302000002070F820200000E7
:1055F000002020F87020000000082868F8602000D3
:1056000000040408089050209D00FFFF9E00FFFF4B
:105610009F00FFFFA000FFFFA100FFFFA200FFFF10
:10562000FFFFFFFFFFFFFFFFFFFFFFFFFFFFFFFF8A
:10563000FFFFFFFFFFFFFFFFFFFFFFFFFFFFFFFF7A
:10564000FFFFFFFFFFFFFFFF7E00FFFF7600FFFF72
:105650007F00FFFF8000FFFF8100FFFF8200FFFF50
:105660008300FFFF8400FFFF8500FFFF8600FFFF30
:105670008700FFFF8800FFFF8900FFFF8A00FFFF10
:105680008B00FFFF8C00FFFF8D00FFFF8E00FFFFF0
:105690008F00FFFF9000FFFF9100FFFF9200FFFFD0
:1056A0009300FFFF9400FFFF7D00FFFF9500FFFFC9
:1056B0009600FFFF9700FFFF9800FFFF9900FFFF94
:1056C0009A00FFFF7700FFFF7000790070007800FC
:1056D00070007A0070007C0070007B006600FFFFA5
:1056E0006800FFFF23007D007100790071007800E1
:1056F00071007A0071007B007200790072007800FE
:1057000072007A0072007B006900FFFF75007C0068
:10571000730079007300780073007A0073007C00D6
:1057200073007B009B00FFFF6E00FFFF7400790099
:105730007400780074007A0074007B0039007800EF
:105740006A00FFFF6500FFFF4100600041005F004D
:105750004100610041006300410062006700FFFFFB
:105760006B00FFFF43007D004500600045005F00C7
:1057700045006100450062006400600064005F0055
:1057800064006100640062006C00FFFF4E00630073
:105790004F0060004F005F004F0061004F0063004A
:1057A0004F0062009C00FFFF6F00FFFF550060008C
:1057B00055005F00550061005500620059005F0010
:1057C0006D00FFFF590062009000FF0008560108BD
:1057D000F0500108F0500108C857010820007E0071
:1057E00006060100D1160008051800081D1800085B
:1057F0002318000800000000000000000808010154
:10580000D057010807050700000000000000000055
:1058100000000000000000000000183C3C3C18188C
:1058200018001818000000000066666624000000DA
:1058300000000000000000000000006C6CFE6C6CBA
:105840006CFE6C6C0000000018187CC6C2C07C06A0
:105850000686C67C1818000000000000C2C60C189E
:105860003060C686000000000000386C6C3876DCC2
:10587000CCCCCC760000000000303030600000005E
:10588000000000000000000000000C183030303034
:105890003030180C00000000000030180C0C0C0C0C
:1058A0000C0C1830000000000000000000663CFFF7
:1058B0003C66000000000000000000000018187E98
:1058C00018180000000000000000000000000000A8
:1058D000001818183000000000000000000000FE52
:1058E00000000000000000000000000000000000B8
:1058F00000001818000000000000000002060C184C
:105900003060C080000000000000386CC6C6C6C60B
:10591000C6C66C3800000000000018387818181847
:105920001818187E0000000000007CC6060C183015
:1059300060C0C6FE0000000000007CC606063C06F3
:105940000606C67C0000000000000C1C3C6CCCFE6F
:105950000C0C0C1E000000000000FEC0C0C0FC06C5
:105960000606C67C0000000000003860C0C0FCC60F
:10597000C6C6C67C000000000000FEC606060C1865
:10598000303030300000000000007CC6C6C67CC647
:10599000C6C6C67C0000000000007CC6C6C67E06E7
:1059A00006060C7800000000000000001818000037
:1059B0000018180000000000000000001818000087
:1059C0000018183000000000000000060C183060BD
:1059D00030180C060000000000000000007E0000EF
:1059E0007E000000000000000000006030180C067F
:1059F0000C1830600000000000007CC6C60C1818AF
:105A000018001818000000000000007CC6C6DEDE8A
:105A1000DEDCC07C00000000000010386CC6C6FE52
:105A2000C6C6C6C6000000000000FC6666667C664E
:105A3000666666FC0000000000003C66C2C0C0C094
:105A4000C0C2663C000000000000F86C6666666636
:105A500066666CF8000000000000FE666268786808
:105A6000606266FE000000000000FE666268786802
:105A7000606060F00000000000003C66C2C0C0DE54
:105A8000C6C6663A000000000000C6C6C6C6FEC60E
:105A9000C6C6C6C60000000000003C18181818183A
:105AA0001818183C0000000000001E0C0C0C0C0C18
:105AB000CCCCCC78000000000000E666666C7878FC
:105AC0006C6666E6000000000000F06060606060E8
:105AD000606266FE000000000000C6EEFEFED6C654
:105AE000C6C6C6C6000000000000C6E6F6FEDECE52
:105AF000C6C6C6C60000000000007CC6C6C6C6C634
:105B0000C6C6C67C000000000000FC6666667C60BD
:105B1000606060F00000000000007CC6C6C6C6C61B
:105B2000C6D6DE7C0C0E00000000FC6666667C6C4F
:105B3000666666E60000000000007CC6C660380CA1
:105B400006C6C67C0000000000007E7E5A181818A9
:105B50001818183C000000000000C6C6C6C6C6C61D
:105B6000C6C6C67C000000000000C6C6C6C6C6C6C3
:105B7000C66C3810000000000000C6C6C6C6D6D6E7
:105B8000D6FEEE6C000000000000C6C66C7C383803
:105B90007C6CC6C6000000000000666666663C18A5
:105BA0001818183C000000000000FEC6860C1830D3
:105BB00060C2C6FE0000000000003C3030303030D3
:105BC0003030303C0000000000000080C0E0703841
:105BD0001C0E06020000000000003C0C0C0C0C0C1B
:105BE0000C0C0C3C0000000010386CC600000000DB
:105BF00000000000000000000000000000000000A5
:105C00000000000000FF00000030180C0000000041
:105C100000000000000000000000000000780C7C84
:105C2000CCCCCC76000000000000E06060786C66B0
:105C30006666667C0000000000000000007CC6C0B4
:105C4000C0C0C67C0000000000001C0C0C3C6CCCEA
:105C5000CCCCCC760000000000000000007CC6FE2A
:105C6000C0C0C67C0000000000001C363230783016
:105C70003030307800000000000000000076CCCC0E
:105C8000CCCCCC7C0CCC78000000E060606C7666FC
:105C9000666666E600000000000018180038181854
:105CA0001818183C0000000000000606000E06064A
:105CB0000606060666663C000000E06060666C78DA
:105CC000786C66E6000000000000381818181818F4
:105CD0001818183C000000000000000000ECFED680
:105CE000D6D6D6C6000000000000000000DC6666C4
:105CF000666666660000000000000000007CC6C604
:105D0000C6C6C67C000000000000000000DC66661D
:105D10006666667C6060F000000000000076CCCC17
:105D2000CCCCCC7C0C0C1E000000000000DC7666A5
:105D3000606060F00000000000000000007CC660B1
:105D4000380CC67C000000000000103030FC303001
:105D50003030361C000000000000000000CCCCCC2D
:105D6000CCCCCC76000000000000000000C6C6C607
:105D7000C6C66C38000000000000000000C6C6D691
:105D8000D6D6FE6C000000000000000000C66C3893
:105D900038386CC6000000000000000000C6C6C60F
:105DA000C6C6C67E060CF8000000000000FECC1837
:105DB0003060C6FE0000000000000E1818187018B1
:105DC0001818180E000000000000181818181818ED
:105DD00018181818000000000000701818180E1885
:105DE00018181870000000000076DC0000000000A9
:105DF000000000000000000000001C300000000057
:105E0000000000000000000000007018000000000A
:105E100000000000000000000010386C00000000CE
:105E2000000000000000000000C6C60000000000E6
:105E300000000000000000000076DC000000000010
:105E400000000000000000000000000000381818EA
:105E50001818183C000000000000386C6C6C786C5E
:105E60006666666C60C00000102810007CC6C6FE26
:105E7000C6C6C6C6000000000030483000780C7C62
:105E8000CCCCCC760000000000001E7AD8D8D8FE1A
:105E9000D8D8DADE000000000000FC666666F6F680
:105EA000666666FC000000000000F0607C666666C6
:105EB000667C60F0000000000000000000CC323E74
:105EC00070B0B26C000000000000D060B0187CC65A
:105ED000C6C6C67C000000000000E06060786C6C04
:105EE000786060F00000000000007CC6CECED6D600
:105EF000E6E6C67C0000000000000000003A44CE48
:105F0000D6E644B800000000000000386CC6C6FEAB
:105F1000C6C6C6C600000000000000FE66626878C3
:105F2000686266FE000000000000003C18181818A7
:105F30001818183C000000000000007CC6C6C6C649
:105F4000C6C6C67C00000000000000C6C6C6C6C6A5
:105F5000C6C6C67C00000000000000C6E6F6FEDEF5
:105F6000CEC6C6C600000000000018180018181899
:105F70003C3C3C1800000000000030300030303065
:105F800060C6C67C000000001C300000000000005D
:105F90000000000000000000701800000000000079
:105FA0000000000000000000386C0000000000004D
:105FB0000000000000000000C6C600000000000055
:105FC000000000000000000076DC0000000000007F
:105FD00000000000000000000000000000000000C1
:105FE0000000000018300000000000000000000069
:105FF000000000000000000000000010107CD0D065
:10600000D0D0D67C1010000000001C30303078302A
:106010003030325C0000000000000000423C2424CC
:106020003C420000000000000000663C187E18188A
:106030007E1818180000000000001818181800003A
:10604000181818180000000000003C646038444430
:10605000380C4C780000000000C6C60000000000AC
:106060000000000000000000000000007E425A5EB8
:106070005A427E0000000000000070087888887492
:1060800000000000000000000000000000366CD896
:106090006C3600000000000000000000000000FC62
:1060A0000404000000000000000000000000007C6C
:1060B0000000000000000000000000007C44544488
:1060C0004C547C0000000000FE00000000000000B6
:1060D00000000000000000000070D888D8700000A8
:1060E00000000000000000000000000010107C1004
:1060F00010007C0000000000788C0C183060FC0060
:106100000000000000000000788C0C780C8C7800F7
:106110000000000000000000000E18200000000039
:10612000000000000000000000000000006666663D
:106130006666667C6060C00000007ED4D4D47414AF
:106140001414143E00000000000000000000383865
:10615000380000000000000060E060606060F00057
:10616000000000000000000000003C6666663C0085
:1061700000000000000000000000000000D86C36A5
:106180006CD8000000000000000040C0444810240B
:106190004C941E0400000000000040C04448102C35
:1061A0005284081E000000000000C0204428D024B3
:1061B0004C941E04000000000000000000663C1823
:1061C0003C66000000000000000000001818007E7F
:1061D0000018180000000000000000000008183837
:1061E0007FFF7F3818080000000000000010181C16
:1061F000FEFFFE1C18100000000000000000103818
:106200007CFE3838383800000000000000003838C4
:106210003838FE7C3810000000000006060606161E
:10622000367EFE7C301000000000000000000303FA
:1062300006060CCC783800009D00FFFF9E00FFFF93
:106240009F00FFFFA000FFFFA100FFFFA200FFFFD4
:10625000FFFFFFFFFFFFFFFFFFFFFFFFFFFFFFFF4E
:10626000FFFFFFFFFFFFFFFFFFFFFFFFFFFFFFFF3E
:10627000FFFFFFFFFFFFFFFF7E00FFFF7600FFFF36
:106280007F00FFFF8000FFFF8100FFFF8200FFFF14
:106290008300FFFF8400FFFF8500FFFF8600FFFFF4
:1062A0008700FFFF8800FFFF8900FFFF8A00FFFFD4
:1062B0008B00FFFF8C00FFFF8D00FFFF8E00FFFFB4
:1062C0008F00FFFF9000FFFF9100FFFF9200FFFF94
:1062D0009300FFFF9400FFFF7D00FFFF9500FFFF8D
:1062E0009600FFFF9700FFFF9800FFFF9900FFFF58
:1062F0009A00FFFF7700FFFF7000790070007800C0
:1063000070007A0070007C0070007B006600FFFF68
:106310006800FFFF23007D007100790071007800A4
:1063200071007A0071007B007200790072007800C1
:1063300072007A0072007B006900FFFF75007C002C
:10634000730079007300780073007A0073007C009A
:1063500073007B009B00FFFF6E00FFFF740079005D
:106360007400780074007A0074007B0039007800B3
:106370006A00FFFF6500FFFF4100600041005F0011
:106380004100610041006300410062006700FFFFBF
:106390006B00FFFF43007D004500600045005F008B
:1063A00045006100450062006400600064005F0019
:1063B00064006100640062006C00FFFF4E00630037
:1063C0004F0060004F005F004F0061004F0063000E
:1063D0004F0062009C00FFFF6F00FFFF55005F0051
:1063E00055006000550061005500620059005F00D3
:1063F0006D00FFFF590062009000FF003862010845
:106400000858010808580108F863010820007F00B7
:1064100008080100D1160008051800081D1800081A
:106420002318000800000000000000001010010107
:10643000006401080C070A000000000001000000D1
:10644000020000000300000004000000050000003E
:10645000060000000700000008000000090000001E
:106460000A0000000B0000000C0000000D000000FE
:106470000E0000000F0000000400000079E5000895
:10648000D7EA000879EB000821F1000843F800087A
:10649000FD0301080511010893020108EDF600084B
:1064A0007BF7000879F6000879F800080000000082
:1064B00000010101010101010102020202020202C6
:1064C0000203030303030303030404040404040496
:1064D0000405050505050505050506060606060667
:1064E0000606070707070707070708080808080838
:1064F00008080909090909090909090A0A0A0A0A09
:106500000A0A0A0B0B0B0B0B0B0B0B0C0C0C0C0CD9
:106510000C0C0C0D0D0D0D0D0D0D0D0D0E0E0E0EAA
:106520000E0E0E0E0F0F0F0F0F0F0F0F101010107B
:10653000101010101111111111111111121212124B
:10654000121212121213131313131313131414141D
:1065500014141414141515151515151515161616ED
:1065600016161616161617171717171717171818BF
:1065700018181818181819191919191919191A1A8F
:106580001A1A1A1A1A1A1B1B1B1B1B1B1B1B1B1C60
:106590001C1C1C1C1C1C1C1D1D1D1D1D1D1D1D1E31
:1065A0001E1E1E1E1E1E1E1F1F1F1F1F000000017D
:1065B00001010102020202030303030404040405AF
:1065C000050505060606060707070708080808095F
:1065D0000909090A0A0A0A0B0B0B0B0C0C0C0C0D0F
:1065E0000D0D0D0E0E0E0E0F0F0F0F1010101011BF
:1065F000111111121212121313131314141414156F
:106600001515151516161616171717171818181822
:10661000191919191A1A1A1A1B1B1B1B1C1C1C1CD2
:106620001D1D1D1D1E1E1E1E1F1F1F1F2020202082
:106630002121212122222222232323232424242432
:1066400025252525262626262727272728282828E2
:10665000292929292A2A2A2A2A2B2B2B2B2C2C2C94
:106660002C2D2D2D2D2E2E2E2E2F2F2F2F30303046
:1066700030313131313232323233333333343434F6
:1066800034353535353636363637373737383838A6
:1066900038393939393A3A3A3A3B3B3B3B3C3C3C56
:1066A0003C3D3D3D3D3E3E3E3E3F3F3F00081019D4
:1066B0002129313A424A525B636B737B848C949CF0
:1066C000A5ADB5BDC5CED6DEE6EFF7FF0004080CDC
:1066D0001014181C2024282D3135393D4145494DD1
:1066E0005155595D6165696D7175797D82868A8EB6
:1066F00092969A9EA2A6AAAEB2B6BABEC2C6CACE9A
:10670000D2D7DBDFE3E7EBEFF3F7FBFF2DF6000873
:1067100031F60008A9D40008DDEC00085D0101088D
:10672000F10001087D010108008040C020A060E068
:10673000109050D030B070F0088848C828A868E899
:10674000189858D838B878F8048444C424A464E469
:10675000149454D434B474F40C8C4CCC2CAC6CEC39
:106760001C9C5CDC3CBC7CFC028242C222A262E239
:10677000129252D232B272F20A8A4ACA2AAA6AEA39
:106780001A9A5ADA3ABA7AFA068646C626A666E609
:10679000169656D636B676F60E8E4ECE2EAE6EEED9
:1067A0001E9E5EDE3EBE7EFE018141C121A161E1F1
:1067B000119151D131B171F1098949C929A969E909
:1067C000199959D939B979F9058545C525A565E5D9
:1067D000159555D535B575F50D8D4DCD2DAD6DEDA9
:1067E0001D9D5DDD3DBD7DFD038343C323A363E3A9
:1067F000139353D333B373F30B8B4BCB2BAB6BEBA9
:106800001B9B5BDB3BBB7BFB078747C727A767E778
:10681000179757D737B777F70F8F4FCF2FAF6FEF48
:106820001F9F5FDF3FBF7FFF0000000001000000EF
:1068300009D50008FBF900088FF7000800000000E8
:1068400000000000000000005DD50008EF480008CF
:10685000E1F7000800000000F9D40008EDF9000895
:106860000000000001000000020000000300000022
:106870000400000005000000060000000700000002
:1068800008000000090000000A0000000B000000E2
:106890000C0000000D0000000E0000000F000000C2
:1068A0000400000029E80008E1EA000831EC0008D3
:1068B000CDF1000851F800084504010859110108FC
:1068C0009B020108FDF6000883F7000889F600081E
:1068D000A9F800089532000821320008C1320008EA
:1068E00000000000BDF500082533000830313233C8
:1068F00034353637383941424344454640305800F4
:106900003031323334353637383961626364656625
:1069100040307800506C6561736520757365207434
:106920006865207374796C757320636C69636B2080
:106930007468652063726F7373206F6E207468656E
:106940002073637265656E2E5468652063726F7381
:10695000732077696C6C20616C77617973206D6F3F
:10696000766520756E74696C207468652073637237
:1069700065656E2061646A7573746D656E742069F7
:106980007320636F6D706C657465642E0000000089
:10699000B069010800000020B4020000C401000832
:1069A000506A0108B40200207C7F01002002000828
:1069B0002143FFFF13E1B3140861B71408BDA90216
:1069C0002C0863D0907C1469013872013B14EF0EDF
:1069D0002C02030404E506070809100B95180108AA
:1069E000891901088C383220326816108C58012021
:1069F0001A280C12F002181025FEFF07601A08046E
:106A0000015E138348180808E4570108D4759401FF
:106A1000375AFF01012013D9F8140835F614080D70
:106A2000FCC208151C6701080272012D8C7601203A
:106A30000401108B7334A0E9D513E93DCC084F3E17
:106A4000C001142D6077012004013414FFFFFF0002
:040000050800018965
:00000001FF
