:020000040800F2
:10000000A88201208902000831650008AB49000878
:100010002D650008ED08000883E2000800000000DC
:100020000000000000000000000000001997000818
:10003000AD11000800000000190300083198000805
:10004000A3020008A3020008A3020008A3020008FC
:10005000A3020008A3020008A3020008A3020008EC
:10006000A3020008A3020008A3020008A3020008DC
:10007000A3020008A3020008A3020008A3020008CC
:10008000A3020008A3020008A3020008A3020008BC
:10009000A3020008A3020008A3020008A3020008AC
:1000A000A3020008A3020008A3020008A30200089C
:1000B000A30200087DCF000895CF0008A302000826
:1000C000A3020008A3020008A3020008A30200087C
:1000D000A30200084DE00008A3020008A3020008E4
:1000E000A3020008A3020008A3020008A30200085C
:1000F000A3020008A3020008A3020008A30200084C
:10010000A3020008BD7D0008A3020008A3020008A6
:10011000A3020008A3020008A3020008A30200082B
:10012000A3020008A3020008A3020008A30200081B
:10013000A3020008A3020008A3020008A30200080B
:10014000A3020008A3020008A3020008A3020008FB
:10015000A3020008A3020008A3020008A3020008EB
:10016000A3020008A3020008A3020008A3020008DB
:10017000A3020008A3020008A3020008A3020008CB
:10018000A3020008A302000800F002F800F061F8E2
:100190000AA090E8000C82448344AAF10107DA45E2
:1001A00001D100F056F8AFF2090EBAE80F0013F0D3
:1001B000010F18BFFB1A43F0010318470CD20100CE
:1001C0002CD201000A444FF0000C10F8013B13F050
:1001D000070408BF10F8014B1D1108BF10F8015BA0
:1001E000641E05D010F8016B641E01F8016BF9D193
:1001F00013F0080F1EBF10F8014BAD1C0C1B09D1EA
:100200006D1E58BF01F801CBFAD505E014F8016B5B
:1002100001F8016B6D1EF9D59142D6D370470000ED
:100220000023002400250026103A28BF78C1FBD8FF
:10023000520728BF30C148BF0B607047782900F0D3
:10024000E980002070471FB515F053FD1FBD10B5A4
:1002500010BD00F01DFB1146FFF7F5FF14F002FE84
:1002600000F03BFB03B4FFF7F2FF03BC14F0BCF952
:1002700040BA7047C0BA704730BF72B6704762B6B6
:10028000704780F30888704709488047094800474D
:10029000FEE7FEE7FEE7FEE7FEE7FEE7FEE7FEE736
:1002A000FEE7FEE704480549054A064B7047000093
:1002B0004198000889010008A87C0120A88201203B
:1002C000A87E0120A87E0120EFF3108072B670474F
:1002D00080F310887047264C4FF6FF7525604FF06D
:1002E000000484F30988234C4FF001052570224C4B
:1002F0004FF08055256062B6FEE730B41E4C4FF0DB
:100300008055256030BC704730B41B4C4FF0805591
:10031000256030BC704700BF72B6EFF3098050B162
:100320001EF0100F08BF20ED108A203880E8F00F73
:1003300012490968086000B5114880475DF804EB70
:10034000104811490A7802700C4810490A68026086
:10035000106890E8F00F20301EF0100F08BFB0ECCE
:10036000108A80F309884EF0040E62B6704700BF11
:1003700022ED00E0E600002004ED00E0EC000020AB
:10038000C56F0008DB000020DC000020F400002026
:10039000704700000FB4044910B503AA029800F09A
:1003A000E1F910BC5DF814FB740000202DE9F04168
:1003B0000E460446002020622046E168884730B39C
:1003C000252805D0D4E901219047206A401CF2E796
:1003D000E168204600278847050018D0A5F14100B4
:1003E000192802D820354FF40067324629462046A6
:1003F0002760FFF723FF40B1012804D0F61D26F047
:1004000007060836D8E7361DD6E72846DAE7206A19
:10041000BDE8F08170B504460D4621461068AFF383
:1004200000802188090502D50F4A7A4402E00E4A6D
:100430007A440E32002104F1240305E000F00F0697
:100440000009965D5E54491C0028F7D120780023EE
:10045000000704D5702D02D009B1022311322046C5
:10046000BDE8704000F025B992CE010040EA0103DA
:1004700010B59B070FD1042A0DD310C808C9121F4D
:100480009C42F8D020BA19BA884201D9012010BD87
:100490004FF0FF3010BD1AB1D30703D0521C07E054
:1004A000002010BD10F8013B11F8014B1B1B07D1B8
:1004B00010F8013B11F8014B1B1B01D1921EF1D129
:1004C000184610BD032A40F2308010F0030C00F0F3
:1004D000158011F8013BBCF1020F624498BF11F87E
:1004E00001CB00F8013B38BF11F8013BA2F1040237
:1004F00098BF00F801CB38BF00F8013B11F00303AF
:1005000000F06780083AC0F0088051F8043B083AD0
:1005100051F804CBA0E80810F5E7121D5CBF51F8B4
:10052000043B40F8043BAFF30080D20724BF11F82E
:10053000013B11F801CB48BF11F8012B24BF00F893
:10054000013B00F801CB48BF00F8012B7047431A6C
:1005500028BF9A427FF6B6AF032A1044114440F2F6
:10056000268010F0030F1EBF11F8013D521E00F847
:10057000013D10F0030F7FF4F6AF11F0030300F01C
:100580001681083AC0F00B8051F8043D083A51F842
:1005900004CD40F8043D40F804CDFFF7F3BF121D31
:1005A0005CBF51F8043D40F8043DAFF30080D20732
:1005B00024BF11F8013D11F801CD48BF11F8012CFD
:1005C00024BF00F8013D00F801CD48BF00F8012C20
:1005D000704710B5203AC0F00B80B1E81850203AAF
:1005E000A0E81850B1E81850A0E81850BFF4F5AFD3
:1005F0005FEA027C24BFB1E81850A0E8185044BF5D
:1006000018C918C0BDE810405FEA827C24BF51F8C9
:10061000043B40F8043B08BF7047D20728BF31F8BD
:10062000023B48BF11F8012B28BF20F8023B48BF0E
:1006300000F8012B704702F0FF0343EA032242EA6D
:10064000024200F0E0B84FF0000200B513469446B5
:100650009646203922BFA0E80C50A0E80C50B1F11A
:100660002001BFF4F7AF090728BFA0E80C5048BF2E
:100670000CC05DF804EB890028BF40F8042B08BFCC
:10068000704748BF20F8022B11F0804F18BF00F8C8
:10069000012B7047704770477047704710B500F0E6
:1006A000D3F8006810BD10B5044600F0CDF8046022
:1006B00010BD2DE9F0470D4699469246044600F1DB
:1006C00024080168880604D5E06921F01001216042
:1006D00000E00120A84201DD471B00E00027A169DE
:1006E0007A1902EB0900081AA0612078C00602D42A
:1006F0002046AFF30080002608E0D4E901211AF873
:1007000006009047206A401C761C20624E45F4DBB0
:100710002078C0060AD52046AFF3008006E0D4E971
:10072000012130209047206A401C2062381EA7F12A
:100730000107F4DC07E0D4E9012118F8050090472F
:10074000206A401C2062281EA5F10105F3DC20462A
:10075000AFF300802078000602D50220BDE8F087C4
:100760000120FBE7074B70B50D467B4400F075F8A0
:100770000446284600F084F810B14FF0FF3070BDF9
:10078000204670BD67460100431A28BF9A427FF693
:1007900020AF104410F0030F11441EBF11F8013DAB
:1007A000521E00F8013D10F0030F7FF4F6AF103A2F
:1007B000C0F00A8010B531E91850103A20E91850FD
:1007C000BFF4F9AFBDE81040530724BF31E908106A
:1007D00020E9081044BF51F8043D40F8043D12F0F0
:1007E000030F08BF7047D20728BF31F8023D48BF4A
:1007F00011F8012C28BF20F8023D48BF00F8012C59
:1008000070474FF000020429C0F0128010F0030C72
:100810003FF41BAFCCF1040CBCF1020F18BF00F881
:10082000012BA8BF20F8022BA1EB0C01FFF70DBF95
:100830005FEAC17C24BF00F8012B00F8012B48BF00
:1008400000F8012B7047000000487047447C0120ED
:1008500001694A1C02610878704700B58FB0CDE984
:1008600001310021059105497944CDE90310114674
:100870006846FFF79BFD0FB000BD0000E5FFFFFFDE
:10088000007B00F08000704700487047447C0120E6
:100890007546FFF7F9FFAE4605006946534620F05E
:1008A0000700854618B020B5FFF7FCFCBDE82040E6
:1008B0004FF000064FF000074FF000084FF0000B1C
:1008C00021F00701AC46ACE8C009ACE8C009ACE8CF
:1008D000C009ACE8C0098D46704710B50446AFF3B7
:1008E00000802046BDE81040FFF7BCBC00BFFEE71B
:1008F00031B52DED068B82B00024002574480078B8
:10090000401C73490870084600780A2190FBF1F2F8
:1009100001FB120018B16E4800780A287EDA012225
:1009200008A9002007F02CF89DF8200000F01F0017
:10093000002873D09DF8200000F01F0040F0C00098
:10094000644981F82000002486E0624890F8200085
:100950000121A140084000287CD05F4931F81400F3
:10096000042201A907F00CF85A4890F8340000F06E
:100970000100D0B39DF807109DF8062001EB02207E
:1009800014F0E9FD41EC190B9FED540B53EC102BC7
:1009900014F048FE41EC180B14F0B0FD81B24D4844
:1009A000163020F814109DF805109DF8042001EB76
:1009B000022014F0D0FD41EC1A0B9FED4A0B53ECD2
:1009C000102B14F02FFE41EC190B9FED480B53EC4C
:1009D000102B14F05BFF41EC180B14F08FFD81B26B
:1009E0003C480C3020F8141034E0FFE79DF8071065
:1009F0009DF8062001EB022014F0ADFD41EC190B2F
:100A00009FED360B53EC102B14F00CFE41EC180B41
:100A100014F074FD81B22F480C3000E02BE020F878
:100A200014109DF805109DF8042001EB022014F02D
:100A300092FD41EC190B9FED2B0B53EC102B14F096
:100A4000F1FD41EC180B14F059FD81B2214816302C
:100A500020F81410601CC4B2052CFFF676AF0125F7
:100A60001C48808920B91B48C08A08B9002008901A
:100A70000020174908709DF8200000F01F00D0B931
:100A8000144890F8200000F0800040B1114890F820
:100A9000200020F080000F4981F820000BE04FF685
:100AA000FF700C498881C882084690F8200000F049
:100AB000E00081F8200006480078F02802DD0A20D6
:100AC00003490870284602B0BDEC068B38BD000013
:100AD0000400002008000020C67401087B14AE4703
:100AE000E17AD43FD881734694F6D23F00000000EB
:100AF0000000894010B5052013F044FE10BD000031
:100B000010B500200F4908600F48006820F440002D
:100B10000D4908600846006840F480000860FFF74F
:100B2000E9FF00200949C1F8AC02FFF7E3FF01200B
:100B300004490860FFF7DEFF00200549C1F8800284
:100B400010BD0000808240420014024000804242FA
:100B5000008040421CB50121222006F07FFF0120C9
:100B600000908DF8040003208DF8050000208DF81A
:100B7000060001208DF807006946084800F01EFEB7
:100B80004FF4006000906946054800F017FE012010
:100B9000044908600449C1F8AC021CBD00040240CD
:100BA00000140240808240420080424210B5002082
:100BB0000F4908600F48006820F440000D490860A4
:100BC0000846006840F480000860FFF793FF0120AA
:100BD0000949C1F8AC02FFF78DFF01200449086004
:100BE000FFF788FF00200549C1F8800210BD000012
:100BF0008082404200140240008042420080404215
:100C000070B5054600241448006820F440001249DD
:100C10000860084600680860002612E000200F49BE
:100C200008601E2013F0AEFD01200D49C1F88002BE
:100C30006006040E0B48006808B1601CC4B2701C4A
:100C4000C6B2082EEADB15B9FFF7B0FF01E0FFF7E7
:100C500057FF204670BD00000014024080824042D1
:100C6000008040422C82424270B50446134800681E
:100C700020F44000114908600846006840F48000F4
:100C8000086000200E490860FFF734FF002511E0DE
:100C9000E0090C4908606006040E01200A49C1F809
:100CA0008002FFF727FF002005490860FFF722FFB9
:100CB000681CC5B2082DEBDB70BD000000140240BB
:100CC00080824042AC8242420080404210B50F48D0
:100CD000006820F440000D4908600846006840F4B0
:100CE0008000086001200A4908600A49C1F88002B2
:100CF000142013F047FD002005490860FFF7FAFEB5
:100D000000200449C1F8800210BD00000014024018
:100D1000AC8242420080404210B50D48006820F489
:100D200040000B4908600846006840F480000860F5
:100D3000012008490860142013F024FD0020064912
:100D4000C1F8AC02FFF7D6FE01200449086010BDCF
:100D5000001402408082404200804242AC82424203
:100D600010B500241148006820F440000F490860C5
:100D700008460068086001200D4908600D49C1F867
:100D800080020AE0601CC4B2FA2C03DDFFF7C4FF46
:100D9000012010BD012013F0F5FC054880380068E3
:100DA0000028EFD10449086000BFF2E700140240B8
:100DB000AC82424200804042808240420B48006840
:100DC000018990F8702011FB02F309490B804389D7
:100DD00013FB02F34B8083895B1C53435B1E8B80A8
:100DE000C089401C5043401EC8807047B802002094
:100DF0008C02002070B500254FF4803400E0641EA2
:100E000024B1802006F0BAFF0028F8D014B90325D9
:100E1000284670BD40F2FF5006F062FF2846F8E712
:100E2000014600BF0848006800F045000028F9D0DE
:100E300040F2FF50044A121D106003482038006839
:100E400008221040C0B27047342C014070B5002514
:100E50001048046801E00F48046804F045000028C9
:100E6000F9D004F0040028B10325042006F038FF6F
:100E7000284670BD04F0010028B10125012006F0CC
:100E80002FFF2846F5E740F2FF5006F029FF2846DD
:100E9000EFE70000342C014070B500250B480468D2
:100EA00001E00A48046804F045000028F9D004F085
:100EB000040028B10325042006F012FF284670BD67
:100EC00040F2FF5006F00CFF2846F8E7342C0140B2
:100ED0002DE9F04106460F464FF00008224805680C
:100EE00001E02148056805F045000028F9D005F02B
:100EF000040038B14FF00308042006F0F1FE40462C
:100F0000BDE8F08105F0010030B14FF0010801208B
:100F100006F0E6FE4046F3E706F02AFFB04203D0B3
:100F20004FF010084046EBE740F2FF5006F0D8FEC5
:100F3000002006F037FF044604F4604018B9200C86
:100F400038804046DCE704F4005008B11320D7E7AE
:100F500004F4804008B11020D2E704F4004008B146
:100F60000F20CDE74046CBE7342C014070B500267A
:100F70004FF480350F48046802E06D1E0D48046888
:100F800004F0450008B9002DF7D115B104F00400B4
:100F900028B10326042006F0A3FE304670BD04F0FD
:100FA000400028B10026402006F09AFE3046F5E7C2
:100FB0003046F3E7342C014021B1026842F00102CF
:100FC000026003E0026822F0010202607047000044
:100FD000016821F001010160002101604160816030
:100FE000C1600161212141614A49884204D13D210A
:100FF000484A103A91608CE046491831884205D140
:101000004FF47461434A103A916082E041493031B3
:10101000884205D14FF474113E4A103A916078E04D
:101020003C494831884205D14FF07461394A103A41
:1010300091606EE037496031884204D13649354AC3
:10104000103AD16065E033497831884204D13349A0
:10105000304A103AD1605CE02E499031884204D188
:101060002F492C4A103AD16053E02A49A8318842CE
:1010700005D14FF03D51274A103AD16049E0294946
:10108000884204D13D21274A083A116041E02549B0
:101090001831884205D14FF47461224A083A116030
:1010A00037E020493031884205D14FF474111D4A90
:1010B000083A11602DE01B494831884205D14FF0B4
:1010C0007461184A083A116023E016496031884279
:1010D00004D11149134A121F11601AE011497831E5
:1010E000884204D10D490F4A121F116011E00D49C9
:1010F0009031884204D10A490A4A121F116008E05F
:101100000849A831884204D14FF03D51054A121FC9
:1011100011607047106002403D000020400F002029
:1011200000003D201064024021B1026842F020021C
:10113000026003E0026822F020020260704701466C
:1011400000200A6802F001020AB1012000E000203C
:101150007047000010B500220268134B1A40CC689B
:101160000B6823434C6923438C692343CC69234395
:101170000C6A23434C6A23438C6A23434C6B2343FE
:101180008C6B23431A430260426922F00702D1E9C3
:101190000B3423431A4342610B6943604B688360FD
:1011A0008B68C36010BD00003F801CF070472DE9C4
:1011B000F04306460F469046002445460320A0EB28
:1011C00048093CE07A1B91B2321990B203F09CFFBF
:1011D0003A1B91B2721990B203F096FF3A1991B28C
:1011E000721990B203F090FF7A1991B2321990B24D
:1011F00003F08AFF7A1991B2321B90B203F084FF98
:101200003A1991B2721B90B203F07EFF7A1B91B231
:10121000321B90B203F078FF3A1B91B2721B90B26E
:1012200003F072FF641CB9F1000F03DAA000801D07
:10123000814404E0601B80000A3081446D1EAC4292
:10124000C0DDBDE8F083000051B18200A2F1C042D0
:10125000126842F001038200A2F1C042136009E06B
:101260008200A2F1C0421268034B1A408300A3F12E
:10127000C0431A6070470000FEFF0F00D0E9011262
:101280001143C268114302691143426911438269E3
:101290001143C2691143026A1143426A1143826ACF
:1012A0001143C26A1143026B114302689200A2F11A
:1012B000C0421160816808290BD101688900A1F141
:1012C000C041096841F0400201688900A1F1C041B4
:1012D0000A60416B0968426B526841EA0211426B35
:1012E000926841EA0221426B928941EA0241426BD3
:1012F000128A41EA0251426B127D41EA0261426B5D
:10130000926911430268521C9200A2F1C04211601E
:10131000C16AB1F5804F1BD1816B0968826B52683D
:1013200041EA0211826B926841EA0221826B128AC1
:1013300041EA0251826B127D41EA0261826B92693D
:10134000114302689200A2F1C042C2F8041107E002
:101350006FF0704201688900A1F1C041C1F8042119
:10136000704700002DE9FC4107460D460026002489
:1013700000200090019008205D490860102048601E
:10138000402088600020C8604FF4806008610846F3
:1013900006F046FD1020FFF743FD044614B1204639
:1013A000BDE8FC815348008800045149086037209B
:1013B0004860402088600020C8604FF48060086169
:1013C000084606F02DFD3720FFF72AFD04460CB134
:1013D0002046E5E74FF0FF304749086008204860A5
:1013E000302088600220C860002008610120486128
:1013F000084606F097FC00203D490860332048600D
:10140000402088600020C8604FF480600861084672
:1014100006F006FD3320FFF703FD04460CB120461D
:10142000BEE70CE04FF4001006F0A8FC38B106F05F
:10143000F1FC4DF82600761C012E00D906E02F485D
:10144000006840F22A6108400028EBD000BF082065
:1014500006F094FC28B1082006F042FC0424204643
:101460009EE7022006F08AFC28B1022006F038FC34
:101470000224204694E7202006F080FC28B120209A
:1014800006F02EFC062420468AE74FF4007006F092
:1014900075FC30B14FF4007006F022FC07242046A2
:1014A0007EE740F2FF5006F01BFC00980006009912
:1014B00001F47F4140EA0120009901F47F0140EAF4
:1014C0001120009940EA11606860019800060199B6
:1014D00001F47F4140EA0120019901F47F0140EAD3
:1014E0001120019940EA11602860204658E7000069
:1014F00088290020500000209C290020342C014025
:101500002DE9F0430446C56887B09046894600201F
:1015100002F03AF8064625B1287910B146F00200EB
:1015200001E026F0020002F02FF82069012558B1F1
:10153000D4E902128DE826000395638822880468A6
:1015400041464846A0471EE0124F134B21463868DB
:101550001B68427CE068984730B9E088012801D0D8
:10156000002001E03868806BA288E388A1680095BC
:10157000CDE90410CDE90232019563882288414605
:10158000484603F005FC07B03046BDE8F04301F0E3
:10159000FBBF0000B8020020B00200202DE9FF4F81
:1015A00040F6FF740F46664283B09B468146002199
:1015B0000BE000BF09EB8100B0F90200A04200DAA5
:1015C0000446B04200DD0646491CB942F2DB6848D9
:1015D0000068406900280DD0B0F906101A46A1EB4A
:1015E0000B01B14200DA0E46B0F90200801AA042A7
:1015F00000DD0446B5E0DFF87CA100200546CAF80E
:10160000000089E0781E854201DA6B1C00E00023AF
:1016100009EB850C09EB8302BCF90200B2F9021058
:10162000A04245D1A14215D139F92330059A39F9A3
:10163000251003EB020C4E4A05981268084404EB8F
:101640000B01D26E6045136801DA62462BE0024658
:10165000604628E02846A4464FF000087A1E0BE0BA
:1016600008B1401E00E0781E09EB8003B3F9023098
:10167000634504D108F101089045F1DB2346A342FC
:1016800049D0A3EB040239F92500A1EB040C059B1A
:1016900092EA0C0209D4364A184404EB0B01126892
:1016A000D26E13680246984735E00EF0BDFA32E07C
:1016B000A14230D001DBA04203DDA0422BDBA142DE
:1016C00029DCE04688420ADC0346A04223DC0846C7
:1016D000A14220DBB8F900C0B2F9001008E00B46C7
:1016E000A14218DCA04216DBB2F900C0B8F9001024
:1016F000E21AA1EB0C0151430029A0EB030202DD29
:1017000001EB620102E0A1EB6201491CC01A91FBEE
:10171000F0F06044C9E76D1CBD42FFF673AF059859
:10172000009004EB0B00019000208046054613E07A
:101730001149B8F1000F31F915A009D0009901EB5A
:101740000A0208440A490968C96E0B68019998475A
:1017500088F0010850466D1C064909688D42E7DB98
:10176000641CB4427FF747AF07B0BDE8F08F0000BC
:10177000B80200201C030020D47A012010B50020FC
:1017800001F0E6FE6FF07F4001F0EDFE012001F078
:1017900055FF002001F060FF002001F06DFF0020E8
:1017A00001F0F2FE0448006801F0FAFEBDE81040C6
:1017B000002001F015BF0000B4020020F0B50A4679
:1017C00000210023002400BF3DE0012505FA01F3BC
:1017D000156805EA03049C4234D105684F000326CE
:1017E000BE40B543056015794E00B54006683543E7
:1017F00005601579012D02D01579022D16D1856865
:101800004F000326BE40B543856055794E00B54074
:10181000866835438560456801268E40B54345603E
:10182000456896798E40B6B235434560C5684F002D
:101830000326BE40B543C560D5794E00B540C668A5
:101840003543C560491C1029BFD3F0BDF0B5002356
:1018500000244D07ED0E02FA05F3CE1000F120052D
:1018600055F826504E07F70E0F26BE40B543CF1051
:1018700000F1200646F82750CE1000F1200555F85B
:10188000265045EA0304CE1000F1200545F8264015
:10189000F0BD0183704700002DE9F04FDFF828B15B
:1018A00091B04FF0FF35DBF80030B3F9221006910C
:1018B000DE69B3F92490F469A189814206D8E289EE
:1018C000824203D3471AD4F8008012E0D4E90181A0
:1018D00000296FD00A8882426CD84D88854269D32E
:1018E000801A82B2486800EB8200B0F90070B0F94B
:1018F0000250781C5ED0307EA17C10FB01FA217C66
:10190000CDE90801B3F92A60304604F0FBF9C0B212
:101910000E90DBF8000007FB0A81A37C826B012795
:10192000CDE90412CDE90273C069DDE90832C17E58
:10193000807ECDE900014946069803F029FA681C2B
:1019400018D046F0020004F0DDF9DBF80000A37CBB
:1019500005FB0A81826BCDE90273CDE90412C069EF
:10196000DDE90832C17E807ECDE900014946069856
:1019700003F00EFADBF800005D46C069417E007E90
:10198000814214D9022E12D086F0040004F0BAF974
:101990002868C069027EC37E12FB0391437E857E68
:1019A000099A06984B4402FB050203F04DFC0E9881
:1019B00004F0A8F9DBF80000627C418C11444184FA
:1019C00011B0BDE8F08F0000B802002004480068A4
:1019D000C069C06909B1027C0A60407C70470000A0
:1019E000B8020020022008807047C06982898A42BC
:1019F00002D8C2898A4210D2806880B102888A42A5
:101A00000DD843888B420AD3406800EB8100A0EBDD
:101A10008200B0F90000002801DB0120704700209F
:101A2000704700002DE9F0432F4C034687B0206833
:101A30001946B0F92A80C069C06900F084F800280E
:101A40004ED041680088181A01EBC0054046AE78B8
:101A500004F058F9814620686A680123816BCDE95A
:101A60000236CDE90421C169CB7E8A7ECDE900230F
:101A70000B7EB0F924102A78B0F9220003F088F91F
:101A80002068C069477E067EB7421DD9C07E4743A5
:101A90004643B8F1020F17D000F01EFE804600F05A
:101AA000E9FD01F060FD21682A78CB69B1F92200D7
:101AB000DB7E12FB0302B1F92410CB19314403F091
:101AC000C3FB404601F04FFD484604F01BF9206877
:101AD0006A78C369B0F922109B7E12FB031141841E
:101AE00007B0BDE8F0830000B802002030B50F4C0D
:101AF00005460B4620682946C069C06900F023F8F6
:101B0000002811D04168008824682A1A0120E4695D
:101B100000EBC200085CA47E10FB04F0002B03D095
:101B200011F832106143196030BD0000B802002086
:101B300001200880704700B5C06900F004F8002853
:101B400000D0012000BD06E002888A4202D8428807
:101B50008A4202D280680028F6D1704770B500240E
:101B60000E4D16E028690E4900EBC410001D7822C6
:101B70000968FEF72EFD2869002100EBC410016002
:101B800000F10C018161011D0A1DC0E90F12641CE6
:101B90004164A8688442E5DB70BD0000200300209A
:101BA000B802002070B50D490B480860084602F0E5
:101BB00077FE0A4C143CA068C501284600F00AF9DB
:101BC0002A460021206102F0ADFE4FF0FF30206078
:101BD000BDE8704002F03AB9752E010834030020C8
:101BE00002490120096881F871007047B80200209D
:101BF00010B510F097FC0448016A04480068C166FB
:101C000000F10801416110BD60020020B80200200F
:101C10002DE9FC471C4615468846814600F024FE07
:101C20000DF08EFB05440DF099FB044400200DF0EF
:101C3000C1FBF8B1114E124F12213068407C57F8A9
:101C400020000190C068426A01A890475FEA000C3A
:101C500006D02B464246494600940198E04705E0ED
:101C600023462A46414648460FF0AAFF0DF048FB9E
:101C70000028E1D102F0A2F8BDE8FC87B8020020FC
:101C8000D00200202DE9F0411E4C05460E4620688A
:101C9000002768B903F095FBE06100F09BF8206035
:101CA00068B304F1240118480860084602F0F8FD02
:101CB000002D00DA0025E169731B4A1E204693427D
:101CC00001DD6E18761EAE4201DA2E4601270F4C5A
:101CD0002268D16E4B68836301620A490C4B343130
:101CE0000B60D16602C862C00EF07AF8FFF766F8A2
:101CF000044821682C3048613846BDE8F08101274E
:101D0000D6E7000060020020012E0108B802002082
:101D1000951701080249096881F87000FFF74EB86D
:101D2000B802002010B5040009D000F09DFD204647
:101D30000DF0D2FF044602F041F8204610BD00200D
:101D400010BD38B5054600F08FFD2846FFF7EAFFC5
:101D5000040009D000F0BAF82A460021009002F0F1
:101D6000E1FD684600F0F0F802F028F8204638BDA2
:101D7000024A106021F0030050607047407A012051
:101D800010B5040016D000F06FFD0B48006B10F882
:101D9000341059B1022909D2042101EBC401415880
:101DA00048680DF05DFF204611F06CF9BDE8104069
:101DB00002F004B810BD000084790120002805D08D
:101DC000034A916B016001B1486090637047000065
:101DD000847901202DE9F041044610F0DBFE26480D
:101DE000E41C24F00305C16B2D1DA94200D90D464A
:101DF000846B13E054F8042CAA420ED184B12168FC
:101E000009B162684A60616809B122680A60826B40
:101E1000A2422ED1216881632BE02468002CE9D1F5
:101E20008046416B80680F1857F8040C3E1A3068E2
:101E300038B1002011F08EF957F8040C3E1A3068C2
:101E4000B8B97068A84214DB3044441B304611F026
:101E500039F9D8F80810491BC8F80810D8F810103C
:101E60002944C8F8101070683146401B0DF0F8FE88
:101E700020C42046BDE8F0818479012010B50024FB
:101E800010F088FE0C490F2001EBC002126C1AB151
:101E900001EBC000006C08E0401EF5D508E0416889
:101EA000A14200D90C46806810B180680028F6D1A4
:101EB000A4F10C0010BD00008479012002484169A2
:101EC000491C4161704700008479012005498A69F5
:101ED000521C8A61096B01EBC0010A78521C0A701E
:101EE00000F04AB88479012010B500F0BDFCFFF77E
:101EF000C5FF64220849B0F5800F04D990FBF2F4C5
:101F0000C869444303E0C9694143B1FBF2F401F0FD
:101F100055FF204610BD0000847901200549102896
:101F200005D94A68B0EB520F02D3500800E01020E8
:101F300088607047407A012002484169491E41612A
:101F400070470000847901200A4902680B6B52F83F
:101F5000082C03EBC2021378022B03D38B690BB15D
:101F60005B1E8B611178491E1170002101600846CB
:101F70007047000084790120002806D0034904221C
:101F800002EBC000096B08580830704784790120C3
:101F9000F0B52D271C68B0F1004F08D000250028AF
:101FA0000DDA661C1E6027704042012408E0661CA2
:101FB00001251E606FF000402770491E01E00024DB
:101FC000091BC9B22AB3491EC9B222E00C46491EF8
:101FD000C9B2944205D1124C27781C68661C1E6059
:101FE0002770104C54F8216090FBF6F4E4B20A2CF0
:101FF00011D804FB160011B90DB1641CE4B20A2C0F
:1020000002D10124491CC9B21E683034771C1F60FC
:1020100034700029DAD1196800200870F0BD000082
:10202000AC02002084D0010810B5002807DD0A6842
:102030002B24531C0B601470096800220A7010BD19
:1020400070B514460D46064600F00EFC204600F022
:102050004FFB0300174804EB840109D050F821001E
:1020600041688068711A2A1A184601F0A9FA1CE022
:1020700000EB8104A268B24201D0012200E00022FC
:10208000E368AB4201D0012300E000231A430CD0E7
:10209000236943B150F82100816840686A1A311AF7
:1020A000184601F015FAC4E90265BDE8704001F078
:1020B00085BE0000B07B012010B5C2B2CBB2D21AEF
:1020C00002D5C2F1000212B293B2C0F30722C1F3EB
:1020D000072403FB03F3121B01D5524212B2000C7A
:1020E00092B2A0EB114002FB023200B2002801DAEA
:1020F000404200B280B200FB002010BD10B50021AC
:10210000084600F069FB40F6FF725042BDE81040FF
:1021100013460146AFF300802DE9FC411C461546ED
:102120000E46074600F0A0FB042003F0EBFD8046BE
:102130001248C068C16C006D0F4406440D4404444D
:10214000ADF80070ADF80450ADF80260ADF806408F
:1021500068460DF02FF907E023462A4631463846F7
:1021600003F072F80DF0CCF80028F5D1404603F0EA
:10217000C9FD01F023FEBDE8FC810000AC02002097
:102180002DE9F0411C4616460D460746022B02DBA0
:102190000020BDE8F0811C20FFF71CFE0028F8D0CD
:1021A0000DB105610AE0094A52F8241009B905E0A9
:1021B00011460A68002AFBD109690161846186829F
:1021C000002101604160C0E90217E2E7D00200206F
:1021D00070B51D46FFF7D4FF040001D000F00EF8E3
:1021E000E068006820B90348006800EB850084655A
:1021F000204670BDB8020020FFF7E0BD70B590B377
:102200008269022A30DA1C4C54F8221019B944F8B9
:1022100022002FE019464B68002BFBD106E0CB686B
:10222000C5681B682D68AB4203DD09680029F6D13B
:102230001AE0C1B1CB68C6681B683668B3420CD1DE
:10224000838A012B05D008E01946DB681B68AB4286
:1022500003DB0B68002BF7D129B14B6833B1186051
:102260004A68426004E0FFE7012070BD44F82200A4
:1022700048600160002070BDD002002010B503E06E
:102280000468FFF7BBFF20460028F9D110BD11F00C
:102290004FBC00002DE9F0410026DFF834800D4FDF
:1022A000354600BF58F8254009E0E0680068385C12
:1022B00020B1204611F03CFC266026462468002C04
:1022C000F3D16D1C022DEDDB3046BDE8F08100003E
:1022D000D00200203C930108022801DB0020704757
:1022E000054951F8200004E0C16809680029F6D0CA
:1022F00000680028F8D17047D00200202DE9F04195
:10230000044601F095FD06191EE000BF00F03EF9FD
:10231000052F00DD052700F0A7FA11480568FFF733
:10232000CDFD2C0017D000BF01F048FD641EFBD18D
:10233000384601F063FD1DB100F096FA6D1EFBD129
:10234000FFF7FAFD01F03AFD01F072FD371A002F98
:10235000DCDCBDE8F081384601F050FDF0E700001C
:102360002C0300201FB503ABCDF80CD0FFF710FEF7
:10237000684600F02DF81FBD00210DF0A9BF000038
:1023800010B500F071FA00F0BDF9054909688A8CB2
:1023900010448884088C4884BDE8104001F00EBDCC
:1023A000B80200207FB50C461546CDF80CD003A925
:1023B000FFF73AFE002801DD641EE4B203AB2A46B3
:1023C0002146FFF7E5FD684600F002F87FBD0000FA
:1023D0002DE9FC4706005FD000F046FA00F092F9C4
:1023E0003C4C81462068B0F9228000F0BBF921689E
:1023F00007468A8CD01B888441E000BF47F6FF71F6
:10240000304602F019F982460146304602F0EAF8F9
:102410002168054691F82C0000F00300012841D006
:1024200002283BD000204A8C101A4884ADF80000E6
:102430006A1E1044ADF80400888CADF80200A9F1C2
:1024400001010844ADF806006A465146304601F0E5
:10245000ABFE2168BDF8020088845146304601F089
:1024600089FB064430780A281ED00D281CD0BDF800
:102470000000216828444884307818B1761C3078F0
:102480000028BBD12068818C39448184818D21F062
:102490000301818501F092FCBDE8FC8705EBD57056
:1024A0004010C0E72846BEE7206890F82C1001F0E5
:1024B000030101290BD0022909D0018C4184317814
:1024C0000A29D9D1828C02EB09018184D4E7A0F8D2
:1024D0002280F4E7B802002070B514460D46064687
:1024E00000F0C2F905480068458484843046FFF74F
:1024F0006FFFBDE8704001F061BC0000B802002031
:102500002DE9F04107460A4815460E460068B0F925
:102510002C0040F0020001F09FF804462A463146A4
:102520003846FFF7D9FF2046BDE8F04101F094B8E6
:10253000B80200207CB514460D46064600F094F91A
:1025400011480068C16C006D0D4404443188681E58
:102550000844ADF80400ADF800507188601E0844CE
:10256000ADF80600ADF8024068460CF023FF06E027
:10257000224629463046FEF7C3FF0CF0C1FE002874
:10258000F6D101F01BFC7CBDB802002010B5002480
:1025900000E0012400F004F80028FAD1204610BD24
:1025A000064810B50068002410B1804700B101242E
:1025B0000CF08CF900B10124204610BDD802002097
:1025C00008B50B46002805D0009281888268C08833
:1025D00000F001F808BD10B50828029C30D008DCD6
:1025E00004FB01F401280AD0022813D0042804D1E6
:1025F0001CE0102828D020282CD0002010BD04EB8F
:10260000D30003F00701105CC1F10701C84000F0DE
:10261000010010BD04EB93000621105C01EA4301A8
:10262000C1F10601C84000F0030010BD04EB5300E7
:10263000D907105C02D000F00F0010BD000910BDDA
:1026400004FB0130105C10BD481004FB003032F870
:10265000100010BD881004FB003052F8200010BD9F
:10266000034951F82000C1688A6A08211047000018
:10267000D002002010B500F0F7F802F015FE02F0CD
:10268000E5FE044601F09AFB204610BD10B5044655
:1026900000F0EAF8054800210068C0694268204659
:1026A0009047044601F08AFB204610BDB802002086
:1026B00070B50C46054600F0D7F80648214600687C
:1026C000C069426828469047044601F077FB2046DF
:1026D00070BD0000B802002010B500F0C5F802F08F
:1026E000EBFD02F0B3FE044601F068FB204610BD8E
:1026F0000021022802D2024951F8201008467047F2
:10270000F803002010B500F0AFF804480068C06975
:10271000447E01F053FB204610BD0000B8020020AB
:1027200070B514460D46064600F09EF8224629462E
:10273000304602F02DFE10B1002028602060BDE878
:10274000704001F03BBB70B50C46054600F08CF8BC
:102750002146284601F08CFFBDE8704001F02EBBF9
:1027600001F066BB10B5002400F07EF80B4800684D
:1027700090F82C1001F00C01042904D0082906D08F
:102780000C2907D103E0C069047E641E02E0C06921
:10279000007E440801F012FB204610BDB802002064
:1027A000024951F82000006900687047D0020020FB
:1027B000024951F82000006940687047D0020020AB
:1027C00010B5044600F050F8204610F017F9044602
:1027D00001F0F4FA204610BD70B50D46044600F035
:1027E00043F8204610F00AF90446284610F00EF986
:1027F000044301F0E3FA204670BD0000144810B510
:10280000016821F001010160124801218160124933
:10281000016000681149884200D0FEE701F0A4FC85
:102820000F492E20087001F007FB0E4810F064F9E4
:10283000FFF7B8F912F052F804460021084600F0FC
:10284000DDFE0CF06DFAFFF789F9204610BD00009F
:10285000002000E000300240C2A507F4CDB5E8B585
:10286000AC0200204C7A012070B51F4CE06820B10A
:1028700001F0D6FA6168884204D001F0F7FA01F05D
:10288000CFFA6060E068401CE060012825D1002597
:102890000AE000BF01F0C4FA216901EBC511096823
:1028A000814205D0D1B16D1CA0688542F2DB0025C4
:1028B0002068854211D000280EDBFFF7EBFC226870
:1028C000216901EBC212D067084A01EBC510011D56
:1028D0001160C06FFFF7D2FC256070BD216901EB6C
:1028E000C5110860E4E7000020030020B8020020C2
:1028F00010B5011E01DD024600E04A42064B0120F0
:1029000053F82040944202D8401C0A28F8DB0029E2
:1029100000DA401C10BD000084D0010838B5040066
:1029200011D0FFF7A1FF2046FFF7D0FA40F6FF7164
:1029300000908180C1804942018141816846FFF752
:1029400003FB01F03BFA38BD38B51548002200689A
:10295000437C144850F8230001691348FFF710FC2A
:10296000040015D01820FFF7ECF9050012D0FFF78E
:102970007BFF2846A560FFF7A9FA0090046028466F
:10298000FFF7CCFF6846FFF7DFFA01F017FA04E023
:10299000002038BD2046FFF72FFC284638BD000038
:1029A000B8020020D0020020C8D1010838B5044682
:1029B0000E480068006EA04201D100F0A3FDFFF7B1
:1029C00053FF2046FFF782FA009005686846FFF73C
:1029D000BBFA2046FFF7D4F92846FFF758FC2846F3
:1029E000FFF70AFC01F0EAF938BD0000B802002048
:1029F00038B50C46050013D0FFF736FF74B12846F2
:102A0000FFF764FA009081882180C1886180018984
:102A1000A1804089E0806846FFF796FA01F0CEF980
:102A200038BD000038B5040018D00BF09FFE0D4DE6
:102A300028680466FFF718FF2046FFF747FA009062
:102A40000068FFF7DBFB2968002048616846FFF754
:102A50007BFA01F0B3F903F0AFF838BD00F052FD96
:102A600038BD0000B80200201CB5040004D10E4897
:102A70000068046E002C16D0FFF7F6FE2046FFF724
:102A800025FA009044696846FFF75EFA4CB120468B
:102A9000FFF71CFA019081688968884701A8FFF751
:102AA00053FA01F08BF91CBDB802002001490A4617
:102AB00000F002B801F0FFFF2DE9F04387B01546A2
:102AC0000C465FEA000846D0FFF7CEFE002000F07B
:102AD0005BFD814621480068066E4046FFF7F6F927
:102AE00000900068806900F01BFD074640F6FF700B
:102AF000001904D10098B0F90440B0F906500098CC
:102B0000611E0289ADF804401144ADF808104189F6
:102B1000681E0844ADF80650ADF80A000BF030FD11
:102B20006846FFF711FA01A80CF044FC06E02A46BB
:102B30002146404600F08AFB0CF0E2FB0028F6D16B
:102B4000384600F0EDFC304600F0CCF9484600F085
:102B50001BFD01F033F907B0BDE8F083B802002097
:102B600001210174002070472DE9FE4F98469146DF
:102B70008A46834600270C9EFFF776FE17481849C1
:102B80000068407C51F82040E1680968042903D0BE
:102B90002468002CF8D100E014B9FFF79DFB04462F
:102BA0000121E068C26A20469047050011D02469DF
:102BB000A0688047401C02D10A4C46F001060096EE
:102BC000CDE9015443464A465146584600F024FA9E
:102BD000074601F0F3F83846BDE8FE8FB802002042
:102BE000D00200201CD2010838B504001CD0FFF729
:102BF0003BFE0E480068006EA04201D100F082FC4E
:102C00002046FFF763F90090406908B101F0BFF872
:102C100000980068FFF7F0FA6846FFF795F920463C
:102C2000FFF7AEF801F0CAF838BD0000B802002086
:102C3000704700002DE9FF4F83B0454CDDF840B0F0
:102C400098468A4607002BD002A901A8FFF77BFD12
:102C5000B7F90060002E00DA0026B7F90250002D07
:102C600000DA00252068A146407C02F0A7FB01990C
:102C70000144491EB7F9040010F076F80446D9F86B
:102C80000000407C02F0A0FB02990144491EB7F904
:102C9000060010F069F8A71B7F1C441B641C0BE0A6
:102CA000206800263546407C02F088FB07462068F5
:102CB000407C02F089FB0446B8F1000F01D1C4F159
:102CC0000008002F01DD002C03DC002007B0BDE868
:102CD000F08F43463A4629463046CDF800B0FFF71C
:102CE00043FF5FEA000909D000F0BCF8804648467F
:102CF00000F0F8F80027DFF85CB01FE051460598B7
:102D000088470120E2E7E11B414502DA484600F02E
:102D1000CDF83FB1EA193146484600F011F948466E
:102D2000FFF7A2FE514605988847DBF8001009B16D
:102D3000002088474846FFF7B9FE4744A742E2DB38
:102D40004846FFF751FF002000F0CCF8BDE7000037
:102D5000B80200205C0300202DE9FF4F83B0164627
:102D60000D460446FFF7F0FD5FEA000945D0FFF786
:102D700059FE01276F70217C04F1080891B12F7072
:102D80000698B04721464846FFF732FE4846FFF70F
:102D9000C5FD002028700698B04741464846FFF719
:102DA00027FE1AE00698B04721464846FFF720FE66
:102DB00020880190A08800902146B4F802B0B4F8B1
:102DC00006A04246084600F05FFA0198208100986C
:102DD000A081A4F80AB0A4F80EA04846FFF7E6FDCB
:102DE0004FF0000885F801802F7043460097314668
:102DF0002046069AFFF71EFF18B1012007B0BDE874
:102E0000F08F85F8008084F810800020F6E738B550
:102E100005004FF0000411D0FFF726FD2846FFF70C
:102E200055F80090006800698068804703F046FB11
:102E300004466846FFF788F800F0C0FF204638BD1A
:102E400038B50446FFF710FD2046FFF73FF800F1C4
:102E5000180400906846FFF777F800F0AFFF2046AF
:102E600038BD000038B504460025FFF7FDFC1CB94D
:102E700008480068046E44B12046FFF727F8009028
:102E8000B0F90A506846FFF75FF800F097FF284650
:102E900038BD0000B802002010B50DF091F80028F0
:102EA00003D0BDE8104000F07DB810BD38B50C4629
:102EB000050004D10A480068056E002D0FD0FFF709
:102EC000D3FC2846FFF702F80090B0F90A10A1429F
:102ED00000DD44816846FFF737F800F06FFF38BD2A
:102EE000B8020020F8B50546FFF7BEFC134E306867
:102EF000046E65B10CB100F005FB0BF037FC284601
:102F0000FEF7E4FF009031680A6E1AB106E000F0A7
:102F1000F9FA0EE0D1E90223C1E919230D66006830
:102F2000FFF76CF96846FFF70FF803F09FF802F01F
:102F300043FE00F043FF2046F8BD0000B802002029
:102F40007CB515460E46040004D115480068046E91
:102F5000002C24D0FFF788FC2046FEF7B7FF2DB2E7
:102F60000090C58034B2848002F026FE009840694B
:102F700080B1FEF7ABFF009A0190B2F90810818092
:102F8000B2F90A20C28011B10AB10480458001A8BB
:102F9000FEF7DAFF6846FEF7D7FF00F00FFF7CBDB3
:102FA000B802002001490A4600F002B801F0FFFF14
:102FB0007FB515460C4606002DD0FFF755FC304670
:102FC000FEF784FF40F6FF710190091903D1B0F9B3
:102FD0000440B0F906500289611E1144ADF8084062
:102FE000ADF80C104189681E0844ADF80E00ADF82C
:102FF0000A5001A8FEF7A8FF02A80CF0DBF906E0D2
:103000002A462146304600F009F90CF079F90028EB
:10301000F6D100F0D3FE7FBD2DE9FF4FDFF8E0B021
:1030200083B01C46DBF80010DDE9106092460027F3
:103030004B7C3A461299FFF7A3F805005DD028694A
:103040008068804703F03AFA81460AFB09F0C01D08
:103050004FEAD008FEF748FFF10705D1C11700EB92
:103060009170801000EB4000002C06DC1838B0FB9B
:10307000F8F06442A04200DC0446F00707D100905B
:10308000DDE903012346524600F0F4FD0746002C1B
:1030900003DC2846FFF7B0F82FE004FB08F01830F7
:1030A000F10702D0FEF73EFE01E0FEF74AFE060001
:1030B0001CD0FEF70BFF01900560039981800499F5
:1030C000C180A0F808A04481C0F80C80C0E9049732
:1030D00001A8FEF739FF1298AE602861DBF8000006
:1030E000407CA861304607B0BDE8F08F2846FFF766
:1030F00083F817B13846FEF743FE0020F3E70000DF
:10310000B80200202DE9F74F92B090461298FEF7D2
:10311000DDFE0B90B0F908100691B0F90A100D9180
:1031200000680069D0F804B00BA8FEF70DFF384C1A
:10313000384D2068407C55F82000C1688A6A082113
:1031400090478146182801D34FF020092068407C21
:1031500055F820000069079003C80C902E48814262
:1031600001D0012000E000201090002000F090FE2F
:10317000002849D10026DDE91207B2460FAB069CB4
:103180004546761C0193FFF75BFE014604FB0AF0FF
:1031900001EB8002234629463846CDF800B001F005
:1031A0005BF8050030D01098D0B1DDE906134A462F
:1031B000284600F01FFF98B9DDE906702C46D0F8CC
:1031C00010C0BCF1000F05D0294604233A4608463A
:1031D000E04705E00C992068884701C47F1EF9D1BB
:1031E0000020CDE90305059001200090CDE90109FB
:1031F0004146034608F10108069A139801F0C8FDFC
:103200000D98401E0D90B6D115B0BDE8F08F0000AE
:10321000B8020020D00200206B540008F8B5154613
:103220000E460746FEF752FE009000681621C06861
:10323000426A0020904704466846FEF785FE002C4F
:1032400003D02A4631463846A047F8BDF8B51546A2
:103250000E460746FEF73AFE009044696846FEF7C0
:1032600073FE3846FFF7D3FD0346082800DD2CB176
:103270002A463146384610F07BFCF8BD2A463146D6
:10328000384610F00DFEF8BD10B5002821D009B366
:103290000AB3B1F90040B2F900309C4200DA23468B
:1032A0000380B1F90240B2F902309C4200DA2346B1
:1032B0004380B1F90440B2F904309C4200DD23465A
:1032C0008380B1F90610B2F90620914200DC114664
:1032D000C18010BD11460A6802604968416010BD96
:1032E00000280BD003880B44038083881944818015
:1032F000418811444180C1881144C1807047000059
:1033000070B5104D0446D5E9000188420ED10E4932
:10331000884203D1D0E90F12406C03E00C38D0E9A9
:10332000001280682160C4E9012006E090E80E00E8
:1033300084E80E000FF080FB2860207A002800D07F
:10334000012070BD20040020D87B01200448D0E972
:103350000010814201D10120704700207047000019
:1033600020040020054A10B50349116010F0FEFA50
:10337000BDE8104000F090B9B5E90008DC0200207B
:1033800070B50025FFF770FA094CD4E9002082429D
:103390000AD0D2E9005610460FF058FB20603146A3
:1033A00028460BF0BDFD012500F008FD284670BD44
:1033B000EC0300202DE9FC41154DDDE908742D6872
:1033C000B5F90860864200DD3046B5F90C609642DA
:1033D00000DA3246824219DBB5F90A608E4200DD1E
:1033E0003146B5F90E509D4200DA2B468B420DDB7B
:1033F00000E02C46E5682D6825B1042D02D0256833
:10340000002DF6D1CDE9007402F058F9BDE8FC8139
:10341000B8020020B0F90220B1F906309A4213DC5C
:10342000B1F90220B0F906309A420DDCB0F9002063
:10343000B1F904309A4207DCB1F90010B0F9040088
:10344000814201DC0120704700207047014602489C
:1034500078220068FDF7BDB8B8020020DFED1A0A37
:103460002DE9F04120EE200ADFED180A06469046CD
:1034700080EE201A0D46BDEEC10A10EE107A3846D5
:1034800000F08CFE0446384601F012FA0146002294
:1034900015E000BF05EB820335F92200B3F90230D5
:1034A00000FB04F703FB0177634300FB11303F147B
:1034B00026F82270001406EB8203521C5880424505
:1034C000E8DBBDE8F081000000C82F48DA0F494072
:1034D00070B515460E4604000AD0FFF7C5F92A4616
:1034E0003146204610F084F8BDE8704000F066BC1C
:1034F00070BD0000024978220968FDF76AB8000033
:10350000B802002010B5FFF7AFF902F009FB02F096
:10351000ADFD0BF035F8BDE8104000F04FBC0000E9
:1035200070B5094D04462868467CFFF79DF9022CCA
:1035300003D228684474FFF7E5FF0448046000F0F4
:103540003DFC304670BD0000B8020020680300203A
:1035500010B50446FFF788F9204602F003FBBDE8EA
:10356000104000F02BBC10B50446FFF77DF9204653
:1035700002F030FBBDE8104000F020BC014988603B
:1035800070470000AC02002010B50446FFF76CF94C
:10359000204602F0B7FB044600F010FC204610BDA8
:1035A00070B50446FFF760F904480068C56904B1C6
:1035B000C46100F003FC284670BD0000B802002082
:1035C00070B514460D460646FFF74EF922462946C9
:1035D000304602F0F7FB044600F0F0FB204670BDD9
:1035E00070B50546FFF740F903480068847E85768C
:1035F00000F0E4FB204670BDB802002070B50C4618
:103600000546FFF731F9094822460580084804803D
:1036100008480068417C084850F82100C1680B6ADE
:1036200029469847BDE8704000F0C8BBE80200207A
:10363000EA020020B8020020D002002070B5054642
:10364000FFF712F903480068047E057600F0B6FB28
:10365000204670BDB802002070B50446FFF704F99B
:1036600004480068B0F92C50848500F0A7FB284678
:1036700070BD0000B802002070B50446FFF7F4F8F2
:1036800004480068B0F92A50448500F097FB2846AA
:1036900070BD0000B802002002480068002800D079
:1036A000004770470004002002498A6802B9886018
:1036B000FFF7F2BFEC03002010B504000ED0FFF7B7
:1036C000D3F820460FF018FD204610F009FA2046E6
:1036D000FEF756FBBDE8104000F070BB10BD38B5DA
:1036E0000C46050011D0FFF7BFF82846FEF7EEFBA9
:1036F00000908089204201D0012400E00024684627
:10370000FEF722FC00F05AFB00E00124204638BD01
:1037100038B50546002028600648046844B12046B4
:10372000FEF7D4FB0090006928606846FEF70CFCA9
:10373000204638BD4804002038B504004FF0000092
:103740000D46086011D02046FEF7C0FB009084684B
:1037500044B16846FEF7F8FB2046FEF7B7FB009041
:10376000006928606846FEF7EFFB204638BD000080
:103770002DE9F84FDFF89C800546274F98F8180090
:103780008B46410738680A9E9946407C924607D48A
:1037900001F026FE04463868407C01F02DFE06E06C
:1037A00001F02AFE04463868407C01F019FE00272B
:1037B00095B1A0F1010400BFB9EB060000D540426D
:1037C000142806DB5146BBEB0A0000D54042142802
:1037D00004DA0120BDE8F88F641EEDE70A464B4687
:1037E0005946384600960FF067FA0C4F4B46524642
:1037F00047F835005946204600960FF05DFA07EB72
:10380000C50148600FF0C6FD01210020C8F81C105A
:10381000E0E70000EC020020B8020020C47A01209A
:103820002DE9F047524D534E0024E86978B9686895
:10383000346000F00501746010F0060F01D000F054
:103840000500B460F4600FF0A5FD0120E861287860
:10385000C8B100F0D9F8A846286100F0D3F829696A
:10386000286A81420BDBD8F824204046914206DCCE
:10387000836A42699A4202DBC36A9A420DDD4FF0C5
:10388000FF3001466FE000F00FF9686100F0BBF80F
:103890002878401C2870BDE8F087326898F8180036
:1038A000354F8D1A400700283868407C02DB01F054
:1038B00097FD01E001F0A0FD401E4543D6E9002040
:1038C000B146801A95FBF0F6D8F81420D9F8081004
:1038D00098F81800551A400700283868407C02DB29
:1038E00001F08AFD01E001F07BFD401E4543D9E96E
:1038F0000201081A95FBF0F598F818004007002817
:103900003868407C18DB01F06BFD81463868407CEC
:1039100001F072FDD8F818200146D00704D0A9EBB9
:103920000600A0F1010000E03046920702D5491BD5
:10393000491E18E0294616E001F05EFD8146386810
:10394000407C01F04DFDD8F81820D10704D0A9EB38
:103950000601A1F1010100E03146920702D5401BAA
:10396000401E00E0284610F02DF888F8004092E74D
:10397000EC020020C47A0120B802002001498861CD
:1039800070470000EC020020074A002806DB0029EF
:1039900004DB01231372C2E9000101E00020107270
:1039A000014800F003B800005C7B012010B504461C
:1039B0000C220749FCF75AFD002808D0044894E877
:1039C0000E000EC02046BDE81040FFF7CBBC10BD76
:1039D000207C012030B40A4C2268831A01D5C3F13F
:1039E000000362688A1A00D552421A44022A04DD92
:1039F000C4E9000130BCFFF7C7BF30BC704700000E
:103A00003C0300207047704710B52DED048B82B049
:103A10002048808845F21051884236D101221E4943
:103A2000002003F0ADFF1C48007800F01F0030B309
:103A3000042201A9900103F0A3FF9DF807109DF84F
:103A4000062001EB022011F086FD41EC190B9FEDE1
:103A5000130B53EC102B11F0E5FD41EC180B11F09A
:103A60004DFD1049888108468489B4F5F07F02DB5A
:103A700040F2DF1404E0002C02DA002400E000240D
:103A8000204602B0BDEC048B10BDD0200AF050F9E6
:103A9000F7E700005C290020BC000020D8817346B5
:103AA00094F6D23F0800002010B52DED048B82B0B3
:103AB0002048808845F21051884237D101221E49A2
:103AC000002003F05DFF1C48007800F01F0030B3B9
:103AD000042201A9900103F053FF9DF805109DF801
:103AE000042001EB022011F036FD41EC190B9FED93
:103AF000130B53EC102B11F095FD41EC180B11F04A
:103B0000FDFC1049C8820846C48AB4F5487F02DB30
:103B100040F21F3405E0002C03DA002401E040F2FB
:103B20001F34204602B0BDEC048B10BD90200AF07B
:103B3000FFF8F7E75C290020BD0000207B14AE47AA
:103B4000E17AD43F080000202DE9F041084E0446F8
:103B5000056830680168284688470746306841682C
:103B600028468847284420603846BDE8F081000098
:103B7000BC0200202DE9F0410C4606460025064F08
:103B800005E0386841683046884706440544641EAD
:103B9000F7D22846BDE8F081BC0200202DE9F041B3
:103BA0001E46069C1746884605463A46A8687F1C6E
:103BB0003346D0F804C041462846E047641EF4D19D
:103BC000BDE8F08170B5B0F90040091BB0F90440C0
:103BD0008C422CDD00F11404B0F902500069521B34
:103BE00002FB0040CA1800EBE104521ED010B0EBFB
:103BF000E10501F007034FF0FF0102F0070221FA8F
:103C000003F0C2F1070201FA02F1CEB221780FD01F
:103C100001436D1E04F8011B002D05DDFF2229461E
:103C20002046FCF708FD2C4420783043207070BDFE
:103C300030400143217070BD10B5B0F90030B0F9CB
:103C40000240C91A00F114030069121B02FB003084
:103C500000EBE10001F0070302788021D9400A431C
:103C6000027010BDB0F90610026951431430FCF720
:103C7000EABC00002DE9F843804602F10F00001174
:103C8000470003FB07F01C46154689461430FEF733
:103C900058F8060018D0FEF7E7FD3046FEF716F993
:103CA0000090A0F80080A0F802908580C4800749A9
:103CB00081600121818107616846FEF745F900F0C6
:103CC0007DF83046BDE8F8830020FBE7A8D2010864
:103CD00070B5B0F90660B0F904400B6800F1140546
:103CE000964220DD0069A34202FB005000EBE30294
:103CF00019DAA4F101044FEAE400A0EBE30512F89D
:103D0000010B03F0070400FA04F0C4B208E055B157
:103D100012F8014B03F10803A5F1010523F0070395
:103D2000002CF4D008E0002070BD00BF4FEA4460D2
:103D30004FEA106403F101032006F7D5FF2C0AD0E7
:103D4000184605E04FEA44644FEA146400F10100AC
:103D50006606F7D400E0D81DC443640706D007E028
:103D600012F8014BFF2C0FD100F108006D1EF7D5A2
:103D7000A0EB030000F101000B6070BD4FEA44624C
:103D80004FEA126400F101002206F7D4F0E738B5DB
:103D90000546FEF769FD2846FEF798F800908189F0
:103DA000491E0CB284816846FEF7CEF814B9284645
:103DB000FDF7E6FF00F002F838BD00000348C168D7
:103DC000491EC16001D100F05BB87047200300209C
:103DD00010B54FF48031002011F0C8F904464FF4BB
:103DE00080312046FDF7C4FF8020FEF797F8024897
:103DF000FFF7C4FB10BD0000F0BF010870B504461A
:103E00004FF47A7060434FF47A71B0FBF1F52846B5
:103E100003F0DAF870BD10B50120FFF7EFFF10BD19
:103E20000248006890F8320070470000EC00002063
:103E300010B503F035F910BD10B5002002F0A8FC54
:103E40000149086010BD0000A800002010B5012045
:103E500002F09EFC03490860002002F023FC0249A6
:103E6000086010BDA0000020A400002008B56A462C
:103E700000210248006802F0B1FC08BDA00000204B
:103E800010B50248006802F01FFD10BDA000002020
:103E90000EB508B102AA00E00022002301A968467D
:103EA00000F058FB0EBD0000074910B5CC6818B1F2
:103EB0000120C860801E03E00020C8606FF07F40D2
:103EC00000F054FE204610BD2804002010B5082A3A
:103ED0000EDC0346012A1AD0022A58D0042A78D0D0
:103EE00010F8042B03F8012B491EF9D1012010BD55
:103EF000102A0ADC0222022AF8D1024630F8043BDA
:103F000022F8023B491EF9D1F0E7002010BD10F85D
:103F1000042BD207120E491E34D010F8044B491E50
:103F200004F0010442EA84122CD010F8044B491E1C
:103F300004F0010442EA441224D010F8044B491E54
:103F400004F0010442EA04121CD010F8044B491E8C
:103F500004F0010442EAC40214D010F8044B491ED4
:103F600004F0010442EA84020CD010F8044B491E0C
:103F700004F0010442EA440204D010F8044B04F0B7
:103F80000104224303F8012B0029C0D1AEE710F849
:103F9000042B9207120E491E15D010F8044B491E2F
:103FA00004F0030442EA04120DD010F8044B491E39
:103FB00004F0030442EA840205D010F8044B04F034
:103FC00003042243491E03F8012B0029DFD18DE7AA
:103FD000FFE710F8042B1207120E491E05D010F847
:103FE000044B04F00F042243491E03F8012B00295F
:103FF000EFD17BE72DE9F0411E680D460446082A03
:1040000009DC0746012A21D0022A62D0042A7CD08A
:10401000082A1AD195E0102A03DC02200228F8D1E0
:1040200002E00020BDE8F081D3F810C02746BCF1C3
:10403000000F04D00A462146022308468AE001CC3C
:10404000B04727F8020B6D1EF9D18BE001CCB047C9
:10405000C0074FEA10686D1E36D001CCB04748EA61
:10406000801000F0FF086D1E2ED001CCB04748EA4A
:10407000401000F0FF086D1E26D001CCB04748EA82
:10408000001000F0FF086D1E1ED001CCB04748EABA
:10409000C00000F0FF086D1E16D001CCB04748EA02
:1040A000800000F0FF086D1E0ED001CCB04748EA3A
:1040B000400000F0FF086D1E06D001CCB04740EA7A
:1040C000080000F0FF086D1E07F8018B002DBDD120
:1040D00048E001CCB04780074FEA10686D1E18D049
:1040E00001CCB04748EA001000F0FF086D1E10D068
:1040F00001CCB04748EA800000F0FF086D1E08D0F0
:1041000001CCB04740EA080000E007E000F0FF08FB
:104110006D1E07F8018B002DDBD123E001CCB047E9
:1041200000074FEA10686D1E06D001CCB04740EA88
:10413000080000F0FF086D1E07F8018B002DEDD17F
:1041400010E0D3F810C0BCF1000F05D00A460146BC
:1041500001233846E04705E001CCB04707F8010BE2
:104160006D1EF9D101205DE70A4810B5816900296B
:104170000ED101218161FFF72BFE01F0B5FF05494A
:1041800005481C310860BDE81040084600F088BBB7
:1041900010BD0000AC020020492E0108014908446E
:1041A00000F086BB905F01007CB5064628480D46AE
:1041B000006868B100200BF0FDF806E06A46294669
:1041C00030460CF015F90BF09BF80028F6D17CBDB9
:1041D000106800901F4C506801902268BDF80000E4
:1041E00032F84C1F0844ADF80000BDF80200918879
:1041F0000844ADF80200BDF8040011880844ADF889
:104200000400BDF8060091880844ADF80600684631
:104210000BF0D0F80EE000BF2068BDF800106A4631
:104220004184BDF802108184294630460CF0E0F844
:104230000BF066F80028EFD1206830F8221F428D7D
:10424000891A01804188C28D891A41807CBD000095
:10425000E4020020B80200202DE9FF4F00208BB0BF
:1042600004460146009019981D461646016007ABAA
:10427000002203A902A800F06DF918B100200FB0C8
:10428000BDE8F08F0798854200DD05465C4F0A9532
:104290005C493868407C51F8201004910969069106
:1042A000FEF7DEF905903868407CFEF781FA564942
:1042B0008146884204D05549894501D0012000E05B
:1042C0000020099001CE1899884782465FEA106B5A
:1042D00071D0009870BB0B9800EB04084848006848
:1042E000B0F90800404503DDA0EB0807804600E078
:1042F00000270299049801EB840101EB8701CDE9C5
:104300000010DDE90A010A180C9B0892521E19469A
:104310004046FFF74FF801200090059818280ADA68
:104320000298DDE9052300EB840000EB8700E91B20
:1043300000F070F810E0099870B1029800EB84006A
:1043400000EB87070898A0EB0808494638688847BB
:1043500001C7B8F10108F8D12D48C06960B3DDE9A3
:10436000020700EB840007EB8402CDE90202284C2F
:10437000361F2B46E46930460299A047FF2031687A
:10438000B0EB116F02D10299096804E0029A126839
:10439000B0EB126F01D1039A11600299361D091D0D
:1043A00002910399091D03916D1EE8D1199901200D
:1043B000039708601DE01EE0FFE7BBF1FF0F0ED082
:1043C0000298CBF1FF0250F82410504600F00EFA8C
:1043D000039941F8240019990120086005E002982A
:1043E000039950F8240041F82400641C6D1E7FF4EA
:1043F00069AF039843E7039941F824A0EBE7000075
:10440000B8020020D00200206B5400086954000854
:10441000BC0300202DE9F05F0C1E16DD5E6801462E
:1044200000EB8405082A12DC611E012A28D0022A2A
:1044300048D0042A6AD0082A07D1071917F8010DB5
:10444000B04745F8040D641EF8D1BDE8F09F102A6E
:10445000FBDC0222022AF8D15F693FB12246BC464A
:10446000BDE8F04F02235DF804EB604701EB440721
:1044700037F8020DB04745F8040D641EF8D1E4E7A3
:1044800000EBE1002D1F10F801A9814601F007079C
:10449000802020FA07F800BF0AEA0800C7F10701E8
:1044A000C840B04745F804093FB17F1E4FEA486055
:1044B000000E8046641EEFD1C7E7072719F801A94F
:1044C0000120F6E700EBA1002D1F01F0030710F813
:1044D00001A981467900C02020FA01F84FF0060BAF
:1044E0000AEA0800ABEB4701C840B04745F80409A9
:1044F0003FB17F1E4FEA8860000E8046641EEFD1F8
:10450000A3E7032719F801A93846F6E700EB610095
:1045100001272D1FA74310F801A98146B900F020FB
:1045200020FA01F84FF0040B0AEA0800ABEB870110
:10453000C840B04745F804093FB17F1E4FEA0870F4
:10454000000E8046641EEFD17FE7012719F801A90C
:104550000F20F6E72DE9F047204C06461F46A069DC
:1045600090468946002540B90120A06104F1200150
:104570001B480860084600F093F9606910B900F024
:1045800020FF606107B138604EB1A06830B9606942
:104590008000FDF71FFCA06000B901253060B9F173
:1045A000000F0AD0E06830B960698000FDF712FCA6
:1045B000E06000B90125C9F80000B8F1000F0AD089
:1045C000206930B960698000FDF704FC206100B902
:1045D0000125C8F800002846BDE8F087BC0300208C
:1045E000D12E010873B5124A01A9009812689047AC
:1045F00000240090C8B10F4900250968C9694969BC
:1046000059B10A684AB1019990477CBD6846FFF7E5
:104610009BFA0546FEF73AF804440198401E0190C3
:10462000F4D5284600F032F8044420467CBD000052
:104630001C040020B802002073B50D460098002429
:1046400090B10A490968C969496959B14A684AB1CA
:10465000294690477CBD6846FFF776FA20B10A28C4
:1046600002D0641CAC42F6DB20467CBDB8020020C0
:10467000044AB2F9002002600348B0F90000086063
:1046800070470000E8020020EA02002038B500244C
:1046900069460094FEF70CF80099814200DD0C1A7F
:1046A000204638BDB0F90030B1F90020934200DA5D
:1046B0000280B0F90230B1F90220934200DA428060
:1046C000B0F90430B1F90420934200DD8280B0F9E2
:1046D0000620B1F906108A4200DDC180704770B52E
:1046E000B1F90040B2F900309C4200DD234603805E
:1046F000B1F90250B2F90240A54200DD2C464480D7
:10470000B1F90460B2F90450AE4200DA3546858052
:10471000B1F90610B2F90620914200DB1146C180C2
:104720009D4201DBA14201DA002070BD012070BD75
:10473000014602480068407C00F002B8B802002040
:10474000F8B501260F46054602284BDA264C5FB322
:10475000012F02D0022F45D116E054F8250088B968
:104760002846FDF7B9FD0090B8B3C0680D21426A34
:1047700068469047020035D039460098904754F873
:1047800025000026401C2BE0FDF7A6FD009020B37D
:10479000C0680D21426A68469047020022D039461F
:1047A0000098904700261DE054F8250001280FD1FD
:1047B0002846FDF791FD009050B1C0680D21426A76
:1047C00068469047020003D039460098904700267B
:1047D00054F8250010B1012101E003E00021401A46
:1047E00044F825003046F8BDE403002070B5FF23EF
:1047F000B3EB116F2CD0C3B213FB02F500F47F446E
:1048000000F47F0354435343000E10FB02F6C2F141
:10481000FF00CAB212FB005201F47F4505FB0044C1
:1048200001F47F0505FB0033090E11FB0065C2F39F
:1048300007204FF47F024FF47F4102EA132201EA7E
:1048400014214FF07F43084303EA05431043184304
:1048500070BD2DE9F04F1546DDE90CB90C46064652
:104860004FF0000818E00B9F4FF0FF0A01CE08CC74
:10487000AAEB106202FB09F2B2FBFAF1CAB21946C6
:10488000FFF7B4FF20F07F4001C57F1EEED10998ED
:1048900008F1010804EB8004D845E4D3BDE8F08FAB
:1048A00002494A694260486170470000AC0200203A
:1048B00030B5002803DA4FF0FF32404200E0012219
:1048C000154990FBF1F301FB13004910884202DD0A
:1048D00052424B421844114B984200DD081A4FF4E3
:1048E0007A7390FBF3F16FF07C044C4300EBC4004F
:1048F0005A2902DB4FF480300AE0094C04EB8105B1
:1049000054F821106D686C1A4443B4FBF3F008446A
:10491000002A00DC404230BD407E0500905F01006F
:1049200018CF010810B502E000F8011B521E0AB1B1
:104930008307F9D1930818D001EB014402F0030278
:1049400004EB042405E0046044608460C46010301B
:104950001B1F042BF7DA01E010C05B1E002BFBD1FC
:1049600003E000BF00F8011B521E002AFAD110BD5F
:1049700010B5830702D520F8021B521E530810D031
:1049800001EB0144042B08DB046044608460C460D4
:1049900010301B1F042BF7DA01E010C05B1E002B48
:1049A000FBD1D20700D0018010BD00BFFEE70000A0
:1049B0007CB5044600250020019000905F480088E7
:1049C00000045F4908600D20486040208860002096
:1049D000C8604FF480600861084603F021FA594826
:1049E0000068009002E0574800680090009800F0CE
:1049F00045000028F7D0009800F0040028B10325F6
:104A0000042003F06DF928467CBD009800F00100F9
:104A100028B10125012003F063F92846F4E703F0EB
:104A2000A7F9009000980D2802D010252846EBE742
:104A300040F2FF5003F054F9002003F0B3F9019065
:104A40000198C0F3432020703F490198084008B9FD
:104A50002846D9E7019800F0004008B11C20D3E7B0
:104A6000019800F0804008B10920CDE7019800F0DE
:104A7000005008B10A20C7E7019800F0805008B143
:104A80000B20C1E7019800F0006008B10C20BBE7E3
:104A9000019800F0806008B10D20B5E7019800F0A2
:104AA000807008B10E20AFE7019800F4000008B153
:104AB0000F20A9E7019800F4800008B11020A3E7B7
:104AC000019800F4001008B111209DE7019800F44E
:104AD000801008B1122097E7019800F4002008B177
:104AE000132091E7019800F4802008B114208BE78F
:104AF000019800F4003008B1152085E7019800F412
:104B0000803008B116207FE7019800F4004008B11A
:104B1000172079E7019800F4804008B1182073E766
:104B2000019800F4005008B119206DE7019800F0D9
:104B3000080008B11A2067E7284665E75000002002
:104B400088290020342C014008E0FFFD054B10B5FA
:104B500002EB02121B68D2B2984703490968084069
:104B600010BD0000BC0300204803002002490A6871
:104B700008601046704700004803002030B5014629
:104B800001F01F04C1F34513CA0AE50205EB431502
:104B90001544A8B230BD000070B504460026174881
:104BA0000588408845431548808846F604018842B8
:104BB00016D112488079012812D100200F4988713E
:104BC0002A2048812B2088810021084601F014F812
:104BD00001200A4988712B2048812A20888103E01E
:104BE0000021084601F008F801F06AFA002602E008
:104BF00003480480761CAE42FAD370BD5C290020C5
:104C0000000008600449054A0968497C52F82110EF
:104C10000969096808470000B8020020D002002096
:104C200010B50446002C52D158498871F0200880F4
:104C30004FF4A07048800846808849F2413188428C
:104C40000BD05248808846F60401884205D04F4870
:104C5000808845F2103188421AD12C204B490881B6
:104C60002A2048812B2088810846808846F6040146
:104C7000884205D04548808845F21031884206D1E7
:104C80004FF4A070414908804FF4F070488079E0FB
:104C90003E48808845F21051884210D14FF4305080
:104CA0003A4908814FF4285048814FF42C508881AC
:104CB0004FF4F07008804FF44870488062E0222082
:104CC0003249088120204881212088815AE0012032
:104CD0002E4988714FF4A0700880F0204880084663
:104CE000808849F24131884205D02848808845F2C1
:104CF0001031884207D12C20244908812A2048817C
:104D00002B2088812BE02148808846F604018842C8
:104D100007D12C201D4908812B2048812A20888119
:104D20001DE01A48808845F21051884210D14FF496
:104D30003050164908814FF4285048814FF42C50C8
:104D400088814FF4487008804FF4F070488006E086
:104D500022200E49088121204881202088810B488B
:104D6000808846F60401884205D00848808845F2CC
:104D70001031884206D14FF4F070044908804FF496
:104D8000A0704880002000F071FD10BD5C2900205B
:104D90002DE9F04F05468DB07C48DDF860901A9CF7
:104DA00000681E4617464FF0000A78B11B9B199AFF
:104DB000CDF808900593CDE90324DDE91623CDE96C
:104DC0000023046833463A46284682E0DDE91602AD
:104DD00001EB060805EB070C1043A8F10108ACF144
:104DE000010C012806D0C9F10800059000200291AD
:104DF0000890C8E066480268B2F90A30581A0028DC
:104E000006DD361A002E65DD1946199B00FB0344AA
:104E1000B2F90E00A8EB0000002802DD361A002EC1
:104E200058DDB2F90C00ACEB0000002800DD3F1AA1
:104E3000B2F908300020AB4237DD581B3F1A4B4611
:104E4000B9F1080F28D007DC012B0DD0022B13D0AD
:104E5000B9F1040F29D117E0102B1FD0182B20D047
:104E6000B9F1200F21D11CE020F0070304EBE0048E
:104E70001D4400F0070018E020F0030304EBA00439
:104E80001D4400F0030010E020F0010304EB600477
:104E90001D4400F0010008E0044404E004EB400479
:104EA00001E004EB800405440020002F12DD1B9B71
:104EB000DDF864C0CDE90403CDE902C4CDE90069A1
:104EC000527C34483B4650F82200C26854680A4677
:104ED0002946A0470DB0BDE8F08F17990298084405
:104EE00009902B49401E00900A68B2F90A308342AB
:104EF00041DCB2F90E10029881423CDB4FF0000B0E
:104F0000D84603950B9434E0BBF1000F05D10B9804
:104F10004FF0080B10F801AB0B900599ABEB090BA8
:104F20003AFA01F00AFA09F101F0FF0A04D118492E
:104F30000968097C890716D415490968C96B0A688C
:104F40000C921B9A0AB152F8200008601699039837
:104F5000009B4218521E029900F076F90C490C98F9
:104F60000968C96B08600399169808F1010808449C
:104F70000390B845C8DB0898401C08900998029037
:104F8000199804440898B042A7DBA3E7E402002084
:104F9000B8020020D0020020F0B40C461249096883
:104FA000B1F90A30A3421CDCB1F90E30A34218DB80
:104FB000B1F90830834200DD1846B1F90C30934254
:104FC00000DA1A4682420CDB4B7C084951F8235028
:104FD00013462246E9688E6801462846B446F0BC6E
:104FE0006047F0BC70470000B8020020D0020020EB
:104FF0002DE9FF4F84B081468A460020039002903D
:105000000698A0EB09050798A0EB0A06CDF80490D6
:10501000CDF800A0002D01DD012705E00DB9002726
:1050200002E04FF0FF376D42002E02DD4FF0010825
:1050300006E016B94FF0000802E04FF0FF38764264
:10504000B54201DD2C4600E034464FF0000B21E074
:10505000009A91B2019A90B200F056F80398284451
:1050600003900298304402900398A04205DD039813
:10507000001B03900198384401900298A04205DD7E
:105080000298001B02900098404400900BF1010030
:105090001FFA80FB601C8345DADD08B0BDE8F08FA5
:1050A0000A46174930B40968B1F90A30934225DC41
:1050B000B1F90E30934221DBB1F9083083421DDC97
:1050C000B1F90C30834219DB0B7C0E4CDB0709D0A5
:1050D000497C54F82130D968CC690146A44630BCDB
:1050E00018466047CB6B497C1B6854F82140E16847
:1050F0008D6901462046AC4630BC604730BC7047E5
:10510000B8020020D002002030B504460D462946E2
:10511000204600F071FD00F0D3FF024800880249EC
:10512000088030BD000000200000086070B5044613
:105130000D4616464248808849F24131884205D0E2
:105140003F48808845F21031884214D13C49488953
:1051500000F0AAFF201200F09BFFE0B200F098FFE1
:105160003749888900F0A0FF281200F091FFE8B2CB
:1051700000F08EFF5DE03248808845F21051884291
:1051800020D12F49488900F08FFF201200F080FFC6
:105190002B494989491C88B200F086FFE0B200F033
:1051A00077FF2749888900F07FFF281200F070FF01
:1051B00023498989491C88B200F076FFE8B200F0E3
:1051C00067FF36E01E48808846F6040188421DD1FC
:1051D0001B488079012804D119480088401E001B13
:1051E00084B21749488900F05FFF201200F050FF99
:1051F000E0B200F04DFF1249888900F055FF2812F7
:1052000000F046FFE8B200F043FF12E00C4880795E
:10521000012804D10A480088401E001B84B20849B6
:105220004889214600F056FF05498889294600F043
:1052300051FF0348008903490880881C068070BD1F
:105240005C290020FEFF076038B5134C2468B4F9D0
:105250000850854200DD2846B4F90C50954200DA2A
:105260002A46824217DBB4F90A508D4200DD2946F6
:10527000B4F90E509D4200DA2B468B420BDB0093B3
:10528000647C064B53F82440E3681D6913460A46C4
:1052900001462046A84738BDB8020020D0020020B1
:1052A00008210DF0DFBA000002480068806B00683A
:1052B00070470000B802002002480068C06B006818
:1052C00070470000B8020020024809210068407CB5
:1052D0000DF0C8BAB802002009210DF0C3BA70B5AC
:1052E00000252C462046FCF7F7FF00B16D1C641C1E
:1052F000022CF7DB284670BD02480068407C00F0B5
:1053000003B80000B802002010B5FCF7E5FF002844
:1053100005D0C168CA6ABDE810400221104710BD1F
:1053200010B500F005F8BDE8104000F08FB800009F
:105330002DE9FC41144E0546144F30680C46407C64
:1053400057F82000C1680A6B69469047BDF9000014
:10535000A8420BDCBDF90400A84207DBBDF902003E
:10536000A04203DCBDF90600A04202DA0020BDE83D
:10537000FC8130682246407C57F82000C1684B69A8
:1053800029469847F3E70000B8020020D002002029
:10539000F8B515460E460124FCF79EFF009058B163
:1053A000C0680421426A68469047030004D02A4638
:1053B00031460098984700242046F8BD03210DF09F
:1053C00051BA03200DF098BA04210DF04BBA000039
:1053D000024801210068407C0DF044BAB802002068
:1053E00001210DF03FBA0000024802210068407C14
:1053F0000DF038BAB802002002210DF033BA00F0E7
:1054000001B800002DE9F041002809D0876837B1C4
:105410000D4E716819B10468B4F5807F02DD00207B
:10542000BDE8F0813068844200DD0446002507E0D5
:1054300057F82500FFF7E6FB716841F825006D1C61
:10544000A542F5DB7068EBE74C0300200449054AF0
:105450000968497C52F82110096949680847000029
:10546000B8020020D00200207047704710B500F04D
:105470001F01074A074BC0F34514C0F3C4201B5D4E
:10548000105C515C00EB032000EB014010BD0000FC
:10549000B8CE0108D8CE010810B50A4C606860B9D2
:1054A00020688000FCF796FC606040B104F10801C0
:1054B000054808600846FFF7F3F9002010BD0120F9
:1054C00010BD00004C030020892E01082DE9F04199
:1054D000FFF705FF0746002528E02846FCF7FCFEFD
:1054E00018B32846FEF71CF880462846FFF7D8FE7A
:1054F000082817DC0F48104950F825000069884239
:1055000010D02846FFF7E8FE0646002408E0E0B287
:10551000FFF79CFF0246E1B2284600F0F9FB641C4D
:10552000B442F4DB4046FDF7FBFF6D1CBD42D4DB0B
:10553000BDE8F081D002002004D2010810B5024677
:10554000012000E050430B1EA1F10104E1B2F9D1AA
:1055500010BD000008B5034800880090BDF80000A9
:1055600008BD0000000008602DE9F04105460E4628
:1055700000240027A0464F480088A84203DD4D487C
:105580004088B04202DC0020BDE8F0813146284668
:1055900000F032FB4748808849F2413188420BD005
:1055A0004448808846F60401884205D041488088F6
:1055B00045F21031884203D12E2000F075FD0DE038
:1055C0003C48808845F21051884204D14FF438504D
:1055D00000F06AFD02E0222000F066FD3548808878
:1055E00049F22031884202D102200FF0DDFD32481D
:1055F000008800B1002402200FF0D6FD2E48048858
:105600002C48808849F2413188420BD02948808853
:1056100045F21031884205D02648808845F2105165
:1056200088420AD102200FF0BFFD2348B0F8008065
:10563000E7B24FF6FF7000EA07271E48808849F25C
:105640002531884216D01B48808844F23551884263
:1056500010D018488088091F88420BD015488088D0
:105660004BF20551884205D0124880884CF2055112
:10567000884201D1204687E70E48808849F24131AF
:1056800088420BD00B48808845F21031884205D003
:105690000848808845F21051884207D1E012C002C4
:1056A000B91240EA411040EAE8206DE72046FFF7D2
:1056B00065FA69E75C290020000008602DE9FF4FCA
:1056C00083B01646DDE910408B46C0684769426AE0
:1056D0007AB1012111A8904705000AD00698CDE9BA
:1056E000000433465A4603991198A84707B0BDE80D
:1056F000F08F57480068407CFCF7B2FF82460828CC
:1057000001DC012005E0BAF1100F01DC022000E00D
:1057100004208046002596E04046B8F1010F05D0F0
:10572000022871D0B8F1040F25D17CE0BAF1090F3D
:1057300021D2DFE80AF08605213F3F595959590027
:10574000039815E001465A461198B847C5F107017C
:1057500088404FF67F722178EA40114001436D1C6A
:10576000217004EBE50425F00700054109F1010073
:105770008146B042E6DD64E0039817E001465A46F0
:105780001198B8470621A1EB450188406B004FF600
:105790003F722178DA40114001436D1C217004EB07
:1057A000A50425F00300054109F101008146B0423E
:1057B000E4DD46E0039813E001465A461198B847E5
:1057C0000421A1EB850188402178AB000F229A408B
:1057D0001140014321702C4485F0010509F10100BD
:1057E0008146B042E8DD2CE0DDF80C9007E0014690
:1057F0005A461198B847207009F1010944444846B7
:10580000B145F4DD1DE0FFE7DDF80C9007E001464F
:105810005A461198B847208009F101094444484686
:10582000B145F4DD0DE0DDF80C9007E001465A4685
:105830001198B847206009F1010944444846B14530
:10584000F4DD0BF1010B06998B457FF765AF4DE752
:10585000B802002001B5BDF8000000F025FC0520CD
:105860000EF090FFFFF776FE08BD0000F0B505468C
:1058700000240027A948807901281ED1A7488088E4
:1058800046F60401884218D0082D15D2DFE805F04D
:105890000406080A0C0E101206250DE007250BE081
:1058A000042509E0052507E0012505E0002503E0C2
:1058B000032501E0022500BF00BF9848808849F217
:1058C0004131884211D09548808846F604018842CB
:1058D0000BD09248808845F21031884205D08F481D
:1058E000808845F2105188427ED1082D1CD2DFE815
:1058F00005F00406090C0F12151800BF14E044F05F
:10590000800411E044F040040EE044F0C0040BE0D9
:1059100044F0200408E044F0600405E044F0A004F2
:1059200002E044F0E00400BF00BF7C48808845F2FC
:105930001051884202D14FF4585700E0362777487B
:10594000808845F21031884207D07448808845F23B
:105950001051884201D044F008047048808846F60F
:105960000401884201D144F002042146384600F087
:10597000B1FB04F0200018B96848807901280DD1E6
:105980006648008865494988884214DA6348068871
:10599000408862490880084646800CE05F480088DD
:1059A0005E494988884206DD5C48068840885B4934
:1059B0000880084646805948808845F21051884240
:1059C00054D15649488900F06FFB002000F060FB7D
:1059D00052494989491C88B200F066FB002000F05A
:1059E00057FB4E49498900E06FE0891C88B200F0FE
:1059F0005BFB4A490988491EC1F30F2000F048FBB0
:105A000046494989C91C88B200F04EFB43490978D0
:105A1000491EC8B200F03CFB4049888900F044FBB5
:105A2000002000F035FB3D498989491C88B200F00F
:105A30003BFB002000F02CFB38498989891C88B287
:105A400000F032FB35494988491EC1F30F2000F0B0
:105A50001FFB32498989C91C88B200F025FB2F49F8
:105A60008978491EC8B200F013FB55E02B494889DC
:105A700000F01AFB002000F00BFB002000F008FBF8
:105A800026490988491EC1F30F2000F001FB234974
:105A90000978491EC8B200F0FBFA2049888900F055
:105AA00003FB002000F0F4FA002000F0F1FA1B499B
:105AB0004988491EC1F30F2000F0EAFA1749897896
:105AC000491EC8B200F0E4FA26E0082D1CD2DFE837
:105AD00005F004070A0D0F12151844F0300413E006
:105AE00044F0100410E044F020040DE000BF0BE08F
:105AF00044F0380408E044F0280405E044F01804B9
:105B000002E044F0080400BF00BF032744F48054BF
:105B10002146384600F0DEFAF0BD00005C29002086
:105B200010B50E4C0E492068407C51F8200050B151
:105B3000C1680968042903D000680028F8D102E090
:105B400008B1FCF7A4FB20680021016600F1080100
:105B50004161BDE8104000F02FB80000B8020020FD
:105B6000D002002001490968496808474403002021
:105B7000044909680A7C520701D5C96B00E0896BAA
:105B800008607047B80200207CB5094C05462068C3
:105B9000417C084850F82100C1680A6B694690476B
:105BA00020686A4629460830FEF799FD7CBD000052
:105BB000B8020020D00200200448016804484A7C52
:105BC000083150F82200C268126B1047B80200205A
:105BD000D0020020014909680968084744030020F1
:105BE000044909680A7C520701D5896B00E0C96B3A
:105BF00008607047B802002030B504460D464048A2
:105C0000808849F24131884205D03D48808845F27C
:105C10001031884214D13A49488900F045FA2012DF
:105C200000F036FAE0B200F033FA3549888900F026
:105C30003BFA281200F02CFAE8B200F029FA5DE0F5
:105C40002F48808846F6040188421DD12C4880796F
:105C5000012804D12A480088401E001B84B228492C
:105C6000488900F021FA201200F012FAE0B200F0A8
:105C70000FFA2349888900F017FA281200F008FA71
:105C8000E8B200F005FA39E01D48808845F210516D
:105C9000884220D11A49488900F006FA201200F003
:105CA000F7F917494989491C88B200F0FDF9E0B2BB
:105CB00000F0EEF91249888900F0F6F9281200F098
:105CC000E7F90F498989491C88B200F0EDF9E8B27B
:105CD00000F0DEF912E00A488079012804D1084872
:105CE0000088401E001B84B205494889214600F007
:105CF000F1F903498889294600F0ECF930BD00002C
:105D00005C2900200149096889680847440300208C
:105D1000F8B515460E460124FCF7DEFA009058B19E
:105D2000C0681021426A68469047030004D02A46A2
:105D300031460098984700242046F8BD2DE9F047E9
:105D400017000C46054636D01C490868B0F90A20F1
:105D5000A24230DCB0F90E20A2422CDBB0F90820C0
:105D6000AA4228DCB0F90C20AA4224DB144E0F2FE3
:105D700002D3C16B0B6813E0C06B88460068FFF765
:105D800065FB814621462846FFF7CAFA01463A4696
:105D90004846FEF7DBFEFEF735FF0346D8F8000065
:105DA0002246407C56F82000C1688E692946B446D8
:105DB000BDE8F0476047BDE8F0870000B80200206A
:105DC000D0020020F8B515460E460124FCF784FAEF
:105DD000009058B1C0680321426A684690470300AA
:105DE00004D02A4631460098984700242046F8BD42
:105DF000F8B515460E460124FCF76EFA009058B12E
:105E0000C0680B21426A68469047030004D02A46C6
:105E100031460098984700242046F8BDF8B515464D
:105E20000E460124FCF758FA009058B1C0680A21C8
:105E3000426A68469047030004D02A4631460098DB
:105E4000984700242046F8BD2DE9F84F07468846BC
:105E500016461C46C3462046E31704EB5373DB107B
:105E600021464FEAE47C04EB5C7C4FEAEC0CA4EBAB
:105E7000CC0CBCF1000F02D04FF0010C01E04FF050
:105E8000000C6344224604EBD27C4FEA6C0C03FB0B
:105E90000CF3DBB20093A6F12000C6B2002556E059
:105EA0000C2C07D106EB46002B4901EB800010F8C3
:105EB000059013E0102C05D1284800EB061010F8CF
:105EC00005900BE0182C07D106EBC600244901EB26
:105ED000800010F8059001E0BDE8F88F4FF0000A4F
:105EE0002FE009F0800030B11E4802884146384654
:105EF000FFF71CF907E00A9828B91B4802884146B9
:105F00003846FFF713F94FEA49604FEA106908F184
:105F100001001FFA80F815480088B84200DCDBE772
:105F2000A8EB0B00A04208D1D846781C87B20F48D6
:105F30000088B84200DCCFE706E00AF1010000F07B
:105F4000FF0ABAF1080FCCDB00BF681CC5B200988D
:105F50008542A5DB00BFBFE7065D01087A61010845
:105F60006A67010800000020020000205C29002070
:105F70002DE9FF4F81B0074691461E460E9D4FF01A
:105F8000000A002439E0301B401EC1B20A20FFF78E
:105F9000D5FAB9FBF0F00A21B0FBF1F201FB1208CF
:105FA000BAF1000F16D1701EA04213DDB8F1000F38
:105FB0000ED10020AB4605EBDB71491001FB0471EB
:105FC000009088B22B4620220299FFF73DFF12E095
:105FD0004FF0010A0020AB4605EBDB71491001FBD5
:105FE0000471009088B208F13001CAB22B460299C0
:105FF000FFF72AFF00BF601CC4B2B442C3DB05B088
:10600000BDE8F08F2DE9F84704460D4690469946C5
:10601000DDE9096704F0FF0A08EB04001FFA80F8C5
:1060200009EB05001FFA80F916E0444502DB5446EF
:10603000A81985B24D4500DB14E0002000903A78A5
:10604000334629462046FFF7FFFE304606EBD07167
:1060500004EB61018CB27F1C38787E2802DC387832
:106060002028E2DA00BFBDE8F887000010B5074C31
:106070002068006BFEF7C6FDFFF7B2FD2068406B9D
:10608000FEF7C0FDBDE81040FFF772BDB80200206A
:1060900001B5BDF800000090BDF80000014908807E
:1060A00008BD00000000086001B5BDF800000090C8
:1060B000BDF800000149088008BD0000FEFF076030
:1060C0000248008902490880704700005C290020CE
:1060D000FEFF076003B5BDF80000024A1080901C67
:1060E00001800CBDFEFF076008B500231A46654914
:1060F0006548FCF76DF86548808845F21051884284
:1061000039D16248428801880020FFF771FE5F485C
:10611000428801880020FFF781FE5C48807998B9A9
:1061200040F2B31000234FF4F07219460090184665
:10613000FDF71EFB40F21F300023421C1946009061
:106140000120FDF715FB9BE00620FDF717FC40F250
:10615000B31000234FF4F072194600901846FDF773
:1061600007FB40F21F300023421C1946009001201B
:10617000FDF7FEFA84E04548808845F210318842F8
:1061800005D04248808846F6040188423BD13F480A
:10619000428801880020FFF72BFE3C484288018896
:1061A0000020FFF73BFE39488079A0B9E22040F695
:1061B0005B734FF4A072002100900846FDF7D8FAF7
:1061C000C42040F6ED634FF4F072002100900120EE
:1061D000FDF7CEFA54E00620FDF7D0FBE22040F6B2
:1061E0005B734FF4A072002100900846FDF7C0FADF
:1061F000C42040F6ED634FF4F072002100900120BE
:10620000FDF7B6FA3CE02148428801880020FFF7FC
:10621000EFFD1E48428801880020FFF7FFFD1B4864
:106220008079B8B90120FDF7A9FB40F63F700090D6
:10623000164802889B2300210846FDF799FA40F68C
:106240005F70009011484288BC2300210120FDF7B7
:106250008FFA15E00720FDF791FB40F63F709B2376
:10626000F022002100900846FDF782FA40F65F70A8
:10627000BC234FF4A072002100900120FDF778FAB2
:1062800008BD00001C930108F47401085C2900207B
:1062900010B503461446012901D1002010BD4FF06E
:1062A000FF3200BF00BF1046F8E700002DE9FF4FA6
:1062B0008DB01746674ADDF870901E9E20981268D0
:1062C0001D4600248AB11D9B1F98CDE90293CDE99C
:1062D0000460DDE91A03CDE9000314682B463A4651
:1062E0000D98A04711B0BDE8F08F0D9A01EB05089D
:1062F00002EB070CDDE91A231A43A8F10108ACF1FF
:10630000010C012A06D0C9F108004FF0000B0291E0
:1063100005909CE0504A1268B2F90A40631A002BBB
:1063200006DDED1A002DDDDD21461D9C03FB046614
:10633000B2F90E30A8EB0303002B02DDED1A002D9D
:10634000D0DDB2F90C30ACEB0303002B00DDFF1AFB
:106350000D9B1C1AB2F90830A3420DDDA3EB040C0F
:106360000CEB0003181A20F007000444A7EB0C07FD
:1063700006EBE30603F00700002FB3DD1F9BDDF8FB
:1063800074C0CDE9040303968DE82012527C334893
:106390003B4650F82200C26855680A462146A84785
:1063A000A0E71B990298084409902B49401E0390CE
:1063B0000A68B2F90A30834243DCB2F90E1002983F
:1063C00081423EDB4FF0000A0D980B96D0460090BC
:1063D00035E000BFBAF1000F05D10B984FF0080A65
:1063E00010F8014B0B900599AAEB090A34FA01F059
:1063F00004FA09F4E4B204D117490968097C890751
:1064000017D415490968C96B0A680C921F9A0AB11A
:1064100052F82000086000991A980A180846DDE929
:106420000213521EFEF710FF0B490C980968C96B46
:10643000086000991A9808F1010808440090B845CE
:10644000C8DB099802901D980BF1010B0644AB457F
:10645000A7DB47E7E4020020B8020020D0020020BA
:10646000002818D0410817D0810817D0C10817D0CC
:10647000010917D0410917D0010A17D0410A17D0D6
:10648000010B15D0C10B13D0010C11D0810C11D010
:10649000000E11D020207047012070470220704765
:1064A000032070470420704705207047082070477C
:1064B00010207047122070471820704700B5002246
:1064C000FFF7CEFF012804D0811E062903D8082239
:1064D0000BE0012209E0A0F10901072901D81022EF
:1064E00003E011380F2800D82022104600BD00001C
:1064F0001CB50121084601F0B1FA222000900120CC
:106500008DF8040000208DF8060003208DF80500AA
:1065100001208DF8070069460348FBF74FF9222157
:106520000148FBF7B6F91CBD0000024000BFFEE7C2
:106530007047000070B5002100230F22C4781CB3FF
:10654000174C246804F4E064C4F5E064C4F3072144
:10655000C1F10404E3B20A4144789C40E1B284787A
:10656000144021430C07210E0E4C05786155047828
:1065700004F01F050124AC4005786D11AD0005F154
:10658000E025C5F8004109E0047804F01F05012466
:10659000AC40054D0678761145F8264070BD0000E8
:1065A0000CED00E000E400E080E100E0024901437E
:1065B000024A1160704700000000FA050CED00E08F
:1065C00010B500F013F800F0FDFE00F025FF00F01C
:1065D00045FF00F0CDFE00F08DFE00F0D9FF00F089
:1065E0007DFF00F0A3FF00F002F810BD7047704778
:1065F00006480078012808D105480078FF2804D211
:1066000003480078401C024908707047E6000020EB
:10661000D900002010B500241A480078012830D194
:10662000F9F752FE04461848007820B11648007861
:10663000401E1549087014480078F8B913480078CE
:10664000E0B901F007F812481249097850F8210022
:10665000114908600F4800781049097888420DD028
:106660000D480068806B401C0B49096888630C4822
:106670000068401C0A490860F9F746FE2046F9F711
:1066800027FE10BDE6000020D9000020DA0000201F
:1066900010740120DC000020F4000020DB0000204A
:1066A000C000002070B5054600260F48007808B1EC
:1066B000002070BDF9F708FE06460C480468006823
:1066C00020B10A4800684068084908603046F9F778
:1066D000FFFD3CB101202070002020816560204634
:1066E00000F0FAFD2046E4E7D9000020C4000020B5
:1066F00010B500240B480078012811D1F9F7E4FD0A
:1067000004460948007840B908480078FF2804D2B8
:1067100006480078401C054908702046F9F7D8FD66
:1067200010BD0000E6000020D9000020DA000020A3
:1067300010B5002413480078012821D1F9F7C4FDD1
:10674000044611480078C0B10F480078401E0E4939
:1067500008700846007860B90C48007828B92046CF
:10676000F9F7B6FD00F03CFF0AE02046F9F7B0FD6E
:1067700006E02046F9F7ACFD02E02046F9F7A8FD57
:1067800010BD0000E6000020DA000020D900002043
:1067900070B5054600260F48007808B1002070BD8E
:1067A000F9F792FD06460C480468006820B10A48D3
:1067B00000684068084908603046F9F789FD3CB137
:1067C00003202070258100206060204600F084FDB9
:1067D0002046E4E7D9000020C40000202DE9F04164
:1067E00005460E46144600272878032803D00120CA
:1067F0002070BDE8F0813148007810B1022020708F
:10680000F7E72F48007810B10D202070F1E7F9F775
:106810005BFD0746288940B12889401E28813846FB
:10682000F9F756FD00202070E3E72648006890F84D
:10683000300040F001002349096881F83000002051
:106840002049096881F831001E480068C662284660
:1068500000F004FD3846F9F73BFD00F0C1FEF9F702
:1068600033FD07461748006890F8310020B1012831
:1068700009D0022806D102E0002020700BE00E2093
:10688000207008E000BF29460E48006800F0D0FCE8
:106890000A20207000BF00BF00200A49096881F863
:1068A00030000849096881F8310006490968C86163
:1068B0003846F9F70DFD00BF9BE70000D900002026
:1068C000DA000020EC00002070B504460025207896
:1068D000032801D0012070BDF9F7F6FC0546A07A27
:1068E00060B1002301221946204600F05FFC2846D3
:1068F000F9F7EEFC00F074FE0020ECE720894FF67B
:10690000FF71884207D22089401C20812846F9F770
:10691000DFFC0020DFE72846F9F7DAFC3320DAE76E
:1069200010B50B48007890B900F094FE0948007843
:106930000949087009480749097850F821000849B1
:1069400008600846006807490860F9F7C4FC10BDF4
:10695000E6000020DC000020DB0000201074012095
:10696000F4000020EC00002010B50024022000F00C
:106970002BFBF9F7A9FC044600200B4908602046D0
:10698000F9F7A6FC642000F01FFBF9F79DFC044614
:10699000054800680549086001200549087020463F
:1069A000F9F796FC10BD0000E8000020D0000020A0
:1069B000D8000020704700002DE9FE4F06460F4624
:1069C00090461C464FF00009F9F77EFC81461F48AF
:1069D000007828B14846F9F77BFC3C20BDE8FE8FE3
:1069E0001B4850F8240060BB0120194941F82400DD
:1069F0004846F9F76DFC002342463946304600F020
:106A0000B5F98246002000900190034602465146A7
:106A10000290204600F034FE054635B90D48007856
:106A200001280CD100F0DCFD09E0F9F74DFC8146AE
:106A30000020074941F824004846F9F749FC284658
:106A4000CCE74846F9F744FC2820C7E7D9000020E6
:106A500010740120E60000202DE9F04F85B081463A
:106A60008A4693461C46DDE90F78129D002003906C
:106A7000F9F72AFC03902348007830B10398F9F71E
:106A800027FC3C2005B0BDE8F08F1F4850F82400DB
:106A900088BB01201C4941F824000398F9F718FC31
:106AA0002A464146384600F007FF2B465A465146D3
:106AB000484600F05BF904901198CDE900800295FA
:106AC0003A4620460E9B049900F0DAFD064636B998
:106AD0000E48007801280CD100F082FD09E0F9F79A
:106AE000F3FB03900020084941F824000398F9F7CC
:106AF000EFFB3046C6E7FFE70398F9F7E9FB2820EC
:106B0000C0E70000D900002010740120E60000203A
:106B1000704700002DE9F0410546002747480078FE
:106B200010B14020BDE8F0813F2D01D13E20F9E7B2
:106B3000F9F7CAFB0746FF2D03D14148006890F8DA
:106B40003250404850F8254024B93846F9F7C0FB88
:106B50004320E7E7012C04D13846F9F7B9FB3D2083
:106B6000E0E714F8340F3849085C617888432178ED
:106B7000354A505414F834091146085C30B994F879
:106B8000361032480078884330490870E06918B1FF
:106B90002046E16900F04CFB666A16B1304600F011
:106BA000D5FB0020E06284F8300084F831002848EA
:106BB0000078FF2804D226480078401C2449087039
:106BC0003846F9F785FB00F0F0FAF9F77DFB074648
:106BD0001F48007820B11E480078401E1C490870EC
:106BE000204600F041F81B480078401E1949087003
:106BF0000020144941F82500A06930B900206169DE
:106C0000886115496069086005E0D4E905014861BB
:106C1000D4E9051088611148006860610F4804607C
:106C20000FA0E0643846F9F753FB0E4800780128BE
:106C300001D100F0D5FC002074E70000D90000204D
:106C4000EC00002010740120DE000020DD00002098
:106C5000DA000020E7000020F8000020F00000200B
:106C60003F000000E6000020704770472DE9F0412A
:106C700006460F4614464FF000081548007818B134
:106C800012202070BDE8F081F9F71EFB8046FF2E30
:106C900003D11048006890F832600F4850F8265031
:106CA0002DB94046F9F714FB43202070EAE7012D87
:106CB00005D14046F9F70CFB43202070E2E7EF6472
:106CC0004046F9F705FB0020207000BFDAE700001E
:106CD000D9000020EC00002010740120704770479C
:106CE0002DE9F04707460D464FF0000A00202860C6
:106CF0006860F9F7E9FA8246FF2F03D11948006866
:106D000090F83270184850F827402CB95046F9F7DF
:106D1000DFFA4320BDE8F087012C04D15046F9F793
:106D2000D7FA4320F6E7207C00F0010020B9504656
:106D3000F9F7CEFA4520EDE70026D4F80C90D4F808
:106D400008805046F9F7C4FA00E0761C58F8041B96
:106D50000029FAD0B0002860A9EB06008000686026
:106D60000020D7E7EC0000201074012070B5044625
:106D700010460026051F28462E604FF48056051F3A
:106D800028462E601526051F28462E601426051F4E
:106D900028462E601326051F28462E601226051F42
:106DA00028462E601126051F28462E601026051F36
:106DB00028462E600926051F28462E600826051F36
:106DC00028462E600726051F28462E600626051F2A
:106DD00028462E600526051F28462E600426051F1E
:106DE00028462E600326051F28462E600226051F12
:106DF00028462E600126051F28462E600026051F06
:106E000028462E604FF080750560051F28462C60CF
:106E1000414E051F28462E604FF01236051F2846AA
:106E20002E604FF00336051F28462E604FF00236C5
:106E3000051F28462E607610051F28462E60051F68
:106E4000284629603126051F28462E603026051F5A
:106E500028462E602926051F28462E602826051F55
:106E600028462E602726051F28462E602626051F49
:106E700028462E602526051F28462E602426051F3D
:106E800028462E602326051F28462E602226051F31
:106E900028462E602126051F28462E602026051F25
:106EA00028462E601926051F28462E601826051F25
:106EB00028462E601726051F28462E601626051F19
:106EC00028462E604FF01136051F28462E604FF0E1
:106ED0001036051F28462E604FF00936051F28463C
:106EE0002E604FF00836051F28462E604FF00736FB
:106EF000051F28462E604FF00636051F28462E60D7
:106F00004FF00536051F28462E604FF00436051F4A
:106F100028462E6070BD0000DD7700082DE9F041A5
:106F200005464FF00008F9F7CFF98046FF2D05D14F
:106F30002048006890F83250012608E01D4800689B
:106F400090F83200A84201D1012600E000261A483C
:106F500050F825402CB94046F9F7BAF94820BDE869
:106F6000F081012C04D14046F9F7B2F94320F6E74D
:106F700094F834701148C05D94F8351088430F4977
:106F8000C8550846C05D30B994F836100C480078F2
:106F900088430B49087094F8300040F0080084F8EA
:106FA00030004046F9F794F9012E01D100F018FBAA
:106FB0000020D4E7EC00002010740120DE00002047
:106FC000DD0000207047000070B505460026174818
:106FD000007800B170BD1648007800B1FAE71DB323
:106FE000F9F772F906461348006890F834401248E1
:106FF000005D1049096891F8351088430E4908551D
:107000000846005D40B90B48006890F836100B4800
:10701000007888430949087006480068C562304610
:10702000F9F756F900F0DCFA00BFD3E7D9000020E9
:10703000DA000020EC000020DE000020DD0000204F
:107040002DE9F04105460E4617461C4612480078C9
:1070500010B15520BDE8F0811048007808B1322009
:10706000F8E74FF47A7060434FF47A71B0FBF1F1B6
:107070004FF461606843C6EB061200EB82003844AF
:1070800000EB4002C2EBC01001EBC0084046FFF726
:107090009BFF0020DEE70000D9000020DA0000207E
:1070A00070B50025F9F710F905460348046828462D
:1070B000F9F70EF9204670BD0401002070B50026D6
:1070C00000F072F8F9F700F9064631480068401CF4
:1070D0002F4908603046F9F7FBF82E480078012860
:1070E00053D12D48007820B1012804D0022809D1BD
:1070F00003E001250BE0002509E0012501202649D8
:10710000087004E0012500202349087000BF00BF7B
:1071100005B970BD2148046833E0F9F7D5F8064693
:10712000E06A50B3E06A401EE062E06A28BB94F86F
:10713000300000F0370040B114F8300F00F0C80004
:10714000207001206070303C02E0002084F83100A3
:1071500094F8300000F0080078B93434A078104971
:10716000097808430E49087020780E49085C617858
:10717000084314F834190B4A505464693046F9F73F
:10718000A7F894F832003F28C7D100BFC1E700003C
:1071900004010020E6000020FC000020F800002090
:1071A000DD000020DE000020704770472DE9F04F21
:1071B00005460F4690469946A87A19490E5C05F196
:1071C0000B00805D11F800B00BEBC60000F0FF0A69
:1071D000144850F82A4000202034E0602760207CCA
:1071E00020EA0800207484F81190207C203C00F0F4
:1071F000080068B994F836000B49097808430A4931
:1072000008700A48805D94F835100843074988558E
:107210002946204600F00CF85046BDE8F08F0000EB
:107220002875010810740120DD000020DE00002018
:1072300010B590F8342001F10B039B5C90F83540B9
:10724000A34301F10B04A35423469B5C23B98B7A1F
:1072500090F83640A3438B7210BD000010B51B4A56
:107260001268D061194A126892F8343000F10B02AA
:10727000D25C164B1B6893F835301A43134B1B68CE
:1072800093F8344000F10B031A55827A0F4B1B68B8
:1072900093F836301A4382720C4A126892F834100E
:1072A0000B4A525C094B1B6893F835309A43084BE4
:1072B0005A541A46525C42B9044A126892F836305F
:1072C000044A12789A43034B1A7010BDEC00002058
:1072D000DE000020DD000020014600228A7200202E
:1072E00005E0002301F10B021354421CD0B2082820
:1072F000F7D370472DE9F0415021114800F03EF9D5
:1073000000250DE0681C86B20D4800EB051400EB6B
:1073100006170020207067600AA0E060681C85B234
:10732000042DEFD3064800EB0514002020706060A8
:1073300004A0E060024804490860BDE8F081000054
:10734000C06F01203F000000C800002030B501469A
:107350004A6808682AB9CC68606028B10025456091
:1073600002E0106000B142608B6800255D6230BDB4
:1073700070B5C821114800F001F900230FE0581C36
:1073800085B203EB83000D4901EB800405EB85001A
:1073900001EB8006002020706660581C83B2092B28
:1073A000EDD303EB8300054901EB8004002020703E
:1073B000606008460249086070BD0000F86E012058
:1073C000C400002000200A4908600A4908700A49E0
:1073D00008700A4908700A4908700A4908600A4991
:1073E00008600A4908600A4908600A49087070473D
:1073F00004010020D9000020DA000020E70000206E
:10740000E6000020C0000020E8000020D40000209A
:10741000D0000020D800002000210A4A117000206E
:1074200004E00021084A1154411CC8B20828F8D3CE
:107430000021064A1170064A1170064A1160064A78
:1074400011607047DD000020DE000020DB0000201E
:10745000DC000020F4000020EC00002070B54FF4A8
:107460007C71194800F08AF84FF48071174800F0D9
:1074700085F8002413E0601CC5B2C4EBC40000EB27
:107480004000114901EB8003C5EBC50000EB400053
:1074900001EB80065E610EA0D864601CC4B20B2CA8
:1074A000E9D3C4EBC40000EB4000074901EB8003C3
:1074B0000020586106A0D8640020064908600248F0
:1074C0000549086070BD000010750120107401208E
:1074D0003F000000F8000020F000002000B587B059
:1074E0000320002180220A4BCDE90132CDE90310AF
:1074F0004FF6FF703F23074A00900748FFF7ACFAAA
:1075000006AA06A13F20FFF7B1FB07B000BD0000AF
:10751000107201200C740120B577000875432F4FBD
:10752000532D49492049646C6500000000B587B0BF
:107530000320002180220A4BCDE90132CDE903105E
:107540004FF6FE703E23074A00900748FFF784FA83
:1075500006AA06A13E20FFF789FB07B000BD000088
:10756000107001200C720120F577000875432F4F31
:10757000532D4949205374617400000004E0002237
:1075800000F8012B4A1E91B20029F8D17047000083
:107590002DE9F04178211048FFF7F0FF00240DE0BD
:1075A000601C86B204EB44000B4901EBC00506EBFE
:1075B000460001EBC0072F60601C84B2042CEFD39F
:1075C00004EB4400044901EBC00500202860084694
:1075D00002490860BDE8F081007901200001002027
:1075E00010B50024F8F770FE044613480078F8B987
:1075F00012480078E0B900F02DF8114811490978D7
:1076000050F82100104908600E4800780F490978A9
:1076100088420DD00C480068806B401C0A490968FC
:1076200088630B480068401C09490860F8F765FE4C
:107630002046F8F74DFE10BDD9000020DA000020EA
:1076400010740120DC000020F4000020DB0000208A
:10765000C00000200649074A1278885C0649095C88
:10766000034A515C01EBC001044A117070470000ED
:1076700028750108DD000020DE000020DC0000206D
:107680002DE9F84F05460F4690469946DDE90AABCD
:1076900000200090F8F718FE00903F480468002C86
:1076A00074D0183454F8040C3B4908600098F8F77B
:1076B0000FFE44F8187CA576002020766076606185
:1076C00044F814BC44F80CAC44F8108C0C9824F822
:1076D000080C24F8069C0020E077E810207705F0DD
:1076E0000700E076217F01208840A077E17E01201D
:1076F0008840607700206060E060A0602062A06247
:107700006062E062206325A06063183C002606E00A
:10771000002104F1500040F82610701CC6B2002E63
:10772000F6D02046FFF746F92046FFF7F1F9F8F7C3
:10773000CBFD00901A4840F825401A480068606167
:107740000020A0611748006810B1164800688461E5
:10775000144804603434A078134909780843124966
:10776000087020781149085C6178084314F83419CE
:107770000E4A50540E480078401C0D49087000987D
:10778000F8F7A6FD0020BDE8F88FFFE70098F8F7AE
:107790009FFD4220F7E70000F00000203F000000BE
:1077A00010740120F8000020DD000020DE00002021
:1077B000E7000020002400BF00BFF8F785FD044665
:1077C00005480068401C044908602046F8F780FD21
:1077D000FFF74BFAF1E70000E800002010B504487D
:1077E0000068FFF77BFAFF20FFF794F910BD000057
:1077F000EC000020002400BF02E0C820FFF7E4FBFB
:10780000194800780028F8D0184800686421B0FBB7
:10781000F1F0164908600846006828B900201449AC
:107820000870FF20FFF77AFB00BFF8F74DFD044614
:10783000104800681049086000200E490860204682
:10784000F8F746FD0C48006808490968B0FBF1F0FC
:10785000C0F1640006490870FFF741FA00F00EF825
:107860006420FFF7B1FBE0E7D8000020D000002043
:10787000CC000020E8000020D40000207CB50025CA
:1078800014E069462846FFF72BFA064666B9094810
:1078900050F8254044B1012C06D0D4E9020100EB98
:1078A000810060640198A064681CC5B23F2DE8D9CE
:1078B0007CBD00001074012002F0010343B102F00E
:1078C00002032BB102E0491E002308C00029FAD1AF
:1078D000704700000EB5002002900121062000F044
:1078E000BDF80220009000208DF8040001208DF8E2
:1078F000070069461B48F9F761FF4FF400500090FC
:1079000001208DF8040003208DF8050000208DF87B
:10791000060069461448F9F751FFF9F71BF90020F2
:107920001249086064200CF005FF01201049C1F8DD
:10793000B40264200CF0FEFE012000F052F8012297
:1079400002A94FF4506000F01BF89DF8081009A040
:10795000F8F720FD9DF80800802801D100200EBD19
:107960000120FCE70004024000080240B40241424A
:10797000000041424354502049443A25780D0A0002
:107980002DE9F04105460F461646F9F79FF9B2205A
:10799000F9F76AF9F9F7E4F92812F9F765F9F9F74F
:1079A000DFF9E8B2F9F760F9F9F7DAF9F9F78EF9E2
:1079B000B320F9F759F9F9F7D3F900240BE0711E58
:1079C000A14201D0012100E000210846F9F718F991
:1079D0003855601CC4B2B442F1DBF9F79DF9BDE83B
:1079E000F08138B50446002000900CB18020009052
:1079F000012269464FF4506000F001F838BD2DE9CE
:107A0000F04104460E4617464FF00008F9F75EF9BC
:107A1000B220F9F729F9F9F7A3F92012F9F724F9B7
:107A2000F9F79EF9E0B2F9F71FF9F9F799F900258E
:107A30000BE0705DF9F718F9F9F792F98046B8F1A3
:107A4000000F00D003E0681CC5B2BD42F1DB00BFEF
:107A5000F9F762F94046BDE8F081000029B1064A15
:107A600012680243044B1A6004E0034A126882431E
:107A7000014B1A60704700003038024029B1064AB5
:107A800012680243044B1A6004E0034A12688243FE
:107A9000014B1A60704700003838024029B1064A8D
:107AA00012680243044B1A6004E0034A12688243DE
:107AB000014B1A60704700004438024029B1064A61
:107AC00012680243044B1A6004E0034A12688243BE
:107AD000014B1A607047000024380240F0B50021C5
:107AE00000220024022500260223324F3F6807F0BF
:107AF0000C0121B1042905D0082937D105E02E4F0A
:107B0000076036E02D4F076033E02A4F3F1F3F6884
:107B1000C7F38056274F3F1F3F6807F03F036EB102
:107B2000264FB7FBF3F7DFF88CC0ACF1040CDCF8A0
:107B300000C0CCF3881C07FB0CF40CE01E4FB7FB15
:107B4000F3F7DFF870C0ACF1040CDCF800C0CCF344
:107B5000881C07FB0CF4174F3F1F3F68C7F3014712
:107B60007F1C7D00B4FBF5F7076002E0124F076051
:107B700000BF00BF0F4F3F6807F0F0010909104F29
:107B80007A5C0768D74047600A4F3F6807F4E051C6
:107B9000890A0B4F7A5C4768D7408760054F3F687A
:107BA00007F46041490B064F7A5C4768D740C760CD
:107BB000F0BD0000083802400024F40000127A00F2
:107BC0005E0000207CB50546002400200090019056
:107BD00000F0E8F800F0007010B10E2420467CBDE3
:107BE0003D49098888B26946F9F7BCFB04460CB1E7
:107BF0002046F4E7012D36D1019800F480200028BA
:107C00002ED0354800880004344908603720486089
:107C1000402088600020C860A8020861084600F083
:107C2000FFF83720F9F7FCF804460CB12046D6E7F8
:107C300002202A4908600620486040208860002011
:107C4000C8604FF480600861084600F0E9F806203B
:107C5000F9F7E6F804460CB12046C0E72046BEE737
:107C600025242046BBE7019800F4803078B31A48F9
:107C70000088000419490860372048604020886067
:107C80000020C8604FF480600861084600F0C8F822
:107C90003720F9F7C5F804460CB120469FE70020CD
:107CA0000E49086006204860402088600020C860B7
:107CB0004FF480600861084600F0B2F80620F9F73A
:107CC000AFF804460CB1204689E7204687E7FFE776
:107CD0002524204683E7000050000020882900204A
:107CE0000149086070470000382C014001490860D4
:107CF00070470000382C01400149086070470000BF
:107D0000A08025420146034A106820F0FF00084386
:107D100010607047042C0140014908607047000062
:107D20008C85254200210B4B02681A601B1D42689E
:107D30001A601A1D116821F0F701D0E902231A43D5
:107D400003691A4343691A431143024A0832116016
:107D500070470000242C014010B50121C802FFF734
:107D6000ADFE00214FF40060FFF7A8FE10BD00003B
:107D700001480068C0B27047102C01400146002045
:107D8000034A12680A400AB1012000E0002070474F
:107D9000342C01400248006800F0030070470000E6
:107DA000002C014008B5014600200090024808441C
:107DB00000900098006808BD142C014010B500F038
:107DC00049FC10BD29B1064A12680243044B1A60EF
:107DD00004E0034A12688243014B1A6070470000B6
:107DE0003C2C014000210A4A116847F6FF6291438A
:107DF000027D83681A4343681A43C3681A430368C1
:107E00001A4303691A431143014A11607047000085
:107E1000042C01400148006870470000802C01409C
:107E20000021094B02681A601A1D11686FF30A01DC
:107E3000D0E901231A43C3681A4303691A43114363
:107E4000014A121D11607047082C01400149086069
:107E500070470000002C014070B590B004460E46FB
:107E6000154600BF1A48F9F76AF90028FAD11848F0
:107E7000F9F7AEF84FF000600190164802900394B5
:107E800004950020059006904FF4806007908000D4
:107E900008908000099000200A904FF440300B9029
:107EA00004200C9003200D904FF400000E908010E1
:107EB0000F9001A90648F9F74DF920210448F9F778
:107EC00033F901210248F9F777F810B070BD0000CE
:107ED00058640240802C014070B5044600252048BB
:107EE0000078032802D12725284670BD1C48007859
:107EF00038B11B480078012803D0194800780228BF
:107F00002CD1B4F5805F02D127252846EDE7B4F5E2
:107F1000006F13D10120FFF755FE0546F5B900208B
:107F2000104908750860486088604FF40060C860B8
:107F3000002008610846FFF755FF0FE00020FFF71B
:107F400041FE054655B9002006490875086048609D
:107F50008860C86008610846FFF744FF2846C4E708
:107F60004C00002070290020F0B5014600200022BE
:107F7000BE4B1B7881F85630BD4B1B88A1F854309E
:107F8000BC4B1B681A0E93090B70C2F383034B7032
:107F900002F003038B70B74B1B68C3F30742CA7030
:107FA000B44B1B88C3F307220A71B24B1A784A718B
:107FB0005B681A0E1301CB80AE4B5B68C3F30742BC
:107FC000CB8843EA1213CB8002F00F030B72A94B4C
:107FD0009B88C3F30722D3094B72C2F380138B72C1
:107FE000C2F34013CB72C2F300130B7300234B7325
:107FF0009E4B1B783BB19D4B1B78012B03D09B4BB9
:108000001B78032B4FD193071B0D0B61994B1A79EA
:108010000B6943EA82030B61964B9B681A0E0B694E
:1080200043EA92130B61C2F3C2030B7502F007031C
:108030004B75904B9B68C3F3074253098B75C2F392
:108040008203CB7593075B0F0B768A4B1B89C3F3B7
:1080500007220B7E43EAD2130B760B695B1C0024CC
:10806000C1E912340B7ED1E912569B1C012404FA9B
:1080700003F3DC17A5FB037C06FB03C305FB0433FA
:10808000C1E912730C7A0123A3400B650024D1E9E6
:1080900012650B6DA6FB037C05FB03C306FB0433D3
:1080A000C1E912732EE0714B1B78022B2AD1714B60
:1080B0001A7993069B0A0B616E4B9B681A0E0B692B
:1080C00043EA02230B616B4B9B68C3F307420B69C6
:1080D00013430B61674B1B89C3F307220B695B1CBE
:1080E0004FF40074A3FB04464FF480630025A4FB07
:1080F000037C06FB03C304FB0533C1E912734FF491
:1081000000730B65C2F3801301F8193F93065B0EF1
:108110004B70584B1A7A4B7843EAD2134B7002F0EB
:108120007F038B70534BDB681A0ED309CB70C2F3FD
:1081300041130B71C2F382034B7193071B0F8B71B9
:108140004C4BDB68C3F307428B7943EA92138B7184
:10815000C2F34013CB7100230B7202F001034B7288
:10816000444B9B89C3F30722D3098B72C2F380135C
:10817000CB72C2F340130B73C2F300134B73C2F301
:1081800081038B7302F00303CB733A4B1A7B5308C2
:108190000B7401234B74384B1B681A0ECA741939BF
:1081A000354B1B68C3F307421402CC85324B1B8846
:1081B000C3F30722CB8D1343CB852F4B1A781406BC
:1081C0000C635B681A0E0B6B43EA02440C632A4B88
:1081D0005B68C3F307420B6B43EA02240C63264B34
:1081E0009B88C3F307220B6B13430B63224B1A7953
:1081F00034235A54204B9B681A0E35235A541E4B75
:108200009B68C3F3074214068C631B4B1B89C3F3A3
:1082100007228B6B43EA02448C63174B1A7A8B6BF1
:1082200043EA02248C63144BDB681A0E8B6B1343F6
:108230008B63114BDB68C3F307423C235B5C43EA6F
:1082400012143C235C5413071C0DCC870A4B9B89EA
:10825000C3F30722CB8F1343CB87074B1A7B5408FA
:1082600040235C54012441235C54F0BD4C000020A9
:1082700050000020B4290020C42900203EB500246D
:1082800001213E48FFF7EAFB0121C802FFF706FC87
:108290000121C802FFF712FC4FF47C50019002202C
:1082A0008DF808008DF8090001208DF80B0001A958
:1082B0003348F9F783FA0420019001A93148F9F70E
:1082C0007DFA0C2208212E48F9F7C0FA0C22092168
:1082D0002B48F9F7BBFA0C220A212948F9F7B6FA1C
:1082E0000C220B212648F9F7B1FA0C22114624483A
:1082F000F9F7ACFA0C2202212248F9F7A7FA00217B
:108300004FF40060FFF7DAFB00F00AFDFFF724FDF1
:1083100031208DF8000000208DF801008DF802005A
:1083200001208DF803006846FEF704F900F0CEF84E
:10833000044614B900F02CF804461CB91248FFF7A3
:1083400013FE044634B91049B1F85410080400F083
:1083500003FD044624B94FF40060FFF7BDFD044659
:108360001CB10A480078032806D10020FFF7CAFC98
:10837000002000F00BFD044620463EBD0C004000EE
:1083800000080240000C0240D82900204C000020C8
:1083900038B5002401200090FFF7FCFC10B925241B
:1083A000204638BD44480078042828D0002043499E
:1083B000086002204860C02088600020C8604FF438
:1083C000806008610846FFF72BFDF8F73FFD044683
:1083D0000CB12046E5E70020FFF7E4FC38490860CF
:1083E0000420FFF7DFFC364948600820FFF7DAFC7D
:1083F000334988600C20FFF7D5FC3149C8602E480E
:10840000007858B12C480078012807D02A48007815
:10841000062803D028480078022816D100202749D2
:10842000086003204860402088600020C8604FF446
:10843000806008610846FFF7F3FC69460320F8F7FF
:1084400047FD04460CB12046ABE71B4800780428E2
:108450002ED0BDF800001B490860BDF800000004E4
:108460001649086009204860C02088600020C86064
:108470004FF4806008610846FFF7D2FCF8F7E6FC8D
:1084800004460CB120468CE70020FFF78BFC0E4918
:1084900008600420FFF786FC0B4948600820FFF7BE
:1084A00081FC094988600C20FFF77CFC0649C86004
:1084B0000024204675E700004C0000208829002099
:1084C000C429002050000020B42900202DE9F041EB
:1084D0000024002600250027A0467620594908756B
:1084E0000020086048608860C86008610846FFF79F
:1084F00079FC0320FFF7AAFC0120FFF7FDFB002019
:108500005149086048608860C8604FF48060086125
:108510000846FFF785FCF8F76DFC044614B12046C9
:10852000BDE8F0814FF4D5704749086008204860E5
:10853000402088600020C8604FF4806008610846D1
:10854000FFF76EFCF8F712FD04462CB901203F49F5
:1085500008704FF0804812E000203B490860372047
:108560004860402088600020C8604FF48060086147
:108570000846FFF755FC3720F8F752FC0446002068
:108580003149086037204860402088600020C8607A
:108590004FF4806008610846FFF742FC3720F8F787
:1085A0003FFC0446002C4AD136E0002026490860F2
:1085B00037204860402088600020C8604FF4806009
:1085C00008610846FFF72CFC3720F8F729FC044621
:1085D0000CB12046A4E71E4848EA00001A4908608A
:1085E00029204860402088600020C8604FF48060E7
:1085F00008610846FFF714FCF8F74EFC04460CB17E
:1086000020468DE70020FFF7CDFB0646012080EADB
:10861000D67080F001076D1C1FB94FF6FF708542C0
:10862000C3D34FF6FF70854202D31B24204677E761
:1086300006F08040061E02D0022004490870204641
:108640006EE7000070290020882900204C000020DF
:108650000000108010B51148007801280CD10020CE
:108660000F49086040F24C40091D08600C20F8F7E3
:10867000D7FB0C49087002E000200A4908704FF44B
:108680008070FFF733FB00214FF48070FFF79AFBF7
:108690000120054908700348007810BD55000020EE
:1086A000082C014056000020570000202DE9F84F0B
:1086B0008146174698460A9C4FF0000AD3464D461D
:1086C0004FF0FF36B9F1000F02D12620BDE8F88F38
:1086D00000209549086095480078022805D10402D9
:1086E000780A40EAC8574FEA682800209049886015
:1086F0004860401E0860012048610020C860086191
:108700000846FFF70FFB88481838006800F0007033
:1087100008B10E20DAE7002C21DDB4F5006F1EDC75
:10872000601E2040D8B920460BF0D0FF0090814851
:10873000046010207F494860402088600020C860A5
:108740004FF4806008610846FFF76AFB1020F8F7D5
:1087500067FB8246BAF1000F03D05046B6E72620E9
:10876000B4E70098000172498860084644604FF001
:10877000FF300860012048610220C86000200861C5
:108780000846FFF7CFFA6B48076011206949486037
:10879000402088600020C8604FF48060086108466F
:1087A000FFF73EFB1120F8F73BFB8246BAF1000FC2
:1087B00001D050468AE76048007800287AD1F7F760
:1087C0005CFD19E058480830006800F4004078B1BA
:1087D0004FF0000B06E054485430006845F82B0079
:1087E0000BF1010BBBF1080FF5D32035534E03E01D
:1087F0000EB904206AE7761E4B480830006840F244
:108800002A6108400028DDD047480830006800F0A1
:10881000080048B144480C30006840F00800424964
:108820000C310860042051E73F480830006800F030
:10883000020048B13C480C30006840F002003A4960
:108840000C310860022041E737480830006800F02A
:10885000200048B134480C30006840F02000324914
:108860000C310860062031E72F480830006800F41A
:10887000007048B12C480C30006840F400702A4960
:108880000C310860072021E704E0274854300068D5
:1088900028602D1D24480830006800F400100028CE
:1088A000F3D1F7F7ECFC40F2FF501F490C310860A0
:1088B00037E0FFE720480078012832D10020204926
:1088C0000870204908702049087017481030006867
:1088D00040F22A31084314491031086012480068F8
:1088E00040F0080010490860002221464846FFF782
:1088F000B3FA00E0761E1548006800F0006038B951
:108900001148007820B90E48007808B9002EF1D13E
:108910000EB90420DAE60A48007810B1084890F849
:1089200000A05046D2E600002C2C01404C00002054
:108930009C2900208829002054000020FFFF070008
:10894000560000205500002057000020006402401F
:108950002DE9FE4F83460E469146002002900025E9
:1089600034462148007818B1680240EAD4556402C0
:108970000BF00300F0B14FF0000A18E04FF4007064
:1089800000904FEA4A20071945EBE0733A46174832
:10899000FFF78CFE02904FF4007214495846F7F727
:1089A00091FD0BF5007B0AF1010000F0FF0ACA45BA
:1089B000E4DB16E0B9F1010F09D14FF40070224653
:1089C0002B4600905846FFF771FE029009E04FF4E5
:1089D000007022462B46CDE90009584600F008F801
:1089E00002900298BDE8FE8F4C000020302A002043
:1089F0002DE9FF5F17469846DDE90E464FF0000966
:108A0000CA464FF0FF35BB49009808600020BA49BC
:108A10000860BA480078022805D10402780A40EAC2
:108A2000C8574FEA68280020B54988604860401E52
:108A30000860012048610020C86008610846FFF70F
:108A400071F9AD481838006800F0007018B10E20B8
:108A500004B0BDE8F09F002C21DDB4F5006F1EDCF2
:108A6000601E2040D8B920460BF030FE8346A54852
:108A700004601020A3494860402088600020C8603E
:108A80004FF4806008610846FFF7CAF91020F8F734
:108A9000C7F98146B9F1000F03D04846D8E7262030
:108AA000D6E7012E70D906FB04F0B0F1007F01D3A8
:108AB0002620CDE74FEA0B109149886006FB04F0B1
:108AC00048604FF0FF300860012048610220C86014
:108AD000002008610846FFF725F98A480760122040
:108AE00088494860402088600020C8604FF480605A
:108AF00008610846FFF794F91220F8F791F98146CA
:108B0000B9F1000F01D04846A2E77F48007800285D
:108B10007ED1F7F7B2FB1FE077480830006800F419
:108B20000040A8B14FF0000A08E0734854300068D4
:108B30007049096841F82A000AF1010ABAF1080FE0
:108B4000F3D36C48006820306A4908606F4D03E039
:108B50000DB904207CE76D1E67480830006840F2BC
:108B60002A3108400028D7D063480830006800F058
:108B7000080050B160480C30006840F008005E49C1
:108B80000C310860042063E7B1E05B4808300068FE
:108B900000F0020048B158480C30006840F0020074
:108BA00055490C310860022052E7534808300068EC
:108BB00000F0200048B150480C30006840F0200020
:108BC0004D490C310860062042E74B4808300068E8
:108BD00000F4007048B148480C30006840F4007060
:108BE00045490C310860072032E70AE0424854301A
:108BF00000684049096808603E480068001D3D491A
:108C000008603D480830006800F40010002800E0CB
:108C100031E0EBD138480830006800F4807010B3C0
:108C20003648007838B135480078012803D03348F9
:108C30000078022817D10020324908600C204860D3
:108C4000402088600020C8604FF4806008610846BA
:108C5000FFF7E6F80C20F8F7E3F88146B9F1000FCA
:108C600001D04846F4E6F7F70AFB40F2FF502249EC
:108C70000C3108603BE024480078012837D10020FF
:108C800023490870012023490870002022490870F8
:108C900019481030006840F22A3108431649103153
:108CA00008601548006840F008001349086006FB9A
:108CB00004F100220098FFF7CFF800E06D1E17487E
:108CC000006800F0006008B9002DF7D10DB904204C
:108CD000BEE600BF1048007818B90D48007800289B
:108CE000F8D00B48007810B1094890F80090484639
:108CF000AEE60000580000202C2C01404C00002063
:108D00009C2900208829002054000020FFFF070034
:108D1000560000205500002057000020006402404B
:108D200000200B490860091D0860091D0860091D25
:108D30000860074924310860091D0860091D0860A2
:108D400004480349383108600020091D0860704755
:108D5000002C0140FF07C00070B5044600250A48FA
:108D60000460072008494860402088600020C860EF
:108D70004FF4806008610846FFF752F80720F8F7C3
:108D80004FF80546284670BD88290020014600207E
:108D9000012900D011B9024B197000E0262070475C
:108DA000540000202DE9FF5F86B017469846149DB9
:108DB00000260020059004900024814603908246FE
:108DC00002900195DDF818B0DDF818B0BBF1000F86
:108DD00003D126200AB0BDE8F09F0020C5490860F5
:108DE000C54988604860401E086001204861002035
:108DF000C86008610846FEF795FFBE48183800684D
:108E000000F0007008B10E20E4E7BC4800780228AA
:108E100005D10502780A40EAC8574FEA6828002DB4
:108E20001FDDB5F5006F1CDC681E2840C8B9284658
:108E30000BF04CFC0590B24805601020B04948602A
:108E4000402088600020C8604FF4806008610846B8
:108E5000FEF7E6FF1020F7F7E3FF06461EB13046A7
:108E6000B8E72620B6E7A74800880004A4490860B0
:108E70000D204860402088600020C8604FF480606A
:108E800008610846FEF7CCFF0D20F7F7C9FF06463C
:108E90000EB130469EE797481838006803904FF0AF
:108EA000FF341CE0641E9748008800049449086061
:108EB0000D204860402088600020C8604FF480602A
:108EC00008610846FEF7ACFF0D20F7F7A9FF06463C
:108ED0000EB130467EE78748183800680390039843
:108EE00000F4807008B9002CDCD10CB9292071E79E
:108EF000834807601820824948604020886000202D
:108F0000C8604FF4806008610846FEF789FF1820AA
:108F1000F7F786FF06460EB130465BE700207A4938
:108F200008700598000174498860084645604FF054
:108F3000FF300860012048610020C86008610846D1
:108F4000FEF7F0FE4FF0FF347048007800287ED125
:108F5000F7F793F945E067480830006800F480406F
:108F6000D0B30198A0EB0900202822D20198A0EBF1
:108F7000090000F0030020B90198A0EB0900800867
:108F800004E00198A0EB09008008401C02904FF01B
:108F9000000A0AE057495431DBF8000008600AF182
:108FA000010A0BF1040B09F1040902988245F1D37F
:108FB00010E04FF0000A06E05BF82A004D495431FA
:108FC00008600AF1010ABAF1080FF5D30BF1200B82
:108FD00009F120094E4C04E0FFE70CB90420F9E642
:108FE000641E44480830006840F21A6108400028B6
:108FF000B1D00820FEF7C2FE20B10820FEF770FEB7
:109000000420E7E60220FEF7B9FE20B10220FEF7B9
:1090100067FE0220DEE61020FEF7B0FE20B1102031
:10902000FEF75EFE0520D5E64FF40070FEF7A6FEC3
:1090300030B14FF40070FEF753FE0720CAE606E099
:10904000F7F71DF940F2FF50FEF74AFE3AE02F48CD
:109050000078012836D100202E4908702A4908706E
:109060002D490870012140F21A30FEF7ABFE402274
:1090700029460698FEF7F0FE0120FEF74DFE00E0BF
:10908000641E2648006800F0006008B9002CF7D183
:109090001CB9FFF7F3F804209CE64FF0FF3400E022
:1090A000641E1D48007820B91A48007808B9002CC1
:1090B000F6D10CB904208DE61648007810B1154899
:1090C000007887E640F2FF50FEF70AFE04A8FBF79F
:1090D0006FFC064603E004A8FBF76AFC06463EB9AF
:1090E0009DF810000728F6D09DF810000628F2D051
:1090F00030466FE62C2C01409C2900204C000020BB
:109100008829002050000020550000205400002035
:10911000FFFF0700560000205700002000640240B7
:109120002DE9FE4F06468946924600200290002512
:109130004C462148007818B1680240EAD4556402D0
:1091400006F00300F0B14FF0000B18E04FF400728E
:1091500031461A48F7F7B6F94FF4007000904FEA1D
:109160004B20071945EBE0733A461448FFF71AFE07
:10917000029006F500760BF1010000F0FF0BD345DD
:10918000E4DB16E0BAF1010F09D14FF4007022467A
:109190002B4600903046FFF705FE029009E04FF4A1
:1091A000007022462B46CDE9000A304600F008F850
:1091B00002900298BDE8FE8F4C000020302A00206B
:1091C0002DE9FF5F84B0DDE91247002600200390FF
:1091D0000290002580468146019007FB04FBDDF8E4
:1091E00010A0DDF810A0BAF1000F03D1262008B0BE
:1091F000BDE8F09F0020D8490860D84988604860E1
:10920000401E0860012048610020C86008610846CF
:10921000FEF788FDD0481838006800F0007008B1EB
:109220000E20E4E7CE480078022808D10402DDE9E8
:109230000601400A40EAC1504912CDE90601002C5E
:109240001FDDB4F5006F1CDC601E2040C8B920464D
:109250000BF03CFA0390C34804601020C1494860F9
:10926000402088600020C8604FF480600861084694
:10927000FEF7D6FD1020F7F7D3FD06461EB13046A7
:10928000B5E72620B3E7012F6FD907FB04F0B0F153
:10929000007F01D32620AAE7B148007838B1B04852
:1092A0000078012803D0AE48007802282DD1AE48BE
:1092B00000880004AB49086037204860402088607F
:1092C0000020C8604FF4806008610846FEF7A8FDE2
:1092D0003720F7F7A5FD06460EB1304687E7A148CF
:1092E000076017209F494860402088600020C860C0
:1092F0004FF4806008610846FEF792FD1720F7F7EB
:109300008FFD06460EB1304671E796490698086013
:1093100019204860402088600020C8604FF48060B9
:1093200008610846FEF77CFD1920F7F779FD06462F
:109330000EB130465BE7039800018849886007FB5F
:1093400004F048604FF0FF300860012048610020C1
:10935000C86008610846FEF7E5FC844800780028EC
:1093600074D1451EF6F789FF42E0DDE07A48083007
:10937000006800F48040B0B3ABEB080020281FD297
:10938000ABEB080000F0030018B9ABEB0800800855
:1093900003E0ABEB08008008401C01904FF000098F
:1093A0000AE06D495431DAF80000086009F101095A
:1093B0000AF1040A08F1040801988145F1D310E08C
:1093C0004FF0000906E05AF829006349543108605B
:1093D00009F10109B9F1080FF5D30AF1200A08F1E2
:1093E0002008634D04E0FFE70DB90420FFE66D1E81
:1093F00059480830006840F21A3108400028B5D0BA
:109400000820FEF7BBFC20B10820FEF769FC042011
:10941000EDE60220FEF7B2FC20B10220FEF760FC70
:109420000220E4E61020FEF7A9FC20B11020FEF790
:1094300057FC0520DBE64FF40070FEF79FFC30B1CF
:109440004FF40070FEF74CFC0720D0E62CE04FF400
:109450008070FEF793FC00B34148007838B1404873
:109460000078012803D03E480078022815D100205A
:109470003C4908600C204860402088600020C8609B
:109480004FF4806008610846FEF7CAFC0C20F7F72D
:10949000C7FC06460EB13046A9E6F6F7F0FE40F2EC
:1094A000FF50FEF71DFC3FE03048007801283BD11B
:1094B00000203049087001202F49087000202F49F2
:1094C0000870012140F21A30FEF77CFC07FB04F122
:1094D00040220498FEF7C0FC0120FEF71DFC4FF06F
:1094E000FF3500E06D1E2648006800F0006008B9F6
:1094F000002DF7D11DB9FEF7C1FE042077E64FF02D
:10950000FF3500E06D1E1D48007820B9194800782D
:1095100008B9002DF6D10DB9042068E61548007889
:1095200010B11448007862E640F2FF50FEF7D8FB15
:1095300002A8FBF73DFA064603E002A8FBF738FA5B
:1095400006463EB99DF808000728F6D09DF80800A9
:109550000628F2D030464AE62C2C01409C290020F7
:109560004C000020882900205000002054000020DA
:10957000FFFF070056000020550000205700002084
:109580000064024000B587B001210846FEF766FA84
:1095900001210803FEF782FA3820059002208DF899
:1095A000180000208DF81A0003208DF81900012002
:1095B0008DF81B0005A92248F8F700F905220321C0
:1095C0001F48F8F743F9052204211D48F8F73EF932
:1095D000052211461A48F8F739F901210803FEF768
:1095E0006DFA00214FF48050FEF768FA0020ADF8C4
:1095F00000004FF48270ADF802000020ADF80400C6
:109600000220ADF806000120ADF808004002ADF8D8
:109610000A003820ADF80C000020ADF80E0007203D
:10962000ADF810006946074800F058F801210548D8
:1096300000F03AF8FF2000F007F807B000BD000086
:10964000000402400030014010B5044600BF022172
:109650000A4800F035F80028F9D02146074800F004
:109660003BF800BF0121054800F02AF80028F9D096
:10967000024800F02EF8C0B210BD000000300140DA
:1096800010B50446074800884FF6C77108400549E1
:10969000088008460088204308800121014800F026
:1096A00003F810BD0030014021B1028842F04002B1
:1096B000028004E002884FF6BF731A4002807047B0
:1096C0000246002013890B400BB1012000E000206E
:1096D00070470146888970478181704710B5002224
:1096E000028802F441520B884C8823438C88234320
:1096F000CC8823430C8923434C8923438C892343FF
:10970000CC8923431A430280838B4FF2FF7423409A
:1097100083830B8A038210BD704700000CB50020C4
:10972000019000903448006840F48030324908606D
:1097300000BF3148006800F4003000900198401CE0
:109740000190009818B90198B0F5A04FF1D12A48BE
:10975000006800F4003010B10120009001E000200A
:1097600000900098012846D123484030006840F01E
:1097700080502149403108602048006840F4404052
:109780001E4908601C48083000681B490831086001
:109790000846006840F4004008600846006840F44D
:1097A000A05008601648091F0860081F006840F0B4
:1097B0008070091F086000BF0F48006800F000704B
:1097C0000028F9D040F205700E4908600A480830B8
:1097D000006820F003000849083108600846006866
:1097E00040F00200086000BF03480830006800F045
:1097F0000C000828F8D10CBD003802400070004071
:1098000008544007003C0240042808D14FF0E021F2
:10981000096941F004014FF0E022116107E04FF0C7
:10982000E021096921F004014FF0E0221161704745
:1098300010B5FCF7DDFEFDF741FCFCF7EBFE10BDBB
:1098400010B51548006840F47000134908601348CB
:10985000006840F001001149086000200F490831FC
:1098600008600E4800680E4908400C4908600D4821
:10987000091D0860081F006820F48020091F086087
:10988000002006490C310860FFF748FF4FF00060E8
:1098900001498039086010BD88ED00E000380240C1
:1098A000FFFFF6FE1030002400B5A1B0002020908C
:1098B00001217A20FEF7D2F801210846FEF7DEF8F2
:1098C00002201E9001208DF87C0000208DF87E0083
:1098D00002208DF87D0001208DF87F001EA9FE4832
:1098E000F7F76CFF4EF2B3701E9002208DF87C00EB
:1098F00000208DF87E0003208DF87D0001208DF87A
:109900007F001EA9F548F7F759FF4FF680701E90AB
:1099100002208DF87C0000208DF87E0003208DF859
:109920007D0001208DF87F001EA9ED48F7F746FF66
:109930000C220021E948F7F789FF0C220121E748B2
:10994000F7F784FF0C220421E448F7F77FFF0C228D
:109950000521E248F7F77AFF0C220721DF48F7F7E5
:1099600075FF0C220821DD48F7F770FF0C22092152
:10997000DA48F7F76BFF0C220A21D848F7F766FFA1
:109980000C220D21D548F7F761FF0C220E21D34898
:10999000F7F75CFF0C220F21D048F7F757FF0C2296
:1099A0000721CF48F7F752FF0C220821CC48F7F7E0
:1099B0004DFF0C220921CA48F7F748FF0C220A2163
:1099C000C748F7F743FF0C220B21C548F7F73EFFC6
:1099D0000C221146C248F7F739FF0C220D21C0486E
:1099E000F7F734FF0C220E21BD48F7F72FFF0C22AA
:1099F0000F21BB48F7F72AFF0F200890002009909D
:109A000018200A9000200B900C900D900E900820CA
:109A100001900020029008200390002004900590FF
:109A2000069007900F901090119010201290002037
:109A3000139014901590169017904FF48050189032
:109A4000002019904FF480401A9000201B9008A825
:109A50001C9001A81D900FA8F7F710FC0121002011
:109A6000F7F7F2FB32200AF065FE01210020FCF737
:109A700031FB32200AF05EFE0020FBF7EBFE994935
:109A8000888008468088FF280ADB084680884FF6D1
:109A9000FF71884204D093488088B0F5134F7CD181
:109AA000D320FCF701FBFBF755FD8E498880FBF7BF
:109AB00051FD8C498880FBF74DFD8A498880084616
:109AC00080884FF6FF7101EA002086498880FBF705
:109AD00041FD8449898808438249888008468088F6
:109AE00049F24131884278D0BF20FCF7DDFAFBF71C
:109AF00031FD7C498880FBF72DFD7A498880FBF792
:109B000029FD78498880FBF725FD7649888008463D
:109B100080884FF6FF7101EA002072498880FBF7C8
:109B200019FD7049898808436E49888008468088F5
:109B300046F60401884250D0D420FCF7B5FAFBF772
:109B400009FD68498880FBF705FD66498880FBF7B9
:109B500001FD64498880084680884FF6FF7101EA5C
:109B6000002060498880FBF7F5FC5E49898808433E
:109B70005C4988800846808845F2103188422CD0A4
:109B80004FF45A40FCF790FAFBF7E4FC5549888003
:109B90004FF45B40FCF788FA00E01EE0FBF7DAFCCC
:109BA00050498880084680884FF6FF7101EA0020FE
:109BB0004C4988804FF45C40FCF776FAFBF7CAFC0E
:109BC0004849898808434749888008468088B0F515
:109BD000004F02D145F2105088804248808849F2F7
:109BE000413188420BD03F48808845F2103188428D
:109BF00005D03C48808845F21051884208D10320A6
:109C000001900220039001210620F7F71DFB13E0CD
:109C10003448808846F60401884205D0314880885F
:109C20004CF20551884207D10A2001900C20039084
:109C300001210620F7F708FB2A4881882AA0F6F7B9
:109C4000A9FB2848808849F2413188427DD1CF2044
:109C5000FCF72AFA0020FCF71BFA2098401C209001
:109C6000C120FCF715FA3020FCF712FAED20FCF7C2
:109C70001BFA6420FCF70CFA0320FCF709FA122007
:109C8000FCF706FA8120FCF703FAE820FCF70CFA4F
:109C90008520FCF7FDF91020FCF7FAF97A20FCF793
:109CA000F7F9CB20FCF700FA3920FCF7F1F92C206A
:109CB000FCF7EEF90020FCF7EBF93420FCF7E8F9AB
:109CC0000220FCF7E5F9F720FCF7EEF92020FCF77D
:109CD000DFF9EA200EE0000000040240000C024020
:109CE000001002405C2900204C43442049443A259E
:109CF000780D0A00FCF7D8F90020FCF7C9F900201C
:109D0000FCF7C6F9C020FCF7CFF91B20FCF7C0F91F
:109D1000C120FCF7C9F90120FCF7BAF9C520FCF70E
:109D2000C3F93020FCF7B4F93020FCF7B1F9C720B3
:109D3000FCF7BAF9B720FCF7ABF93620FCF7B4F919
:109D40004820FCF7A5F93A2000E0ABE0FCF7ACF9BD
:109D50005520FCF79DF9B120FCF7A6F90020FCF78F
:109D600097F91A20FCF794F9B620FCF79DF90A2020
:109D7000FCF78EF9A220FCF78BF9F220FCF794F99E
:109D80000020FCF785F92620FCF78EF90120FCF76E
:109D90007FF9E020FCF788F90F20FCF779F92A20F9
:109DA000FCF776F92820FCF773F90820FCF770F926
:109DB0000E20FCF76DF90820FCF76AF95420FCF737
:109DC00067F9A920FCF764F94320FCF761F90A2040
:109DD000FCF75EF90F20FCF75BF90020FCF758F95F
:109DE0000020FCF755F90020FCF752F90020FCF7A1
:109DF0004FF9E120FCF758F90020FCF749F915204C
:109E0000FCF746F91720FCF743F90720FCF740F967
:109E10001120FCF73DF90620FCF73AF92B20FCF75E
:109E200037F95620FCF734F93C20FCF731F90520CE
:109E3000FCF72EF91020FCF72BF90F20FCF728F97E
:109E40003F20FCF725F93F20FCF722F90F20FCF713
:109E50001FF92B20FCF728F90020FCF719F9002046
:109E6000FCF716F90120FCF713F93F20FCF710F975
:109E70002A20FCF719F90020FCF70AF90020FCF76A
:109E800007F90020FCF704F9EF20FCF701F9112095
:109E9000FCF70AF978200AF04DFC2920FCF704F9B8
:109EA00003F05CB8FE48808846F6040188427CD105
:109EB0001120FCF7F9F814200AF03CFCD020FCF744
:109EC000F3F80720FCF7E4F84220FCF7E1F81D2046
:109ED000FCF7DEF8D120FCF7E7F80020FCF7D8F813
:109EE0001A20FCF7D5F80920FCF7D2F8D220FCF7AD
:109EF000DBF80120FCF7CCF82220FCF7C9F8C020E1
:109F0000FCF7D2F81020FCF7C3F83B20FCF7C0F8B0
:109F10000020FCF7BDF80220FCF7BAF81120FCF78E
:109F2000B7F8C520FCF7C0F80320FCF7B1F8C8204B
:109F3000FCF7BAF80020FCF7ABF82520FCF7A8F8EE
:109F40002120FCF7A5F80520FCF7A2F80020FCF77B
:109F50009FF80A20FCF79CF86520FCF799F825206B
:109F6000FCF796F87720FCF793F85020FCF790F870
:109F70000F20FCF78DF80020FCF78AF8F820FCF79A
:109F800093F80120FCF784F8FE20FCF78DF8002000
:109F9000FCF77EF80220FCF77BF82020FCF784F821
:109FA0003620FCF781F8082000E02CE0FCF770F880
:109FB0003A20FCF779F85520FCF76AF82B20FCF7DB
:109FC00073F80020FCF764F80020FCF761F801202A
:109FD000FCF75EF83F20FCF75BF82A20FCF764F8FA
:109FE0000020FCF755F80020FCF752F80120FCF7A0
:109FF0004FF8DF20FCF74CF878200AF09BFB292073
:10A00000FCF752F84CE7A648808845F210318842A8
:10A0100040F07C87ED20FCF747F80120FCF738F88A
:10A02000FE20FCF735F8EE20FCF73EF8DE20FCF7CA
:10A030002FF82120FCF72CF8F120FCF735F801204F
:10A04000FCF726F8DF20FCF72FF81020FCF720F8AB
:10A05000C420FCF729F88F20FCF71AF8C620FCF77B
:10A0600023F80020FCF714F8E220FCF711F8E220B6
:10A07000FCF70EF8E220FCF70BF8BF20FCF714F811
:10A08000AA20FCF705F8B020FCF70EF80D20FBF72E
:10A09000FFFF0020FBF7FCFF0D20FBF7F9FF00207E
:10A0A000FBF7F6FF1120FBF7F3FF0020FBF7F0FFB3
:10A0B0001920FBF7EDFF0020FBF7EAFF2120FBF75B
:10A0C000E7FF0020FBF7E4FF2D20FBF7E1FF002076
:10A0D000FBF7DEFF3D20FBF7DBFF0020FBF7D8FF9F
:10A0E0005D20FBF7D5FF0020FBF7D2FF5D20FBF7DB
:10A0F000CFFF0020FBF7CCFFB120FBF7D5FF80207E
:10A10000FBF7C6FF0020FBF7C3FF8B20FBF7C0FF68
:10A110000020FBF7BDFF9620FBF7BAFF0020FBF7FE
:10A12000B7FFB220FBF7C0FF0020FBF7B1FF002014
:10A13000FBF7AEFF0220FBF7ABFF0020FBF7A8FF09
:10A140000320FBF7A5FF0020FBF7A2FFB320FBF7DE
:10A15000ABFF0020FBF79CFF0020FBF799FF0020DE
:10A16000FBF796FF0020FBF793FF0020FBF790FF23
:10A170000020FBF78DFF0020FBF78AFF0020FBF794
:10A1800087FF0020FBF784FF0020FBF781FF002002
:10A19000FBF77EFF0020FBF77BFF0020FBF778FF3B
:10A1A0000020FBF775FF0020FBF772FF0020FBF794
:10A1B0006FFF0020FBF76CFF0020FBF769FF00201A
:10A1C000FBF766FF0020FBF763FF0020FBF760FF53
:10A1D0000020FBF75DFF0020FBF75AFF0020FBF794
:10A1E00057FFB420FBF760FF8B20FBF751FF0020E7
:10A1F000FBF74EFF9620FBF74BFF0020FBF748FFD5
:10A20000A120FBF745FF0020FBF742FFB520FBF73D
:10A210004BFF0220FBF73CFF0020FBF739FF032038
:10A22000FBF736FF0020FBF733FF0420FBF730FF7E
:10A230000020FBF72DFFB620FBF736FF0020FBF7D1
:10A2400027FF0020FBF724FFB720FBF72DFF00209E
:10A25000FBF71EFF0020FBF71BFF3F20FBF718FF5B
:10A260000020FBF715FF5E20FBF712FF0020FBF735
:10A270000FFF6420FBF70CFF0020FBF709FF8C2089
:10A28000FBF706FF0020FBF703FFAC20FBF700FF06
:10A290000020FBF7FDFEDC20FBF7FAFE002001E0CA
:10A2A0005C290020FBF7F4FE7020FBF7F1FE002094
:10A2B000FBF7EEFE9020FBF7EBFE0020FBF7E8FE3D
:10A2C000EB20FBF7E5FE0020FBF7E2FEDC20FBF7CE
:10A2D000DFFE0020FBF7DCFEB820FBF7E5FE0020E8
:10A2E000FBF7D6FE0020FBF7D3FE0020FBF7D0FEE5
:10A2F0000020FBF7CDFE0020FBF7CAFE0020FBF795
:10A30000C7FE0020FBF7C4FE0020FBF7C1FEBA2009
:10A31000FBF7CAFE2420FBF7BBFE0020FBF7B8FECC
:10A320000020FBF7B5FE0020FBF7B2FEC120FBF7D3
:10A33000BBFE2020FBF7ACFE0020FBF7A9FE54205B
:10A34000FBF7A6FE0020FBF7A3FEFF20FBF7A0FE15
:10A350000020FBF79DFEC220FBF7A6FE0A20FBF7BC
:10A3600097FE0020FBF794FE0420FBF791FE0020EF
:10A37000FBF78EFEC320FBF797FE3C20FBF788FE21
:10A380000020FBF785FE3A20FBF782FE0020FBF75A
:10A390007FFE3920FBF77CFE0020FBF779FE37209B
:10A3A000FBF776FE0020FBF773FE3C20FBF770FE08
:10A3B0000020FBF76DFE3620FBF76AFE0020FBF75E
:10A3C00067FE3220FBF764FE0020FBF761FE2F20C2
:10A3D000FBF75EFE0020FBF75BFE2C20FBF758FE30
:10A3E0000020FBF755FE2920FBF752FE0020FBF76B
:10A3F0004FFE2620FBF74CFE0020FBF749FE2420F1
:10A40000FBF746FE0020FBF743FE2420FBF740FE4F
:10A410000020FBF73DFE2320FBF73AFE0020FBF770
:10A4200037FE3C20FBF734FE0020FBF731FE3620E0
:10A43000FBF72EFE0020FBF72BFE3220FBF728FE59
:10A440000020FBF725FE2F20FBF722FE0020FBF764
:10A450001FFE2C20FBF71CFE0020FBF719FE292015
:10A46000FBF716FE0020FBF713FE2620FBF710FE7D
:10A470000020FBF70DFE2420FBF70AFE0020FBF76F
:10A4800007FE2420FBF704FE0020FBF701FE23203B
:10A49000FBF7FEFD0020FBF7FBFDC420FBF704FEED
:10A4A0006220FBF7F5FD0020FBF7F2FD0520FBF72E
:10A4B000EFFD0020FBF7ECFD8420FBF7E9FD002019
:10A4C000FBF7E6FDF020FBF7E3FD0020FBF7E0FDE6
:10A4D0001820FBF7DDFD0020FBF7DAFDA420FBF7D9
:10A4E000D7FD0020FBF7D4FD1820FBF7D1FD00209D
:10A4F000FBF7CEFD5020FBF7CBFD0020FBF7C8FD9E
:10A500000C20FBF7C5FD0020FBF7C2FD1720FBF771
:10A51000BFFD0020FBF7BCFD9520FBF7B9FD002037
:10A52000FBF7B6FDF320FBF7B3FD0020FBF7B0FD12
:10A53000E620FBF7ADFD0020FBF7AAFDC520FBF7E9
:10A54000B3FD3220FBF7A4FD0020FBF7A1FD442062
:10A55000FBF79EFD0020FBF79BFD6520FBF798FDB8
:10A560000020FBF795FD7620FBF792FD0020FBF71E
:10A570008FFD8820FBF78CFD0020FBF789FDC620AE
:10A58000FBF792FD2020FBF783FD0020FBF780FD09
:10A590001720FBF77DFD0020FBF77AFD0120FBF77C
:10A5A00077FD0020FBF774FDC720FBF77DFD002041
:10A5B000FBF76EFD0020FBF76BFD0020FBF768FD4D
:10A5C0000020FBF765FDC820FBF76EFD0020FBF7C0
:10A5D0005FFD0020FBF75CFD0020FBF759FD00202C
:10A5E000FBF756FDC920FBF75FFD0020FBF750FD90
:10A5F0000020FBF74DFD0020FBF74AFD0020FBF794
:10A6000047FD0020FBF744FD0020FBF741FD002043
:10A61000FBF73EFD0020FBF73BFD0020FBF738FD7C
:10A620000020FBF735FD0020FBF732FD0020FBF793
:10A630002FFD0020FBF72CFD0020FBF729FD00205B
:10A64000FBF726FD0020FBF723FDE020FBF72CFDA8
:10A650001620FBF71DFD0020FBF71AFD1C20FBF761
:10A6600017FD0020FBF714FD2120FBF711FD002052
:10A67000FBF70EFD3620FBF70BFD0020FBF708FD76
:10A680004620FBF705FD0020FBF702FD5220FBF7FB
:10A69000FFFC0020FBF7FCFC6420FBF7F9FC00202A
:10A6A000FBF7F6FC7A20FBF7F3FC0020FBF7F0FC4D
:10A6B0008B20FBF7EDFC0020FBF7EAFC9920FBF771
:10A6C000E7FC0020FBF7E4FCA820FBF7E1FC0020FE
:10A6D000FBF7DEFCB920FBF7DBFC0020FBF7D8FC26
:10A6E000C420FBF7D5FC0020FBF7D2FCCA20FBF707
:10A6F000CFFC0020FBF7CCFCD220FBF7C9FC0020EC
:10A70000FBF7C6FCD920FBF7C3FC0020FBF7C0FC1D
:10A71000E020FBF7BDFC0020FBF7BAFCF320FBF7C1
:10A72000B7FC0020FBF7B4FCE120FBF7BDFC1620D2
:10A73000FBF7AEFC0020FBF7ABFC1C20FBF7A8FCF2
:10A740000020FBF7A5FC2220FBF7A2FC0020FBF772
:10A750009FFC3620FBF79CFC0020FBF799FC452072
:10A76000FBF796FC0020FBF793FC5220FBF790FCD4
:10A770000020FBF78DFC6420FBF78AFC0020FBF730
:10A7800087FC7A20FBF784FC0020FBF781FC8B2000
:10A79000FBF77EFC0020FBF77BFC9920FBF778FCA5
:10A7A0000020FBF775FCA820FBF772FC0020FBF7EC
:10A7B0006FFCB920FBF76CFC0020FBF769FCC420A0
:10A7C000FBF766FC0020FBF763FCCA20FBF760FC8C
:10A7D0000020FBF75DFCD220FBF75AFC0020FBF7C2
:10A7E00057FCD820FBF754FC0020FBF751FCE0207D
:10A7F000FBF74EFC0020FBF74BFCF320FBF748FC7B
:10A800000020FBF745FCE220FBF74EFC0520FBF7A0
:10A810003FFC0020FBF73CFC0B20FBF739FC002041
:10A82000FBF736FC1B20FBF733FC0020FBF730FC6A
:10A830003420FBF72DFC0020FBF72AFC4420FBF71B
:10A8400027FC0020FBF724FC4F20FBF721FC002015
:10A85000FBF71EFC6120FBF71BFC0020FBF718FC3C
:10A860007920FBF715FC0020FBF712FC8820FBF792
:10A870000FFC0020FBF70CFC9720FBF709FC0020E5
:10A88000FBF706FCA620FBF703FC0020FBF700FC0F
:10A89000B720FBF7FDFB0020FBF7FAFBC220FBF71C
:10A8A000F7FB0020FBF7F4FBC720FBF7F1FB0020D0
:10A8B000FBF7EEFBD120FBF7EBFB0020FBF7E8FBFF
:10A8C000D620FBF7E5FB0020FBF7E2FBDD20FBF7E2
:10A8D000DFFB0020FBF7DCFBF320FBF7D9FB0020BC
:10A8E000FBF7D6FBE320FBF7DFFB0520FBF7D0FBF4
:10A8F0000020FBF7CDFB0A20FBF7CAFB0020FBF78B
:10A90000C7FB1C20FBF7C4FB0020FBF7C1FB332077
:10A91000FBF7BEFB0020FBF7BBFB4420FBF7B8FBBB
:10A920000020FBF7B5FB5020FBF7B2FB0020FBF744
:10A93000AFFB6220FBF7ACFB0020FBF7A9FB782004
:10A94000FBF7A6FB0020FBF7A3FB8820FBF7A0FB8F
:10A950000020FBF79DFB9720FBF79AFB0020FBF7FD
:10A9600097FBA620FBF794FB0020FBF791FBB72099
:10A97000FBF78EFB0020FBF78BFBC220FBF788FB6D
:10A980000020FBF785FBC720FBF782FB0020FBF7CD
:10A990007FFBD120FBF77CFB0020FBF779FBD52068
:10A9A000FBF776FB0020FBF773FBDD20FBF770FB6A
:10A9B0000020FBF76DFBF320FBF76AFB0020FBF7A1
:10A9C00067FBE420FBF770FB0120FBF761FB002035
:10A9D000FBF75EFB0120FBF75BFB0020FBF758FB5E
:10A9E0000220FBF755FB0020FBF752FB2A20FBF768
:10A9F0004FFB0020FBF74CFB3C20FBF749FB002002
:10AA0000FBF746FB4B20FBF743FB0020FBF740FB2B
:10AA10005D20FBF73DFB0020FBF73AFB7420FBF7C2
:10AA200037FB0020FBF734FB8420FBF731FB0020D1
:10AA3000FBF72EFB9320FBF72BFB0020FBF728FBFB
:10AA4000A220FBF725FB0020FBF722FBB320FBF73E
:10AA50001FFB0020FBF71CFBBE20FBF719FB0020AF
:10AA6000FBF716FBC420FBF713FB0020FBF710FBE2
:10AA7000CD20FBF70DFB0020FBF70AFBD320FBF7F3
:10AA800007FB0020FBF704FBDD20FBF701FB0020A8
:10AA9000FBF7FEFAF320FBF7FBFA0020FBF7F8FACE
:10AAA000E520FBF701FB0020FBF7F2FA0020FBF7A3
:10AAB000EFFA0020FBF7ECFA0020FBF7E9FA02209E
:10AAC000FBF7E6FA0020FBF7E3FA2920FBF7E0FAB0
:10AAD0000020FBF7DDFA3C20FBF7DAFA0020FBF759
:10AAE000D7FA4B20FBF7D4FA0020FBF7D1FA5D2010
:10AAF000FBF7CEFA0020FBF7CBFA7420FBF7C8FA7D
:10AB00000020FBF7C5FA8420FBF7C2FA0020FBF710
:10AB1000BFFA9320FBF7BCFA0020FBF7B9FAA2209A
:10AB2000FBF7B6FA0020FBF7B3FAB320FBF7B0FA55
:10AB30000020FBF7ADFABE20FBF7AAFA0020FBF7D6
:10AB4000A7FAC420FBF7A4FA0020FBF7A1FACD2056
:10AB5000FBF79EFA0020FBF79BFAD320FBF798FA4D
:10AB60000020FBF795FADC20FBF792FA0020FBF7B8
:10AB70008FFAF320FBF78CFA0020FBF789FAE62026
:10AB8000FBF792FA1120FBF783FA0020FBF780FA1B
:10AB90003420FBF77DFA0020FBF77AFA5620FBF70A
:10ABA00077FA0020FBF774FA7620FBF771FA0020A1
:10ABB000FBF76EFA7720FBF76BFA0020FBF768FAD9
:10ABC0006620FBF765FA0020FBF762FA8820FBF7A6
:10ABD0005FFA0020FBF75CFA9920FBF759FA002096
:10ABE000FBF756FABB20FBF753FA0020FBF750FAAD
:10ABF0009920FBF74DFA0020FBF74AFA6620FBF795
:10AC000047FA0020FBF744FA5520FBF741FA0020F1
:10AC1000FBF73EFA5520FBF73BFA0020FBF738FA2A
:10AC20004520FBF735FA0020FBF732FA4320FBF70B
:10AC30002FFA0020FBF72CFA4420FBF729FA00201A
:10AC4000FBF726FAE720FBF72FFA3220FBF720FA72
:10AC50000020FBF71DFA5520FBF71AFA0020FBF73E
:10AC600017FA7620FBF714FA0020FBF711FA66209A
:10AC7000FBF70EFA0020FBF70BFA6720FBF708FA48
:10AC80000020FBF705FA6720FBF702FA0020FBF72C
:10AC9000FFF98720FBF7FCF90020FBF7F9F9992071
:10ACA000FBF7F6F90020FBF7F3F9BB20FBF7F0F90F
:10ACB0000020FBF7EDF99920FBF7EAF90020FBF7FC
:10ACC000E7F97720FBF7E4F90020FBF7E1F94420EE
:10ACD000FBF7DEF90020FBF7DBF95620FBF7D8F98C
:10ACE0000020FBF7D5F92320FBF7D2F90020FBF772
:10ACF000CFF93320FBF7CCF90020FBF7C9F9452049
:10AD0000FBF7C6F90020FBF7C3F9E820FBF7CCF905
:10AD10000020FBF7BDF90020FBF7BAF99920FBF7FB
:10AD2000B7F90020FBF7B4F98720FBF7B1F9002051
:10AD3000FBF7AEF98820FBF7ABF90020FBF7A8F989
:10AD40007720FBF7A5F90020FBF7A2F96620FBF7B7
:10AD50009FF90020FBF79CF98820FBF799F9002068
:10AD6000FBF796F9AA20FBF793F90020FBF790F97F
:10AD7000BB20FBF78DF90020FBF78AF99920FBF740
:10AD800087F90020FBF784F96620FBF781F90020A2
:10AD9000FBF77EF95520FBF77BF90020FBF778F9EC
:10ADA0005520FBF775F90020FBF772F94420FBF7FB
:10ADB0006FF90020FBF76CF94420FBF769F90020DC
:10ADC000FBF766F95520FBF763F90020FBF760F904
:10ADD000E920FBF769F9AA20FBF75AF90020FBF7F5
:10ADE00057F90020FBF754F90020FBF751F9002038
:10ADF000FBF75AF9AA20FBF74BF9CF20FBF754F9E0
:10AE00000020FBF745F90020FBF742F90020FBF793
:10AE10003FF90020FBF73CF90020FBF739F900204F
:10AE2000FBF736F90020FBF733F90020FBF730F988
:10AE30000020FBF72DF90020FBF72AF90020FBF793
:10AE400027F90020FBF724F90020FBF721F9002067
:10AE5000FBF71EF90020FBF71BF90020FBF718F9A0
:10AE60000020FBF715F9F020FBF71EF90020FBF797
:10AE70000FF95020FBF70CF90020FBF709F900202F
:10AE8000FBF706F90020FBF703F9F320FBF70CF9B9
:10AE90000020FBF7FDF8F920FBF706F90620FBF789
:10AEA000F7F81020FBF7F4F82920FBF7F1F8002061
:10AEB000FBF7EEF83A20FBF7F7F85520FBF7E8F838
:10AEC0001120FBF7F1F8642009F034FC2920FBF78E
:10AED000EBF83520FBF7E8F80020FBF7D9F8512014
:10AEE000FBF7E2F8FF20FBF7D3F85320FBF7DCF881
:10AEF0002C20FBF7CDF85520FBF7D6F88220FBF786
:10AF0000C7F82C20FBF7D0F802F028B8FE4880885C
:10AF100045F2105188427DD155214FF47040FBF726
:10AF2000D9F8AA214FF20100FBF7D4F852214FF2D1
:10AF30000200FBF7CFF808214FF20300FBF7CAF835
:10AF400001214FF20400FBF7C5F80D214FF430400A
:10AF5000FBF7C0F80D214BF20100FBF7BBF80D2108
:10AF60004BF20200FBF7B6F834214FF43640FBF702
:10AF7000B1F834214BF20160FBF7ACF834214BF20D
:10AF80000260FBF7A7F80D214FF43140FBF7A2F860
:10AF90000D214BF20110FBF79DF80D214BF2021031
:10AFA000FBF798F834214FF43740FBF793F834213E
:10AFB0004BF20170FBF78EF834214BF20270FBF775
:10AFC00089F800214FF43240FBF784F800214BF25E
:10AFD0000120FBF77FF800214BF20220FBF77AF803
:10AFE00024214FF43840FBF775F824214BF601007B
:10AFF000FBF770F824214BF60200FBF76BF80121F8
:10B000004FF43F40FBF766F80F214FF43340FBF756
:10B0100061F800E0FDE30F214BF20130FBF75AF835
:10B020000F214BF20230FBF755F834214FF4394031
:10B03000FBF750F834214BF60110FBF74BF83421A5
:10B040004BF60210FBF746F808214FF43540FBF7AA
:10B0500041F808214BF20150FBF73CF808214BF274
:10B060000250FBF737F803214FF44240FBF732F868
:10B0700024214FF43A40FBF72DF824214BF6012010
:10B08000FBF728F824214BF60220FBF723F80021D8
:10B090004FF43C40FBF71EF878214BF60140FBF7DC
:10B0A00019F800214BF60240FBF714F800214FF489
:10B0B0003D40FBF70FF878214BF60150FBF70AF8FB
:10B0C00000214BF60250FBF705F800214FF43E40FB
:10B0D000FBF700F864214BF60160FAF7FBFF002153
:10B0E0004FF45140FAF7F6FF33214DF20110FAF711
:10B0F000F1FF00214DF20210FAF7ECFF34214DF27E
:10B100000310FAF7E7FF00214DF20410FAF7E2FF0F
:10B110003A214DF20510FAF7DDFF00214DF206103D
:10B12000FAF7D8FF4A214DF20710FAF7D3FF0021B2
:10B130004DF20810FAF7CEFF5C214DF20910FAF734
:10B14000C9FF00214DF20A10FAF7C4FF81214DF228
:10B150000B10FAF7BFFF00214DF20C10FAF7BAFFFF
:10B16000A6214DF20D10FAF7B5FF00214DF20E1099
:10B17000FAF7B0FFE5214DF20F10FAF7ABFF01210E
:10B180004DF21010FAF7A6FF13214DF21110FAF745
:10B19000A1FF01214DF21210FAF79CFF54214DF24C
:10B1A0001310FAF797FF01214DF21410FAF792FFEE
:10B1B00082214DF21510FAF78DFF01214DF2161084
:10B1C000FAF788FFCA214DF21710FAF783FF022120
:10B1D0004DF21810FAF77EFF00214DF21910FAF720
:10B1E00079FF02214DF21A10FAF774FF01214DF296
:10B1F0001B10FAF76FFF02214DF21C10FAF76AFFDD
:10B2000034214DF21D10FAF765FF02214DF21E1098
:10B21000FAF760FF67214DF21F10FAF75BFF02217A
:10B220004DF22010FAF756FF84214DF22110FAF763
:10B2300051FF02214DF22210FAF74CFFA4214DF2EA
:10B240002310FAF747FF02214DF22410FAF742FFCC
:10B25000B7214DF22510FAF73DFF02214DF22610DD
:10B26000FAF738FFCF214DF22710FAF733FF02210A
:10B270004DF22810FAF72EFFDE214DF22910FAF7D1
:10B2800029FF02214DF22A10FAF724FFF2214DF294
:10B290002B10FAF71FFF02214DF22C10FAF71AFFBC
:10B2A000FE214DF22D10FAF715FF03214DF22E105D
:10B2B000FAF710FF10214DF22F10FAF70BFF0321C0
:10B2C0004DF23010FAF706FF33214DF23110FAF744
:10B2D00001FF03214DF23210FAF7FCFE6D214DF211
:10B2E0003310FAF7F7FE00214FF45240FAF7F2FE5E
:10B2F00033214DF20120FAF7EDFE00214DF202203C
:10B30000FAF7E8FE342101E05C2900204DF2032029
:10B31000FAF7E0FE00214DF20420FAF7DBFE3A21B5
:10B320004DF20520FAF7D6FE00214DF20620FAF77D
:10B33000D1FE4A214DF20720FAF7CCFE00214DF252
:10B340000820FAF7C7FE5C214DF20920FAF7C2FE89
:10B3500000214DF20A20FAF7BDFE81214DF20B20AB
:10B36000FAF7B8FE00214DF20C20FAF7B3FEA62141
:10B370004DF20D20FAF7AEFE00214DF20E20FAF745
:10B38000A9FEE5214DF20F20FAF7A4FE01214DF2AE
:10B390001020FAF79FFE13214DF21120FAF79AFEC2
:10B3A00001214DF21220FAF795FE54214DF213209F
:10B3B000FAF790FE01214DF21420FAF78BFE82215C
:10B3C0004DF21520FAF786FE01214DF21620FAF70C
:10B3D00081FECA214DF21720FAF77CFE02214DF2C0
:10B3E0001820FAF777FE00214DF21920FAF772FEC5
:10B3F00002214DF21A20FAF76DFE01214DF21B20B9
:10B40000FAF768FE02214DF21C20FAF763FE3421A0
:10B410004DF21D20FAF75EFE02214DF21E20FAF7D2
:10B4200059FE67214DF21F20FAF754FE02214DF21A
:10B430002020FAF74FFE84214DF22120FAF74AFE30
:10B4400002214DF22220FAF745FEA4214DF22320DD
:10B45000FAF740FE02214DF22420FAF73BFEB72115
:10B460004DF22520FAF736FE02214DF22620FAF79A
:10B4700031FECF214DF22720FAF72CFE02214DF2AA
:10B480002820FAF727FEDE214DF22920FAF722FEC6
:10B4900002214DF22A20FAF71DFEF2214DF22B2057
:10B4A000FAF718FE02214DF22C20FAF713FEFE21C6
:10B4B0004DF22D20FAF70EFE03214DF22E20FAF761
:10B4C00009FE10214DF22F20FAF704FE03214DF260
:10B4D0003020FAF7FFFD33214DF23120FAF7FAFD63
:10B4E00003214DF23220FAF7F5FD6D214DF23320A4
:10B4F000FAF7F0FD00214FF45340FAF7EBFD33214A
:10B500004DF20130FAF7E6FD00214DF20230FAF774
:10B51000E1FD34214DF20330FAF7DCFD00214DF25C
:10B520000430FAF7D7FD3A214DF20530FAF7D2FD93
:10B5300000214DF20630FAF7CDFD4A214DF20730D9
:10B54000FAF7C8FD00214DF20830FAF7C3FD5C217F
:10B550004DF20930FAF7BEFD00214DF20A30FAF73C
:10B56000B9FD81214DF20B30FAF7B4FD00214DF207
:10B570000C30FAF7AFFDA6214DF20D30FAF7AAFD17
:10B5800000214DF20E30FAF7A5FDE5214DF20F3006
:10B59000FAF7A0FD01214DF21030FAF79BFD1321BF
:10B5A0004DF21130FAF796FD01214DF21230FAF703
:10B5B00091FD54214DF21330FAF78CFD01214DF22B
:10B5C0001430FAF787FD82214DF21530FAF782FD2B
:10B5D00001214DF21630FAF77DFDCA214DF21730E8
:10B5E000FAF778FD02214DF21830FAF773FD0021C9
:10B5F0004DF21930FAF76EFD02214DF21A30FAF7CA
:10B6000069FD01214DF21B30FAF764FD02214DF274
:10B610001C30FAF75FFD34214DF21D30FAF75AFD68
:10B6200002214DF21E30FAF755FD67214DF21F3011
:10B63000FAF750FD02214DF22030FAF74BFD84213C
:10B640004DF22130FAF746FD02214DF22230FAF791
:10B6500041FDA4214DF22330FAF73CFD02214DF2C9
:10B660002430FAF737FDB7214DF22530FAF732FDD5
:10B6700002214DF22630FAF72DFDCF214DF2273071
:10B68000FAF728FD02214DF22830FAF723FDDE21DA
:10B690004DF22930FAF71EFD02214DF22A30FAF759
:10B6A00019FDF2214DF22B30FAF714FD02214DF273
:10B6B0002C30FAF70FFDFE214DF22D30FAF70AFD7E
:10B6C00003214DF22E30FAF705FD10214DF22F30F7
:10B6D000FAF700FD03214DF23030FAF7FBFC33217D
:10B6E0004DF23130FAF7F6FC03214DF23230FAF721
:10B6F000F1FC6D214DF23330FAF7ECFC00214FF4F0
:10B700005440FAF7E7FC33214DF20140FAF7E2FC2E
:10B7100000214DF20240FAF7DDFC34214DF20340E6
:10B72000FAF7D8FC00214DF20440FAF7D3FC3A2195
:10B730004DF20540FAF7CEFC00214DF20640FAF733
:10B74000C9FC4A214DF20740FAF7C4FC00214DF232
:10B750000840FAF7BFFC5C214DF20940FAF7BAFC49
:10B7600000214DF20A40FAF7B5FC81214DF20B4061
:10B77000FAF7B0FC00214DF20C40FAF7ABFCA62121
:10B780004DF20D40FAF7A6FC00214DF20E40FAF7FB
:10B79000A1FCE5214DF20F40FAF79CFC01214DF28E
:10B7A0001040FAF797FC13214DF21140FAF792FC82
:10B7B00001214DF21240FAF78DFC54214DF2134055
:10B7C000FAF788FC01214DF21440FAF783FC82213C
:10B7D0004DF21540FAF77EFC01214DF21640FAF7C2
:10B7E00079FCCA214DF21740FAF774FC02214DF2A0
:10B7F0001840FAF76FFC00214DF21940FAF76AFC85
:10B8000002214DF21A40FAF765FC01214DF21B406E
:10B8100000E006E3FAF75EFC02214DF21C40FAF765
:10B8200059FC34214DF21D40FAF754FC02214DF22F
:10B830001E40FAF74FFC67214DF21F40FAF74AFC11
:10B8400002214DF22040FAF745FC84214DF22140BF
:10B85000FAF740FC02214DF22240FAF73BFCA4210A
:10B860004DF22340FAF736FC02214DF22440FAF75C
:10B8700031FCB7214DF22540FAF72CFC02214DF2A4
:10B880002640FAF727FCCF214DF22740FAF722FC99
:10B8900002214DF22840FAF71DFCDE214DF229402D
:10B8A000FAF718FC02214DF22A40FAF713FCF221B4
:10B8B0004DF22B40FAF70EFC02214DF22C40FAF724
:10B8C00009FCFE214DF22D40FAF704FC03214DF254
:10B8D0002E40FAF7FFFB10214DF22F40FAF7FAFB4A
:10B8E00003214DF23040FAF7F5FB33214DF23140A0
:10B8F000FAF7F0FB03214DF23240FAF7EBFB6D2132
:10B900004DF23340FAF7E6FB00214FF45540FAF7C9
:10B91000E1FB33214DF20150FAF7DCFB00214DF23F
:10B920000250FAF7D7FB34214DF20350FAF7D2FB5D
:10B9300000214DF20450FAF7CDFB3A214DF20550AB
:10B94000FAF7C8FB00214DF20650FAF7C3FB4A2173
:10B950004DF20750FAF7BEFB00214DF20850FAF7FE
:10B96000B9FB5C214DF20950FAF7B4FB00214DF20E
:10B970000A50FAF7AFFB81214DF20B50FAF7AAFB00
:10B9800000214DF20C50FAF7A5FBA6214DF20D5007
:10B99000FAF7A0FB00214DF20E50FAF79BFBE521D0
:10B9A0004DF20F50FAF796FB01214DF21050FAF7C5
:10B9B00091FB13214DF21150FAF78CFB01214DF24E
:10B9C0001250FAF787FB54214DF21350FAF782FB1D
:10B9D00001214DF21450FAF77DFB82214DF21550F2
:10B9E000FAF778FB01214DF21650FAF773FBCA21E2
:10B9F0004DF21750FAF76EFB02214DF21850FAF78C
:10BA000069FB00214DF21950FAF764FB02214DF257
:10BA10001A50FAF75FFB01214DF21B50FAF75AFB5F
:10BA200002214DF21C50FAF755FB34214DF21D5006
:10BA3000FAF750FB02214DF21E50FAF74BFB67213B
:10BA40004DF21F50FAF746FB02214DF22050FAF753
:10BA500041FB84214DF22150FAF73CFB02214DF2CB
:10BA60002250FAF737FBA4214DF22350FAF732FBAC
:10BA700002214DF22450FAF72DFBB7214DF225504B
:10BA8000FAF728FB02214DF22650FAF723FBCF21CB
:10BA90004DF22750FAF71EFB02214DF22850FAF71B
:10BAA00019FBDE214DF22950FAF714FB02214DF269
:10BAB0002A50FAF70FFBF2214DF22B50FAF70AFB4E
:10BAC00002214DF22C50FAF705FBFE214DF22D50CC
:10BAD000FAF700FB03214DF22E50FAF7FBFA102182
:10BAE0004DF22F50FAF7F6FA03214DF23050FAF7E3
:10BAF000F1FA33214DF23150FAF7ECFA03214DF20D
:10BB00003250FAF7E7FA6D214DF23350FAF7E2FAC4
:10BB100000214FF45640FAF7DDFA33214DF201606F
:10BB2000FAF7D8FA00214DF20260FAF7D3FA34217D
:10BB30004DF20360FAF7CEFA00214DF20460FAF7F5
:10BB4000C9FA3A214DF20560FAF7C4FA00214DF224
:10BB50000660FAF7BFFA4A214DF20760FAF7BAFA1F
:10BB600000214DF20860FAF7B5FA5C214DF2096048
:10BB7000FAF7B0FA00214DF20A60FAF7ABFA812128
:10BB80004DF20B60FAF7A6FA00214DF20C60FAF7BD
:10BB9000A1FAA6214DF20D60FAF79CFA00214DF2B0
:10BBA0000E60FAF797FAE5214DF20F60FAF792FA74
:10BBB00001214DF21060FAF78DFA13214DF2116058
:10BBC000FAF788FA01214DF21260FAF783FA54214C
:10BBD0004DF21360FAF77EFA01214DF21460FAF784
:10BBE00079FA82214DF21560FAF774FA01214DF2CB
:10BBF0001660FAF76FFACA214DF21760FAF76AFA7F
:10BC000002214DF21860FAF765FA00214DF2196031
:10BC1000FAF760FA02214DF21A60FAF75BFA012195
:10BC20004DF21B60FAF756FA02214DF21C60FAF74A
:10BC300051FA34214DF21D60FAF74CFA02214DF20F
:10BC40001E60FAF747FA67214DF21F60FAF742FAD1
:10BC500002214DF22060FAF73DFA84214DF2216075
:10BC6000FAF738FA02214DF22260FAF733FAA421EA
:10BC70004DF22360FAF72EFA02214DF22460FAF712
:10BC800029FAB7214DF22560FAF724FA02214DF284
:10BC90002660FAF71FFACF214DF22760FAF71AFA59
:10BCA00002214DF22860FAF715FADE214DF22960E3
:10BCB000FAF710FA02214DF22A60FAF70BFAF22194
:10BCC0004DF22B60FAF706FA02214DF22C60FAF7DA
:10BCD00001FAFE214DF22D60FAF7FCF903214DF235
:10BCE0002E60FAF7F7F910214DF22F60FAF7F2F90A
:10BCF00003214DF23060FAF7EDF933214DF2316056
:10BD0000FAF7E8F903214DF23260FAF7E3F96D2111
:10BD10004DF23360FAF7DEF955214FF47040FAF72F
:10BD2000D9F9AA214FF20100FAF7D4F952214FF2C2
:10BD30000200FAF7CFF908214FF20300FAF7CAF927
:10BD400000214FF20400FAF7C5F9CC214FF431403D
:10BD5000FAF7C0F900214BF20110FAF7BBF90521FF
:10BD60004FF43640FAF7B6F970214FF43740FAF73E
:10BD7000B1F970214BF20170FAF7ACF901214FF4DF
:10BD80003840FAF7A7F903214BF60100FAF7A2F9B8
:10BD900003214BF60200FAF79DF903214BF603004D
:10BDA000FAF798F902214FF43C40FAF793F9002191
:10BDB0004BF60140FAF78EF900214BF60240FAF7F4
:10BDC00089F9D0214FF44940FAF784F902214CF661
:10BDD0000110FAF77FF950214CF60210FAF77AF9C0
:10BDE00050214CF60310FAF775F950214CF6041067
:10BDF000FAF770F900214FF45450FAF76BF9552116
:10BE00004FF46850FAF766F94FF48850FAF74CF996
:10BE1000782008F0B7FC4FF42450FAF745F901F008
:10BE20009DB8FE48808849F2253188427ED147F688
:10BE3000F001E520FAF74EF94FF480710120FAF78E
:10BE400049F94FF4E0610220FAF744F941F2300178
:10BE50000320FAF73FF900210420FAF73BF940F2FA
:10BE600002210820FAF736F900210920FAF732F901
:10BE700000210A20FAF72EF900210C20FAF72AF9FE
:10BE800000210D20FAF726F900210F20FAF722F9F8
:10BE900000211020FAF71EF907211120FAF71AF9EC
:10BEA00000211220FAF716F900211320FAF712F9EF
:10BEB00000210720FAF70EF941F290611020FAF7FD
:10BEC00009F940F227211120FAF704F99D211220E7
:10BED000FAF700F94FF4C8511320FAF7FBF82521BF
:10BEE0002920FAF7F7F80D212B20FAF7F3F80721AC
:10BEF0003020FAF7EFF840F203313120FAF7EAF890
:10BF000003213220FAF7E6F840F206213520FAF74D
:10BF1000E1F808213620FAF7DDF840F20641372033
:10BF2000FAF7D8F84FF44171382000E057E0FAF7FB
:10BF3000D1F807213920FAF7CDF840F202613C2010
:10BF4000FAF7C8F808213D20FAF7C4F8002150207C
:10BF5000FAF7C0F8EF215120FAF7BCF8002152207F
:10BF6000FAF7B8F840F23F115320FAF7B3F84FF45C
:10BF700027416020FAF7AEF801216120FAF7AAF80C
:10BF800000216A20FAF7A6F800218020FAF7A2F82B
:10BF900000218120FAF79EF800218220FAF79AF812
:10BFA00000218320FAF796F800218420FAF792F80E
:10BFB00000218520FAF78EF810219020FAF78AF8F0
:10BFC0004FF4C0619220FAF785F840F23311072050
:10BFD000FAF780F822210020FAF77CF81FE78F4853
:10BFE000808849F2283188427ED141F28F01EC20CD
:10BFF000FAF770F841F23421EF20FAF76BF84FF4BA
:10C0000080710120FAF766F84FF4E0610220FAF738
:10C0100061F841F230010320FAF75CF800210420B6
:10C02000FAF758F840F202210820FAF753F80021F5
:10C030000920FAF74FF800210A20FAF74BF80121FE
:10C040000C20FAF747F800210D20FAF743F80021F9
:10C050000F20FAF73FF800211020FAF73BF80721EC
:10C060001120FAF737F800211220FAF733F80021EF
:10C070001320FAF72FF801210720FAF72BF83220C6
:10C0800008F058FB41F290411020FAF723F840F2F3
:10C0900027211120FAF71EF8322008F04BFB8A21E5
:10C0A0001220FAF717F8322008F044FB4FF4D05171
:10C0B0001320FAF70FF806212920FAF70BF80D21C3
:10C0C0002B20FAF707F8322008F034FB002120205B
:10C0D000FAF700F800212120F9F7FCFF322008F0E0
:10C0E00029FB0021302000E074E0F9F7F3FF40F273
:10C0F00004613120F9F7EEFF40F205313220F9F703
:10C10000E9FF00213520F9F7E5FF40F60941362027
:10C11000F9F7E0FF4FF401713720F9F7DBFF40F248
:10C1200001313820F9F7D6FF40F207713920F9F7CD
:10C13000D1FF00213C20F9F7CDFF40F60A213D2038
:10C14000F9F7C8FF322008F0F5FA00215020F9F77E
:10C15000C1FFEF215120F9F7BDFF00215220F9F76F
:10C16000B9FF40F23F115320F9F7B4FF4FF42741D4
:10C170006020F9F7AFFF01216120F9F7ABFF002143
:10C180006A20F9F7A7FF00218020F9F7A3FF00211B
:10C190008120F9F79FFF00218220F9F79BFF002102
:10C1A0008320F9F797FF00218420F9F793FF0021FE
:10C1B0008520F9F78FFF10219020F9F78BFF4FF4BE
:10C1C000C0619220F9F786FF40F233110720F9F79A
:10C1D00081FF24E61148808849F2203188427DD1D0
:10C1E00000210846F9F776FF4FF480710120F9F736
:10C1F00071FF4FF4E0610220F9F76CFF41F230016A
:10C200000320F9F767FF00210420F9F763FF40F2EC
:10C2100002210820F9F75EFF002101E05C290020DF
:10C220000920F9F757FF00210A20F9F753FF0121F0
:10C230000C20F9F74FFF00210D20F9F74BFF0021EB
:10C240000F20F9F747FF322008F074FA40F201118D
:10C250000720F9F73FFF322008F06CFA4FF48651BF
:10C260001020F9F737FF07211120F9F733FF4FF4BA
:10C2700088711220F9F72EFF4FF430611320F9F77F
:10C2800029FF00212920F9F725FF44F210012B2076
:10C29000F9F720FF00215020F9F71CFFEF21512072
:10C2A000F9F718FF00215220F9F714FF40F23F116F
:10C2B0005320F9F70FFF4FF41C516020F9F70AFFE4
:10C2C00001216120F9F706FF00216A20F9F702FF3A
:10C2D00000218020F9F7FEFE002100E031E08120FE
:10C2E000F9F7F8FE00218220F9F7F4FE00218320FF
:10C2F000F9F7F0FE00218420F9F7ECFE00218520FB
:10C30000F9F7E8FE10219020F9F7E4FE00219220D1
:10C31000F9F7E0FE01219320F9F7DCFE4FF4887174
:10C320009520F9F7D7FE00219720F9F7D3FE0021D9
:10C330009820F9F7CFFE40F273110720F9F7CAFEF3
:10C340006DE5FE48808849F2313188427DD141F265
:10C350001401E720F9F7BEFE4FF480710120F9F7D0
:10C36000B9FE4FF400710220F9F7B4FE41F2380132
:10C370000320F9F7AFFE40F202210820F9F7AAFEE8
:10C3800000210920F9F7A6FE00210A20F9F7A2FEF4
:10C3900000210C20F9F79EFE00210D20F9F79AFEEE
:10C3A00000210F20F9F796FE00211020F9F792FEE8
:10C3B00007211120F9F78EFE00211220F9F78AFEDD
:10C3C00000211320F9F786FEC82008F0B3F941F2E6
:10C3D00090611020F9F77EFE40F227211120F9F735
:10C3E00079FE322008F0A6F90C211220F9F772FE2E
:10C3F000322008F09FF94FF400611320F9F76AFE2C
:10C4000011212920F9F766FE0B212B20F9F762FE96
:10C41000322008F08FF900212020F9F75BFE40F26E
:10C420003F112120F9F756FE00213020F9F752FE86
:10C430004FF483713120F9F74DFE00213220F9F7D6
:10C4400049FE4FF40171352000E064E0F9F742FE47
:10C4500041F20A613620F9F73DFE40F207713720BC
:10C46000F9F738FE4FF483713820F9F733FE40F2C4
:10C4700007713920F9F72EFE40F202413C20F9F70E
:10C4800029FE40F60F413D20F9F724FE00215020FF
:10C49000F9F720FEEF215120F9F71CFE0021522070
:10C4A000F9F718FE40F23F115320F9F713FE4FF44D
:10C4B0001C516020F9F70EFE01216120F9F70AFEF8
:10C4C00000216A20F9F706FE00218020F9F702FE1C
:10C4D00000218120F9F7FEFD00218220F9F7FAFD05
:10C4E00000218320F9F7F6FD00218420F9F7F2FD01
:10C4F00000218520F9F7EEFD10219020F9F7EAFDE3
:10C500004FF4C0619220F9F7E5FD40F233110720A6
:10C51000F9F7E0FD83E48948808845F208418842C4
:10C520007ED14FF480710120F9F7D4FD4FF4E06122
:10C530000220F9F7CFFD41F230010320F9F7CAFDDF
:10C5400000210420F9F7C6FD40F207210820F9F781
:10C55000C1FD00210920F9F7BDFD00210A20F9F7EE
:10C56000B9FD00210C20F9F7B5FD00210D20F9F7E8
:10C57000B1FD00210F20F9F7ADFD142008F0DAF825
:10C5800041F2B0611020F9F7A5FD01211120F9F762
:10C59000A1FD01211720F9F79DFD4FF49C71122098
:10C5A000F9F798FD4FF400611320F9F793FD092185
:10C5B0002920F9F78FFD09212A20F9F78BFD0021A9
:10C5C000A420F9F787FD00215020F9F783FDEF2122
:10C5D0005120F9F77FFD00215220F9F77BFD40F251
:10C5E0003F115320F9F776FD4FF41C516020F9F705
:10C5F00071FD01216120F9F76DFD00216A20F9F735
:10C6000069FD00218020F9F765FD00218120F9F7FF
:10C6100061FD00218220F9F75DFD0021832000E00B
:10C6200023E0F9F757FD00218420F9F753FD00219D
:10C630008520F9F74FFD13219020F9F74BFD0021DC
:10C640009220F9F747FD03219320F9F743FD4FF4BA
:10C6500088719520F9F73EFD40F273110720F9F734
:10C6600039FD322008F066F8B8E43448808841F299
:10C67000055188427ED100210720F9F72BFD322099
:10C6800008F058F84FF48E711220F9F723FD0121BC
:10C69000A420F9F71FFD0F210820F9F71BFD082141
:10C6A0000A20F9F717FD08210D20F9F713FD40F2D4
:10C6B00007713020F9F70EFD07213120F9F70AFD47
:10C6C00040F203613220F9F705FD4FF4E0613320B9
:10C6D000F9F700FD40F202213420F9F7FBFC0221BA
:10C6E0003520F9F7F7FC41F60F713620F9F7F2FC27
:10C6F00040F207713720F9F7EDFC00213820F9F7F7
:10C70000E9FC00213920F9F7E5FC40F207713A20F5
:10C71000F9F7E0FC00213B20F9F7DCFC07213C2085
:10C72000F9F7D8FC00213D20F9F7D4FC322008F0BD
:10C7300001F801210720F9F7CDFC01E05C29002078
:10C7400001211720F9F7C6FC322007F0F3FF4FF460
:10C75000BD511020F9F7BEFC40F217211120F9F766
:10C76000B9FC4FF48F711220F9F7B4FC4FF47061EB
:10C77000132000E097E0F9F7ADFC00212A20F9F73B
:10C78000A9FC0A212920F9F7A5FC4FF49F7112207A
:10C79000F9F7A0FC00215020F9F79CFCEF21512073
:10C7A000F9F798FC00215220F9F794FC40F23F1170
:10C7B0005320F9F78FFC4FF41C516020F9F78AFCE5
:10C7C00001216120F9F786FC00216A20F9F782FC3B
:10C7D00000218020F9F77EFC00218120F9F77AFC06
:10C7E00000218220F9F776FC00218320F9F772FC02
:10C7F00000218420F9F76EFC00218520F9F76AFCFE
:10C8000013219020F9F766FC4FF440719220F9F75C
:10C8100061FC05219320F9F75DFC00219520F9F7D3
:10C8200059FC00219720F9F755FC00219820F9F7D1
:10C8300051FC4FF480710120F9F74CFC4FF4E0619A
:10C840000220F9F747FC41F238010320F9F742FCD6
:10C8500000210420F9F73EFC00210C20F9F73AFCF6
:10C8600000210F20F9F736FC00212020F9F732FCD7
:10C8700000212120F9F72EFC21210720F9F72AFCBD
:10C88000142007F057FF61210720F9F723FC14203B
:10C8900007F050FF40F273110720F9F71BFC14203A
:10C8A00007F048FF5AE3FE4880884BF20551884262
:10C8B0007ED100210846F9F70DFC00210846F9F762
:10C8C00009FC00210846F9F705FC00210846F9F7A4
:10C8D00001FC0121A420F9F7FDFB142007F02AFF39
:10C8E0004FF41C516020F9F7F5FB40F202210820BB
:10C8F000F9F7F0FB4FF405713020F9F7EBFB43F249
:10C9000015713120F9F7E6FB40F204613220F9F7A6
:10C91000E1FB40F616613320F9F7DCFB42F211210E
:10C920003420F9F7D7FB4FF4A8513520F9F7D2FBA3
:10C9300048F207513620F9F7CDFB41F20741372085
:10C94000F9F7C8FB41F203413820F9F7C3FB202176
:10C950003920F9F7BFFB1A219020F9F7BBFB002122
:10C960001020F9F7B7FB07211120F9F7B3FB0021DD
:10C970001220F9F7AFFB00211320F9F7ABFB1420CD
:10C9800007F0D8FE4FF4E6611020F9F7A3FB40F260
:10C9900037111120F9F79EFB142007F0CBFE4FF45E
:10C9A000DC711220F9F796FB142007F0C3FE00E0BB
:10C9B00083E04FF470611320F9F78CFB80212A206B
:10C9C000F9F788FB48212920F9F784FB142007F0A8
:10C9D000B1FE4FF480710120F9F77CFB4FF4E06168
:10C9E0000220F9F777FB41F238010320F9F772FBD7
:10C9F00040F202210820F9F76DFB00210A20F9F727
:10CA000069FB00210C20F9F765FB00210D20F9F7E7
:10CA100061FB30210E20F9F75DFB00215020F9F772
:10CA200059FBEF215120F9F755FB00215220F9F76E
:10CA300051FB40F23F115320F9F74CFB4FF41C51CE
:10CA40006020F9F747FB01216120F9F743FB002142
:10CA50006A20F9F73FFB11219020F9F73BFB4FF4D7
:10CA6000C0619220F9F736FB40F202419320F9F7BA
:10CA700031FB02219420F9F72DFB142007F05AFE18
:10CA800001210720F9F726FB142007F053FE61214E
:10CA90000720F9F71FFB40F273110720F9F71AFB83
:10CAA00000212020F9F716FB00212120F9F712FBC5
:10CAB00022210020F9F70EFB50E2794880884CF2E1
:10CAC000055188427ED100210846F9F703FB002179
:10CAD0000846F9F7FFFA142007F02CFE002108465B
:10CAE000F9F7F8FA00210846F9F7F4FA00210846A8
:10CAF000F9F7F0FA00210846F9F7ECFA0121A42031
:10CB0000F9F7E8FA142007F015FE4FF41C516020E5
:10CB1000F9F7E0FA40F606010820F9F7DBFA40F2EF
:10CB200003713020F9F7D6FA01213120F9F7D2FA52
:10CB300004213220F9F7CEFA4FF481713320F9F74E
:10CB4000C9FA4FF440713420F9F7C4FA40F20311E6
:10CB50003520F9F7BFFA1F213620F9F7BBFA40F26A
:10CB600003713720F9F7B6FA01213820F9F7B2FA44
:10CB700004213920F9F7AEFA15219020F9F7AAFA25
:10CB80004FF482611020F9F7A5FA40F247211120F5
:10CB9000F9F7A0FA4FF4DE711220F9F79BFA4FF47F
:10CBA00060611320F9F796FA782007F0C3FD4FF47F
:10CBB00080710120F9F78EFA4FF400710220F9F725
:10CBC00089FA00E050E041F230010320F9F782FADF
:10CBD00008210A20F9F77EFA00210C20F9F77AFAE9
:10CBE00020210E20F9F776FA00210F20F9F772FACA
:10CBF00000212020F9F76EFA00212120F9F76AFAC6
:10CC00003D212A20F9F766FA142007F093FD2D2123
:10CC10002920F9F75FFA00215020F9F75BFA4DF26D
:10CC2000EF015120F9F756FA00215220F9F752FA94
:10CC300040F23F115320F9F74DFA00216120F9F736
:10CC400049FA00216A20F9F745FA4FF44071922021
:10CC5000F9F740FA05219320F9F73CFA4FF4807177
:10CC60000720F9F737FA79E10D48808844F231510D
:10CC700088427CD101210020F9F72CFA0A2007F024
:10CC800059FD41F228611020F9F724FA0E211220F3
:10CC9000F9F720FA40F639211320F9F71BFA01E0E1
:10CCA0005C2900200A2007F045FD40211120F9F7FA
:10CCB00011FA50211520F9F70DFA0A2007F03AFD74
:10CCC0001E211220F9F706FA0A2007F033FD4FF46F
:10CCD000B1511020F9F7FEF942F639211320F9F786
:10CCE000F9F90A2007F026FD4FF480710120F9F7C9
:10CCF000F1F94FF440710220F9F7ECF941F23801F3
:10CD00000320F9F7E7F940F202210820F9F7E2F9E8
:10CD100008210A20F9F7DEF900213020F9F7DAF9C5
:10CD200040F202413120F9F7D5F94FF483713220F6
:10CD3000F9F7D0F940F203513320F9F7CBF94FF46A
:10CD400082713420F9F7C6F940F201313520F9F744
:10CD5000C1F940F207713620F9F7BCF940F205310C
:10CD60003720F9F7B7F94FF40271382000E040E0BE
:10CD7000F9F7B0F940F60B713920F9F7ABF9022158
:10CD80004120F9F7A7F94FF41C516020F9F7A2F9F7
:10CD900001216120F9F79EF94FF404719020F9F711
:10CDA00099F94FF485719220F9F794F904219320B1
:10CDB000F9F790F94FF48071A020F9F78BF9012170
:10CDC0000720F9F787F921210720F9F783F92321B3
:10CDD0000720F9F77FF933210720F9F77BF940F2B3
:10CDE00033110720F9F776F90021A020F9F772F93D
:10CDF000B4E06048808844F235518842F8D130214F
:10CE00001520F9F767F910219A20F9F763F9202125
:10CE10001120F9F75FF943F228411020F9F75AF988
:10CE200002211220F9F756F941F238011320F9F7DF
:10CE300051F9282007F07EFC12210846F9F74AF93B
:10CE4000282007F077FC43F220411020F9F742F93F
:10CE500043F238011320F9F73DF9462007F06AFC48
:10CE600000213020F9F736F940F202413120F9F77C
:10CE700031F940F207313220F9F72CF94FF44171C2
:10CE80003320F9F727F904213420F9F723F940F288
:10CE900001413520F9F71EF940F207713620F9F704
:10CEA00019F940F205313720F9F714F94FF4C2614E
:10CEB0003820F9F70FF94FF4C2613920F9F70AF970
:10CEC0004FF480710120F9F705F94FF44071022009
:10CED000F9F700F941F230010320F9F7FBF840F6C9
:10CEE00008010820F9F7F6F808210A20F9F7F2F806
:10CEF0004FF41C516020F9F7EDF801216120F9F79A
:10CF0000E9F84FF49F719020F9F7E4F84FF480713D
:10CF10009220F9F7DFF84FF480719320F9F7DAF8EF
:10CF20004FF44051A020F9F7D5F81021A320F9F7CC
:10CF3000D1F801210720F9F7CDF821210720F9F7D1
:10CF4000C9F823210720F9F7C5F833210720F9F79D
:10CF5000C1F840F233110720F9F7BCF80120F7F7C8
:10CF60005FFE0120044908604FF6FF70F7F714FEDA
:10CF700021B000BD5C2900208482404210B501210F
:10CF8000034800F01AF80121014800F013F810BD21
:10CF90000004004010B50121054800F00EF80128FA
:10CFA00005D10121024800F005F8F6F739FC10BD63
:10CFB00000080040CA430282704730B50246002094
:10CFC00000230024158A05EA0103958905EA010476
:10CFD00013B10CB1012000E0002030BD2DE9FC5F51
:10CFE00004460D4617461E46DDE90EABDDE90C8909
:10CFF0004FF478405749088057A01021CDE9001020
:10D00000564843880288A0212820F8F7FBFF54A047
:10D010001021CDE90010514843880288A0217820D2
:10D02000F8F7F0FF4FA01021CDE900104B484388DE
:10D030000288B4212820F8F7E5FF4BA01021CDE9A4
:10D040000010464843880288B4217820F8F7DAFFB8
:10D0500046A01021CDE90010404843880288C8212D
:10D060002820F8F7CFFF42A01021CDE900103B485F
:10D0700043880288C8217820F8F7C4FF3DA010211A
:10D08000CDE90010354843880288DC212820F8F7D4
:10D09000B9FF39A01021CDE900103048438802883B
:10D0A000DC217820F8F7AEFF34A01021CDE9001084
:10D0B0002A4843880288F0212820F8F7A3FF10208F
:10D0C00004232246A02100904020F8F751FF1020B1
:10D0D00004232A46A02100909020F8F749FF102051
:10D0E00004233A46B42100904020F8F741FF102075
:10D0F00004233246B42100909020F8F739FF102025
:10D1000004234246C82100904020F8F731FF102048
:10D1100004234A46C82100909020F8F729FF1020E8
:10D1200004235246DC2100904020F8F721FF102014
:10D1300004235A46DC2100909020F8F719FF1020B4
:10D1400000900648018803236020109AF8F710FF2A
:10D15000BDE8FC9F0000002078313A005C290020E7
:10D1600079313A0078323A0079323A0078333A002D
:10D1700079333A0078343A0079343A0066616320B2
:10D1800069733A0000B597B0002012900B9012908E
:10D190001F21FE4801804FF6FF70FD490880F7F718
:10D1A000FBFC4FF47841F94801804FF6FF70F7F728
:10D1B000F3FC0020F5490880F6480068102164233C
:10D1C000A022CDE9001028210846F8F71BFF4FF4F4
:10D1D00078421421084600F04BFC0021EE4880F80C
:10D1E00020109FEDEE0A80ED090A49E2EA48406806
:10D1F0000A9001200A998847E74890F8200000F03B
:10D20000C000402870D100200B90E34890F8200027
:10D2100020F04000E04981F820000846828913A9E7
:10D22000129821F82020DC48C18A13AA129802EB38
:10D23000800041801298401CC0B2129012980128C0
:10D2400006D0022815D0032829D0042810D141E0A7
:10D250004FF6FF721421084600F00AFCD0480088FF
:10D26000143880B24FF4784214210A9000F000FC88
:10D27000E8E3CB480088143880B24FF6FF721421DF
:10D280000A9000F0F5FBC6484088143880B24FF48D
:10D29000784201460A90142000F0EAFBD2E3C0482D
:10D2A0004088143880B24FF6FF7201460A9014206D
:10D2B00000F0DEFBBA484088143880B20A90B848C3
:10D2C0000088143880B24FF4784209900A9900F02F
:10D2D000CFFBB7E3BDF84C10BDF85000081A0A9018
:10D2E000002802DB0A9802E0ADE30A9840420F9062
:10D2F000BDF84E1013A8C088081A0A90002801DB58
:10D300000A9801E00A9840420E900F9840430F900F
:10D310000E9840430E90DDE90E100844059008F089
:10D3200031F9CDE906019DED060B07F0FDF88DED15
:10D33000080B9DED080B51EC100B08F0DFF880B2E4
:10D340001190BDF85400BDF85810401A0A900028FA
:10D3500001DB0A9801E00A9840420F9013A8418926
:10D36000C089081A0A90002801DB0A9801E00A988F
:10D3700040420E900F9840430F900E9840430E90FD
:10D38000DDE90E100844059008F0FCF8CDE906012F
:10D390009DED060B07F0C8F88DED080B9DED080B11
:10D3A00051EC100B08F0AAF880B210909DED110A14
:10D3B000F8EE400A9DED100AB8EE401A80EE810AA0
:10D3C0008DED0A0A0A9808F023FCCDE90C019FEDC7
:10D3D000750B53EC102B9DED0C0B51EC100B08F062
:10D3E000E5F80ED39FED710B53EC102B9DED0C0B5C
:10D3F00051EC100B08F014FA03D3119808B11098EF
:10D40000F0BB0020129066484088143880B20A9021
:10D4100063480088143880B24FF6FF7209900A9969
:10D4200000F026FB4FF478421421084600F020FB60
:10D430009FED600B53EC102B9DED0C0B51EC100B82
:10D4400008F0F0F8CDE908019DED080B51EC100B48
:10D4500008F054F880B213A90A90C989BDF8582081
:10D4600013AB5B89CDE90132CDE90310BDF854005F
:10D47000009013A8C0880990BDF85000089000E003
:10D480000AE0BDF84E000790BDF84C00069007A9D1
:10D490000EC9FFF7A3FDE5E2BDF84C10BDF854003E
:10D4A000081A0A90002801DB0A9801E00A98404215
:10D4B0000F90BDF84E1013A84089081A0A90002852
:10D4C00001DB0A9801E00A9840420E900F98404311
:10D4D0000F900E9840430E90DDE90E100844059021
:10D4E00008F050F8CDE906019DED060B07F01CF899
:10D4F0008DED080B9DED080B51EC100B07F0FEFFB6
:10D5000080B21190BDF85000BDF85810401A0A9032
:10D51000002801DB0A9801E00A9840420F9013A806
:10D52000C188C089081A0A90002801DB0A9801E026
:10D530000A9840420E900F9840430F900E98404337
:10D540000E90DDE90E100844059008F01BF8CDE9B7
:10D5500006019DED060B06F0E7FF8DED080B9DED36
:10D56000080B51EC100B07F0C9FF80B210909DED35
:10D57000110AF8EE400A9DED100AB8EE401A80EE4E
:10D58000810A8DED0A0A0A9818E0000000000020C8
:10D5900002000020480000200800002000000000D9
:10D5A0005C290020666666666666EE3FCDCCCCCC14
:10D5B000CCCCF03F000000000000594008F028FBF0
:10D5C000CDE90C011FED090B53EC102B9DED0C0B5D
:10D5D00051EC100B07F0EAFF0AD31FED0C0B53ECD4
:10D5E000102B9DED0C0B51EC100B08F019F948D2E3
:10D5F00000201290FE484088143880B20A90FC48FF
:10D600000088143880B24FF6FF7209900A9900F032
:10D610002FFA4FF478421421084600F029FA1FED42
:10D620001B0B53EC102B9DED0C0B51EC100B07F06A
:10D63000F9FFCDE908019DED080B51EC100B07F047
:10D640005DFF80B213A90A90CA89BDF8581013ABC8
:10D650005B89CDE90131CDE90320BDF8540000908C
:10D6600013A8C0880990BDF850000890BDF84E007E
:10D670000790BDF84C00069007A90EC9FFF7AEFC55
:10D68000F0E1BDF85000BDF85410401A0A9000288F
:10D6900001DB0A9801E00A9840420F9013A8C18864
:10D6A0004089081A0A90002801DB0A9801E00A98CC
:10D6B00040420E900F9840430F900E9840430E90BA
:10D6C000DDE90E100844059007F05CFFCDE9060186
:10D6D0009DED060B06F028FF8DED080B9DED080B68
:10D6E00051EC100B07F00AFF80B21190BDF84C000E
:10D6F000BDF85810401A0A90002801DB0A9801E092
:10D700000A9840420F90BDF84E1013A8C089081A1D
:10D710000A90002801DB0A9801E00A9840420E9026
:10D720000F9840430F900E9840430E90DDE90E1085
:10D730000844059007F026FFCDE906019DED060B94
:10D7400006F0F2FE8DED080B9DED080B51EC100B71
:10D7500007F0D4FE80B210909DED110AF8EE400A59
:10D760009DED100AB8EE401A80EE810A8DED0A0A8E
:10D770000A9808F04DFACDE90C011FED760B53EC39
:10D78000102B9DED0C0B51EC100B07F00FFF0AD383
:10D790001FED7A0B53EC102B9DED0C0B51EC100B85
:10D7A00008F03EF849D20020129091484088143881
:10D7B00080B20A908E480088143880B24FF6FF720B
:10D7C00009900A9900F054F94FF478421421084660
:10D7D00000F04EF91FED890B53EC102B9DED0C0B57
:10D7E00051EC100B07F01EFFCDE908019DED080B71
:10D7F00051EC100B07F082FE80B202460A9013A88B
:10D80000C089BDF8581013AB5B89CDE90131CDE972
:10D810000302BDF85400009013A8C0880990BDF819
:10D8200050000890BDF84E000790BDF84C000690DF
:10D8300007A90EC9FFF7D2FB14E1BDF85000BDF8EF
:10D840004C10401A00EE100AF8EEC00A6848008832
:10D85000283800EE100AB8EEC00A80EE201A65489B
:10D8600080ED091ABDF85000BDF84C10084400EED8
:10D87000100AF8EEC00A5E48008800EE100AB8EE02
:10D88000400A5C4890ED091A01EE600AF0EE000AC9
:10D8900080EE201A80ED0B1A13A84089BDF84E10B7
:10D8A000401A00EE100AF8EEC00A514840882838A5
:10D8B00000EE100AB8EEC00A80EE201A4D4880ED46
:10D8C0000A1A13A84089BDF84E10084400EE100A49
:10D8D000F8EEC00A4648408800EE100AB8EE400A4A
:10D8E000444890ED0A1A01EE600AF0EE000A80EE5C
:10D8F000201A80ED0C1A90ED090ABDEEC00A8DEDDC
:10D90000090A0998002801DB099801E009984042BA
:10D9100002280FDC374890ED0A0ABDEEC00A8DEDF3
:10D920000A0A0A98002801DB0A9801E00A98404296
:10D93000022842DD002012902D484088143880B221
:10D940000A902B480088143880B24FF6FF72099075
:10D950000A9900F08DF84FF478421421084600F03F
:10D9600087F825A01021CDE90010214840880A90B1
:10D970001F480088099002461A2128200A9BF8F7C0
:10D9800041FB1C4890F8340008B9012000E0002059
:10D99000184981F83400084690F8340030B19020DE
:10D9A0001A490870D0201A49087005E0D02017499C
:10D9B000087090201649087054E01F211548018016
:10D9C0004FF6FF70F7F7E8F813A01021CDE900102B
:10D9D000074840880A9006480088099002466E2150
:10D9E00023200A9BF8F70EFB4FF47A7020E000002A
:10D9F0005C290020080000205450204E65656420FA
:10DA0000726561646A757374210000004000002033
:10DA10004100002000000020546F756368205363AC
:10DA20007265656E2041646A757374204F4B2100E6
:10DA300006F080FE00F030FA4FF6FF70F7F7ACF812
:10DA400017B000BD00BF0A2006F074FE0B98401C02
:10DA500080B20B900B98B0F57A7F02DD00F040F8B1
:10DA600002E000BFFFF7C2BB00BF00BFE8E7000055
:10DA700070B504460D4616461848068004F10D019F
:10DA80008AB2193988B22B462946F7F7B1FA05F15F
:10DA90000D0083B2193881B222462046F7F7A8FA62
:10DAA0006A1C91B2621C90B2F7F72EFB6A1C91B20D
:10DAB000621E90B2F7F728FB6A1E91B2621C90B208
:10DAC000F7F722FB6A1E91B2621E90B2F7F71CFBB9
:10DAD000062229462046F3F76AFB70BD00000020AD
:10DAE00010B586B018220021684600F023FC9DF88E
:10DAF0000E400A2C4CD1274800990160046800EEC2
:10DB0000104AB8EEC00ADFED240A80EE201A23483E
:10DB100080ED091A1F4801990160046800EE104A5F
:10DB2000B8EEC00ADFED1C0A80EE201A1B4880ED1B
:10DB30000A1A184802990160046800EE104AB8EE0B
:10DB4000C00A164880ED0B0A124803990160046868
:10DB500000EE104AB8EEC00A104880ED0C0A9DF89D
:10DB60000D000E4981F83400084690F8340030B1B9
:10DB700090200B490870D0200A49087005E0D02099
:10DB800007490870902007490870012006B010BDB1
:10DB90000020FBE74400002020BCBE4C0800002011
:10DBA00040000020410000201CB53748808845F225
:10DBB0001051884218D1F9F78DFE34483449486035
:10DBC000084690F8340040F0800081F834000846A0
:10DBD00090F834002C49897901F0010108432C495F
:10DBE00081F8340000201CBD01212620F9F736FF02
:10DBF0004FF48040009000208DF804008DF806005E
:10DC000003208DF8050001208DF8070069462148A2
:10DC1000F3F7D4FD2020009000208DF804008DF84B
:10DC2000060003208DF8050001208DF807006946E5
:10DC30001948F3F7C3FD4FF43040009001208DF8F0
:10DC4000040069461348F3F7B9FD11491631A1F1F3
:10DC50000A0000F0A9F80E491631A1F10A0000F0FF
:10DC6000A3F8FFF73DFF08B10020BCE70B48008890
:10DC7000F6F792FFFFF786FA00F00EF9FFF730FF94
:10DC800000BF0120AFE700005C290020F108000878
:10DC900008000020000402400008024002000020AA
:10DCA00070B506460025002400201F4908601F4962
:10DCB000C1F8BC021C49091F0860304600F0A6F9F3
:10DCC000062006F05FFD00201849C1F8B4020120CB
:10DCD00006F058FD01201449086006F053FD0020AD
:10DCE0001249C1F8B40200BF15E04FF6FF7000EA18
:10DCF000440400200C490860012006F043FD012087
:10DD00000A49C1F8B40208487C38006808B1601CB0
:10DD100084B2681CC5B2102DE7DB24110120024932
:10DD2000091F0860204670BDB48240420080404216
:10DD30002DE9FE4380460027002406E04046FFF719
:10DD4000AFFF2DF81400601C84B2052CF6DB002414
:10DD500016E0601C85B20FE03DF814003DF8151088
:10DD6000884207DD3DF814603DF815002DF81400D9
:10DD70002DF81560681C85B2052DEDDB601C84B2A2
:10DD8000042CE6DB0027012405E03DF814003844AC
:10DD900087B2601C84B2042CF7DB032097FBF0F001
:10DDA00086B23046BDE8FE832DE9F04104460D46BB
:10DDB00007480078FFF7BCFF064606480078FFF7E3
:10DDC000B7FF074626802F800120BDE8F0810000C4
:10DDD00040000020410000207FB504460D4602A906
:10DDE00003A8FFF7E1FF064616B9002004B070BD96
:10DDF000694601A8FFF7D8FF06460EB90020F5E7EF
:10DE0000BDF80400BDF80C10884206DCBDF80C100B
:10DE1000BDF80400323081420CDBBDF80C00BDF8C7
:10DE20000410884236DCBDF80410BDF80C00323016
:10DE300081422FDABDF80000BDF80810884206DCE8
:10DE4000BDF80810BDF80000323081420CDBBDF88F
:10DE50000800BDF8001088421CDCBDF80010BDF8B9
:10DE600008003230814215DABDF80C10BDF80420EC
:10DE7000881800EBD071C1F34F012180BDF8081064
:10DE8000BDF80020881800EBD071C1F34F01298044
:10DE90000120ABE70020A9E700B587B01F4890ED4F
:10DEA000090ADFED1F0A20EE200ABDEEC00A1D4858
:10DEB00080ED000A00680190184890ED0A0ADFED35
:10DEC000180A20EE200ABDEEC00A164880ED000AAE
:10DED00000680290114890ED0B0ABDEEC00A11488F
:10DEE00080ED000A006803900C4890ED0C0ABDEE2E
:10DEF000C00A0C4880ED000A00680490074890F8BA
:10DF000034008DF811000A208DF81200182200212B
:10DF100001A800F07BFA07B000BD00000800002057
:10DF200020BCBE4C4400002010B5044635480068B3
:10DF3000002843D12CB13449A1F10A00FFF74CFF6E
:10DF40002AE03149A1F10A00FFF746FF20B32E482D
:10DF5000163890ED0B0A90ED091A808900EE900AB0
:10DF6000F8EE600A01EE200ABCEEC00A10EE100ABC
:10DF7000254916398881084690ED0C0A90ED0A1A59
:10DF8000C08A00EE900AF8EE600A01EE200ABCEEAC
:10DF9000C00A10EE100AC8821B48163890F82000FC
:10DFA00000F0800038BBC0201749163981F82000E6
:10DFB000084681898182C18AC1831CE012481638D3
:10DFC00090F8200000F0800050B10F48163890F80B
:10DFD000200020F080000C49163981F820000AE06A
:10DFE0000021094816388182C1834FF6FF70064927
:10DFF00016398881C8820448163890F8200000F04D
:10E00000800010BD140241421E000020002100BF0C
:10E0100015E000F080021AB101220A4B1A6002E0FA
:10E020000022084B1A604206100E0022054B083BE6
:10E030001A600122044BC3F8B4224A1CD1B2082949
:10E04000E7DB7047BC8240420080404210B5F8F7E1
:10E05000CFFA40F225511E4800F055F810B31C4885
:10E0600000F00AF9C4B21B48008800F40040C8B9A7
:10E070001848008800F4804060B10A2C03D00020CA
:10E080001449088020E01348008840F400401149FA
:10E09000088019E00D2C06D10E48008840F480401D
:10E0A0000C49088010E00B480088C0F30D000A49B5
:10E0B0000C5408480088401C06490880084600881F
:10E0C000C72801DD00200880F8F7A4FA10BD000081
:10E0D0000010014078000020303C002001F4007264
:10E0E000B2F5007F00D100BFCA430280704721B162
:10E0F000828942F40052828104E082894DF6FF73E6
:10E100001A408281704770B5024600240023002522
:10E11000002040F66A16B14200D100BFC1F342159B
:10E1200001F01F03012606FA03F3012D02D196899F
:10E13000334006E0022D02D1168A334001E0968A70
:10E1400033400C12012606FA04F41688344013B149
:10E150000CB1012000E0002070BDF0B503460024A2
:10E1600000260025002040F66A17B94200D100BF02
:10E170001846C1F3421401F01F06012707FA06F5FD
:10E18000012C01D10C3004E0022C01D1103000E050
:10E1900014301AB107682F43076002E00768AF43E5
:10E1A0000760F0BD2DE9FF4705460E460024A14655
:10E1B00000BFA046B08900B100BF2C8A24F44054AF
:10E1C000F08804432C82AC8941F20C608443B0880F
:10E1D00031890843718908430443AC81AC8A24F433
:10E1E0004074B0890443AC826846F9F777FC204854
:10E1F000854202D01F48854202D1DDF80C9001E033
:10E20000DDF80890A88900F4004040B109EBC9008E
:10E2100000EB091031684900B0FBF1F707E009EBAA
:10E22000C90000EB091031688900B0FBF1F76420E8
:10E23000B7FBF0F004012009642101FB1078A889E4
:10E2400000F4004040B1322000EBC800B0FBF1F018
:10E2500000F00700044308E0322000EB08106421BE
:10E26000B0FBF1F000F00F0004432C81BDE8FF8704
:10E27000001001400014014001468888C0F30800E6
:10E28000704700BFFEE7000010B50446214610A00D
:10E29000F2F780F8240300F015F900F0ADF8002043
:10E2A0000D4908602020FBF7CFF9C4F30740FBF7C6
:10E2B000CBF9C4F30720FBF7C7F9E0B2FBF7C4F9C9
:10E2C00001200649C1F8800200F096F810BD000058
:10E2D00066653A25780D0A008082404200804042FF
:10E2E0001CB501210220F9F7B9FB012000908DF83F
:10E2F000040000208DF8060003208DF805000120A1
:10E300008DF8070069460848F3F758FA01200749D5
:10E310000860FBF737F90020FBF7B2F900F032F89C
:10E32000034908801CBD0000000402408082404276
:10E330005C0000202DE9F04106460C4617460020FF
:10E340000F4908600320FBF77FF9C4F30740FBF790
:10E350007BF9C4F30720FBF777F9E0B2FBF774F918
:10E36000002505E0FF20FBF76FF97055681C85B2AA
:10E37000BD42F7DB012002490860BDE8F0810000E2
:10E380008082404210B5002400200E490860902091
:10E39000FBF75AF90020FBF757F90020FBF754F977
:10E3A0000020FBF751F9FF20FBF74EF944EA002467
:10E3B000FF20FBF749F9044301200349C1F880021B
:10E3C000204610BD808240420080404210B50024AB
:10E3D0000020074908600520FBF736F9FF20FBF70E
:10E3E00033F9044601200349C1F88002204610BDDC
:10E3F000808240420080404210B500BFFFF7E6FF38
:10E4000000F001000028F9D110BD00002DE9F05FF7
:10E4100081460F461646DFF8A8B04FEA1738C7F313
:10E420000B0ACAF58054A64200DC344644E04FEAA9
:10E4300008314FF480525846FFF77CFF002508E072
:10E440000AEB05001BF80000FF2800D003E0681C61
:10E4500085B2A542F4DB00BFA54216DA4046FFF7BD
:10E4600013FF002507E019F8050005EB0A010BF87A
:10E470000100681C85B2A542F5DB4FEA08314FF474
:10E480008052584600F02EF804E0224639464846AD
:10E4900000F028F8A64200D10FE008F101084FF083
:10E4A000000AA1442744301B86B2B6F5805F02DD26
:10E4B0004FF4805400E03446B9E700BFBDE8F09F58
:10E4C000302C002010B50020044908600620FBF71E
:10E4D000BBF801200249C1F8800210BD8082404291
:10E4E000008040422DE9F04107460E461446F0B246
:10E4F000C0F58075AC4200DC254612E02A46314664
:10E50000384600F013F8AC4200D10BE02F442E4403
:10E51000601B84B2B4F5807F02DD4FF4807500E0AB
:10E520002546EBE700BFBDE8F08100002DE9F04192
:10E5300006460C461746FFF7C5FF00200F49086046
:10E540000220FBF781F8C4F30740FBF77DF8C4F322
:10E550000720FBF779F8E0B2FBF776F8002504E036
:10E56000705DFBF771F8681C85B2BD42F8DB0120D5
:10E5700002490860FFF740FFBDE8F0818082404219
:10E5800002490120096881F854007047B802002050
:10E590002DE9F0418AB00446F4F766F9BCB3204691
:10E5A000F3F794FC0190D0E90012CDE90412876AD8
:10E5B000056A01A8F3F7C8FC204600F0DDFE06005E
:10E5C00025D0204600F0E9F98046B80704D52A4650
:10E5D000414604A801F02EF82046F3F777FC01909D
:10E5E0004046F3F773FC06903046F3F76FFC039058
:10E5F00005620698019AC1691162C46101A8F3F726
:10E60000A3FC06A8F3F7A0FC03A8F3F79DFCF5F71D
:10E61000D5FB0AB0BDE8F0812DE9FC5F9846DDE945
:10E620000C5491460E460746DDF83CB0F4F71CF951
:10E63000DFF82CA1DAF8140004434DB9BAF802004F
:10E6400048B348480AF138010068407C51F820502E
:10E65000681C0ED0FDB12846F3F738FC0190B0F9E4
:10E660000010B0F902200F441644B9F1000F02D097
:10E6700006E000250FE0B0F90430591A01F1010954
:10E68000B8F1000F04D1B0F90600801A00F10108BA
:10E6900001A8F3F759FC0BF12C00F3F752FB5FEAEA
:10E6A000000B57D0BAF80200401CAAF802005846E6
:10E6B000F3F70CFC0090078007EB09014680491E28
:10E6C000818006EB0801491EC1800E990161264A2E
:10E6D000816A2240114381626846F3F735FCDAF81B
:10E6E0000C005E4650B1F3F747FC07463046F3F79F
:10E6F00043FC0146786948617E6101E0CAF80CB0CC
:10E700002946584600F0CEFEA00602D5584600F035
:10E71000C9FCE00705D0DAF8201001F10101CAF8C0
:10E720002010600602D55846FFF732FFA0070DD52E
:10E730005846F3F7CBFB0090816A41F002018162F9
:10E740006846F3F701FC584600F094FB0121584657
:10E7500001F0BBF9F5F732FB5846BDE8FC9F00001D
:10E7600060030020B80200209F3F0700064910B553
:10E770000968002081F85400F4F776F8F7F71CFADE
:10E78000BDE81040F5F71ABBB802002010B50446EA
:10E79000C168D4E90020172A0DD004DC0E2A0CD061
:10E7A000142A07D104E0222A0CD0282A02D10CE036
:10E7B00000F080FD0020E06010BD2146BDE8104063
:10E7C00000F09FBC6FF07040F5E7BDE8104000F02E
:10E7D00051BB38B5040010D0F4F746F82046F3F7E3
:10E7E00075FB00900068F4F767FF6846F3F7ACFB31
:10E7F0002046F3F7C5FAF5F7E1FA38BDF8B505009C
:10E8000061D0F4F731F8284600F070FF002858D0A6
:10E81000284600F0C3FD06460B21284601F055F9B5
:10E82000284600F00AFD2846F3F750FB0090406AA6
:10E8300008B1F4F7D9F9244C002104F15002A16287
:10E84000A06852F82030AB4201D142F820101E4A95
:10E85000483252F82030AB4201D142F820102069F2
:10E8600004E04368AB4200D1416000680028F8D161
:10E870000721284600F04BFB009801F03BFC28469E
:10E8800000F004FD284601F09FF80098806AC10757
:10E8900003D0216AA1F101012162800602D5A0887E
:10E8A000401EA0806846F3F74FFB6088401E6080E2
:10E8B0002846F3F765FA0448383050F8260000F08F
:10E8C000F1FBF5F77BFAF8BD600300202DE9F0417C
:10E8D0000025F3F7C9FF00E0012503F01FF9002828
:10E8E000FAD11A4E1A4C306890F8540038B1A0880A
:10E8F00028B1E069012720B10068804704E00027C3
:10E9000002E00120F5F714FFF5F758FA306890F8A7
:10E91000540058B1A08848B1F3F7A6FF02F0BAFF3F
:10E92000F5F74CFAA08808B10125EFE7F3F79CFF53
:10E930003FB1E06910B14068804702E00020F5F780
:10E94000F7FEF5F73BFA2846BDE8F081B802002053
:10E9500060030020034804490068407C51F820000F
:10E9600070470000B8020020980300200021022810
:10E9700002D2024951F8201008467047980300203F
:10E9800010B5040007D0F3F76FFF2046F3F7F4FA51
:10E99000C469F5F713FA204610BD10B5040007D07E
:10E9A000F3F762FF2046F3F7E7FA8469F5F706FA12
:10E9B000204610BD2DE9F04F9BB04FF0000B5E4696
:10E9C000CDF820B0CDF824B0CDF828B0F4F7BEFCD7
:10E9D00018B100201BB0BDE8F08F6846F4F790FC3A
:10E9E0000098C84DC84C401C0ED10198401C0BD15A
:10E9F00020689DF8081000EB400005EB8000007ACD
:10EA0000884201D15846E5E7F3F72EFF0098002829
:10EA10000EDB019800280BDBBC490098B1F900100F
:10EA20000844BB4900900198B1F9001008440EE079
:10EA30000098401C0CD10198401C09D1206800EBC3
:10EA4000400055F8201005EB8000009140680190CF
:10EA500005A800F0BBFB9DF80900022800D2206049
:10EA600007AA12A92068F3F75BFE12990098401AD2
:10EA7000009007990198009A401A0190206800EBD5
:10EA8000400055F8201091420AD105EB8000019A10
:10EA90004168914204D1007A9DF8081088427CD0E8
:10EAA000DDE900019DF80920F3F7CAFA994F3968AA
:10EAB00009B1684688479848216850F8210018B97C
:10EAC000DDE9000100F0DEFA06907A6812B10699DD
:10EAD000684690478B4F2068383707EBC00148687D
:10EAE000069A824201D0012200E000220DF12009A5
:10EAF000F0B1EAB1486800F0BDFDC8B1206807EB8D
:10EB0000C000406800F0ABFD90B19DE8070008AB85
:10EB100007C31220CDF844900E90206807EBC00088
:10EB200040680EA900F0F7FF206807EBC0004660C0
:10EB3000069800F09FFD00287ED00699206807EB1C
:10EB4000C002516000EB400005EB80009DF808100A
:10EB5000007ADFF8B0A188420AF1280A5DD0069851
:10EB6000C0B30698F3F7B2F99DF8081013908DF82A
:10EB70003410216801EB410105EB8101097A8DF820
:10EB80003510B0F900200099891A0B91B0F90200F4
:10EB90000199081A0C9013A800E0ACE0F3F7D4F93F
:10EBA0000BA8119011200E90206800EB400105EB9E
:10EBB000810191E88C000492CDE914379DF808207A
:10EBC0000A729DF8281031B10AEBC0014F68069A0D
:10EBD0004A6001E021E000270AEBC000D0F8048081
:10EBE00006980EA900F050FF21680AEBC1004368A7
:10EBF000434501D04068069001EB410005EB8003DE
:10EC0000DDE91412049807C33FB1384600F064F9F7
:10EC100018B121680AEBC100476020689DF8081010
:10EC200000EB400805EB8802137A0B434BD00C2312
:10EC30004FF0010B574600E052E00AEBC0000E9384
:10EC40004368DDF818C09C4515D043689BB109B1F5
:10EC5000119608E055F828100891516809918DF82F
:10EC60002860CDF8449040680EA900F054FF206859
:10EC700007EBC000466020689DF8081000EB4002DA
:10EC800005EB82021172069951B39DE80E000DF159
:10EC90002008A8E80E009DF8281021B1069907EB7E
:10ECA000C000416008E01D48007808B100F066F936
:10ECB000206807EBC00046600698CDF844900EA986
:10ECC00000F029FF0CE0069850B1069800F0C7FC50
:10ECD00030B19DE8070008AB07C310200E90EBE7AA
:10ECE00021689DE81C0001EB410005EB80001CC081
:10ECF000684600F035F905A800F050FEF5F75EF81B
:10ED000080E60000687B012068030020E802002004
:10ED1000EA02002014040020A8030020B803002009
:10ED20002DE9FF5F2C4D6878002853D100272B4830
:10ED3000EF60AF620068DFF8A8903C464764AF80A0
:10ED40006F804FF0020A4FF0FF3B40F6FF7805F16D
:10ED500038062046F3F7C0FA98B1CDE90297CDE91D
:10ED600000BA0021424643460846FFF755FC1A4ABE
:10ED700046F8240040326FF0704142F8241000F051
:10ED800079F8641C022CE4DB164FDFF85C80DFF8B6
:10ED90005C90002407EBC40000F018FA08EBC400F4
:10EDA00000F014FA09EBC40000F010FA641C022C05
:10EDB000F0DB306800F076F9FFF7E2FB012006494E
:10EDC000687030310A48086004B00846BDE8F05F5A
:10EDD000F5F766BDBDE8FF9F60030020B802002084
:10EDE000ED450108807B0120907B0120A07B012064
:10EDF0009D2E010870B586B00D46060031D0F3F7A0
:10EE000033FD3046F3F762F80090846AA10723D5FA
:10EE1000D0E90010CDE90110E00302D5304600F042
:10EE200096FB5DB1286803906868049003A9009878
:10EE300000F0D4F903A901A8F5F734FC314601A884
:10EE400000F0D4F940B140F601000440012C0AD092
:10EE500001A9304600F078FB6846F3F775F8F4F73F
:10EE6000ADFF06B070BD0098026A816901A800F08C
:10EE7000E1FBF1E70021FFF7BDBFFEB515460E46E9
:10EE800004001CD0F3F722F80246009090F8280006
:10EE9000800711D5314601A8F5F721FC60B168461D
:10EEA000F3F752F82A4601A9204603F0C5FE204692
:10EEB000FFF766FD04460CE06846F3F745F8FEBD33
:10EEC0002A4601A92046FFF7D8FF2046F3F754F859
:10EED000046A002CF4D1FEBD10B50446F3F7C4FC5F
:10EEE000204600F003FC0446F4F768FF204610BDFE
:10EEF00070B514460D460646F3F7B6FC2246294681
:10EF0000304600F005FCBDE87040F4F757BF1FB570
:10EF1000262203910092694600F0F3F81FBD00001D
:10EF200070B586B00D4606460024F3F79DFC0B49EC
:10EF30000948096850F8210048B10E210595009153
:10EF400004A9CDE90316694600F080FD0124F4F719
:10EF500035FF06B0204670BDB003002068030020D6
:10EF6000054A01EB410102EB8101D0E900238068F1
:10EF70000A60C1E9013070472C7C012010B5F3F71D
:10EF800073FC00F0F5FCBDE81040F4F717BF70B556
:10EF9000154606468AB00C4651EA050070D0002E90
:10EFA0006ED0F3F761FC3046F2F790FF0590D0E9A0
:10EFB0000012CDE90212CDE9061284B1816A0A0677
:10EFC00008D5890506D4BDF81810A1EB0401ADF8E9
:10EFD000181004E0BDF81C102144ADF81C1085B1D8
:10EFE000816ACA0508D5490506D4BDF81A10A1EBF7
:10EFF0000501ADF81A1004E0BDF81E102944ADF863
:10F000001E10806AC00302D5304600F0A0FA05AB9E
:10F0100007CBC0E9001290F8280080070AD506AA9D
:10F0200002A908A8F4F730F90598026A816908A8CE
:10F0300000F000FBBDF91E00BDF90E10401A009053
:10F04000BDF91C00BDF90C10431ABDF91A00BDF939
:10F050000A10421ABDF91800BDF90810411A0598A6
:10F0600000F074FD059901F10800F5F71BFB05217F
:10F07000304600F02AFD05A8F2F766FFF4F79EFE81
:10F080000AB070BD70B50C460546F3F7EDFB22469D
:10F090002946002004F000F90446F4F78FFE2046CC
:10F0A00070BD000070B50446F3F7DEFB0C4D286818
:10F0B000866C0CB90B49CC688464204600F0BCFC1B
:10F0C000F6F77AFD2046F2F757FF2968B0F90020DD
:10F0D000CA64B0F902000865F4F770FE304670BDEE
:10F0E000B80200206003002070B50C460546F3F717
:10F0F000BBFB2146284600F0D5FCBDE87040F4F784
:10F100005DBE70B50C0005460DD0F3F7ADFB28468B
:10F11000FFF743FC18B12146A56000F097FCBDE85D
:10F120007040F4F74BBE70BD10B5F2F727FB0249F3
:10F1300000200968486410BDB8020020F8B51646E2
:10F140000C4605001DD0F3F78FFB2846F2F7BEFEF4
:10F150000090B0F90410B0F90020891A641AB0F9CF
:10F160000610B0F90200641E081A361A761E6846A8
:10F17000F2F7EAFE324621462846FFF708FFF4F789
:10F180001DFEF8BD0EB50E48006890F8541009B188
:10F190000C4811E0806CF2F799FE0090D0E9001065
:10F1A000CDE901106846F2F7CFFE0748416A11B178
:10F1B00001A800F01BF801A804F090F80EBD0000B3
:10F1C000B8020020F47A01206003002002490A6896
:10F1D0000260086070470000700300200B46B0F921
:10F1E0000220B0F900101846F4F77AB838B50C468A
:10F1F00005462046F2F76AFE0146009090F8280086
:10F20000800703D46846F2F79FFE12E02846F5F720
:10F2100049FA0098806920B104466846F2F794FEE6
:10F22000E7E76846F2F790FE204601F021F8002853
:10F2300001DA002038BD012038BDF8B50546F3F7E6
:10F2400013FB6846F4F764FA1AE001212046F4F74C
:10F2500046FA009981B178B10846F2F78DFE406810
:10F26000A84209D169462046009EF4F765FA044693
:10F270003046FFF7AEFA04E069462046F4F75CFA40
:10F280000446002CE1D1F4F799FDF8BD38B50446E9
:10F29000F2F71CFE0090816941B1026A00F0CAF9E0
:10F2A000204600F0A9FB0099002088616846F2F72B
:10F2B0004BFE38BD38B50C4600280AD0002C08D0CB
:10F2C000F2F704FE2146009000F004F86846F2F7D9
:10F2D0003BFE38BD00224A800A8082880388D21A09
:10F2E0008A80C2884088101AC880704710B5FFF71E
:10F2F00054FB002802D0F2F73FFEC06910BD0000A9
:10F300000D4810B5006890F85400002806D00B4C4A
:10F310006069012803DD401E6061002010BD206986
:10F32000401C206102F058FF18B1FFF72BFF0120AD
:10F3300010BD6069EFE70000B8020020EC7A012000
:10F340000548016891F87120C86C002A02D091F834
:10F350007010484370470000B8020020054801685B
:10F3600091F87120086D002A02D091F8701048437E
:10F3700070470000B802002070B50546FFF7B6FFE1
:10F3800008E0AC4201D1002406E0F2F7F5FD006A86
:10F39000A84201D00400F4D1204670BD10B5044647
:10F3A000F2F7EAFD80690028F9D12046BDE8104057
:10F3B00000F05EBFF0B5384E074687B0306890F871
:10F3C000541041B1354C6169491C6161012905DD69
:10F3D000012007B0F0BDFFF7D5FEF9E7806CF2F72A
:10F3E00075FD2F4D4FF0FF3100902161297821B13B
:10F3F00081680291C068039007E090F8281089079F
:10F400003CD5D0E90010CDE902101FB1394602A861
:10F41000F5F748F93068406C78B30098049030688C
:10F42000406C0168059140680690686A30B104A894
:10F43000F2F78AFD686AF2F749FD049005A904987D
:10F44000FFF7CCFE05A902A8F5F72CF90DF1100085
:10F45000F2F77AFD696A19B102A8FFF7C7FEB0B1E9
:10F460003068816C02A8FFF7C1FE80B1DDE90201BE
:10F47000C4E90001FFF744FFABE706E06069401E06
:10F4800060616846F2F760FD04E06846E0E76069A5
:10F49000401E606100209CE7B8020020EC7A012049
:10F4A00060030020FEB50D00044647D0F2F70EFDC4
:10F4B00000900021856101622846F2F707FD00995E
:10F4C0000290C56991F8281001F008062DB1284670
:10F4D000F2F7FCFC019036B115E0C4616846F2F722
:10F4E00033FD02A828E090F8280000070BD500980B
:10F4F00005620298C4616846F2F726FD02A8F2F799
:10F5000023FD01A818E002A8F2F71EFD01A8F2F7FA
:10F510001BFD2846F2F730FD11E004620BE028469F
:10F52000F2F72AFD5EB990F82810090707D501986F
:10F530000462009805626846F2F706FDFEBD019080
:10F54000056A002DEBD1E8E7202203F075BB38B542
:10F5500004001ED0F2F7BAFC009090F8281089073A
:10F5600014D5406A20B1F3F73FFB009900204862B0
:10F570002046FFF705FA044606E02046FFF7E7FFBE
:10F580002046F2F7F9FC046A002CF6D16846F2F73F
:10F59000DBFC38BD70B5064615460C460846F2F74A
:10F5A000EBFC806AC00302D54FF4804300E02023C7
:10F5B0002A4621463046BDE87040AFF300802DE971
:10F5C000FF419846164607460D0031D00846F2F72F
:10F5D0007DFC0090846A0246A00726D5394601A822
:10F5E000F5F77DF808B340F601000440012C07D080
:10F5F000424601A9284603F01FFB0098C46912E0A7
:10F6000000984346026A816901A8FFF7D8FFF4E732
:10F61000B4420AD0424601A92046FFF72EFC2046FC
:10F62000F2F7AAFC046A002CF2D16846F2F78CFCCF
:10F63000BDE8FF812023FFF7C2BF000070B50C4674
:10F64000002550B14CB100BFF2F796FC8069A04292
:10F6500001D1012501E00028F6D1284670BD10B582
:10F660000124F2F789FC90F82800C00600D5002498
:10F67000204610BD70B5104D06460E4C286804EBB0
:10F68000C00041683046FFF7D9FF296804EBC1028A
:10F69000516829B100215268B24203D1012202E02F
:10F6A0000121F8E700220143114301D0012070BD80
:10F6B000002070BD807B01206803002090F8283076
:10F6C0009B0711D5B0F900308B420DDCB0F9043046
:10F6D0008B4209DBB0F90210914205DCB0F906005B
:10F6E000904201DB012070470020704710B50446AE
:10F6F0000648C06806E0A04201D1012010BDF2F723
:10F700003BFC40690028F6D110BD000060030020DA
:10F71000F0B58BB006004FF0000015460C46049083
:10F720000590069007903DD054EA05003AD0304647
:10F73000F2F7CCFB0090D0E90012CDE902122A4684
:10F740002146F3F7CDFD00982A4621460830F3F70D
:10F75000C7FD0098C7696846F2F7F6FB2A462146BE
:10F76000384603F005FB3046F2F7B0FB009090F806
:10F77000281089070AD5816941B1026AFFF70AFF9B
:10F780000098026A816902A8FFF704FF6846F2F751
:10F79000DBFB0320049007AA08A831C204A9304665
:10F7A00000F054F90BB0F0BD2DE9F14187B0002510
:10F7B0000798F2F78BFB0190D0E90212CDE9031212
:10F7C00007698669846A01A8F2F7BEFB44F2200843
:10F7D00014EA080F30D0DFB103A80799FFF706FD40
:10F7E000B0B10798FFF75EFC60070DD556B144F342
:10F7F0000000401C0090002307AA114903A8F3F75A
:10F8000019FA05E00120F5E7079800F065F80125F1
:10F810000798F2F75BFB0190816A21EA0801816297
:10F820008A0402D541F00401816201A8F2F78CFB41
:10F8300004498888401E888008B02846BDE8F081C9
:10F84000A545010860030020F0B589B00546F2F730
:10F850003DFB0290866A0469D0E90210CDE90010F0
:10F8600002A8F2F771FB002C31D0B0072FD52E2162
:10F870002846FFF739FC174C6F46207800F101004D
:10F880002070F0044FF00F0609D5CDE90465079705
:10F89000FFF74AFC04A9284600F0D8F810E03846E3
:10F8A000FFF788FD0AE0CDE904650797FFF73CFC08
:10F8B00004A9284600F0CAF8FFF722FD0028F2D17B
:10F8C00020782F21401E20702846FFF70DFC09B03C
:10F8D000F0BD00006003002038B50446F2F7F6FAE8
:10F8E0000090806A40F601010840012805D0684672
:10F8F000F2F72AFB204603F0FFFA1448006A0028BA
:10F9000023D0204603F050FB2046F2F735FB8569F3
:10F91000046A18E02046F2F72FFB90F82800C04355
:10F92000800702D1204603F0F9FA204603F03CFBA1
:10F930002046F2F721FB046A002CEBD12846F2F7AF
:10F940001BFB8569046A002DF6D138BD60030020D9
:10F95000B0F90010B0F90420914205DCB0F90210B2
:10F96000B0F90600814201DD002070470120704798
:10F970007FB5094D074C286854F82000002808D0AE
:10F9800018210091694600F061F82968002044F8C8
:10F9900021007FBDA803002068030020094B1968DF
:10F9A000002905D00022814206D108680AB1106002
:10F9B00070470028186070470A4609680029F2D18C
:10F9C000704700007003002070B505460948C06804
:10F9D0000CE000BFF2F7D0FA04464069A84205D116
:10F9E0002846F2F7C9FA4069606170BD0028F1D17C
:10F9F00070BD00006003002070B50646F2F7BCFA47
:10FA000005468069002809D0F2F7B6FA0446C069B5
:10FA1000B0420ED1F2F7B0FA006AE06170BD00BFEB
:10FA2000F2F7AAFA0146006AB04202D1286A0862D7
:10FA300070BD0028F4D170BD10B5FFF7AFFC0028F1
:10FA400003DBBDE81040F3F76BBD10BD70B50D4C86
:10FA500006460D46206814280DDA3046F2F78CFA77
:10FA600001696E6041B12068401C206028468847CB
:10FA70002068401E206070BD2846BDE87040FEF73B
:10FA800085BE00001004002070B50C460546FFF747
:10FA9000E6FD002805D021462846BDE87040FFF766
:10FAA000D5BF70BD7FB50546002000900190029043
:10FAB00003900C462846F2F75FFA0269002A03D049
:10FAC0006846CDE9004590477FBD1FB5CDE90010E0
:10FAD0006946FFF7BBFF1FBD7FB505460E46486868
:10FAE000C9680391CDE901050D202C46009008E07E
:10FAF0002046FEF752FF040003D069460396FFF745
:10FB0000C3FF2046FFF7E8F90028F1D13146284627
:10FB1000FFF7BAFF7FBDF8B5CC680D46064684B145
:10FB2000F2F7D4F90090B0F900002168081A2060BB
:10FB300000996068B1F90210401A60606846F2F7F7
:10FB400003FA29463046FFF7C7FFF8BD2DE9FF4FFE
:10FB500081B09B46C66962E03046F2F7B7F90146CC
:10FB60000090D1E90004896A254601F42073024619
:10FB7000802B09D0B3F5207F029B134406D063F39A
:10FB80000F02029B234405E002EB0B0363F30F0219
:10FB900004EB0B0301F4A06163F30F04B1F5807F64
:10FBA0000BD0B1F5A06F03994FEA224307D0194457
:10FBB00061F31F422314039906E00E9913141944AC
:10FBC00061F31F420E99231419440FFA82FA61F36C
:10FBD0001F440FFA80F917144FEA2048AAEB0901D5
:10FBE000A7EB080251EA020002D03046FFF780F985
:10FBF0002AB221B2A2EB0900A1EB0A01091AC7EB54
:10FC00002440C8EB2542821A51EA020002D0304655
:10FC1000FFF7BDF90098066A6846F2F795F9002EDD
:10FC20009AD105B0BDE8F08F30B50B4C23680C2B92
:10FC300010DA0A4A190009D002EB410535F9025CD5
:10FC4000854203DB22F81150491EF5D122F811003C
:10FC50005B1C236030BD00001C030020D47A01200F
:10FC60002DE9F0411B4D0C460646A968686B01441E
:10FC7000491EA019884205D8016819B941680E4487
:10FC800003F020FA686BA0420AD254F8040C271A39
:10FC9000386828B978680644384603F013FA3C46B9
:10FCA000304602F039FE05EBC007324600212046FF
:10FCB0003B6C03F055FF57F8400F083400B1446027
:10FCC0002060002060603C60286830442860304636
:10FCD000BDE8F081847901202DE9F041054602F06C
:10FCE00059FF2B48C46BAC4202D8ED1C25F003042D
:10FCF000804600680C34A04202D20020BDE8F081AA
:10FD000003F0A0F90600F9D0204602F005FE4246B5
:10FD100011E000BF02EBC001096C59B18D686B683E
:10FD2000A3420BD2A96829B18D686B68A34205D2A2
:10FD3000002DF7D1401C1028ECD31FE0F5B1D8F806
:10FD40003C00191B0C301F46814200D23C4628461D
:10FD500003F0B8F90421D8F8300001EBC601002304
:10FD6000455022463146284603F0FAFEA74203DDFD
:10FD70002919381BFFF774FF3046BFE7204603F010
:10FD8000E9F90028C0D0304603F07CF9B5E700005F
:10FD900084790120F0B540F6FF756C422E4623466B
:10FDA0004FF0000E13E000BFB1F900C0B1F90270CE
:10FDB000654500DD6546644500DA6446BE4200DD07
:10FDC0003E46BB4200DA3B46091D0EF1010E964548
:10FDD000EADB058084804680C380F0BD0120704747
:10FDE00010B5074CD4E902010A1A521C00216068C0
:10FDF000F4F798FD0348810CC4E90401A06110BD2B
:10FE00006002002001C0FFFFF0B40F4C246814B161
:10FE1000A446F0BC60470D4DDFF834C010C855FA59
:10FE200084F63778C4F30726C4F307441CF8066049
:10FE30002C5D521E04EB461404EBC7240C801944BD
:10FE4000ECD1F0BC704700009C020020B8CC010847
:10FE5000B8CD010810B510C80C601944521EFAD173
:10FE600010BD00002DE9F0478146F5F72DFA4FF05F
:10FE7000000807466FF07F444546F5F73DFA060057
:10FE800018D000BF56F82510494502D12846BDE8D4
:10FE9000F0876D1CBD42F5DB5FF00005484656F863
:10FEA0002510F2F709F9A04201D20446A8466D1CBC
:10FEB000BD42F3DB4046EAE77047000010B5084A50
:10FEC00052FA80F1074BC0F30724C0F307401B5DD3
:10FED000105C097800EB431000EBC12010BD00005E
:10FEE000B8CC0108B8CD01082DE9F05F9A46DDE9EC
:10FEF0000A8791460C4605468B46164635F8020B96
:10FF000041468847B84701C4761EF7D15046BAF13A
:10FF1000200F06D2024649465846BDE8F05FF3F787
:10FF2000D5BFBDE8F09F2DE9F041054640690E467A
:10FF30003421008801EB8000F1F7F4FE0746F1F769
:10FF4000C5FF044628688069F2F7C6F9C1688A6A65
:10FF500008219047032810DB04280DDD082809DD5F
:10FF6000102803DD20200421A06108E010200221D8
:10FF7000A06104E0082000E004200121A0612161CB
:10FF800068690088E06148436061F1F777FF616963
:10FF9000814200DD606104F1340000212060C4E989
:10FFA000027184F83060012E05D0E1696FF0030220
:10FFB00002EB8101084460602046BDE8F08100004A
:10FFC0002DE9F04385B08146F1F780FF0390B0F949
:10FFD0000080B0F90270B0F90440B0F90650466AEA
:10FFE00003A8F1F7B1FFA4EB0804ED1B641C6D1C22
:10FFF000002C01DD002D03DC002005B0BDE8F083FE
:020000040801F1
:10000000AEB13046F1F762FF0490B0F90440B0F9A8
:10001000065004A8F1F798FF4046444501D1BD427F
:100020004FD001463A463046F2F78AFF49E0FEF7E4
:1000300091FC814513D1F5F7CBF90646F5F7D4F9D4
:10004000B44201DC85420ADDB44200DD344685421B
:1000500000DD05462A4621464846FFF76FF81D4A4F
:100060001D4901208DE807002B46224639464046AF
:10007000F2F7D2FF06464846F1F728FF03904662A2
:100080000EB3816A41F48031816203A8F1F75CFF0D
:100090003046F2F727FF07460120F3F705FF304609
:1000A000F2F7CEFE0D496C43A2000978F4F73AFC52
:1000B0004846FFF7C9FB0020F3F7F6FE3846F2F793
:1000C00011FF304699E703A8F1F73EFF4846FFF7D6
:1000D000BBFB91E71CD2010874D201080C0400207C
:1000E0000349884202D101F13C0070470C38704747
:1000F000D87B012010B50446E069FEF77FFBE0697C
:100100000028F9D110BD00002DED028B8EB000202B
:10011000F3F71EFAF1F7F2FF6FF07F40F3F723FADF
:100120003A48F3F73DFA0522A02139A0F2F7E8F9A1
:100130003D48F3F735FA3222A0213CA0F2F7E0F96E
:10014000F1F74EFD0420F1F7E5FD5EE0F2F708FB64
:10015000064609A8F2F704FD002519E0204602F042
:100160003FFADFED3A0A20EE200A8DED080ADDEDB8
:10017000080AB0EE600A052235490DF10200F3F7D6
:100180006DF96B46334A694609A8F2F7E5FD6D1C27
:10019000F2F7E6FA841B45F6C0508442DEDB6FF0CE
:1001A0007F40F3F7E0F92048F3F7FAF9C822A021DD
:1001B00029A0F2F7A5F90220F3F74EFA0020F3F791
:1001C0005BFAF2F7DDF8A020F2F7FAFA00EE104A37
:1001D000F8EEC00A00EE105AB8EEC00A80EE801A9F
:1001E000B0EE418A0220B0EE480AF2F7C5F809A83D
:1001F000F2F71EFD40F6B830F2F780F8EF2340F238
:100200003F1246210020F1F787FF9FE7D8A501089C
:100210004D454D4445565F4175746F446576202DBC
:100220002053616D706C650020CC01085363616CD4
:1002300065207573696E67204755495F4155544F76
:100240004445562D6F626A656374000035FA8E3C32
:1002500008930108650401084D696C6C6973656356
:100260006F6E6473202F20706963747572653A0035
:100270000146064A002000BF52F820308B4204D0CD
:10028000401C0228F8DB4FF0FF3070479803002035
:1002900070B506460D480C46154650F8241000EE81
:1002A000901AF8EE600A20EE800A02F0A3FFBDEE7D
:1002B000C00A2246314610EE100A1DB1BDE870405A
:1002C000F2F770B8BDE87040F2F74CB884D001087E
:1002D00070B50D462DED048BB0EE408AB7EE009A56
:1002E000B5EEC08AF0EE488AF1EE10FA044647D027
:1002F000B5EEC08ADFED3C9AF1EE10FA23DB18EE82
:10030000100AB0F17E5F1EDAB0EE480A02F0FCF986
:10031000A04202DC78EE898A39E018EE100AB0F1CA
:100320007C5F05DB64BBF0EE698AB0EE498A2EE0A3
:1003300024B1F0EE498AB0EE698A28E0F0EE698ACD
:10034000B0EE688A23E0B5EEC08AF1EE10FA1ED254
:1003500018EE100A10F1814F19D2B0EE480A02F0DF
:10036000D3F9A04202DC78EEC98A10E018EE100A38
:10037000B0F13F4F03D31CB9BFEE008A05E014B1C2
:10038000F0EE498A03E0B0EE698AF0EE488A174839
:1003900050F8240000EE100AB8EE400A20EE280AB9
:1003A00002F028FFBDEEC00A10EE100AF2F7A0FA24
:1003B000001B00D50020012D05D1B5EEC08AF1EE5D
:1003C00010FA00DD401C20440CB1012100E00021A6
:1003D000B0EE480A0844BDEC048B2A462146BDE82D
:1003E0007040C0B2FFF754BF0000000084D0010885
:1003F000F7B51546184A01A9009812689047174C9E
:1004000000902068406920B12946F3F703F80028DE
:1004100021D00120F4F78CF92068C069406920B12F
:100420008268DDE90001904712E00D4D0CE068465E
:10043000F3F78AFB06462068C069016830468847A2
:10044000296809B1304688470198401E0190EED5D1
:100450000020F4F76DF9FEBD1C040020B802002056
:10046000E002002070B504462546287880B1174880
:10047000008800F13B021548408800F15001B42388
:100480003C20F1F749FE50223C211048F2F752F887
:100490006FF07F40F3F767F84FF45C734FF420720E
:1004A0000521A81CF1F7B4FB287868B10220F3F706
:1004B000E3F8FF20F3F757F80548F3F771F88C22BB
:1004C000A02104A0F2F71CF870BD0000F49201080E
:1004D000D8B8010852504D202F2031303030000064
:1004E0002DE9F04781460C4617461D46DDF8208071
:1004F000B9B2A0B2F5F780FB09480089094909683B
:10050000088007E02E88084800680680A8F10108E6
:10051000641CAD1CB8F1000FF4DCBDE8F0870000EE
:100520005C290020B4000020B80000202DE9FF4F16
:1005300083B081460E461C46DDE9117A109DDAF83B
:1005400000000290DAF8040001902E44324800685E
:10055000007C00F0030030B1012836D002281CD006
:10056000032855D130E000BF207880222A41104076
:1005700008B1019800E0029803463146761C4846CF
:10058000059A02F03DFF681C0546082801D10025A8
:10059000641C781E071EE7D13AE000BF2078802156
:1005A0002941084028B131464846019B059A02F08E
:1005B00027FF761C681C0546082801D10025641C0D
:1005C000781E071EEAD123E000BFD9F81010886812
:1005D0008047804600BF207880212941084060B1D3
:1005E00031464846059A02F0A5F983468BEA08038E
:1005F00031464846059A02F003FF761C681C054602
:10060000082801D10025641C781E071EE3D100BF15
:1006100000BF07B0BDE8F08FB80200202DE9FF5FF2
:100620009046DDE90E924B4B99F80050C2F1080458
:100630008A465D5DDDE91071D540474A139E126818
:10064000127C12F0030225D0012A03D0022A37D0EF
:10065000032A7DD10069806880471FFA80FBBC4275
:1006600000D93C463F1BBAF1000F65D0E8070AD01D
:10067000DAF808004146039A0368504698473188E3
:1006800081EA0B013180B61C6D0808F10108641E77
:10069000ECD15BE02F4ABC4200D93C46B7EB0407E3
:1006A00005F001006D0831F8200026F8020B641EE9
:1006B000F6D1002F4CD019F8010F0824155CEAE799
:1006C00088881FFA80FBBC4200D93C463F1BBAF128
:1006D000000F16D08DB1E80708D0DAF808004146BF
:1006E000039A036850469847A6F800B0B61C08F174
:1006F0000108641E11D06D08ECE706EB4406A04427
:100700000BE045B1E80701D0A6F800B0B61C641EA6
:1007100003D06D08F5E706EB4406002F18D019F852
:10072000011F0C480824455CCDE719F8011F094852
:100730000824455C93E70BE0E80703D0308880EAA3
:100740000B003080B61C6D08641EF5D1002FECD173
:10075000BDE8FF9FC8D00108B80200202DE9FF4F77
:1007600081B08A46DDF8388011ACDFF8FCB098F82B
:1007700000509146DDE90F1745CC1BF80550C1F13B
:100780000804CD4039495B460968097C11F0030132
:100790001ED0012903D002292FD0032961D110686E
:1007A0000069806880475946BC4200D93C463F1BDF
:1007B000EA0702D0326842403260361D6D08641E7E
:1007C000F6D1002F4DD018F8012F08248D5CEBE7EF
:1007D0001946BC4200D93C46B7EB040705F00102BC
:1007E0006D0850F82220641E04C6F7D1002F38D0BF
:1007F00018F8012F08248D5CEBE740680090BC429C
:1008000000D93C463F1BBAF1000F16D08DB1E80766
:1008100008D0DAF808004946049A03685046984719
:1008200000983060361D09F10109641E11D06D0871
:10083000ECE706EB8406A1440BE045B1E80701D0E4
:1008400000983060361D641E03D06D08F5E706EB96
:100850008406002F05D018F8011F08241BF801504A
:10086000CDE705B0BDE8F08FC8D00108B802002080
:100870002DE9FF4F81B00F469846DDE90F9A98F8B1
:1008800000B00E9D0E9D2F4453480068007C00F080
:10089000030010B102284BD14BE0BAF1000F25D074
:1008A00000BFC5F103004400C4F10601C0200841A7
:1008B00000EA0B0020FA04F65AF8260000903946A8
:1008C0007F1CDDE90030039A02F09AFD681C0546A2
:1008D000042805D1002508F10100804690F800B0F9
:1008E000A9F10100B0F10009DBD121E000BFC5F1A1
:1008F00003004400C4F10601C020084100EA0B00D7
:1009000020FA04F639467F1C3346039A019802F018
:1009100077FD681C0546042805D1002508F1010073
:10092000804690F800B0A9F10100B0F10009DED1D5
:100930004DE0BAF1000F26D000BFC5F1030044001E
:10094000C4F10601C020084100EA0B0020FA04F6B9
:1009500046B15AF8260000903946DDE90030039A86
:1009600002F04EFD7F1C681C0546042805D10025B9
:1009700008F10100804690F800B0A9F10100B0F143
:100980000009DAD122E000BFC5F103004400C4F140
:100990000601C020084100EA0B0020FA04F62EB13F
:1009A00033463946039A019802F02AFD7F1C681CE1
:1009B0000546042805D1002508F10100804690F87D
:1009C00000B0A9F10100B0F10009DDD100BF00BF06
:1009D00005B0BDE8F08F0000B80200202DE9FF5FF0
:1009E0008B460FA9DDF83880B1E82104C0F104017D
:1009F000CCB298F80010400081402F48129F9146D9
:100A00000068CEB2007C10F0030004D001283AD078
:100A100002284FD114E0AC4200DDECB22D1BB1092D
:100A20003AF8210027F8020BB006060E641E14F0F7
:100A3000FF04F4D1002D3DD0042418F8016FEAE73B
:100A4000AC4200DDECB22D1BB0090DD0B109BBF1F9
:100A5000000F3AF82100388006D0DBF8080049463C
:100A6000039A036858469847B006BF1C060E641EDA
:100A700009F1010914F0FF04E6D1002D1AD0042475
:100A800018F8016FDCE7AC4200DDECB22D1BB009B9
:100A900003D0388880F0FF003880B006BF1C060EF7
:100AA000641E14F0FF04F2D1002D03D0042418F8C2
:100AB000016FE8E7BDE8FF9FB80200202DE9FF5F66
:100AC0008B460FA9DDF83880B1E82104C0F104019C
:100AD000CCB298F80010400081402F48129F9146F8
:100AE0000068CEB2007C10F0030004D0012839D099
:100AF00002284ED113E0AC4200DDECB22D1BB1094F
:100B00005AF8210001C7B006060E641E14F0FF0457
:100B1000F5D1002D3DD0042418F8016FEBE7AC426D
:100B200000DDECB22D1BB0090DD0B109BBF1000FF7
:100B30005AF82100386006D0DBF808004946039ACD
:100B4000036858469847B0063F1D060E641E09F11B
:100B5000010914F0FF04E6D1002D1AD0042418F87E
:100B6000016FDCE7AC4200DDECB22D1BB00903D015
:100B7000386880F0FF003860B0063F1D060E641E26
:100B800014F0FF04F2D1002D03D0042418F8016FF3
:100B9000E8E7BDE8FF9F0000B80200202DE9F04122
:100BA00007460D4690461C46069E08E042462946EA
:100BB0003846236802F024FC761E6D1C241D002E8E
:100BC000F4DCBDE8F0812DE9F0479946DDE90854F1
:100BD0000A9F92465FEA0108064608D0D8F8080046
:100BE00023464A46D0F804C051464046E0473069A3
:100BF000C06830B1A20029463846BDE8F047EFF79B
:100C0000E8BC28462146002604C8120E02D1761CF4
:100C1000491EF9D156B1B20029463846EFF7D9FC42
:100C200007EB860705EB8605A41B0CE02868010E80
:100C3000FF2905D2C1F1FF023968F3F7D7FD38600B
:100C40003F1D2D1D641E002CDBD1BDE8F087000088
:100C50002DE9FF4F81B00F469846DDE90F9A98F8CD
:100C600000B00E9D0E9D2F4453480068007C00F09C
:100C7000030010B102284BD14BE0BAF1000F25D090
:100C800000BFC5F101008400C4F10401F020084157
:100C900000EA0B0020FA04F65AF8260000903946C4
:100CA0007F1CDDE90030039A02F0AAFB681C0546B0
:100CB000022805D1002508F10100804690F800B017
:100CC000A9F10100B0F10009DBD121E000BFC5F1BD
:100CD00001008400C4F10401F020084100EA0B0087
:100CE00020FA04F639467F1C3346039A019802F035
:100CF00087FB681C0546022805D1002508F1010084
:100D0000804690F800B0A9F10100B0F10009DED1F1
:100D10004DE0BAF1000F26D000BFC5F101008400FC
:100D2000C4F10401F020084100EA0B0020FA04F6A7
:100D300046B15AF8260000903946DDE90030039AA2
:100D400002F05EFB7F1C681C0546022805D10025C9
:100D500008F10100804690F800B0A9F10100B0F15F
:100D60000009DAD122E000BFC5F101008400C4F11E
:100D70000401F020084100EA0B0020FA04F62EB12D
:100D800033463946039A019802F03AFB7F1C681CEF
:100D90000546022805D1002508F10100804690F89B
:100DA00000B0A9F10100B0F10009DDD100BF00BF22
:100DB00005B0BDE8F08F0000B80200202DE9F05F1B
:100DC00092460BAA8946B2E842010A9F9B468B00D5
:100DD0003A78C1F102009A40D5B24D4A0E9CC0B299
:100DE0001268127C12F003021AD0012A79D0022A6A
:100DF00038D100295FD028090DD02909B9F1000F99
:100E000038F82100208006D0D9F808005A4651460B
:100E1000036848469847A41C0AF1010A761E48E078
:100E200039B12909761E38F8210024F8020B17F889
:100E3000015F022E10DB701006F001062A0938F857
:100E4000221005F00F02218038F822106180241D45
:100E500017F8015F401EF1D1002E03D0290938F8A0
:100E600021002080BDE8F09F28090DD02909B9F1A3
:100E7000000F38F82100208006D0D9F808005A4623
:100E8000514603684846984715F00F000DD038F8D2
:100E900020006080B9F1000F07D0D9F808005A4649
:100EA0000AF10101036848469847241D0AF1020A25
:100EB000B61E17F8015F022ED6DA002ED2D028090E
:100EC000D0D038F820002080B9F1000FCAD0D9F86E
:100ED00008005A46514603684846BDE8F05F184787
:100EE000FFE7B04200DDF0B2361AA90903D021882D
:100EF00081F0FF0121802907A41C0D0E401E10F077
:100F0000FF00F2D1002EADD0022017F8015FE8E714
:100F1000B80200202DE9F05F92460BAA8946B2E89C
:100F200042010A9F9B468B003A78C1F102009A4029
:100F3000D5B24D4A0E9CC0B21268127C12F0030268
:100F40001AD0012A78D0022A37D100295ED0280988
:100F50000DD02909B9F1000F58F82100206006D002
:100F6000D9F808005A465146036848469847241D58
:100F70000AF1010A761E47E031B12909761E58F8B8
:100F8000210001C417F8015F022E10DB701006F07B
:100F900001062A0958F8221005F00F02216058F8BE
:100FA00022106160083417F8015F401EF1D1002E55
:100FB00003D0290958F821002060BDE8F09F2809D6
:100FC0000DD02909B9F1000F58F82100206006D092
:100FD000D9F808005A46514603684846984715F024
:100FE0000F000DD058F820006060B9F1000F07D055
:100FF000D9F808005A460AF10101036848469847A3
:1010000008340AF1020AB61E17F8015F022ED6DA7A
:10101000002ED2D02809D0D058F820002060B9F195
:10102000000FCAD0D9F808005A465146036848460E
:10103000BDE8F05F1847FFE7B04200DDF0B2361AB6
:10104000A90903D0216881F0FF0121602907241D2F
:101050000D0E401E10F0FF00F2D1002EADD0022088
:1010600017F8015FE8E70000B80200202DE9F0471B
:1010700081460F4692461C46DDE90858264800681E
:10108000007C00F0030010B1022841D11EE0B8F14D
:10109000000F0ED00AE0267858F82630524639461E
:1010A000484602F0ADF96D1E7F1C641C002DF2DC79
:1010B0000BE008E0237852463946484602F0A0F992
:1010C0006D1E7F1C641C002DF4DC21E0B8F1000FC4
:1010D0000FD00BE0267836B158F826305246394604
:1010E000484602F08DF96D1E7F1C641C002DF1DC5A
:1010F0000DE00AE026782EB133465246394648467E
:1011000002F07EF96D1E7F1C641C002DF2DC00BF16
:1011100000BFBDE8F0870000B80200202DE9FF4FB6
:1011200083B015461E46DDE914BADDE91297DDF8F5
:101130004080119808283FD006DC012809D00228F9
:1011400018D0042863D126E0102844D020285ED18E
:101150004FE000240BE062193B46CDE900B6CDF824
:1011600008A0DDE90301FFF7E1F94F44641C4445A1
:10117000F1DB4CE000240BE062193B46CDE900B600
:10118000CDF808A0DDE90301FFF772FB4F44641CB2
:101190004445F1DB3BE000240BE062193B46CDE91E
:1011A00000B6CDF808A0DDE90301FFF751FD4F447B
:1011B000641C4445F1DB2AE0002409E062193B4647
:1011C000CDE9006ADDE90301FFF750FF4F44641CDD
:1011D0004445F3DB1BE0002408E062193B4600961F
:1011E000DDE90301FFF77CF94F44641C4445F4DB5F
:1011F0000DE0002408E062193B460096DDE903019A
:10120000FFF7CCFC4F44641C4445F4DB00BF00BF37
:1012100007B0BDE8F08F00002DE9FF4F8DB0A84862
:10122000DDE91D860068DDE91A970C46006EF0F7CF
:101230004DFE0690406908B1F0F748FE0A90069806
:10124000C068089006A8F0F77FFEA0190E900A98D3
:1012500050B19B490968097C890705D10EACCDF8CE
:1012600000900ECCF2F79AFCDDE90E0102F094FF3B
:101270000446102F03D0182F5CDB002056E0002519
:101280001FE000BFDDE90EB02844DDF828A0109E65
:1012900002905FEA08010FD020000DD07200EFF736
:1012A00011F9BAF1000F07D0DAF8080033465946B1
:1012B00047685046029AB8471C986D1C80440898AD
:1012C00004444D45DEDBF1E00A980390DDE90EB100
:1012D0000B985FEA080508440190DDF840A0264617
:1012E0001ED0EEB1039830B1806853465946476826
:1012F000019A0398B8470D992868096909688847D1
:101300003080039828B180685946019A0368039891
:101310009847B61C2D1D0BF1010BBAF1010AEAD159
:1013200008981C9904440B988844401C0B9048452D
:10133000CADBBBE0082F03D01F9800286CD06DE0FB
:10134000002065E01F9800280A9832D0DDE90EA140
:1013500002900BEB010000901F9804905848109FDA
:10136000454600682646007C10F0030002D00228A3
:1013700048D109E015F8011B04987F1E30F82100C0
:1013800026F8020BF6D13DE0287858B1049931F8DF
:1013900020003080029828B180685146009A036886
:1013A00002989847B61C6D1C0AF1010A7F1EEBD10A
:1013B00028E0DDE90EA101900BEB0100029040480E
:1013C000109F464600682546007C10F0030002D0BE
:1013D000022817D105E03A4641462046EFF772F859
:1013E00010E0307840B12880019828B180685146DB
:1013F0000368DDE901029847AD1C761C0AF1010A79
:101400007F1EEED108981C99044488440BF101001A
:101410008346484596DB49E02A481F90002543E073
:101420003846012F04D002281CD0042F37D128E0E1
:1014300023480068006EF0F749FD0690CDF8008063
:10144000109A1F990594CDE90310CDE901620F9818
:101450000A992B18DDE90D02FFF7E0F806A8F0F76E
:1014600073FD1CE010991F98CDE90086CDE90210AC
:101470000F9804942B18DDE90D020A99FFF7AEFAD4
:101480000DE010991F98CDE90086CDE902100F9864
:1014900004942B18DDE90D020A99FFF78FFC1C99C3
:1014A0000898884404446D1C4D45B9DB0A9800280F
:1014B00002D00AA8F0F748FD11B0BDE8F08F000097
:1014C000B802002044CC010830B408460299144602
:1014D0001144491EC2180B46214630BC521E01F071
:1014E0001DBC00002DE9FF4F8FB0A148DDE91C961F
:1014F0000068DDE91F870C46006EF0F7E7FC0690F8
:10150000406908B1F0F7E2FC0A900698C0680890BC
:1015100006A8F0F719FD04EB070010900A9850B1E7
:1015200093490968097C890705D410ACCDF800906F
:101530000ECCF2F733FBDDE9100102F04BFE04465E
:10154000182E15DB002510E01298CDF80080CDE9AB
:10155000010411980A992B18DDE90F02FFF733FBFC
:101560001E990898884404446D1C4D45ECDBF6E058
:10157000102E05D0082E3ED02198002873D0A7E069
:10158000002034E01098029011990B98DDF828A003
:101590000844DDF848B0464601902546BAF1000FF0
:1015A00007D0DAF80800DDE9012147685B465046BC
:1015B000B8470F9930880969496888472860BAF1A7
:1015C000000F06D0DAF80800DDE901210368504673
:1015D000984702982D1D401CB61C0290BBF1010BD0
:1015E000E7D108981E9904440B988844401C0B903E
:1015F0004845C7DBB3E0002064E0219800280A9842
:1016000032D0DDE910A103900BEB0100019021988D
:1016100000905748129F454600682646007C10F00F
:10162000030002D0022847D108E015F8011B0098FA
:101630007F1E50F8210001C6F7D13DE0287858B14F
:10164000009951F820003060039828B18068514615
:10165000019A036803989847361D6D1C0AF1010A28
:101660007F1EEBD128E031E00490DDE910A0584462
:1016700002903F48129F454600682646007C10F0C5
:10168000030002D0022817D105E03A464146204621
:10169000EEF718FF10E0287840B13060049828B1C8
:1016A00080685146029A036804989847361D6D1C5D
:1016B0000AF1010A7F1EEED108981E99044488445D
:1016C0000BF101008346484597DB48E0294821900B
:1016D000002542E0012E04D0022E1CD0042E37D16A
:1016E00028E023480068006EF0F7F0FBCDF800809A
:1016F0000690219A12990594CDE90320CDE9017154
:1017000011980A992B18DDE90F02FFF727F806A8B0
:10171000F0F71AFC1CE021981299CDE90210CDE9EE
:101720000087119804942B18DDE90F020A99FFF73E
:10173000C5F90DE021981299CDE90210CDE9008795
:10174000119804942B18DDE90F020A99FFF7E2FBC8
:101750001E986D1C8044089804444D45BADB0A98D5
:10176000002802D00AA8F0F7EFFB13B0BDE8F08F15
:10177000B802002034D20108F8B505460E461446DA
:101780001F463B46224631462846009400F0D6FAD2
:10179000F8BD00002DE9F041054614468846AA42EE
:1017A0005EDB304F304E386890F8701098FBF1F0E7
:1017B0003169884207D000F0B5FE386890F87010A3
:1017C00098FBF1F030613868726990F8701095FB01
:1017D000F1F394FBF1F0934200DA7361B269904245
:1017E00000DDB061B268934201DA01FB02F5F368F3
:1017F000984203DD5B1C01FB03F4641EAC422FDB4B
:1018000095FBF1F0A0EB020C94FBF1F0A0EB0208C9
:10181000A8EB0C0370685B1C6044012B06D00CEB3A
:101820000206761C4E43711B057808E00278611BA6
:10183000491C114413E03D68017895F870505B1E17
:10184000294400F8011B012BF5DC08EB02013A6882
:1018500092F8702001FB12410278491C114401707A
:10186000BDE8F081B80200206002002008B50092B7
:1018700000F000FC08BD30B41C4613462246084662
:1018800030BC194601F04ABA08B5009200F052FC8B
:1018900008BD00002DE9F041134E9EB00125B46A49
:1018A00004B9F4686846F1F725FE10480068D0E9ED
:1018B0000C875CB12046FDF777FF00B16D1E204616
:1018C000F0F75AFB44690CB1002DF3D14046B462E5
:1018D000F1F749FE3846F1F73BFE6846F1F7B6FDF1
:1018E0001EB0BDE8F081000060030020B8020020B7
:1018F000F8B506460C4617461D4623463A4621468D
:101900003046009500F01AFAF8BD00002DE9FC47BA
:10191000DFF8AC8081461E46D8F8000015468A469E
:10192000006EF0F7D3FA0190406908B1F0F7CEFAF3
:1019300000902946504602F02FFC04460198C768E3
:10194000D8F80000017CC90715D0D9F810008068CC
:10195000804787B2009820B181682A460B685146BB
:10196000984720886D1C784020800198B542C06857
:101970000444EFDD19E0C06B0168009870B11FFAF4
:1019800081F800982A4681680B6851469847A4F868
:1019900000806D1C3C44B542F3DD06E0701B401C2A
:1019A00089B221803C44401EFBD101A8F0F7CCFA5B
:1019B0000098002802D06846F0F7C6FABDE8FC8718
:1019C000B802002030B4144608460A46214630BC0E
:1019D00001F0A4B92DE9FC47284F1E46154638688A
:1019E0008946006EF0F772FA0190406908B1F0F78D
:1019F0006DFA00902946484602F0ECFB396804462F
:101A00000198CA6B097CD0F80C801768C90715D0FB
:101A100000680069806880470746009820B18168A7
:101A20002A460B684946984720686D1C784020601C
:101A30000198B542C0680444EFDD13E0009858B146
:101A400000982A4681680B684946984727606D1CB4
:101A50004444B542F4DD05E0701B401C276044445B
:101A6000401EFBD101A8F0F76FFA0098002802D0C1
:101A70006846F0F769FABDE8FC870000B80200206C
:101A800001700120704700002DE9F047224C042628
:101A9000A06AE0B1E06806EBD0014518E800FEF767
:101AA0001BF9070036D0216B06EBC700B1460E5874
:101AB000E0680836C2003046D4F82880EEF789FD89
:101AC000A7622663E0684B4601466A1E0EE0124894
:101AD000BC30D0E901100830B1FBF0F5AD1CDDE7FA
:101AE000471C03EBC00C401C46F80C709042F7D327
:101AF00009EBC0000022325021626068691A084474
:101B0000E56060605FEA080001D0F0F739F9002075
:101B1000BDE8F0870120FBE784790120F8B51A4D74
:101B2000E86AE8B1F0F7A0FEEC6813E02046F0F7B1
:101B3000CDF90090018D090408D526464469684610
:101B4000F0F702FA3046FCF759FE03E044696846B4
:101B5000F0F7FAF9002CE9D10020E862F2F72EF94B
:101B6000A86900B180470948006808B1804738B9C2
:101B70000748006890F8540020B1F1F701FC08B163
:101B80000120F8BD0020F8BD60030020DC02002029
:101B9000B80200207CB51D466846069CFEF7FAF8A0
:101BA000224629466846F1F79BFBBDF90630BDF990
:101BB0000420BDF90210BDF9000001F0AFF87CBDB2
:101BC0002DE9F047DFF8F4909A461546D9F800C0A1
:101BD0000E4604469CF87180B8F1000F01D0012731
:101BE00001E09CF87070B4F900000123014608E0A0
:101BF00034F92320824200DA10468A4200DD114681
:101C00005B1CB342F4DBB8F1000F29440AD09CF806
:101C10007020284491FBF2F190FBF2F0F0F732F8DB
:101C200010B147E02844F9E7D9F80000C84690F819
:101C30007100C8B90020414614E000BF0B6834F8B9
:101C4000202093F8703012FB03F224F82020D1F802
:101C500000C004EB800253889CF870C013FB0CF3A7
:101C60005380401CB042E9DB0AFB07F305FB07F297
:101C700031462046EFF792FCD8F80000414690F834
:101C80007100A8B116E000BF0B6834F9202093F86A
:101C9000703092FBF3F224F8202004EB80020D68F0
:101CA000B2F90230401C95F8705093FBF5F3538065
:101CB000B042E9DBBDE8F047EFF79ABFB802002079
:101CC0007CB51D466846069CFEF764F82246294608
:101CD0006846F1F705FB1848006890F87110F9B1F3
:101CE000BDF9002010F8701F92FBF1F2ADF8002052
:101CF000BDF9022092FBF1F1ADF80210BDF904200C
:101D000001780A44521E92FBF1F1ADF80410BDF9BE
:101D1000061000780144491E91FBF0F0ADF8060072
:101D2000BDF90630BDF90420BDF90210BDF900006F
:101D300000F0F4FF7CBD0000B8020020F0B50646BC
:101D4000059CC84DAD8849F24137BD420BD0C54D09
:101D5000AD8845F21037BD4205D0C24DAD8846F67C
:101D60000407BD427ED1BF4D6D89BF4F3F683D80A6
:101D7000C1F30F25BD4F3F683D80CDB2BB4F3F68DB
:101D80003D80C3F30F25B94F3F683D80DDB2B74FAB
:101D90003F683D80B34DAD89B34F3F683D80C2F38E
:101DA0000F25B24F3F683D80D5B2B04F3F683D80B0
:101DB000C4F30F25AD4F3F683D80E5B2AB4F3F68A0
:101DC0003D80A84D6D89A84F3F683D80C1F30F2528
:101DD000A64F3F683D80CDB2A44F3F683D80A14DE6
:101DE000AD89A14F3F683D80C2F30F259F4F3F68EB
:101DF0003D80D5B29D4F3F683D80A51A6D1C5F1A8E
:101E00007F1C05FB07F0974D2D89974F3F683D805C
:101E100006E0974D2D68ED6B2D88944F3F683D800F
:101E2000051EA0F10100F4D18E4D6D898E4F3F68E3
:101E30003D8000258D4F3F683D808C4F3F683D8041
:101E4000884D2D882D12894F3F683D80854D2D7816
:101E5000864F3F683D80834DAD89834F3F683D800D
:101E6000002500E011E0814F3F683D807F4F3F68D3
:101E70003D807C4D6D882D127C4F3F683D80794DB3
:101E8000AD787A4F3F683D80EAE0764DAD8845F207
:101E90001057BD42F8D1734D6D89734F3F683D8037
:101EA000C1F30F25714F3F683D806E4D6D896D1CEC
:101EB0006D4F3F683D80CDB26C4F3F683D80694DAE
:101EC0006D89AD1C684F3F683D80C3F30F25674F98
:101ED0003F683D80634D6D89ED1C634F3F683D80D9
:101EE000DDB2624F3F683D805E4DAD895E4F3F6819
:101EF0003D80C2F30F255D4F3F683D80594DAD8950
:101F00006D1C594F3F683D80D5B2584F3F683D80AA
:101F1000544DAD89AD1C544F3F683D80C4F30F252F
:101F2000524F3F683D804F4DAD89ED1C4E4F3F688D
:101F30003D80E5B24D4F3F683D804A4D6D894A4F27
:101F40003F683D80C1F30F25484F3F683D80454DB8
:101F50006D896D1C444F3F683D80CDB2434F3F6853
:101F60003D80404DAD89404F3F683D80C2F30F2515
:101F70003E4F3F683D803B4DAD896D1C3A4F3F68F9
:101F80003D80D5B2394F3F683D80A51A6D1C5F1A60
:101F90007F1C05FB07F0334D2D89334F3F683D8093
:101FA00006E0334D2D68ED6B2D88304F3F683D8046
:101FB000051EA0F10100F4D12A4D6D892A4F3F681A
:101FC0003D800025294F3F683D80264D6D896D1C61
:101FD000254F3F683D800025244F3F683D80214DBF
:101FE0006D89AD1C204F3F683D801E4D2D882D1200
:101FF0001E4F3F683D801B4D6D89ED1C1A4F3F6899
:102000003D80184D2D78194F3F683D80154DAD89A5
:10201000154F3F683D800025144F3F683D80114DAE
:10202000AD896D1C104F3F683D8000250F4F3F6804
:102030003D800C4DAD89AD1C0B4F3F683D80094D77
:102040006D882D12094F3F683D80064DAD89ED1C0E
:10205000054F3F683D80034DAD78044F3F683D809C
:10206000F0BD00005C290020B4000020B800002072
:10207000B80200202DE9FF4FDFF8A0A00C4685B084
:10208000DAF80000DDF848801F46C16B1546096884
:102090000391006EEFF71AFF01902946204602F0E7
:1020A0007BF806460198391B01F1010BD0F80C9022
:1020B000406950B3EFF70AFFA8EB0501491C0091F6
:1020C0005B462A4602902146F1F768FD02A8EFF729
:1020D0003BFF1AE0DAF80000007CC0070DD005983D
:1020E0005F46344600698068804780B2218841405D
:1020F00024F8021B7F1EF9D105E003985A4681B2ED
:102100003046F2F735FC4E446D1C4545E2DD01A832
:10211000EFF71AFF09B0BDE8F08F0000B802002009
:1021200030B41C461546084622462946029B30BC60
:1021300000F0F4BD2DE9FE4F264E1F4614463068D0
:102140000D46DDF83090006EEFF7C0FE019021469D
:10215000284602F03FF8791B01F1010A31688046F8
:102160000198C96BD0F80CB00E68406958B3EFF70E
:10217000ADFEA9EB0401491C009153462246029092
:102180002946F1F70BFD02A8EFF7DEFE1BE0114830
:102190000068007CC0070CD001985746454600688F
:1021A0000069806880472968414002C57F1EFAD1D6
:1021B00007E0BAF1000004DD01464046491E40C078
:1021C000FCD1D844641C4C45E1DD01A8EFF7BCFE0E
:1021D000BDE8FE8FB8020020FEB54F4CD4E90201E5
:1021E000CDE90001206970B3A089401C00B2ADF8B0
:1021F00000006189ADF80210B4F90410884207DDCF
:102200002088ADF80000E08910F10100ADF802006F
:10221000BDF90200B4F90610884274DC3F4D28680D
:10222000806CEFF753FE0290BDF90000B4F9001086
:10223000884220D1E088ADF80600A088ADF80400FF
:102240002868806C0FE0FFE72088ADF80000608808
:10225000DCE700BFEFF790FE0646006A0022694601
:1022600000F0D5F8B0690028F4D102980022694640
:10227000C06900F0CCF8BDF80000ADF80400286893
:10228000806C0AE0EFF778FE0646006A0022694695
:1022900000F046F80028EED1B0690028F2D102988B
:1022A00000226946C06900F03BF80028E3D1B4F988
:1022B0000400BDF90010ADF80400884207DADDE93A
:1022C0000001C4E9020102A8EFF73EFE98E7286882
:1022D000806C08E0EFF750FE0546006A0022694670
:1022E00000F05CF8A8690028F4D102980022694641
:1022F000C06900F053F802A8EFF726FE206944F603
:102300002061884201DD0020FEBDDDE90001C4E955
:1023100002010120FEBD0000EC7A0120B80200207D
:10232000FEB517460E460546002433E02846EFF773
:10233000CDFD0090856A0146A80726D527B13A460B
:1023400001A8F2F7CCF903E0D1E90001CDE90101E0
:1023500001A93046F1F75EF8B8B1E80702D000985D
:10236000C56910E0BDF80800401C308001240CE075
:1023700001AA31462846FFF7D3FF00B101242846C1
:10238000EFF7FAFD056A002DF2D10098056A68465C
:10239000EFF7DAFD002DC9D12046FEBDFEB5164689
:1023A0000D46044630E02046EFF790FD0090846A29
:1023B0000146A00723D526B1324601A8F2F78FF9CE
:1023C00003E0D1E90001CDE9010101A92846F1F7B7
:1023D00021F8A0B1E00702D00098C4690DE0BDF873
:1023E0000400401EA8800AE001AA29462046FFF703
:1023F000D5FF2046EFF7C0FD046A002CF4D1009809
:10240000046A6846EFF7A0FD002CCCD1FEBDFEB5F6
:1024100016460D46044648E02046EFF757FD00906B
:10242000846A0146A0073BD526B1324601A8F2F7DF
:1024300056F903E0D1E90001CDE9010101A92846DF
:10244000F0F7E8FF00B3E00702D00098C46925E088
:1024500000983EB1B0F90210B6F90200814203DDE6
:10246000084601E0B0F90200B5F90210814205DA30
:10247000BDF90600401E03E0E88011E0BDF90A0046
:10248000B5F906108842F7DB0AE001AA2946204682
:10249000FFF7BDFF2046EFF76FFD046A002CF4D173
:1024A0000098046A6846EFF74FFD002CB4D1FEBDDA
:1024B0002DE9F0410C46C96886B049B306685EB3A1
:1024C00094F83000012829D0E2696FF003032068F6
:1024D00003EB8202656810446060276A2D1D284660
:1024E000A269F1F7F3FC61694FF000080291CDE9B0
:1024F0000358CDF81480A1690120CDE90001F068EE
:10250000E368E26A456839463046A847C4F80C805B
:10251000002006B0BDE8F0810120FAE7256865607B
:10252000A76ADCE72DE9F04729482A4C83688169CE
:102530002268CD1A92F8701011FB01F7C1694E1E86
:10254000B54200DD4D1E516FA14609B922495167C0
:1025500080464069C41A34E0D8F804204146105D32
:1025600070B3B8421DD1264604E090194078B842B5
:1025700002D1761CAE42F8DB8868A64208D00B6A0E
:10258000821920441B68D8F810109847344617E089
:10259000D9F800202044D8F81010D26E5268904725
:1025A0000EE0C0EB001007EBD77200EB620090FB6F
:1025B000F7F0C2B28868D8F810102044F3F7BEFBD9
:1025C000641CAC42C8DDBDE8F047FDF709BC000063
:1025D00060020020B80200203D5D0008EFF7D0BB8C
:1025E00010B52DED068B044643F6982084421BDA85
:1025F000204602F0B0FF41EC1A0B9FED1D0B53EC8F
:10260000102B03F00FF841EC190B9FED1B0B53EC53
:10261000102B03F03BF941EC180B02F089FE00EEA1
:10262000100ABDEC068B10BDA4F56854983C41F629
:102630004C50844219DA204602F08DFF41EC1A0B0F
:102640009FED0F0B53EC102B02F0ECFF41EC190B3C
:102650009FED0D0B53EC102B02F09CFE41EC180B80
:1026600002F066FE00EE100ADBE79FED090AD8E7EC
:10267000FA7E6ABC7493783F0000000000206C4032
:10268000FA7E6ABC7493883F0000000000E060405E
:10269000000061432DE9F0470D46B3F904100646EA
:1026A0001C469146B14220DCB4F90800B0421CDB64
:1026B000B4F90600A84218DCB4F90A20AA4214DBD7
:1026C0002F1A711A88463A466069EFF779FF60B1B0
:1026D000B4F90800B4F90410401A401C00FB07804C
:1026E000203454F82000BDE8F087D9F80000002815
:1026F000F9D0C1682A464B693146BDE8F047184712
:102700000078704701207047B5EEC00A0020F1EE56
:1027100010FA01D2B1EE400ADFED0B0A30EE200ACA
:10272000B5EEC00AF1EE10FA0CD0F2EE040A00BFCA
:1027300020EE200A401CC0B2BCEEC01A11EE101AE6
:102740000029F5D0704700005F70893002460129EA
:1027500001D1024870470020FCE7000084CC01084A
:10276000012901D0002070470048704784CC01083F
:1027700000207047012901D00020704700487047B1
:1027800074D201080246A1F10900082813D2DFE83B
:1027900000F00406080A120C0E100848704708489A
:1027A000FCE70848FAE70848F8E70848F6E7084869
:1027B000F4E70848F2E70020F0E7000025390108B7
:1027C0004B3901089D380108DB2A0108EF2D01086B
:1027D000DF2D010875330108162901D0002070474C
:1027E000004870474D320008112903D0122903D048
:1027F000002070470148704701487047951B010849
:10280000C11C0108162901D00020704700487047FC
:102810000531000803460A4699680F2A1FD2DFE8EF
:1028200002F01E080A0C0E1E1E1E10121416181A94
:102830001C00486870478868FCE7C868FAE70869C0
:10284000F8E78869F6E70020F4E70120F2E70120C5
:10285000F0E70020EEE70020ECE70020EAE74FF089
:10286000FF30E7E770B500240D46022807DAEFF7DE
:1028700033FD20B1C1688A6A294690470446204644
:1028800070BD0068C268926A10470020704708292E
:1028900001D0002070472020704710B5F2F714FDDA
:1028A000B0F5807F03D0802803D307211AE00821E8
:1028B00018E0402801D3062114E0202801D3052187
:1028C00010E0102801D304210CE0082801D30321D3
:1028D00008E0042801D3022104E0022801D30121E9
:1028E00000E0002101208840401E10BD4FF0FF3065
:1028F00070474FF6FF70704770B5002406460125FB
:1029000031462846FFF7AEFF844200DA04466D1ECA
:10291000F6D5204670BD00000146054A0F2000BFD5
:1029200002EBC003DB6B8B4201D9401EF8D5704728
:10293000847901202DE9F04107460C461546A9B2DD
:10294000A0B2F2F711FE06463046BDE8F08110B5A0
:102950000846114601F020FC008810BD0020704799
:1029600010B50846114601F035FC006810BD8268BC
:1029700000230B804B8093895B1E1BB28B80138AD4
:102980005B1E1BB2CB80704738B50C468068EFF7F2
:102990009DFA009081882180C188618081880289A8
:1029A0001144491EA180C18840890844401EE0802E
:1029B0006846EFF7C9FA38BD4FF201004880088039
:1029C00040F6FF70C8808880704738B50C46806834
:1029D000EFF77CFA009081882180C188618081882E
:1029E00002891144491EA180C18840890844401EC3
:1029F000E0806846EFF7A8FA38BD00000249096890
:102A00004884002070470000B8020020024909688D
:102A10008884002070470000B8020020054A9042D8
:102A200001D1503A01E000F1080209B18A4200D018
:102A300010467047547B01200349884202D1A1F11E
:102A40003C0070470C307047147C01200021FFF7D8
:102A5000E5BF0000F0B4124C646814B1A446F0BCA9
:102A60006047541E04FB030401EB82000D4DDFF8A8
:102A700038C0001F2188E41A01F01F06521EAF5D06
:102A8000C1F3451605EBD1211CF80660097801EB6E
:102A9000062101EB074140F80419EBD1F0BC704767
:102AA0009C020020B8CE0108D8CE010810B50468F9
:102AB000184410C1521EFAD110BD70B50446F2F789
:102AC00003FC0546F2F718FCAC4201D3002070BDB0
:102AD0000028FCD050F8240070BD70B50446204694
:102AE00000F042F8054600220121A069F3F7D0FB6F
:102AF0000543284670BD000070B5184D0446E868CF
:102B0000011DC0E90E01091D00646161417C05F1F0
:102B1000240050F82100C1680A6B04F108019047B5
:102B20000F48E066A868E061E8680830606101204D
:102B30002076FBF70FFFA064032084F870006FF08D
:102B40007040206360630020F3F70CF86FF07F4063
:102B5000F3F740F80348286170BD0000AC02002084
:102B600034930108ACD0010870B50446A06858B988
:102B70001C20EFF72FF9A060A568216988688047BD
:102B80000646F3F76DFCA861A06808B9012070BD86
:102B90000020FCE72DE9F041244C94F824000028A3
:102BA00041D1012504F1BC0684F8245071684FF42A
:102BB0002050814200D90146306800F01BFFB06808
:102BC00010B970688008B0601A4919480860084652
:102BD000F1F766FE5A20E0610020102101FA00F2B0
:102BE00004EBC003401CDA631028F7D3D6E90010C9
:102BF0000223C4E902030E18143EC4E90C6100224A
:102C00004FF0040C5B1E05E0571C0CEBC20E521C6F
:102C100046F80E709342F7D825626360FDF720F8FE
:102C2000FEF732FFE562BDE8F08100008479012003
:102C3000152E0108A4020020FEB514460D460646D6
:102C4000EFF79AF90090836A980731D52846FCF788
:102C50007FFE00282CD040F601000340012B27D036
:102C60003046EFF733F902460090294601A8F1F704
:102C700036FD01A8FCF76CFEB8B1009944F22002C1
:102C8000886A104205D0083101AA0846F0F7FCFA1C
:102C90000BE0DDE9012320438862C1E902230549F5
:102CA0008888401C8880F0F7F7FC6846EFF74CF9FD
:102CB000FEBD00006003002010B5401A029CE41A1B
:102CC0004443501A94FBF0F0184410BD70470000C4
:102CD00038B5054610480C460068006EEFF7F6F868
:102CE0000090B0F9042029B2AA4200DD8180B0F939
:102CF0000820AA4200DA0181B0F9062021B2A242DE
:102D000000DDC180B0F90A20A24200DA41816846A4
:102D1000EFF71AF938BD0000B8020020F8B50746F1
:102D200010481C46154600680E46006EEFF7CEF8B8
:102D30000090B0F90410B94200DD8780B0F90810A6
:102D4000A94200DA0581B0F90610B14200DDC68063
:102D5000B0F90A10A14200DA44816846EFF7F4F8AE
:102D6000F8BD0000B8020020884200DD0846704728
:102D70002DE9F0478AB00446002091468A4601902A
:102D80000290039006AE4FF00308049022E0204624
:102D9000EFF79CF84A4651460090F0F7A1FA0098E8
:102DA0004A4651460830F0F79BFA0098D0E9075799
:102DB0006846EFF7C9F84A4651462846FFF7D8FF5C
:102DC000CDF80480CDE906A901A920460496FCF7B8
:102DD0003DFE3C46002CDAD10AB0BDE8F08710B5C4
:102DE000044600220621A069F3F752FA10BD10B57F
:102DF000044600220521A069F3F74AFA10BD00003D
:102E000010B5034C2068EEF7D9FF0020206010BDFC
:102E1000600200200B4910B5002081F82400014613
:102E2000084880223C30F1F77DFDBC220021054896
:102E3000F1F778FD03480C220021BDE81040BC30BA
:102E4000F1F770BD84790120084910B50020886130
:102E5000014678220648F1F765FD04480822002162
:102E6000BDE810402430F1F75DBD0000AC02002049
:102E70004C7A012010B5034C2069EEF79FFF00202B
:102E8000206110BD2003002010B5034C6068EEF7F0
:102E900095FF0020606010BD4C0300200B4A10B568
:102EA00000215170D162084602F1500402F148033A
:102EB000C2F8101044F8201043F82010401C0228DB
:102EC000F8D3116251625161D16110BD60030020DD
:102ED00010B5084CA068EEF771FFE068EEF76EFFE2
:102EE0002069EEF76BFF00202061E060A060606168
:102EF000A06110BDBC03002010B50446EFF73CF8FC
:102F0000806AC00301D5034900E003492046BDE8BB
:102F100010400847992E000849F800082DE9FC41A7
:102F20001F4C80462068806CEEF7D0FF0090404632
:102F3000EEF7CCFF0146019000980830F0F76AFAEE
:102F400028B32068009A0199D0E91356083201F19C
:102F50000800F1F7C4FB6846EEF7F6FF114FC7F81B
:102F6000248001992068B1F90020C264B1F90210EF
:102F7000016501A8EEF7E8FF4046FFF7BDFF00201E
:102F800078622068C0E913560120BDE8FC816846DC
:102F9000EEF7DAFF01A8EEF7D7FF0020F5E7000013
:102FA000B8020020600300202DE9FC410546EEF741
:102FB0008DFF009090F8281089073DD5C46939E04D
:102FC0002046EEF783FF019090F82810C943890747
:102FD0002BD100990831F0F71DFA30B30098D0E9F1
:102FE00002676846EEF7B0FF01A8EEF7ADFF204696
:102FF000FFF794FF70B12046EEF7BEFF0190204628
:10300000FFF7D2FF2046EEF7B7FF01902846EEF714
:10301000B3FF00902846EEF759FF00902046EEF7E8
:1030200055FF01900098C0E902670198046A01A861
:10303000EEF78AFF002CC3D16846EEF785FFBDE8A6
:10304000FC81000010B50E4C6168E06A814209D82D
:10305000401EE062FEF718FDE16A491CE16208B11A
:10306000002010BD60680422401E6060206A216B51
:1030700002EBC0028A582262012201F8302010BD02
:1030800084790120074910B54A680424521C4A601B
:103090000A6B04EBC0040B6A1351002302F83030B2
:1030A000086210BD8479012013B500680199FFF70B
:1030B000FFF90198846801A8EEF746FF2046EEF775
:1030C0005FFE1CBD10B504464068FFF725FC0146B5
:1030D000084863680268D21A026000EBC102D4E9B2
:1030E0000201403200B1416009B1086010BD1060BA
:1030F00010BD0000847901207CB5050025D0144C5A
:103100002068A84206D1EEF7E1FE009080682060BA
:10311000684611E004462046EEF7D8FE019080682C
:10312000A8420DD1EEF7D2FE019900908068886028
:103130006846EEF709FF01A8EEF706FF00207CBD08
:10314000044601A8EEF700FFE5E701207CBD000082
:10315000480400202DE9F05FDFF894808346D8F81A
:103160003440D8F80810601E0F182046D0E900152A
:10317000B9BB6619BE4236D2D6E9001989B3D8F870
:10318000303013F83130012B2DD1D8F8282091425E
:1031900001D1012100E000218A46FFF793FF30684A
:1031A000D8F83010042202EBC0004A460C503146D9
:1031B0002046EDF7CCF9BAF1000F05D0D8F8301061
:1031C000321B891AC8F8301004EB09012846FCF7B5
:1031D00047FDBBF1000F05D0834503D80020BDE8B3
:1031E000F09F00E04D462C44BC42BED30120F6E7E0
:1031F00084790120B5EEC00AF6EE000AF1EE10FA6D
:1032000010B50AD230EE600A10EE100A02F000FD8E
:1032100041EC100B01F070F809E030EE200A10EEDE
:10322000100A02F0F5FC41EC100B01F0F1F851EC42
:10323000100B02F07DF800EE100A10BD2DE9F843E6
:103240001F4690460E4605000AD0EEF73FFE3A466E
:1032500041460090FCF732FA28B10098C46912E0A8
:103260000020BDE8F8836846EEF76EFEF8E73B46BF
:10327000424631462046FFF7E1FF00B105462046B1
:10328000EEF77AFE046A0CB1B442F0D16846EEF76C
:103290005BFE2846E5E7000070B506460648144682
:1032A0000D460068FBF762FB23462A463146BDE81F
:1032B0007040FFF7C3BF000068030020064910B547
:1032C00009684A6B824206D04863F1F79BFCBDE86F
:1032D0001040F2F74DBC10BDB80200201FB50446E7
:1032E0000F480168486C38B1026802924068039048
:1032F0000C48406A18B901E020460EE0886CEEF7F1
:10330000E5FD02A90090FBF769FF6846EEF71CFE99
:10331000214602A8F1F7C6F902A8F2F735FC1FBD55
:10332000B802002060030020064910B509680A6B46
:10333000824206D00863F1F765FCBDE81040F2F761
:103340004FBC10BDB802002030B509490B681A7C8B
:1033500082EA0004640707D59C6BDB6B25681B6859
:1033600023600B68DB6B1D6009680874104630BD74
:10337000B80200207CB504460D4616460020009099
:1033800001908DF8045000966A460421A069F2F776
:103390007FFF7CBD0A490B48D1E90032934202DA33
:1033A000C0E9083201E0C0E90823D1E902218A42DC
:1033B00002DAC0E90A217047C0E90A12704700002A
:1033C000C47A0120EC0200207CB504460D46164666
:1033D000002000900190009501966A460321A069A3
:1033E000F2F756FF7CBD0068C3681B6A1847006887
:1033F000C3681B6A18470068C3681B6A1847000047
:1034000030B5524CA48849F24135AC4205D04F4CFE
:10341000A48845F21035AC421CD14C4C64894C4D0B
:103420002D682C80C1F30F244A4D2D682C80CCB21E
:10343000484D2D682C80454CA489454D2D682C8025
:10344000C2F30F24434D2D682C80D4B2414D2D681A
:103450002C8071E03D4CA48846F60405AC4224D192
:103460003A4CA488012C03D1384C2488641E611A7C
:10347000364C6489364D2D682C80C1F30F24354DB0
:103480002D682C80CCB2334D2D682C802F4CA48914
:103490002F4D2D682C80C2F30F242E4D2D682C80CB
:1034A000D4B22C4D2D682C8046E0284CA48845F2DF
:1034B0001055AC4228D1254C6489254D2D682C80AF
:1034C000C1F30F24234D2D682C80204C6489641C8B
:1034D0001F4D2D682C80CCB21E4D2D682C801B4CAE
:1034E000A4891B4D2D682C80C2F30F24194D2D6823
:1034F0002C80164CA489641C154D2D682C80D4B2E8
:10350000144D2D682C8017E0104CA488012C03D199
:103510000E4C2488641E611A0C4C64890C4D2D6875
:103520002C800C4D2D682980084CA489084D2D68ED
:103530002C80084D2D682A80044C2489044D2D6868
:103540002C80044D2D682B8030BD00005C290020AC
:10355000B4000020B80000207CB510481C46154679
:1035600000680E46006EEEF7B1FC01902946304629
:1035700000F012FE04800198406950B1EEF7A6FCFD
:10358000009081682A460B68314698476846EEF7F6
:10359000DBFC01A8EEF7D8FC7CBD0000B8020020DF
:1035A00008461146FFF794BB7CB510481E461446EA
:1035B00000680D46006EEEF789FC01902146284612
:1035C00000F008FE06600198406950B1EEF77EFCFD
:1035D0000090816822460B68294698476846EEF7B6
:1035E000B3FC01A8EEF7B0FC7CBD0000B8020020DF
:1035F0002DE9F74FA8B0EEF769FC03900168089138
:10360000B0F9042029998A420AD1B0F906002A9912
:10361000884205D103A8EEF797FC2BB0BDE8F08FE8
:103620000020EFF75FFC2590089882699A4818926D
:103630000168487C1790824200D04A740398B0F920
:1036400004100991B0F90820B0F906B0A2EB01010D
:10365000B0F90A2001F1010AA2EB0B0101F101010D
:103660002491017C89077DD541690C9100F12001ED
:103670001B91099A2999A1EB02082A99B8F1000F28
:10368000A1EB0B074FF0FF3109DD01221092002260
:10369000554616926A1ECDF838801E9209E0AAF1AE
:1036A0000102169200220E92169A0D464244109183
:1036B0001E92002F09DD0121DDF890901D91A9F1E6
:1036C00001011F9700240B9107E01D91249C89465E
:1036D0000021641E1F91E1190B91C068EEF7F6FB03
:1036E0002190089804A9C068026B08989047109927
:1036F0000398FCF718FC1A9010990398FCF713FC38
:103700002290A1E01F98844204DB0B98844201DCE4
:10371000012000E0002026900BEB040038440790C5
:10372000169E8CE000202390224631460C98EEF73E
:1037300047FF209000287DD01B9800EB860104FBFA
:103740000AF001EB80000F900998811901EB080045
:1037500006900E98864208DB1E98864205DC269865
:1037600018B100E07EE0012000E000200090BDF9EB
:1037700010100698814215DCBDF91210079881429D
:1037800010DCBDF91410069881420BDBBDF9161050
:103790000798814206DB0146039B089A0698FEF7CC
:1037A00079FF2390009840B1B6EB080120D4E21BCA
:1037B0001ED40C98EEF704FFD0B90998BDF910207B
:1037C000304404EB0B01824212DCBDF912208A4224
:1037D0000EDCBDF9142082420ADBBDF916208A42B4
:1037E00006DB229A00920F9A089B126800F075F887
:1037F000BDF91010069881421ADCBDF91210079825
:10380000814215DCBDF914100698814210DBBDF928
:103810001610079881420BDBDDE920010DF1180C31
:1038200051F820201A980090BCE80B0000F055F8E1
:103830000F9900E001E02398086010980644AE421A
:103840007FF470AF1D9804444C457FF45BAF1A9928
:103850000398FFF729FC22990398FFF725FC21A87C
:10386000EEF772FB0398299981802A99C1802999E2
:103870005144491E0181249A2A991144491E4181CB
:10388000DDE91710884203D00846034909684874E7
:103890002598EFF727FBBDE6B80200202DE9FC4193
:1038A00005460E4617460020009001902846FFF777
:1038B0005BF9A86878B1AC68606908B9304600E087
:1038C000606960616660A760009601976A4607219B
:1038D000A869F2F7DDFCBDE8FC812DE9F041064660
:1038E000069C0D461746606AA84205D194F930102F
:1038F000206A0844B04203D021461846FEF7D8FD9E
:103900006068076094F93010606800EB81006060C7
:10391000E06808B9C4E90A65401CE060C4E90865CC
:10392000BDE8F081F8B504460D4600200090204621
:10393000FFF71AF9A06838B1A668356000956A46A5
:103940000221A069F2F7A4FCF8BD2DE9F04105467B
:103950000E4617462846FFF707F9A86818B1AC6865
:10396000E66027616661BDE8F081000070B5144C27
:103970000546D4E90010814212D0FCF7B1FB297A48
:10398000027A91420CD12168814209D0FCF7A8FB50
:10399000297A007A814203D16068FCF7A1FB60605C
:1039A0000ECD606880E80E00FFF746F86060216881
:1039B000814203D10846FFF73FF8206070BD000048
:1039C0002004002030B40446094A0B46401C07D0AE
:1039D000581C05D09068411C02D0D1684D1C02D102
:1039E0004FF0FF300146C2E9024330BCEFF7F2BFAF
:1039F000EC020020F0B58E080023FF2205460024CB
:103A000006E0E718B7FBF2FC02FB1C7780C5641CDC
:103A1000B442F6D3054600240BE004EB030CBCFBD8
:103A2000F2FE80CD02FB1ECCBC4501D00320F0BDD0
:103A3000641CB442F1D35B1C022BDFD34E0800237D
:103A40000546002407E0E718B7FBF2FC02FB1C77F1
:103A500025F8027B641CB442F5D3054600240CE033
:103A600004EB030CBCFBF2FE35F8027B02FB1ECC20
:103A7000BC4501D00220F0BD641CB442F0D35B1CF5
:103A8000022BDDD300230546002407E0E618B6FB31
:103A9000F2F702FB176605F8016B641C8C42F5D344
:103AA000054600240CE000BFE718B7FBF2FC15F850
:103AB000016B02FB1C77B74201D00120F0BD641CF2
:103AC0008C42F1D35B1C022BDDD30022134602E0B3
:103AD00000F8013B521C8A42FAD30020F0BD0000DE
:103AE0007CB5050020D0EEF7F1F9104900904C6844
:103AF000AC4214D14068486013E02046EEF7E6F986
:103B000001904468AC4207D1009801994068486030
:103B100001A8EEF719FA04E001A8EEF715FA002C57
:103B2000EBD16846EEF710FA7CBD00004804002097
:103B30000A4A816952F82130834202D1036842F86F
:103B40002130416809B102680A60016809B1426820
:103B50004A6000210160416070470000D0020020EF
:103B6000006180E80E00104440F8042C704700000B
:103B70002DE9F74FC8488B469CB0D0E90010CDE93D
:103B8000191092461C98EEF7A1F91190D0E904544F
:103B9000B0F90810D0F80C800A91DFF80093B0F962
:103BA0000A001390D9F800004E46407CEEF758FD0D
:103BB0001090119800680069406817903068407C48
:103BC000EEF7F6FD064611A8EEF7BEF9082D01D86E
:103BD000012004E0102D01D8022000E004200F9005
:103BE000012D21D000271098082871D3082D6FD9F6
:103BF0001798B0426CD0D9F80000407CEEF7D0FDA9
:103C000012900A988000EEF78DF81B9000287DD066
:103C10001C98EFF715F98146002C78D02046EEF776
:103C200055F9002618908AE019AFDCE700200C90C7
:103C30001898324681684B690CA998470A9904463E
:103C4000884221D11B98EEF741F9129B179ACDE9D2
:103C500000230146169048462246109BFCF744F983
:103C600003AB0020169A109985C301200090CDE97E
:103C7000010103460AEB060158460A9AF1F788F853
:103C800016A8EEF761F958E0012D1ED053E00C980C
:103C900001AB09EBE00200F007010492CDE90571E8
:103CA00001210091A3E822010AEB060158440123F7
:103CB0002246F2F7FBFA0C98324620440C901898F2
:103CC00081684B690CA998470446002CDFD134E089
:103CD0004FE01B98EEF7FAF8169001460C9B0F98F0
:103CE000179A03FB0090129BCDE900232246109BFC
:103CF000FCF7FAF802AB10980021169A87C301204E
:103D000000900AEB060101900C9A01E02EE01EE003
:103D10000BEB020001232246F1F73AF816A8EEF762
:103D200013F90C98324620440C90189881684B691E
:103D30000CA998470446002CCBD1C144761C13989B
:103D40008642FFF673AF18A8EEF7FEF80BE00120ED
:103D500001A905970090A1E8210351465846139BFD
:103D60000A9AF1F715F81B98EEF70AF81FB0BDE8AC
:103D7000F08F1C98EFF764F88146002C7ED0204627
:103D8000EEF7A4F80024189070E000200C9018982A
:103D9000224681684B690CA998470A9906468842D1
:103DA0001DD1069400E0641C1898621C81684B6960
:103DB0000CA99847B042F6D0012001A905970090C0
:103DC000A1E8210306980A9A261A0AEB0001731C3F
:103DD0005846F0F7DDFF761C06FB089044E0012D05
:103DE0001ED03DE00C9801AB09EBE00200F00701AA
:103DF0000492CDE9057101210091A3E822010AEBAB
:103E00000401584401233246F2F750FA0C98224636
:103E100030440C90189881684B690CA99847064665
:103E2000002EDFD11EE00C9A0F9901AB02FB01902E
:103E3000CDE9040701200090A3E821010BEB02006B
:103E40000AEB040101233246F0F7A2FF0C98224648
:103E500030440C90189881684B690CA99847064625
:103E6000002EE0D109EB08008146641C13988442BF
:103E70008BDB18A8EEF768F878E7FFE7012001A9C7
:103E800005970090A1E8210351465846139B0A9AD2
:103E9000F0F77EFF6AE70000FCD10108B8020020BD
:103EA0002DE9FF4F8DB01F4690460D98EEF70EF8A6
:103EB0000890B74EB0F90AB000F11804D0F80C9091
:103EC0003068407CEEF7CCFB082801D8012504E0DF
:103ED000102801D8022500E004250898AD4A0168A1
:103EE000096907913168497C52F821100A690799DC
:103EF00006921668D1F804A091420FD10021CDE9B5
:103F00000441012101AA0091A2E88202B0F908202F
:103F10005B4641460E98F0F73BFF30E1202F02D080
:103F2000102F74D02BE1B0F9084008A8EEF70CF878
:103F300005FB04F0EDF7F6FE5FEA000AEDD0EDF7C1
:103F4000C5FF09900D98EDF7C1FF00F11804089026
:103F50000898012DB0F9087004D0022D13D0042D5B
:103F600038D121E00698DDF82490D0F810C0BCF1DB
:103F7000000F01D0012320E001CCB04709F8010B6C
:103F80007F1EF9D126E00698DDF82490D0F810C005
:103F9000BCF1000F01D002230FE001CCB04729F89B
:103FA000020B7F1EF9D115E00698DDF82490D0F8B9
:103FB00010C0BCF1000F07D004233A464946204602
:103FC000E04704EB870405E001CCB04749F8040B57
:103FD0007F1EF9D10020E900099ACDE90210CDE950
:103FE00004200120009001900898414608F1010842
:103FF000B0F9082001230E98F0F7CAFEBBF1010BBF
:10400000A6D109A8EDF7A0FF5046B6E0FFE7B0F94A
:10401000084008A8EDF798FF05FB04F0EDF782FED5
:104020000C9000287BD0EDF751FF09900D98EDF72B
:104030004DFF00F118040890B0F908008000EDF77A
:1040400071FE0B9010B1EDF741FF0A900898012D19
:10405000B0F9087004D0022D23D0042D69D141E0BD
:104060000698DDF82490006988B10798D0F814C04C
:10407000BCF1000F0BD00B9848B102233A46204602
:104080000A99E04706980123D0F810C040E034F8C0
:10409000020B51468847B04709F8010B7F1EF6D145
:1040A00047E00698DDF82490006988B10798D0F8B9
:1040B00014C0BCF1000F0BD00B9848B102233A4654
:1040C00020460A99E04706980223D0F810C01FE066
:1040D00034F8020B51468847B04729F8020B7F1E7F
:1040E000F6D126E00698DDF824900069C0B1079863
:1040F000D0F814C0BCF1000F12D00B9880B102238D
:104100003A4620460A99E04706980423D0F810C0A2
:104110003A4649460A98E04704EB470409E02EE096
:1041200034F8020B51468847B04749F8040B7F1E0C
:10413000F6D10020E900099ACDE90210CDE904206A
:104140000120009001900898414608F10108B0F95B
:10415000082001230E98F0F71BFEBBF1010B7FF442
:1041600075AF0B9828B10AA8EDF7EEFE0B98EDF7A6
:1041700007FE09A8EDF7E8FE0C98EDF701FE089898
:10418000002802D008A8EDF7DFFE11B0BDE8F08FDF
:10419000B8020020D002002038B505460C480C4675
:1041A0000068006EEDF792FE0090B0F90620C3683B
:1041B00000F11801A21A02FB0311B0F9040001EB8F
:1041C0004501A1EB40046846EDF7BEFE204638BD30
:1041D000B802002038B505460C480C460068006E51
:1041E000EDF774FE0090B0F90620C36800F11801E5
:1041F000A21A02FB0311B0F9040001EB8501A1EB47
:1042000080046846EDF7A0FE204638BDB8020020C5
:104210002DE9F04104460D46164632462946204611
:10422000FEF788FB0746216988688047804687EA51
:104230000803324629462046FFF7E2F8BDE8F08140
:10424000FEB50746124815460E460068006EEDF7AB
:104250003DFE019029463046FFF79EFF044638692F
:10426000806880472188414021800198406950B191
:10427000EDF72CFE009081682A460B68314698477E
:104280006846EDF761FE01A8EDF75EFEFEBD000099
:10429000B802002008461146FEF71ABDFEB51448C4
:1042A00015460E460068006EEDF710FE0190294697
:1042B0003046FFF78FFF0446019800680069806868
:1042C000804701462068484020600198406950B10D
:1042D000EDF7FCFD009081682A460B68314698474F
:1042E0006846EDF731FE01A8EDF72EFEFEBD000099
:1042F000B8020020000000002DE9F0412DED020B76
:104300009FED3D0B2DED028B9FED3D8BDDE90254C2
:10431000C4F30A50A0F2FF36142E37DA002E18DA52
:1043200053EC102B9DED020B51EC100B01F032F809
:1043300053EC182B01F074FA57D2002CBCBF4FF08D
:104340000044002551DB54EA050018BF2E4C1BD158
:104350004BE02E4820FA06F704EA070028431FD056
:1043600053EC102B9DED020B51EC100B01F012F8E9
:1043700053EC182B01F054FA37D2002C03DD4FF424
:104380008010F0400444BC4300252EE0332E07DCAF
:10439000A6F114004FF0FF3121FA00F73D4206D19B
:1043A0009DED020BBDEC028B02B0BDE8F08153EC39
:1043B000102B9DED020B51EC100B01F067FA53EC42
:1043C000182B01F02DFA10D2002C0DDD142E08BF91
:1043D000641C09D0C6F13400012101FA00F0284420
:1043E000A84238BF641C0546BD43CDE902549DED8B
:1043F000020BD7E7000000009C7500883CE4377E84
:1044000000000000000000000000F03FFFFF0F0070
:104410002DE9F0412DED020B9FED3D0B2DED028BB3
:104420009FED3D8BDDE90254C4F30A50A0F2FF3644
:10443000142E37DA002E18DA53EC102B9DED020BF8
:1044400051EC100B00F0A6FF53EC182B01F0E8F92B
:1044500057D2002CA4BF0024254652DA24F0004095
:10446000284318BF2E4C4CD01AE02E4820FA06F7ED
:1044700004EA070028431FD053EC102B9DED020BDC
:1044800051EC100B00F086FF53EC182B01F0C8F92B
:1044900037D2002C03DA4FF48010F0400444BC43C0
:1044A00000252EE0332E07DCA6F114004FF0FF317B
:1044B00021FA00F73D4206D19DED020BBDEC028BC7
:1044C00002B0BDE8F08153EC102B9DED020B51ECD6
:1044D000100B01F0DBF953EC182B01F0A1F910D20D
:1044E000002C0DDA142E08BF641C09D0C6F134006C
:1044F000012101FA00F02844A84238BF641C054697
:10450000BD43CDE902549DED020BD7E7000000004A
:104510009C7500883CE4377E00000000000000002D
:104520000000F0BFFFFF0F0000B52DED048BB0EED3
:10453000409AF0EE609A83B051EC190B01F0B2F999
:1045400041EC180B18EE100A18EE901A8DED008B46
:10455000002818BF0120084320F00040C0F17F6010
:1045600000F1E040C00F14D019EE101A19EE900AB5
:104570008DED009B002918BF0121084320F0004069
:10458000C0F17F6000F1E040C00F04BF0120ECF7F4
:104590008AF8B0EE480A03B0F0EE680ABDEC048B6E
:1045A00000BD0000F8B50F4C07462068806CEDF7A1
:1045B0008DFC00902268D0E90256D2E90212C0E9CF
:1045C00002126846EDF7C0FC3868FBF785F92068F1
:1045D000806CEDF77BFC0090C0E902566846EDF771
:1045E000B3FCF8BDB802002000BF704710B5044608
:1045F00000680E2802D00F2817D108E0E068416853
:10460000012917D10068BDE81040EFF74DB8606888
:10461000FBF72EFE084951F820006FF070418842E8
:1046200003D0EEF795FFEDF769FD2046BDE8104099
:10463000FAF7ACB810BD0000A003002070B5044626
:104640000D4600202071401EE0622946204600F001
:1046500073FD08B1032070BD94F82E1294F82F0258
:1046600041EA00204AF65521884201D00220F2E7B3
:1046700094F86900010694F8680041EA004194F852
:10468000670041EA002094F86610084320F07F405C
:104690000D49884201D10020DDE794F8850001062C
:1046A00094F8840041EA004194F8830041EA002034
:1046B00094F88210084320F07F400349884201D1DA
:1046C0000020C8E70120C6E746415400014600200B
:1046D00002E04910421CD0B20129FAD17047000013
:1046E00070B504466FF00400F5F78EF8E11704EB9F
:1046F0005171C1F3C7010D4A1170E11704EB5171FB
:10470000CD104FF47A7045430120094908804FF0DD
:10471000E020006940F002004FF0E0210861084607
:104720004561006940F00100086170BD6E00002025
:104730007000002070B504460F480078012814D19D
:104740000E48007888B90E480088844206DB0C4881
:10475000008894FBF0F52846F2F736FC08480088FC
:1047600094FBF0F100FB114084B24FF47A7104FB2A
:1047700001F000F007F870BDE6000020DA0000202C
:10478000700000202DE9F047074600264FF0E0209A
:10479000D0F814901148007807FB00F800BFF1F73B
:1047A000A7FF4FF0E020856911E04FF0E020846919
:1047B000AC420CD0AC4202D2281B064403E0A9EB69
:1047C0000400284406442546464500D300E0ECE7B3
:1047D00000BFF1F7ADFFBDE8F08700006E000020DC
:1047E00070B50446002514B1012C0BD103E0F3F79A
:1047F00045FD054608E0F9F773FD4FF4A040054973
:10480000088001E0012500BF00BF0DB1012070BD8F
:104810000020FCE75C0200202DE9F04107460E462F
:1048200015461C464FF0000814B90420BDE8F0817D
:1048300017B1012F16D106E0E2B229463046F4F74F
:1048400087F8804611E009E069024FF400723046B3
:10485000F9F770FD6D1C06F50076641E002CF3D18F
:10486000A04602E04FF0010800BF00BFB8F1000F02
:1048700001D10020DAE70120D8E701460020704787
:104880002DE9F04107460E4614461D464FF000083C
:1048900017B1012F16D106E0EAB221463046F4F7EF
:1048A0003FFC804611E009E061024FF4007230469F
:1048B000F9F7ACFD641C06F500766D1E002DF3D1F2
:1048C000A84602E04FF0010800BF00BFB8F1000F9A
:1048D00002D10020BDE8F0810120FBE7F8B5F1F737
:1048E0006BF9F0F7D9FD04003BD100252846EDF720
:1048F000F3FC009048B1C0680C21426A68469047BA
:10490000010007D00098884704436D1C022DEDDBA1
:1049100014B126E00120F8BDF0F7D8FD012540F6DE
:10492000FF762846EDF7D8FC0090C0B12846EEF798
:10493000F7FD0420F1F7E6F9002132463346084638
:10494000F0F782FC0020F1F7DDF900980E21C06835
:10495000426A68469047010001D0009888476D1E62
:10496000DFD52046F8BD01E0FBF7CEFBFCE70000F9
:1049700010B54FF40C71002000F0F8FB18490860E6
:104980004FF40C71002000F0F1FB154948604FF422
:104990000A71002000F0EAFB124908604FF40A7126
:1049A000002000F0E3FB104908604FF40071002084
:1049B00000F0DCFB0D4908600948006868B1084850
:1049C000406850B10748006838B10748006820B116
:1049D0000846006808B1002010BD0120FCE7000077
:1049E00040020020480200204C0200205802002013
:1049F000F7B582B016460398019001A800F0F8F9C7
:104A00000546002D02DA0B2005B0F0BD0E4850F827
:104A100025400CB100202070029810B100200299AE
:104A200008700949029841F82500029808B1012E42
:104A300001D00020E8E7002203A902A800F006F850
:104A400007463846E0E70000787901202DE9F74F66
:104A500088B0002108980160099800F0C9F9079012
:104A60000798002803DA0B200BB0BDE8F08FD5497A
:104A7000079851F820400CB90C20F5E7089804601D
:104A8000207878B16078FFF7F8FE804608F00100E2
:104A900040B90A9820B108F0040008B10A20E3E701
:104AA0000020E1E700202070079860706078FFF731
:104AB00097FE804608F0010008B10320D4E70A9869
:104AC00020B108F0040008B10A20CDE700273946DC
:104AD0002046FFF7B3FD0546012D01D06DBB2CE04C
:104AE000002614E004F5F77101EB0610017951B1CD
:104AF000C17A0A06817A42EA0142417A42EA0121F8
:104B0000027A114300E000214DF82610761C042E95
:104B1000E8D3002606B1761E00BF5DF8267027B1E7
:104B200039462046FFF78AFD00E0022005461DB108
:104B3000701C06460428F0D300BF032D01D10120CC
:104B400092E70DB10D208FE73B20015D94F83C000A
:104B500041EA0020B0F5007F01D00D2084E7462017
:104B6000015D94F8470041EA0029B9F1000F0ED128
:104B700094F85700010694F8560041EA004194F871
:104B8000550041EA002094F8541040EA0109C4F8A5
:104B900018904020005DE070E078012804D0E078B3
:104BA000022801D00D205FE7E07809FB00F93D20E5
:104BB000005DA070A07818B1A078411E084008B12F
:104BC0000D2051E74120015D94F8420041EA0020A8
:104BD0002081207A00F00F0008B10D2044E7432027
:104BE000015D94F8440041EA002BBBF1000F0ED1A7
:104BF00094F85300010694F8520041EA004194F8F9
:104C0000510041EA002094F8501040EA010B3E2088
:104C1000015D94F83F0041EA00200490049808B92F
:104C20000D2021E704984844218900EB11100690DB
:104C30000698834501D20D2016E70698ABEB0000DD
:104C4000A178B0FBF1FABAF1000F01D10D200BE70A
:104C5000012540F6F670824500D302254FF6F67026
:104C6000824500D303250AF102006061E7610498E0
:104C70003844206206983844A062032D16D120895A
:104C800008B10D20F0E694F85F00010694F85E008C
:104C900041EA004194F85D0041EA002094F85C107C
:104CA0000843606260698000059014E0208908B9BB
:104CB0000D20D9E6206A48446062022D02D1606965
:104CC000400007E0207D00F00100616901EB410137
:104CD00000EB51000590A169059800F2FF10B1EBBF
:104CE000502F01D20D20BFE64FF0FF302061E06071
:104CF00080206071032D5AD194F8601094F86100FF
:104D000041EA0020012852D1791C204600F014FA13
:104D1000E8BB0020607194F82E1294F82F0241EA4B
:104D200000204AF65521884241D13320005D01061A
:104D30003220005D41EA00413120005D41EA00205F
:104D400094F8301008432049884230D194F8170273
:104D5000010694F8160241EA004194F8150241EA6E
:104D6000002094F814120843184988421FD194F87F
:104D70001B02010694F81A0241EA004194F8190254
:104D800041EA002094F818120843206100E00EE088
:104D900094F81F02010694F81E0241EA004194F8BB
:104DA0001D0241EA002094F81C120843E0602570BF
:104DB00007480088401C80B205490880E080002038
:104DC00052E60000787901205252614172724161CD
:104DD0005E02002000BF054A128802F04002002A4D
:104DE000F9D0C2B2014B9A80704700000010014018
:104DF00070B502464FF0FF301568E5B1116800E06C
:104E0000491C0D78202D02D30D783A2DF8D10D785C
:104E10003A2D0FD1146814F8015BA5F130030A2B69
:104E200007D28C4205D1032B03D218464D1C2946CC
:104E3000156070BD002000BFFBE700000EE00848D1
:104E4000006808B9012000E00020054908604FF41F
:104E5000FA73002211461046F2F7F2F8EFE700006D
:104E6000940240421CB5A820FFF73AFC4FF4A06022
:104E7000F1F79CFB4FF4E13000F000FAF4F714FD79
:104E8000F9F72EFA4FF478403C4908803CA01021F5
:104E90000B46C822CDE9001032211E20F1F7B2F8EE
:104EA0003BA010210B46C822CDE9001046211E2050
:104EB000F1F7A8F839A010210B46C822CDE900105F
:104EC0005A211E20F1F79EF823E039A010210B464D
:104ED000C822CDE9001096211E20F1F793F84FF477
:104EE000FA70FFF727FC38A010210B46C822CDE945
:104EF000001096211E20F1F785F84FF4FA70FFF7A5
:104F000019FC3648006808B9012000E00020334948
:104F10000860F9F737FA4EF614718842D5D130A0FF
:104F200010210B46C822CDE9001096211E20F1F772
:104F300069F8F8F739FEF1F7DBFA002000F062F8C3
:104F4000022000F05FF8FFF713FD294901220868ED
:104F500028A1FFF74DFD26490122486826A1FFF749
:104F600047FDF1F72DFB0023244A19462448F1F7A9
:104F700023FDF1F7D5FC00201CBD0000000000203F
:104F80006D63756465762053544D333246340000AA
:104F90005350492054455354000000006D6375641C
:104FA00065762E74616F62616F2E636F6D00000015
:104FB00057323551313620436865636B204661694D
:104FC0006C65642100000000506C656173652043CE
:104FD0006865636B2120202020202000940240423D
:104FE0005732355131362052656164792100000015
:104FF00040020020303A0000313A000058060020FC
:10500000B951010810B504460C4951F824104A0062
:105010000B4951F82400002100F0BCF8094951F86F
:10502000242007490C3951F82400002100F0B2F87F
:10503000012103480C30015510BD0000D074010857
:1050400090000020E87401082DE9F04704460F465F
:105050000025A9462548005D20B92448203801686C
:10506000204688471FB94FF0FF30BDE8F087204841
:1050700050F82400B7FBF0F086B21D4850F8240029
:10508000B7FBF0F100FB117008B1701C86B2194833
:1050900050F82400451E24E014480C3850F8240031
:1050A00030F8150020B909F101001FFA80F901E07C
:1050B0004FF00009B14513D14FF0000809E00B484B
:1050C0000C3850F8240005EB080120F8116008F1B5
:1050D0000108B045F3D3064850F824006843C4E7FC
:1050E0006D1E002DD8DA4FF0FF30BEE79C00002087
:1050F000DC740108D074010810B5014600230022B9
:1051000007E00B4850F8210030F8120000B15B1C9A
:10511000521C084850F821009042F2D864205843AD
:10512000044C54F82140B0FBF4F0C0B210BD0000B4
:1051300090000020D074010870B504460D46E06A66
:10514000A84210D0204600F069F808B1012070BDD7
:10515000607801232A4604F13001FFF75DFB08B1B6
:105160000120F4E7E5620020F1E7000070B5044695
:105170000E4631462046FFF767FF0546681C08B912
:10518000002070BD024850F824002844F9E70000D0
:105190008400002030B5034601E003F8011B141E13
:1051A000A2F10102F9D130BD00BF011EA0F1010240
:1051B000D0B2FAD17047000070B50546012108034E
:1051C000F2F74CFCEDF71AFBF1F7CEFBEBF77CF8AE
:1051D000044604230B4A00210B48F1F7EDFB0223A0
:1051E0000A4A00210A48F1F7E7FB0323094A002194
:1051F0000948F1F7E1FBFF20F1F790FE2046EBF7BD
:1052000067F870BD58290020674901085808002038
:1052100069520108580900203D4E010870B5044646
:105220002079F8B1E56A607801232A4604F130015B
:10523000FFF726FB08B1012070BD00202071206A15
:10524000281AA16988420DD2E67809E0A0690544D0
:10525000607801232A4604F13001FFF711FB761E26
:10526000022EF3D20020E7E707E0EEF7D9FA052394
:10527000002211461046F1F7E3FEF6E710B588B0BC
:10528000044601210846F2F7E9FB01211020F2F75C
:1052900005FC072209212448ECF7D8FA07220A2145
:1052A0002148ECF7D3FA4FF4C060069002208DF845
:1052B0001C008DF81D0000208DF81E0001208DF8C7
:1052C0001F0006A91848ECF779FA02940020ADF8FF
:1052D0000C00ADF80E00ADF81000ADF814000C2075
:1052E000ADF8120002A91148F8F75CFF01210F4840
:1052F000F8F7FDFE40210D48F8F7F0FE012240F2DC
:1053000025510A48F8F729FF25208DF804000320CD
:105310008DF805008DF8060001208DF8070001A822
:10532000F1F708F908B010BD00000240001001407C
:1053300021F00042A2F16052B2F5801F01F000435B
:1053400028BFD2F17F6C0BD95FEA001C43EAC2028E
:1053500042EB507018BF704728BF20F00100704723
:10536000B2F5801FBCBF184670474FEA410C1CF5D0
:10537000001F02D2084600F0C1BC70B500F0FCF975
:1053800000000089FFF7F6BF4FF00040A0F5800055
:105390007047000010B591EA030F48BF83F0004347
:1053A00000F15483841A71EB030C05D2121943EBFC
:1053B0000C03001B61EB0C01DFF824E14FEA1154F0
:1053C000A4EB135C1EEA430F18BF9EEA445F73D040
:1053D00023EA0E03DCF1200E21EA045143F480138A
:1053E00032D322FA0CFE10EB0E0023FA0CFE41EB36
:1053F0000E01CCF1200E03FA0EFE10EB0E0051F15F
:105400000001B1F5801FCCF1200E32D201EB045126
:1054100012FA0EF2BDE8104058BF7047401C38BF6A
:105420005FEA420218BF7047002814BF20F0010055
:1054300041F100014FEA410313F5001F38BF7047E7
:10544000A1F1C04100F0E6B9012A43EB0302ACF13F
:10545000200CDCF11F0E32BF4FF0000E23FA0CF3CC
:1054600010EB030041EB0451B4EB115FD0D0A1EB82
:10547000045101F5801149085FEA300001EB045145
:105480000ED350F1000038BF12FA0EFE08D1BDE86D
:105490001040C9E7401C38BF5FEA4202CAD1C3E7E7
:1054A000BDE810404FEA410313F5001F38BF7047B5
:1054B000A1F1C04100F0AEB99EEA445F08D011EA04
:1054C0005E0FBDE8104004BF01F0004100207047AE
:1054D000BDE8104070B500F04FF900BF64FBBE3E60
:1054E0000000E0FF491058BFC1F140415B1058BFB8
:1054F000C3F140438B42EFF3008070474FEA1153F2
:10550000A3F58063D3F11E03A8BFD3F1200C08DB01
:105510004FF0004242EAC12252EA505232FA03F0FE
:10552000704709420BD4102BC4BF0020704703F50D
:10553000787CBCF1FF3F05D04FF0FF3070474FF053
:105540000000704770B500F017F900BF4992248041
:1055500000207047F0E710F0004248BF4042B0FA28
:1055600080F310FA03F10AD0C3F11D0303F5806341
:105570004FEA415002EB035202EBD12170474FF04A
:1055800000007047B0FA80F310FA03F10AD0C3F1BB
:105590001D0303F580634FEA41504FEA035202EBCB
:1055A000D12170474FF000007047000051EA030C12
:1055B00017D41CF5801F58BFBCF5801F00F1068072
:1055C000994218BF704708BF9042704707D711F53E
:1055D000801F58BF13F5801F19D499427047894224
:1055E00070471CF5801F08D5BCF5801FF7D58B428E
:1055F00018BF704708BF824270474FF4001C1CEB75
:10560000410F38BF1CEB430F01D28B42704770B57E
:1056100000F0B2F8922449004FF000514FF080534F
:10562000FFF760BFDFF848C170B51CEA111E1EBF4E
:105630001CEA13159EEA0C0F95EA0C0F00F06F8020
:1056400081EA030423EA4C134EEAD47E21EA4C118A
:1056500041F4801143F48013AE44A1FB024CA0FB43
:105660000365AEF17F7E361955EB0C05A1FB034CAB
:105670004CF10003A0FB021C16EB0C06654153F134
:105680000003094218BF46F0010613F4007F0BD156
:105690004FEA03314FEA0530340341EA155140EA3D
:1056A00016506FF003020AE04FEAC3214FEAC5200B
:1056B000F40241EA555140EA56506FF0020202EB03
:1056C0002E4201EB025585EACE710AD05FEA440C06
:1056D00018BF24F0004450F1000041F1000120EA1D
:1056E000D47040F2FE7C624500D270BDA84214BF67
:1056F0004FF080444FF04044002E08BF0024BEF11C
:10570000806FA8BFA1F1C041BDE8704080F28280E7
:105710004FF0000001F1C04101F0004170479EEAE6
:105720000C0F0CEA131518BF95EA0C0F06D04FF0BA
:10573000000081EA030E0EF0004170BD00F01CF87D
:105740008900013E00F007B800F009B84FEA430CA9
:105750005FEA5C5C08D081EA030100F05BB84FEAC5
:10576000410C5FEA5C5CF6D14FF0000001497047E4
:105770000000FF070000F87F0EF1020E2EF0030E6E
:105780005EF8046B364205D4012A43EB030515F598
:10579000001F12D8012841EB010C1CF5001F0CD88A
:1057A0000ED14FEAD17C15F5001F0CEB4C0C0CF11F
:1057B000020C08BF4CEBD37C04E04FF0080C01E076
:1057C0004FEAD37C0CEB4C0526FA05F606F00706EB
:1057D000B6F1040C06D20EEB860CBDE870404CF01E
:1057E000010C6047DFE80CF0090B02024FF00041AA
:1057F0004FF00000A1F5002170BD194610460128A8
:1058000051EB010418BFD4F5001484BF002001F04F
:10581000004170BD0808A0F500114FEA3101704742
:1058200053EA010C17D41CF5801F58BFBCF5801F2C
:1058300000F106808B4218BF704708BF8242704754
:1058400007D713F5801F58BF11F5801F19D48B425D
:1058500070479B4270471CF5801F08D5BCF5801F20
:10586000F7D5994218BF704708BF904270474FF470
:10587000001C1CEB430F38BF1CEB410F01D29942B7
:1058800070470FB40CBC03BCFFF7C1BE91EA030F15
:1058900010B581F000413FF585AD83F0004300F085
:1058A000D5B800002DE9F04101F5801CBCF5001FC2
:1058B000C0F2A9804FEA115C21EA0C510CF1FD0CF9
:1058C00041F480115FEA5C0C0CF5C07C01D3400010
:1058D000494130A4890241EA905187028E0E0A0C98
:1058E000A45D04FB04F602FB06F6C6F14046A4FBE9
:1058F0000662F60D46EA422606FB06F4A4FB0123E7
:105900005242C3F1404338BF5B1EA6FB0242002453
:10591000E6FB0324D20B42EA4446A6FB0623A1FB86
:1059200002E2A3FB07E4E3FB61426442C2F1404EA2
:1059300038BFAEF1010EA6FB04234FF00002E6FBD8
:105940000E32A2FB03463400E2FB6264A1FB06E6D2
:10595000A4FB07E8E4FB61687642C8F1405838BF11
:10596000A8F10108A2FB06E4A3FB08E5E2FB6854EA
:10597000A1FB05E6A7FB04E8E1FB648618F120051E
:1059800056F10006A809A8F11B08B10908F03F0864
:10599000B8F10A0F40EA86601CD901EB0C51BDE852
:1059A000F08100BFFCF5EEE8E2DDD8D3CFCBC7C372
:1059B000C0BDB9B6B4B1AEACA9A7A5A3A19F9D9B2C
:1059C0009A9896959392908F8D8C8B8988878685EF
:1059D00084838281A0FB006800FB01F208EB42088F
:1059E000B8EB872807D5341858EB0104D5D5401CEF
:1059F00051F10001D1E7341A78EB0104CDD4401EF7
:105A000071F10001C9E75FEA4C0C5FEA9C5C0DD1C3
:105A100005D34FF0000001F00041BDE8F081BDE882
:105A2000F04170B5FFF7A8FE6DDBFFBEBDE8F041A9
:105A30004FF00000004970470000F87F10B591EA70
:105A4000030F48BF83F000433FF5ACAC841A71EB01
:105A5000030C07D212198CF0004C43EB0C03001B13
:105A600061EB0C01DFF8A4E14FEA1154A4EB135CE5
:105A70001EEA430F18BF9EEA445F00F0B08023EA9D
:105A80006E03524221EA0451C3EB6E0338BF5B1E22
:105A9000DCF1200E25D322FA0CFE10EB0E0043FAA7
:105AA0000CFE41EB0E01CCF1200E03FA0EFE10EBC2
:105AB0000E0051F10001CCF1200E29D412FA0EF2A1
:105AC00001EB0451BDE8104058BF7047401C1CBF9B
:105AD000B2F1004F704700280CBF491C20F00100B4
:105AE000704712EB020E43EB030218BF4FF0010E9A
:105AF0004EEA4202ACF1200CDCF11E0E54D943FAFE
:105B00000CFE10EB0E0051F1FF31CCF11E0ED5D57D
:105B10000EF1010E12FA0EFE404141EB010101EBC4
:105B2000445C5FEA5C5C10D910EBDE7001EB045161
:105B300038BFBEF1004FBDE8104018BF70470028C5
:105B40000CBF491C20F00100704730D24FEAD42C22
:105B500011F5001124F400641BD0B1FA81F20B3A64
:105B6000A41AA41ED2F12003914030FA03F3194382
:105B7000904001EBCC71002C01EB0451BDE81040CA
:105B8000A8BF704701F1C0414FF0000001F0004193
:105B90007047B0FA80F310FA03F100D110BDE41A97
:105BA000173C4805C90AE4E701EB045110BD491050
:105BB00001EB0451BDE810404FEA300002E04FF025
:105BC000000170474A0008BF0042F8D0B2F5001F3C
:105BD00028BF704701F000414FF0000070479EEA77
:105BE000445F07D011EA5E0FBDE8104004BF0021FA
:105BF00000207047BDE8104070B5FFF7BDFD00BF45
:105C000040DFF63E83F00041104670470000E0FFA1
:105C100043004FEAD30C4FEA3C0C43401FBF400700
:105C20000CF1605113F0FE4F70471CF0006F03D170
:105C300000200CF0004170470CF0004343EA507024
:105C400010B540EACC0000F00EF800BF0000009252
:105C50004FEA0001FFF7DEBD4FF000414FF00000BA
:105C6000A1F5002170470EF1020E2EF0030E5EF832
:105C7000044B244204D44FEA4102B2F17F4F11D8C1
:105C80004FEA4003B3F17F4F0CD80ED14FEAD07CDE
:105C9000B2F17F4F0CEB4C0C0CF1020C08BF4CEB3B
:105CA000D17C04E04FF0080C01E04FEAD17C0CEB12
:105CB0004C0324FA03F404F00704B4F1040C06D2F4
:105CC0000EEB840CBDE810404CF0010C6047DFE89F
:105CD0000CF0070802024FF00040A0F5800010BD54
:105CE0000846420018BFD2F1807288BF00F0004021
:105CF00010BD4FF04070E1EE100A7047FF2141EAFD
:105D0000D050C005704700000000000000000000F7
:105D10000000000000003F40000000000000000004
:105D20003000400030004000000009000BC03D0082
:105D30000BC03D00090018C024407FE022403180A4
:105D40000000180024C01B000D8032400180038039
:105D50001C4027401C8007400040100060000000ED
:105D60000000000000000000000000001F80204034
:105D700040200000402020401F800000000009005B
:105D800006001F80060009000000040004003F8098
:105D9000040004000000001000600000000000008B
:105DA00000000400040004000400040000000000DF
:105DB00000400000000000000000002001C00600BC
:105DC0003800400000001F802040204020401F80FD
:105DD0000000000010403FC000400000000018C05C
:105DE00021402240244018400000108020402440E0
:105DF00024401B80000002000D0011003FC0014044
:105E000000003C80244024402440238000001F8068
:105E1000244024403440038000003000200027C08C
:105E20003800200000001B802440244024401B80B8
:105E300000001C0022C0224022401F800000000001
:105E400000000840000000000000000000000460A6
:105E5000000000000000000004000A001100208083
:105E60004040090009000900090009000000000085
:105E70004040208011000A00040018002000234048
:105E80002400180000001F802040274029401F40A8
:105E90000000004007C039000F0001C00040204052
:105EA0003FC0244024401B8000001F802040204031
:105EB00020403080000020403FC0204020401F8014
:105EC000000020403FC024402E4030C00000204051
:105ED0003FC024402E00300000000F001080204002
:105EE00022403380020020403FC0040004003FC035
:105EF0002040204020403FC0204020400000006063
:105F0000202020203FC02000200020403FC024400F
:105F10000B0030C0204020403FC0204000400040E7
:105F200000C03FC03C0003C03C003FC00000204018
:105F30003FC00C4023003FC020001F802040204075
:105F400020401F80000020403FC024402400180053
:105F500000001F802140214020E01FA000002040C1
:105F60003FC02440260019C0004018C024402440EF
:105F7000224031800000300020403FC020403000EF
:105F8000000020003F80004000403F8020002000B3
:105F90003E0001C0070038002000380007C03C0068
:105FA00007C038000000204039C0060039C020403A
:105FB00000002000384007C038402000000030407A
:105FC00021C02640384020C00000000000007FE0D3
:105FD000402040200000000070000C0003800040C2
:105FE00000000000402040207FE000000000000092
:105FF00020004000200000000000001000100010F1
:106000000010001000100000000040000000000020
:106010000000000002800540054003C00040200051
:106020003FC004400440038000000000038004409F
:1060300004400640000000000380044024403FC0AC
:1060400000400000038005400540034000000000C0
:1060500004401FC0244024402000000002E00550FE
:1060600005500650042020403FC00440040003C0F7
:1060700000400000044027C0004000000000001065
:106080000010041027E00000000020403FC0014045
:10609000070004C00440204020403FC000400040B2
:1060A000000007C0040007C0040003C00000044053
:1060B00007C00440040003C0004000000380044007
:1060C000044003800000041007F0045004400380E3
:1060D0000000000003800440045007F0001004405A
:1060E00007C0024004000400000000000640054014
:1060F000054004C00000000004001F800440004070
:106100000000040007800040044007C00040040075
:10611000070004C0018006000400060001C007005B
:1061200001C006000000044006C0010006C0044093
:1061300000000410071004E00180060004000000C5
:10614000044005C0064004400000000000000400B8
:106150007BE040200000000000000000FFF0000095
:106160000000000040207BE0040000000000400030
:1061700080004000200020004000000000000000DF
:10618000000000000000000000000000000000000F
:106190001FCC000C000000000000000008003000D0
:1061A00060000800300060000000022003FC1E2098
:1061B000022003FC1E200220000000000E18110423
:1061C0003FFF10840C78000000000F0010840F388F
:1061D00000C0077818840078000000780F8410C48D
:1061E00011240E9800E40084000808006800700084
:1061F000000000000000000000000000000000009F
:1062000007E01818200440020000000040022004AB
:10621000181807E000000000000002400240018062
:106220000FF00180024002400000008000800080EA
:106230000FF800800080008000000001000D000EBB
:10624000000000000000000000000000008000804E
:10625000008000800080008000800000000C000CA6
:106260000000000000000000000000000006001810
:1062700000600180060018002000000007F00808F8
:1062800010041004080807F00000000008040804C7
:106290001FFC000400040000000000000E0C10149D
:1062A0001024104411840E0C000000000C1810047F
:1062B0001104110412880C700000000000E003209B
:1062C000042408241FFC0024000000001F981084F0
:1062D00011041104108810700000000007F00888F5
:1062E0001104110418880070000000001C00100048
:1062F00010FC13001C001000000000000E381144B8
:106300001084108411440E38000000000700088C2F
:1063100010441044088807F000000000000000004E
:10632000030C030C0000000000000000000000014E
:106330000106000000000000000000000080014095
:10634000022004100808100400000220022002208D
:106350000220022002200220000000001004080891
:106360000410022001400080000000000E00120016
:10637000100C106C10800F00000003E00C1813E4E8
:10638000142417C4082807D000000004003C03C4EC
:106390001C40074000E4001C000410041FFC110412
:1063A000110411040E880070000003E00C181004A2
:1063B0001004100410081C10000010041FFC10042E
:1063C00010041004080807F0000010041FFC11045A
:1063D000110417C410040818000010041FFC110455
:1063E000110017C010000800000003E00C18100492
:1063F000100410441C780040000010041FFC10849E
:106400000080008010841FFC1004000010041004A1
:106410001FFC100410040000000000030001100124
:1064200010011FFE10001000000010041FFC1104DA
:1064300003801464181C1004000010041FFC1004D6
:10644000000400040004000C000010041FFC1F00E6
:1064500000FC1F001FFC1004000010041FFC0C04B3
:10646000030000E010181FFC100007F008081004DB
:1064700010041004080807F0000010041FFC10842A
:106480001080108010800F00000007F00818102402
:106490001024101C080A07F2000010041FFC11044D
:1064A000110011C011300E0C000400000E1C11046C
:1064B0001084108410441C380000180010001004D0
:1064C0001FFC100410001800000010001FF810043A
:1064D0000004000410041FF8100010001E0011E05A
:1064E000001C007013801C0010001FC0103C00E056
:1064F0001F0000E0103C1FC000001004180C1634F0
:1065000001C001C01634180C100410001C00130444
:1065100000FC13041C00100000000804101C106490
:10652000108413041C041018000000000000000078
:106530007FFE4002400240020000000030000C00DC
:1065400003800060001C00030000000040024002C5
:1065500040027FFE0000000000000000000020005C
:106560004000400040002000000000010001000148
:106570000001000100010001000100004000400096
:10658000200000000000000000000000009801242E
:1065900001440144014400FC000410001FFC008879
:1065A00001040104008800700000000000700088F1
:1065B000010401040104008800000000007000884C
:1065C0000104010411081FFC0004000000F801444C
:1065D00001440144014400C800000000010401041A
:1065E0000FFC1104110411001800000000D601294D
:1065F0000129012901C90106000010041FFC0084C3
:1066000001000100010400FC000400000104190461
:1066100019FC000400040000000000000003000159
:106620000101190119FE0000000010041FFC0024E4
:10663000004001B4010C010400000000100410042B
:106640001FFC0004000400000000010401FC010420
:10665000010001FC0104010000FC010401FC0084B4
:1066600001000100010400FC0004000000F8010426
:1066700001040104010400F80000010101FF00858C
:106680000104010400880070000000000070008810
:1066900001040104010501FF00010104010401FCE2
:1066A00000840104010001800000000000CC0124EE
:1066B00001240124012401980000000001000100D0
:1066C00007F80104010400000000010001F80004C3
:1066D00000040004010801FC0004010001800170B5
:1066E000000C001001600180010001F0010C00307D
:1066F00001C00030010C01F0010000000104018C18
:1067000000740170018C010400000101018101711C
:10671000000E001801600180010000000184010CDE
:10672000013401440184010C00000000000000005D
:10673000000001003EFC400240020000000000009A
:106740000000FFFF000000000000000040024002C7
:106750003EFC01000000000000000000600080001E
:1067600080004000400020002000000000000000E9
:106770000000000000000000000000000000000019
:106780000000000000000000000000000000000009
:10679000000000000000000000000000000F803832
:1067A0000FFE380F803800000000000000000000DD
:1067B00000000000000000000100000600000C00C6
:1067C000003800003100000600000C000038000016
:1067D0003000000000000000000061800067F80742
:1067E000F980006180006180006180006180006745
:1067F000F807F98000618000000000000000000040
:1068000001C0E003E0F00630080418081FFFFE0492
:106810000E080787F00381E000000000000001F08F
:1068200000060C00040408060C7001F9C0000E00FC
:10683000003BE000EC18070808040C180003E00017
:1068400000000001E00007F003F818041C0804171A
:106850000807E1D003C0E00023B0003C0800200896
:1068600000001000000000000001000031000032B4
:1068700000001C00000000000000000000000000FC
:106880000000000000000000000000000000000008
:10689000000000000000000000007F0001FFC007B2
:1068A00080F00C001810000420000200000000001E
:1068B000002000021000040C00180780F001FFC047
:1068C000007F000000000000000000000000000049
:1068D0000000000000004200006600006600003C6E
:1068E0000000180003FFC0001800003C0000660014
:1068F00000660000420000000000080000080000E0
:10690000080000080000080001FFC000080000089F
:10691000000008000008000008000000000000015E
:1069200000003100003200001C00000000000000E8
:106930000000000000000000000000000000000057
:10694000000008000008000008000008000008001F
:10695000000800000800000800000800000800000F
:1069600000000000000000000000380000380000B7
:1069700038000000000000000000000000000000DF
:1069800000000000000000000000000600001C00E5
:106990000070000180000E0000380000C0000700F9
:1069A000001C0000300000000000000000007F809C
:1069B00001FFE003807006001804000804000806C8
:1069C000001803807001FFE0007F800000000000DD
:1069D0000000000001000801000801000803FFF8A2
:1069E00007FFF80000080000080000080000000091
:1069F000000000000001C03802C0580400980401E3
:106A000018040218040418061C1803F81801E0F80A
:106A100000000000000000000001C0E003C0F0041E
:106A2000000804080804080806180803F41801E719
:106A3000F00001E000000000000000000000030082
:106A4000000D00001100006100008108030108072B
:106A5000FFF80FFFF8000108000108000000000027
:106A6000000000E007FCD006080806100806100821
:106A7000061008061838060FF00607C000000000D0
:106A80000000000000003F8001FFE00384300208A6
:106A900018041008041008041008071810030FF059
:106AA0000007C000000000000000000003C0000755
:106AB00000000600000600F80607F806180006E0C9
:106AC0000007000006000000000000000001E1E0F7
:106AD00003F7F0063410041808041808040C08041E
:106AE0000C0806161803F3F001C1E00000000000D6
:106AF0000000F80003FC3003063804020804020812
:106B00000402080404100308F001FFC0007F000025
:106B10000000000000000000000000000000000075
:106B2000000070380070380070380000000000006D
:106B30000000000000000000000000000000000055
:106B4000000000000000301A00301C0000000000AF
:106B50000000000000000000000000000000000035
:106B600000080000140000220000410000808001A5
:106B7000004002002004001008000800000000008F
:106B80000000210000210000210000210000210060
:106B90000021000021000021000021000021000050
:106BA00000000000000000000800080400100200BF
:106BB00020010040008080004100002200001400FD
:106BC00000080000000000000003C00004C0000432
:106BD0000000080038080F380808380810000C308A
:106BE0000007E00003C000000000000000003F803C
:106BF00000FFE0038070020F1006708804C0880454
:106C00008308047F8802C09003012000FE4000003A
:106C1000080000180001F8003E0801C20007020049
:106C200007E20000FE00001FC80001F80000380065
:106C3000000804000807FFF807FFF8040808040824
:106C40000804080804080806180803F41801E7F007
:106C50000001E0000000000000003F8001FFE003B1
:106C600080700200180400080400080400080400F2
:106C7000100600200780C000000004000807FFF88D
:106C800007FFF804000804000804000804001802C4
:106C9000001003807001FFE0007F8000000004000E
:106CA0000807FFF807FFF8040808040808040808A4
:106CB000040808043E0804000806001801006000EB
:106CC000000004000807FFF807FFF804080804089C
:106CD00000040800040800043E000600000600004E
:106CE000018000000000000000003F8001FFE00381
:106CF0008070060018040008040208040208020359
:106D0000F00783F000020000020004000807FFF80B
:106D100007FFF80408080008000008000008000049
:106D2000080004080807FFF807FFF804000800003F
:106D30000000000004000804000804000807FFF831
:106D400007FFF80400080400080400080000000021
:106D50000000000000000006000007000001040021
:106D60000104000104000307FFFE07FFFC0400000C
:106D700004000004000004000807FFF807FFF804FF
:106D80000C08001800003E0004C7800503C8060078
:106D9000F804003804001800000804000807FFF891
:106DA00007FFF804000800000800000800000800C1
:106DB0000008000008000018000060000000040047
:106DC0000807FFF807800807FC00007FC00003F8F1
:106DD0000007C000780007800807FFF807FFF804E5
:106DE000000804000807FFF807000803C00000E0DF
:106DF00000003800001E000007000001C00400F081
:106E000007FFF8040000000000007F8001FFE0039E
:106E1000807006001804000804000806001803002B
:106E20003001FFE0007F8000000004000807FFF849
:106E300007FFF80404080404000404000404000428
:106E40000400060C0003F80001F000000000000040
:106E500000007F8001FFE003807006008804008846
:106E60000400C806003C03003E01FFE6007F8400EA
:106E7000000004000807FFF807FFF80408080408EA
:106E800000040C00040F00040BC00610F003F038DF
:106E900001E00800000800000001E0F803F03006FF
:106EA0003010041808041808040C08040C08020622
:106EB000180207F00781E0000000018000060000D2
:106EC00004000004000004000807FFF807FFF804AE
:106ED0000008040000040000060000018000040017
:106EE0000007FFE007FFF00400180000080000089A
:106EF00000000800000800000804001007FFE0047C
:106F0000000004000006000007E00007FE00041F68
:106F1000E00001F80000380001E0043E0007C00076
:106F200006000004000004000007E00007FFC004A2
:106F30001FF80007C007F80007FF80043FF80007AC
:106F4000C004F8000700000400000000000400086E
:106F500006001807C07805F1C8003E00001F800435
:106F600063E80780F8060018040008000000040029
:106F70000006000007800007E008047C08001FF8F6
:106F80000007F800180804E00807000006000004E5
:106F900000000000000100080600380400F80403A7
:106FA000E8040F08047C0805F00807C0080700186B
:106FB000040060000000000000000000000000006D
:106FC00000000000003FFFFE200002200002200021
:106FD000022000022000020000000000000000006B
:106FE00008000007000000C0000038000006000094
:106FF00001C000003000000E000001000000000091
:1070000000000000200002200002200002200002F8
:107010002000023FFFFE0000000000000000000012
:107020000000000000000000000000080000100048
:1070300000300000200000300000100000080000B8
:10704000000000000000000001000001000001003D
:10705000000100000100000100000100000100002B
:10706000010000010000010000010000000000001C
:1070700000000020000020000010000010000000B0
:107080000000000000000000000000000000000000
:10709000000000F00019F8001B1800220800260864
:1070A000002408002410003FF8001FF8000008002A
:1070B000001800000004000007FFF80FFFF00018A0
:1070C00018001008002008002008003018001FF0E9
:1070D000000FC00000000000000007C0001FF0000B
:1070E0001830002008002008002008003C08001C80
:1070F000100000600000000000000000000007C059
:10710000001FF000381800200800200800200804A4
:10711000101007FFF80FFFF0000010000000000043
:10712000000000000007C0001FF00012300022180D
:10713000002208002208003208001E10000E200065
:10714000000000000000200000200800200801FFCF
:10715000F803FFF806200804200804200807200090
:1071600003000000000000000000000E000E6E0092
:107170001FF30031B10020B10020B1003191001F98
:1071800013002E1E00200E00300000000004000836
:1071900007FFF80FFFF80010080020000020000093
:1071A0002008003FF8001FF8000008000000000061
:1071B00000000000002008002008002008063FF81A
:1071C000063FF8000008000008000008000000006A
:1071D0000000000000000000000003000003002089
:1071E00001002001002003063FFE063FFC000000D6
:1071F00000000000000000000004000807FFF80F76
:10720000FFF8000188000300002FC00038F80020BC
:107210003800200800000800000000000000000006
:1072200004000804000804000807FFF80FFFF80036
:107230000008000008000008000000000000002016
:1072400008003FF8003FF8001008002000003FF859
:10725000003FF8001008002000003FF8003FF80051
:107260000008000000002008003FF8003FF8001070
:1072700008001000002000002008003FF8001FF860
:107280000000080000000000000007C0000FF00030
:1072900018300030080020080020080030080018CE
:1072A00030000FF00007C0000000000000002001C7
:1072B000003FFF003FFF00101100200900200800E0
:1072C0002008003038001FF0000FC0000000000050
:1072D000000007C0001FF000381800200800200838
:1072E000002009001011001FFF003FFF00000100F7
:1072F0000000002008002008002008003FF8003FA0
:10730000F8000808001008002008002000003000E5
:10731000003000000000000000000000000C7800B9
:107320001E180033080023080021080021880021CE
:10733000980030F0003860000000000000002000DD
:1073400000200000200000FFF003FFF800200800EC
:1073500020080020080000300000000000000000AD
:1073600000002000003FF0007FF800001800000837
:10737000000008002010003FF8007FF0000010001F
:107380000000000000002000003000003C00003F32
:10739000800023F0000078000070002380003C0093
:1073A000003000002000002000003C00003FE00012
:1073B00023F80000E0002700003E00003FE000212D
:1073C000F80001E0003E000020000000000020085E
:1073D000002008003838003E680027800003C800FD
:1073E0002CF80038380020180020080000000000A9
:1073F00000002000003003003C01003F830023EC2C
:10740000000070002380003C0000200000200000ED
:1074100000000000000000000038080020380020B4
:10742000F80023E8002F88003E08003808002018E4
:1074300000007000000000000000000000000000DC
:1074400000000000000008000014001FF7FC3000DE
:107450000620000200000000000000000000000004
:10746000000000000000000000000000FFFFFF001F
:10747000000000000000000000000000000000000C
:10748000000000002000023000061FF7FC0014007E
:1074900000080000000000000000000000000000E4
:1074A00000000000001800006000004000004000E4
:1074B000002000001000000800000400000400008C
:1074C0000C0000100000000100050010001400185E
:1074D00000090000400100008007000020000000BB
:1074E0002000000020000000002001000028000013
:1074F00000F00000000000001D11010879170108CC
:10750000F11801083D1D0108352901080134010861
:1075100011420108C933010885270108152801080F
:107520004D2701086F290108000001000200010039
:10753000030001000200010004000100020001003C
:10754000030001000200010005000100020001002B
:10755000030001000200010004000100020001001C
:10756000030001000200010006000100020001000A
:1075700003000100020001000400010002000100FC
:1075800003000100020001000500010002000100EB
:1075900003000100020001000400010002000100DC
:1075A00003000100020001000700010002000100C9
:1075B00003000100020001000400010002000100BC
:1075C00003000100020001000500010002000100AB
:1075D000030001000200010004000100020001009C
:1075E000030001000200010006000100020001008A
:1075F000030001000200010004000100020001007C
:10760000030001000200010005000100020001006A
:10761000030001000200010004000100020001005B
:1076200003000100020001000000000000AA0000A9
:10763000FFFFFF00AA00000000FF0000AEAEAE009A
:1076400073737300D3D3D300DFDFDF00BBDFBB0076
:10765000DF61610061DF6100DFBBBB00C7C7C7003E
:10766000936161000F00000000000000287601080F
:10767000000000000000000000000000000000000A
:1076800000000000000000000000000000000000FA
:107690000000000000000000000065555522222275
:1076A00022222222222222855555000000000000BD
:1076B00000000000000000000000000000000000CA
:1076C00000000000000000000000000000000000BA
:1076D00000000000000000000000000000000000AA
:1076E000000000000000000000000000000000009A
:1076F0000000000000000000000006557222222257
:107700002222222222222222222222222222222259
:1077100055500000000000000000000000000000C4
:107720000000000000000000000000000000000059
:107730000000000000000000000000000000000049
:107740000000000000000000000000000000000039
:10775000000000000000000000000000557222221E
:10776000222222222222222555522999982222229F
:107770002222222222222255600000000000000066
:1077800000000000000000000000000000000000F9
:1077900000000000000000000000000000000000E9
:1077A00000000000000000000000000000000000D9
:1077B000000000000000000000000000000657224A
:1077C000222222222225555600000000000221110B
:1077D00011111111199998222222222222255000DA
:1077E0000000000000000000000000000000000099
:1077F0000000000000000000000000000000000089
:107800000000000000000000000000000000000078
:107810000000000000000000000000000000000662
:10782000572222222222755600000000000000008C
:107830000002211111111111111111111999222296
:10784000222222255000000000000000000000005D
:107850000000000000000000000000000000000028
:107860000000000000000000000000000000000018
:107870000000000000000000000000000000000008
:10788000000057222222222755000000000000009D
:10789000000000000002211111111111111111112C
:1078A000111111B99222222222256000000000004D
:1078B00000000000000000000000000000000000C8
:1078C00000000000000000000000000000000000B8
:1078D00000000000000000000000000000000000A8
:1078E00000000000657222222225560000000000E0
:1078F0000000000000000000000221111111111110
:107900001111111111111111111998222222225550
:107910000000000000000000000000000000000067
:107920000000000000000000000000000000000057
:107930000000000000000000000000000000000047
:107940000000000000000652222222272200000030
:1079500000000000000000000000000000022111F3
:107960001111111111111111111111111111111206
:107970002222222227500000000000000000000008
:1079800000000000000000000000000000000000F7
:1079900000000000000000000000000000000000E7
:1079A00000000000000000000005722222225600A4
:1079B00022000000000000000000000000000000A5
:1079C00000022111111111111111111111111111B7
:1079D00011111112211982222222560000000000EA
:1079E0000000000000000000000000000000000097
:1079F0000000000000000000000000000000000087
:107A000000000000000000000000000067222222A9
:107A100025600000220000000000000000000000BF
:107A2000000000000002211111111111111111119A
:107A30001111111111111112211111982222222557
:107A40000000000000000000000000000000000036
:107A50000000000000000000000000000000000026
:107A600000000000000000000000000000000052C4
:107A70002222225600000000220000000000000028
:107A8000000000000000000000022111111111117E
:107A900011111111111111111111111221111111C5
:107AA000198222222860000000000000000000006F
:107AB00000000000000000000000000000000000C6
:107AC00000000000000000000000000000000000B6
:107AD0000006722222276000000000000220000041
:107AE0000000000000000000000000000002211162
:107AF0001111111111111111111111111111112265
:107B000011111111111192222222500000000000C7
:107B10000000000000000000000000000000000065
:107B20000000000000000000000000000000000055
:107B30000000000006722222750000000000000014
:107B40000220000000000000000000000000000013
:107B50000002211111111111111111111111111125
:107B60001111112211111111111111B922222250DA
:107B70000000000000000000000000000000000005
:107B800000000000000000000000000000000000F5
:107B90000000000000000005222222760000000004
:107BA00000000000022000000000000000000000B3
:107BB0000000000000022111111111111111111109
:107BC0001111111111111122111111111111111194
:107BD00019222222760000000000000000000000B0
:107BE0000000000000000000000000000000000095
:107BF00000000000000000000000052222225000CA
:107C00000000000000000000022000000000000052
:107C100000000000000000000002211111111111EC
:107C20001111111111111111111111221111111133
:107C300011111111111B8222227600000000000098
:107C40000000000000000000000000000000000034
:107C500000000000000000000000000000052222DB
:107C60002250000000000000000000000022000080
:107C700000000000000000000000000000022111D0
:107C800011111111111111111111111111111221D3
:107C9000111111111111111111111B8222227600E3
:107CA00000000000000000000000000000000000D4
:107CB00000000000000000000000000000000000C4
:107CC00006222222500000000000000000000000F8
:107CD0000022000000000000000000000000000082
:107CE0000002211111111111111111111111111194
:107CF0001111122111111111111111111111111B59
:107D0000822222700000000000000000000000003D
:107D10000000000000000000000000000000000063
:107D20000000000672222250000000000000000047
:107D30000000000000220000000000000000000021
:107D40000000000000022111111111111111111177
:107D50001111111111111221111111111111111102
:107D6000111111111B82222250000000000000009E
:107D70000000000000000000000000000000000003
:107D800000000000000006722222500000000000E7
:107D900000000000000000000002200000000000C1
:107DA000000000000000000000022111111111115B
:107DB00011111111111111111111221111111111A2
:107DC0001111111111111111111B822222500000E9
:107DD00000000000000000000000000000000000A3
:107DE00000000000000000000000522222500000AD
:107DF0000000000000000000000000000002200061
:107E0000000000000000000000000000000221113E
:107E10001111111111111111111111111111221141
:107E200011111111111111111111111111111B82C7
:107E30002228600000000000000000000000000098
:107E4000000000000000000000000000006222228C
:107E50002000000000000000000000000000000002
:107E600000022000000000000000000000000000F0
:107E70000002211111111111111111111111111102
:107E800011112211111111111111111111111111D1
:107E90001111111B22222700000000000000000029
:107EA00000000000000000000000000000000000D2
:107EB0006722227220000000000000000000000085
:107EC0000000000000022000000000000000000090
:107ED00000000000000221111111111111111111E6
:107EE0001111111111112211111111111111111171
:107EF000111111111111111122222225000000006F
:107F00000000000000000000000000000000000071
:107F100000000005222226002200000000000000D0
:107F2000000000000000000000002200000000002F
:107F300000000000000000000002211111111111C9
:107F40001111111111111111111221111111111110
:107F500011111111111111111111111223382222B5
:107F6000860000000000000000000000000000008B
:107F70000000000000000672222500002200000020
:107F800000000000000000000000000000002200CF
:107F900000000000000000000000000000022111AD
:107FA00011111111111111111111111111122111B0
:107FB00011111111111111111111111111111112B0
:107FC0002333A8222250000000000000000000001F
:107FD00000000000000000000000522227600000A6
:107FE000022000000000000000000000000000006F
:107FF000000022000000000000000000000000005F
:108000000002211111111111111111111111111170
:10801000111221111111111111111111111111113F
:1080200011111122333333C22228600000000000F6
:108030000000000000000000000000000067222295
:1080400050000000022000000000000000000000BE
:1080500000000000000002200000000000000000FE
:108060000000000000022111111111111111111154
:1080700011111111111221111111111111111111DF
:1080800011111111111111223333333A82222500BB
:1080900000000000000000000000000000000000E0
:1080A00006222276000000000022000000000000EE
:1080B000000000000000000000000220000000009E
:1080C0000000000000000000000221111111111138
:1080D000111111111111111111221111111111117F
:1080E00011111111111111111111122333333333E5
:1080F0003C22228000000000000000000000000080
:108100000000000072222500000000000002200094
:10811000000000000000000000000000000002203D
:10812000000000000000000000000000000221111B
:10813000111111111111111111111111112211111E
:1081400011111111111111111111111111112233EC
:108150003333333333A822226000000000000000D4
:108160000000000000000067222260000000000004
:1081700000022000000000000000000000000000DD
:1081800000000220000000000000000000000000CD
:1081900000022111111111111111111111111111DF
:1081A00011221111111111111111111111111111AE
:1081B000111122333333333333338222250000004D
:1081C00000000000000000000000062222700000F5
:1081D000000000000000220000000000000000007D
:1081E000000000000000002200000000000000006D
:1081F00000000000000221111111111111111111C3
:10820000111111111221111111111111111111114D
:1082100011111111111223333333333333333A2213
:108220002280000000000000000000000000722218
:1082300026000000000000000000220000000000F6
:10824000000000000000000000000022000000000C
:108250000000006555522222222222222222289941
:108260009911111111111111122111111111111165
:108270001111111111111111111223333333333331
:108280003333333822226000000000000000000079
:10829000000722276000000000000000000002200C
:1082A00000000000000000000000000000000022AC
:1082B00000000000555222222222222222222222C3
:1082C0002222222222222899B111111112211111E8
:1082D0001111111111111111111111111122333339
:1082E0003333333333333333C222260000000000EC
:1082F00000000000062222700000000000000000C4
:10830000000000220000000000000000000000004B
:1083100000000022000557222222222222222227A8
:108320005555D555522222222222222222299B1142
:10833000122111111111111111111111111111111C
:108340001122333333333333333333333A2222700E
:108350000000000000000000622225000000000074
:1083600000000000000000220000000000000000EB
:1083700000000000000000022222222222222555B5
:1083800050000000000000000000000655572222A7
:108390002222222822111111111111111111111172
:1083A0001111111112233333333333333333333356
:1083B00033A82228000000000000000622226000EE
:1083C000000000000000000000000002200000008B
:1083D0000000000000000000000657222222222791
:1083E0005500000000000000000000000000000038
:1083F000000000655222222222299111111111112F
:10840000111111111111111122333333333333335D
:108410003333333333338222800000000000007294
:108420002226000000000000000000000000000202
:108430002000000000000000000000006522222251
:108440002225500000000000000000000000000095
:1084500000000000000000000006572222222289AE
:108460001111111111111111111111112233333385
:108470003333333333333333333338222260000022
:10848000000007222700000000000000000000009C
:108490000000000022000000000000000000065262
:1084A00022222225500000000000000000000000F1
:1084B00000000000000000000000000000000006B6
:1084C000572222222891111111111111111111128B
:1084D000233333333333333333333333333333A20D
:1084E0002226000000007222700000000000000040
:1084F000000000000000000022000000000000005A
:108500000005722222225600000000000000000038
:108510000000000044444000000000000000000093
:10852000000000000005722222229B11111111117E
:1085300011111112233333333333333333333333A2
:108540003333333A22226000000722270000000064
:1085500000000000000000000000000002200000F9
:1085600000000000652222222560000000000000BB
:108570000000000000000004400044000000000073
:1085800000000000000000000000005722222289A5
:1085900011111111111111223333333333333333AA
:1085A0003333333333333333A22226000072227045
:1085B00000000000000000000000000000000000BB
:1085C0000022000000000067222222560000000066
:1085D0000000000000000000000000000000440057
:1085E000000000000000000000000000000000008B
:1085F0000572222229111111111112233333333341
:108600003333333333333333333333333A22226028
:10861000072227000000000000000000000000000A
:108620000000000000220000000067222227500006
:1086300000000004444400000000000000000000AE
:10864000044440000000000000000000000044401E
:1086500000000000000652222229111111111223DC
:1086600033333333333333333333333333333333DA
:1086700033A2222652226000000000000000000009
:108680000000000000000000000220000052222232
:1086900025600000000000440004400000000000CD
:1086A0000000000000004400000000000000000086
:1086B000000444400000000000000057222228B1BE
:1086C00011112233333333333333333333333333CF
:1086D000333333333333822202260000000000009C
:1086E0000000000000000000000000000002200068
:1086F000622222250000000000000000000440006B
:1087000000000000000000044000440000000000E1
:1087100000000000004404400000000000000000D1
:108720006722222811112233333333333333333367
:1087300033333333333333333333382E02220000B1
:108740000000000000000000000000000000000029
:108750000000226722222500000000000000000027
:1087600004440000000000000000000044444000F9
:108770000000000000000000044004400000000071
:1087800000000000006722222912233333333333E1
:1087900033333333333333333333333333333222BB
:1087A0000022200000000000000000000000000087
:1087B000000000000000222222250000000000002E
:1087C0000000000044000000000000000000000065
:1087D00000000000000000000000000004444444C9
:1087E0000000000000000000000067222222233366
:1087F0003333333333333333333333333333333349
:10880000333322200002220000000000000000009C
:1088100000000000000000000005222225000000EA
:1088200000000000000000044004400000000000C0
:108830000000000000000000000000000000000038
:10884000000004400000000000000000000000677D
:1088500022228A33333333333333333333333333B3
:108860003333333333322200000022200000000073
:108870000000000000000000000000000622222589
:1088800000000000000000000000004444444000DC
:1088900000000000000000000000000000000000D8
:1088A0000000000000004444000000000000000040
:1088B00000000000672222833333333333333333F2
:1088C0003333333333333333332220000000022277
:1088D0000000000000000000000000000000000692
:1088E000722227600000000000000000000000006D
:1088F0000000000000000000000000000000000078
:108900000000000000000000000000000000000067
:10891000000000000000000000522222C333333365
:10892000333333333333333333333333322200008F
:1089300000000022200000000000000000000000F5
:108940000000005222226000000000000000000031
:108950000000000000000000000000000000000017
:108960000000000000000000000000000000000007
:108970000000000000000000000000000000722263
:1089800028A3333333333333333333333333333352
:108990002220000000000002220000000000000071
:1089A000000000000000072222500000000000002C
:1089B00000000000000000000000000000000000B7
:1089C00000000000000000000000000000000000A7
:1089D0000000000000000000000000000000000097
:1089E00000000672222A33333333333333333333C5
:1089F0003333333222000000000000002220000048
:108A000000000000000000000006222276000000A6
:108A10000440000000000000000000000000000012
:108A20000000000000000000000000000000000046
:108A30000000000000000000000000000000000036
:108A4000044444440000000522228333333333338B
:108A5000333333333333332220000000000000006F
:108A60000222000000000000000000000072222529
:108A70000000000044400000000000000000000072
:108A800000000000000000000000000000000000E6
:108A900000000000000000000000000000000000D6
:108AA000000000000440000000000000672222A334
:108AB0003333333333333333333332220000000064
:108AC0000000000000222000000000000000000064
:108AD0006722226000000000044000000000000047
:108AE0000000000000000000000000000000000086
:108AF0000000000000000000000000000000000076
:108B00000000000000000000044000000000000021
:108B10000072222C33333333333333333333222055
:108B20000000000000000000000222000000000021
:108B30000000000622227000000000000440000037
:108B40000000000000000000000000000000000025
:108B50000000000000000000000000000000000015
:108B60000000000000000000000000000444444039
:108B700000000000000622228333333333333333C3
:108B8000333222000000000000000000000022201C
:108B9000000000000000007222260000000000001B
:108BA0000440000000000000000000000000000081
:108BB00000000000000000000000000000000000B5
:108BC00000000000000000000000000000000000A5
:108BD00000000044000000000000072222A33333FD
:108BE0003333333333222000000000000000000044
:108BF00000000222000000000000072222600000A6
:108C00000000000004400000000000000000000020
:108C10000000000000000000000000000000000054
:108C20000000000000000000000000000000000044
:108C3000000000000440004400000000000000723A
:108C4000222A333333333333322200000000000052
:108C50000000000000000022200000000006722238
:108C600070000000000000044444400000000000C8
:108C700000000000000000000000000000000000F4
:108C800000000000000000000000000000000000E4
:108C9000000000000000000000444440000000000C
:108CA000000000062222C333333333332220000076
:108CB0000000000000000000000000022200000090
:108CC00000622227000000000000000000000000F9
:108CD0000000000000000000000000000000000094
:108CE0000000000000000000000000000000000084
:108CF0000000000000000000000000000000000074
:108D000000000000000000006222283333333332B9
:108D10002200000000000000000000000000000031
:108D20002220000006222260000000000000000057
:108D30000000000000000000000000000000000033
:108D40000000000000000000000000000000000023
:108D50000000000000000000000000000000000013
:108D600000000000000000000000000000722283EC
:108D70003333332220000000000000000000000018
:108D80000000000002220000622226000000000015
:108D900000000000000000000000000000000000D3
:108DA00000000000000000000000000000000000C3
:108DB00000000000000000000000000000000000B3
:108DC00000000000000000000000000000000000A3
:108DD0000007222833333222000000000000000088
:108DE0000000000000000000002220062222600097
:108DF0000000000000000000000000000000000073
:108E00000000000000000000000000000000000062
:108E10000000000000000000000000000000000052
:108E20000000000000000000000000000000000042
:108E300000000000000072228333222000000000A6
:108E4000000000000000000000000000000222629C
:108E5000227600000000000000000000000000007A
:108E60000000000000000000000000000000000002
:108E700000000000000000000000000000000000F2
:108E800000000000000000000000000000000000E2
:108E9000000000000000000000000522283222002F
:108EA00000000000000000000000000000000000C2
:108EB0000000222227000000000000000000000047
:108EC00000000000000000000000000000000000A2
:108ED0000000000000000000000000000000000092
:108EE0000000000000000000000000000000000082
:108EF0000000000000000000000000000000006210
:108F000022222000000000000000000000000000FD
:108F100000000000000002227000000000000000BD
:108F20000000000000000000000000000000000041
:108F30000000000000000000000000000000000031
:108F40000000000000000000000000000000000021
:108F50000000000000000000000000000000000011
:108F600000000006222200000000000000000000B7
:108F700000000000000000000000002500000000CC
:108F800000000000000000000000000000000000E1
:108F900000000000000000000000000000000000D1
:108FA00000000000000000000000000000000000C1
:108FB00000000000000000000000000000000000B1
:108FC000000000000000000066200000000000001B
:108FD0000000000000000000000000000000000091
:108FE0000000000000000000000000000000000081
:108FF0000000000000000000000000000000000071
:109000000000000000000000000000000000000060
:109010000000000000000000000000000000000050
:109020000000000000000000000000000000000040
:109030000000000000000000000000000000000030
:1090400000000000000444000000000000000000D8
:109050000000000000000000000000000000000010
:109060000000000000000000000000000000000000
:1090700000000000000000000000000000000000F0
:10908000000000000000000000000000444000005C
:1090900000000000000000000000000000000000D0
:1090A0000000000000000000004404400000000038
:1090B00000000000000000000000000000000000B0
:1090C00000000000000000000000000000000000A0
:1090D0000000000000000000000000000000000090
:1090E000000000000000000000000000000000047C
:1090F0004000000000000000000000000000000030
:1091000000000000000000000000000004400044D7
:10911000000000000000000000000000000000004F
:10912000000000000000000000000000000000003F
:10913000000000000000000000000000000000002F
:10914000000000000000000000000000000000001F
:1091500000000044000000000000000000000000CB
:1091600000000000000000000000000000000000FF
:109170000440004400000000000000000000000067
:1091800000000000000000000000000000000000DF
:1091900000000000000000000000000000000000CF
:1091A00000000000000000000000000000000000BF
:1091B00000000000000000444444000000000000E3
:1091C000000000000000000000000000000000009F
:1091D0000000000004400044000000000000000007
:1091E000000000000000000000000000000000007F
:1091F000000000000000000000000000000000006F
:10920000000000000000000000000000000000005E
:1092100000000000000000000000004400044000C6
:10922000000000000000000000000000000000003E
:1092300000000000000000000044044000000000A6
:10924000000000000000000000000000000000001E
:10925000000000000000000000000000000000000E
:1092600000000000000000000000000000000000FE
:1092700000000000000000000000000000000044AA
:10928000000440000000000000000000000000009A
:109290000000000000000000000000000004440086
:1092A00000000000000000000000000000000000BE
:1092B00000000000000000000000000000000000AE
:1092C000000000000000000000000000000000009E
:1092D000000000000000000000000000000000008E
:1092E00000000004444400000000000000000000F2
:1092F00000000000C8004900640004007076010806
:1093000064760108000000000000F401F4FFB801D9
:10931000F4FFF0000C00F0000C00B801BDFE0008E6
:109320006D540008F32801080100000009FE000840
:10933000552A0108994F0008A150000800000000BC
:109340000101010100000000000000000000000019
:10935000000000000000000000000000000000000D
:10936000303030303030303030303000003030008D
:1093700000000000000000006666666666000000EF
:1093800000000000000000000000000000000000DD
:10939000000000000C600C600CE018C0FFF0FFF053
:1093A00018C031803180FFF0FFF03180730063001E
:1093B000630000000000000000000000000000004A
:1093C000000004001F003F8075C064C0640074008A
:1093D0003E000F8005C004C004C064C075C03F805B
:1093E0001F00040004000000000000000000000056
:1093F00000000000000000001C0600360C00630C9A
:10940000006318006318006330003660001C6700BA
:1094100000CD8000D8C00198C00198C00318C006D4
:109420000D800607000000000000000000000000A2
:1094300000000000000000000000000007800FC0D6
:109440001860186018C00D800F001F00339861D895
:1094500060F0606070F03FD81F080000000000005E
:10946000000000000000000060606060600000001C
:1094700000000000000000000000000000000000EC
:109480000408181030306060606060606030301038
:1094900018080400000000004020301018180C0CC0
:1094A0000C0C0C0C0C1818103020400000000000B0
:1094B0001818FF183C6600000000000000000000C3
:1094C000000000000000000000000000000000009C
:1094D000000006000600060006007FE07FE00600B0
:1094E000060006000600000000000000000000006A
:1094F000000000000000000000000000000000006C
:1095000000000000003030101020000000000000BB
:109510000000000000000000FCFC00000000000053
:10952000000000000000000000000000000000003B
:1095300000000000003030000000000000000000CB
:109540000C0C1818181830303060606060C0C00013
:109550000000000000000000000000001F003FC0ED
:1095600030C06060606060606060606060606060CB
:109570006060606030C03FC00F80000000000000ED
:1095800000000000000000000000000003000300D5
:109590000F001F003300030003000300030003005B
:1095A00003000300030003000300000000000000AC
:1095B0000000000000000000000000001F803FC00D
:1095C00070E060600060006000C000C001800700C3
:1095D0000E00180030007FE07FE000000000000077
:1095E0000000000000000000000000001F003F809D
:1095F00071C060C000C00180070007C000E00060CB
:109600000060606070C03FC01F00000000000000EC
:109610000000000000000000000000000080018049
:10962000038007800D800D801980318061807FE08C
:109630007FE00180018001800180000000000000C7
:109640000000000000000000000000001FC01FC05C
:1096500030003000300037807FC060E00060006084
:109660000060606070C03FC01F000000000000008C
:109670000000000000000000000000000F801FC07C
:1096800030E03060600067807FC070E060606060E4
:109690006060606030C01FC00F000000000000006C
:1096A0000000000000000000000000007FE07FE0FC
:1096B00000C00180018003000300060006000C00CA
:1096C0000C000C001800180018000000000000003A
:1096D0000000000000000000000000000F001F80DC
:1096E00030C030C030C030C01F801F8030C06060CC
:1096F0006060606070E03FC01F80000000000000FC
:109700000000000000000000000000000F003F808B
:1097100030C0606060606060606030E03FE01E60AC
:10972000006060C070C03F801F00000000000000AB
:1097300000000000000000000000000030300000C9
:1097400000000000003030000000000000000000B9
:109750000000000030300000000000000030301039
:1097600010200000000000000000000000000000C9
:10977000002000E003C00F003800600038000F0038
:1097800003C000E000200000000000000000000016
:1097900000000000000000000000000000000000C9
:1097A000000000007FE07FE00000000000007FE09C
:1097B0007FE000000000000000000000000000004A
:1097C0000000000000000000000000000000000099
:1097D000400070003C000F0001C0006001C00F009D
:1097E0003C0070004000000000000000000000008D
:1097F0000000000000000000000000001F803FC0CB
:1098000070E06060006000C001C0038007000600D7
:109810000600000000000600060000000000000036
:109820000000000000000000000000000000000038
:1098300000FE0007FF800F03C01C00E018736031BA
:10984000FB70338E30630630660630660630660481
:1098500070660C60671CC033FF8039EF301C0060FD
:109860000F01C007FF8001FE0000000000000000A3
:1098700000000000070007000D800D800D8018C05B
:1098800018C018C03FE03FE0603060306030C01862
:10989000C0180000000000000000000000000000F0
:1098A000000000003FC03FE030703030303030709A
:1098B0003FE03FE0303030183018301830383FF09B
:1098C0003FE0000000000000000000000000000079
:1098D0000000000007E01FF01C38301C700C600016
:1098E0006000600060006000700C30183C381FF0B1
:1098F00007E0000000000000000000000000000081
:10990000000000003FC03FF030383018300C300C01
:10991000300C300C300C300C300C301830383FF03C
:109920003FC0000000000000000000000000000038
:10993000000000003FF83FF83000300030003000F9
:109940003FF03FF0300030003000300030003FF892
:109950003FF80000000000000000000000000000D0
:10996000000000003FF03FF03000300030003000D9
:109970003FE03FE030003000300030003000300089
:1099800030000000000000000000000000000000A7
:109990000000000007F00FF81C1C300E30046000BF
:1099A000600060FE60FE6006300630061C1E0FFC84
:1099B00003F00000000000000000000000000000B4
:1099C00000000000601860186018601860186018C7
:1099D0007FF87FF8601860186018601860186018C9
:1099E00060180000000000000000000000000000FF
:1099F0003030303030303030303030303030300097
:109A00000000000000000000000000000180018054
:109A1000018001800180018001800180018001803E
:109A20006180618073803F001E0000000000000024
:109A3000000000000000000000000000303830701E
:109A400030E031C03380370037003F003B8031C009
:109A500030E0306030703038301C00000000000012
:109A60000000000000000000000000003000300096
:109A70003000300030003000300030003000300066
:109A80003000300030003FE03FE000000000000008
:109A900000000000000000000000000000000000C6
:109AA000700700780F00780F00680B006C1B006CCB
:109AB0001B00641300663300663300622300636397
:109AC0000063630061430061C30061C300000000E4
:109AD0000000000000000000000000000000000086
:109AE0000000000060187018781878186C18661854
:109AF000661863186198619860D8607860786038FB
:109B000060180000000000000000000000000000DD
:109B10000000000007E00FF01C38300C700E6006EB
:109B20006006600660066006700E300C1C380FF090
:109B300007E000000000000000000000000000003E
:109B4000000000003FE03FF0303830183018301887
:109B500030383FF03FE0300030003000300030005F
:109B600030000000000000000000000000000000C5
:109B70000000000007E00FF81C3C300C700E60067F
:109B80006006600660066006700C30EC1C380FFC46
:109B900007EE0002000000000000000000000000CE
:109BA000000000003FE03FF0303830183018303807
:109BB0003FF03FE030C030E0306030703038301877
:109BC000301C000000000000000000000000000049
:109BD0000000000007C01FF038383018300038008F
:109BE0001F8007E0007000186018701838381FF0E8
:109BF0000FC0000000000000000000000000000096
:109C000000000000FFF0FFF006000600060006005E
:109C10000600060006000600060006000600060014
:109C2000060000000000000000000000000000002E
:109C30000000000060186018601860186018601854
:109C400060186018601860186018703838701FE06D
:109C50000FC0000000000000000000000000000035
:109C600000000000C018E038603060307070306074
:109C7000306038E018C018C01DC00D800D800F8006
:109C800007000000000000000000000000000000CD
:109C90000000000000000000C07018C0701860D8FC
:109CA0003060D83060D83070C870318C60318C60D2
:109CB000318C601B06C01B06C01B06C01B06C00EF5
:109CC00003800E0380000000000000000000000080
:109CD0000000000000000000000000007038387034
:109CE00018600CC00CC007800300078007800DC0FF
:109CF0001CE0186030307038E01C000000000000EC
:109D0000000000000000000000000000E01C6018DF
:109D1000303038701CE00CC007800780030003005F
:109D20000300030003000300030000000000000024
:109D30000000000000000000000000007FF07FF045
:109D4000006000C001800180030006000C001800C4
:109D5000180030006000FFF0FFF00000000000007D
:109D600000000000000000007878606060606060C3
:109D70006060606060606060607878000000000093
:109D8000C0C060606060303030181818180C0C00CB
:109D90000000000000000000787818181818181843
:109DA00018181818181818181878780000000000EB
:109DB000183C3C3C666666C30000000000000000E2
:109DC0000000000000000000000000000000000093
:109DD0000000000000000000000000000000000083
:109DE0000000000000000000000000000000FFF084
:109DF000FFF00000000000006030100000000000D4
:109E00000000000000000000000000000000000052
:109E10000000000000000000000000001F807FC064
:109E200060C000C007C03FC078C060C061C07FC0D4
:109E30003E60000000000000000000000000000084
:109E40000000000060006000600060006F007F8024
:109E5000718060C060C060C060C060C071807F8081
:109E60006F00000000000000000000000000000083
:109E70000000000000000000000000000F003F8014
:109E800031C060C060006000600060C031C03F80D1
:109E90001F000000000000000000000000000000A3
:109EA0000000000000C000C000C000C01EC03FC0D5
:109EB00031C060C060C060C060C060C031C03FC021
:109EC0001EC00000000000000000000000000000B4
:109ED0000000000000000000000000000F003FC074
:109EE00030C060607FE07FE06000600030E03FC035
:109EF0000F800000000000000000000000000000D3
:109F00001C3C3030FCFC30303030303030303000F1
:109F10000000000000000000000000000000000041
:109F2000000000001EC03FC031C060C060C060C003
:109F300060C060C031C03FC01EC000C061C07F8033
:109F40001F00000000000000000000006000600032
:109F5000600060006F007F8071C060C060C060C042
:109F600060C060C060C060C060C000000000000051
:109F700000000000000000006060000060606060A1
:109F80006060606060606000000000000000000031
:109F90006060000060606060606060606060606081
:109FA00060E0C000000000000000000060006000F1
:109FB0006000600061C0638067006E007C007E000E
:109FC000660063006380618061C0000000000000E3
:109FD0000000000000000000606060606060606081
:109FE00060606060606060000000000000000000D1
:109FF0000000000000000000000000006F3C7F7EB9
:10A0000071C66186618661866186618661866186C8
:10A010006186000000000000000000000000000059
:10A020000000000000000000000000006F007F80C2
:10A0300071C060C060C060C060C060C060C060C00F
:10A0400060C00000000000000000000000000000F0
:10A050000000000000000000000000000F003FC0F2
:10A0600030C06060606060606060606030C03FC051
:10A070000F000000000000000000000000000000D1
:10A080000000000000000000000000006F007F8062
:10A09000718060C060C060C060C060C071807F803F
:10A0A0006F006000600060006000000000000000C1
:10A0B0000000000000000000000000001EC03FC0C3
:10A0C00031C060C060C060C060C060C031C03FC00F
:10A0D0001EC000C000C000C000C0000000000000A2
:10A0E000000000006E7E7060606060606060600014
:10A0F0000000000000000000000000000000000060
:10A10000000000001F003F8060C060007C003F80B6
:10A1100003C000C060C03F801F00000000000000BE
:10A12000000000000000000020606060F8F860603F
:10A13000606060606078380000000000000000008F
:10A1400000000000000000000000000060C060C0CF
:10A1500060C060C060C060C060C060C071C03FC00F
:10A160001EC0000000000000000000000000000011
:10A17000000000000000000000000000C060C0609F
:10A1800060C060C0318031801B001B000E000E00DB
:10A1900004000000000000000000000000000000BB
:10A1A000000000000000000000000000C106C3869F
:10A1B0004384628C66CC36D836D814501C701C7020
:10A1C0000C60000000000000000000000000000023
:10A1D000000000000000000000000000E1C06180FD
:10A1E000330033001E000C001E003300330061807A
:10A1F000E1C00000000000000000000000000000BE
:10A2000000000000000000000000000060C060C00E
:10A2100031803180398019801B000F000F0006004B
:10A22000060006000C007C00780000000000000022
:10A230000000000000000000000000007F807F8020
:10A24000038007000E001C0038007000E000FF8053
:10A25000FF8000000000000000000000000000007F
:10A260001C3C303030303070E0E060303030303026
:10A27000303C1C00000000003030303030303030D6
:10A28000303030303030303030303030000000008E
:10A29000707818181818181C0E0E1C181818181892
:10A2A00018787000000000000000000000000000AE
:10A2B000000000000000000038007E2047E001C0E0
:10A2C000000000000000000000000000000000008E
:10A2D0000000000006060100449301080606010084
:10A2E0005C93010807070100749301080C0C02003D
:10A2F0008C9301080C0C0200BC930108131303009B
:10A30000EC9301080E0E02003494010804040100CD
:10A3100064940108070701007C9401080707010005
:10A320009494010808080100AC9401080C0C020088
:10A33000C494010806060100F4940108070701000F
:10A340000C95010806060100249501080606010087
:10A350003C9501080C0C0200549501080C0C0200FD
:10A36000849501080C0C0200B49501080C0C020045
:10A37000E49501080C0C0200149601080C0C020074
:10A38000449601080C0C0200749601080C0C0200A3
:10A39000A49601080C0C0200D49601080C0C0200D3
:10A3A000049701080606010034970108060601001B
:10A3B0004C9701080C0C0200649701080C0C020079
:10A3C000949701080C0C0200C49701080C0C0200C1
:10A3D000F497010815150300249801080D0D0200DB
:10A3E0006C9801080E0E02009C9801080F0F0200E5
:10A3F000CC9801080F0F0200FC9801080E0E020015
:10A400002C9901080D0D02005C9901081010020042
:10A410008C9901080E0E0200BC9901080606010085
:10A42000EC9901080B0B0200049A01080E0E0200C1
:10A43000349A01080C0C0200649A010811110300FF
:10A44000949A01080E0E0200DC9A01081010020016
:10A450000C9B01080E0E02003C9B0108101002002C
:10A460006C9B01080F0F02009C9B01080E0E02005E
:10A47000CC9B01080C0C0200FC9B01080E0E020094
:10A480002C9C01080D0D02005C9C010815150300B1
:10A490008C9C01080E0E0200D49C01080E0E0200D6
:10A4A000049D01080D0D0200349D010806060100FF
:10A4B000649D0108060601007C9D01080606010056
:10A4C000949D010808080100AC9D01080C0C0200D5
:10A4D000C49D010807070100F49D01080C0C02004F
:10A4E0000C9E01080B0B02003C9E01080B0B0200A6
:10A4F0006C9E01080B0B02009C9E01080C0C0200D4
:10A50000CC9E010806060100FC9E01080B0B020010
:10A51000149F01080B0B0200449F01080505010070
:10A52000749F0108040401008C9F01080A0A0200BC
:10A53000A49F010804040100D49F01081010020028
:10A54000EC9F01080B0B02001CA001080C0C020080
:10A550004CA001080B0B02007CA001080B0B0200B1
:10A56000ACA0010807070100DCA001080B0B0200EA
:10A57000F4A001080606010024A101080B0B02004B
:10A580003CA101080B0B02006CA101080F0F020097
:10A590009CA101080A0A0200CCA101080B0B0200D1
:10A5A000FCA10108090902002CA20108070701000B
:10A5B0005CA201080606010074A201080707010059
:10A5C0008CA201080C0C0200A4A2010820007E004D
:10A5D000D4A2010800000000251A0008ED1A0008A6
:10A5E000311B0008371B00080000000000000000BD
:10A5F00018180101CCA50108130B0F000000000082
:10A60000000000000000000000000000000000004A
:10A61000000000000000000038383838383838387A
:10A62000381010003838380000000000000000002A
:10A63000000000007380738073807380738000005B
:10A64000000000000000000000000000000000000A
:10A6500000000000000000000000000000000000FA
:10A66000000000000C600C600C6018C0FFF0FFF0F0
:10A6700018C039C03180FFF0FFF031807380630073
:10A680006300000000000000000000000000000067
:10A69000000006001F803FC076E076E076007E0076
:10A6A0003F001FC007E006E006E076E076E03FC02E
:10A6B0001F800600060000000000000000000000EF
:10A6C00000000000000000003C18007E38006630EA
:10A6D000006630006660006660007EC0003CC0001E
:10A6E000019E0001BF0003B30003330003330006E3
:10A6F0003300063F000C1E000000000000000000B8
:10A7000000000000000000000000000007800FC0F3
:10A710001CE01CE01EE00FC00F801F803F9C71FCFE
:10A7200071F870F079FC3FFE1F8C00000000000003
:10A7300000000000000000007070707070000000E9
:10A740000000000000000000000000000000000009
:10A750000C1818383870707070707070703038382D
:10A7600018180C000000000060303038381C1C1C29
:10A770001C1C1C1C1C183838303060000000000005
:10A780001818DBFF1C3C66240000000000000000DD
:10A7900000000000000000000000000000000000B9
:10A7A00007000700070007007FF07FF07FF0070039
:10A7B0000700070007000000000000000000000084
:10A7C0000000000000000000000000000000000089
:10A7D0000000000070707010306000000000000089
:10A7E00000000000000000007E7E7E0000000000EF
:10A7F0000000000000000000000000000000000059
:10A8000000000000707070000000000000000000F8
:10A810000C0C1818183830303060606060C0C00010
:10A820000000000000000000000000000F003FC01A
:10A8300039C070E070E070E070E070E070E070E0EF
:10A8400070E070E039C03FC00F0000000000000061
:10A8500000000000000000000000000003800380F2
:10A8600007801F803F803B8023800380038003801C
:10A870000380038003800380038000000000000049
:10A880000000000000000000000000001F803FC02A
:10A8900079E070E000E000E001C003C007800F0035
:10A8A0001E001C0038007FE07FE000000000000078
:10A8B0000000000000000000000000001F003F80BA
:10A8C00071C071C001C003C00F800F8001C000E0E3
:10A8D00000E070E079C03FC01F00000000000000F1
:10A8E000000000000000000000000000038007805E
:10A8F00007800F800F801B80338033806380C3808C
:10A90000FFE0FFE003800380038000000000000000
:10A910000000000000000000000000001FC01FC079
:10A920003800380038003F807FC071E000E000E070
:10A9300000E070E079C03FC01F0000000000000090
:10A940000000000000000000000000000F803FC079
:10A9500039E07080700077807FC079C070E070E06F
:10A9600070E070E039C03FC00F0000000000000040
:10A970000000000000000000000000007FE07FE019
:10A9800000E001C003800380070007000E000E00F6
:10A990000E001C001C001C001C0000000000000039
:10A9A0000000000000000000000000001F803FC009
:10A9B00079E070E070E039C01F801F8039C070E01E
:10A9C00070E070E079E03FC01F80000000000000F0
:10A9D0000000000000000000000000000F003FC069
:10A9E00039C070E070E070E070E039E03FE01EE0F8
:10A9F00000E030E079C03FC01F0000000000000010
:10AA0000000000000000000000000000383838009E
:10AA1000000000003838380000000000000000008E
:10AA200000000000383838000000000038383808CE
:10AA300018300000000000000000000000000000CE
:10AA4000002000E007E01F807C0070007E001FC037
:10AA500007E000E00020000000000000000000000F
:10AA600000000000000000000000000000000000E6
:10AA7000000000007FE07FE07FE0000000007FE05A
:10AA80007FE07FE000000000000000000000000008
:10AA900000000000000000000000000000000000B6
:10AAA000400070007E001F8003E000E007E03F8070
:10AAB0007E00700040000000000000000000000068
:10AAC0000000000000000000000000000F803FE0D8
:10AAD00078F07070007000F001E003C0078007009C
:10AAE000070000000700070007000000000000004A
:10AAF0000000000000000000000000000000000056
:10AB000000FC0007FF000F03801C01C019DEC033EA
:10AB1000FC6033FC6063BC60673C60673C60673826
:10AB2000C06778C067F98063FF0033BC00380070ED
:10AB30001C00E00F03C007FF8001FE0000000000C2
:10AB40000000000007C007C007C00EE00EE00EE0E6
:10AB50001C701C7038383FF83FF87FFC701C701C6C
:10AB6000E00E0000000000000000000000000000F7
:10AB7000000000003FE03FF03FF838383838383800
:10AB80003FF03FF03FF8381C381C381C3FFC3FF8C2
:10AB90003FF0000000000000000000000000000086
:10ABA0000000000007C01FF03FF83C3C7818700020
:10ABB000700070007000700078183C3C3FF81FF087
:10ABC00007C00000000000000000000000000000BE
:10ABD000000000003FE03FF03FF83838383C381CB8
:10ABE000381C381C381C381C381C38383FF83FF0EB
:10ABF0003FC0000000000000000000000000000056
:10AC0000000000003FF83FF83FF8380038003800F7
:10AC10003FF03FF03FF03800380038003FF83FF891
:10AC20003FF80000000000000000000000000000ED
:10AC3000000000003FF03FF03FF0380038003800DF
:10AC40003FE03FE03FE0380038003800380038008F
:10AC500038000000000000000000000000000000BC
:10AC60000000000003E00FF81FFC3C1E780C700091
:10AC7000700070FE70FE70FE380E3C1E1FFE0FFC52
:10AC800003E00000000000000000000000000000E1
:10AC900000000000703870387038703870387038C4
:10ACA0007FF87FF87FF870387038703870387038F7
:10ACB00070380000000000000000000000000000EC
:10ACC00070707070707070707070707070707000F4
:10ACD00000000000000000000000000001C001C0F2
:10ACE00001C001C001C001C001C001C001C0E1C07C
:10ACF000E1C0F1C07FC07F801E00000000000000A6
:10AD0000000000000000000000000000383C38781F
:10AD100038F038E039C03B803FC03FC03EE03CE007
:10AD2000387038383838381C381C000000000000F3
:10AD300000000000000000000000000038003800A3
:10AD40003800380038003800380038003800380043
:10AD5000380038003FF03FF03FF0000000000000F6
:10AD600000000000000000000000000000000000E3
:10AD70007C1F007E3F007E3F0076370076370076EE
:10AD8000370077770077770073670073670073E7A2
:10AD90000073E70073E70071C70071C7000000008F
:10ADA00000000000000000000000000000000000A3
:10ADB000000000007038783878387C387E38763873
:10ADC0007738733873B871B871F870F870F87078B4
:10ADD00070380000000000000000000000000000CB
:10ADE0000000000007E01FF83FFC3C3C781E700E9E
:10ADF000700E700E700E700E781E3C3C3FFC1FF8FB
:10AE000007E000000000000000000000000000005B
:10AE1000000000003FE03FF03FF8387838383878DD
:10AE20003FF83FF03FE03800380038003800380085
:10AE300038000000000000000000000000000000DA
:10AE40000000000007E01FF83FFC3C3C781E700E3D
:10AE5000700E700E700E708E79DE3CFC3FFC1FFE93
:10AE600007EF0006000000000000000000000000E6
:10AE7000000000003FE03FF03FF8383838383838FD
:10AE80003FF83FF03FC038E038F038703838383895
:10AE9000381C00000000000000000000000000005E
:10AEA0000000000007C01FF03FF0387838383C0041
:10AEB0001F800FF003F00078703878783FF83FF08B
:10AEC0000FC00000000000000000000000000000B3
:10AED000000000007FF07FF07FF007000700070010
:10AEE000070007000700070007000700070007002A
:10AEF000070000000000000000000000000000004B
:10AF00000000000070387038703870387038703851
:10AF10007038703870387038703878783FF03FF09B
:10AF20000FC0000000000000000000000000000052
:10AF300000000000E038E07870707070707038E0E9
:10AF400038E038E01DC01DC01DC00F800F800F808D
:10AF500007000000000000000000000000000000EA
:10AF60000000000000000000E07038E0F83870F8E1
:10AF70007070F87071DC7071DC7039DCE03B8EE071
:10AF80003B8EE03B8EE01F07E01F07C01F07C01E7F
:10AF900003C01E03C000000000000000000000000D
:10AFA0000000000000000000000000007038703851
:10AFB00038701CE01CE00FC00780078007800FC0BE
:10AFC0001CE01CE038707038703800000000000091
:10AFD000000000000000000000000000E038E03841
:10AFE000707038E038E01DC00F800F800700070048
:10AFF000070007000700070007000000000000002E
:10B000000000000000000000000000007FF07FF062
:10B010007FF000F001E003C007800F001E003C003D
:10B020007800F000FFF0FFF0FFF0000000000000EB
:10B0300000000000000000003E3E3E38383838383E
:10B0400038383838383838383E3E3E000000000086
:10B05000C0C060606060303030381818180C0C00C8
:10B060000000000000000000F8F8F83838383838E0
:10B070003838383838383838F8F8F8000000000028
:10B080000000000006000F000F001F80198039C06B
:10B0900039C070E000000000000000000000000067
:10B0A00000000000000000000000000000000000A0
:10B0B0000000000000000000000000000000000090
:10B0C0000000000000000000000000000000000080
:10B0D000000000000000FFF0FFF000000000000092
:10B0E000E0603000000000000000000000000000F0
:10B0F0000000000000000000000000000000000050
:10B10000000000001F803FC060E003E01FE03CE063
:10B1100070E070E071E03FE01E7000000000000091
:10B12000000000000000000000000000700070003F
:10B130007000700077807FE078E0707070707070E1
:10B140007070707078E07FE0778000000000000091
:10B1500000000000000000000000000000000000EF
:10B16000000000000F003FC039C070E070007000A8
:10B17000700070E039C03FC00F0000000000000008
:10B1800000000000000000000000000000700070DF
:10B19000007000700F703FF038F070707070707059
:10B1A0007070707038F03FF00F7000000000000009
:10B1B000000000000000000000000000000000008F
:10B1C000000000000F003FC039C070E07FE07FE06A
:10B1D000700070E039C03FC00F00000000000000A8
:10B1E00000000000000000001E3E3838FEFE383827
:10B1F00038383838383838000000000000000000C7
:10B200000000000000000000000000000F703FF090
:10B2100038F07070707070707070707038F03FF04F
:10B220001F70007070F07FE01FC000000000000081
:10B2300000000000700070007000700073C07FE0BC
:10B2400078F0707070707070707070707070707076
:10B25000707000000000000000000000000000000E
:10B26000707000007070707070707070707070002E
:10B27000000000000000000070700000707070702E
:10B28000707070707070707070F0E00000000000FE
:10B2900000000000700070007000700070E071C06D
:10B2A00073807F007F007F007B80718071C070E0C1
:10B2B00070E000000000000000000000000000003E
:10B2C00070707070707070707070707070707000EE
:10B2D000000000000000000000000000000000006E
:10B2E00000000000000000000000000077CF007F99
:10B2F000FF8078F1C070E1C070E1C070E1C070E122
:10B30000C070E1C070E1C070E1C070E1C000000039
:10B31000000000000000000000000000000000002D
:10B3200000000000000000000000000073C07FE08B
:10B3300078F0707070707070707070707070707085
:10B34000707000000000000000000000000000001D
:10B350000000000000000000000000000F803FE03F
:10B3600038E07070707070707070707038E03FE02E
:10B370000F8000000000000000000000000000003E
:10B3800000000000000000000000000077807FE067
:10B3900078E07070707070707070707078E07FE03E
:10B3A00077807000700070007000000000000000E6
:10B3B0000000000000000000000000000F703FF0DF
:10B3C00038F07070707070707070707038F03FF09E
:10B3D0000F7000700070007000700000000000002E
:10B3E00000000000777F787070707070707070006F
:10B3F000000000000000000000000000000000004D
:10B40000000000001F803FC070E070007E003FC061
:10B4100007E000E070E03FC01F8000000000000077
:10B42000000000000000000000103070FCFC707094
:10B4300070707070707C3C00000000000000000024
:10B44000000000000000000000000000707070703C
:10B4500070707070707070707070707078F03FF015
:10B460001F7000000000000000000000000000004D
:10B47000000000000000000000000000707070700C
:10B4800038E038E038E01DC01DC00F800F80070095
:10B4900007000000000000000000000000000000A5
:10B4A000000000000000000000000000E38EE38EBA
:10B4B000638C77DC76DC36D836D83EF83C781C7066
:10B4C0001C700000000000000000000000000000F0
:10B4D00000000000000000000000000070E039C023
:10B4E00039C01F800F000F000F001F8039C039C006
:10B4F00070E00000000000000000000000000000FC
:10B50000000000000000000000000000E0E0E0E0BB
:10B5100071C071C071803B803B801B001F001F0009
:10B520000E000E001C007C007800000000000000EF
:10B530000000000000000000000000007FC07FC08D
:10B5400001C0038007000E001C00380070007FC09F
:10B550007FC00000000000000000000000000000AC
:10B56000070F1F1C1C1C1C1C3C78783C1C1C1C1C42
:10B570001F1F0F00000000003030303030303030FE
:10B58000303030303030303030303030000000007B
:10B59000E0F0F838383838383C1E1E3C3838383837
:10B5A000F8F8F000000000000000000000000000BB
:10B5B00000000000000000007C20FFE0FFE087C0EA
:10B5C000000000000000000000000000000000007B
:10B5D0000000000006060100FCA5010807070100A5
:10B5E00014A601080A0A02002CA601080C0C02008D
:10B5F0005CA601080C0C02008CA6010811110300C6
:10B60000BCA601080F0F020004A7010805050100F0
:10B6100034A70108070701004CA70108070701002C
:10B6200064A70108080801007CA701080C0C0200AF
:10B6300094A7010806060100C4A701080707010036
:10B64000DCA7010806060100F4A7010806060100B0
:10B650000CA801080C0C020024A801080C0C020024
:10B6600054A801080C0C020084A801080C0C02006C
:10B67000B4A801080C0C0200E4A801080C0C02009C
:10B6800014A901080C0C020044A901080C0C0200CA
:10B6900074A901080C0C0200A4A901080C0C0200FA
:10B6A000D4A901080707010004AA0108070701003F
:10B6B0001CAA01080C0C020034AA01080C0C0200A0
:10B6C00064AA01080C0C020094AA01080D0D0200E6
:10B6D000C4AA010814140300F4AA01080F0F020001
:10B6E0003CAB01080F0F02006CAB01080F0F02000A
:10B6F0009CAB01080F0F0200CCAB01080E0E02003C
:10B70000FCAB01080D0D02002CAC0108101002006A
:10B710005CAC01080E0E02008CAC010805050100AE
:10B72000BCAC01080C0C0200D4AC01080F0F0200E5
:10B7300004AD01080D0D020034AD01081111030024
:10B7400064AD01080E0E0200ACAD0108101002003D
:10B75000DCAD01080E0E02000CAE01081010020054
:10B760003CAE01080F0F02006CAE01080E0E020085
:10B770009CAE01080D0D0200CCAE01080E0E0200B9
:10B78000FCAE01080D0D02002CAF010815150300D9
:10B790005CAF01080E0E0200A4AF01080D0D0200FF
:10B7A000D4AF01080C0C020004B001080707010027
:10B7B00034B00108060601004CB00108070701007B
:10B7C00064B001080C0C02007CB001080C0C0200F3
:10B7D000ACB0010807070100DCB001080C0C020046
:10B7E000F4B001080D0D020024B101080C0C020098
:10B7F00054B101080D0D020084B101080C0C0200C7
:10B80000B4B1010807070100E4B101080D0D020001
:10B81000FCB101080D0D02002CB201080505010064
:10B820005CB201080505010074B201080C0C0200AD
:10B830008CB2010805050100BCB201081313030016
:10B84000D4B201080D0D02001CB301080D0D020059
:10B850004CB301080D0D02007CB301080D0D020070
:10B86000ACB3010808080100DCB301080C0C0200AD
:10B87000F4B301080707010024B401080D0D02000C
:10B880003CB401080D0D02006CB401080F0F02005A
:10B890009CB401080C0C0200CCB401080B0B020094
:10B8A000FCB401080B0B02002CB5010808080100CC
:10B8B0005CB501080606010074B50108080801001E
:10B8C0008CB501080C0C0200A4B5010820007E0014
:10B8D000D4B5010800000000251A0008ED1A000880
:10B8E000311B0008371B00080000000000000000AA
:10B8F00018180101CCB80108130B0F00000000005C
:10B90000000000002020202020002000484848009F
:10B91000000000005050F850F85050002078A070FF
:10B9200028F02000C0C81020409818006090A04067
:10B93000A8906800602040000000000010204040F7
:10B94000402010004020101010204000005020F82F
:10B9500020500000002020F82020000000000000FF
:10B9600000602040000000F800000000000000001F
:10B97000006060000008102040800000708898A8D7
:10B98000C888700020602020202070007088083057
:10B990004080F8007088083008887000103050909F
:10B9A000F8101000F880F00808887000304080F02F
:10B9B00088887000F8081020404040007088887027
:10B9C00088887000708888780810600000606000C7
:10B9D0006060000000006060006020401020408037
:10B9E000402010000000F800F80000008040201007
:10B9F00020408000708808102000200070880868AF
:10BA0000A8A87000708888F888888800F08888F076
:10BA10008888F0007088808080887000E090888836
:10BA20008890E000F88080F08080F800F88080F056
:10BA3000808080007088808098887800888888F866
:10BA40008888880070202020202070003810101076
:10BA5000109060008890A0C0A090880080808080B6
:10BA60008080F80088D8A8A8888888008888C8A816
:10BA7000988888007088888888887000F08888F0A6
:10BA80008080800070888888A8906800F08888F09E
:10BA9000A09088007088807008887000F8202020AE
:10BAA0002020200088888888888870008888888876
:10BAB00088502000888888A8A8A85000888850202E
:10BAC000508888008888885020202000F80810209E
:10BAD0004080F800704040404040700000804020AE
:10BAE0001008000070101010101070002050880016
:10BAF0000000000000000000000000F840201000DE
:10BB00000000000000007008788878008080B0C8CD
:10BB10008888F000000070808088700008086898AD
:10BB20008888780000007088F8807000304840E015
:10BB30004040400000007888887808708080B0C855
:10BB400088888800200060202020700010003010BD
:10BB500010109060808090A0C0A0900060202020F5
:10BB6000202070000000D0A8888888000000B0C89D
:10BB70008888880000007088888870000000F0883D
:10BB800088F0808000007888887808080000B0C8B5
:10BB900080808000000078807008F0004040E04025
:10BBA0004048300000008888889868000000888835
:10BBB0008850200000008888A8A850000000885005
:10BBC0002050880000008888887808700000F810ED
:10BBD0002040F800102020402020100020202020AD
:10BBE00020202000402020102020400068900000ED
:10BBF000000000001820000000000000C02000002D
:10BC000000000000708800000000000050000000EC
:10BC100000000000689000000000000000000060CC
:10BC200020207000006090F08888B080200070882C
:10BC3000F888880020007008788878003860A0B8FC
:10BC4000E0A0B800704848E848487000E0407048FC
:10BC5000487040E00000D02878A05800A040A01014
:10BC6000788870006020302830207000708898A894
:10BC7000C888700000007098A8C870000000708824
:10BC8000F88888000000F880E080F800000070204C
:10BC9000202070000000708888887000000088886C
:10BCA00088887000000088C8A8988800200020209C
:10BCB00020202000200020408088700018200000F4
:10BCC00000000000C0200000000000002050000024
:10BCD000000000005000000000000000689000001C
:10BCE0000000000000000000000000200000000034
:10BCF00000000000002070A0A0A87020304040E0AC
:10BD00004048B00000008870507088008850F820CB
:10BD1000F820200020202000202020003048205043
:10BD2000209060008800000000000000F888A8B89B
:10BD3000A888F8007008788870000000002850A0DB
:10BD400050280000000000F8080800000000007003
:10BD500000000000F888A88898A8F800F800000003
:10BD60000000000020502000000000000020702093
:10BD70000070000060902040F0000000E0106010B3
:10BD8000E00000001820000000000000000088888B
:10BD900088C8B0807898987818181800000000308B
:10BDA0003000000040C04040E000000070888888FB
:10BDB0007000000000A0502850A000008890A05003
:10BDC000B05078108890A040B8081038C040C048E3
:10BDD000D82838080088502050880000002000F83B
:10BDE00000200000103070FC70301000203038FC53
:10BDF00038302000002070F820200000002020F8BB
:10BE00007020000000082868F86020000004040882
:10BE1000089050209D00FFFF9E00FFFF9F00FFFF46
:10BE2000A000FFFFA100FFFFA200FFFFFFFFFFFF39
:10BE3000FFFFFFFFFFFFFFFFFFFFFFFFFFFFFFFF12
:10BE4000FFFFFFFFFFFFFFFFFFFFFFFFFFFFFFFF02
:10BE5000FFFFFFFF7E00FFFF7600FFFF7F00FFFF79
:10BE60008000FFFF8100FFFF8200FFFF8300FFFFD4
:10BE70008400FFFF8500FFFF8600FFFF8700FFFFB4
:10BE80008800FFFF8900FFFF8A00FFFF8B00FFFF94
:10BE90008C00FFFF8D00FFFF8E00FFFF8F00FFFF74
:10BEA0009000FFFF9100FFFF9200FFFF9300FFFF54
:10BEB0009400FFFF7D00FFFF9500FFFF9600FFFF4E
:10BEC0009700FFFF9800FFFF9900FFFF9A00FFFF18
:10BED0007700FFFF700079007000780070007A0032
:10BEE00070007C0070007B006600FFFF6800FFFFB1
:10BEF00023007D00710079007100780071007A00E4
:10BF000071007B00720079007200780072007A0084
:10BF100072007B006900FFFF75007C0073007900F0
:10BF20007300780073007A0073007C0073007B005C
:10BF30009B00FFFF6E00FFFF740079007400780023
:10BF400074007A0074007B00390078006A00FFFFFB
:10BF50006500FFFF4100600041005F00410061009B
:10BF600041006300410062006700FFFF6B00FFFFBC
:10BF700043007D004500600045005F004500610012
:10BF8000450062006400600064005F0064006100BE
:10BF9000640062006C00FFFF4E0063004F00600011
:10BFA0004F005F004F0061004F0063004F006200D0
:10BFB0009C00FFFF6F00FFFF5500600055005F0011
:10BFC000550061005500620059005F006D00FFFFE1
:10BFD000590062009000FF0014BE0108FCB801087F
:10BFE000FCB80108D4BF010820007E00060601004D
:10BFF00099180008CD190008E5190008EB19000888
:10C00000000000000000000008080101DCBF01087A
:10C01000070507000000000000000000000000000D
:10C02000000000000000183C3C3C181818001818CC
:10C0300000000000006666662400000000000000AA
:10C04000000000000000006C6CFE6C6C6CFE6C6C00
:10C050000000000018187CC6C2C07C060686C67C9C
:10C060001818000000000000C2C60C183060C68618
:10C07000000000000000386C6C3876DCCCCCCC764C
:10C0800000000000003030306000000000000000C0
:10C090000000000000000C18303030303030180C38
:10C0A00000000000000030180C0C0C0C0C0C1830B8
:10C0B000000000000000000000663CFF3C6600003D
:10C0C00000000000000000000018187E1818000092
:10C0D0000000000000000000000000000018181818
:10C0E0003000000000000000000000FE0000000022
:10C0F0000000000000000000000000000000181810
:10C10000000000000000000002060C183060C08033
:10C11000000000000000386CC6C6C6C6C6C66C3833
:10C120000000000000001838781818181818187E39
:10C130000000000000007CC6060C183060C0C6FE7F
:10C140000000000000007CC606063C060606C67C11
:10C150000000000000000C1C3C6CCCFE0C0C0C1E03
:10C16000000000000000FEC0C0C0FC060606C67C41
:10C170000000000000003860C0C0FCC6C6C6C67C17
:10C18000000000000000FEC606060C1830303030FB
:10C190000000000000007CC6C6C67CC6C6C6C67CC1
:10C1A0000000000000007CC6C6C67E0606060C78AD
:10C1B000000000000000000018180000001818001F
:10C1C00000000000000000001818000000181830DF
:10C1D00000000000000000060C18306030180C064B
:10C1E0000000000000000000007E00007E00000053
:10C1F000000000000000006030180C060C183060D1
:10C200000000000000007CC6C60C181818001818A2
:10C21000000000000000007CC6C6DEDEDEDCC07C64
:10C2200000000000000010386CC6C6FEC6C6C6C6B8
:10C23000000000000000FC6666667C66666666FCC0
:10C240000000000000003C66C2C0C0C0C0C2663C26
:10C25000000000000000F86C6666666666666CF8B2
:10C26000000000000000FE6662687868606266FE9A
:10C27000000000000000FE6662687868606060F0A0
:10C280000000000000003C66C2C0C0DEC6C6663AC0
:10C29000000000000000C6C6C6C6FEC6C6C6C6C6AA
:10C2A0000000000000003C18181818181818183C56
:10C2B0000000000000001E0C0C0C0C0CCCCCCC7848
:10C2C000000000000000E666666C78786C6666E642
:10C2D000000000000000F06060606060606266FE68
:10C2E000000000000000C6EEFEFED6C6C6C6C6C6EA
:10C2F000000000000000C6E6F6FEDECEC6C6C6C6DA
:10C300000000000000007CC6C6C6C6C6C6C6C67C05
:10C31000000000000000FC6666667C60606060F003
:10C320000000000000007CC6C6C6C6C6C6D6DE7CBD
:10C330000C0E00000000FC6666667C6C666666E6B5
:10C340000000000000007CC6C660380C06C6C67C33
:10C350000000000000007E7E5A1818181818183CBB
:10C36000000000000000C6C6C6C6C6C6C6C6C67C5B
:10C37000000000000000C6C6C6C6C6C6C66C38109F
:10C38000000000000000C6C6C6C6D6D6D6FEEE6CBB
:10C39000000000000000C6C66C7C38387C6CC6C645
:10C3A000000000000000666666663C181818183C1D
:10C3B000000000000000FEC6860C183060C2C6FEF9
:10C3C0000000000000003C30303030303030303C75
:10C3D0000000000000000080C0E070381C0E060263
:10C3E0000000000000003C0C0C0C0C0C0C0C0C3C75
:10C3F0000000000010386CC60000000000000000C3
:10C40000000000000000000000000000000000002C
:10C4100000FF00000030180C0000000000000000C9
:10C42000000000000000000000780C7CCCCCCC7632
:10C43000000000000000E06060786C666666667C64
:10C440000000000000000000007CC6C0C0C0C67C28
:10C450000000000000001C0C0C3C6CCCCCCCCC765A
:10C460000000000000000000007CC6FEC0C0C67CCA
:10C470000000000000001C36323078303030307858
:10C4800000000000000000000076CCCCCCCCCC7CBE
:10C490000CCC78000000E060606C7666666666E64C
:10C4A0000000000000001818003818181818183C70
:10C4B0000000000000000606000E0606060606063E
:10C4C00066663C000000E06060666C78786C66E64A
:10C4D0000000000000003818181818181818183C28
:10C4E000000000000000000000ECFED6D6D6D6C644
:10C4F000000000000000000000DC666666666666FC
:10C500000000000000000000007CC6C6C6C6C67C55
:10C51000000000000000000000DC66666666667CC5
:10C520006060F000000000000076CCCCCCCCCC7C6D
:10C530000C0C1E000000000000DC7666606060F0FD
:10C540000000000000000000007CC660380CC67CC3
:10C55000000000000000103030FC30303030361C5D
:10C56000000000000000000000CCCCCCCCCCCC768D
:10C57000000000000000000000C6C6C6C6C66C3839
:10C58000000000000000000000C6C6D6D6D6FE6C33
:10C59000000000000000000000C66C3838386CC68F
:10C5A000000000000000000000C6C6C6C6C6C67E69
:10C5B000060CF8000000000000FECC183060C6FE3B
:10C5C0000000000000000E18181870181818180E37
:10C5D000000000000000181818181818181818186B
:10C5E000000000000000701818180E1818181870B5
:10C5F000000000000076DC000000000000000000E9
:10C600000000000000001C300000000000000000DE
:10C610000000000000007018000000000000000092
:10C62000000000000010386C000000000000000056
:10C630000000000000C6C60000000000000000006E
:10C64000000000000076DC00000000000000000098
:10C650000000000000000000003818181818183CEE
:10C66000000000000000386C6C6C786C6666666CCC
:10C6700060C00000102810007CC6C6FEC6C6C6C634
:10C68000000000000030483000780C7CCCCCCC7628
:10C690000000000000001E7AD8D8D8FED8D8DADE14
:10C6A000000000000000FC666666F6F6666666FC42
:10C6B000000000000000F0607C666666667C60F04A
:10C6C000000000000000000000CC323E70B0B26CF0
:10C6D000000000000000D060B0187CC6C6C6C67C52
:10C6E000000000000000E06060786C6C786060F032
:10C6F0000000000000007CC6CECED6D6E6E6C67CA2
:10C700000000000000000000003A44CED6E644B825
:10C7100000000000000000386CC6C6FEC6C6C6C6D3
:10C7200000000000000000FE66626878686266FE35
:10C73000000000000000003C181818181818183CD9
:10C74000000000000000007CC6C6C6C6C6C6C67C87
:10C7500000000000000000C6C6C6C6C6C6C6C67C2D
:10C7600000000000000000C6E6F6FEDECEC6C6C62B
:10C770000000000000001818001818183C3C3C1875
:10C7800000000000000030300030303060C6C67C51
:10C79000000000001C30000000000000000000004D
:10C7A0000000000070180000000000000000000001
:10C7B00000000000386C00000000000000000000D5
:10C7C00000000000C6C600000000000000000000DD
:10C7D0000000000076DC0000000000000000000007
:10C7E0000000000000000000000000000000000049
:10C7F00018300000000000000000000000000000F1
:10C800000000000000000010107CD0D0D0D0D67CFA
:10C810001010000000001C30303078303030325CB6
:10C820000000000000000000423C24243C420000C4
:10C83000000000000000663C187E18187E181818CA
:10C840000000000000001818181800001818181828
:10C850000000000000003C6460384444380C4C7810
:10C860000000000000C6C60000000000000000003C
:10C8700000000000000000007E425A5E5A427E0026
:10C880000000000000007008788888740000000034
:10C89000000000000000000000366CD86C3600007C
:10C8A0000000000000000000000000FC0404000084
:10C8B00000000000000000000000007C00000000FC
:10C8C00000000000000000007C4454444C547C00F4
:10C8D00000000000FE00000000000000000000005A
:10C8E000000000000070D888D87000000000000030
:10C8F000000000000000000010107C1010007C0000
:10C9000000000000788C0C183060FC000000000073
:10C9100000000000788C0C780C8C7800000000007F
:10C9200000000000000E18200000000000000000C1
:10C930000000000000000000006666666666667C17
:10C940006060C00000007ED4D4D474141414143E6B
:10C95000000000000000000000003838380000002F
:10C960000000000060E060606060F0000000000017
:10C970000000000000003C6666663C00000000000D
:10C98000000000000000000000D86C366CD80000E9
:10C9900000000000000040C0444810244C941E04D5
:10C9A00000000000000040C04448102C5284081EC3
:10C9B000000000000000C0204428D0244C941E0435
:10C9C000000000000000000000663C183C6600000B
:10C9D00000000000000000001818007E0018180079
:10C9E0000000000000000000000818387FFF7F38BA
:10C9F00018080000000000000010181CFEFFFE1CBC
:10CA00001810000000000000000010387CFE3838CC
:10CA10003838000000000000000038383838FE7C4C
:10CA2000381000000000000606060616367EFE7C62
:10CA300030100000000000000000030306060CCCCC
:10CA4000783800009D00FFFF9E00FFFF9F00FFFF62
:10CA5000A000FFFFA100FFFFA200FFFFFFFFFFFFFD
:10CA6000FFFFFFFFFFFFFFFFFFFFFFFFFFFFFFFFD6
:10CA7000FFFFFFFFFFFFFFFFFFFFFFFFFFFFFFFFC6
:10CA8000FFFFFFFF7E00FFFF7600FFFF7F00FFFF3D
:10CA90008000FFFF8100FFFF8200FFFF8300FFFF98
:10CAA0008400FFFF8500FFFF8600FFFF8700FFFF78
:10CAB0008800FFFF8900FFFF8A00FFFF8B00FFFF58
:10CAC0008C00FFFF8D00FFFF8E00FFFF8F00FFFF38
:10CAD0009000FFFF9100FFFF9200FFFF9300FFFF18
:10CAE0009400FFFF7D00FFFF9500FFFF9600FFFF12
:10CAF0009700FFFF9800FFFF9900FFFF9A00FFFFDC
:10CB00007700FFFF700079007000780070007A00F5
:10CB100070007C0070007B006600FFFF6800FFFF74
:10CB200023007D00710079007100780071007A00A7
:10CB300071007B00720079007200780072007A0048
:10CB400072007B006900FFFF75007C0073007900B4
:10CB50007300780073007A0073007C0073007B0020
:10CB60009B00FFFF6E00FFFF7400790074007800E7
:10CB700074007A0074007B00390078006A00FFFFBF
:10CB80006500FFFF4100600041005F00410061005F
:10CB900041006300410062006700FFFF6B00FFFF80
:10CBA00043007D004500600045005F0045006100D6
:10CBB000450062006400600064005F006400610082
:10CBC000640062006C00FFFF4E0063004F006000D5
:10CBD0004F005F004F0061004F0063004F00620094
:10CBE0009C00FFFF6F00FFFF55005F0055006000D5
:10CBF000550061005500620059005F006D00FFFFA5
:10CC0000590062009000FF0044CA010814C00108E6
:10CC100014C0010804CC010820007F0008080100AE
:10CC200099180008CD190008E5190008EB1900084B
:10CC30000000000000000000101001010CCC0108F1
:10CC40000C070A00000000000100000002000000C4
:10CC500003000000040000000500000006000000C2
:10CC60000700000008000000090000000A000000A2
:10CC70000B0000000C0000000D0000000E00000082
:10CC80000F00000004000000191201086D180108CF
:10CC90000D190108752001084F29010859350108AF
:10CCA00041420108E7330108D92701088328010818
:10CCB0006127010889290108000000000001010125
:10CCC0000101010101020202020202020203030346
:10CCD0000303030303040404040404040405050516
:10CCE00005050505050506060606060606060707E8
:10CCF00007070707070708080808080808080909B8
:10CD0000090909090909090A0A0A0A0A0A0A0A0B89
:10CD10000B0B0B0B0B0B0B0C0C0C0C0C0C0C0C0D59
:10CD20000D0D0D0D0D0D0D0D0E0E0E0E0E0E0E0E2B
:10CD30000F0F0F0F0F0F0F0F1010101010101010FB
:10CD400011111111111111111212121212121212CB
:10CD5000121313131313131313141414141414149D
:10CD6000141515151515151515161616161616166D
:10CD7000161617171717171717171818181818183F
:10CD8000181819191919191919191A1A1A1A1A1A0F
:10CD90001A1A1B1B1B1B1B1B1B1B1B1C1C1C1C1CE0
:10CDA0001C1C1C1D1D1D1D1D1D1D1D1E1E1E1E1EB1
:10CDB0001E1E1E1F1F1F1F1F000000010101010278
:10CDC0000202020303030304040404050505050627
:10CDD0000606060707070708080808090909090AD7
:10CDE0000A0A0A0B0B0B0B0C0C0C0C0D0D0D0D0E87
:10CDF0000E0E0E0F0F0F0F10101010111111111237
:10CE000012121213131313141414141515151515E7
:10CE1000161616161717171718181818191919199A
:10CE20001A1A1A1A1B1B1B1B1C1C1C1C1D1D1D1D4A
:10CE30001E1E1E1E1F1F1F1F2020202021212121FA
:10CE400022222222232323232424242425252525AA
:10CE5000262626262727272728282828292929295A
:10CE60002A2A2A2A2A2B2B2B2B2C2C2C2C2D2D2D0D
:10CE70002D2E2E2E2E2F2F2F2F30303030313131BE
:10CE8000313232323233333333343434343535356E
:10CE9000353636363637373737383838383939391E
:10CEA000393A3A3A3A3B3B3B3B3C3C3C3C3D3D3DCE
:10CEB0003D3E3E3E3E3F3F3F000810192129313A9A
:10CEC000424A525B636B737B848C949CA5ADB5BD69
:10CED000C5CED6DEE6EFF7FF0004080C1014181CD0
:10CEE0002024282D3135393D4145494D5155595D55
:10CEF0006165696D7175797D82868A8E92969A9E3A
:10CF0000A2A6AAAEB2B6BABEC2C6CACED2D7DBDF1E
:10CF1000E3E7EBEFF3F7FBFF00000000780400000D
:10CF2000EF080000660D0000DC1100005016000044
:10CF3000C21A0000331F0000A12300000C280000CB
:10CF4000742C0000D93000003A35000096390000FA
:10CF5000EF3D00004242000090460000D94A000028
:10CF60001C4F0000585300008F570000BE5B0000AC
:10CF7000E65F00000764000020680000316C0000DC
:10CF800039700000397400002F7800001C7C00000C
:10CF900000800000DA830000A98700006D8B00008C
:10CFA000278F0000D692000079960000119A0000A9
:10CFB0009C9D00001BA100008EA40000F3A70000B0
:10CFC0004CAB000097AE0000D5B1000005B50000E5
:10CFD00027B800003ABB00003FBE000035C100008A
:10CFE0001BC40000F3C60000BBC9000073CC0000E6
:10CFF0001CCF0000B4D100003CD40000B3D6000028
:10D000001AD900006FDB0000B4DD0000E7DF00008C
:10D0100009E2000019E4000017E6000004E800003F
:10D02000DEE90000A6EB00005CED0000FFEE000072
:10D0300090F000000EF2000078F30000D0F4000041
:10D0400015F6000047F7000065F8000070F90000D1
:10D0500068FA00004CFB00001CFC0000D9FC00003A
:10D0600082FD000018FE000099FE000007FF00008E
:10D0700060FF0000A6FF0000D8FF0000F6FF0000E0
:10D0800000000100010000000A0000006400000030
:10D09000E803000010270000A086010040420F00B6
:10D0A0008096980000E1F50500CA9A3B0127010827
:10D0B00005270108DDFD0008811A01082933010850
:10D0C000BD32010849330108008040C020A060E063
:10D0D000109050D030B070F0088848C828A868E890
:10D0E000189858D838B878F8048444C424A464E460
:10D0F000149454D434B474F40C8C4CCC2CAC6CEC30
:10D100001C9C5CDC3CBC7CFC028242C222A262E22F
:10D11000129252D232B272F20A8A4ACA2AAA6AEA2F
:10D120001A9A5ADA3ABA7AFA068646C626A666E6FF
:10D13000169656D636B676F60E8E4ECE2EAE6EEECF
:10D140001E9E5EDE3EBE7EFE018141C121A161E1E7
:10D15000119151D131B171F1098949C929A969E9FF
:10D16000199959D939B979F9058545C525A565E5CF
:10D17000159555D535B575F50D8D4DCD2DAD6DED9F
:10D180001D9D5DDD3DBD7DFD038343C323A363E39F
:10D19000139353D333B373F30B8B4BCB2BAB6BEB9F
:10D1A0001B9B5BDB3BBB7BFB078747C727A767E76F
:10D1B000179757D737B777F70F8F4FCF2FAF6FEF3F
:10D1C0001F9F5FDF3FBF7FFF07000000C9140108FA
:10D1D00077180108C5190108212101085D290108F6
:10D1E000A135010895420108EF330108E92701083C
:10D1F0008B28010871270108B929010800000000E7
:10D200000100000065FE0008BB2A01089B280108F8
:10D21000000000000000000000000000B9FE00084F
:10D220006B540008ED2801080000000055FE0008BE
:10D23000AD2A01080000000001000000020000000B
:10D2400003000000040000000500000006000000CC
:10D250000700000008000000090000000A000000AC
:10D260000B0000000C0000000D0000000E0000008C
:10D270000F00000004000000E514010889180108EF
:10D28000D51901083521010861290108A9350108CE
:10D290009D420108F7330108052801088F2801087D
:10D2A00075270108CB290108393C0008C53B000857
:10D2B000653C000800000000DD250108D13C0008A5
:10D2C00030313233343536373839414243444546BC
:10D2D00040305800303132333435363738396162B6
:10D2E0006364656640307800506C656173652075D5
:10D2F000736520746865207374796C757320636C32
:10D3000069636B207468652063726F7373206F6E3E
:10D31000207468652073637265656E2E546865209D
:10D3200063726F73732077696C6C20616C776179BD
:10D3300073206D6F766520756E74696C20746865F6
:10D340002073637265656E2061646A7573746D65C0
:10D350006E7420697320636F6D706C657465642EE4
:10D36000000000004D503100334732004D50320074
:10D370004D5033004D5034004D344100574D410065
:10D38000464C414300000000414343004C524300DF
:10D39000430000004D494400474946004A50454774
:10D3A000000000004F4747004A5047004800000077
:10D3B00042494E0033475000424D50004E45530005
:10D3C0005458540057415600E8D30108000000208B
:10D3D0005C040000C4010008D0D401085C040020F3
:10D3E0004C7E0100200200082143FFFF13A9DB143B
:10D3F0000829DF140885D1022C0863D0907CE8D27C
:10D40000013872013B14EF0E2C02030404E50607F9
:10D4100008091E05500108F90413F83C322032684F
:10D420001610F85C01201A280C12F002181025FEC4
:10D43000FF07601A0804014A8BB0D3C001280A31E3
:10D440008C340A31BC341AC0341A90040A29AC3C1A
:10D450001A642C1A6C041A70041A74041A78041AC8
:10D46000B4041A68041AA4041A88041A7C041AC49E
:10D47000041A94041A80041AB8041AA8041A9C0402
:10D480000A3198A8011102525013FF53080A3708B5
:10D49000F0BF01084C7A012044590109262C4102B1
:10D4A0001B043DBCD0010827026E0113ED47140890
:10D4B00053480228082D047B01200401104B173E1D
:10D4C0004439E9B11ECD2C0108D8302904013400BB
:040000050800018965
:00000001FF
