:020000040800F2
:100000007086012089020008CD6300080D490008B0
:10001000C9630008F50800081FE10008000000009F
:10002000000000000000000000000000B59500087E
:100030007D1100080000000019030008CD9600089B
:10004000A3020008A3020008A3020008A3020008FC
:10005000A3020008A3020008A3020008A3020008EC
:10006000A3020008A3020008A3020008A3020008DC
:10007000A3020008A3020008A3020008A3020008CC
:10008000A3020008A3020008A3020008A3020008BC
:10009000A3020008A3020008A3020008A3020008AC
:1000A000A3020008A3020008A3020008A30200089C
:1000B000A302000819CE000831CE0008A3020008F0
:1000C000A3020008A3020008A3020008A30200087C
:1000D000A3020008E9DE0008A3020008A30200084A
:1000E000A3020008A3020008A3020008A30200085C
:1000F000A3020008A3020008A3020008A30200084C
:10010000A3020008597C0008A3020008A30200080B
:10011000A3020008A3020008A3020008A30200082B
:10012000A3020008A3020008A3020008A30200081B
:10013000A3020008A3020008A3020008A30200080B
:10014000A3020008A3020008A3020008A3020008FB
:10015000A3020008A3020008A3020008A3020008EB
:10016000A3020008A3020008A3020008A3020008DB
:10017000A3020008A3020008A3020008A3020008CB
:10018000A3020008A302000800F002F800F061F8E2
:100190000AA090E8000C82448344AAF10107DA45E2
:1001A00001D100F056F8AFF2090EBAE80F0013F0D3
:1001B000010F18BFFB1A43F001031847ECB9010007
:1001C0000CBA01000A444FF0000C10F8013B13F088
:1001D000070408BF10F8014B1D1108BF10F8015BA0
:1001E000641E05D010F8016B641E01F8016BF9D193
:1001F00013F0080F1EBF10F8014BAD1C0C1B09D1EA
:100200006D1E58BF01F801CBFAD505E014F8016B5B
:1002100001F8016B6D1EF9D59142D6D370470000ED
:100220000023002400250026103A28BF78C1FBD8FF
:10023000520728BF30C148BF0B607047782900F0D3
:10024000E980002070471FB515F063F81FBD10B599
:1002500010BD00F01DFB1146FFF7F5FF14F044F947
:1002600000F03BFB03B4FFF7F2FF03BC13F0FEFC0E
:1002700040BA7047C0BA704730BF72B6704762B6B6
:10028000704780F30888704709488047094800474D
:10029000FEE7FEE7FEE7FEE7FEE7FEE7FEE7FEE736
:1002A000FEE7FEE704480549054A064B7047000093
:1002B000DD96000889010008707C0120708601200D
:1002C000707E0120707E0120EFF3108072B67047BF
:1002D00080F310887047264C4FF6FF7525604FF06D
:1002E000000484F30988234C4FF001052570224C4B
:1002F0004FF08055256062B6FEE730B41E4C4FF0DB
:100300008055256030BC704730B41B4C4FF0805591
:10031000256030BC704700BF72B6EFF3098050B162
:100320001EF0100F08BF20ED108A203880E8F00F73
:1003300012490968086000B5114880475DF804EB70
:10034000104811490A7802700C4810490A68026086
:10035000106890E8F00F20301EF0100F08BFB0ECCE
:10036000108A80F309884EF0040E62B6704700BF11
:1003700022ED00E0E600002004ED00E0EC000020AB
:10038000616E0008DB000020DC000020F40000208B
:10039000704700000FB4044910B503AA029800F09A
:1003A000E1F910BC5DF814FB740000202DE9F04168
:1003B0000E460446002020622046E168884730B39C
:1003C000252805D0D4E901219047206A401CF2E796
:1003D000E168204600278847050018D0A5F14100B4
:1003E000192802D820354FF40067324629462046A6
:1003F0002760FFF723FF40B1012804D0F61D26F047
:1004000007060836D8E7361DD6E72846DAE7206A19
:10041000BDE8F08170B504460D4621461068AFF383
:1004200000802188090502D50F4A7A4402E00E4A6D
:100430007A440E32002104F1240305E000F00F0697
:100440000009965D5E54491C0028F7D120780023EE
:10045000000704D5702D02D009B1022311322046C5
:10046000BDE8704000F025B972B6010040EA010312
:1004700010B59B070FD1042A0DD310C808C9121F4D
:100480009C42F8D020BA19BA884201D9012010BD87
:100490004FF0FF3010BD1AB1D30703D0521C07E054
:1004A000002010BD10F8013B11F8014B1B1B07D1B8
:1004B00010F8013B11F8014B1B1B01D1921EF1D129
:1004C000184610BD032A40F2308010F0030C00F0F3
:1004D000158011F8013BBCF1020F624498BF11F87E
:1004E00001CB00F8013B38BF11F8013BA2F1040237
:1004F00098BF00F801CB38BF00F8013B11F00303AF
:1005000000F06780083AC0F0088051F8043B083AD0
:1005100051F804CBA0E80810F5E7121D5CBF51F8B4
:10052000043B40F8043BAFF30080D20724BF11F82E
:10053000013B11F801CB48BF11F8012B24BF00F893
:10054000013B00F801CB48BF00F8012B7047431A6C
:1005500028BF9A427FF6B6AF032A1044114440F2F6
:10056000268010F0030F1EBF11F8013D521E00F847
:10057000013D10F0030F7FF4F6AF11F0030300F01C
:100580001681083AC0F00B8051F8043D083A51F842
:1005900004CD40F8043D40F804CDFFF7F3BF121D31
:1005A0005CBF51F8043D40F8043DAFF30080D20732
:1005B00024BF11F8013D11F801CD48BF11F8012CFD
:1005C00024BF00F8013D00F801CD48BF00F8012C20
:1005D000704710B5203AC0F00B80B1E81850203AAF
:1005E000A0E81850B1E81850A0E81850BFF4F5AFD3
:1005F0005FEA027C24BFB1E81850A0E8185044BF5D
:1006000018C918C0BDE810405FEA827C24BF51F8C9
:10061000043B40F8043B08BF7047D20728BF31F8BD
:10062000023B48BF11F8012B28BF20F8023B48BF0E
:1006300000F8012B704702F0FF0343EA032242EA6D
:10064000024200F0E0B84FF0000200B513469446B5
:100650009646203922BFA0E80C50A0E80C50B1F11A
:100660002001BFF4F7AF090728BFA0E80C5048BF2E
:100670000CC05DF804EB890028BF40F8042B08BFCC
:10068000704748BF20F8022B11F0804F18BF00F8C8
:10069000012B7047704770477047704710B500F0E6
:1006A000D3F8006810BD10B5044600F0CDF8046022
:1006B00010BD2DE9F0470D4699469246044600F1DB
:1006C00024080168880604D5E06921F01001216042
:1006D00000E00120A84201DD471B00E00027A169DE
:1006E0007A1902EB0900081AA0612078C00602D42A
:1006F0002046AFF30080002608E0D4E901211AF873
:1007000006009047206A401C761C20624E45F4DBB0
:100710002078C0060AD52046AFF3008006E0D4E971
:10072000012130209047206A401C2062381EA7F12A
:100730000107F4DC07E0D4E9012118F8050090472F
:10074000206A401C2062281EA5F10105F3DC20462A
:10075000AFF300802078000602D50220BDE8F087C4
:100760000120FBE7074B70B50D467B4400F075F8A0
:100770000446284600F084F810B14FF0FF3070BDF9
:10078000204670BDEB3C0100431A28BF9A427FF619
:1007900020AF104410F0030F11441EBF11F8013DAB
:1007A000521E00F8013D10F0030F7FF4F6AF103A2F
:1007B000C0F00A8010B531E91850103A20E91850FD
:1007C000BFF4F9AFBDE81040530724BF31E908106A
:1007D00020E9081044BF51F8043D40F8043D12F0F0
:1007E000030F08BF7047D20728BF31F8023D48BF4A
:1007F00011F8012C28BF20F8023D48BF00F8012C59
:1008000070474FF000020429C0F0128010F0030C72
:100810003FF41BAFCCF1040CBCF1020F18BF00F881
:10082000012BA8BF20F8022BA1EB0C01FFF70DBF95
:100830005FEAC17C24BF00F8012B00F8012B48BF00
:1008400000F8012B70470000004870470C7C012025
:1008500001694A1C02610878704700B58FB0CDE984
:1008600001310021059105497944CDE90310114674
:100870006846FFF79BFD0FB000BD0000E5FFFFFFDE
:10088000007B00F080007047004870470C7C01201E
:100890007546FFF7F9FFAE4605006946534620F05E
:1008A0000700854618B020B5FFF7FCFCBDE82040E6
:1008B0004FF000064FF000074FF000084FF0000B1C
:1008C00021F00701AC46ACE8C009ACE8C009ACE8CF
:1008D000C009ACE8C0098D46704710B50446AFF3B7
:1008E00000802046BDE81040FFF7BCBC002800DCBB
:1008F0004042704700BFFEE731B52DED068B82B058
:100900000024002574480078401C7349087008468C
:1009100000780A2190FBF1F201FB120018B16E4839
:1009200000780A287EDA012208A9002006F076FF66
:100930009DF8200000F01F00002873D09DF82000D3
:1009400000F01F0040F0C000644981F8200000243E
:1009500086E0624890F820000121A140084000286C
:100960007CD05F4931F81400042201A906F056FF3B
:100970005A4890F8340000F00100D0B39DF80710F9
:100980009DF8062001EB022014F0F5F841EC190B5C
:100990009FED540B53EC102B14F054F941EC180B51
:1009A00014F0BCF881B24D48163020F814109DF8B0
:1009B00005109DF8042001EB022014F0DCF841EC56
:1009C0001A0B9FED4A0B53EC102B14F03BF941EC42
:1009D000190B9FED480B53EC102B14F067FA41EC08
:1009E000180B14F09BF881B23C480C3020F814101E
:1009F00034E0FFE79DF807109DF8062001EB022088
:100A000014F0B9F841EC190B9FED360B53EC102B99
:100A100014F018F941EC180B14F080F881B22F484B
:100A20000C3000E02BE020F814109DF805109DF824
:100A3000042001EB022014F09EF841EC190B9FED0D
:100A40002B0B53EC102B14F0FDF841EC180B14F0A9
:100A500065F881B22148163020F81410601CC4B229
:100A6000052CFFF676AF01251C48808920B91B486C
:100A7000C08A08B9002008900020174908709DF826
:100A8000200000F01F00D0B9144890F8200000F0BA
:100A9000800040B1114890F8200020F080000F49FC
:100AA00081F820000BE04FF6FF700C498881C88266
:100AB000084690F8200000F0E00081F82000064889
:100AC0000078F02802DD0A2003490870284602B0A9
:100AD000BDEC068B38BD000004000020080000209B
:100AE000DC6A01087B14AE47E17AD43FD8817346B3
:100AF00094F6D23F000000000000894010B50520A8
:100B000013F082F910BD000010B500200F490860F5
:100B10000F48006820F440000D490860084600684E
:100B200040F480000860FFF7E9FF00200949C1F8A0
:100B3000AC02FFF7E3FF012004490860FFF7DEFF86
:100B400000200549C1F8800210BD000080824042AB
:100B50000014024000804242008040421CB5012146
:100B6000222006F0C9FE012000908DF80400032029
:100B70008DF8050000208DF8060001208DF8070093
:100B80006946084800F096FF4FF4006000906946FF
:100B9000054800F08FFF0120044908600449C1F8AE
:100BA000AC021CBD0004024000140240808240429E
:100BB0000080424210B500200F4908600F480068CD
:100BC00020F440000D4908600846006840F48000A9
:100BD0000860FFF793FF01200949C1F8AC02FFF755
:100BE0008DFF012004490860FFF788FF00200549B8
:100BF000C1F8800210BD0000808240420014024013
:100C0000008042420080404270B5054600241448EE
:100C1000006820F440001249086008460068086037
:100C2000002612E000200F4908601E2013F0ECF8A7
:100C300001200D49C1F880026006040E0B480068CF
:100C400008B1601CC4B2701CC6B2082EEADB15B92C
:100C5000FFF7B0FF01E0FFF757FF204670BD00002F
:100C60000014024080824042008040422C82424276
:100C700070B504461348006820F44000114908602C
:100C80000846006840F48000086000200E490860B3
:100C9000FFF734FF002511E0E0090C490860600609
:100CA000040E01200A49C1F88002FFF727FF002047
:100CB00005490860FFF722FF681CC5B2082DEBDB71
:100CC00070BD00000014024080824042AC8242426B
:100CD0000080404210B50F48006820F440000D49E4
:100CE00008600846006840F48000086001200A4956
:100CF00008600A49C1F88002142013F085F800202A
:100D000005490860FFF7FAFE00200449C1F8800297
:100D100010BD000000140240AC82424200804042FC
:100D200010B50D48006820F440000B4908600846E3
:100D3000006840F480000860012008490860142021
:100D400013F062F800200649C1F8AC02FFF7D6FEA6
:100D500001200449086010BD001402408082404216
:100D600000804242AC82424210B500241148006823
:100D700020F440000F490860084600680860012020
:100D80000D4908600D49C1F880020AE0601CC4B238
:100D9000FA2C03DDFFF7C4FF012010BD012013F082
:100DA00033F80548803800680028EFD1044908600E
:100DB00000BFF2E700140240AC8242420080404291
:100DC0008082404270B500254FF4803400E0641EFC
:100DD00024B1802006F020FF0028F8D014B90325A4
:100DE000284670BD40F2FF5006F0C8FE2846F8E7DE
:100DF000014600BF0848006800F045000028F9D00F
:100E000040F2FF50044A121D106003482038006869
:100E100008221040C0B27047342C014070B5002544
:100E20001048046801E00F48046804F045000028F9
:100E3000F9D004F0040028B10325042006F09EFE3A
:100E4000284670BD04F0010028B10125012006F0FC
:100E500095FE2846F5E740F2FF5006F08FFE284643
:100E6000EFE70000342C014070B500250B48046802
:100E700001E00A48046804F045000028F9D004F0B5
:100E8000040028B10325042006F078FE284670BD32
:100E900040F2FF5006F072FE2846F8E7342C01407D
:100EA0002DE9F04106460F464FF00008224805683C
:100EB00001E02148056805F045000028F9D005F05B
:100EC000040038B14FF00308042006F057FE4046F6
:100ED000BDE8F08105F0010030B14FF001080120BC
:100EE00006F04CFE4046F3E706F090FEB04203D019
:100EF0004FF010084046EBE740F2FF5006F03EFE90
:100F0000002006F09DFE044604F4604018B9200C51
:100F100038804046DCE704F4005008B11320D7E7DE
:100F200004F4804008B11020D2E704F4004008B176
:100F30000F20CDE74046CBE7342C014070B50026AA
:100F40004FF480350F48046802E06D1E0D480468B8
:100F500004F0450008B9002DF7D115B104F00400E4
:100F600028B10326042006F009FE304670BD04F0C7
:100F7000400028B10026402006F000FE3046F5E78C
:100F80003046F3E7342C014021B1026842F00102FF
:100F9000026003E0026822F0010202607047000074
:100FA000016821F001010160002101604160816060
:100FB000C1600161212141614A49884204D13D213A
:100FC000484A103A91608CE046491831884205D170
:100FD0004FF47461434A103A916082E041493031E4
:100FE000884205D14FF474113E4A103A916078E07E
:100FF0003C494831884205D14FF07461394A103A72
:1010000091606EE037496031884204D13649354AF3
:10101000103AD16065E033497831884204D13349D0
:10102000304A103AD1605CE02E499031884204D1B8
:101030002F492C4A103AD16053E02A49A8318842FE
:1010400005D14FF03D51274A103AD16049E0294976
:10105000884204D13D21274A083A116041E02549E0
:101060001831884205D14FF47461224A083A116060
:1010700037E020493031884205D14FF474111D4AC0
:10108000083A11602DE01B494831884205D14FF0E4
:101090007461184A083A116023E0164960318842A9
:1010A00004D11149134A121F11601AE01149783115
:1010B000884204D10D490F4A121F116011E00D49F9
:1010C0009031884204D10A490A4A121F116008E08F
:1010D0000849A831884204D14FF03D51054A121FFA
:1010E00011607047106002403D000020400F00205A
:1010F00000003D201064024021B1026842F020024D
:10110000026003E0026822F020020260704701469C
:1011100000200A6802F001020AB1012000E000206C
:101120007047000010B500220268134B1A40CC68CB
:101130000B6823434C6923438C692343CC692343C5
:101140000C6A23434C6A23438C6A23434C6B23432E
:101150008C6B23431A430260426922F00702D1E9F3
:101160000B3423431A4342610B6943604B6883602D
:101170008B68C36010BD00003F801CF070472DE9F4
:10118000F04306460F469046002445460320A0EB58
:1011900048093CE07A1B91B2321990B203F054FF37
:1011A0003A1B91B2721990B203F04EFF3A1991B204
:1011B000721990B203F048FF7A1991B2321990B2C5
:1011C00003F042FF7A1991B2321B90B203F03CFF58
:1011D0003A1991B2721B90B203F036FF7A1B91B2AA
:1011E000321B90B203F030FF3A1B91B2721B90B2E7
:1011F00003F02AFF641CB9F1000F03DAA000801D80
:10120000814404E0601B80000A3081446D1EAC42C2
:10121000C0DDBDE8F083000051B18200A2F1C04200
:10122000126842F001038200A2F1C042136009E09B
:101230008200A2F1C0421268034B1A408300A3F15E
:10124000C0431A6070470000FEFF0F00D0E9011292
:101250001143C26811430269114342691143826913
:101260001143C2691143026A1143426A1143826AFF
:101270001143C26A1143026B114302689200A2F14A
:10128000C0421160816808290BD101688900A1F171
:10129000C041096841F0400201688900A1F1C041E4
:1012A0000A60416B0968426B526841EA0211426B65
:1012B000926841EA0221426B928941EA0241426B03
:1012C000128A41EA0251426B127D41EA0261426B8D
:1012D000926911430268521C9200A2F1C04211604F
:1012E000C16AB1F5804F1BD1816B0968826B52686E
:1012F00041EA0211826B926841EA0221826B128AF2
:1013000041EA0251826B127D41EA0261826B92696D
:10131000114302689200A2F1C042C2F8041107E032
:101320006FF0704201688900A1F1C041C1F8042149
:10133000704700002DE9FC4107460D4600260024B9
:1013400000200090019008205D490860102048604E
:10135000402088600020C8604FF480600861084623
:1013600006F0ACFC1020FFF743FD044614B1204604
:10137000BDE8FC81534800880004514908603720CB
:101380004860402088600020C8604FF48060086199
:10139000084606F093FC3720FFF72AFD04460CB1FF
:1013A0002046E5E74FF0FF304749086008204860D5
:1013B000302088600220C860002008610120486158
:1013C000084606F0FDFB00203D49086033204860D8
:1013D000402088600020C8604FF4806008610846A3
:1013E00006F06CFC3320FFF703FD04460CB12046E9
:1013F000BEE70CE04FF4001006F00EFC38B106F02A
:1014000057FC4DF82600761C012E00D906E02F4827
:10141000006840F22A6108400028EBD000BF082095
:1014200006F0FAFB28B1082006F0A8FB04242046A9
:101430009EE7022006F0F0FB28B1022006F09EFB9A
:101440000224204694E7202006F0E6FB28B1202065
:1014500006F094FB062420468AE74FF4007006F05D
:10146000DBFB30B14FF4007006F088FB0724204608
:101470007EE740F2FF5006F081FB009800060099DD
:1014800001F47F4140EA0120009901F47F0140EA24
:101490001120009940EA11606860019800060199E6
:1014A00001F47F4140EA0120019901F47F0140EA03
:1014B0001120019940EA11602860204658E7000099
:1014C000502900205000002064290020342C0140C5
:1014D0001CB50024019401AC009400F0E7F81CBD99
:1014E0002DE9FF4F83B0814606988A46A0EB0A0893
:1014F000109E00200090A2EB09043568934654EA40
:10150000080018D02046FFF7F1F907464046FFF7DC
:10151000EDF987420BDA2046444680464846D146DC
:1015200082465846DDF818B0069001200090002C45
:1015300007DD204606E007B04846BDE8F04F00F062
:101540003BB96042A0420AD04846D9466442C8F13D
:10155000000883464FF0FF37DDF818A000E00127B0
:101560005148B8F1000F11D004EBD4714FEA610B70
:1015700001DACBF1000B4C480068807E88B3002F65
:1015800002DA30682044306000257BE000990029B1
:10159000016821D0897E11B10027804615E007B08F
:1015A0005A4649465046BDE8F04F03F05FBD284615
:1015B0006D1C11F0D5FA38B9D8F8000009EB070115
:1015C000C06E4268504690477F1CA742EFDD6D1EFB
:1015D000356007B0BDE8F08F8A7E1AB100278046DB
:1015E00017E019E0C86E5A465146036807B04846EE
:1015F000BDE8F04F184728466D1C11F0B1FA38B914
:10160000D8F8001009EB0700C96E4A6851469047A8
:101610007F1CA742EFDDDAE700250FE008FB05B0ED
:1016200090FBF4F101EB0A00009951B11E4A09EB5D
:1016300005011268D26E526890476D1CA542EDDD1F
:10164000C7E7194909EB05030968C96E4A680146ED
:101650001846F1E708FB05B090FBF4F101EB0A0036
:10166000019030683844306011F07AFA48B9009837
:1016700090B10D4809EB05010068C06E4268019801
:1016800090476D1CA542E5DD3068002F01DA20444B
:101690003060C01B30609CE7034909EB0500096816
:1016A000C96E4A680199EBE7840200202DE9FF47E3
:1016B0000F4640491646804609680C981D460A7E2A
:1016C000012A1CD0A8EB0600791B50EA01031CD0AC
:1016D000A2F1010912F062FA00F58060824603F07F
:1016E000E6F800FB09F4504603F0E6F800FB09F1C8
:1016F000002C0CDAC4F50070801240420AE0009021
:10170000324639464046FFF7EBFEBDE8FF8704F559
:101710000074A012002904DAC1F5007189124C424C
:1017200002E001F500718C12002804DD411C01EB80
:10173000D171491003E000EBD0714910401E00EB5D
:10174000D0704210002C04DD601C00EBD070401003
:1017500003E004EBD4704010641E04EBD47308EB78
:101760000104ADF800403C18ADF80240A8EB0204BB
:101770005B10B21AADF80440ADF808203144FC1AF1
:10178000EA1AADF80C102844ADF80A20ADF80E00A6
:101790000023ADF806401A460421684600F07AF8A6
:1017A000394640460FF0AAFE294630460FF0A6FE05
:1017B000ABE7000084020020064A13681A7E012A63
:1017C00005D0521E02EBD272521000F005B8DA6E4C
:1017D00052681047840200202DE9F05F06468846D3
:1017E00040F2C32050434FF47A7190FBF1F702FBB3
:1017F00002F002EBD27100EB610B254914467F1C0D
:1018000009683244301BC96E0B6841469847012570
:101810003AE000BF05FB05F004FB040159451CDD5F
:10182000BC4219DD1A4B06EB050AA6EB05091B683D
:10183000AAF1010208EB0401DB6E09F101001B684B
:101840009847134BAAF10102A8EB04011B6809F1A8
:101850000100DB6E1B689847641E0D4806EB040A06
:10186000A6EB0409006808EB05015246C06E036848
:10187000484698470648A8EB050152460068C06EE6
:101880000368484698476D1CBD42C3DDBDE8F09F24
:10189000840200202DE9FF4F40F6FF740F46664298
:1018A00083B09B46814600210BE000BF09EB81001D
:1018B000B0F90200A04200DA0446B04200DD06465C
:1018C000491CB942F2DB68480068406900280DD025
:1018D000B0F906101A46A1EB0B01B14200DA0E4630
:1018E000B0F90200801AA04200DD0446B5E0DFF83E
:1018F0007CA100200546CAF8000089E0781E8542D8
:1019000001DA6B1C00E0002309EB850C09EB830274
:10191000BCF90200B2F90210A04245D1A14215D192
:1019200039F92330059A39F9251003EB020C4E4A98
:1019300005981268084404EB0B01D26E60451368E9
:1019400001DA62462BE00246604628E02846A446BB
:101950004FF000087A1E0BE008B1401E00E0781E30
:1019600009EB8003B3F90230634504D108F10108A3
:101970009045F1DB2346A34249D0A3EB040239F999
:101980002500A1EB040C059B92EA0C0209D4364A0F
:10199000184404EB0B011268D26E13680246984794
:1019A00035E00EF0A7F832E0A14230D001DBA042D2
:1019B00003DDA0422BDBA14229DCE04688420ADCA1
:1019C0000346A04223DC0846A14220DBB8F900C050
:1019D000B2F9001008E00B46A14218DCA04216DB69
:1019E000B2F900C0B8F90010E21AA1EB0C015143A2
:1019F0000029A0EB030202DD01EB620102E0A1EB92
:101A00006201491CC01A91FBF0F06044C9E76D1CEB
:101A1000BD42FFF673AF0598009004EB0B000190F8
:101A200000208046054613E01149B8F1000F31F956
:101A300015A009D0009901EB0A0208440A49096877
:101A4000C96E0B680199984788F0010850466D1CD3
:101A5000064909688D42E7DB641CB4427FF747AF53
:101A600007B0BDE8F08F000084020020EC020020E7
:101A70009C7A012010B5002001F07EFC6FF07F40C1
:101A800001F085FC012001F0EDFC002001F0F8FCE4
:101A9000002001F005FD002001F08AFC04480068E8
:101AA00001F092FCBDE81040002001F0ADBC000048
:101AB00080020020F0B50A4600210023002400BF68
:101AC0003DE0012505FA01F3156805EA03049C428F
:101AD00034D105684F000326BE40B5430560157933
:101AE0004E00B5400668354305601579012D02D0DA
:101AF0001579022D16D185684F000326BE40B543E7
:101B0000856055794E00B5408668354385604568E7
:101B100001268E40B5434560456896798E40B6B241
:101B200035434560C5684F000326BE40B543C560D8
:101B3000D5794E00B540C6683543C560491C1029AB
:101B4000BFD3F0BDF0B5002300244D07ED0E02FA1F
:101B500005F3CE1000F1200555F826504E07F70E7C
:101B60000F26BE40B543CF1000F1200646F827509F
:101B7000CE1000F1200555F8265045EA0304CE109A
:101B800000F1200545F82640F0BD018370470000B4
:101B90002DE9F04FDFF828B191B04FF0FF35DBF8B9
:101BA0000030B3F922100691DE69B3F92490F4698C
:101BB000A189814206D8E289824203D3471AD4F828
:101BC000008012E0D4E9018100296FD00A888242A6
:101BD0006CD84D88854269D3801A82B2486800EB80
:101BE0008200B0F90070B0F90250781C5ED0307EEF
:101BF000A17C10FB01FA217CCDE90801B3F92A6030
:101C0000304604F011F8C0B20E90DBF8000007FB7C
:101C10000A81A37C826B0127CDE90412CDE902730E
:101C2000C069DDE90832C17E807ECDE90001494608
:101C3000069803F04DF8681C18D046F0020003F037
:101C4000F3FFDBF80000A37C05FB0A81826BCDE982
:101C50000273CDE90412C069DDE90832C17E807EDD
:101C6000CDE900014946069803F032F8DBF80000A0
:101C70005D46C069417E007E814214D9022E12D099
:101C800086F0040003F0D0FF2868C069027EC37E9E
:101C900012FB0391437E857E099A06984B4402FB12
:101CA000050203F09BFA0E9803F0BEFFDBF800007C
:101CB000627C418C1144418411B0BDE8F08F00007A
:101CC0008402002004480068C069C06909B1027C30
:101CD0000A60407C704700008402002002200880D7
:101CE0007047C06982898A4202D8C2898A4210D26A
:101CF000806880B102888A420DD843888B420AD31B
:101D0000406800EB8100A0EB8200B0F900000028E1
:101D100001DB012070470020704700002DE9F043EF
:101D20002F4C034687B020681946B0F92A80C06955
:101D3000C06900F084F800284ED041680088181A65
:101D400001EBC0054046AE7803F06EFF8146206887
:101D50006A680123816BCDE90236CDE90421C169AE
:101D6000CB7E8A7ECDE900230B7EB0F924102A7841
:101D7000B0F9220002F0ACFF2068C069477E067E01
:101D8000B7421DD9C07E47434643B8F1020F17D072
:101D900000F015FD804600F0DBFC01F0F8FA216848
:101DA0002A78CB69B1F92200DB7E12FB0302B1F97C
:101DB0002410CB19314403F011FA404601F0E7FA40
:101DC000484603F031FF20686A78C369B0F92210F1
:101DD0009B7E12FB0311418407B0BDE8F083000035
:101DE0008402002030B50F4C05460B46206829467A
:101DF000C069C06900F023F8002811D0416800884C
:101E000024682A1A0120E46900EBC200085CA47E61
:101E100010FB04F0002B03D011F83210614319605D
:101E200030BD00008402002001200880704700B50A
:101E3000C06900F004F8002800D0012000BD06E0D1
:101E400002888A4202D842888A4202D280680028E8
:101E5000F6D1704770B500240E4D16E028690E4982
:101E600000EBC410001D78220968FEF7B2FB286958
:101E7000002100EBC410016000F10C018161011D23
:101E80000A1DC0E90F12641C4164A8688442E5DBA6
:101E900070BD0000F80200208402002070B50D49DA
:101EA0000B480860084602F0B7FC0A4C143CA068D6
:101EB000C501284600F068F82A460021206102F09A
:101EC000B3FC4FF0FF302060BDE8704001F0D2BE9F
:101ED000892601080C03002010B5040009D000F089
:101EE00029FD20460DF05EFE044601F07BFE2046F3
:101EF00010BD002010BD38B5054600F01BFD28467A
:101F0000FFF7EAFF040009D000F0BAF82A460021E2
:101F1000009002F089FC684600F0F0F801F062FEE3
:101F2000204638BD024A106021F00300506070471F
:101F3000087A012010B5040016D000F0FBFC0B4815
:101F4000006B10F8341059B1022909D2042101EBB9
:101F5000C401415848680DF0E9FD204610F09CFC92
:101F6000BDE8104001F03EBE10BD00004C790120DC
:101F7000002805D0034A916B016001B1486090636D
:101F8000704700004C7901202DE9F041044610F023
:101F900063FA2648E41C24F00305C16B2D1DA942F9
:101FA00000D90D46846B13E054F8042CAA420ED1DC
:101FB00084B1216809B162684A60616809B1226828
:101FC0000A60826BA2422ED1216881632BE02468D3
:101FD000002CE9D18046416B80680F1857F8040C3B
:101FE0003E1A306838B1002010F0BEFC57F8040CDF
:101FF0003E1A3068B8B97068A84214DB3044441BFC
:10200000304610F069FCD8F80810491BC8F80810D1
:10201000D8F810102944C8F8101070683146401BD9
:102020000DF084FD20C42046BDE8F0814C790120EC
:1020300010B5002410F010FA0C490F2001EBC0027B
:10204000126C1AB101EBC000006C08E0401EF5D51F
:1020500008E04168A14200D90C46806810B1806850
:102060000028F6D1A4F10C0010BD00004C7901202D
:1020700002484169491C4161704700004C790120C8
:1020800005498A69521C8A61096B01EBC0010A7813
:10209000521C0A7000F04AB84C79012010B500F0CB
:1020A00049FCFFF7C5FF64220849B0F5800F04D949
:1020B00090FBF2F4C869444303E0C9694143B1FBB2
:1020C000F2F401F08FFD204610BD00004C79012094
:1020D0000549102805D94A68B0EB520F02D35008C1
:1020E00000E0102088607047087A012002484169AA
:1020F000491E4161704700004C7901200A4902687D
:102100000B6B52F8082C03EBC2021378022B03D39B
:102110008B690BB15B1E8B611178491E1170002118
:1021200001600846704700004C790120002806D065
:102130000349042202EBC000096B085808307047BD
:102140004C79012070B514460D46064600F0F2FBAE
:10215000204600F041FB0300174804EB840109D03E
:1021600050F8210041688068711A2A1A184601F057
:102170003BF91CE000EB8104A268B24201D00122CD
:1021800000E00022E368AB4201D0012300E000231D
:102190001A430CD0236943B150F82100816840688C
:1021A0006A1A311A184601F0A7F8C4E90265BDE8B9
:1021B000704001F017BD0000787B012010B5C2B25D
:1021C000CBB2D21A02D5C2F1000212B293B2C0F35E
:1021D0000722C1F3072403FB03F3121B01D552426C
:1021E00012B2000C92B2A0EB114002FB023200B21C
:1021F000002801DA404200B280B200FB002010BD8E
:1022000010B50021084600F04DFB40F6FF72504229
:10221000BDE8104013460146AFF300802DE9FC41B4
:102220001C4615460E46074600F084FB042003F0CA
:10223000FBFC80461248C068C16C006D0F44064428
:102240000D440444ADF80070ADF80450ADF80260E0
:10225000ADF8064068460DF013F807E023462A461D
:102260003146384602F0BAFF0CF0CCFF0028F5D119
:10227000404603F0D9FC01F0B5FCBDE8FC8100004C
:10228000780200202DE9F0411C4616460D4607460F
:10229000022B02DB0020BDE8F0811C20FFF774FE5A
:1022A0000028F8D00DB105610AE0094A52F824105F
:1022B00009B905E011460A68002AFBD109690161E4
:1022C00084618682002101604160C0E90217E2E773
:1022D0009C02002070B51D46FFF7D4FF040001D01A
:1022E00000F00EF8E068006820B90348006800EBD1
:1022F00085008465204670BD84020020FFF738BE4B
:1023000070B590B38269022A30DA1C4C54F822105E
:1023100019B944F822002FE019464B68002BFBD175
:1023200006E0CB68C5681B682D68AB4203DD096811
:102330000029F6D11AE0C1B1CB68C6681B683668BF
:10234000B3420CD1838A012B05D008E01946DB6823
:102350001B68AB4203DB0B68002BF7D129B14B683C
:1023600033B118604A68426004E0FFE7012070BDA5
:1023700044F8220048600160002070BD9C020020EB
:1023800010B503E00468FFF7BBFF20460028F9D131
:1023900010BD10F0E7BF00002DE9F0410026DFF886
:1023A00034800D4F354600BF58F8254009E0E068FD
:1023B0000068385C20B1204610F0D4FF2660264625
:1023C0002468002CF3D16D1C022DEDDB3046BDE8F6
:1023D000F08100009C020020606C0108022801DBF3
:1023E00000207047054951F8200004E0C1680968E1
:1023F0000029F6D000680028F8D170479C02002020
:102400002DE9F041044601F027FC06191EE000BF4B
:1024100000F02AF9052F00DD052700F08BFA11489E
:102420000568FFF725FE2C0017D000BF01F0DAFB8E
:10243000641EFBD1384601F0F5FB1DB100F07AFABD
:102440006D1EFBD1FFF752FE01F0CCFB01F004FC46
:10245000371A002FDCDCBDE8F081384601F0E2FBE2
:10246000F0E70000040300202DE9FC4706005FD0E0
:1024700000F060FA00F0BAF93C4C81462068B0F9EF
:10248000228000F0E1F9216807468A8CD01B8884FD
:1024900041E000BF47F6FF71304602F07DF882460A
:1024A0000146304602F04EF82168054691F82C00AE
:1024B00000F00300012841D002283BD000204A8CC4
:1024C000101A4884ADF800006A1E1044ADF80400EC
:1024D000888CADF80200A9F101010844ADF80600AE
:1024E0006A465146304601F06DFD2168BDF8020094
:1024F00088845146304601F051FA064430780A2863
:102500001ED00D281CD0BDF8000021682844488446
:10251000307818B1761C30780028BBD12068818CC7
:1025200039448184818D21F00301818501F05AFBBA
:10253000BDE8FC8705EBD5704010C0E72846BEE734
:10254000206890F82C1001F0030101290BD002291A
:1025500009D0018C418431780A29D9D1828C02EBCF
:1025600009018184D4E7A0F82280F4E784020020E6
:1025700070B514460D46064600F0DCF905480068C3
:10258000458484843046FFF76FFFBDE8704001F05A
:1025900029BB0000840200202DE9F04107460A48CB
:1025A00015460E460068B0F92C0040F0020000F01D
:1025B00067FF04462A4631463846FFF7D9FF2046D2
:1025C000BDE8F04100F05CBF8402002047F6FF73D5
:1025D000AFF300802DE9FC411F4690460D460600F2
:1025E0004FF000041AD000F0A5F965B128460CF0B0
:1025F0003BFD040007D002462946684602F02BF84E
:1026000068460CF031FD3B4642462946304601F013
:1026100031FD20460CF028FD01F0E4FABDE8FC8114
:102620002DE9F0411C4615460E46074600F082F99A
:102630000C480168C86C096D074405440E440C44FD
:1026400000200CF01DFE07E023462A46314638469E
:10265000FEF73EFF0CF0D6FD0028F5D1BDE8F041B5
:1026600001F0C0BA8402002010B5002400E001246B
:1026700000F004F80028FAD1204610BD064810B535
:102680000068002410B1804700B101240CF06CF800
:1026900000B10124204610BDA402002008B50B465D
:1026A000002805D0009281888268C08800F001F877
:1026B00008BD10B50828029C30D008DC04FB01F4EA
:1026C00001280AD0022813D0042804D11CE01028C5
:1026D00028D020282CD0002010BD04EBD30003F01C
:1026E0000701105CC1F10701C84000F0010010BDF6
:1026F00004EB93000621105C01EA4301C1F10601DD
:10270000C84000F0030010BD04EB5300D907105C73
:1027100002D000F00F0010BD000910BD04FB013015
:10272000105C10BD481004FB003032F8100010BDE2
:10273000881004FB003052F8200010BD034951F806
:102740002000C1688A6A0821104700009C0200200E
:1027500010B500F0EFF802F071FD02F009FE04463A
:1027600001F040FA204610BD10B5044600F0E2F832
:10277000054800210068C069426820469047044629
:1027800001F030FA204610BD8402002070B50C46DE
:10279000054600F0CFF8064821460068C069426847
:1027A00028469047044601F01DFA204670BD0000FF
:1027B00084020020002801D00CF01AB8704710B530
:1027C00000F0B8F802F042FD02F0D2FD044601F03C
:1027D00009FA204610BD00000021022802D2024959
:1027E00051F8201008467047F002002010B500F0A4
:1027F000A1F804480068C069447E01F0F3F920465E
:1028000010BD00008402002070B514460D46064637
:1028100000F090F822462946304602F04BFD10B1F8
:10282000002028602060BDE8704001F0DBB970B581
:102830000C46054600F07EF82146284601F0C8FE09
:10284000BDE8704001F0CEB910B5002400F072F878
:102850000B48006890F82C1001F00C01042904D0FA
:10286000082906D00C2907D103E0C069047E641E44
:1028700002E0C069007E440801F0B4F9204610BDB2
:1028800084020020024951F8200000690068704766
:102890009C020020024951F82000006940687047FE
:1028A0009C02002070B50D46044600F043F8204617
:1028B0000FF006FD044628460FF00AFD044301F020
:1028C00091F9204670BD0000144810B5016821F050
:1028D0000101016012480121816012490160006814
:1028E0001149884200D0FEE701F052FB0F492E202B
:1028F000087001F0B5F90E480FF060FDFFF7CEFA51
:1029000011F02EFB04460021084600F08BFD0CF070
:1029100079F9FFF79FFA204610BD0000002000E083
:1029200000300240C2A507F4CDB5E8B5780200201A
:10293000147A012070B51F4CE06820B101F084F9D1
:102940006168884204D001F0A5F901F07DF960606A
:10295000E068401CE060012825D100250AE000BFA6
:1029600001F072F9216901EBC5110968814205D0B6
:10297000D1B16D1CA0688542F2DB0025206885423C
:1029800011D000280EDBFFF707FD2268216901EB5B
:10299000C212D067084A01EBC510011D1160C06F5B
:1029A000FFF7EEFC256070BD216901EBC5110860E1
:1029B000E4E70000F8020020840200201CB50400B7
:1029C00004D10E480068046E002C16D0FFF7B2FF49
:1029D0002046FFF755FB009044696846FFF78EFBE1
:1029E0004CB12046FFF74CFB01908168896888470D
:1029F00001A8FFF783FB01F0F5F81CBD840200205D
:102A000001490A4600F002B801F0FFFF2DE9F0434A
:102A100087B015460C465FEA000846D0FFF78AFFEC
:102A2000002000F0C5FC814621480068066E404643
:102A3000FFF726FB00900068806900F085FC0746E0
:102A400040F6FF70001904D10098B0F90440B0F9C5
:102A500006500098611E0289ADF804401144ADF89B
:102A600008104189681E0844ADF80650ADF80A0008
:102A70000BF0D4FC6846FFF741FB01A80CF000FC0A
:102A800006E02A462146404600F02EFB0CF0BAFB39
:102A90000028F6D1384600F057FC304600F070F9B7
:102AA000484600F085FC01F09DF807B0BDE8F083D2
:102AB0008402002038B50024009400F001F838BDED
:102AC0002DE9FE4F984691468A46834600270C9E84
:102AD000FFF730FF174818490068407C51F8204044
:102AE000E1680968042903D02468002CF8D100E0CB
:102AF00014B9FFF773FC04460121E068C26A20465E
:102B00009047050011D02469A0688047401C02D17D
:102B10000A4C46F001060096CDE9015443464A4668
:102B20005146584600F0C6F9074601F05BF83846B2
:102B3000BDE8FE8F840200209C020020D0B801086E
:102B400038B504001CD0FFF7F5FE0E480068006E93
:102B5000A04201D100F0EAFB2046FFF791FA009075
:102B6000406908B101F027F800980068FFF7C6FB3C
:102B70006846FFF7C3FA2046FFF7DCF901F032F8A8
:102B800038BD0000840200202DE9FF4F83B0454C82
:102B9000DDF840B098468A4607002BD002A901A86C
:102BA000FFF745FEB7F90060002E00DA0026B7F9FE
:102BB0000250002D00DA00252068A146407C02F07A
:102BC0008FFB01990144491EB7F904000FF0E1FCA5
:102BD0000446D9F80000407C02F088FB02990144C9
:102BE000491EB7F906000FF0D4FCA71B7F1C441B3D
:102BF000641C0BE0206800263546407C02F070FB28
:102C000007462068407C02F071FB0446B8F1000FD3
:102C100001D1C4F10008002F01DD002C03DC0020ED
:102C200007B0BDE8F08F43463A4629463046CDF816
:102C300000B0FFF745FF5FEA000909D000F060F837
:102C40008046484600F09CF80027DFF85CB01FE0A3
:102C50005146059888470120E2E7E11B414502DA29
:102C6000484600F071F83FB1EA193146484600F095
:102C7000B5F84846FFF7A2FE514605988847DBF8AD
:102C8000001009B1002088474846FFF7B9FE4744C5
:102C9000A742E2DB4846FFF753FF002000F070F840
:102CA000BDE7000084020020AC03002038B5050019
:102CB0004FF0000411D0FFF73DFE2846FFF7E0F982
:102CC0000090006800698068804703F045FB044677
:102CD0006846FFF713FA00F085FF204638BD38B587
:102CE0000446FFF727FE2046FFF7CAF900F1180453
:102CF00000906846FFF702FA00F074FF204638BDE6
:102D000038B504460025FFF715FE1CB908480068D1
:102D1000046E44B12046FFF7B3F90090B0F90A50B1
:102D20006846FFF7EBF900F05DFF284638BD00006C
:102D30008402002010B50DF071F8002803D0BDE822
:102D4000104000F07DB810BD38B50C46050004D128
:102D50000A480068056E002D0FD0FFF7EBFD2846EE
:102D6000FFF78EF90090B0F90A10A14200DD44810E
:102D70006846FFF7C3F900F035FF38BD8402002034
:102D8000F8B50546FFF7D6FD134E3068046E65B101
:102D90000CB100F0CBFA0BF037FC2846FFF770F9C6
:102DA000009031680A6E1AB106E000F0BFFA0EE03A
:102DB000D1E90223C1E919230D660068FFF7A0FAE3
:102DC0006846FFF79BF903F09FF802F087FE00F0DA
:102DD00009FF2046F8BD0000840200207CB515469E
:102DE0000E46040004D115480068046E002C24D05F
:102DF000FFF7A0FD2046FFF743F92DB20090C580F4
:102E000034B2848002F06AFE0098406980B1FFF716
:102E100037F9009A0190B2F908108180B2F90A20BE
:102E2000C28011B10AB10480458001A8FFF766F99C
:102E30006846FFF763F900F0D5FE7CBD84020020F0
:102E400001490A4600F002B801F0FFFF7FB51546C0
:102E50000C4606002DD0FFF76DFD3046FFF710F948
:102E600040F6FF710190091903D1B0F90440B0F99F
:102E700006500289611E1144ADF80840ADF80C10EF
:102E80004189681E0844ADF80E00ADF80A5001A84B
:102E9000FFF734F902A80CF0F3F906E02A462146C0
:102EA000304600F009F90CF0ADF90028F6D100F039
:102EB00099FE7FBD2DE9FF4FDFF8E0B083B01C46DF
:102EC000DBF80010DDE91060924600274B7C3A46A3
:102ED0001299FFF7D7F905005DD02869806880470F
:102EE00003F03AFA81460AFB09F0C01D4FEAD00808
:102EF000FFF7D4F8F10705D1C11700EB91708010EE
:102F000000EB4000002C06DC1838B0FBF8F06442FF
:102F1000A04200DC0446F00707D10090DDE9030180
:102F20002346524600F0BAFD0746002C03DC284633
:102F3000FFF7E4F92FE004FB08F01830F10702D0A6
:102F4000FEF7CAFF01E0FEF7D6FF06001CD0FFF730
:102F500097F801900560039981800499C180A0F8D9
:102F600008A04481C0F80C80C0E9049701A8FFF7CD
:102F7000C5F81298AE602861DBF80000407CA861BB
:102F8000304607B0BDE8F08F2846FFF7B7F917B114
:102F90003846FEF7CFFF0020F3E700008402002050
:102FA0002DE9F74F92B090461298FFF769F80B9011
:102FB000B0F908100691B0F90A100D910068006987
:102FC000D0F804B00BA8FFF799F8384C384D2068BA
:102FD000407C55F82000C1688A6A082190478146E4
:102FE000182801D34FF020092068407C55F82000B4
:102FF0000069079003C80C902E48814201D001203F
:1030000000E000201090002000F056FE002849D17A
:103010000026DDE91207B2460FAB069C4546761C3A
:103020000193FFF75CFE014604FB0AF001EB80020E
:10303000234629463846CDF800B001F0BDF805001A
:1030400030D01098D0B1DDE906134A46284600F08A
:10305000E5FE98B9DDE906702C46D0F810C0BCF149
:10306000000F05D0294604233A460846E04705E00C
:103070000C992068884701C47F1EF9D10020CDE952
:103080000305059001200090CDE901094146034662
:1030900008F10108069A139801F01AFE0D98401ED7
:1030A0000D90B6D115B0BDE8F08F0000840200206D
:1030B0009C0200208F530008F8B515460E460746BF
:1030C000FEF7DEFF009000681621C068426A00200B
:1030D000904704466846FFF711F8002C03D02A46B3
:1030E00031463846A047F8BDF8B515460E460746A6
:1030F000FEF7C6FF009044696846FEF7FFFF3846BA
:10310000FFF7D4FD0346082800DD2CB12A463146DE
:10311000384610F047F9F8BD2A463146384610F0D7
:10312000D9FAF8BD10B5002821D009B30AB3B1F916
:103130000040B2F900309C4200DA23460380B1F926
:103140000240B2F902309C4200DA23464380B1F9D2
:103150000440B2F904309C4200DD23468380B1F97B
:103160000610B2F90620914200DC1146C18010BD64
:1031700011460A6802604968416010BD00280BD002
:1031800003880B440380838819448180418811445B
:103190004180C1881144C1807047000070B5104D56
:1031A0000446D5E9000188420ED10E49884203D178
:1031B000D0E90F12406C03E00C38D0E900128068AF
:1031C0002160C4E9012006E090E80E0084E80E00CA
:1031D0000FF094F82860207A002800D0012070BDFC
:1031E000E8030020A07B01200448D0E900108142C0
:1031F00001D101207047002070470000E803002043
:10320000054A10B5034911600FF0CAFFBDE8104030
:1032100000F056B999E80008A802002070B5002512
:10322000FFF788FB094CD4E9002082420AD0D2E99A
:10323000005610460FF06CF82060314628460BF01F
:10324000E1FD012500F0CEFC284670BD940300206E
:103250002DE9FC41154DDDE908742D68B5F90860CC
:10326000864200DD3046B5F90C60964200DA3246FF
:10327000824219DBB5F90A608E4200DD3146B5F9AC
:103280000E509D4200DA2B468B420DDB00E02C46AF
:10329000E5682D6825B1042D02D02568002DF6D1F2
:1032A000CDE9007402F09CF9BDE8FC8184020020A5
:1032B000B0F90220B1F906309A4213DCB1F90220CC
:1032C000B0F906309A420DDCB0F90020B1F90430B3
:1032D0009A4207DCB1F90010B0F90400814201DC28
:1032E000012070470020704701460248782200689C
:1032F000FDF76FB98402002070B515460E46040034
:103300000AD0FFF717FB2A46314620460FF08AFD08
:10331000BDE8704000F066BC70BD00000249782234
:103320000968FDF756B900008402002010B5FFF7C8
:1033300001FB02F087FB02F0E7FD0BF06FF8BDE840
:10334000104000F04FBC000070B5094D04462868DD
:10335000467CFFF7EFFA022C03D228684474FFF78B
:10336000E5FF0448046000F03DFC304670BD0000FD
:10337000840200203803002010B50446FFF7DAFA73
:10338000204602F081FBBDE8104000F02BBC10B5D8
:103390000446FFF7CFFA204602F0AEFBBDE810402E
:1033A00000F020BC014988607047000078020020CE
:1033B00010B50446FFF7BEFA204602F035FC04467D
:1033C00000F010FC204610BD70B50446FFF7B2FABD
:1033D00004480068C56904B1C46100F003FC2846D4
:1033E00070BD00008402002070B514460D460646EC
:1033F000FFF7A0FA22462946304602F031FC044687
:1034000000F0F0FB204670BD70B50546FFF792FA5C
:1034100003480068847E857600F0E4FB204670BD9A
:103420008402002070B50C460546FFF783FA094870
:10343000224605800848048008480068417C084806
:1034400050F82100C1680B6A29469847BDE87040D2
:1034500000F0C8BBB4020020B602002084020020A5
:103460009C02002070B50546FFF764FA0348006827
:10347000047E057600F0B6FB204670BD8402002075
:1034800070B50446FFF756FA04480068B0F92C50AE
:10349000848500F0A7FB284670BD00008402002050
:1034A00070B50446FFF746FA04480068B0F92A50A0
:1034B000448500F097FB284670BD00008402002080
:1034C00002480068002800D000477047A003002091
:1034D00002498A6802B98860FFF7F2BF94030020AE
:1034E00010B504000ED0FFF725FA20460FF00EFAB3
:1034F00020460FF00FFF2046FEF71CFDBDE81040F0
:1035000000F070BB10BD38B50C46050011D0FFF7B8
:1035100011FA2846FEF7B4FD00908089204201D0C0
:10352000012400E000246846FEF7E8FD00F05AFBA5
:1035300000E00124204638BD38B50546002028604B
:103540000648046844B12046FEF79AFD00900069E1
:1035500028606846FEF7D2FD204638BD10040020E2
:1035600038B504004FF000000D46086011D0204629
:10357000FEF786FD0090846844B16846FEF7BEFD04
:103580002046FEF77DFD0090006928606846FEF742
:10359000B5FD204638BD00002DE9F84FDFF89C80CE
:1035A0000546274F98F818008B46410738680A9E51
:1035B0009946407C924607D401F0A4FE0446386840
:1035C000407C01F0ABFE06E001F0A8FE044638683E
:1035D000407C01F097FE002795B1A0F1010400BFE7
:1035E000B9EB060000D54042142806DB5146BBEB80
:1035F0000A0000D54042142804DA0120BDE8F88F03
:10360000641EEDE70A464B465946384600960EF0D2
:10361000B5FF0C4F4B46524647F8350059462046F9
:1036200000960EF0ABFF07EBC50148600FF0D4FA2F
:1036300001210020C8F81C10E0E70000B8020020BB
:10364000840200208C7A01202DE9F047524D534E20
:103650000024E86978B96868346000F00501746096
:1036600010F0060F01D000F00500B460F4600FF018
:10367000B3FA0120E8612878C8B100F0D9F8A8466B
:10368000286100F0D3F82969286A81420BDBD8F859
:1036900024204046914206DC836A42699A4202DB5A
:1036A000C36A9A420DDD4FF0FF3001466FE000F033
:1036B0000FF9686100F0BBF82878401C2870BDE85D
:1036C000F087326898F81800354F8D1A40070028A7
:1036D0003868407C02DB01F015FE01E001F01EFEBF
:1036E000401E4543D6E90020B146801A95FBF0F60E
:1036F000D8F81420D9F8081098F81800551A40077F
:1037000000283868407C02DB01F008FE01E001F08F
:10371000F9FD401E4543D9E90201081A95FBF0F571
:1037200098F81800400700283868407C18DB01F042
:10373000E9FD81463868407C01F0F0FDD8F818209A
:103740000146D00704D0A9EB0600A0F1010000E07B
:103750003046920702D5491B491E18E0294616E05B
:1037600001F0DCFD81463868407C01F0CBFDD8F8E3
:103770001820D10704D0A9EB0601A1F1010100E056
:103780003146920702D5401B401E00E028460FF04C
:1037900033FD88F8004092E7B80200208C7A0120BF
:1037A000840200200149886170470000B8020020AF
:1037B000074A002806DB002904DB01231372C2E953
:1037C000000101E000201072014800F003B8000081
:1037D000247B012010B504460C220749FCF746FE65
:1037E000002808D0044894E80E000EC02046BDE82A
:1037F0001040FFF705BD10BDE87B012030B40A4C36
:103800002268831A01D5C3F1000362688A1A00D5C1
:1038100052421A44022A04DDC4E9000130BCFFF719
:10382000C7BF30BC704700001403002070477047CA
:1038300010B52DED048B82B02048808845F21051E0
:10384000884236D101221E49002003F0E7FF1C48C0
:10385000007800F01F0030B3042201A9900103F0AA
:10386000DDFF9DF807109DF8062001EB022011F006
:1038700082F941EC190B9FED130B53EC102B11F057
:10388000E1F941EC180B11F049F91049888108461B
:103890008489B4F5F07F02DB40F2DF1404E0002CF1
:1038A00002DA002400E00024204602B0BDEC048BC4
:1038B00010BDD0200AF08AF9F7E70000282900207F
:1038C000BC000020D881734694F6D23F0800002047
:1038D00010B52DED048B82B02048808845F2105140
:1038E000884237D101221E49002003F097FF1C486F
:1038F000007800F01F0030B3042201A9900103F00A
:103900008DFF9DF805109DF8042001EB022011F0B9
:1039100032F941EC190B9FED130B53EC102B11F006
:1039200091F941EC180B11F0F9F81049C8820846DA
:10393000C48AB4F5487F02DB40F21F3405E0002C56
:1039400003DA002401E040F21F34204602B0BDEC4F
:10395000048B10BD90200AF039F9F7E728290020E0
:10396000BD0000207B14AE47E17AD43F0800002060
:103970002DE9F041084E0446056830680168284684
:1039800088470746306841682846884728442060B1
:103990003846BDE8F0810000880200202DE9F041A2
:1039A0000C4606460025064F05E03868416830465B
:1039B000884706440544641EF7D22846BDE8F081D6
:1039C000880200202DE9F0411E46069C17468846D5
:1039D00005463A46A8687F1C3346D0F804C04146E5
:1039E0002846E047641EF4D1BDE8F08170B5B0F917
:1039F0000040091BB0F904408C422CDD00F1140496
:103A0000B0F902500069521B02FB0040CA1800EBDB
:103A1000E104521ED010B0EBE10501F007034FF0B6
:103A2000FF0102F0070221FA03F0C2F1070201FAD6
:103A300002F1CEB221780FD001436D1E04F8011BB4
:103A4000002D05DDFF2229462046FCF7F4FD2C441D
:103A500020783043207070BD30400143217070BD2C
:103A600010B5B0F90030B0F90240C91A00F11403E2
:103A70000069121B02FB003000EBE10001F00703BC
:103A800002788021D9400A43027010BDB0F90610B7
:103A9000026951431430FCF7D6BD00002DE9F8430C
:103AA000804602F10F000011470003FB07F01C469F
:103AB000154689461430FEF71EFA060018D0FEF7A8
:103AC00039FF3046FEF7DCFA0090A0F80080A0F83D
:103AD00002908580C480074981600121818107614E
:103AE0006846FEF70BFB00F07DF83046BDE8F88332
:103AF0000020FBE7F4B9010870B5B0F90660B0F931
:103B000004400B6800F11405964220DD0069A342D1
:103B100002FB005000EBE30219DAA4F101044FEAC2
:103B2000E400A0EBE30512F8010B03F0070400FA30
:103B300004F0C4B208E055B112F8014B03F10803D8
:103B4000A5F1010523F00703002CF4D008E00020C4
:103B500070BD00BF4FEA44604FEA106403F10103F7
:103B60002006F7D5FF2C0AD0184605E04FEA44643A
:103B70004FEA146400F101006606F7D400E0D81D96
:103B8000C443640706D007E012F8014BFF2C0FD1A5
:103B900000F108006D1EF7D5A0EB030000F1010055
:103BA0000B6070BD4FEA44624FEA126400F10100FD
:103BB0002206F7D4F0E738B50546FEF7BBFE2846E7
:103BC000FEF75EFA00908189491E0CB28481684636
:103BD000FEF794FA14B92846FEF7ACF900F002F8A3
:103BE00038BD00000348C168491EC16001D100F022
:103BF0005BB87047F802002010B54FF48031002008
:103C000010F0F6FD04464FF480312046FEF78AF9A5
:103C10008020FEF75DFA0248FFF7C4FB10BD0000EC
:103C2000C8A0010870B504464FF47A7060434FF4A1
:103C30007A71B0FBF1F5284603F014F970BD10B5A8
:103C40000120FFF7EFFF10BD0248006890F8320036
:103C500070470000EC00002010B503F06FF910BDB4
:103C600010B5002002F0E2FC0149086010BD000020
:103C7000A800002010B5012002F0D8FC034908601C
:103C8000002002F05DFC0249086010BDA000002089
:103C9000A400002008B56A4600210248006802F02E
:103CA000EBFC08BDA000002010B50248006802F03F
:103CB00059FD10BDA00000200EB508B102AA00E019
:103CC0000022002301A9684600F0F4FB0EBD0000AD
:103CD000074910B5CC6818B10120C860801E03E008
:103CE0000020C8606FF07F4000F0E0FE204610BD6D
:103CF000F003002010B5082A0EDC0346012A1AD072
:103D0000022A58D0042A78D010F8042B03F8012B8B
:103D1000491EF9D1012010BD102A0ADC0222022A14
:103D2000F8D1024630F8043B22F8023B491EF9D193
:103D3000F0E7002010BD10F8042BD207120E491E28
:103D400034D010F8044B491E04F0010442EA8412F6
:103D50002CD010F8044B491E04F0010442EA44122E
:103D600024D010F8044B491E04F0010442EA041266
:103D70001CD010F8044B491E04F0010442EAC402AE
:103D800014D010F8044B491E04F0010442EA8402E6
:103D90000CD010F8044B491E04F0010442EA44021E
:103DA00004D010F8044B04F00104224303F8012B63
:103DB0000029C0D1AEE710F8042B9207120E491E5D
:103DC00015D010F8044B491E04F0030442EA041213
:103DD0000DD010F8044B491E04F0030442EA84029B
:103DE00005D010F8044B04F003042243491E03F8E5
:103DF000012B0029DFD18DE7FFE710F8042B120714
:103E0000120E491E05D010F8044B04F00F04224393
:103E1000491E03F8012B0029EFD17BE72DE9F04182
:103E20001E680D460446082A09DC0746012A21D0EF
:103E3000022A62D0042A7CD0082A1AD195E0102ADE
:103E400003DC02200228F8D102E00020BDE8F08166
:103E5000D3F810C02746BCF1000F04D00A46214613
:103E6000022308468AE001CCB04727F8020B6D1EFA
:103E7000F9D18BE001CCB047C0074FEA10686D1E46
:103E800036D001CCB04748EA801000F0FF086D1E24
:103E90002ED001CCB04748EA401000F0FF086D1E5C
:103EA00026D001CCB04748EA001000F0FF086D1E94
:103EB0001ED001CCB04748EAC00000F0FF086D1EDC
:103EC00016D001CCB04748EA800000F0FF086D1E14
:103ED0000ED001CCB04748EA400000F0FF086D1E4C
:103EE00006D001CCB04740EA080000F0FF086D1E84
:103EF00007F8018B002DBDD148E001CCB047800709
:103F00004FEA10686D1E18D001CCB04748EA001087
:103F100000F0FF086D1E10D001CCB04748EA8000C9
:103F200000F0FF086D1E08D001CCB04740EA080041
:103F300000E007E000F0FF086D1E07F8018B002D80
:103F4000DBD123E001CCB04700074FEA10686D1EBB
:103F500006D001CCB04740EA080000F0FF086D1E13
:103F600007F8018B002DEDD110E0D3F810C0BCF1A3
:103F7000000F05D00A46014601233846E04705E018
:103F800001CCB04707F8010B6D1EF9D101205DE7A8
:103F90000A4810B5816900290ED101218161FFF71E
:103FA0002BFE01F0EFFF054905481C310860BDE814
:103FB0001040084600F030BC10BD00007802002020
:103FC0005D2601087CB5064628480D46006868B1A4
:103FD00000200BF055F906E06A46294630460CF001
:103FE000ABF80BF00FF90028F6D17CBD10680090FB
:103FF0001F4C506801902268BDF8000032F84C1F39
:104000000844ADF80000BDF8020091880844ADF8FE
:104010000200BDF8040011880844ADF80400BDF8A2
:10402000060091880844ADF8060068460BF028F9B0
:104030000EE000BF2068BDF800106A464184BDF85C
:1040400002108184294630460CF076F80BF0DAF83D
:104050000028EFD1206830F8221F428D891A018094
:104060004188C28D891A41807CBD0000B0020020C9
:10407000840200202DE9FF4F85B09A4690460D46F8
:10408000FEF7B4FB4FF00009DDF814B006464C46CD
:1040900025B1286800906868019002E06846FEF744
:1040A00089FB18F00C0F02D05546002713E0BDF92C
:1040B00002402DE07F1C2946059800F06DFA01466C
:1040C0006D1A0598FFF76AFC05990844059005A844
:1040D00000F098FA08B9002DECD108F00C00042883
:1040E00004D0082802D00C2812D105E0BDF9060042
:1040F00007FB1604641C0BE0BDF90600BDF90210B5
:10410000401A07FB1600401C00EBD07001EB600466
:104110005546CDF814B043E02946059800F03CFA26
:1041200007460146ED1B059800F00CFA18F0030154
:104130000ED0012939D002290DD1BDF90410BDF9E5
:104140000020891A091A01EBD17102EB610101E02B
:10415000BDF900108946174A401E48441268394686
:10416000A2F822909484ADF80C00A019401EADF87E
:104170000890ADF80E00ADF80A4002AA0598FFF7C6
:1041800021FF39460598FFF709FC05990844059079
:10419000FEF72CFB044405A800F034FA002801D1F6
:1041A000002DB9D109B0BDE8F08FBDF90410091A8E
:1041B000491CCFE7840200202DE9FF4F00208BB07F
:1041C00004460146009019981D461646016007AB4B
:1041D000002203A902A800F06DF918B100200FB069
:1041E000BDE8F08F0798854200DD05465C4F0A95D3
:1041F0005C493868407C51F82010049109690691A7
:10420000FEF79CFA05903868407CFEF743FB564960
:104210008146884204D05549894501D0012000E0FB
:104220000020099001CE1899884782465FEA106BFA
:1042300071D0009870BB0B9800EB040848480068E8
:10424000B0F90800404503DDA0EB0807804600E018
:1042500000270299049801EB840101EB8701CDE965
:104260000010DDE90A010A180C9B0892521E19463B
:104270004046FEF7EDFF01200090059818280ADA65
:104280000298DDE9052300EB840000EB8700E91BC1
:1042900000F070F810E0099870B1029800EB84000B
:1042A00000EB87070898A0EB08084946386888475C
:1042B00001C7B8F10108F8D12D48C06960B3DDE944
:1042C000020700EB840007EB8402CDE90202284CD0
:1042D000361F2B46E46930460299A047FF2031681B
:1042E000B0EB116F02D10299096804E0029A1268DA
:1042F000B0EB126F01D1039A11600299361D091DAE
:1043000002910399091D03916D1EE8D119990120AD
:10431000039708601DE01EE0FFE7BBF1FF0F0ED022
:104320000298CBF1FF0250F82410504600F01AFA20
:10433000039941F8240019990120086005E00298CA
:10434000039950F8240041F82400641C6D1E7FF48A
:1043500069AF039843E7039941F824A0EBE7000015
:10436000840200209C0200208F5300088D53000817
:10437000C00300202DE9F05F0C1E16DD5E680146CB
:1043800000EB8405082A12DC611E012A28D0022ACB
:1043900048D0042A6AD0082A07D1071917F8010D56
:1043A000B04745F8040D641EF8D1BDE8F09F102A0F
:1043B000FBDC0222022AF8D15F693FB12246BC46EB
:1043C000BDE8F04F02235DF804EB604701EB4407C2
:1043D00037F8020DB04745F8040D641EF8D1E4E744
:1043E00000EBE1002D1F10F801A9814601F007073D
:1043F000802020FA07F800BF0AEA0800C7F1070189
:10440000C840B04745F804093FB17F1E4FEA4860F5
:10441000000E8046641EEFD1C7E7072719F801A9EF
:104420000120F6E700EBA1002D1F01F0030710F8B3
:1044300001A981467900C02020FA01F84FF0060B4F
:104440000AEA0800ABEB4701C840B04745F8040949
:104450003FB17F1E4FEA8860000E8046641EEFD198
:10446000A3E7032719F801A93846F6E700EB610036
:1044700001272D1FA74310F801A98146B900F0209C
:1044800020FA01F84FF0040B0AEA0800ABEB8701B1
:10449000C840B04745F804093FB17F1E4FEA087095
:1044A000000E8046641EEFD17FE7012719F801A9AD
:1044B0000F20F6E72DE9F047204C06461F46A0697D
:1044C00090468946002540B90120A06104F12001F1
:1044D0001B480860084600F09FF9606910B900F0B9
:1044E00002FF606107B138604EB1A06830B9606901
:1044F0008000FDF749FDA06000B901253060B9F1E9
:10450000000F0AD0E06830B960698000FDF73CFD1B
:10451000E06000B90125C9F80000B8F1000F0AD029
:10452000206930B960698000FDF72EFD206100B977
:104530000125C8F800002846BDE8F087C003002028
:10454000E526010873B5124A01A900981268904740
:1045500000240090C8B10F4900250968C96949695C
:1045600059B10A684AB1019990477CBD6846FFF786
:10457000FFF90546FEF7F8F804440198401E019043
:10458000F4D5284600F032F8044420467CBD0000F3
:10459000E80200208402002073B50D460098002434
:1045A00090B10A490968C969496959B14A684AB16B
:1045B000294690477CBD6846FFF7DAF920B10A2802
:1045C00002D0641CAC42F6DB20467CBD8402002095
:1045D000044AB2F9002002600348B0F90000086004
:1045E00070470000B4020020B602002038B5002455
:1045F00069460094FEF7CAF80099814200DD0C1A62
:10460000204638BD016811F8012B12B10A2A02D0E8
:1046100002E001207047016000207047B0F90030CF
:10462000B1F90020934200DA0280B0F90230B1F90A
:104630000220934200DA4280B0F90430B1F904203C
:10464000934200DD8280B0F90620B1F906108A425B
:1046500000DDC180704770B5B1F90040B2F900309B
:104660009C4200DD23460380B1F90250B2F90240BA
:10467000A54200DD2C464480B1F90460B2F9045033
:10468000AE4200DA35468580B1F90610B2F906204F
:10469000914200DB1146C1809D4201DBA14201DA5B
:1046A000002070BD012070BD014602480068407CBA
:1046B00000F002B884020020F8B501260F46054636
:1046C00002284BDA264C5FB3012F02D0022F45D1CE
:1046D00016E054F8250088B92846FDF77FFE0090C3
:1046E000B8B3C0680D21426A68469047020035D0D1
:1046F00039460098904754F825000026401C2BE0CE
:10470000FDF76CFE009020B3C0680D21426A684638
:104710009047020022D039460098904700261DE0BD
:1047200054F8250001280FD12846FDF757FE0090C8
:1047300050B1C0680D21426A68469047020003D01C
:10474000394600989047002654F8250010B1012101
:1047500001E003E00021401A44F825003046F8BD8E
:104760008C03002070B5FF23B3EB116F2CD0C3B2C4
:1047700013FB02F500F47F4400F47F0354435343DA
:10478000000E10FB02F6C2F1FF00CAB212FB00528B
:1047900001F47F4505FB004401F47F0505FB003370
:1047A000090E11FB0065C2F307204FF47F024FF49E
:1047B0007F4102EA132201EA14214FF07F430843AC
:1047C00003EA05431043184370BD2DE9F04F154629
:1047D000DDE90CB90C4606464FF0000818E00B9FC7
:1047E0004FF0FF0A01CE08CCAAEB106202FB09F2DF
:1047F000B2FBFAF1CAB21946FFF7B4FF20F07F40CE
:1048000001C57F1EEED1099808F1010804EB800470
:10481000D845E4D3BDE8F08F02494A694260486157
:10482000704700007802002010B502E000F8011B7C
:10483000521E0AB18307F9D1930818D001EB014445
:1048400002F0030204EB042405E004604460846089
:10485000C46010301B1F042BF7DA01E010C05B1E90
:10486000002BFBD103E000BF00F8011B521E002A01
:10487000FAD110BD10B5830702D520F8021B521ED5
:10488000530810D001EB0144042B08DB04604460A2
:104890008460C46010301B1F042BF7DA01E010C0E5
:1048A0005B1E002BFBD1D20700D0018010BD00F5AC
:1048B000806000F001B8000010B50022C0F30B00CA
:1048C000B0F5006F02DDA0F500600122B0F5806F49
:1048D00001DDC0F5006083110B4C00F03F00C0F11A
:1048E000400134F813004843402906D004EB430349
:1048F000C1F140015B8803FB010020308009002AE0
:1049000000D0404210BD0000686C010800BFFEE707
:104910007CB5044600250020019000905F48008887
:1049200000045F4908600D20486040208860002036
:10493000C8604FF480600861084603F0BFF9594829
:104940000068009002E0574800680090009800F06E
:1049500045000028F7D0009800F0040028B1032596
:10496000042003F00BF928467CBD009800F00100FC
:1049700028B10125012003F001F92846F4E703F0EE
:1049800045F9009000980D2802D010252846EBE745
:1049900040F2FF5003F0F2F8002003F051F90190CB
:1049A0000198C0F3432020703F490198084008B99E
:1049B0002846D9E7019800F0004008B11C20D3E751
:1049C000019800F0804008B10920CDE7019800F07F
:1049D000005008B10A20C7E7019800F0805008B1E4
:1049E0000B20C1E7019800F0006008B10C20BBE784
:1049F000019800F0806008B10D20B5E7019800F043
:104A0000807008B10E20AFE7019800F4000008B1F3
:104A10000F20A9E7019800F4800008B11020A3E757
:104A2000019800F4001008B111209DE7019800F4EE
:104A3000801008B1122097E7019800F4002008B117
:104A4000132091E7019800F4802008B114208BE72F
:104A5000019800F4003008B1152085E7019800F4B2
:104A6000803008B116207FE7019800F4004008B1BB
:104A7000172079E7019800F4804008B1182073E707
:104A8000019800F4005008B119206DE7019800F07A
:104A9000080008B11A2067E7284665E750000020A3
:104AA00050290020342C014008E0FFFD02490A682B
:104AB00008601046704700002404002030B501460D
:104AC00001F01F04C1F34513CA0AE50205EB4315C3
:104AD0001544A8B230BD000070B504460026174842
:104AE0000588408845431548808846F60401884279
:104AF00016D112488079012812D100200F498871FF
:104B00002A2048812B2088810021084601F006F8E0
:104B100001200A4988712B2048812A20888103E0DE
:104B20000021084600F0FAFF01F018FA002602E022
:104B300003480480761CAE42FAD370BD28290020B9
:104B4000000008600449054A0968497C52F82110B0
:104B50000969096808470000840200209C020020BF
:104B600010B50446002C52D158498871F0200880B5
:104B70004FF4A07048800846808849F2413188424D
:104B80000BD05248808846F60401884205D04F4831
:104B9000808845F2103188421AD12C204B49088177
:104BA0002A2048812B2088810846808846F6040107
:104BB000884205D04548808845F21031884206D1A8
:104BC0004FF4A070414908804FF4F070488079E0BC
:104BD0003E48808845F21051884210D14FF4305041
:104BE0003A4908814FF4285048814FF42C5088816D
:104BF0004FF4F07008804FF44870488062E0222043
:104C00003249088120204881212088815AE00120F2
:104C10002E4988714FF4A0700880F0204880084623
:104C2000808849F24131884205D02848808845F281
:104C30001031884207D12C20244908812A2048813C
:104C40002B2088812BE02148808846F60401884289
:104C500007D12C201D4908812B2048812A208881DA
:104C60001DE01A48808845F21051884210D14FF457
:104C70003050164908814FF4285048814FF42C5089
:104C800088814FF4487008804FF4F070488006E047
:104C900022200E49088121204881202088810B484C
:104CA000808846F60401884205D00848808845F28D
:104CB0001031884206D14FF4F070044908804FF457
:104CC000A0704880002000F063FD10BD282900205E
:104CD0002DE9F04F05468DB07C48DDF860901A9CB8
:104CE00000681E4617464FF0000A78B11B9B199AC0
:104CF000CDF808900593CDE90324DDE91623CDE92D
:104D00000023046833463A46284682E0DDE916026D
:104D100001EB060805EB070C1043A8F10108ACF104
:104D2000010C012806D0C9F108000590002002916D
:104D30000890C8E066480268B2F90A30581A00289C
:104D400006DD361A002E65DD1946199B00FB03446B
:104D5000B2F90E00A8EB0000002802DD361A002E82
:104D600058DDB2F90C00ACEB0000002800DD3F1A62
:104D7000B2F908300020AB4237DD581B3F1A4B46D2
:104D8000B9F1080F28D007DC012B0DD0022B13D06E
:104D9000B9F1040F29D117E0102B1FD0182B20D008
:104DA000B9F1200F21D11CE020F0070304EBE0044F
:104DB0001D4400F0070018E020F0030304EBA004FA
:104DC0001D4400F0030010E020F0010304EB600438
:104DD0001D4400F0010008E0044404E004EB40043A
:104DE00001E004EB800405440020002F12DD1B9B32
:104DF000DDF864C0CDE90403CDE902C4CDE9006962
:104E0000527C34483B4650F82200C26854680A4637
:104E10002946A0470DB0BDE8F08F179902980844C5
:104E200009902B49401E00900A68B2F90A3083426B
:104E300041DCB2F90E10029881423CDB4FF0000BCE
:104E4000D84603950B9434E0BBF1000F05D10B98C5
:104E50004FF0080B10F801AB0B900599ABEB090B69
:104E60003AFA01F00AFA09F101F0FF0A04D11849EF
:104E70000968097C890716D415490968C96B0A684D
:104E80000C921B9A0AB152F82000086016990398F8
:104E9000009B4218521E029900F0A0F90C490C9890
:104EA0000968C96B08600399169808F1010808445D
:104EB0000390B845C8DB0898401C089009980290F8
:104EC000199804440898B042A7DBA3E7B002002079
:104ED000840200209C020020F0B40C4612490968AC
:104EE000B1F90A30A3421CDCB1F90E30A34218DB41
:104EF000B1F90830834200DD1846B1F90C30934215
:104F000000DA1A4682420CDB4B7C084951F82350E8
:104F100013462246E9688E6801462846B446F0BC2E
:104F20006047F0BC70470000840200209C02002013
:104F30002DE9FF4F84B081468A46002003900290FD
:104F40000698A0EB09050798A0EB0A06CDF8049097
:104F5000CDF800A0002D01DD012705E00DB90027E7
:104F600002E04FF0FF376D42002E02DD4FF00108E6
:104F700006E016B94FF0000802E04FF0FF38764225
:104F8000B54201DD2C4600E034464FF0000B21E035
:104F9000009A91B2019A90B200F056F80398284412
:104FA00003900298304402900398A04205DD0398D4
:104FB000001B03900198384401900298A04205DD3F
:104FC0000298001B02900098404400900BF10100F1
:104FD0001FFA80FB601C8345DADD08B0BDE8F08F66
:104FE0000A46174930B40968B1F90A30934225DC02
:104FF000B1F90E30934221DBB1F9083083421DDC58
:10500000B1F90C30834219DB0B7C0E4CDB0709D065
:10501000497C54F82130D968CC690146A44630BC9B
:1050200018466047CB6B497C1B6854F82140E16807
:105030008D6901462046AC4630BC604730BC7047A5
:10504000840200209C02002030B504460D4629460B
:10505000204600F063FD00F081FF0248008802490D
:10506000088030BD0000002000000860124B30B402
:105070001B68B3F9084084421CDCB3F90C4084423D
:1050800018DBB3F90A408C4200DD2146B3F90E402B
:10509000944200DA22468A420CDB5C7C074B53F8D0
:1050A0002440E368DD6813460A4601462046AC46C4
:1050B00030BC604730BC7047840200209C02002056
:1050C00070B504460D4616464248808849F2413183
:1050D000884205D03F48808845F21031884214D17B
:1050E0003C49488900F02EFF201200F01FFFE0B27B
:1050F00000F01CFF3749888900F024FF281200F0D7
:1051000015FFE8B200F012FF5DE03248808845F2FA
:105110001051884220D12F49488900F013FF2012F6
:1051200000F004FF2B494989491C88B200F00AFFAE
:10513000E0B200F0FBFE2749888900F003FF281247
:1051400000F0F4FE23498989491C88B200F0FAFE78
:10515000E8B200F0EBFE36E01E48808846F6040117
:1051600088421DD11B488079012804D11948008844
:10517000401E001B84B21749488900F0E3FE20124C
:1051800000F0D4FEE0B200F0D1FE1249888900F0B0
:10519000D9FE281200F0CAFEE8B200F0C7FE12E005
:1051A0000C488079012804D10A480088401E001B61
:1051B00084B208494889214600F0DAFE0549888909
:1051C000294600F0D5FE0348008903490880881C61
:1051D000068070BD28290020FEFF076038B5134CFB
:1051E0002468B4F90850854200DD2846B4F90C5013
:1051F000954200DA2A46824217DBB4F90A508D4202
:1052000000DD2946B4F90E509D4200DA2B468B4250
:105210000BDB0093647C064B53F82440E3681D6964
:1052200013460A4601462046A84738BD840200209E
:105230009C02002008210CF085BF00000248006895
:10524000806B0068704700008402002002480068FC
:10525000C06B0068704700008402002002480921EA
:105260000068407C0CF06EBF8402002009210CF025
:1052700069BF70B500252C462046FDF7AFF800B198
:105280006D1C641C022CF7DB284670BD02480068C8
:10529000407C00F003B800008402002010B5FDF748
:1052A0009DF8002805D0C168CA6ABDE810400221F7
:1052B000104710BDF8B515460E460124FDF78EF8CF
:1052C000009058B1C0680421426A684690470300C4
:1052D00004D02A4631460098984700242046F8BD5D
:1052E00003210CF02FBF03200CF074BF04210CF03D
:1052F00029BF0000024801210068407C0CF022BF59
:105300008402002001210CF01DBF00000248022190
:105310000068407C0CF016BF8402002002210CF0D3
:1053200011BF00F001B800002DE9F041002809D0BC
:10533000876837B10D4E716819B10468B4F5807F84
:1053400002DD0020BDE8F0813068844200DD0446C3
:10535000002507E057F82500FFF7F4FB716841F8D6
:1053600025006D1CA542F5DB7068EBE720030020EB
:105370000449054A0968497C52F8211009694968BD
:1053800008470000840200209C02002070477047FC
:1053900010B500F01F01074A074BC0F34514C0F3D6
:1053A000C4201B5D105C515C00EB032000EB01404E
:1053B00010BD000060B8010880B8010810B50A4CA3
:1053C000606860B920688000FCF7DEFD606040B175
:1053D00004F10801054808600846FFF71DFA00209F
:1053E00010BD012010BD0000200300209D260108F3
:1053F0002DE9F041FFF73DFF0746002528E028464C
:10540000FCF7ECFF18B32846FDF79EFF80462846C0
:10541000FFF710FF082817DC0F48104950F8250047
:105420000069884210D02846FFF720FF0646002476
:1054300008E0E0B2FFF79CFF0246E1B2284600F028
:10544000F9FB641CB442F4DB4046FDF77DFF6D1CA4
:10545000BD42D4DBBDE8F0819C02002014BA0108F3
:1054600010B50246012000E050430B1EA1F10104DB
:10547000E1B2F9D110BD000008B5034800880090E2
:10548000BDF8000008BD0000000008602DE9F041F3
:1054900005460E4600240027A0464F480088A84233
:1054A00003DD4D484088B04202DC0020BDE8F081B9
:1054B0003146284600F032FB4748808849F24131A6
:1054C00088420BD04448808846F60401884205D0C3
:1054D0004148808845F21031884203D12E2000F0E7
:1054E00031FD0DE03C48808845F21051884204D1DE
:1054F0004FF4385000F026FD02E0222000F022FD9B
:105500003548808849F22031884202D102200FF0CC
:105510008DF93248008800B1002402200FF086F98E
:105520002E4804882C48808849F2413188420BD0AB
:105530002948808845F21031884205D02648808865
:1055400045F2105188420AD102200FF06FF923482A
:10555000B0F80080E7B24FF6FF7000EA07271E4858
:10556000808849F22531884216D01B48808844F251
:105570003551884210D018488088091F88420BD0C6
:10558000154880884BF20551884205D01248808822
:105590004CF20551884201D1204687E70E488088A9
:1055A00049F2413188420BD00B48808845F21031D6
:1055B000884205D00848808845F21051884207D1BA
:1055C000E012C002B91240EA411040EAE8206DE75B
:1055D0002046FFF773FA69E72829002000000860D9
:1055E0002DE9FF4F83B01646DDE910408B46C068B9
:1055F0004769426A7AB1012111A8904705000AD093
:105600000698CDE9000433465A4603991198A847F5
:1056100007B0BDE8F08F57480068407CFDF78EF872
:105620008246082801DC012005E0BAF1100F01DCF8
:10563000022000E004208046002596E04046B8F1B4
:10564000010F05D0022871D0B8F1040F25D17CE0FC
:10565000BAF1090F21D2DFE80AF08605213F3F5950
:1056600059595900039815E001465A461198B84710
:10567000C5F1070188404FF67F722178EA4011405A
:1056800001436D1C217004EBE50425F00700054182
:1056900009F101008146B042E6DD64E0039817E0BD
:1056A00001465A461198B8470621A1EB45018840AA
:1056B0006B004FF63F722178DA40114001436D1CB8
:1056C000217004EBA50425F00300054109F1010058
:1056D0008146B042E4DD46E0039813E001465A46B5
:1056E0001198B8470421A1EB850188402178AB00CF
:1056F0000F229A401140014321702C4485F001058E
:1057000009F101008146B042E8DD2CE0DDF80C90A3
:1057100007E001465A461198B847207009F101097F
:1057200044444846B145F4DD1DE0FFE7DDF80C9048
:1057300007E001465A461198B847208009F101094F
:1057400044444846B145F4DD0DE0DDF80C9007E037
:1057500001465A461198B847206009F101094444AE
:105760004846B145F4DD0BF1010B06998B457FF7F7
:1057700065AF4DE78402002001B5BDF8000000F0E0
:10578000E1FB05200EF040FBFFF776FE08BD0000B0
:10579000F0B5054600240027A948807901281ED1CC
:1057A000A748808846F60401884218D0082D15D2F3
:1057B000DFE805F00406080A0C0E101206250DE0BD
:1057C00007250BE0042509E0052507E0012505E094
:1057D000002503E0032501E0022500BF00BF984833
:1057E000808849F24131884211D09548808846F638
:1057F000040188420BD09248808845F210318842DB
:1058000005D08F48808845F2105188427ED1082DFE
:105810001CD2DFE805F00406090C0F12151800BFB2
:1058200014E044F0800411E044F040040EE044F041
:10583000C0040BE044F0200408E044F0600405E0FC
:1058400044F0A00402E044F0E00400BF00BF7C4844
:10585000808845F21051884202D14FF4585700E039
:1058600036277748808845F21031884207D074483F
:10587000808845F21051884201D044F008047048F5
:10588000808846F60401884201D144F00204214692
:10589000384600F06DFB04F0200018B968488079A4
:1058A00001280DD16648008865494988884214DA84
:1058B00063480688408862490880084646800CE0B4
:1058C0005F4800885E494988884206DD5C48068852
:1058D00040885B490880084646805948808845F2E0
:1058E0001051884254D15649488900F02BFB0020C2
:1058F00000F01CFB52494989491C88B200F022FB88
:10590000002000F013FB4E49498900E06FE0891C3C
:1059100088B200F017FB4A490988491EC1F30F20DD
:1059200000F004FB46494989C91C88B200F00AFB13
:1059300043490978491EC8B200F0F8FA40498889FD
:1059400000F000FB002000F0F1FA3D498989491C74
:1059500088B200F0F7FA002000F0E8FA38498989A7
:10596000891C88B200F0EEFA35494988491EC1F316
:105970000F2000F0DBFA32498989C91C88B200F097
:10598000E1FA2F498978491EC8B200F0CFFA55E0F4
:105990002B49488900F0D6FA002000F0C7FA002011
:1059A00000F0C4FA26490988491EC1F30F2000F00F
:1059B000BDFA23490978491EC8B200F0B7FA204958
:1059C000888900F0BFFA002000F0B0FA002000F053
:1059D000ADFA1B494988491EC1F30F2000F0A6FA11
:1059E00017498978491EC8B200F0A0FA26E0082DB0
:1059F0001CD2DFE805F004070A0D0F12151844F059
:105A0000300413E044F0100410E044F020040DE0F2
:105A100000BF0BE044F0380408E044F0280405E03F
:105A200044F0180402E044F0080400BF00BF03275C
:105A300044F480542146384600F09AFAF0BD000044
:105A40002829002010B50E4C0E492068407C51F8E2
:105A5000200050B1C1680968042903D000680028FB
:105A6000F8D102E008B1FCF794FC2068002101663F
:105A700000F108014161BDE8104000F02FB80000BE
:105A8000840200209C0200200149096849680847F7
:105A90001C030020044909680A7C520701D5C96B20
:105AA00000E0896B08607047840200207CB5094CD7
:105AB00005462068417C084850F82100C1680A6BFF
:105AC0006946904720686A4629460830FEF7C3FDBC
:105AD0007CBD0000840200209C0200200448016874
:105AE00004484A7C083150F82200C268126B104703
:105AF000840200209C0200200149096809680847C7
:105B00001C030020044909680A7C520701D5896BEF
:105B100000E0C96B086070478402002030B504467D
:105B20000D464048808849F24131884205D03D48C1
:105B3000808845F21031884214D13A49488900F0F2
:105B400001FA201200F0F2F9E0B200F0EFF9354965
:105B5000888900F0F7F9281200F0E8F9E8B200F0BF
:105B6000E5F95DE02F48808846F6040188421DD1A2
:105B70002C488079012804D12A480088401E001B47
:105B800084B22849488900F0DDF9201200F0CEF9EE
:105B9000E0B200F0CBF92349888900F0D3F928124C
:105BA00000F0C4F9E8B200F0C1F939E01D4880887E
:105BB00045F21051884220D11A49488900F0C2F9B3
:105BC000201200F0B3F917494989491C88B200F046
:105BD000B9F9E0B200F0AAF91249888900F0B2F9E7
:105BE000281200F0A3F90F498989491C88B200F0F6
:105BF000A9F9E8B200F09AF912E00A488079012880
:105C000004D108480088401E001B84B20549488919
:105C1000214600F0ADF903498889294600F0A8F92A
:105C200030BD00002829002001490968896808471B
:105C30001C030020F8B515460E460124FCF7CEFBE8
:105C4000009058B1C0681021426A6846904703002E
:105C500004D02A4631460098984700242046F8BDD3
:105C6000F8B515460E460124FCF7B8FB009058B174
:105C7000C0680321426A68469047030004D02A4660
:105C800031460098984700242046F8BDF8B51546DF
:105C90000E460124FCF7A2FB009058B1C0680B210E
:105CA000426A68469047030004D02A46314600986D
:105CB000984700242046F8BDF8B515460E46012445
:105CC000FCF78CFB009058B1C0680A21426A684614
:105CD0009047030004D02A46314600989847002494
:105CE0002046F8BD2DE9F84F0746884616461C4663
:105CF000C3462046E31704EB5373DB1021464FEAFB
:105D0000E47C04EB5C7C4FEAEC0CA4EBCC0CBCF127
:105D1000000F02D04FF0010C01E04FF0000C634483
:105D2000224604EBD27C4FEA6C0C03FB0CF3DBB293
:105D30000093A6F12000C6B2002556E00C2C07D136
:105D400006EB46002B4901EB800010F8059013E0AC
:105D5000102C05D1284800EB061010F805900BE038
:105D6000182C07D106EBC600244901EB800010F87F
:105D7000059001E0BDE8F88F4FF0000A2FE009F030
:105D8000800030B11E48028841463846FFF798F936
:105D900007E00A9828B91B48028841463846FFF7B1
:105DA0008FF94FEA49604FEA106908F101001FFAC4
:105DB00080F815480088B84200DCDBE7A8EB0B0050
:105DC000A04208D1D846781C87B20F480088B84254
:105DD00000DCCFE706E00AF1010000F0FF0ABAF1AB
:105DE000080FCCDB00BF681CC5B200988542A5DB5C
:105DF00000BFBFE71C53010890570108805D0108F0
:105E00000000002002000020282900202DE9FF4F7B
:105E100081B0074691461E460E9D4FF0000A0024B1
:105E200039E0301B401EC1B20A20FFF719FBB9FB55
:105E3000F0F00A21B0FBF1F201FB1208BAF1000FF9
:105E400016D1701EA04213DDB8F1000F0ED1002054
:105E5000AB4605EBDB71491001FB0471009088B281
:105E60002B4620220299FFF73DFF12E04FF0010A76
:105E70000020AB4605EBDB71491001FB047100907B
:105E800088B208F13001CAB22B460299FFF72AFF07
:105E900000BF601CC4B2B442C3DB05B0BDE8F08FE4
:105EA0002DE9F84704460D4690469946DDE9096715
:105EB00004F0FF0A08EB04001FFA80F809EB050064
:105EC0001FFA80F916E0444502DB5446A81985B252
:105ED0004D4500DB14E0002000903A783346294617
:105EE0002046FFF7FFFE304606EBD07104EB610160
:105EF0008CB27F1C38787E2802DC38782028E2DAE1
:105F000000BFBDE8F887000010B5074C2068006BA3
:105F1000FEF718FEFFF7F6FD2068406BFEF712FE55
:105F2000BDE81040FFF7B6BD8402002001B5BDF802
:105F300000000090BDF800000149088008BD000085
:105F40000000086001B5BDF800000090BDF8000039
:105F50000149088008BD0000FEFF07600248008973
:105F6000024908807047000028290020FEFF0760D2
:105F700003B5BDF80000024A1080901C01800CBDE2
:105F8000FEFF076008B500231A4665496548FCF71F
:105F9000A1F96548808845F21051884239D162489C
:105FA000428801880020FFF771FE5F48428801881F
:105FB0000020FFF781FE5C48807998B940F2B31069
:105FC00000234FF4F072194600901846FDF7E4FAEA
:105FD00040F21F300023421C194600900120FDF7BB
:105FE000DBFA9BE00620FDF7DDFB40F2B310002357
:105FF0004FF4F072194600901846FDF7CDFA40F2C2
:106000001F300023421C194600900120FDF7C4FAFE
:1060100084E04548808845F21031884205D04248E6
:10602000808846F6040188423BD13F484288018877
:106030000020FFF72BFE3C48428801880020FFF734
:106040003BFE39488079A0B9E22040F65B734FF4FB
:10605000A072002100900846FDF79EFAC42040F689
:10606000ED634FF4F072002100900120FDF794FAE7
:1060700054E00620FDF796FBE22040F65B734FF4F8
:10608000A072002100900846FDF786FAC42040F671
:10609000ED634FF4F072002100900120FDF77CFACF
:1060A0003CE02148428801880020FFF7EFFD1E48B0
:1060B000428801880020FFF7FFFD1B488079B8B9AE
:1060C0000120FDF76FFB40F63F70009016480288F4
:1060D0009B2300210846FDF75FFA40F65F700090B1
:1060E00011484288BC2300210120FDF755FA15E034
:1060F0000720FDF757FB40F63F709B23F02200215D
:1061000000900846FDF748FA40F65F70BC234FF454
:10611000A072002100900120FDF73EFA08BD0000AA
:10612000406C01080C6B01082829002010B50346BB
:106130001446012901D1002010BD4FF0FF3200BFED
:1061400000BF1046F8E700002DE9FF4F8DB017465D
:10615000674ADDF870901E9E209812681D46002444
:106160008AB11D9B1F98CDE90293CDE90460DDE95A
:106170001A03CDE9000314682B463A460D98A04750
:1061800011B0BDE8F08F0D9A01EB050802EB070C8A
:10619000DDE91A231A43A8F10108ACF1010C012A28
:1061A00006D0C9F108004FF0000B029105909CE069
:1061B000504A1268B2F90A40631A002B06DDED1A44
:1061C000002DDDDD21461D9C03FB0466B2F90E3077
:1061D000A8EB0303002B02DDED1A002DD0DDB2F990
:1061E0000C30ACEB0303002B00DDFF1A0D9B1C1AD7
:1061F000B2F90830A3420DDDA3EB040C0CEB000355
:10620000181A20F007000444A7EB0C0706EBE3067E
:1062100003F00700002FB3DD1F9BDDF874C0CDE94C
:10622000040303968DE82012527C33483B4650F815
:106230002200C26855680A462146A847A0E71B9974
:106240000298084409902B49401E03900A68B2F94D
:106250000A30834243DCB2F90E10029881423EDBE1
:106260004FF0000A0D980B96D046009035E000BF25
:10627000BAF1000F05D10B984FF0080A10F8014B46
:106280000B900599AAEB090A34FA01F004FA09F413
:10629000E4B204D117490968097C890717D4154964
:1062A0000968C96B0A680C921F9A0AB152F820005B
:1062B000086000991A980A180846DDE90213521E70
:1062C000FEF78CFF0B490C980968C96B08600099B0
:1062D0001A9808F1010808440090B845C8DB0998ED
:1062E00002901D980BF1010B0644AB45A7DB47E775
:1062F000B0020020840200209C020020002818D058
:10630000410817D0810817D0C10817D0010917D04C
:10631000410917D0010A17D0410A17D0010B15D037
:10632000C10B13D0010C11D0810C11D0000E11D073
:1063300020207047012070470220704703207047DB
:1063400004207047052070470820704710207047D0
:10635000122070471820704700B50022FFF7CEFFCB
:10636000012804D0811E062903D808220BE001224F
:1063700009E0A0F10901072901D8102203E0113832
:106380000F2800D82022104600BD00001CB50121B6
:10639000084601F0B1FA2220009001208DF8040097
:1063A00000208DF8060003208DF8050001208DF8EF
:1063B000070069460348FBF77DFB22210148FBF7F4
:1063C000E4FB1CBD0000024000BFFEE77047000078
:1063D00070B5002100230F22C4781CB3174C246829
:1063E00004F4E064C4F5E064C4F30721C1F10404DB
:1063F000E3B20A4144789C40E1B2847814402143DE
:106400000C07210E0E4C05786155047804F01F0529
:106410000124AC4005786D11AD0005F1E025C5F80B
:10642000004109E0047804F01F050124AC40054D4B
:106430000678761145F8264070BD00000CED00E0AE
:1064400000E400E080E100E002490143024A1160FB
:10645000704700000000FA050CED00E010B500F0F8
:1064600013F800F0FDFE00F025FF00F045FF00F0FE
:10647000CDFE00F08DFE00F0D9FF00F07DFF00F0B2
:10648000A3FF00F002F810BD70477047064800787F
:10649000012808D105480078FF2804D20348007875
:1064A000401C024908707047E6000020D900002017
:1064B00010B500241A480078012830D1F9F704FFFC
:1064C00004461848007820B116480078401E154947
:1064D000087014480078F8B913480078E0B901F062
:1064E00007F812481249097850F82100114908604C
:1064F0000F4800781049097888420DD00D4800688F
:10650000806B401C0B49096888630C480068401C7C
:106510000A490860F9F7F8FE2046F9F7D9FE10BDE0
:10652000E6000020D9000020DA000020D873012006
:10653000DC000020F4000020DB000020C000002070
:1065400070B5054600260F48007808B1002070BDE0
:10655000F9F7BAFE06460C480468006820B10A48FC
:1065600000684068084908603046F9F7B1FE3CB160
:1065700001202070002020816560204600F0FAFD97
:106580002046E4E7D9000020C400002010B5002414
:106590000B480078012811D1F9F796FE0446094806
:1065A000007840B908480078FF2804D206480078EF
:1065B000401C054908702046F9F78AFE10BD00000E
:1065C000E6000020D9000020DA00002010B50024E9
:1065D00013480078012821D1F9F776FE04461148C6
:1065E0000078C0B10F480078401E0E490870084678
:1065F000007860B90C48007828B92046F9F768FEA1
:1066000000F03CFF0AE02046F9F762FE06E0204673
:10661000F9F75EFE02E02046F9F75AFE10BD0000D1
:10662000E6000020DA000020D900002070B5054601
:1066300000260F48007808B1002070BDF9F744FE2D
:1066400006460C480468006820B10A4800684068A3
:10665000084908603046F9F73BFE3CB10320207042
:10666000258100206060204600F084FD2046E4E79C
:10667000D9000020C40000202DE9F04105460E4657
:10668000144600272878032803D001202070BDE895
:10669000F0813148007810B102202070F7E72F48D0
:1066A000007810B10D202070F1E7F9F70DFE0746D4
:1066B000288940B12889401E28813846F9F708FE0C
:1066C00000202070E3E72648006890F8300040F092
:1066D00001002349096881F8300000202049096839
:1066E00081F831001E480068C662284600F004FDAB
:1066F0003846F9F7EDFD00F0C1FEF9F7E5FD074674
:106700001748006890F8310020B1012809D002280C
:1067100006D102E0002020700BE00E20207008E07F
:1067200000BF29460E48006800F0D0FC0A20207007
:1067300000BF00BF00200A49096881F830000849FD
:10674000096881F8310006490968C8613846F9F7D7
:10675000BFFD00BF9BE70000D9000020DA00002049
:10676000EC00002070B5044600252078032801D0F5
:10677000012070BDF9F7A8FD0546A07A60B100239D
:1067800001221946204600F05FFC2846F9F7A0FDDB
:1067900000F074FE0020ECE720894FF6FF7188427C
:1067A00007D22089401C20812846F9F791FD00205E
:1067B000DFE72846F9F78CFD3320DAE710B50B4800
:1067C000007890B900F094FE0948007809490870F3
:1067D00009480749097850F8210008490860084627
:1067E000006807490860F9F776FD10BDE600002053
:1067F000DC000020DB000020D8730120F400002022
:10680000EC00002010B50024022000F02BFBF9F76B
:106810005BFD044600200B4908602046F9F758FD4F
:10682000642000F01FFBF9F74FFD0446054800689F
:10683000054908600120054908702046F9F748FD20
:1068400010BD0000E8000020D0000020D80000208B
:10685000704700002DE9FE4F06460F4690461C4645
:106860004FF00009F9F730FD81461F48007828B144
:106870004846F9F72DFD3C20BDE8FE8F1B4850F837
:10688000240060BB0120194941F824004846F9F76B
:106890001FFD002342463946304600F0B5F98246D6
:1068A0000020009001900346024651460290204687
:1068B00000F034FE054635B90D48007801280CD1AA
:1068C00000F0DCFD09E0F9F7FFFC814600200749F4
:1068D00041F824004846F9F7FBFC2846CCE7484637
:1068E000F9F7F6FC2820C7E7D9000020D87301206B
:1068F000E60000202DE9F04F85B081468A46934698
:106900001C46DDE90F78129D00200390F9F7DCFCAE
:1069100003902348007830B10398F9F7D9FC3C2064
:1069200005B0BDE8F08F1F4850F8240088BB012057
:106930001C4941F824000398F9F7CAFC2A4641464D
:10694000384600F007FF2B465A465146484600F0AD
:106950005BF904901198CDE9008002953A462046F3
:106960000E9B049900F0DAFD064636B90E48007811
:1069700001280CD100F082FD09E0F9F7A5FC039095
:106980000020084941F824000398F9F7A1FC30469B
:10699000C6E7FFE70398F9F79BFC2820C0E7000053
:1069A000D9000020D8730120E600002070470000C5
:1069B0002DE9F041054600274748007810B14020F6
:1069C000BDE8F0813F2D01D13E20F9E7F9F77CFCCD
:1069D0000746FF2D03D14148006890F832504048E7
:1069E00050F8254024B93846F9F772FC4320E7E710
:1069F000012C04D13846F9F76BFC3D20E0E714F890
:106A0000340F3849085C617888432178354A5054FE
:106A100014F834091146085C30B994F8361032483D
:106A20000078884330490870E06918B12046E16970
:106A300000F04CFB666A16B1304600F0D5FB002032
:106A4000E06284F8300084F8310028480078FF289C
:106A500004D226480078401C244908703846F9F7CB
:106A600037FC00F0F0FAF9F72FFC07461F480078D2
:106A700020B11E480078401E1C490870204600F0D6
:106A800041F81B480078401E19490870002014493D
:106A900041F82500A06930B9002061698861154975
:106AA0006069086005E0D4E905014861D4E9051092
:106AB00088611148006860610F4804600FA0E064BD
:106AC0003846F9F705FC0E480078012801D100F09E
:106AD000D5FC002074E70000D9000020EC00002065
:106AE000D8730120DE000020DD000020DA00002045
:106AF000E7000020F8000020F00000203F00000028
:106B0000E6000020704770472DE9F04106460F4629
:106B100014464FF000081548007818B11220207074
:106B2000BDE8F081F9F7D0FB8046FF2E03D1104875
:106B3000006890F832600F4850F826502DB9404652
:106B4000F9F7C6FB43202070EAE7012D05D1404646
:106B5000F9F7BEFB43202070E2E7EF644046F9F707
:106B6000B7FB0020207000BFDAE70000D90000204A
:106B7000EC000020D8730120704770472DE9F047E2
:106B800007460D464FF0000A002028606860F9F7BC
:106B90009BFB8246FF2F03D11948006890F83270A2
:106BA000184850F827402CB95046F9F791FB43207C
:106BB000BDE8F087012C04D15046F9F789FB43204A
:106BC000F6E7207C00F0010020B95046F9F780FB81
:106BD0004520EDE70026D4F80C90D4F80880504604
:106BE000F9F776FB00E0761C58F8041B0029FAD070
:106BF000B0002860A9EB0600800068600020D7E79D
:106C0000EC000020D873012070B504461046002621
:106C1000051F28462E604FF48056051F28462E601B
:106C20001526051F28462E601426051F28462E60AF
:106C30001326051F28462E601226051F28462E60A3
:106C40001126051F28462E601026051F28462E6097
:106C50000926051F28462E600826051F28462E6097
:106C60000726051F28462E600626051F28462E608B
:106C70000526051F28462E600426051F28462E607F
:106C80000326051F28462E600226051F28462E6073
:106C90000126051F28462E600026051F28462E6067
:106CA0004FF080750560051F28462C60414E051F7A
:106CB00028462E604FF01236051F28462E604FF0F2
:106CC0000336051F28462E604FF00236051F284662
:106CD0002E607610051F28462E60051F2846296065
:106CE0003126051F28462E603026051F28462E60B7
:106CF0002926051F28462E602826051F28462E60B7
:106D00002726051F28462E602626051F28462E60AA
:106D10002526051F28462E602426051F28462E609E
:106D20002326051F28462E602226051F28462E6092
:106D30002126051F28462E602026051F28462E6086
:106D40001926051F28462E601826051F28462E6086
:106D50001726051F28462E601626051F28462E607A
:106D60004FF01136051F28462E604FF01036051FD4
:106D700028462E604FF00936051F28462E604FF03A
:106D80000836051F28462E604FF00736051F284697
:106D90002E604FF00636051F28462E604FF0053650
:106DA000051F28462E604FF00436051F28462E602A
:106DB00070BD0000797600082DE9F04105464FF0DE
:106DC0000008F9F781FA8046FF2D05D120480068B8
:106DD00090F83250012608E01D48006890F8320013
:106DE000A84201D1012600E000261A4850F82540AB
:106DF0002CB94046F9F76CFA4820BDE8F081012C27
:106E000004D14046F9F764FA4320F6E794F8347069
:106E10001148C05D94F8351088430F49C85508469D
:106E2000C05D30B994F836100C48007888430B499F
:106E3000087094F8300040F0080084F830004046B4
:106E4000F9F746FA012E01D100F018FB0020D4E733
:106E5000EC000020D8730120DE000020DD000020BF
:106E60007047000070B5054600261748007800B14D
:106E700070BD1648007800B1FAE71DB3F9F724FA9F
:106E800006461348006890F834401248005D1049E7
:106E9000096891F8351088430E4908550846005D89
:106EA00040B90B48006890F836100B4800788843CA
:106EB0000949087006480068C5623046F9F708FAC3
:106EC00000F0DCFA00BFD3E7D9000020DA00002090
:106ED000EC000020DE000020DD0000202DE9F04164
:106EE00005460E4617461C461248007810B155203C
:106EF000BDE8F0811048007808B13220F8E74FF47F
:106F00007A7060434FF47A71B0FBF1F14FF4616035
:106F10006843C6EB061200EB8200384400EB4002E7
:106F2000C2EBC01001EBC0084046FFF79BFF0020FA
:106F3000DEE70000D9000020DA00002070B500254F
:106F4000F9F7C2F90546034804682846F9F7C0F97D
:106F5000204670BD0401002070B5002600F072F8D4
:106F6000F9F7B2F9064631480068401C2F4908601D
:106F70003046F9F7ADF92E480078012853D12D4855
:106F8000007820B1012804D0022809D103E00125AE
:106F90000BE0002509E0012501202649087004E0E6
:106FA000012500202349087000BF00BF05B970BD4E
:106FB0002148046833E0F9F787F90646E06A50B3E0
:106FC000E06A401EE062E06A28BB94F8300000F0FE
:106FD000370040B114F8300F00F0C80020700120D5
:106FE0006070303C02E0002084F8310094F83000FA
:106FF00000F0080078B93434A078104909780843C3
:107000000E49087020780E49085C6178084314F82E
:1070100034190B4A505464693046F9F759F994F819
:1070200032003F28C7D100BFC1E7000004010020A3
:10703000E6000020FC000020F8000020DD00002019
:10704000DE000020704770472DE9F04F05460F46DF
:1070500090469946A87A19490E5C05F10B00805DAF
:1070600011F800B00BEBC60000F0FF0A144850F80E
:107070002A4000202034E0602760207C20EA0800BD
:10708000207484F81190207C203C00F0080068B93E
:1070900094F836000B49097808430A4908700A48F1
:1070A000805D94F8351008430749885529462046E5
:1070B00000F00CF85046BDE8F08F0000406B01086E
:1070C000D8730120DD000020DE00002010B590F80C
:1070D000342001F10B039B5C90F83540A34301F190
:1070E0000B04A35423469B5C23B98B7A90F836405B
:1070F000A3438B7210BD000010B51B4A1268D0610B
:10710000194A126892F8343000F10B02D25C164B27
:107110001B6893F835301A43134B1B6893F83440BF
:1071200000F10B031A55827A0F4B1B6893F8363027
:107130001A4382720C4A126892F834100B4A525C5D
:10714000094B1B6893F835309A43084B5A541A463A
:10715000525C42B9044A126892F83630044A1278F6
:107160009A43034B1A7010BDEC000020DE00002093
:10717000DD000020014600228A72002005E0002385
:1071800001F10B021354421CD0B20828F7D3704708
:107190002DE9F0415021114800F03EF900250DE0A5
:1071A000681C86B20D4800EB051400EB06170020A2
:1071B000207067600AA0E060681C85B2042DEFD3E0
:1071C000064800EB051400202070606004A0E06019
:1071D000024804490860BDE8F0810000886F012082
:1071E0003F000000C800002030B501464A6808682A
:1071F0002AB9CC68606028B10025456002E01060C3
:1072000000B142608B6800255D6230BD70B5C82159
:10721000114800F001F900230FE0581C85B203EB80
:1072200083000D4901EB800405EB850001EB80062E
:10723000002020706660581C83B2092BEDD303EB4D
:107240008300054901EB800400202070606008463F
:107250000249086070BD0000C06E0120C40000201B
:1072600000200A4908600A4908700A4908700A495A
:1072700008700A4908700A4908600A4908600A4902
:1072800008600A4908600A49087070470401002034
:10729000D9000020DA000020E7000020E6000020EE
:1072A000C0000020E8000020D4000020D000002012
:1072B000D800002000210A4A1170002004E00021BB
:1072C000084A1154411CC8B20828F8D30021064AC4
:1072D0001170064A1170064A1160064A1160704723
:1072E000DD000020DE000020DB000020DC000020AC
:1072F000F4000020EC00002070B54FF47C711948B8
:1073000000F08AF84FF48071174800F085F80024E7
:1073100013E0601CC5B2C4EBC40000EB400011498F
:1073200001EB8003C5EBC50000EB400001EB8006DC
:107330005E610EA0D864601CC4B20B2CE9D3C4EB10
:10734000C40000EB4000074901EB800300205861B6
:1073500006A0D86400200649086002480549086074
:1073600070BD0000D8740120D87301203F000000D8
:10737000F8000020F000002000B587B003200021B5
:1073800080220A4BCDE90132CDE903104FF6FF70A0
:107390003F23074A00900748FFF7ACFA06AA06A168
:1073A0003F20FFF7B1FB07B000BD0000D8710120FE
:1073B000D47301205176000875432F4F532D49494E
:1073C0002049646C6500000000B587B003200021EF
:1073D00080220A4BCDE90132CDE903104FF6FE7051
:1073E0003E23074A00900748FFF784FA06AA06A141
:1073F0003E20FFF789FB07B000BD0000D86F0120D9
:10740000D47101209176000875432F4F532D4949BF
:10741000205374617400000004E0002200F8012B86
:107420004A1E91B20029F8D1704700002DE9F041C1
:1074300078211048FFF7F0FF00240DE0601C86B2B1
:1074400004EB44000B4901EBC00506EB460001EBE1
:10745000C0072F60601C84B2042CEFD304EB4400FF
:10746000044901EBC0050020286008460249086075
:10747000BDE8F081C87801200001002010B500248B
:10748000F8F722FF044613480078F8B9124800784C
:10749000E0B900F02DF811481149097850F82100A1
:1074A000104908600E4800780F49097888420DD0CD
:1074B0000C480068806B401C0A49096888630B48C7
:1074C0000068401C09490860F8F717FF2046F8F7E4
:1074D000FFFE10BDD9000020DA000020D873012083
:1074E000DC000020F4000020DB000020C0000020B1
:1074F0000649074A1278885C0649095C034A515CD0
:1075000001EBC001044A117070470000406B010894
:10751000DD000020DE000020DC0000202DE9F84F17
:1075200005460F4690469946DDE90AAB00200090DB
:10753000F8F7CAFE00903F480468002C74D0183455
:1075400054F8040C3B4908600098F8F7C1FE44F871
:10755000187CA576002020766076606144F814BC23
:1075600044F80CAC44F8108C0C9824F8080C24F85F
:10757000069C0020E077E810207705F00700E07611
:10758000217F01208840A077E17E0120884060773C
:1075900000206060E060A0602062A0626062E06243
:1075A000206325A06063183C002606E0002104F15A
:1075B000500040F82610701CC6B2002EF6D02046AF
:1075C000FFF746F92046FFF7F1F9F8F77DFE009046
:1075D0001A4840F825401A48006860610020A06100
:1075E0001748006810B116480068846114480460A8
:1075F0003434A07813490978084312490870207878
:107600001149085C6178084314F834190E4A505443
:107610000E480078401C0D4908700098F8F758FE95
:107620000020BDE8F88FFFE70098F8F751FE4220F0
:10763000F7E70000F00000203F000000D8730120B1
:10764000F8000020DD000020DE000020E700002020
:10765000002400BF00BFF8F737FE04460548006865
:10766000401C044908602046F8F732FEFFF74BFA49
:10767000F1E70000E800002010B504480068FFF7BB
:107680007BFAFF20FFF794F910BD0000EC0000200A
:10769000002400BF02E0C820FFF7E4FB194800788F
:1076A0000028F8D0184800686421B0FBF1F01649B2
:1076B00008600846006828B9002014490870FF20B7
:1076C000FFF77AFB00BFF8F7FFFD0446104800689B
:1076D0001049086000200E4908602046F8F7F8FDC0
:1076E0000C48006808490968B0FBF1F0C0F164007B
:1076F00006490870FFF741FA00F00EF86420FFF722
:10770000B1FBE0E7D8000020D0000020CC00002032
:10771000E8000020D40000207CB5002514E0694674
:107720002846FFF72BFA064666B9094850F8254067
:1077300044B1012C06D0D4E9020100EB8100606461
:107740000198A064681CC5B23F2DE8D97CBD00003B
:10775000D873012002F0010343B102F002032BB100
:1077600002E0491E002308C00029FAD1704700003A
:107770000EB5002002900121062000F0BDF8022085
:10778000009000208DF8040001208DF80700694664
:107790001B48FAF78FF94FF40050009001208DF844
:1077A000040003208DF8050000208DF806006946CE
:1077B0001448FAF77FF9F9F7D1F900201249086067
:1077C00064200CF0F9FA01201049C1F8B4026420D9
:1077D0000CF0F2FA012000F052F8012202A94FF455
:1077E000506000F01BF89DF8081009A0F8F7D2FDD2
:1077F0009DF80800802801D100200EBD0120FCE783
:107800000004024000080240B4024142000041422C
:107810004354502049443A25780D0A002DE9F0419F
:1078200005460F461646F9F755FAB220F9F720FA41
:10783000F9F79AFA2812F9F71BFAF9F795FAE8B26C
:10784000F9F716FAF9F790FAF9F744FAB320F9F7CD
:107850000FFAF9F789FA00240BE0711EA14201D05A
:10786000012100E000210846F9F7CEF93855601CE7
:10787000C4B2B442F1DBF9F753FABDE8F08138B590
:107880000446002000900CB180200090012269463F
:107890004FF4506000F001F838BD2DE9F041044686
:1078A0000E4617464FF00008F9F714FAB220F9F720
:1078B000DFF9F9F759FA2012F9F7DAF9F9F754FA7A
:1078C000E0B2F9F7D5F9F9F74FFA00250BE0705D52
:1078D000F9F7CEF9F9F748FA8046B8F1000F00D071
:1078E00003E0681CC5B2BD42F1DB00BFF9F718FA2E
:1078F0004046BDE8F081000029B1064A1268024303
:10790000044B1A6004E0034A12688243014B1A6078
:10791000704700003038024029B1064A126802431D
:10792000044B1A6004E0034A12688243014B1A6058
:10793000704700003838024029B1064A12680243F5
:10794000044B1A6004E0034A12688243014B1A6038
:10795000704700004438024029B1064A12680243C9
:10796000044B1A6004E0034A12688243014B1A6018
:107970007047000024380240F0B5002100220024A6
:10798000022500260223324F3F6807F00C0121B187
:10799000042905D0082937D105E02E4F076036E0CD
:1079A0002D4F076033E02A4F3F1F3F68C7F38056D3
:1079B000274F3F1F3F6807F03F036EB1264FB7FBCD
:1079C000F3F7DFF88CC0ACF1040CDCF800C0CCF3AA
:1079D000881C07FB0CF40CE01E4FB7FBF3F7DFF835
:1079E00070C0ACF1040CDCF800C0CCF3881C07FBC1
:1079F0000CF4174F3F1F3F68C7F301477F1C7D0002
:107A0000B4FBF5F7076002E0124F076000BF00BF4C
:107A10000F4F3F6807F0F0010909104F7A5C0768C3
:107A2000D74047600A4F3F6807F4E051890A0B4F7F
:107A30007A5C4768D7408760054F3F6807F460412C
:107A4000490B064F7A5C4768D740C760F0BD00001D
:107A5000083802400024F40000127A005E00002082
:107A60007CB50546002400200090019000F0E8F865
:107A700000F0007010B10E2420467CBD3D490988FD
:107A800088B26946F9F756FC04460CB12046F4E783
:107A9000012D36D1019800F4802000282ED03548E1
:107AA000008800043449086037204860402088601E
:107AB0000020C860A8020861084600F0FFF83720DF
:107AC000F9F796F904460CB12046D6E702202A4978
:107AD000086006204860402088600020C8604FF49D
:107AE00080600861084600F0E9F80620F9F780F99F
:107AF00004460CB12046C0E72046BEE725242046B8
:107B0000BBE7019800F4803078B31A48008800047D
:107B10001949086037204860402088600020C8600C
:107B20004FF480600861084600F0C8F83720F9F784
:107B30005FF904460CB120469FE700200E4908601B
:107B400006204860402088600020C8604FF48060B4
:107B50000861084600F0B2F80620F9F749F9044632
:107B60000CB1204689E7204687E7FFE72524204619
:107B700083E70000500000205029002001490860E0
:107B800070470000382C0140014908607047000030
:107B9000382C01400149086070470000A080254250
:107BA0000146034A106820F0FF0008431060704748
:107BB000042C014001490860704700008C85254273
:107BC00000210B4B02681A601B1D42681A601A1DC7
:107BD000116821F0F701D0E902231A4303691A431F
:107BE00043691A431143024A08321160704700008A
:107BF000242C014010B50121C802FFF7ADFE002181
:107C00004FF40060FFF7A8FE10BD000001480068B7
:107C1000C0B27047102C014001460020034A126890
:107C20000A400AB1012000E000207047342C0140D6
:107C30000248006800F0030070470000002C01407B
:107C400008B50146002000900248084400900098C2
:107C5000006808BD142C014010B500F049FC10BDAF
:107C600029B1064A12680243044B1A6004E0034A31
:107C700012688243014B1A60704700003C2C01409F
:107C800000210A4A116847F6FF629143027D83682A
:107C90001A4343681A43C3681A4303681A430369C3
:107CA0001A431143014A116070470000042C01403F
:107CB0000148006870470000802C01400021094BFA
:107CC00002681A601A1D11686FF30A01D0E90123D6
:107CD0001A43C3681A4303691A431143014A121D28
:107CE00011607047082C014001490860704700008E
:107CF000002C014070B590B004460E46154600BFFA
:107D00001A48F9F704FA0028FAD11848F9F748F99F
:107D10004FF00060019016480290039404950020F3
:107D2000059006904FF480600790800008908000D6
:107D3000099000200A904FF440300B9004200C90E2
:107D400003200D904FF400000E9080100F9001A9B9
:107D50000648F9F7E7F920210448F9F7CDF90121A0
:107D60000248F9F711F910B070BD000058640240E4
:107D7000802C014070B50446002520480078032877
:107D800002D12725284670BD1C48007838B11B4811
:107D90000078012803D01948007802282CD1B4F5C6
:107DA000805F02D127252846EDE7B4F5006F13D197
:107DB0000120FFF755FE0546F5B90020104908756A
:107DC0000860486088604FF40060C8600020086167
:107DD0000846FFF755FF0FE00020FFF741FE05467C
:107DE00055B9002006490875086048608860C86079
:107DF00008610846FFF744FF2846C4E74C0000200E
:107E000038290020F0B5014600200022BE4B1B7827
:107E100081F85630BD4B1B88A1F85430BC4B1B6811
:107E20001A0E93090B70C2F383034B7002F0030325
:107E30008B70B74B1B68C3F30742CA70B44B1B88E7
:107E4000C3F307220A71B24B1A784A715B681A0EA3
:107E50001301CB80AE4B5B68C3F30742CB8843EA88
:107E60001213CB8002F00F030B72A94B9B88C3F354
:107E70000722D3094B72C2F380138B72C2F34013F3
:107E8000CB72C2F300130B7300234B739E4B1B7812
:107E90003BB19D4B1B78012B03D09B4B1B78032BD5
:107EA0004FD193071B0D0B61994B1A790B6943EA6C
:107EB00082030B61964B9B681A0E0B6943EA92137F
:107EC0000B61C2F3C2030B7502F007034B75904BB5
:107ED0009B68C3F3074253098B75C2F38203CB75CA
:107EE00093075B0F0B768A4B1B89C3F307220B7E2C
:107EF00043EAD2130B760B695B1C0024C1E91234F0
:107F00000B7ED1E912569B1C012404FA03F3DC1703
:107F1000A5FB037C06FB03C305FB0433C1E9127315
:107F20000C7A0123A3400B650024D1E912650B6D87
:107F3000A6FB037C05FB03C306FB0433C1E91273F4
:107F40002EE0714B1B78022B2AD1714B1A799306C4
:107F50009B0A0B616E4B9B681A0E0B6943EA022366
:107F60000B616B4B9B68C3F307420B6913430B61B7
:107F7000674B1B89C3F307220B695B1C4FF400742A
:107F8000A3FB04464FF480630025A4FB037C06FB9F
:107F900003C304FB0533C1E912734FF400730B658F
:107FA000C2F3801301F8193F93065B0E4B70584BD8
:107FB0001A7A4B7843EAD2134B7002F07F038B702E
:107FC000534BDB681A0ED309CB70C2F341130B710C
:107FD000C2F382034B7193071B0F8B714C4BDB6811
:107FE000C3F307428B7943EA92138B71C2F34013B8
:107FF000CB7100230B7202F001034B72444B9B893F
:10800000C3F30722D3098B72C2F38013CB72C2F37E
:1080100040130B73C2F300134B73C2F381038B73D2
:1080200002F00303CB733A4B1A7B53080B74012302
:108030004B74384B1B681A0ECA741939354B1B68C0
:10804000C3F307421402CC85324B1B88C3F30722CB
:10805000CB8D1343CB852F4B1A7814060C635B68CA
:108060001A0E0B6B43EA02440C632A4B5B68C3F3A2
:1080700007420B6B43EA02240C63264B9B88C3F335
:1080800007220B6B13430B63224B1A7934235A5488
:10809000204B9B681A0E35235A541E4B9B68C3F322
:1080A000074214068C631B4B1B89C3F307228B6B9F
:1080B00043EA02448C63174B1A7A8B6B43EA02241F
:1080C0008C63144BDB681A0E8B6B13438B63114B61
:1080D000DB68C3F307423C235B5C43EA12143C2396
:1080E0005C5413071C0DCC870A4B9B89C3F30722F2
:1080F000CB8F1343CB87074B1A7B540840235C5428
:10810000012441235C54F0BD4C00002050000020AD
:108110007C2900208C2900203EB5002401213E4806
:10812000FFF7EAFB0121C802FFF706FC0121C802A4
:10813000FFF712FC4FF47C50019002208DF80800EC
:108140008DF8090001208DF80B0001A93348F9F7DB
:10815000B1FC0420019001A93148F9F7ABFC0C22D5
:1081600008212E48F9F7EEFC0C2209212B48F9F7DB
:10817000E9FC0C220A212948F9F7E4FC0C220B2126
:108180002648F9F7DFFC0C2211462448F9F7DAFCFF
:108190000C2202212248F9F7D5FC00214FF400609F
:1081A000FFF7DAFB00F00AFDFFF724FD31208DF820
:1081B000000000208DF801008DF8020001208DF8EC
:1081C00003006846FEF704F900F0CEF8044614B93F
:1081D00000F02CF804461CB91248FFF713FE0446C1
:1081E00034B91049B1F85410080400F003FD0446F6
:1081F00024B94FF40060FFF7BDFD04461CB10A48E6
:108200000078032806D10020FFF7CAFC002000F008
:108210000BFD044620463EBD0C0040000008024015
:10822000000C0240A02900204C00002038B500249A
:1082300001200090FFF7FCFC10B92524204638BD32
:1082400044480078042828D00020434908600220D0
:108250004860C02088600020C8604FF480600861DA
:108260000846FFF72BFDF8F7D9FD04460CB1204670
:10827000E5E70020FFF7E4FC384908600420FFF739
:10828000DFFC364948600820FFF7DAFC3349886094
:108290000C20FFF7D5FC3149C8602E48007858B152
:1082A0002C480078012807D02A480078062803D0F7
:1082B00028480078022816D10020274908600320AA
:1082C0004860402088600020C8604FF480600861EA
:1082D0000846FFF7F3FC69460320F8F7E1FD044682
:1082E0000CB12046ABE71B48007804282ED0BDF81F
:1082F00000001B490860BDF8000000041649086032
:1083000009204860C02088600020C8604FF4806069
:1083100008610846FFF7D2FCF8F780FD04460CB16F
:1083200020468CE70020FFF78BFC0E4908600420F4
:10833000FFF786FC0B4948600820FFF781FC0949DC
:1083400088600C20FFF77CFC0649C86000242046AA
:1083500075E700004C000020502900208C290020E7
:10836000500000207C2900202DE9F0410024002647
:1083700000250027A046762059490875002008608E
:1083800048608860C86008610846FFF779FC0320F0
:10839000FFF7AAFC0120FFF7FDFB00205149086010
:1083A00048608860C8604FF4806008610846FFF745
:1083B00085FCF8F707FD044614B12046BDE8F081BE
:1083C0004FF4D57047490860082048604020886015
:1083D0000020C8604FF4806008610846FFF76EFC1B
:1083E000F8F7ACFD04462CB901203F4908704FF066
:1083F000804812E000203B49086037204860402058
:1084000088600020C8604FF4806008610846FFF76C
:1084100055FC3720F8F7ECFC044600203149086091
:1084200037204860402088600020C8604FF480609A
:1084300008610846FFF742FC3720F8F7D9FC0446EC
:10844000002C4AD136E000202649086037204860D9
:10845000402088600020C8604FF4806008610846B2
:10846000FFF72CFC3720F8F7C3FC04460CB120467C
:10847000A4E71E4848EA00001A490860292048601D
:10848000402088600020C8604FF480600861084682
:10849000FFF714FCF8F7E8FC04460CB120468DE722
:1084A0000020FFF7CDFB0646012080EAD67080F061
:1084B00001076D1C1FB94FF6FF708542C3D34FF6FD
:1084C000FF70854202D31B24204677E706F08040E8
:1084D000061E02D002200449087020466EE7000004
:1084E00038290020502900204C0000200000108076
:1084F00010B51148007801280CD100200F49086000
:1085000040F24C40091D08600C20F8F771FC0C4942
:10851000087002E000200A4908704FF48070FFF7ED
:1085200033FB00214FF48070FFF79AFB01200549CF
:1085300008700348007810BD55000020082C014049
:1085400056000020570000202DE9F84F81461746BD
:1085500098460A9C4FF0000AD3464D464FF0FF362E
:10856000B9F1000F02D12620BDE8F88F002095490F
:10857000086095480078022805D10402780A40EA8C
:10858000C8574FEA68280020904988604860401E1C
:108590000860012048610020C86008610846FFF7B4
:1085A0000FFB88481838006800F0007008B10E20F2
:1085B000DAE7002C21DDB4F5006F1EDC601E2040E0
:1085C000D8B920460BF0C4FB00908148046010200D
:1085D0007F494860402088600020C8604FF4806078
:1085E00008610846FFF76AFB1020F8F701FC824695
:1085F000BAF1000F03D05046B6E72620B4E7009842
:10860000000172498860084644604FF0FF300860FE
:10861000012048610220C860002008610846FFF779
:10862000CFFA6B4807601120694948604020886094
:108630000020C8604FF4806008610846FFF73EFBE9
:108640001120F8F7D5FB8246BAF1000F01D0504651
:108650008AE76048007800287AD1F7F70EFE19E023
:1086600058480830006800F4004078B14FF0000B23
:1086700006E054485430006845F82B000BF1010B1C
:10868000BBF1080FF5D32035534E03E00EB904209B
:108690006AE7761E4B480830006840F22A610840BD
:1086A0000028DDD047480830006800F0080048B1D5
:1086B00044480C30006840F0080042490C31086022
:1086C000042051E73F480830006800F0020048B13C
:1086D0003C480C30006840F002003A490C31086018
:1086E000022041E737480830006800F0200048B118
:1086F00034480C30006840F0200032490C310860EA
:10870000062031E72F480830006800F4007048B1B7
:108710002C480C30006840F400702A490C31086085
:10872000072021E704E027485430006828602D1D09
:1087300024480830006800F400100028F3D1F7F74F
:108740009EFD40F2FF501F490C31086037E0FFE703
:1087500020480078012832D10020204908702049A3
:1087600008702049087017481030006840F22A311C
:1087700008431449103108601248006840F00800AE
:1087800010490860002221464846FFF7B3FA00E08E
:10879000761E1548006800F0006038B9114800786E
:1087A00020B90E48007808B9002EF1D10EB9042086
:1087B000DAE60A48007810B1084890F800A0504660
:1087C000D2E600002C2C01404C000020642900203F
:1087D0005029002054000020FFFF07005600002011
:1087E0005500002057000020006402402DE9FE4F94
:1087F00083460E46914600200290002534462148CB
:10880000007818B1680240EAD45564020BF0030006
:10881000F0B14FF0000A18E04FF4007000904FEAFA
:108820004A20071945EBE0733A461748FFF78CFEDC
:1088300002904FF4007214495846F7F743FE0BF5C7
:10884000007B0AF1010000F0FF0ACA45E4DB16E0F4
:10885000B9F1010F09D14FF4007022462B46009068
:108860005846FFF771FE029009E04FF4007022466F
:108870002B46CDE90009584600F008F8029002980E
:10888000BDE8FE8F4C000020F82900202DE9FF5F95
:1088900017469846DDE90E464FF00009CA464FF0EC
:1088A000FF35BB49009808600020BA490860BA4803
:1088B0000078022805D10402780A40EAC8574FEA36
:1088C00068280020B54988604860401E0860012083
:1088D00048610020C86008610846FFF771F9AD489B
:1088E0001838006800F0007018B10E2004B0BDE820
:1088F000F09F002C21DDB4F5006F1EDC601E2040CF
:10890000D8B920460BF024FA8346A548046010200D
:10891000A3494860402088600020C8604FF4806010
:1089200008610846FFF7CAF91020F8F761FA814696
:10893000B9F1000F03D04846D8E72620D6E7012E2C
:1089400070D906FB04F0B0F1007F01D32620CDE7FB
:108950004FEA0B109149886006FB04F048604FF025
:10896000FF300860012048610220C86000200861D3
:108970000846FFF725F98A480760122088494860B1
:10898000402088600020C8604FF48060086108467D
:10899000FFF794F91220F8F72BFA8146B9F1000F8E
:1089A00001D04846A2E77F48007800287ED1F7F73B
:1089B00064FC1FE077480830006800F40040A8B16C
:1089C0004FF0000A08E073485430006870490968A5
:1089D00041F82A000AF1010ABAF1080FF3D36C48F2
:1089E000006820306A4908606F4D03E00DB904202B
:1089F0007CE76D1E67480830006840F22A31084065
:108A00000028D7D063480830006800F0080050B153
:108A100060480C30006840F008005E490C31086086
:108A2000042063E7B1E05B480830006800F0020012
:108A300048B158480C30006840F0020055490C31EC
:108A40000860022052E753480830006800F0200018
:108A500048B150480C30006840F020004D490C31BE
:108A60000860062042E74B480830006800F40070B8
:108A700048B148480C30006840F4007045490C315A
:108A80000860072032E70AE0424854300068404955
:108A9000096808603E480068001D3D4908603D487F
:108AA0000830006800F40010002800E031E0EBD14D
:108AB00038480830006800F4807010B336480078F9
:108AC00038B135480078012803D0334800780228AF
:108AD00017D10020324908600C204860402088608F
:108AE0000020C8604FF4806008610846FFF7E6F890
:108AF0000C20F8F77DF98146B9F1000F01D0484606
:108B0000F4E6F7F7BCFB40F2FF5022490C31086055
:108B10003BE024480078012837D100202349087021
:108B2000012023490870002022490870194810309C
:108B3000006840F22A310843164910310860154890
:108B4000006840F008001349086006FB04F10022A9
:108B50000098FFF7CFF800E06D1E1748006800F09E
:108B6000006008B9002DF7D10DB90420BEE600BFA2
:108B70001048007818B90D4800780028F8D00B4844
:108B8000007810B1094890F800904846AEE6000021
:108B9000580000202C2C01404C00002064290020AB
:108BA0005029002054000020FFFF0700560000203D
:108BB00055000020570000200064024000200B49AF
:108BC0000860091D0860091D0860091D0860074943
:108BD00024310860091D0860091D08600448034924
:108BE000383108600020091D08607047002C0140E2
:108BF000FF07C00070B5044600250A48046007203E
:108C000008494860402088600020C8604FF48060B8
:108C100008610846FFF752F80720F8F7E9F805461B
:108C2000284670BD5029002001460020012900D0AF
:108C300011B9024B197000E0262070475400002043
:108C40002DE9FF5F86B017469846149D0026002048
:108C5000059004900024814603908246029001957D
:108C6000DDF818B0DDF818B0BBF1000F03D12620F5
:108C70000AB0BDE8F09F0020C5490860C54988607A
:108C80004860401E0860012048610020C8600861FB
:108C90000846FEF795FFBE481838006800F00070DF
:108CA00008B10E20E4E7BC480078022805D105028F
:108CB000780A40EAC8574FEA6828002D1FDDB5F54D
:108CC000006F1CDC681E2840C8B928460BF040F82D
:108CD0000590B24805601020B04948604020886087
:108CE0000020C8604FF4806008610846FEF7E6FF88
:108CF0001020F8F77DF806461EB13046B8E726206A
:108D0000B6E7A74800880004A44908600D20486021
:108D1000402088600020C8604FF4806008610846E9
:108D2000FEF7CCFF0D20F8F763F806460EB130468B
:108D30009EE797481838006803904FF0FF341CE016
:108D4000641E974800880004944908600D2048601C
:108D5000402088600020C8604FF4806008610846A9
:108D6000FEF7ACFF0D20F8F743F806460EB130468B
:108D70007EE78748183800680390039800F48070F5
:108D800008B9002CDCD10CB9292071E783480760B1
:108D9000182082494860402088600020C8604FF455
:108DA000806008610846FEF789FF1820F8F720F870
:108DB00006460EB130465BE700207A4908700598F8
:108DC000000174498860084645604FF0FF30086034
:108DD000012048610020C86008610846FEF7F0FEE7
:108DE0004FF0FF347048007800287ED1F7F745FA3D
:108DF00045E067480830006800F48040D0B301982F
:108E0000A0EB0900202822D20198A0EB090000F075
:108E1000030020B90198A0EB0900800804E0019844
:108E2000A0EB09008008401C02904FF0000A0AE005
:108E300057495431DBF8000008600AF1010A0BF1D0
:108E4000040B09F1040902988245F1D310E04FF0B8
:108E5000000A06E05BF82A004D49543108600AF127
:108E6000010ABAF1080FF5D30BF1200B09F1200923
:108E70004E4C04E0FFE70CB90420F9E6641E4448B8
:108E80000830006840F21A6108400028B1D008207C
:108E9000FEF7C2FE20B10820FEF770FE0420E7E6D0
:108EA0000220FEF7B9FE20B10220FEF767FE022085
:108EB000DEE61020FEF7B0FE20B11020FEF75EFEC9
:108EC0000520D5E64FF40070FEF7A6FE30B14FF452
:108ED0000070FEF753FE0720CAE606E0F7F7CFF969
:108EE00040F2FF50FEF74AFE3AE02F480078012892
:108EF00036D100202E4908702A4908702D49087083
:108F0000012140F21A30FEF7ABFE402229460698B6
:108F1000FEF7F0FE0120FEF74DFE00E0641E26483D
:108F2000006800F0006008B9002CF7D11CB9FFF709
:108F3000F3F804209CE64FF0FF3400E0641E1D4867
:108F4000007820B91A48007808B9002CF6D10CB97D
:108F500004208DE61648007810B11548007887E6A1
:108F600040F2FF50FEF70AFE04A8FBF7D1FC0646CC
:108F700003E004A8FBF7CCFC06463EB99DF81000C0
:108F80000728F6D09DF810000628F2D030466FE68C
:108F90002C2C0140642900204C0000205029002086
:108FA000500000205500002054000020FFFF070063
:108FB0005600002057000020006402402DE9FE4FBB
:108FC0000646894692460020029000254C462148DC
:108FD000007818B1680240EAD455640206F0030034
:108FE000F0B14FF0000B18E04FF4007231461A4810
:108FF000F7F768FA4FF4007000904FEA4B2007191A
:1090000045EBE0733A461448FFF71AFE029006F566
:1090100000760BF1010000F0FF0BD345E4DB16E016
:10902000BAF1010F09D14FF4007022462B4600908F
:109030003046FFF705FE029009E04FF4007022462B
:109040002B46CDE9000A304600F008F8029002985D
:10905000BDE8FE8F4C000020F82900202DE9FF5FBD
:1090600084B0DDE91247002600200390029000251D
:1090700080468146019007FB04FBDDF810A0DDF877
:1090800010A0BAF1000F03D1262008B0BDE8F09F70
:109090000020D8490860D84988604860401E0860B0
:1090A000012048610020C86008610846FEF788FD7D
:1090B000D0481838006800F0007008B10E20E4E7CE
:1090C000CE480078022808D10402DDE90601400AF2
:1090D00040EAC1504912CDE90601002C1FDDB4F56C
:1090E000006F1CDC601E2040C8B920460AF030FE2C
:1090F0000390C34804601020C14948604020886044
:109100000020C8604FF4806008610846FEF7D6FD75
:109110001020F7F76DFE06461EB13046B5E7262053
:10912000B3E7012F6FD907FB04F0B0F1007F01D343
:109130002620AAE7B148007838B1B0480078012865
:1091400003D0AE48007802282DD1AE480088000434
:10915000AB49086037204860402088600020C86024
:109160004FF4806008610846FEF7A8FD3720F7F746
:109170003FFE06460EB1304687E7A148076017203C
:109180009F494860402088600020C8604FF480609C
:1091900008610846FEF792FD1720F7F729FE0646FC
:1091A0000EB1304671E7964906980860192048606C
:1091B000402088600020C8604FF480600861084645
:1091C000FEF77CFD1920F7F713FE06460EB1304678
:1091D0005BE7039800018849886007FB04F048605A
:1091E0004FF0FF300860012048610020C86008612E
:1091F0000846FEF7E5FC84480078002874D1451E37
:10920000F7F73BF842E0DDE07A480830006800F408
:109210008040B0B3ABEB080020281FD2ABEB0800B6
:1092200000F0030018B9ABEB0800800803E0ABEBDB
:1092300008008008401C01904FF000090AE06D49C9
:109240005431DAF80000086009F101090AF1040A52
:1092500008F1040801988145F1D310E04FF00009AE
:1092600006E05AF8290063495431086009F1010900
:10927000B9F1080FF5D30AF1200A08F12008634D6F
:1092800004E0FFE70DB90420FFE66D1E59480830E1
:10929000006840F21A3108400028B5D00820FEF7D7
:1092A000BBFC20B10820FEF769FC0420EDE602209B
:1092B000FEF7B2FC20B10220FEF760FC0220E4E6DB
:1092C0001020FEF7A9FC20B11020FEF757FC052066
:1092D000DBE64FF40070FEF79FFC30B14FF40070F6
:1092E000FEF74CFC0720D0E62CE04FF48070FEF730
:1092F00093FC00B34148007838B140480078012819
:1093000003D03E480078022815D100203C4908606F
:109310000C204860402088600020C8604FF48060C6
:1093200008610846FEF7CAFC0C20F7F761FD064607
:109330000EB13046A9E6F6F7A2FF40F2FF50FEF765
:109340001DFC3FE03048007801283BD10020304927
:10935000087001202F49087000202F490870012152
:1093600040F21A30FEF77CFC07FB04F1402204981F
:10937000FEF7C0FC0120FEF71DFC4FF0FF3500E0BA
:109380006D1E2648006800F0006008B9002DF7D176
:109390001DB9FEF7C1FE042077E64FF0FF3500E06F
:1093A0006D1E1D48007820B91948007808B9002DB5
:1093B000F6D10DB9042068E61548007810B11448BC
:1093C000007862E640F2FF50FEF7D8FB02A8FBF7F8
:1093D0009FFA064603E002A8FBF79AFA06463EB952
:1093E0009DF808000728F6D09DF808000628F2D05E
:1093F00030464AE62C2C0140642900204C00002015
:10940000502900205000002054000020FFFF0700DA
:109410005600002055000020570000200064024044
:1094200000B587B001210846FEF766FA012108035E
:10943000FEF782FA3820059002208DF818000020EF
:109440008DF81A0003208DF8190001208DF81B00FB
:1094500005A92248F8F72EFB052203211F48F8F73B
:1094600071FB052204211D48F8F76CFB052211460B
:109470001A48F8F767FB01210803FEF76DFA00218F
:109480004FF48050FEF768FA0020ADF800004FF46A
:109490008270ADF802000020ADF804000220ADF8A3
:1094A00006000120ADF808004002ADF80A0038209F
:1094B000ADF80C000020ADF80E000720ADF810004C
:1094C0006946074800F058F80121054800F03AF8CD
:1094D000FF2000F007F807B000BD000000040240C4
:1094E0000030014010B5044600BF02210A4800F0D8
:1094F00035F80028F9D02146074800F03BF800BFB6
:109500000121054800F02AF80028F9D0024800F0AF
:109510002EF8C0B210BD00000030014010B5044666
:10952000074800884FF6C77108400549088008467B
:109530000088204308800121014800F003F810BD95
:109540000030014021B1028842F04002028004E074
:1095500002884FF6BF731A4002807047024600200F
:1095600013890B400BB1012000E000207047014639
:10957000888970478181704710B50022028802F403
:1095800041520B884C8823438C882343CC88234347
:109590000C8923434C8923438C892343CC8923435F
:1095A0001A430280838B4FF2FF74234083830B8A1C
:1095B000038210BD704700000CB5002001900090A0
:1095C0003448006840F480303249086000BF3148B8
:1095D000006800F4003000900198401C0190009851
:1095E00018B90198B0F5A04FF1D12A48006800F4ED
:1095F000003010B10120009001E0002000900098A0
:10960000012846D123484030006840F0805021496D
:10961000403108602048006840F440401E4908601E
:109620001C48083000681B4908310860084600687B
:1096300040F4004008600846006840F4A05008600C
:109640001648091F0860081F006840F08070091F55
:10965000086000BF0F48006800F000700028F9D0D3
:1096600040F205700E4908600A480830006820F092
:1096700003000849083108600846006840F002000D
:10968000086000BF03480830006800F00C0008289C
:10969000F8D10CBD0038024000700040085440076B
:1096A000003C0240042808D14FF0E021096941F054
:1096B00004014FF0E022116107E04FF0E021096959
:1096C00021F004014FF0E0221161704710B5FCF762
:1096D000DDFEFDF741FCFCF7EBFE10BD10B51548B3
:1096E000006840F47000134908601348006840F0B7
:1096F00001001149086000200F49083108600E4838
:1097000000680E4908400C4908600D48091D0860B2
:10971000081F006820F48020091F08600020064907
:109720000C310860FFF748FF4FF0006001498039B5
:10973000086010BD88ED00E000380240FFFFF6FE33
:109740001030002400B5A1B00020209001217A2023
:10975000FEF7D2F801210846FEF7DEF802201E903F
:1097600001208DF87C0000208DF87E0002208DF80D
:109770007D0001208DF87F001EA9FE48F8F79AF9B8
:109780004EF2B3701E9002208DF87C0000208DF800
:109790007E0003208DF87D0001208DF87F001EA93A
:1097A000F548F8F787F94FF680701E9002208DF883
:1097B0007C0000208DF87E0003208DF87D000120C4
:1097C0008DF87F001EA9ED48F8F774F90C220021EE
:1097D000E948F8F7B7F90C220121E748F8F7B2F9A0
:1097E0000C220421E448F8F7ADF90C220521E248E7
:1097F000F8F7A8F90C220721DF48F8F7A3F90C22A3
:109800000821DD48F8F79EF90C220921DA48F8F71B
:1098100099F90C220A21D848F8F794F90C220D2165
:10982000D548F8F78FF90C220E21D348F8F78AF9BA
:109830000C220F21D048F8F785F90C220721CF48D8
:10984000F8F780F90C220821CC48F8F77BF90C22B4
:109850000921CA48F8F776F90C220A21C748F8F717
:1098600071F90C220B21C548F8F76CF90C2211464E
:10987000C248F8F767F90C220D21C048F8F762F9E1
:109880000C220E21BD48F8F75DF90C220F21BB48D0
:10989000F8F758F90F2008900020099018200A9036
:1098A00000200B900C900D900E900820019000204D
:1098B00002900820039000200490059006900790E5
:1098C0000F9010901190102012900020139014907F
:1098D0001590169017904FF4805018900020199012
:1098E0004FF480401A9000201B9008A81C9001A8FB
:1098F0001D900FA8F7F7AAFC01210020F7F78CFCB8
:1099000032200AF059FA01210020FCF731FB322005
:109910000AF052FA0020FBF72FFF99498880084689
:109920008088FF280ADB084680884FF6FF7188424E
:1099300004D093488088B0F5134F7CD1D320FCF736
:1099400001FBFBF799FD8E498880FBF795FD8C495B
:109950008880FBF791FD8A498880084680884FF609
:10996000FF7101EA002086498880FBF785FD844964
:1099700089880843824988800846808849F24131B5
:10998000884278D0BF20FCF7DDFAFBF775FD7C49F3
:109990008880FBF771FD7A498880FBF76DFD784977
:1099A0008880FBF769FD76498880084680884FF6F5
:1099B000FF7101EA002072498880FBF75DFD704964
:1099C000898808436E4988800846808846F60401E5
:1099D000884250D0D420FCF7B5FAFBF74DFD68491A
:1099E0008880FBF749FD66498880FBF745FD64499F
:1099F0008880084680884FF6FF7101EA00206049A0
:109A00008880FBF739FD5E49898808435C49888076
:109A10000846808845F2103188422CD04FF45A40D5
:109A2000FCF790FAFBF728FD554988804FF45B401E
:109A3000FCF788FA00E01EE0FBF71EFD5049888025
:109A4000084680884FF6FF7101EA00204C49888063
:109A50004FF45C40FCF776FAFBF70EFD4849898825
:109A600008434749888008468088B0F5004F02D1F6
:109A700045F2105088804248808849F2413188423E
:109A80000BD03F48808845F21031884205D03C48D1
:109A9000808845F21051884208D1032001900220AD
:109AA000039001210620F7F7B7FB13E034488088C4
:109AB00046F60401884205D0314880884CF20551B1
:109AC000884207D10A2001900C2003900121062032
:109AD000F7F7A2FB2A4881882AA0F6F75BFC284802
:109AE000808849F2413188427DD1CF20FCF72AFAA3
:109AF0000020FCF71BFA2098401C2090C120FCF7A6
:109B000015FA3020FCF712FAED20FCF71BFA64205E
:109B1000FCF70CFA0320FCF709FA1220FCF706FA0E
:109B20008120FCF703FAE820FCF70CFA8520FCF70B
:109B3000FDF91020FCF7FAF97A20FCF7F7F9CB20B1
:109B4000FCF700FA3920FCF7F1F92C20FCF7EEF9CC
:109B50000020FCF7EBF93420FCF7E8F90220FCF7D1
:109B6000E5F9F720FCF7EEF92020FCF7DFF9EA2011
:109B70000EE0000000040240000C02400010024011
:109B8000282900204C43442049443A25780D0A00F6
:109B9000FCF7D8F90020FCF7C9F90020FCF7C6F95A
:109BA000C020FCF7CFF91B20FCF7C0F9C120FCF75F
:109BB000C9F90120FCF7BAF9C520FCF7C3F9302038
:109BC000FCF7B4F93020FCF7B1F9C720FCF7BAF97B
:109BD000B720FCF7ABF93620FCF7B4F94820FCF7C6
:109BE000A5F93A2000E0ABE0FCF7ACF95520FCF712
:109BF0009DF9B120FCF7A6F90020FCF797F91A208F
:109C0000FCF794F9B620FCF79DF90A20FCF78EF9D1
:109C1000A220FCF78BF9F220FCF794F90020FCF766
:109C200085F92620FCF78EF90120FCF77FF9E0206A
:109C3000FCF788F90F20FCF779F92A20FCF776F970
:109C40002820FCF773F90820FCF770F90E20FCF7C8
:109C50006DF90820FCF76AF95420FCF767F9A92090
:109C6000FCF764F94320FCF761F90A20FCF75EF980
:109C70000F20FCF75BF90020FCF758F90020FCF7F7
:109C800055F90020FCF752F90020FCF74FF9E120CC
:109C9000FCF758F90020FCF749F91520FCF746F9C4
:109CA0001720FCF743F90720FCF740F91120FCF7D7
:109CB0003DF90620FCF73AF92B20FCF737F956203E
:109CC000FCF734F93C20FCF731F90520FCF72EF9BC
:109CD0001020FCF72BF90F20FCF728F93F20FCF7A8
:109CE00025F93F20FCF722F90F20FCF71FF92B2064
:109CF000FCF728F90020FCF719F90020FCF716F909
:109D00000120FCF713F93F20FCF710F92A20FCF79B
:109D100019F90020FCF70AF90020FCF707F90020E8
:109D2000FCF704F9EF20FCF701F91120FCF70AF920
:109D300078200AF041F82920FCF704F903F05CB818
:109D4000FE48808846F6040188427CD11120FCF749
:109D5000F9F814200AF030F8D020FCF7F3F80720C7
:109D6000FCF7E4F84220FCF7E1F81D20FCF7DEF8F0
:109D7000D120FCF7E7F80020FCF7D8F81A20FCF710
:109D8000D5F80920FCF7D2F8D220FCF7DBF8012047
:109D9000FCF7CCF82220FCF7C9F8C020FCF7D2F879
:109DA0001020FCF7C3F83B20FCF7C0F80020FCF7BC
:109DB000BDF80220FCF7BAF81120FCF7B7F8C5206F
:109DC000FCF7C0F80320FCF7B1F8C820FCF7BAF89C
:109DD0000020FCF7ABF82520FCF7A8F82120FCF7C1
:109DE000A5F80520FCF7A2F80020FCF79FF80A2050
:109DF000FCF79CF86520FCF799F82520FCF796F80D
:109E00007720FCF793F85020FCF790F80F20FCF730
:109E10008DF80020FCF78AF8F820FCF793F8012071
:109E2000FCF784F8FE20FCF78DF80020FCF77EF8A4
:109E30000220FCF77BF82020FCF784F83620FCF7A2
:109E400081F8082000E02CE0FCF770F83A20FCF7DD
:109E500079F85520FCF76AF82B20FCF773F80020FE
:109E6000FCF764F80020FCF761F80120FCF75EF8CD
:109E70003F20FCF75BF82A20FCF764F80020FCF791
:109E800055F80020FCF752F80120FCF74FF8DF20CE
:109E9000FCF74CF8782009F08FFF2920FCF752F8E6
:109EA0004CE7A648808845F21031884240F07C8714
:109EB000ED20FCF747F80120FCF738F8FE20FCF70E
:109EC00035F8EE20FCF73EF8DE20FCF72FF82120D5
:109ED000FCF72CF8F120FCF735F80120FCF726F808
:109EE000DF20FCF72FF81020FCF720F8C420FCF747
:109EF00029F88F20FCF71AF8C620FCF723F8002079
:109F0000FCF714F8E220FCF711F8E220FCF70EF859
:109F1000E220FCF70BF8BF20FCF714F8AA20FCF7AE
:109F200005F8B020FCF70EF80D20FBF7FFFF00202E
:109F3000FBF7FCFF0D20FBF7F9FF0020FBF7F6FF16
:109F40001120FBF7F3FF0020FBF7F0FF1920FBF7D0
:109F5000EDFF0020FBF7EAFF2120FBF7E7FF0020E1
:109F6000FBF7E4FF2D20FBF7E1FF0020FBF7DEFF0E
:109F70003D20FBF7DBFF0020FBF7D8FF5D20FBF760
:109F8000D5FF0020FBF7D2FF5D20FBF7CFFF0020BD
:109F9000FBF7CCFFB120FBF7D5FF8020FBF7C6FF16
:109FA0000020FBF7C3FF8B20FBF7C0FF0020FBF76F
:109FB000BDFF9620FBF7BAFF0020FBF7B7FFB220EA
:109FC000FBF7C0FF0020FBF7B1FF0020FBF7AEFF5F
:109FD0000220FBF7ABFF0020FBF7A8FF0320FBF7F5
:109FE000A5FF0020FBF7A2FFB320FBF7ABFF00208B
:109FF000FBF79CFF0020FBF799FF0020FBF796FF83
:10A000000020FBF793FF0020FBF790FF0020FBF7F9
:10A010008DFF0020FBF78AFF0020FBF787FF002061
:10A02000FBF784FF0020FBF781FF0020FBF77EFF9A
:10A030000020FBF77BFF0020FBF778FF0020FBF7F9
:10A0400075FF0020FBF772FF0020FBF76FFF002079
:10A05000FBF76CFF0020FBF769FF0020FBF766FFB2
:10A060000020FBF763FF0020FBF760FF0020FBF7F9
:10A070005DFF0020FBF75AFF0020FBF757FFB420DD
:10A08000FBF760FF8B20FBF751FF0020FBF74EFF33
:10A090009620FBF74BFF0020FBF748FFA120FBF7C2
:10A0A00045FF0020FBF742FFB520FBF74BFF0220E6
:10A0B000FBF73CFF0020FBF739FF0320FBF736FFDF
:10A0C0000020FBF733FF0420FBF730FF0020FBF7F5
:10A0D0002DFFB620FBF736FF0020FBF727FF0020FF
:10A0E000FBF724FFB720FBF72DFF0020FBF71EFF37
:10A0F0000020FBF71BFF3F20FBF718FF0020FBF7BA
:10A1000015FF5E20FBF712FF0020FBF70FFF642016
:10A11000FBF70CFF0020FBF709FF8C20FBF706FF85
:10A120000020FBF703FFAC20FBF700FF0020FBF74C
:10A13000FDFEDC20FBF7FAFE002001E028290020CC
:10A14000FBF7F4FE7020FBF7F1FE0020FBF7EEFEBC
:10A150009020FBF7EBFE0020FBF7E8FEEB20FBF77F
:10A16000E5FE0020FBF7E2FEDC20FBF7DFFE00202F
:10A17000FBF7DCFEB820FBF7E5FE0020FBF7D6FE80
:10A180000020FBF7D3FE0020FBF7D0FE0020FBF7FA
:10A19000CDFE0020FBF7CAFE0020FBF7C7FE002023
:10A1A000FBF7C4FE0020FBF7C1FEBA20FBF7CAFE96
:10A1B0002420FBF7BBFE0020FBF7B8FE0020FBF7D6
:10A1C000B5FE0020FBF7B2FEC120FBF7BBFE20204E
:10A1D000FBF7ACFE0020FBF7A9FE5420FBF7A6FE20
:10A1E0000020FBF7A3FEFF20FBF7A0FE0020FBF7FB
:10A1F0009DFEC220FBF7A6FE0A20FBF797FE00207B
:10A20000FBF794FE0420FBF791FE0020FBF78EFE87
:10A21000C320FBF797FE3C20FBF788FE0020FBF7EE
:10A2200085FE3A20FBF782FE0020FBF77FFE3920F7
:10A23000FBF77CFE0020FBF779FE3720FBF776FE6C
:10A240000020FBF773FE3C20FBF770FE0020FBF7BD
:10A250006DFE3620FBF76AFE0020FBF767FE32201A
:10A26000FBF764FE0020FBF761FE2F20FBF75EFE8C
:10A270000020FBF75BFE2C20FBF758FE0020FBF7CD
:10A2800055FE2920FBF752FE0020FBF74FFE26204B
:10A29000FBF74CFE0020FBF749FE2420FBF746FEAF
:10A2A0000020FBF743FE2420FBF740FE0020FBF7D5
:10A2B0003DFE2320FBF73AFE0020FBF737FE3C2053
:10A2C000FBF734FE0020FBF731FE3620FBF72EFEB5
:10A2D0000020FBF72BFE3220FBF728FE0020FBF7C7
:10A2E00025FE2F20FBF722FE0020FBF71FFE2C206F
:10A2F000FBF71CFE0020FBF719FE2920FBF716FEDA
:10A300000020FBF713FE2620FBF710FE0020FBF7D2
:10A310000DFE2420FBF70AFE0020FBF707FE242099
:10A32000FBF704FE0020FBF701FE2320FBF7FEFDF8
:10A330000020FBF7FBFDC420FBF704FE6220FBF7C7
:10A34000F5FD0020FBF7F2FD0520FBF7EFFD0020F7
:10A35000FBF7ECFD8420FBF7E9FD0020FBF7E6FDB1
:10A36000F020FBF7E3FD0020FBF7E0FD1820FBF7F2
:10A37000DDFD0020FBF7DAFDA420FBF7D7FD002070
:10A38000FBF7D4FD1820FBF7D1FD0020FBF7CEFD35
:10A390005020FBF7CBFD0020FBF7C8FD0C20FBF79E
:10A3A000C5FD0020FBF7C2FD1720FBF7BFFD002015
:10A3B000FBF7BCFD9520FBF7B9FD0020FBF7B6FDD0
:10A3C000F320FBF7B3FD0020FBF7B0FDE620FBF721
:10A3D000ADFD0020FBF7AAFDC520FBF7B3FD322041
:10A3E000FBF7A4FD0020FBF7A1FD4420FBF79EFD39
:10A3F0000020FBF79BFD6520FBF798FD0020FBF795
:10A4000095FD7620FBF792FD0020FBF78FFD88205D
:10A41000FBF78CFD0020FBF789FDC620FBF792FDC2
:10A420002020FBF783FD0020FBF780FD1720FBF7C2
:10A430007DFD0020FBF77AFD0120FBF777FD002072
:10A44000FBF774FDC720FBF77DFD0020FBF76EFDD9
:10A450000020FBF76BFD0020FBF768FD0020FBF7F9
:10A4600065FDC820FBF76EFD0020FBF75FFD0020B7
:10A47000FBF75CFD0020FBF759FD0020FBF756FDC4
:10A48000C920FBF75FFD0020FBF750FD0020FBF724
:10A490004DFD0020FBF74AFD0020FBF747FD0020A3
:10A4A000FBF744FD0020FBF741FD0020FBF73EFDDC
:10A4B0000020FBF73BFD0020FBF738FD0020FBF7F9
:10A4C00035FD0020FBF732FD0020FBF72FFD0020BB
:10A4D000FBF72CFD0020FBF729FD0020FBF726FDF4
:10A4E0000020FBF723FDE020FBF72CFD1620FBF7F7
:10A4F0001DFD0020FBF71AFD1C20FBF717FD0020B7
:10A50000FBF714FD2120FBF711FD0020FBF70EFDEA
:10A510003620FBF70BFD0020FBF708FD4620FBF77C
:10A5200005FD0020FBF702FD5220FBF7FFFC002099
:10A53000FBF7FCFC6420FBF7F9FC0020FBF7F6FCC2
:10A540007A20FBF7F3FC0020FBF7F0FC8B20FBF7F5
:10A55000EDFC0020FBF7EAFC9920FBF7E7FC00206C
:10A56000FBF7E4FCA820FBF7E1FC0020FBF7DEFC96
:10A57000B920FBF7DBFC0020FBF7D8FCC420FBF77D
:10A58000D5FC0020FBF7D2FCCA20FBF7CFFC002053
:10A59000FBF7CCFCD220FBF7C9FC0020FBF7C6FC84
:10A5A000D920FBF7C3FC0020FBF7C0FCE020FBF741
:10A5B000BDFC0020FBF7BAFCF320FBF7B7FC002042
:10A5C000FBF7B4FCE120FBF7BDFC1620FBF7AEFC6B
:10A5D0000020FBF7ABFC1C20FBF7A8FC0020FBF7DE
:10A5E000A5FC2220FBF7A2FC0020FBF79FFC3620F5
:10A5F000FBF79CFC0020FBF799FC4520FBF796FC41
:10A600000020FBF793FC5220FBF790FC0020FBF7A7
:10A610008DFC6420FBF78AFC0020FBF787FC7A2086
:10A62000FBF784FC0020FBF781FC8B20FBF77EFC12
:10A630000020FBF77BFC9920FBF778FC0020FBF760
:10A6400075FCA820FBF772FC0020FBF76FFCB9201B
:10A65000FBF76CFC0020FBF769FCC420FBF766FCF1
:10A660000020FBF763FCCA20FBF760FC0020FBF72F
:10A670005DFCD220FBF75AFC0020FBF757FCD820EA
:10A68000FBF754FC0020FBF751FCE020FBF74EFCED
:10A690000020FBF74BFCF320FBF748FC0020FBF706
:10A6A00045FCE220FBF74EFC0520FBF73FFC0020B9
:10A6B000FBF73CFC0B20FBF739FC0020FBF736FCDA
:10A6C0001B20FBF733FC0020FBF730FC3420FBF7AA
:10A6D0002DFC0020FBF72AFC4420FBF727FC002080
:10A6E000FBF724FC4F20FBF721FC0020FBF71EFCAE
:10A6F0006120FBF71BFC0020FBF718FC7920FBF71F
:10A7000015FC0020FBF712FC8820FBF70FFC002053
:10A71000FBF70CFC9720FBF709FC0020FBF706FC7D
:10A72000A620FBF703FC0020FBF700FCB720FBF79B
:10A73000FDFB0020FBF7FAFBC220FBF7F7FB002034
:10A74000FBF7F4FBC720FBF7F1FB0020FBF7EEFB68
:10A75000D120FBF7EBFB0020FBF7E8FBD620FBF753
:10A76000E5FB0020FBF7E2FBDD20FBF7DFFB002031
:10A77000FBF7DCFBF320FBF7D9FB0020FBF7D6FB54
:10A78000E320FBF7DFFB0520FBF7D0FB0020FBF706
:10A79000CDFB0A20FBF7CAFB0020FBF7C7FB1C2000
:10A7A000FBF7C4FB0020FBF7C1FB3320FBF7BEFB2C
:10A7B0000020FBF7BBFB4420FBF7B8FB0020FBF7B6
:10A7C000B5FB5020FBF7B2FB0020FBF7AFFB62208C
:10A7D000FBF7ACFB0020FBF7A9FB7820FBF7A6FBFF
:10A7E0000020FBF7A3FB8820FBF7A0FB0020FBF772
:10A7F0009DFB9720FBF79AFB0020FBF797FBA62019
:10A80000FBF794FB0020FBF791FBB720FBF78EFBD7
:10A810000020FBF78BFBC220FBF788FB0020FBF737
:10A8200085FBC720FBF782FB0020FBF77FFBD120D5
:10A83000FBF77CFB0020FBF779FBD520FBF776FBD1
:10A840000020FBF773FBDD20FBF770FB0020FBF71C
:10A850006DFBF320FBF76AFB0020FBF767FBE420AE
:10A86000FBF770FB0120FBF761FB0020FBF75EFBB1
:10A870000120FBF75BFB0020FBF758FB0220FBF7F6
:10A8800055FB0020FBF752FB2A20FBF74FFB002073
:10A89000FBF74CFB3C20FBF749FB0020FBF746FB9A
:10A8A0004B20FBF743FB0020FBF740FB5D20FBF751
:10A8B0003DFB0020FBF73AFB7420FBF737FB002041
:10A8C000FBF734FB8420FBF731FB0020FBF72EFB6A
:10A8D0009320FBF72BFB0020FBF728FBA220FBF7C4
:10A8E00025FB0020FBF722FBB320FBF71FFB00201A
:10A8F000FBF71CFBBE20FBF719FB0020FBF716FB48
:10A90000C420FBF713FB0020FBF710FBCD20FBF767
:10A910000DFB0020FBF70AFBD320FBF707FB002011
:10A92000FBF704FBDD20FBF701FB0020FBF7FEFA41
:10A93000F320FBF7FBFA0020FBF7F8FAE520FBF722
:10A9400001FB0020FBF7F2FA0020FBF7EFFA0020F2
:10A95000FBF7ECFA0020FBF7E9FA0220FBF7E6FA36
:10A960000020FBF7E3FA2920FBF7E0FA0020FBF7D1
:10A97000DDFA3C20FBF7DAFA0020FBF7D7FA4B2090
:10A98000FBF7D4FA0020FBF7D1FA5D20FBF7CEFAF3
:10A990000020FBF7CBFA7420FBF7C8FA0020FBF786
:10A9A000C5FA8420FBF7C2FA0020FBF7BFFA932018
:10A9B000FBF7BCFA0020FBF7B9FAA220FBF7B6FAC6
:10A9C0000020FBF7B3FAB320FBF7B0FA0020FBF747
:10A9D000ADFABE20FBF7AAFA0020FBF7A7FAC420C5
:10A9E000FBF7A4FA0020FBF7A1FACD20FBF79EFAB3
:10A9F0000020FBF79BFAD320FBF798FA0020FBF727
:10AA000095FADC20FBF792FA0020FBF78FFAF3208F
:10AA1000FBF78CFA0020FBF789FAE620FBF792FAA5
:10AA20001120FBF783FA0020FBF780FA3420FBF7B4
:10AA30007DFA0020FBF77AFA5620FBF777FA002020
:10AA4000FBF774FA7620FBF771FA0020FBF76EFA39
:10AA50007720FBF76BFA0020FBF768FA6620FBF71C
:10AA600065FA0020FBF762FA8820FBF75FFA002006
:10AA7000FBF75CFA9920FBF759FA0020FBF756FA2E
:10AA8000BB20FBF753FA0020FBF750FA9920FBF7A5
:10AA90004DFA0020FBF74AFA6620FBF747FA002040
:10AAA000FBF744FA5520FBF741FA0020FBF73EFA8A
:10AAB0005520FBF73BFA0020FBF738FA4520FBF75F
:10AAC00035FA0020FBF732FA4320FBF72FFA00207B
:10AAD000FBF72CFA4420FBF729FA0020FBF726FAB3
:10AAE000E720FBF72FFA3220FBF720FA0020FBF7D4
:10AAF0001DFA5520FBF71AFA0020FBF717FA76200B
:10AB0000FBF714FA0020FBF711FA6620FBF70EFAA8
:10AB10000020FBF70BFA6720FBF708FA0020FBF791
:10AB200005FA6720FBF702FA0020FBF7FFF9872000
:10AB3000FBF7FCF90020FBF7F9F99920FBF7F6F990
:10AB40000020FBF7F3F9BB20FBF7F0F90020FBF73F
:10AB5000EDF99920FBF7EAF90020FBF7E7F97720F8
:10AB6000FBF7E4F90020FBF7E1F94420FBF7DEF9FD
:10AB70000020FBF7DBF95620FBF7D8F90020FBF7A4
:10AB8000D5F92320FBF7D2F90020FBF7CFF93320CA
:10AB9000FBF7CCF90020FBF7C9F94520FBF7C6F914
:10ABA0000020FBF7C3F9E820FBF7CCF90020FBF706
:10ABB000BDF90020FBF7BAF99920FBF7B7F900209F
:10ABC000FBF7B4F98720FBF7B1F90020FBF7AEF9EA
:10ABD0008820FBF7ABF90020FBF7A8F97720FBF7FB
:10ABE000A5F90020FBF7A2F96620FBF79FF90020EA
:10ABF000FBF79CF98820FBF799F90020FBF796F901
:10AC0000AA20FBF793F90020FBF790F9BB20FBF794
:10AC10008DF90020FBF78AF99920FBF787F90020CE
:10AC2000FBF784F96620FBF781F90020FBF77EF93A
:10AC30005520FBF77BF90020FBF778F95520FBF74F
:10AC400075F90020FBF772F94420FBF76FF900203B
:10AC5000FBF76CF94420FBF769F90020FBF766F974
:10AC60005520FBF763F90020FBF760F9E920FBF7BB
:10AC700069F9AA20FBF75AF90020FBF757F90020E1
:10AC8000FBF754F90020FBF751F90020FBF75AF9C4
:10AC9000AA20FBF74BF9CF20FBF754F90020FBF774
:10ACA00045F90020FBF742F90020FBF73FF90020AF
:10ACB000FBF73CF90020FBF739F90020FBF736F9E8
:10ACC0000020FBF733F90020FBF730F90020FBF7F9
:10ACD0002DF90020FBF72AF90020FBF727F90020C7
:10ACE000FBF724F90020FBF721F90020FBF71EF900
:10ACF0000020FBF71BF90020FBF718F90020FBF7F9
:10AD000015F9F020FBF71EF90020FBF70FF9502092
:10AD1000FBF70CF90020FBF709F90020FBF706F917
:10AD20000020FBF703F9F320FBF70CF90020FBF7F9
:10AD3000FDF8F920FBF706F90620FBF7F7F81020DD
:10AD4000FBF7F4F82920FBF7F1F80020FBF7EEF809
:10AD50003A20FBF7F7F85520FBF7E8F81120FBF74E
:10AD6000F1F8642009F028F82920FBF7EBF83520EA
:10AD7000FBF7E8F80020FBF7D9F85120FBF7E2F8E1
:10AD8000FF20FBF7D3F85320FBF7DCF82C20FBF770
:10AD9000CDF85520FBF7D6F88220FBF7C7F82C201A
:10ADA000FBF7D0F802F028B8FE48808845F2105131
:10ADB00088427DD155214FF47040FBF7D9F8AA2184
:10ADC0004FF20100FBF7D4F852214FF20200FBF7DB
:10ADD000CFF808214FF20300FBF7CAF801214FF228
:10ADE0000400FBF7C5F80D214FF43040FBF7C0F825
:10ADF0000D214BF20100FBF7BBF80D214BF20200D5
:10AE0000FBF7B6F834214FF43640FBF7B1F83421A4
:10AE10004BF20160FBF7ACF834214BF20260FBF718
:10AE2000A7F80D214FF43140FBF7A2F80D214BF2AA
:10AE30000110FBF79DF80D214BF20210FBF798F87B
:10AE400034214FF43740FBF793F834214BF2017073
:10AE5000FBF78EF834214BF20270FBF789F80021E2
:10AE60004FF43240FBF784F800214BF20120FBF74E
:10AE70007FF800214BF20220FBF77AF824214FF4EF
:10AE80003840FBF775F824214BF60100FBF770F80A
:10AE900024214BF60200FBF76BF801214FF43F40F1
:10AEA000FBF766F80F214FF43340FBF761F800E041
:10AEB000FDE30F214BF20130FBF75AF80F214BF263
:10AEC0000230FBF755F834214FF43940FBF750F8C6
:10AED00034214BF60110FBF74BF834214BF60210EE
:10AEE000FBF746F808214FF43540FBF741F80821FD
:10AEF0004BF20150FBF73CF808214BF20250FBF7F4
:10AF000037F803214FF44240FBF732F824214FF485
:10AF10003A40FBF72DF824214BF60120FBF728F8E7
:10AF200024214BF60220FBF723F800214FF43C408C
:10AF3000FBF71EF878214BF60140FBF719F80021CA
:10AF40004BF60240FBF714F800214FF43D40FBF7AD
:10AF50000FF878214BF60150FBF70AF800214BF669
:10AF60000250FBF705F800214FF43E40FBF700F8D4
:10AF700064214BF60160FAF7FBFF00214FF45140CA
:10AF8000FAF7F6FF33214DF20110FAF7F1FF002135
:10AF90004DF20210FAF7ECFF34214DF20310FAF7EC
:10AFA000E7FF00214DF20410FAF7E2FF3A214DF2DB
:10AFB0000510FAF7DDFF00214DF20610FAF7D8FF71
:10AFC0004A214DF20710FAF7D3FF00214DF2081085
:10AFD000FAF7CEFF5C214DF20910FAF7C9FF002104
:10AFE0004DF20A10FAF7C4FF81214DF20B10FAF767
:10AFF000BFFF00214DF20C10FAF7BAFFA6214DF267
:10B000000D10FAF7B5FF00214DF20E10FAF7B0FF60
:10B01000E5214DF20F10FAF7ABFF01214DF21010B0
:10B02000FAF7A6FF13214DF21110FAF7A1FF012143
:10B030004DF21210FAF79CFF54214DF21310FAF75B
:10B0400097FF01214DF21410FAF792FF82214DF281
:10B050001510FAF78DFF01214DF21610FAF788FF4F
:10B06000CA214DF21710FAF783FF02214DF2181092
:10B07000FAF77EFF00214DF21910FAF779FF02214D
:10B080004DF21A10FAF774FF01214DF21B10FAF776
:10B090006FFF02214DF21C10FAF76AFF34214DF2C6
:10B0A0001D10FAF765FF02214DF21E10FAF760FF3E
:10B0B00067214DF21F10FAF75BFF02214DF22010BD
:10B0C000FAF756FF84214DF22110FAF751FF0221C1
:10B0D0004DF22210FAF74CFFA4214DF22310FAF79B
:10B0E00047FF02214DF22410FAF742FFB7214DF23B
:10B0F0002510FAF73DFF02214DF22610FAF738FF2E
:10B10000CF214DF22710FAF733FF02214DF228101C
:10B11000FAF72EFFDE214DF22910FAF729FF02215E
:10B120004DF22A10FAF724FFF2214DF22B10FAF714
:10B130001FFF02214DF22C10FAF71AFFFE214DF2EB
:10B140002D10FAF715FF03214DF22E10FAF710FF1C
:10B1500010214DF22F10FAF70BFF03214DF23010A2
:10B16000FAF706FF33214DF23110FAF701FF032100
:10B170004DF23210FAF7FCFE6D214DF23310FAF762
:10B18000F7FE00214FF45240FAF7F2FE33214DF260
:10B190000120FAF7EDFE00214DF20220FAF7E8FE59
:10B1A000342101E0282900204DF20320FAF7E0FEC7
:10B1B00000214DF20420FAF7DBFE3A214DF2052082
:10B1C000FAF7D6FE00214DF20620FAF7D1FE4A2109
:10B1D0004DF20720FAF7CCFE00214DF20820FAF7D5
:10B1E000C7FE5C214DF20920FAF7C2FE00214DF2A4
:10B1F0000A20FAF7BDFE81214DF20B20FAF7B8FEC6
:10B2000000214DF20C20FAF7B3FEA6214DF20D20DD
:10B21000FAF7AEFE00214DF20E20FAF7A9FEE52165
:10B220004DF20F20FAF7A4FE01214DF21020FAF79B
:10B230009FFE13214DF21120FAF79AFE01214DF2E3
:10B240001220FAF795FE54214DF21320FAF790FEE2
:10B2500001214DF21420FAF78BFE82214DF21520C8
:10B26000FAF786FE01214DF21620FAF781FECA2177
:10B270004DF21720FAF77CFE02214DF21820FAF762
:10B2800077FE00214DF21920FAF772FE02214DF2ED
:10B290001A20FAF76DFE01214DF21B20FAF768FE25
:10B2A00002214DF21C20FAF763FE34214DF21D20DD
:10B2B000FAF75EFE02214DF21E20FAF759FE6721D1
:10B2C0004DF21F20FAF754FE02214DF22020FAF72A
:10B2D0004FFE84214DF22120FAF74AFE02214DF261
:10B2E0002220FAF745FEA4214DF22320FAF740FE72
:10B2F00002214DF22420FAF73BFEB7214DF2252022
:10B30000FAF736FE02214DF22620FAF731FECF2160
:10B310004DF22720FAF72CFE02214DF22820FAF7F1
:10B3200027FEDE214DF22920FAF722FE02214DF2FE
:10B330002A20FAF71DFEF2214DF22B20FAF718FE13
:10B3400002214DF22C20FAF713FEFE214DF22D20A2
:10B35000FAF70EFE03214DF22E20FAF709FE102116
:10B360004DF22F20FAF704FE03214DF23020FAF7B8
:10B37000FFFD33214DF23120FAF7FAFD03214DF2A2
:10B380003220FAF7F5FD6D214DF23320FAF7F0FD8A
:10B3900000214FF45340FAF7EBFD33214DF2013019
:10B3A000FAF7E6FD00214DF20230FAF7E1FD342113
:10B3B0004DF20330FAF7DCFD00214DF20430FAF7CC
:10B3C000D7FD3A214DF20530FAF7D2FD00214DF2BA
:10B3D0000630FAF7CDFD4A214DF20730FAF7C8FDE5
:10B3E00000214DF20830FAF7C3FD5C214DF209301F
:10B3F000FAF7BEFD00214DF20A30FAF7B9FD8121BE
:10B400004DF20B30FAF7B4FD00214DF20C30FAF793
:10B41000AFFDA6214DF20D30FAF7AAFD00214DF245
:10B420000E30FAF7A5FDE5214DF20F30FAF7A0FD39
:10B4300001214DF21030FAF79BFD13214DF211302E
:10B44000FAF796FD01214DF21230FAF791FD5421E1
:10B450004DF21330FAF78CFD01214DF21430FAF75A
:10B4600087FD82214DF21530FAF782FD01214DF260
:10B470001630FAF77DFDCA214DF21730FAF778FD44
:10B4800002214DF21830FAF773FD00214DF2193008
:10B49000FAF76EFD02214DF21A30FAF769FD01212B
:10B4A0004DF21B30FAF764FD02214DF21C30FAF721
:10B4B0005FFD34214DF21D30FAF75AFD02214DF2A5
:10B4C0001E30FAF755FD67214DF21F30FAF750FD97
:10B4D00002214DF22030FAF74BFD84214DF221304C
:10B4E000FAF746FD02214DF22230FAF741FDA42180
:10B4F0004DF22330FAF73CFD02214DF22430FAF7E9
:10B5000037FDB7214DF22530FAF732FD02214DF219
:10B510002630FAF72DFDCF214DF22730FAF728FD1E
:10B5200002214DF22830FAF723FDDE214DF22930B9
:10B53000FAF71EFD02214DF22A30FAF719FDF22129
:10B540004DF22B30FAF714FD02214DF22C30FAF7B0
:10B550000FFDFE214DF22D30FAF70AFD03214DF2C9
:10B560002E30FAF705FD10214DF22F30FAF700FDCD
:10B5700003214DF23030FAF7FBFC33214DF231302C
:10B58000FAF7F6FC03214DF23230FAF7F1FC6D21A7
:10B590004DF23330FAF7ECFC00214FF45440FAF747
:10B5A000E7FC33214DF20140FAF7E2FC00214DF2B5
:10B5B0000240FAF7DDFC34214DF20340FAF7D8FCE3
:10B5C00000214DF20440FAF7D3FC3A214DF2054038
:10B5D000FAF7CEFC00214DF20640FAF7C9FC4A21E9
:10B5E0004DF20740FAF7C4FC00214DF20840FAF78B
:10B5F000BFFC5C214DF20940FAF7BAFC00214DF284
:10B600000A40FAF7B5FC81214DF20B40FAF7B0FC85
:10B6100000214DF20C40FAF7ABFCA6214DF20D4093
:10B62000FAF7A6FC00214DF20E40FAF7A1FCE52145
:10B630004DF20F40FAF79CFC01214DF21040FAF751
:10B6400097FC13214DF21140FAF792FC01214DF2C3
:10B650001240FAF78DFC54214DF21340FAF788FCA2
:10B6600001214DF21440FAF783FC82214DF215407E
:10B67000FAF77EFC01214DF21640FAF779FCCA2157
:10B680004DF21740FAF774FC02214DF21840FAF718
:10B690006FFC00214DF21940FAF76AFC02214DF2CD
:10B6A0001A40FAF765FC01214DF21B4000E006E369
:10B6B000FAF75EFC02214DF21C40FAF759FC3421E6
:10B6C0004DF21D40FAF754FC02214DF21E40FAF7EC
:10B6D0004FFC67214DF21F40FAF74AFC02214DF260
:10B6E0002040FAF745FC84214DF22140FAF740FC56
:10B6F00002214DF22240FAF73BFCA4214DF22340F7
:10B70000FAF736FC02214DF22440FAF731FCB7215A
:10B710004DF22540FAF72CFC02214DF22640FAF7B3
:10B7200027FCCF214DF22740FAF722FC02214DF2EF
:10B730002840FAF71DFCDE214DF22940FAF718FCEB
:10B7400002214DF22A40FAF713FCF2214DF22B4070
:10B75000FAF70EFC02214DF22C40FAF709FCFE210B
:10B760004DF22D40FAF704FC03214DF22E40FAF77A
:10B77000FFFB10214DF22F40FAF7FAFB03214DF2A7
:10B780003040FAF7F5FB33214DF23140FAF7F0FB88
:10B7900003214DF23240FAF7EBFB6D214DF23340BD
:10B7A000FAF7E6FB00214FF45540FAF7E1FB3321AD
:10B7B0004DF20150FAF7DCFB00214DF20250FAF78E
:10B7C000D7FB34214DF20350FAF7D2FB00214DF2A2
:10B7D0000450FAF7CDFB3A214DF20550FAF7C8FBB9
:10B7E00000214DF20650FAF7C3FB4A214DF20750F3
:10B7F000FAF7BEFB00214DF20850FAF7B9FB5C21C5
:10B800004DF20950FAF7B4FB00214DF20A50FAF755
:10B81000AFFB81214DF20B50FAF7AAFB00214DF24C
:10B820000C50FAF7A5FBA6214DF20D50FAF7A0FB3C
:10B8300000214DF20E50FAF79BFBE5214DF20F501F
:10B84000FAF796FB01214DF21050FAF791FB132104
:10B850004DF21150FAF78CFB01214DF21250FAF71C
:10B8600087FB54214DF21350FAF782FB01214DF270
:10B870001450FAF77DFB82214DF21550FAF778FB50
:10B8800001214DF21650FAF773FBCA214DF2175001
:10B89000FAF76EFB02214DF21850FAF769FB00210E
:10B8A0004DF21950FAF764FB02214DF21A50FAF7E3
:10B8B0005FFB01214DF21B50FAF75AFB02214DF2BA
:10B8C0001C50FAF755FB34214DF21D50FAF750FB8E
:10B8D00002214DF21E50FAF74BFB67214DF21F502B
:10B8E000FAF746FB02214DF22050FAF741FB842182
:10B8F0004DF22150FAF73CFB02214DF22250FAF7AB
:10B9000037FBA4214DF22350FAF732FB02214DF20E
:10B910002450FAF72DFBB7214DF22550FAF728FBFA
:10B9200002214DF22650FAF723FBCF214DF227508A
:10B93000FAF71EFB02214DF22850FAF719FBDE211F
:10B940004DF22950FAF714FB02214DF22A50FAF772
:10B950000FFBF2214DF22B50FAF70AFB02214DF2B8
:10B960002C50FAF705FBFE214DF22D50FAF700FBA3
:10B9700003214DF22E50FAF7FBFA10214DF22F5011
:10B98000FAF7F6FA03214DF23050FAF7F1FA3321C3
:10B990004DF23150FAF7ECFA03214DF23250FAF73A
:10B9A000E7FA6D214DF23350FAF7E2FA00214FF435
:10B9B0005640FAF7DDFA33214DF20160FAF7D8FA72
:10B9C00000214DF20260FAF7D3FA34214DF2036000
:10B9D000FAF7CEFA00214DF20460FAF7C9FA3A21DB
:10B9E0004DF20560FAF7C4FA00214DF20660FAF74D
:10B9F000BFFA4A214DF20760FAF7BAFA00214DF278
:10BA00000860FAF7B5FA5C214DF20960FAF7B0FA6E
:10BA100000214DF20A60FAF7ABFA81214DF20B607A
:10BA2000FAF7A6FA00214DF20C60FAF7A1FAA62166
:10BA30004DF20D60FAF79CFA00214DF20E60FAF714
:10BA400097FAE5214DF20F60FAF792FA01214DF2D3
:10BA50001060FAF78DFA13214DF21160FAF788FAA7
:10BA600001214DF21260FAF783FA54214DF213606E
:10BA7000FAF77EFA01214DF21460FAF779FA822181
:10BA80004DF21560FAF774FA01214DF21660FAF7DB
:10BA90006FFACA214DF21760FAF76AFA02214DF2E5
:10BAA0001860FAF765FA00214DF21960FAF760FAAA
:10BAB00002214DF21A60FAF75BFA01214DF21B6088
:10BAC000FAF756FA02214DF21C60FAF751FA3421C6
:10BAD0004DF21D60FAF74CFA02214DF21E60FAF7A2
:10BAE00047FA67214DF21F60FAF742FA02214DF240
:10BAF0002060FAF73DFA84214DF22160FAF738FA16
:10BB000002214DF22260FAF733FAA4214DF22360AC
:10BB1000FAF72EFA02214DF22460FAF729FAB7213A
:10BB20004DF22560FAF724FA02214DF22660FAF769
:10BB30001FFACF214DF22760FAF71AFA02214DF2CF
:10BB40002860FAF715FADE214DF22960FAF710FAAB
:10BB500002214DF22A60FAF70BFAF2214DF22B6026
:10BB6000FAF706FA02214DF22C60FAF701FAFE21EB
:10BB70004DF22D60FAF7FCF903214DF22E60FAF731
:10BB8000F7F910214DF22F60FAF7F2F903214DF287
:10BB90003060FAF7EDF933214DF23160FAF7E8F948
:10BBA00003214DF23260FAF7E3F96D214DF2336073
:10BBB000FAF7DEF955214FF47040FAF7D9F9AA21C6
:10BBC0004FF20100FAF7D4F952214FF20200FAF7CE
:10BBD000CFF908214FF20300FAF7CAF900214FF21A
:10BBE0000400FAF7C5F9CC214FF43140FAF7C0F957
:10BBF00000214BF20110FAF7BBF905214FF4364052
:10BC0000FAF7B6F970214FF43740FAF7B1F970211D
:10BC10004BF20170FAF7ACF901214FF43840FAF712
:10BC2000A7F903214BF60100FAF7A2F903214BF61D
:10BC30000200FAF79DF903214BF60300FAF798F991
:10BC400002214FF43C40FAF793F900214BF60140F2
:10BC5000FAF78EF900214BF60240FAF789F9D02164
:10BC60004FF44940FAF784F902214CF60110FAF733
:10BC70007FF950214CF60210FAF77AF950214CF670
:10BC80000310FAF775F950214CF60410FAF770F921
:10BC900000214FF45450FAF76BF955214FF46850D6
:10BCA000FAF766F94FF48850FAF74CF9782008F063
:10BCB000ABF84FF42450FAF745F901F09DB8FE486F
:10BCC000808849F2253188427ED147F6F001E5208F
:10BCD000FAF74EF94FF480710120FAF749F94FF461
:10BCE000E0610220FAF744F941F230010320FAF74B
:10BCF0003FF900210420FAF73BF940F20221082025
:10BD0000FAF736F900210920FAF732F900210A2062
:10BD1000FAF72EF900210C20FAF72AF900210D205C
:10BD2000FAF726F900210F20FAF722F90021102056
:10BD3000FAF71EF907211120FAF71AF9002112204B
:10BD4000FAF716F900211320FAF712F9002107205B
:10BD5000FAF70EF941F290611020FAF709F940F272
:10BD600027211120FAF704F99D211220FAF700F992
:10BD70004FF4C8511320FAF7FBF825212920FAF7D0
:10BD8000F7F80D212B20FAF7F3F807213020FAF706
:10BD9000EFF840F203313120FAF7EAF803213220BC
:10BDA000FAF7E6F840F206213520FAF7E1F8082123
:10BDB0003620FAF7DDF840F206413720FAF7D8F8D6
:10BDC0004FF44171382000E057E0FAF7D1F807212D
:10BDD0003920FAF7CDF840F202613C20FAF7C8F8B2
:10BDE00008213D20FAF7C4F800215020FAF7C0F8E6
:10BDF000EF215120FAF7BCF800215220FAF7B8F8E9
:10BE000040F23F115320FAF7B3F84FF42741602076
:10BE1000FAF7AEF801216120FAF7AAF800216A20AA
:10BE2000FAF7A6F800218020FAF7A2F80021812075
:10BE3000FAF79EF800218220FAF79AF80021832071
:10BE4000FAF796F800218420FAF792F8002185206D
:10BE5000FAF78EF810219020FAF78AF84FF4C061B3
:10BE60009220FAF785F840F233110720FAF780F8AC
:10BE700022210020FAF77CF81FE78F48808849F2DA
:10BE8000283188427ED141F28F01EC20FAF770F818
:10BE900041F23421EF20FAF76BF84FF48071012062
:10BEA000FAF766F84FF4E0610220FAF761F841F220
:10BEB00030010320FAF75CF800210420FAF758F863
:10BEC00040F202210820FAF753F800210920FAF77E
:10BED0004FF800210A20FAF74BF801210C20FAF75D
:10BEE00047F800210D20FAF743F800210F20FAF758
:10BEF0003FF800211020FAF73BF807211120FAF74C
:10BF000037F800211220FAF733F800211320FAF74E
:10BF10002FF801210720FAF72BF8322007F04CFF09
:10BF200041F290411020FAF723F840F22721112026
:10BF3000FAF71EF8322007F03FFF8A211220FAF7A5
:10BF400017F8322007F038FF4FF4D0511320FAF7DA
:10BF50000FF806212920FAF70BF80D212B20FAF70C
:10BF600007F8322007F028FF00212020FAF700F818
:10BF700000212120F9F7FCFF322007F01DFF0021EE
:10BF8000302000E074E0F9F7F3FF40F20461312063
:10BF9000F9F7EEFF40F205313220F9F7E9FF002111
:10BFA0003520F9F7E5FF40F609413620F9F7E0FFC3
:10BFB0004FF401713720F9F7DBFF40F201313820EF
:10BFC000F9F7D6FF40F207713920F9F7D1FF0021C8
:10BFD0003C20F9F7CDFF40F60A213D20F9F7C8FFD4
:10BFE000322007F0E9FE00215020F9F7C1FFEF21D0
:10BFF0005120F9F7BDFF00215220F9F7B9FF40F2B7
:10C000003F115320F9F7B4FF4FF427416020F9F7AF
:10C01000AFFF01216120F9F7ABFF00216A20F9F79A
:10C02000A7FF00218020F9F7A3FF00218120F9F765
:10C030009FFF00218220F9F79BFF00218320F9F761
:10C0400097FF00218420F9F793FF00218520F9F75D
:10C050008FFF10219020F9F78BFF4FF4C0619220E1
:10C06000F9F786FF40F233110720F9F781FF24E644
:10C070001148808849F2203188427DD1002108464C
:10C08000F9F776FF4FF480710120F9F771FF4FF453
:10C09000E0610220F9F76CFF41F230010320F9F76B
:10C0A00067FF00210420F9F763FF40F20221082016
:10C0B000F9F75EFF002101E0282900200920F9F7A7
:10C0C00057FF00210A20F9F753FF01210C20F9F74F
:10C0D0004FFF00210D20F9F74BFF00210F20F9F74A
:10C0E00047FF322007F068FE40F201110720F9F700
:10C0F0003FFF322007F060FE4FF486511020F9F721
:10C1000037FF07211120F9F733FF4FF48871122010
:10C11000F9F72EFF4FF430611320F9F729FF0021C2
:10C120002920F9F725FF44F210012B20F9F720FF11
:10C1300000215020F9F71CFFEF215120F9F718FFDB
:10C1400000215220F9F714FF40F23F115320F9F774
:10C150000FFF4FF41C516020F9F70AFF0121612005
:10C16000F9F706FF00216A20F9F702FF002180207D
:10C17000F9F7FEFE002100E031E08120F9F7F8FE3A
:10C1800000218220F9F7F4FE00218320F9F7F0FE68
:10C1900000218420F9F7ECFE00218520F9F7E8FE64
:10C1A00010219020F9F7E4FE00219220F9F7E0FE3B
:10C1B00001219320F9F7DCFE4FF488719520F9F7FF
:10C1C000D7FE00219720F9F7D3FE00219820F9F738
:10C1D000CFFE40F273110720F9F7CAFE6DE5FE4865
:10C1E000808849F2313188427DD141F21401E72043
:10C1F000F9F7BEFE4FF480710120F9F7B9FE4FF454
:10C2000000710220F9F7B4FE41F238010320F9F77A
:10C21000AFFE40F202210820F9F7AAFE0021092012
:10C22000F9F7A6FE00210A20F9F7A2FE00210C2052
:10C23000F9F79EFE00210D20F9F79AFE00210F204C
:10C24000F9F796FE00211020F9F792FE0721112040
:10C25000F9F78EFE00211220F9F78AFE0021132043
:10C26000F9F786FEC82007F0A7FD41F29061102083
:10C27000F9F77EFE40F227211120F9F779FE3220EE
:10C2800007F09AFD0C211220F9F772FE322007F018
:10C2900093FD4FF400611320F9F76AFE1121292064
:10C2A000F9F766FE0B212B20F9F762FE322007F02A
:10C2B00083FD00212020F9F75BFE40F23F11212091
:10C2C000F9F756FE00213020F9F752FE4FF4837142
:10C2D0003120F9F74DFE00213220F9F749FE4FF4E5
:10C2E0000171352000E064E0F9F742FE41F20A6195
:10C2F0003620F9F73DFE40F207713720F9F738FE96
:10C300004FF483713820F9F733FE40F2077139207A
:10C31000F9F72EFE40F202413C20F9F729FE40F6E3
:10C320000F413D20F9F724FE00215020F9F720FEAF
:10C33000EF215120F9F71CFE00215220F9F718FED9
:10C3400040F23F115320F9F713FE4FF41C516020C7
:10C35000F9F70EFE01216120F9F70AFE00216A209B
:10C36000F9F706FE00218020F9F702FE0021812066
:10C37000F9F7FEFD00218220F9F7FAFD0021832064
:10C38000F9F7F6FD00218420F9F7F2FD0021852060
:10C39000F9F7EEFD10219020F9F7EAFD4FF4C061A6
:10C3A0009220F9F7E5FD40F233110720F9F7E0FD9F
:10C3B00083E48948808845F2084188427ED14FF461
:10C3C00080710120F9F7D4FD4FF4E0610220F9F704
:10C3D000CFFD41F230010320F9F7CAFD002104200E
:10C3E000F9F7C6FD40F207210820F9F7C1FD002149
:10C3F0000920F9F7BDFD00210A20F9F7B9FD002158
:10C400000C20F9F7B5FD00210D20F9F7B1FD002151
:10C410000F20F9F7ADFD142007F0CEFC41F2B0611A
:10C420001020F9F7A5FD01211120F9F7A1FD012147
:10C430001720F9F79DFD4FF49C711220F9F798FD34
:10C440004FF400611320F9F793FD09212920F9F732
:10C450008FFD09212A20F9F78BFD0021A420F9F78F
:10C4600087FD00215020F9F783FDEF215120F9F7D6
:10C470007FFD00215220F9F77BFD40F23F11532050
:10C48000F9F776FD4FF41C516020F9F771FD012199
:10C490006120F9F76DFD00216A20F9F769FD00219F
:10C4A0008020F9F765FD00218120F9F761FD002169
:10C4B0008220F9F75DFD0021832000E023E0F9F7F9
:10C4C00057FD00218420F9F753FD00218520F9F75D
:10C4D0004FFD13219020F9F74BFD00219220F9F731
:10C4E00047FD03219320F9F743FD4FF48871952010
:10C4F000F9F73EFD40F273110720F9F739FD3220BC
:10C5000007F05AFCB8E43448808841F2055188426B
:10C510007ED100210720F9F72BFD322007F04CFCDB
:10C520004FF48E711220F9F723FD0121A420F9F7B1
:10C530001FFD0F210820F9F71BFD08210A20F9F73C
:10C5400017FD08210D20F9F713FD40F20771302087
:10C55000F9F70EFD07213120F9F70AFD40F20361DA
:10C560003220F9F705FD4FF4E0613320F9F700FDC3
:10C5700040F202213420F9F7FBFC02213520F9F7C3
:10C58000F7FC41F60F713620F9F7F2FC40F2077123
:10C590003720F9F7EDFC00213820F9F7E9FC0021FC
:10C5A0003920F9F7E5FC40F207713A20F9F7E0FC91
:10C5B00000213B20F9F7DCFC07213C20F9F7D8FCEF
:10C5C00000213D20F9F7D4FC322007F0F5FB0121D2
:10C5D0000720F9F7CDFC01E02829002001211720D0
:10C5E000F9F7C6FC322007F0E7FB4FF4BD511020ED
:10C5F000F9F7BEFC40F217211120F9F7B9FC4FF40E
:10C600008F711220F9F7B4FC4FF47061132000E031
:10C6100097E0F9F7ADFC00212A20F9F7A9FC0A21DF
:10C620002920F9F7A5FC4FF49F711220F9F7A0FC1F
:10C6300000215020F9F79CFCEF215120F9F798FCDC
:10C6400000215220F9F794FC40F23F115320F9F7F2
:10C650008FFC4FF41C516020F9F78AFC0121612006
:10C66000F9F786FC00216A20F9F782FC002180207E
:10C67000F9F77EFC00218120F9F77AFC0021822065
:10C68000F9F776FC00218320F9F772FC0021842061
:10C69000F9F76EFC00218520F9F76AFC1321902040
:10C6A000F9F766FC4FF440719220F9F761FC05211F
:10C6B0009320F9F75DFC00219520F9F759FC002142
:10C6C0009720F9F755FC00219820F9F751FC4FF419
:10C6D00080710120F9F74CFC4FF4E0610220F9F77A
:10C6E00047FC41F238010320F9F742FC0021042005
:10C6F000F9F73EFC00210C20F9F73AFC00210F204D
:10C70000F9F736FC00212020F9F732FC0021212026
:10C71000F9F72EFC21210720F9F72AFC142007F055
:10C720004BFB61210720F9F723FC142007F044FBA1
:10C7300040F273110720F9F71BFC142007F03CFBB3
:10C740005AE3FE4880884BF2055188427ED1002191
:10C750000846F9F70DFC00210846F9F709FC00210D
:10C760000846F9F705FC00210846F9F701FC01210C
:10C77000A420F9F7FDFB142007F01EFB4FF41C5119
:10C780006020F9F7F5FB40F202210820F9F7F0FBF1
:10C790004FF405713020F9F7EBFB43F215713120AE
:10C7A000F9F7E6FB40F204613220F9F7E1FB40F6CD
:10C7B00016613320F9F7DCFB42F211213420F9F73E
:10C7C000D7FB4FF4A8513520F9F7D2FB48F20751B7
:10C7D0003620F9F7CDFB41F207413720F9F7C8FBC6
:10C7E00041F203413820F9F7C3FB20213920F9F742
:10C7F000BFFB1A219020F9F7BBFB00211020F9F7AD
:10C80000B7FB07211120F9F7B3FB00211220F9F73C
:10C81000AFFB00211320F9F7ABFB142007F0CCFA93
:10C820004FF4E6611020F9F7A3FB40F23711112015
:10C83000F9F79EFB142007F0BFFA4FF4DC711220C9
:10C84000F9F796FB142007F0B7FA00E083E04FF405
:10C8500070611320F9F78CFB80212A20F9F788FBFF
:10C8600048212920F9F784FB142007F0A5FA4FF49A
:10C8700080710120F9F77CFB4FF4E0610220F9F7A9
:10C8800077FB41F238010320F9F772FB40F20221F5
:10C890000820F9F76DFB00210A20F9F769FB002158
:10C8A0000C20F9F765FB00210D20F9F761FB302121
:10C8B0000E20F9F75DFB00215020F9F759FBEF211D
:10C8C0005120F9F755FB00215220F9F751FB40F2B6
:10C8D0003F115320F9F74CFB4FF41C516020F9F73E
:10C8E00047FB01216120F9F743FB00216A20F9F79A
:10C8F0003FFB11219020F9F73BFB4FF4C0619220E0
:10C90000F9F736FB40F202419320F9F731FB02219F
:10C910009420F9F72DFB142007F04EFA012107208F
:10C92000F9F726FB142007F047FA61210720F9F7F1
:10C930001FFB40F273110720F9F71AFB002120209A
:10C94000F9F716FB00212120F9F712FB2221002024
:10C95000F9F70EFB50E2794880884CF20551884285
:10C960007ED100210846F9F703FB00210846F9F7BC
:10C97000FFFA142007F020FA00210846F9F7F8FA28
:10C9800000210846F9F7F4FA00210846F9F7F0FA11
:10C9900000210846F9F7ECFA0121A420F9F7E8FA9A
:10C9A000142007F009FA4FF41C516020F9F7E0FA5F
:10C9B00040F606010820F9F7DBFA40F20371302057
:10C9C000F9F7D6FA01213120F9F7D2FA0421322001
:10C9D000F9F7CEFA4FF481713320F9F7C9FA4FF421
:10C9E00040713420F9F7C4FA40F203113520F9F709
:10C9F000BFFA1F213620F9F7BBFA40F20371372046
:10CA0000F9F7B6FA01213820F9F7B2FA04213920F2
:10CA1000F9F7AEFA15219020F9F7AAFA4FF48261DE
:10CA20001020F9F7A5FA40F247211120F9F7A0FAF2
:10CA30004FF4DE711220F9F79BFA4FF46061132076
:10CA4000F9F796FA782007F0B7F94FF480710120D2
:10CA5000F9F78EFA4FF400710220F9F789FA00E035
:10CA600050E041F230010320F9F782FA08210A2050
:10CA7000F9F77EFA00210C20F9F77AFA20210E202E
:10CA8000F9F776FA00210F20F9F772FA0021202039
:10CA9000F9F76EFA00212120F9F76AFA3D212A20E0
:10CAA000F9F766FA142007F087F92D212920F9F704
:10CAB0005FFA00215020F9F75BFA4DF2EF015120A7
:10CAC000F9F756FA00215220F9F752FA40F23F11D5
:10CAD0005320F9F74DFA00216120F9F749FA0021B6
:10CAE0006A20F9F745FA4FF440719220F9F740FABD
:10CAF00005219320F9F73CFA4FF480710720F9F7EC
:10CB000037FA79E10D48808844F2315188427CD16E
:10CB100001210020F9F72CFA0A2007F04DF941F223
:10CB200028611020F9F724FA0E211220F9F720FAD3
:10CB300040F639211320F9F71BFA01E028290020DB
:10CB40000A2007F039F940211120F9F711FA502194
:10CB50001520F9F70DFA0A2007F02EF91E211220F0
:10CB6000F9F706FA0A2007F027F94FF4B15110201F
:10CB7000F9F7FEF942F639211320F9F7F9F90A20FD
:10CB800007F01AF94FF480710120F9F7F1F94FF429
:10CB900040710220F9F7ECF941F238010320F9F76E
:10CBA000E7F940F202210820F9F7E2F908210A200A
:10CBB000F9F7DEF900213020F9F7DAF940F2024105
:10CBC0003120F9F7D5F94FF483713220F9F7D0F914
:10CBD00040F203513320F9F7CBF94FF4827134203E
:10CBE000F9F7C6F940F201313520F9F7C1F940F201
:10CBF00007713620F9F7BCF940F205313720F9F713
:10CC0000B7F94FF40271382000E040E0F9F7B0F9CD
:10CC100040F60B713920F9F7ABF902214120F9F701
:10CC2000A7F94FF41C516020F9F7A2F90121612006
:10CC3000F9F79EF94FF404719020F9F799F94FF440
:10CC400085719220F9F794F904219320F9F790F96E
:10CC50004FF48071A020F9F78BF901210720F9F733
:10CC600087F921210720F9F783F923210720F9F714
:10CC70007FF933210720F9F77BF940F233110720C0
:10CC8000F9F776F90021A020F9F772F9B4E06048CD
:10CC9000808844F235518842F8D130211520F9F7C7
:10CCA00067F910219A20F9F763F920211120F9F78B
:10CCB0005FF943F228411020F9F75AF902211220B6
:10CCC000F9F756F941F238011320F9F751F9282004
:10CCD00007F072F812210846F9F74AF9282007F000
:10CCE0006BF843F220411020F9F742F943F2380182
:10CCF0001320F9F73DF9462007F05EF800213020B7
:10CD0000F9F736F940F202413120F9F731F940F2F2
:10CD100007313220F9F72CF94FF441713320F9F73C
:10CD200027F904213420F9F723F940F20141352095
:10CD3000F9F71EF940F207713620F9F719F940F2B8
:10CD400005313720F9F714F94FF4C2613820F9F7AB
:10CD50000FF94FF4C2613920F9F70AF94FF48071E5
:10CD60000120F9F705F94FF440710220F9F700F9B5
:10CD700041F230010320F9F7FBF840F608010820E2
:10CD8000F9F7F6F808210A20F9F7F2F84FF41C51E8
:10CD90006020F9F7EDF801216120F9F7E9F84FF487
:10CDA0009F719020F9F7E4F84FF480719220F9F721
:10CDB000DFF84FF480719320F9F7DAF84FF440511F
:10CDC000A020F9F7D5F81021A320F9F7D1F8012117
:10CDD0000720F9F7CDF821210720F9F7C9F8232119
:10CDE0000720F9F7C5F833210720F9F7C1F840F219
:10CDF00033110720F9F7BCF80120F7F7B1FE012045
:10CE0000044908604FF6FF70F7F766FE21B000BDD9
:10CE1000282900208482404210B50121034800F0F7
:10CE20001AF80121014800F013F810BD0004004079
:10CE300010B50121054800F00EF8012805D10121A7
:10CE4000024800F005F8F6F7FFFB10BD00080040AF
:10CE5000CA430282704730B50246002000230024F6
:10CE6000158A05EA0103958905EA010413B10CB19D
:10CE7000012000E0002030BD2DE9FC5F04460D4696
:10CE800017461E46DDE90EABDDE90C894FF478400C
:10CE90005749088057A01021CDE900105648438813
:10CEA0000288A0212820F8F7FBFF54A01021CDE92B
:10CEB0000010514843880288A0217820F8F7F0FF3D
:10CEC0004FA01021CDE900104B4843880288B421BF
:10CED0002820F8F7E5FF4BA01021CDE900104648C7
:10CEE00043880288B4217820F8F7DAFF46A01021A1
:10CEF000CDE90010404843880288C8212820F8F76F
:10CF0000CFFF42A01021CDE900103B4843880288A2
:10CF1000C8217820F8F7C4FF3DA01021CDE900100A
:10CF2000354843880288DC212820F8F7B9FF39A06A
:10CF30001021CDE90010304843880288DC21782098
:10CF4000F8F7AEFF34A01021CDE900102A4843883D
:10CF50000288F0212820F8F7A3FF1020042322469E
:10CF6000A02100904020F8F751FF102004232A460A
:10CF7000A02100909020F8F749FF102004233A46A2
:10CF8000B42100904020F8F741FF102004233246DE
:10CF9000B42100909020F8F739FF10200423424676
:10CFA000C82100904020F8F731FF102004234A46A2
:10CFB000C82100909020F8F729FF10200423524642
:10CFC000DC2100904020F8F721FF102004235A466E
:10CFD000DC2100909020F8F719FF102000900648FF
:10CFE000018803236020109AF8F710FFBDE8FC9F2A
:10CFF0000000002078313A002829002079313A00D9
:10D0000078323A0079323A0078333A0079333A008C
:10D0100078343A0079343A006661632069733A00E3
:10D0200000B597B0002012900B9012901F21FE487F
:10D0300001804FF6FF70FD490880F7F74DFD4FF472
:10D040007841F94801804FF6FF70F7F745FD002061
:10D05000F5490880F648006810216423A022CDE934
:10D06000001028210846F8F71BFF4FF478421421DE
:10D07000084600F04BFC0021EE4880F820109FEDA0
:10D08000EE0A80ED090A49E2EA4840680A90012068
:10D090000A998847E74890F8200000F0C00040282F
:10D0A00070D100200B90E34890F8200020F0400061
:10D0B000E04981F820000846828913A9129821F8D6
:10D0C0002020DC48C18A13AA129802EB800041801C
:10D0D0001298401CC0B212901298012806D0022863
:10D0E00015D0032829D0042810D141E04FF6FF7253
:10D0F0001421084600F00AFCD0480088143880B299
:10D100004FF4784214210A9000F000FCE8E3CB4889
:10D110000088143880B24FF6FF7214210A9000F094
:10D12000F5FBC6484088143880B24FF47842014677
:10D130000A90142000F0EAFBD2E3C048408814387B
:10D1400080B24FF6FF7201460A90142000F0DEFB19
:10D15000BA484088143880B20A90B8480088143819
:10D1600080B24FF4784209900A9900F0CFFBB7E300
:10D17000BDF84C10BDF85000081A0A90002802DBD8
:10D180000A9802E0ADE30A9840420F90BDF84E10B5
:10D1900013A8C088081A0A90002801DB0A9801E049
:10D1A0000A9840420E900F9840430F900E984043CB
:10D1B0000E90DDE90E100844059007F0F3FCCDE970
:10D1C00006019DED060B06F0ABFC8DED080B9DED09
:10D1D000080B51EC100B07F0A1FC80B21190BDF8C8
:10D1E0005400BDF85810401A0A90002801DB0A9834
:10D1F00001E00A9840420F9013A84189C089081A9B
:10D200000A90002801DB0A9801E00A9840420E903B
:10D210000F9840430F900E9840430E90DDE90E109A
:10D220000844059007F0BEFCCDE906019DED060B14
:10D2300006F076FC8DED080B9DED080B51EC100B04
:10D2400007F06CFC80B210909DED110AF8EE400AD8
:10D250009DED100AB8EE401A80EE810A8DED0A0AA3
:10D260000A9807F0E5FFCDE90C019FED750B53EC33
:10D27000102B9DED0C0B51EC100B07F0A7FC0ED3FF
:10D280009FED710B53EC102B9DED0C0B51EC100B23
:10D2900007F0D6FD03D3119808B11098F0BB002019
:10D2A000129066484088143880B20A90634800881B
:10D2B000143880B24FF6FF7209900A9900F026FBED
:10D2C0004FF478421421084600F020FB9FED600BDC
:10D2D00053EC102B9DED0C0B51EC100B07F0B2FC36
:10D2E000CDE908019DED080B51EC100B07F016FC81
:10D2F00080B213A90A90C989BDF8582013AB5B8985
:10D30000CDE90132CDE90310BDF85400009013A817
:10D31000C0880990BDF85000089000E00AE0BDF810
:10D320004E000790BDF84C00069007A90EC9FFF704
:10D33000A3FDE5E2BDF84C10BDF85400081A0A90B0
:10D34000002801DB0A9801E00A9840420F90BDF8DE
:10D350004E1013A84089081A0A90002801DB0A9889
:10D3600001E00A9840420E900F9840430F900E98AB
:10D3700040430E90DDE90E100844059007F012FCC2
:10D38000CDE906019DED060B06F0CAFB8DED080BFD
:10D390009DED080B51EC100B07F0C0FB80B2119013
:10D3A000BDF85000BDF85810401A0A90002801DB63
:10D3B0000A9801E00A9840420F9013A8C188C089DA
:10D3C000081A0A90002801DB0A9801E00A984042F6
:10D3D0000E900F9840430F900E9840430E90DDE959
:10D3E0000E100844059007F0DDFBCDE906019DED28
:10D3F000060B06F095FB8DED080B9DED080B51EC2F
:10D40000100B07F08BFB80B210909DED110AF8EE27
:10D41000400A9DED100AB8EE401A80EE810A8DEDAB
:10D420000A0A0A9818E0000000000020020000200C
:10D4300048000020080000200000000028290020EB
:10D44000666666666666EE3FCDCCCCCCCCCCF03F53
:10D45000000000000000594007F0EAFECDE90C0191
:10D460001FED090B53EC102B9DED0C0B51EC100B29
:10D4700007F0ACFB0AD31FED0C0B53EC102B9DED0A
:10D480000C0B51EC100B07F0DBFC48D20020129083
:10D49000FE484088143880B20A90FC48008814384E
:10D4A00080B24FF6FF7209900A9900F02FFA4FF4FC
:10D4B00078421421084600F029FA1FED1B0B53ECAB
:10D4C000102B9DED0C0B51EC100B07F0BBFBCDE9C5
:10D4D00008019DED080B51EC100B07F01FFB80B20B
:10D4E00013A90A90CA89BDF8581013AB5B89CDE91E
:10D4F0000131CDE90320BDF85400009013A8C08885
:10D500000990BDF850000890BDF84E000790BDF896
:10D510004C00069007A90EC9FFF7AEFCF0E1BDF87C
:10D520005000BDF85410401A0A90002801DB0A98F8
:10D5300001E00A9840420F9013A8C1884089081A58
:10D540000A90002801DB0A9801E00A9840420E90F8
:10D550000F9840430F900E9840430E90DDE90E1057
:10D560000844059007F01EFBCDE906019DED060B72
:10D5700006F0D6FA8DED080B9DED080B51EC100B63
:10D5800007F0CCFA80B21190BDF84C00BDF85810ED
:10D59000401A0A90002801DB0A9801E00A984042EC
:10D5A0000F90BDF84E1013A8C089081A0A900028E1
:10D5B00001DB0A9801E00A9840420E900F98404320
:10D5C0000F900E9840430E90DDE90E100844059030
:10D5D00007F0E8FACDE906019DED060B06F0A0FA8A
:10D5E0008DED080B9DED080B51EC100B07F096FA32
:10D5F00080B210909DED110AF8EE400A9DED100AE0
:10D60000B8EE401A80EE810A8DED0A0A0A9807F0FA
:10D610000FFECDE90C011FED760B53EC102B9DEDA9
:10D620000C0B51EC100B07F0D1FA0AD31FED7A0B5B
:10D6300053EC102B9DED0C0B51EC100B07F000FC84
:10D6400049D20020129091484088143880B20A9044
:10D650008E480088143880B24FF6FF7209900A99FC
:10D6600000F054F94FF478421421084600F04EF9C6
:10D670001FED890B53EC102B9DED0C0B51EC100B97
:10D6800007F0E0FACDE908019DED080B51EC100B15
:10D6900007F044FA80B202460A9013A8C089BDF888
:10D6A000581013AB5B89CDE90131CDE90302BDF818
:10D6B0005400009013A8C0880990BDF8500008904D
:10D6C000BDF84E000790BDF84C00069007A90EC9A2
:10D6D000FFF7D2FB14E1BDF85000BDF84C10401A22
:10D6E00000EE100AF8EEC00A68480088283800EEFC
:10D6F000100AB8EEC00A80EE201A654880ED091ABB
:10D70000BDF85000BDF84C10084400EE100AF8EEC9
:10D71000C00A5E48008800EE100AB8EE400A5C4875
:10D7200090ED091A01EE600AF0EE000A80EE201A70
:10D7300080ED0B1A13A84089BDF84E10401A00EE78
:10D74000100AF8EEC00A51484088283800EE100A46
:10D75000B8EEC00A80EE201A4D4880ED0A1A13A8D0
:10D760004089BDF84E10084400EE100AF8EEC00AD9
:10D770004648408800EE100AB8EE400A444890ED52
:10D780000A1A01EE600AF0EE000A80EE201A80ED1F
:10D790000C1A90ED090ABDEEC00A8DED090A099830
:10D7A000002801DB099801E00998404202280FDCBB
:10D7B000374890ED0A0ABDEEC00A8DED0A0A0A98B4
:10D7C000002801DB0A9801E00A984042022842DD65
:10D7D000002012902D484088143880B20A902B48BF
:10D7E0000088143880B24FF6FF7209900A9900F051
:10D7F0008DF84FF478421421084600F087F825A0F0
:10D800001021CDE90010214840880A901F48008867
:10D81000099002461A2128200A9BF8F741FB1C4870
:10D8200090F8340008B9012000E00020184981F880
:10D830003400084690F8340030B190201A4908703E
:10D84000D0201A49087005E0D020174908709020B0
:10D850001649087054E01F21154801804FF6FF70EB
:10D86000F7F73AF913A01021CDE9001007484088D6
:10D870000A9006480088099002466E2123200A9BE0
:10D88000F8F70EFB4FF47A7020E000002829002002
:10D89000080000205450204E656564207265616464
:10D8A0006A757374210000004000002041000020D0
:10D8B00000000020546F7563682053637265656EC5
:10D8C0002041646A757374204F4B210006F074FA8E
:10D8D00000F030FA4FF6FF70F7F7FEF817B000BD12
:10D8E00000BF0A2006F068FA0B98401C80B20B902B
:10D8F0000B98B0F57A7F02DD00F040F802E000BF3F
:10D90000FFF7C2BB00BF00BFE8E7000070B50446E8
:10D910000D4616461848068004F10D018AB21939E1
:10D9200088B22B462946F7F703FB05F10D0083B2B9
:10D93000193881B222462046F7F7FAFA6A1C91B2EA
:10D94000621C90B2F7F780FB6A1C91B2621E90B223
:10D95000F7F77AFB6A1E91B2621C90B2F7F774FB7C
:10D960006A1E91B2621E90B2F7F76EFB062229463C
:10D970002046F3F704FC70BD0000002010B586B00F
:10D9800018220021684600F023FC9DF80E400A2C66
:10D990004CD1274800990160046800EE104AB8EEA7
:10D9A000C00ADFED240A80EE201A234880ED091A10
:10D9B0001F4801990160046800EE104AB8EEC00AE1
:10D9C000DFED1C0A80EE201A1B4880ED0A1A184869
:10D9D00002990160046800EE104AB8EEC00A1648C9
:10D9E00080ED0B0A124803990160046800EE104AAA
:10D9F000B8EEC00A104880ED0C0A9DF80D000E49E3
:10DA000081F83400084690F8340030B190200B497A
:10DA10000870D0200A49087005E0D0200749087036
:10DA2000902007490870012006B010BD0020FBE7D8
:10DA30004400002020BCBE4C080000204000002014
:10DA4000410000201CB53748808845F210518842BB
:10DA500018D1F9F78DFE344834494860084690F8EB
:10DA6000340040F0800081F83400084690F834001B
:10DA70002C49897901F0010108432C4981F83400CF
:10DA800000201CBD01212620F9F736FF4FF480400D
:10DA9000009000208DF804008DF8060003208DF81A
:10DAA000050001208DF8070069462148F4F702F8C7
:10DAB0002020009000208DF804008DF8060003203F
:10DAC0008DF8050001208DF8070069461948F3F725
:10DAD000F1FF4FF43040009001208DF804006946BA
:10DAE0001348F3F7E7FF11491631A1F10A0000F0DE
:10DAF000A9F80E491631A1F10A0000F0A3F8FFF7CA
:10DB00003DFF08B10020BCE70B480088F6F7E4FFB2
:10DB1000FFF786FA00F00EF9FFF730FF00BF012093
:10DB2000AFE7000028290020F908000808000020BD
:10DB300000040240000802400200002070B50646C2
:10DB40000025002400201F4908601F49C1F8BC02BD
:10DB50001C49091F0860304600F0A6F9062006F0AF
:10DB600053F900201849C1F8B402012006F04CF91D
:10DB700001201449086006F047F900201249C1F855
:10DB8000B40200BF15E04FF6FF7000EA4404002025
:10DB90000C490860012006F037F901200A49C1F854
:10DBA000B40208487C38006808B1601C84B2681C64
:10DBB000C5B2102DE7DB241101200249091F0860BE
:10DBC000204670BDB4824042008040422DE9FE43B1
:10DBD00080460027002406E04046FFF7AFFF2DF8FF
:10DBE0001400601C84B2052CF6DB002416E0601CD7
:10DBF00085B20FE03DF814003DF81510884207DDAE
:10DC00003DF814603DF815002DF814002DF815604E
:10DC1000681C85B2052DEDDB601C84B2042CE6DBAC
:10DC20000027012405E03DF81400384487B2601C49
:10DC300084B2042CF7DB032097FBF0F086B2304669
:10DC4000BDE8FE832DE9F04104460D460748007803
:10DC5000FFF7BCFF064606480078FFF7B7FF074608
:10DC600026802F800120BDE8F081000040000020C8
:10DC7000410000207FB504460D4602A903A8FFF726
:10DC8000E1FF064616B9002004B070BD694601A840
:10DC9000FFF7D8FF06460EB90020F5E7BDF80400EF
:10DCA000BDF80C10884206DCBDF80C10BDF804006D
:10DCB000323081420CDBBDF80C00BDF80410884204
:10DCC00036DCBDF80410BDF80C00323081422FDA8A
:10DCD000BDF80000BDF80810884206DCBDF8081049
:10DCE000BDF80000323081420CDBBDF80800BDF801
:10DCF000001088421CDCBDF80010BDF8080032306E
:10DD0000814215DABDF80C10BDF80420881800EB2C
:10DD1000D071C1F34F012180BDF80810BDF800207B
:10DD2000881800EBD071C1F34F0129800120ABE7C7
:10DD30000020A9E700B587B01F4890ED090ADFED84
:10DD40001F0A20EE200ABDEEC00A1D4880ED000A21
:10DD500000680190184890ED0A0ADFED180A20EEDD
:10DD6000200ABDEEC00A164880ED000A0068029045
:10DD7000114890ED0B0ABDEEC00A114880ED000A73
:10DD8000006803900C4890ED0C0ABDEEC00A0C48E8
:10DD900080ED000A00680490074890F834008DF880
:10DDA00011000A208DF812001822002101A800F0AD
:10DDB0007BFA07B000BD00000800002020BCBE4C6C
:10DDC0004400002010B5044635480068002843D1BF
:10DDD0002CB13449A1F10A00FFF74CFF2AE0314988
:10DDE000A1F10A00FFF746FF20B32E48163890ED48
:10DDF0000B0A90ED091A808900EE900AF8EE600A8D
:10DE000001EE200ABCEEC00A10EE100A25491639B0
:10DE10008881084690ED0C0A90ED0A1AC08A00EE3F
:10DE2000900AF8EE600A01EE200ABCEEC00A10EE7D
:10DE3000100AC8821B48163890F8200000F08000B5
:10DE400038BBC0201749163981F82000084681895F
:10DE50008182C18AC1831CE01248163890F82000E4
:10DE600000F0800050B10F48163890F8200020F0E4
:10DE700080000C49163981F820000AE00021094889
:10DE800016388182C1834FF6FF70064916398881A2
:10DE9000C8820448163890F8200000F0800010BDB9
:10DEA000140241421E000020002100BF15E000F0D6
:10DEB00080021AB101220A4B1A6002E00022084BCC
:10DEC0001A604206100E0022054B083B1A60012220
:10DED000044BC3F8B4224A1CD1B20829E7DB7047CF
:10DEE000BC8240420080404210B5F8F7CFFA40F2C1
:10DEF00025511E4800F055F810B31C4800F00AF9EF
:10DF0000C4B21B48008800F40040C8B91848008813
:10DF100000F4804060B10A2C03D00020144908802E
:10DF200020E01348008840F400401149088019E0BF
:10DF30000D2C06D10E48008840F480400C49088022
:10DF400010E00B480088C0F30D000A490C54084843
:10DF50000088401C0649088008460088C72801DD63
:10DF600000200880F8F7A4FA10BD0000001001405E
:10DF700078000020F83B002001F40072B2F5007F29
:10DF800000D100BFCA430280704721B1828942F4A8
:10DF90000052828104E082894DF6FF731A4082812B
:10DFA000704770B50246002400230025002040F68B
:10DFB0006A16B14200D100BFC1F3421501F01F0340
:10DFC000012606FA03F3012D02D19689334006E0BB
:10DFD000022D02D1168A334001E0968A33400C129A
:10DFE000012606FA04F41688344013B10CB101205E
:10DFF00000E0002070BDF0B5034600240026002597
:10E00000002040F66A17B94200D100BF1846C1F39C
:10E01000421401F01F06012707FA06F5012C01D171
:10E020000C3004E0022C01D1103000E014301AB1A1
:10E0300007682F43076002E00768AF430760F0BD41
:10E040002DE9FF4705460E460024A14600BFA04625
:10E05000B08900B100BF2C8A24F44054F0880443F6
:10E060002C82AC8941F20C608443B088318908432A
:10E07000718908430443AC81AC8A24F44074B089AC
:10E080000443AC826846F9F777FC2048854202D009
:10E090001F48854202D1DDF80C9001E0DDF80890C0
:10E0A000A88900F4004040B109EBC90000EB091059
:10E0B00031684900B0FBF1F707E009EBC90000EB5C
:10E0C000091031688900B0FBF1F76420B7FBF0F06C
:10E0D00004012009642101FB1078A88900F40040A4
:10E0E00040B1322000EBC800B0FBF1F000F00700B7
:10E0F000044308E0322000EB08106421B0FBF1F08B
:10E1000000F00F0004432C81BDE8FF8700100140A0
:10E110000014014001468888C0F30800704700BF22
:10E12000FEE7000010B50446214610A0F2F732F9D0
:10E13000240300F015F900F0ADF800200D49086047
:10E140002020FBF7CFF9C4F30740FBF7CBF9C4F36A
:10E150000720FBF7C7F9E0B2FBF7C4F90120064935
:10E16000C1F8800200F096F810BD000066653A25FF
:10E17000780D0A0080824042008040421CB5012197
:10E180000220F9F7B9FB012000908DF8040000206F
:10E190008DF8060003208DF8050001208DF807009A
:10E1A00069460848F3F786FC012007490860FBF739
:10E1B00037F90020FBF7B2F900F032F80349088084
:10E1C0001CBD000000040240808240425C00002030
:10E1D0002DE9F04106460C46174600200F4908601D
:10E1E0000320FBF77FF9C4F30740FBF77BF9C4F387
:10E1F0000720FBF777F9E0B2FBF774F9002505E09B
:10E20000FF20FBF76FF97055681C85B2BD42F7DB44
:10E21000012002490860BDE8F08100008082404290
:10E2200010B5002400200E4908609020FBF75AF931
:10E230000020FBF757F90020FBF754F90020FBF70B
:10E2400051F9FF20FBF74EF944EA0024FF20FBF7C9
:10E2500049F9044301200349C1F88002204610BD5A
:10E26000808240420080404210B5002400200749CF
:10E2700008600520FBF736F9FF20FBF733F9044669
:10E2800001200349C1F88002204610BD808240422F
:10E290000080404210B500BFFFF7E6FF00F001002C
:10E2A0000028F9D110BD00002DE9F05F81460F462E
:10E2B0001646DFF8A8B04FEA1738C7F30B0ACAF5BD
:10E2C0008054A64200DC344644E04FEA08314FF463
:10E2D00080525846FFF77CFF002508E00AEB050056
:10E2E0001BF80000FF2800D003E0681C85B2A5429F
:10E2F000F4DB00BFA54216DA4046FFF713FF002506
:10E3000007E019F8050005EB0A010BF80100681C8D
:10E3100085B2A542F5DB4FEA08314FF480525846EA
:10E3200000F02EF804E022463946484600F028F86E
:10E33000A64200D10FE008F101084FF0000AA14405
:10E340002744301B86B2B6F5805F02DD4FF480545F
:10E3500000E03446B9E700BFBDE8F09FF82B00208D
:10E3600010B50020044908600620FBF7BBF8012027
:10E370000249C1F8800210BD8082404200804042C4
:10E380002DE9F04107460E461446F0B2C0F58075FF
:10E39000AC4200DC254612E02A463146384600F001
:10E3A00013F8AC4200D10BE02F442E44601B84B222
:10E3B000B4F5807F02DD4FF4807500E02546EBE781
:10E3C00000BFBDE8F08100002DE9F04106460C4693
:10E3D0001746FFF7C5FF00200F4908600220FBF732
:10E3E00081F8C4F30740FBF77DF8C4F30720FBF77F
:10E3F00079F8E0B2FBF776F8002504E0705DFBF7F2
:10E4000071F8681C85B2BD42F8DB01200249086042
:10E41000FFF740FFBDE8F0818082404202490120C1
:10E42000096881F854007047840200202DE9F0410A
:10E430008AB00446F4F77EFABCB32046F3F720FE18
:10E440000190D0E90012CDE90412876A056A01A89B
:10E45000F3F754FE204600F0F5FE060025D02046D6
:10E4600000F00DFA8046B80704D52A46414604A8B4
:10E4700001F046F82046F3F703FE01904046F3F71B
:10E48000FFFD06903046F3F7FBFD0390056206980A
:10E49000019AC1691162C46101A8F3F72FFE06A8B1
:10E4A000F3F72CFE03A8F3F729FEF5F79BFB0AB060
:10E4B000BDE8F0812DE9FC5F9846DDE90C549146FA
:10E4C0000E460746DDF83CB0F4F734FADFF82CA12D
:10E4D000DAF8140004434DB9BAF8020048B34848CA
:10E4E0000AF138010068407C51F82050681C0ED0B9
:10E4F000FDB12846F3F7C4FD0190B0F90010B0F962
:10E5000002200F441644B9F1000F02D006E00025A6
:10E510000FE0B0F90430591A01F10109B8F1000F08
:10E5200004D1B0F90600801A00F1010801A8F3F740
:10E53000E5FD0BF12C00F3F7DEFC5FEA000B57D092
:10E54000BAF80200401CAAF802005846F3F798FDFA
:10E550000090078007EB09014680491E818006EB89
:10E560000801491EC1800E990161264A816A224034
:10E57000114381626846F3F7C1FDDAF80C005E468C
:10E5800050B1F3F7D3FD07463046F3F7CFFD014610
:10E59000786948617E6101E0CAF80CB029465846A6
:10E5A00000F0E6FEA00602D5584600F0EDFCE007BC
:10E5B00005D0DAF8201001F10101CAF82010600638
:10E5C00002D55846FFF732FFA0070DD55846F3F79E
:10E5D00057FD0090816A41F0020181626846F3F7BD
:10E5E0008DFD584600F0B8FB0121584601F0D3F9E3
:10E5F000F5F7F8FA5846BDE8FC9F0000300300200C
:10E60000840200209F3F0700064910B509680020DA
:10E6100081F85400F4F78EF9F7F760FABDE810407E
:10E62000F5F7E0BA8402002010B50446C168D4E9C9
:10E630000020172A0DD004DC0E2A0CD0142A07D192
:10E6400004E0222A0CD0282A02D10CE000F0B4FD0C
:10E650000020E06010BD2146BDE8104000F0C3BCC2
:10E660006FF07040F5E7BDE8104000F075BB38B5BD
:10E67000040010D0F4F75EF92046F3F701FD009096
:10E680000068F4F72DFF6846F3F738FD2046F3F7EE
:10E6900051FCF5F7A7FA38BDF8B5050061D0F4F7DD
:10E6A00049F9284600F088FF002858D0284600F095
:10E6B000DBFD06460B21284601F06DF9284600F0E7
:10E6C0003EFD2846F3F7DCFC0090406A08B1F4F701
:10E6D00037FA244C002104F15002A162A06852F8DC
:10E6E0002030AB4201D142F820101E4A483252F885
:10E6F0002030AB4201D142F82010206904E0436889
:10E70000AB4200D1416000680028F8D107212846BB
:10E7100000F06FFB009801F01BFC284600F038FD6C
:10E72000284601F0B7F80098806AC10703D0216A33
:10E73000A1F101012162800602D5A088401EA080BF
:10E740006846F3F7DBFC6088401E60802846F3F7DC
:10E75000F1FB0448383050F8260000F015FCF5F7BE
:10E7600041FAF8BD300300202DE9F0410025F4F70F
:10E77000E1F800E0012503F007F80028FAD11A4E6D
:10E780001A4C306890F8540038B1A08828B1E0697C
:10E79000012720B10068804704E0002702E0012043
:10E7A000F5F782FFF5F71EFA306890F8540058B17B
:10E7B000A08848B1F4F7BEF802F0AAFEF5F712FA05
:10E7C000A08808B10125EFE7F4F7B4F83FB1E0699C
:10E7D00010B14068804702E00020F5F765FFF5F7CB
:10E7E00001FA2846BDE8F0818402002030030020B1
:10E7F00010B50446F4F79EF80648006810B90648BC
:10E800000068806C214600F009F8BDE81040F5F77B
:10E81000E9B90000540300208402002070B50C46C2
:10E820000546F4F787F82146284600F0C5FCBDE808
:10E830007040F5F7D7B90000034804490068407CF0
:10E8400051F8200070470000840200206803002077
:10E850000021022802D2024951F8201008467047D0
:10E860006803002010B5040007D0F4F763F82046D1
:10E87000F3F75CFCC469F5F7B5F9204610BD10B597
:10E88000040007D0F4F756F82046F3F74FFC8469EC
:10E89000F5F7A8F9204610BD2DE9F04F9BB04FF0D9
:10E8A000000B5E46CDF820B0CDF824B0CDF828B0EE
:10E8B000F4F79AFC18B100201BB0BDE8F08F684651
:10E8C000F4F76CFC0098C84DC84C401C0ED1019860
:10E8D000401C0BD120689DF8081000EB400005EBB0
:10E8E0008000007A884201D15846E5E7F4F722F823
:10E8F000009800280EDB019800280BDBBC4900982B
:10E90000B1F900100844BB4900900198B1F900101A
:10E9100008440EE00098401C0CD10198401C09D11D
:10E92000206800EB400055F8201005EB80000091B6
:10E930004068019005A800F0CBFB9DF80900022873
:10E9400000D2206007AA12A92068F3F75DFF129990
:10E950000098401A009007990198009A401A019077
:10E96000206800EB400055F8201091420AD105EBD9
:10E970008000019A4168914204D1007A9DF8081004
:10E9800088427CD0DDE900019DF80920F3F7DAFB2D
:10E99000994F396809B1684688479848216850F806
:10E9A000210018B9DDE9000100F0DEFA06907A686E
:10E9B00012B10699684690478B4F2068383707EBAD
:10E9C000C0014868069A824201D0012200E000227C
:10E9D0000DF12009F0B1EAB1486800F0B1FDC8B10D
:10E9E000206807EBC000406800F09FFD90B19DE8F3
:10E9F000070008AB07C31220CDF844900E902068A2
:10EA000007EBC00040680EA900F0EBFF206807EBA1
:10EA1000C0004660069800F093FD00287ED006995D
:10EA2000206807EBC002516000EB400005EB80005E
:10EA30009DF80810007ADFF8B0A188420AF1280A90
:10EA40005DD00698C0B30698F3F71AFB9DF808103E
:10EA500013908DF83410216801EB410105EB810121
:10EA6000097A8DF83510B0F900200099891A0B91B8
:10EA7000B0F902000199081A0C9013A800E0ACE06C
:10EA8000F3F73CFB0BA8119011200E90206800EBCF
:10EA9000400105EB810191E88C000492CDE9143727
:10EAA0009DF808200A729DF8281031B10AEBC001C8
:10EAB0004F68069A4A6001E021E000270AEBC00097
:10EAC000D0F8048006980EA900F044FF21680AEBF4
:10EAD000C1004368434501D04068069001EB410006
:10EAE00005EB8003DDE91412049807C33FB13846F3
:10EAF00000F064F918B121680AEBC1004760206892
:10EB00009DF8081000EB400805EB8802137A0B43D0
:10EB10004BD00C234FF0010B574600E052E00AEBBC
:10EB2000C0000E934368DDF818C09C4515D04368BB
:10EB30009BB109B1119608E055F828100891516869
:10EB400009918DF82860CDF8449040680EA900F036
:10EB500048FF206807EBC000466020689DF8081059
:10EB600000EB400205EB82021172069951B39DE859
:10EB70000E000DF12008A8E80E009DF8281021B124
:10EB8000069907EBC000416008E01D48007808B115
:10EB900000F066F9206807EBC00046600698CDF8E3
:10EBA00044900EA900F01DFF0CE0069850B10698A5
:10EBB00000F0BBFC30B19DE8070008AB07C3102094
:10EBC0000E90EBE721689DE81C0001EB410005EB8E
:10EBD00080001CC0684600F035F905A800F044FE2E
:10EBE000F5F700F880E60000307B012038030020B4
:10EBF000B4020020B6020020B803002078030020F1
:10EC0000880300202DE9FF5F2C4D6878002853D140
:10EC100000272B48EF60AF620068DFF8A8903C4601
:10EC20004764AF806F804FF0020A4FF0FF3B40F621
:10EC3000FF7805F138062046F3F7D0FB98B1CDE90F
:10EC40000297CDE900BA0021424643460846FFF745
:10EC500031FC1A4A46F8240040326FF0704142F805
:10EC6000241000F079F8641C022CE4DB164FDFF866
:10EC70005C80DFF85C90002407EBC40000F028FA09
:10EC800008EBC40000F024FA09EBC40000F020FAFD
:10EC9000641C022CF0DB306800F076F9FFF7BEFB55
:10ECA00001200649687030310A48086004B00846FF
:10ECB000BDE8F05FF5F7B0BDBDE8FF9F3003002071
:10ECC00084020020713C0108487B0120587B012010
:10ECD000687B0120B126010870B586B00D4606009C
:10ECE00031D0F3F727FE3046F3F7CAF90090846A73
:10ECF000A10723D5D0E90010CDE90110E00302D52A
:10ED0000304600F08AFB5DB1286803906868049083
:10ED100003A9009800F0E4F903A901A8F5F77EFC27
:10ED2000314601A800F0E4F940B140F6010004408A
:10ED3000012C0AD001A9304600F06CFB6846F3F7BD
:10ED4000DDF9F4F74FFF06B070BD0098026A8169E3
:10ED500001A800F0D5FBF1E70021FFF7BDBFFEB52C
:10ED600015460E4604001CD0F3F78AF902460090BF
:10ED700090F82800800711D5314601A8F5F76BFC03
:10ED800060B16846F3F7BAF92A4601A9204603F0B4
:10ED9000B5FB2046FFF766FD04460CE06846F3F736
:10EDA000ADF9FEBD2A4601A92046FFF7D8FF20464F
:10EDB000F3F7BCF9046A002CF4D1FEBD10B504468B
:10EDC000F3F7B8FD204600F0F7FB0446F4F70AFF1E
:10EDD000204610BD70B514460D460646F3F7AAFD51
:10EDE00022462946304600F0F9FBBDE87040F4F7B2
:10EDF000F9BE1FB5262203910092694600F0F3F890
:10EE00001FBD000070B586B00D4606460024F3F71E
:10EE100091FD0B490948096850F8210048B10E21BD
:10EE20000595009104A9CDE90316694600F074FD2B
:10EE30000124F4F7D7FE06B0204670BD8003002001
:10EE400038030020054A01EB410102EB8101D0E9C2
:10EE5000002380680A60C1E901307047F47B01201B
:10EE600010B5F3F767FD00F0E9FCBDE81040F4F7DA
:10EE7000B9BE70B5154606468AB00C4651EA050083
:10EE800070D0002E6ED0F3F755FD3046F3F7F8F84A
:10EE90000590D0E90012CDE90212CDE9061284B145
:10EEA000816A0A0608D5890506D4BDF81810A1EBB9
:10EEB0000401ADF8181004E0BDF81C102144ADF8B1
:10EEC0001C1085B1816ACA0508D5490506D4BDF86C
:10EED0001A10A1EB0501ADF81A1004E0BDF81E10E0
:10EEE0002944ADF81E10806AC00302D5304600F0F8
:10EEF00094FA05AB07CBC0E9001290F82800800710
:10EF00000AD506AA02A908A8F4F70CF90598026A1E
:10EF1000816908A800F0F4FABDF91E00BDF90E10D1
:10EF2000401A0090BDF91C00BDF90C10431ABDF940
:10EF30001A00BDF90A10421ABDF91800BDF90810EF
:10EF4000411A059800F068FD059901F10800F5F7F0
:10EF500065FB0521304600F01EFD05A8F3F7CEF84D
:10EF6000F4F740FE0AB070BD70B50C460546F3F7E5
:10EF7000E1FC22462946002003F074FD0446F4F724
:10EF800031FE204670BD000070B50446F3F7D2FC98
:10EF90000C4D2868866C0CB90B49CC6884642046FB
:10EFA00000F0B0FCF6F79AFD2046F3F7BFF82968A9
:10EFB000B0F90020CA64B0F902000865F4F712FE47
:10EFC000304670BD840200203003002070B50C462E
:10EFD0000546F3F7AFFC2146284600F0C9FCBDE822
:10EFE0007040F4F7FFBD70B50C0005460DD0F3F787
:10EFF000A1FC2846FFF743FC18B12146A56000F0AC
:10F000008BFCBDE87040F4F7EDBD70BD10B5F2F7B4
:10F0100031FD024900200968486410BD84020020C7
:10F02000F8B516460C4605001DD0F3F783FC2846BC
:10F03000F3F726F80090B0F90410B0F90020891A0F
:10F04000641AB0F90610B0F90200641E081A361AE4
:10F05000761E6846F3F752F8324621462846FFF7F7
:10F0600008FFF4F7BFFDF8BD70B50546F3F762FC85
:10F0700004480068446C456400F006F8F4F7B2FDFB
:10F08000204670BD840200200EB50E48006890F83E
:10F09000541009B10C4811E0806CF2F7F1FF0090B8
:10F0A000D0E90010CDE901106846F3F727F80748CA
:10F0B000416A11B101A800F01BF801A803F0F4FCAB
:10F0C0000EBD000084020020BC7A01203003002025
:10F0D00002490A680260086070470000400300208F
:10F0E0000B46B0F90220B0F900101846F4F746B804
:10F0F00038B50C4605462046F2F7C2FF014600909F
:10F1000090F82800800703D46846F2F7F7FF12E072
:10F110002846F5F783FA0098806920B104466846CE
:10F12000F2F7ECFFE7E76846F2F7E8FF204600F069
:10F13000F3FF002801DA002038BD012038BDF8B502
:10F140000546F3F7F7FB6846F4F7F6F91AE00121F4
:10F150002046F4F7D8F9009981B178B10846F2F762
:10F16000E5FF4068A84209D169462046009EF4F7B1
:10F17000F7F904463046FFF77AFA04E0694620467C
:10F18000F4F7EEF90446002CE1D1F4F72BFDF8BDBD
:10F1900038B50446F2F774FF0090816941B1026A04
:10F1A00000F0AEF9204600F08DFB00990020886148
:10F1B0006846F2F7A3FF38BD38B50C4600280AD0E0
:10F1C000002C08D0F2F75CFF2146009000F004F814
:10F1D0006846F2F793FF38BD00224A800A80828891
:10F1E0000388D21A8A80C2884088101AC880704763
:10F1F00010B5FFF744FB002802D0F2F797FFC06973
:10F2000010BD00000D4810B5006890F854000028AB
:10F2100006D00B4C6069012803DD401E60610020B0
:10F2200010BD2069401C206102F02EFD18B1FFF7CF
:10F230002BFF012010BD6069EFE700008402002071
:10F24000B47A012070B50546FFF7D2FF08E0AC4262
:10F2500001D1002406E0F2F769FF006AA84201D05C
:10F260000400F4D1204670BD10B50446F2F75EFFED
:10F2700080690028F9D12046BDE8104000F04CBF5D
:10F28000F0B5384E074687B0306890F8541041B159
:10F29000354C6169491C6161012905DD012007B018
:10F2A000F0BDFFF7F1FEF9E7806CF2F7E9FE2F4DB4
:10F2B0004FF0FF3100902161297821B181680291DE
:10F2C000C068039007E090F8281089073CD5D0E982
:10F2D0000010CDE902101FB1394602A8F5F79EF9DA
:10F2E0003068406C78B3009804903068406C0168D6
:10F2F000059140680690686A30B104A8F2F7FEFEF6
:10F30000686AF2F7BDFE049005A90498FFF7E8FECD
:10F3100005A902A8F5F782F90DF11000F2F7EEFE4B
:10F32000696A19B102A8FFF7E3FEB0B13068816CD9
:10F3300002A8FFF7DDFE80B1DDE90201C4E90001AA
:10F34000FFF760FFABE706E06069401E606168465A
:10F35000F2F7D4FE04E06846E0E76069401E6061B1
:10F3600000209CE784020020B47A012030030020B2
:10F37000FEB50D00044647D0F2F782FE0090002152
:10F38000856101622846F2F77BFE00990290C5690B
:10F3900091F8281001F008062DB12846F2F770FE0A
:10F3A000019036B115E0C4616846F2F7A7FE02A8E5
:10F3B00028E090F8280000070BD500980562029815
:10F3C000C4616846F2F79AFE02A8F2F797FE01A818
:10F3D00018E002A8F2F792FE01A8F2F78FFE284685
:10F3E000F2F7A4FE11E004620BE02846F2F79EFE5D
:10F3F0005EB990F82810090707D5019804620098B3
:10F4000005626846F2F77AFEFEBD0190056A002D9E
:10F41000EBD1E8E7202203F071B838B504001ED024
:10F42000F2F72EFE009090F82810890714D5406A54
:10F4300020B1F3F785FB0099002048622046FFF7D2
:10F4400011FA044606E02046FFF7E7FF2046F2F7F0
:10F450006DFE046A002CF6D16846F2F74FFE38BD07
:10F4600070B5064615460C460846F2F75FFE806A00
:10F47000C00302D54FF4804300E020232A462146F2
:10F480003046BDE87040AFF300802DE9FF4198465B
:10F49000164607460D0031D00846F2F7F1FD009000
:10F4A000846A0246A00726D5394601A8F5F7D3F8A5
:10F4B00008B340F601000440012C07D0424601A9E0
:10F4C000284603F01BF80098C46912E000984346F0
:10F4D000026A816901A8FFF7D8FFF4E7B4420AD0B5
:10F4E000424601A92046FFF73AFC2046F2F71EFEED
:10F4F000046A002CF2D16846F2F700FEBDE8FF81F5
:10F500002023FFF7C2BF000070B50C46002550B1A4
:10F510004CB100BFF2F70AFE8069A04201D101257B
:10F5200001E00028F6D1284670BD10B50124F2F79D
:10F53000FDFD90F82800C00600D50024204610BD2F
:10F5400070B5104D06460E4C286804EBC0004168AB
:10F550003046FFF7D9FF296804EBC102516829B191
:10F5600000215268B24203D1012202E00121F8E7F2
:10F5700000220143114301D0012070BD002070BD65
:10F58000487B01203803002090F828309B0711D5D4
:10F59000B0F900308B420DDCB0F904308B4209DB4E
:10F5A000B0F90210914205DCB0F90600904201DB8F
:10F5B000012070470020704710B504460648C06817
:10F5C00006E0A04201D1012010BDF2F7AFFD406975
:10F5D0000028F6D110BD000030030020F0B58BB03C
:10F5E00006004FF0000015460C460490059006906A
:10F5F00007903DD054EA05003AD03046F2F740FD7E
:10F600000090D0E90012CDE902122A462146F3F714
:10F61000B5FD00982A4621460830F3F7AFFD009863
:10F62000C7696846F2F76AFD2A462146384602F065
:10F63000B4FF3046F2F724FD009090F828108907B7
:10F640000AD5816941B1026AFFF70AFF0098026A90
:10F65000816902A8FFF704FF6846F2F74FFD032017
:10F66000049007AA08A831C204A9304600F054F952
:10F670000BB0F0BD2DE9F14187B000250798F2F7F6
:10F68000FFFC0190D0E90212CDE9031207698669F7
:10F69000846A01A8F2F732FD44F2200814EA080F48
:10F6A00030D0DFB103A80799FFF722FDB0B107986A
:10F6B000FFF76AFC60070DD556B144F30000401C0B
:10F6C0000090002307AA114903A8F3F75DFA05E0AB
:10F6D0000120F5E7079800F065F801250798F2F793
:10F6E000CFFC0190816A21EA080181628A0402D577
:10F6F00041F00401816201A8F2F700FD0449888805
:10F70000401E888008B02846BDE8F081293C0108E9
:10F7100030030020F0B589B00546F2F7B1FC029045
:10F72000866A0469D0E90210CDE9001002A8F2F758
:10F73000E5FC002C31D0B0072FD52E212846FFF74D
:10F7400045FC174C6F46207800F101002070F00452
:10F750004FF00F0609D5CDE904650797FFF756FC72
:10F7600004A9284600F0D8F810E03846FFF788FDD5
:10F770000AE0CDE904650797FFF748FC04A928468D
:10F7800000F0CAF8FFF73EFD0028F2D120782F21C3
:10F79000401E20702846FFF719FC09B0F0BD00009C
:10F7A0003003002038B50446F2F76AFC0090806A06
:10F7B00040F601010840012805D06846F2F79EFC9A
:10F7C000204602F0A3FF1448006A002823D02046F8
:10F7D00002F0F4FF2046F2F7A9FC8569046A18E0FC
:10F7E0002046F2F7A3FC90F82800C043800702D11E
:10F7F000204602F09DFF204602F0E0FF2046F2F78F
:10F8000095FC046A002CEBD12846F2F78FFC856941
:10F81000046A002DF6D138BD30030020B0F9001085
:10F82000B0F90420914205DCB0F90210B0F90600ED
:10F83000814201DD00207047012070477FB5094DEE
:10F84000074C286854F82000002808D0182100919F
:10F85000694600F061F82968002044F821007FBD66
:10F860007803002038030020094B1968002905D0CF
:10F870000022814206D108680AB110607047002852
:10F88000186070470A4609680029F2D170470000E5
:10F890004003002070B505460948C0680CE000BF71
:10F8A000F2F744FC04464069A84205D12846F2F725
:10F8B0003DFC4069606170BD0028F1D170BD000061
:10F8C0003003002070B50646F2F730FC054680692B
:10F8D000002809D0F2F72AFC0446C069B0420ED1D4
:10F8E000F2F724FC006AE06170BD00BFF2F71EFC75
:10F8F0000146006AB04202D1286A086270BD002841
:10F90000F4D170BD10B5FFF7AFFC002803DBBDE8F4
:10F910001040F3F719BD10BD70B50D4C06460D46ED
:10F92000206814280DDA3046F2F700FC01696E6099
:10F9300041B12068401C2060284688472068401E4E
:10F94000206070BD2846BDE87040FEF76DBE000027
:10F95000B403002070B50C460546FFF7E6FD00280D
:10F9600005D021462846BDE87040FFF7D5BF70BDE1
:10F970007FB50546002000900190029003900C4650
:10F980002846F2F7D3FB0269002A03D06846CDE986
:10F99000004590477FBD1FB5CDE900106946FFF7D0
:10F9A000BBFF1FBD7FB505460E464868C968039179
:10F9B000CDE901050D202C46009008E02046FEF719
:10F9C0005EFF040003D069460396FFF7C3FF20469D
:10F9D000FFF7F4F90028F1D131462846FFF7BAFFC6
:10F9E0007FBDF8B5CC680D46064684B1F2F748FBFA
:10F9F0000090B0F900002168081A20600099606842
:10FA0000B1F90210401A60606846F2F777FB2946A8
:10FA10003046FFF7C7FFF8BD2DE9FF4F81B09B4689
:10FA2000C66962E03046F2F72BFB01460090D1E94F
:10FA30000004896A254601F420730246802B09D010
:10FA4000B3F5207F029B134406D063F30F02029BA1
:10FA5000234405E002EB0B0363F30F0204EB0B03FB
:10FA600001F4A06163F30F04B1F5807F0BD0B1F511
:10FA7000A06F03994FEA224307D0194461F31F4254
:10FA80002314039906E00E991314194461F31F42DD
:10FA90000E99231419440FFA82FA61F31F440FFAE6
:10FAA00080F917144FEA2048AAEB0901A7EB0802D6
:10FAB00051EA020002D03046FFF78CF92AB221B297
:10FAC000A2EB0900A1EB0A01091AC7EB2440C8EB1D
:10FAD0002542821A51EA020002D03046FFF7C9F9E6
:10FAE0000098066A6846F2F709FB002E9AD105B025
:10FAF000BDE8F08F30B50B4C23680C2B10DA0A4AA6
:10FB0000190009D002EB410535F9025C854203DB9F
:10FB100022F81150491EF5D122F811005B1C236018
:10FB200030BD0000EC0200209C7A01202DE9F0415C
:10FB30001B4D0C460646A968686B0144491EA01976
:10FB4000884205D8016819B941680E4402F0C4FE24
:10FB5000686BA0420AD254F8040C271A386828B9F6
:10FB600078680644384602F0B7FE3C46304602F05C
:10FB700041FB05EBC0073246002120463B6C03F0F9
:10FB800009FC57F8400F083400B1446020600020A1
:10FB900060603C602868304428603046BDE8F081F1
:10FBA0004C7901202DE9F041054602F055FC2B4827
:10FBB000C46BAC4202D8ED1C25F0030480460068FB
:10FBC0000C34A04202D20020BDE8F08102F044FED5
:10FBD0000600F9D0204602F00DFB424611E000BFBE
:10FBE00002EBC001096C59B18D686B68A3420BD25E
:10FBF000A96829B18D686B68A34205D2002DF7D1A1
:10FC0000401C1028ECD31FE0F5B1D8F83C00191BBC
:10FC10000C301F46814200D23C46284602F05CFE72
:10FC20000421D8F8300001EBC601002345502246DC
:10FC30003146284603F0AEFBA74203DD2919381BE5
:10FC4000FFF774FF3046BFE7204602F08DFE002824
:10FC5000C0D0304602F020FEB5E700004C7901200C
:10FC600001207047F0B40F4C246814B1A446F0BCD6
:10FC700060470D4DDFF834C010C855FA84F6377868
:10FC8000C4F30726C4F307441CF806602C5D521E1B
:10FC900004EB461404EBC7240C801944ECD1F0BCEF
:10FCA000704700006802002060B6010860B70108D4
:10FCB00010B510C80C601944521EFAD110BD0000D6
:10FCC0002DE9F0478146F5F7C9FA4FF000080746DD
:10FCD0006FF07F444546F5F7D9FA060018D000BF0B
:10FCE00056F82510494502D12846BDE8F0876D1C1D
:10FCF000BD42F5DB5FF00005484656F82510F2F7E7
:10FD00005DFAA04201D20446A8466D1CBD42F3DB59
:10FD10004046EAE77047000010B5084A52FA80F101
:10FD2000074BC0F30724C0F307401B5D105C097844
:10FD300000EB431000EBC12010BD000060B60108CD
:10FD400060B701082DE9F05F9A46DDE90A87914620
:10FD50000C4605468B46164635F8020B4146884749
:10FD6000B84701C4761EF7D15046BAF1200F06D22B
:10FD7000024649465846BDE8F05FF3F7BBBFBDE811
:10FD8000F09F2DE9F041054640690E463421008878
:10FD900001EB8000F2F7A0F80746F2F771F904468C
:10FDA00028688069F2F71AFBC1688A6A08219047BF
:10FDB000032810DB04280DDD082809DD102803DDE9
:10FDC00020200421A06108E010200221A06104E0AD
:10FDD000082000E004200121A061216168690088F9
:10FDE000E06148436061F2F723F96169814200DD17
:10FDF000606104F1340000212060C4E9027184F8DC
:10FE00003060012E05D0E1696FF0030202EB810141
:10FE1000084460602046BDE8F08100002DE9F04311
:10FE200085B08146F2F72CF90390B0F90080B0F963
:10FE30000270B0F90440B0F90650466A03A8F2F720
:10FE40005DF9A4EB0804ED1B641C6D1C002C01DDA6
:10FE5000002D03DC002005B0BDE8F083AEB13046D4
:10FE6000F2F70EF90490B0F90440B0F9065004A876
:10FE7000F2F744F94046444501D1BD424FD0014616
:10FE80003A463046F2F7AAFF49E0FEF7D5FC814535
:10FE900013D1F5F72FFA0646F5F738FAB44201DC2C
:10FEA00085420ADDB44200DD3446854200DD054668
:10FEB0002A4621464846FFF7B3F81D4A1D4901204E
:10FEC0008DE807002B46224639464046F2F7F2FFFE
:10FED00006464846F2F7D4F8039046620EB3816AAC
:10FEE00041F48031816203A8F2F708F93046F2F755
:10FEF00047FF07460120F3F7EBFE3046F2F7EFFE2F
:10FF00000D496C43A2000978F4F78EFC4846FFF7D0
:10FF100001FC0020F3F7DCFE3846F2F731FF3046F3
:10FF200099E703A8F2F7EAF84846FFF7F3FB91E7F1
:10FF3000D0B801086CBA0108B00300200349884218
:10FF400002D101F13C0070470C387047A07B0120C2
:10FF500010B50446E069FEF79FFBE0690028F9D17F
:10FF600010BD00004FF47F00F3F706FAF2F748F9EE
:10FF70004FF6FF70F3F70BFA3D48F3F725FA00222E
:10FF800096213CA0F2F708FB4048F3F71DFA322215
:10FF900096213FA0F2F700FB4848F3F715FA6422D8
:10FFA000962147A0F2F7F8FA642296214FA0F2F7C3
:10FFB000F3FA584DB5F90650564FB7F90270EB1BDE
:10FFC000544DB5F90450534FB7F90070EA1B514D29
:10FFD000B5F90210B5F90000F2F76CFD064630469F
:10FFE000F2F7CEFE002000F0E1F80020F2F7C8FEA4
:10FFF0003CE0002425E0FA20F2F702FAF5F77AF95E
:020000040801F1
:100000000746F5F777F94349B1F90410451A414815
:10001000B0F90630B0F902103A462846F2F7FEF879
:10002000FA20F2F7EDF9F5F765F93A49B1F904105C
:10003000451A3848B0F9022029463046F2F7E6FC66
:10004000641C032CD7DB4FF4FA70F2F7D9F94FF4A4
:10005000C87000F0ABF84FF4C870F2F7D1F9D223B2
:1000600040F21F3296210020F2F7D8F8C1E70000D5
:10007000B09901084D454D4445565F4D656D446549
:1000800076202D2053616D706C650000F8860108A4
:1000900053686F77732074686520616476616E744D
:1000A000616765206F66207573696E6720610A6DF0
:1000B000656D6F72796465766963650028770108FC
:1000C0004472617773207468652070696374757217
:1000D000650A776974686F757420610A6D656D6F64
:1000E0007279206465766963650000004472617707
:1000F000732074686520706963747572650A75731E
:10010000696E6720610A6D656D6F7279206465762E
:1001100069636500600200200146064A002000BFB6
:1001200052F820308B4204D0401C0228F8DB4FF0FC
:10013000FF30704768030020F7B51546184A01A93B
:10014000009812689047174C00902068406920B1D1
:100150002946F3F7ADF8002821D00120F4F7A4FADE
:100160002068C069406920B18268DDE900019047DC
:1001700012E00D4D0CE06846F3F7FAFB06462068E6
:10018000C069016830468847296809B13046884708
:100190000198401E0190EED50020F4F785FAFEBDCF
:1001A000E802002084020020AC02002070B5044662
:1001B0000520F3F757F9FF20F3F7E9F8204DB5F9DB
:1001C0000650EB1E1E4DB5F90450EA1E1C4DB5F944
:1001D0000250E91C1A4DB5F90050E81CF2F720FA5C
:1001E0002046F2F70DF94FF47F40F3F7D0F8144DA5
:1001F000B5F90250EB1C124DB5F90450EA1E104D32
:10020000B5F90650E91E0E4DB5F90050E81CF2F79D
:1002100007FA2046F2F7F4F86FF07F40F3F7B7F8EB
:100220000848F3F7D1F80220F3F73AF90E2204490F
:1002300005A0F2F7CBF92046F2F7E2F870BD000016
:1002400060020020C8B50108436C6F73656400004C
:100250002DE9F04781460C4617461D46DDF8208003
:10026000B9B2A0B2F5F75AFC0948008909490968F2
:10027000088007E02E88084800680680A8F1010879
:10028000641CAD1CB8F1000FF4DCBDE8F087000081
:1002900028290020B4000020B80000202DE9FF4FDD
:1002A00083B081460E461C46DDE9117A109DDAF8CE
:1002B00000000290DAF8040001902E4432480068F1
:1002C000007C00F0030030B1012836D002281CD099
:1002D000032855D130E000BF207880222A41104009
:1002E00008B1019800E0029803463146761C484662
:1002F000059A02F0A3FC681C0546082801D10025D8
:10030000641C781E071EE7D13AE000BF20788021E8
:100310002941084028B131464846019B059A02F020
:100320008DFC761C681C0546082801D10025641C3C
:10033000781E071EEAD123E000BFD9F810108868A4
:100340008047804600BF207880212941084060B165
:1003500031464846059A01F05BFF83468BEA080365
:1003600031464846059A02F069FC761C681C054631
:10037000082801D10025641C781E071EE3D100BFA8
:1003800000BF07B0BDE8F08F840200202DE9FF5FB9
:100390009046DDE90E924B4B99F80050C2F10804EB
:1003A0008A465D5DDDE91071D540474A139E1268AB
:1003B000127C12F0030225D0012A03D0022A37D082
:1003C000032A7DD10069806880471FFA80FBBC4208
:1003D00000D93C463F1BBAF1000F65D0E8070AD0B0
:1003E000DAF808004146039A036850469847318876
:1003F00081EA0B013180B61C6D0808F10108641E0A
:10040000ECD15BE02F4ABC4200D93C46B7EB040775
:1004100005F001006D0831F8200026F8020B641E7B
:10042000F6D1002F4CD019F8010F0824155CEAE72B
:1004300088881FFA80FBBC4200D93C463F1BBAF1BA
:10044000000F16D08DB1E80708D0DAF80800414651
:10045000039A036850469847A6F800B0B61C08F106
:100460000108641E11D06D08ECE706EB4406A044B9
:100470000BE045B1E80701D0A6F800B0B61C641E39
:1004800003D06D08F5E706EB4406002F18D019F8E5
:10049000011F0C480824455CCDE719F8011F0948E5
:1004A0000824455C93E70BE0E80703D0308880EA36
:1004B0000B003080B61C6D08641EF5D1002FECD106
:1004C000BDE8FF9FF4B80108840200202DE9FF4F2A
:1004D00081B08A46DDF8388011ACDFF8FCB098F8BE
:1004E00000509146DDE90F1745CC1BF80550C1F1CE
:1004F0000804CD4039495B460968097C11F00301C5
:100500001ED0012903D002292FD0032961D1106800
:100510000069806880475946BC4200D93C463F1B71
:10052000EA0702D0326842403260361D6D08641E10
:10053000F6D1002F4DD018F8012F08248D5CEBE781
:100540001946BC4200D93C46B7EB040705F001024E
:100550006D0850F82220641E04C6F7D1002F38D051
:1005600018F8012F08248D5CEBE740680090BC422E
:1005700000D93C463F1BBAF1000F16D08DB1E807F9
:1005800008D0DAF808004946049A036850469847AC
:1005900000983060361D09F10109641E11D06D0804
:1005A000ECE706EB8406A1440BE045B1E80701D077
:1005B00000983060361D641E03D06D08F5E706EB29
:1005C0008406002F05D018F8011F08241BF80150DD
:1005D000CDE705B0BDE8F08FF4B801088402002033
:1005E0002DE9FF4F81B00F469846DDE90F9A98F844
:1005F00000B00E9D0E9D2F4453480068007C00F013
:10060000030010B102284BD14BE0BAF1000F25D006
:1006100000BFC5F103004400C4F10601C020084139
:1006200000EA0B0020FA04F65AF82600009039463A
:100630007F1CDDE90030039A02F000FB681C0546D0
:10064000042805D1002508F10100804690F800B08B
:10065000A9F10100B0F10009DBD121E000BFC5F133
:1006600003004400C4F10601C020084100EA0B0069
:1006700020FA04F639467F1C3346039A019802F0AB
:10068000DDFA681C0546042805D1002508F10100A3
:10069000804690F800B0A9F10100B0F10009DED168
:1006A0004DE0BAF1000F26D000BFC5F103004400B1
:1006B000C4F10601C020084100EA0B0020FA04F64C
:1006C00046B15AF8260000903946DDE90030039A19
:1006D00002F0B4FA7F1C681C0546042805D10025E9
:1006E00008F10100804690F800B0A9F10100B0F1D6
:1006F0000009DAD122E000BFC5F103004400C4F1D3
:100700000601C020084100EA0B0020FA04F62EB1D1
:1007100033463946039A019802F090FA7F1C681C10
:100720000546042805D1002508F10100804690F80F
:1007300000B0A9F10100B0F10009DDD100BF00BF98
:1007400005B0BDE8F08F0000840200202DE9FF5FB6
:100750008B460FA9DDF83880B1E82104C0F104010F
:10076000CCB298F80010400081402F48129F91466B
:100770000068CEB2007C10F0030004D001283AD00B
:1007800002284FD114E0AC4200DDECB22D1BB109C0
:100790003AF8210027F8020BB006060E641E14F08A
:1007A000FF04F4D1002D3DD0042418F8016FEAE7CE
:1007B000AC4200DDECB22D1BB0090DD0B109BBF18C
:1007C000000F3AF82100388006D0DBF808004946CF
:1007D000039A036858469847B006BF1C060E641E6D
:1007E00009F1010914F0FF04E6D1002D1AD0042408
:1007F00018F8016FDCE7AC4200DDECB22D1BB0094C
:1008000003D0388880F0FF003880B006BF1C060E89
:10081000641E14F0FF04F2D1002D03D0042418F854
:10082000016FE8E7BDE8FF9F840200202DE9FF5F2C
:100830008B460FA9DDF83880B1E82104C0F104012E
:10084000CCB298F80010400081402F48129F91468A
:100850000068CEB2007C10F0030004D0012839D02B
:1008600002284ED113E0AC4200DDECB22D1BB109E1
:100870005AF8210001C7B006060E641E14F0FF04EA
:10088000F5D1002D3DD0042418F8016FEBE7AC4200
:1008900000DDECB22D1BB0090DD0B109BBF1000F8A
:1008A0005AF82100386006D0DBF808004946039A60
:1008B000036858469847B0063F1D060E641E09F1AE
:1008C000010914F0FF04E6D1002D1AD0042418F811
:1008D000016FDCE7AC4200DDECB22D1BB00903D0A8
:1008E000386880F0FF003860B0063F1D060E641EB9
:1008F00014F0FF04F2D1002D03D0042418F8016F86
:10090000E8E7BDE8FF9F0000840200202DE9F041E8
:1009100007460D4690461C46069E08E0424629467C
:100920003846236802F08AF9761E6D1C241D002EBD
:10093000F4DCBDE8F0812DE9F0479946DDE9085483
:100940000A9F92465FEA0108064608D0D8F80800D8
:1009500023464A46D0F804C051464046E047306935
:10096000C06830B1A20029463846BDE8F047EFF72D
:1009700030BE28462146002604C8120E02D1761C3D
:10098000491EF9D156B1B20029463846EFF721FE8B
:1009900007EB860705EB8605A41B0CE02868010E13
:1009A000FF2905D2C1F1FF023968F3F7DBFE386099
:1009B0003F1D2D1D641E002CDBD1BDE8F08700001B
:1009C0002DE9FF4F81B00F469846DDE90F9A98F860
:1009D00000B00E9D0E9D2F4453480068007C00F02F
:1009E000030010B102284BD14BE0BAF1000F25D023
:1009F00000BFC5F101008400C4F10401F0200841EA
:100A000000EA0B0020FA04F65AF826000090394656
:100A10007F1CDDE90030039A02F010F9681C0546DE
:100A2000022805D1002508F10100804690F800B0A9
:100A3000A9F10100B0F10009DBD121E000BFC5F14F
:100A400001008400C4F10401F020084100EA0B0019
:100A500020FA04F639467F1C3346039A019802F0C7
:100A6000EDF8681C0546022805D1002508F10100B3
:100A7000804690F800B0A9F10100B0F10009DED184
:100A80004DE0BAF1000F26D000BFC5F1010084008F
:100A9000C4F10401F020084100EA0B0020FA04F63A
:100AA00046B15AF8260000903946DDE90030039A35
:100AB00002F0C4F87F1C681C0546022805D10025F9
:100AC00008F10100804690F800B0A9F10100B0F1F2
:100AD0000009DAD122E000BFC5F101008400C4F1B1
:100AE0000401F020084100EA0B0020FA04F62EB1C0
:100AF00033463946039A019802F0A0F87F1C681C1F
:100B00000546022805D1002508F10100804690F82D
:100B100000B0A9F10100B0F10009DDD100BF00BFB4
:100B200005B0BDE8F08F0000840200202DE9F05FE1
:100B300092460BAA8946B2E842010A9F9B468B0067
:100B40003A78C1F102009A40D5B24D4A0E9CC0B22B
:100B50001268127C12F003021AD0012A79D0022AFC
:100B600038D100295FD028090DD02909B9F1000F2B
:100B700038F82100208006D0D9F808005A4651469E
:100B8000036848469847A41C0AF1010A761E48E00B
:100B900039B12909761E38F8210024F8020B17F81C
:100BA000015F022E10DB701006F001062A0938F8EA
:100BB000221005F00F02218038F822106180241DD8
:100BC00017F8015F401EF1D1002E03D0290938F833
:100BD00021002080BDE8F09F28090DD02909B9F136
:100BE000000F38F82100208006D0D9F808005A46B6
:100BF000514603684846984715F00F000DD038F865
:100C000020006080B9F1000F07D0D9F808005A46DB
:100C10000AF10101036848469847241D0AF1020AB7
:100C2000B61E17F8015F022ED6DA002ED2D02809A0
:100C3000D0D038F820002080B9F1000FCAD0D9F800
:100C400008005A46514603684846BDE8F05F184719
:100C5000FFE7B04200DDF0B2361AA90903D02188BF
:100C600081F0FF0121802907A41C0D0E401E10F009
:100C7000FF00F2D1002EADD0022017F8015FE8E7A7
:100C8000840200202DE9F05F92460BAA8946B2E863
:100C900042010A9F9B468B003A78C1F102009A40BC
:100CA000D5B24D4A0E9CC0B21268127C12F00302FB
:100CB0001AD0012A78D0022A37D100295ED028091B
:100CC0000DD02909B9F1000F58F82100206006D095
:100CD000D9F808005A465146036848469847241DEB
:100CE0000AF1010A761E47E031B12909761E58F84B
:100CF000210001C417F8015F022E10DB701006F00E
:100D000001062A0958F8221005F00F02216058F850
:100D100022106160083417F8015F401EF1D1002EE7
:100D200003D0290958F821002060BDE8F09F280968
:100D30000DD02909B9F1000F58F82100206006D024
:100D4000D9F808005A46514603684846984715F0B6
:100D50000F000DD058F820006060B9F1000F07D0E7
:100D6000D9F808005A460AF1010103684846984735
:100D700008340AF1020AB61E17F8015F022ED6DA0D
:100D8000002ED2D02809D0D058F820002060B9F128
:100D9000000FCAD0D9F808005A46514603684846A1
:100DA000BDE8F05F1847FFE7B04200DDF0B2361A49
:100DB000A90903D0216881F0FF0121602907241DC2
:100DC0000D0E401E10F0FF00F2D1002EADD002201B
:100DD00017F8015FE8E70000840200202DE9F047E2
:100DE00081460F4692461C46DDE9085826480068B1
:100DF000007C00F0030010B1022841D11EE0B8F1E0
:100E0000000F0ED00AE0267858F8263052463946B0
:100E1000484601F013FF6D1E7F1C641C002DF2DCA0
:100E20000BE008E0237852463946484601F006FFB9
:100E30006D1E7F1C641C002DF4DC21E0B8F1000F56
:100E40000FD00BE0267836B158F826305246394696
:100E5000484601F0F3FE6D1E7F1C641C002DF1DC82
:100E60000DE00AE026782EB1334652463946484610
:100E700001F0E4FE6D1E7F1C641C002DF2DC00BF3F
:100E800000BFBDE8F0870000840200202DE9FF4F7D
:100E900083B015461E46DDE914BADDE91297DDF888
:100EA0004080119808283FD006DC012809D002288C
:100EB00018D0042863D126E0102844D020285ED121
:100EC0004FE000240BE062193B46CDE900B6CDF8B7
:100ED00008A0DDE90301FFF7E1F94F44641C444534
:100EE000F1DB4CE000240BE062193B46CDE900B693
:100EF000CDF808A0DDE90301FFF772FB4F44641C45
:100F00004445F1DB3BE000240BE062193B46CDE9B0
:100F100000B6CDF808A0DDE90301FFF751FD4F440D
:100F2000641C4445F1DB2AE0002409E062193B46D9
:100F3000CDE9006ADDE90301FFF750FF4F44641C6F
:100F40004445F3DB1BE0002408E062193B460096B1
:100F5000DDE90301FFF77CF94F44641C4445F4DBF1
:100F60000DE0002408E062193B460096DDE903012C
:100F7000FFF7CCFC4F44641C4445F4DB00BF00BFCA
:100F800007B0BDE8F08F00002DE9FF4F8DB0A848F5
:100F9000DDE91D860068DDE91A970C46006EF1F761
:100FA0006FF80690406908B1F1F76AF80A90069860
:100FB000C068089006A8F1F7A1F8A0190E900A9849
:100FC00050B19B490968097C890705D10EACCDF861
:100FD00000900ECCF2F7F6FCDDE90E0102F0F6FC13
:100FE0000446102F03D0182F5CDB002056E00025AC
:100FF0001FE000BFDDE90EB02844DDF828A0109EF8
:1010000002905FEA08010FD020000DD07200EFF7C8
:1010100059FABAF1000F07D0DAF8080033465946FA
:1010200047685046029AB8471C986D1C804408983F
:1010300004444D45DEDBF1E00A980390DDE90EB192
:101040000B985FEA080508440190DDF840A02646A9
:101050001ED0EEB1039830B18068534659464768B8
:10106000019A0398B8470D99286809690968884763
:101070003080039828B180685946019A0368039824
:101080009847B61C2D1D0BF1010BBAF1010AEAD1EC
:1010900008981C9904440B988844401C0B904845C0
:1010A000CADBBBE0082F03D01F9800286CD06DE08E
:1010B000002065E01F9800280A9832D0DDE90EA1D3
:1010C00002900BEB010000901F9804905848109F6D
:1010D000454600682646007C10F0030002D0022836
:1010E00048D109E015F8011B04987F1E30F8210053
:1010F00026F8020BF6D13DE0287858B1049931F872
:1011000020003080029828B180685146009A036818
:1011100002989847B61C6D1C0AF1010A7F1EEBD19C
:1011200028E0DDE90EA101900BEB010002904048A0
:10113000109F464600682546007C10F0030002D050
:10114000022817D105E03A4641462046EFF7BAF9A2
:1011500010E0307840B12880019828B1806851466D
:101160000368DDE901029847AD1C761C0AF1010A0B
:101170007F1EEED108981C99044488440BF10100AD
:101180008346484596DB49E02A481F90002543E006
:101190003846012F04D002281CD0042F37D128E074
:1011A00023480068006EF0F76BFF0690CDF80080D2
:1011B000109A1F990594CDE90310CDE901620F98AB
:1011C0000A992B18DDE90D02FFF7E0F806A8F0F701
:1011D00095FF1CE010991F98CDE90086CDE902101B
:1011E0000F9804942B18DDE90D020A99FFF7AEFA67
:1011F0000DE010991F98CDE90086CDE902100F98F7
:1012000004942B18DDE90D020A99FFF78FFC1C9955
:101210000898884404446D1C4D45B9DB0A980028A1
:1012200002D00AA8F0F76AFF11B0BDE8F08F000005
:1012300084020020ECB501082DE9FF4F8FB0A148D2
:10124000DDE91C960068DDE91F870C46006EF0F7AB
:1012500017FF0690406908B1F0F712FF0A90069850
:10126000C068089006A8F0F749FF04EB070010904B
:101270000A9850B193490968097C890705D410ACD4
:10128000CDF800900ECCF2F79DFBDDE9100102F0E5
:10129000BBFB0446182E15DB002510E01298CDF894
:1012A0000080CDE9010411980A992B18DDE90F029D
:1012B000FFF741FB1E990898884404446D1C4D4576
:1012C000ECDBF6E0102E05D0082E3ED02198002849
:1012D00073D0A7E0002034E01098029011990B9889
:1012E000DDF828A00844DDF848B0464601902546C0
:1012F000BAF1000F07D0DAF80800DDE901214768EC
:101300005B465046B8470F99308809694968884755
:101310002860BAF1000F06D0DAF80800DDE90121F3
:1013200003685046984702982D1D401CB61C029039
:10133000BBF1010BE7D108981E9904440B9888442F
:10134000401C0B904845C7DBB3E0002064E02198C7
:1013500000280A9832D0DDE910A103900BEB0100C0
:101360000190219800905748129F454600682646F4
:10137000007C10F0030002D0022847D108E015F8E5
:10138000011B00987F1E50F8210001C6F7D13DE0F7
:10139000287858B1009951F820003060039828B19E
:1013A00080685146019A036803989847361D6D1C62
:1013B0000AF1010A7F1EEBD128E031E00490DDE95B
:1013C00010A0584402903F48129F454600682646A8
:1013D000007C10F0030002D0022817D105E03A4645
:1013E00041462046EFF76EF810E0287840B13060B3
:1013F000049828B180685146029A03680498984777
:10140000361D6D1C0AF1010A7F1EEED108981E9947
:10141000044488440BF101008346484597DB48E0CB
:1014200029482190002542E0012E04D0022E1CD034
:10143000042E37D128E023480068006EF0F720FE24
:10144000CDF800800690219A12990594CDE90320E9
:10145000CDE9017111980A992B18DDE90F02FFF708
:1014600035F806A8F0F74AFE1CE021981299CDE95C
:101470000210CDE90087119804942B18DDE90F02C2
:101480000A99FFF7D3F90DE021981299CDE90210DE
:10149000CDE90087119804942B18DDE90F020A9911
:1014A000FFF7F0FB1E986D1C8044089804444D45DE
:1014B000BADB0A98002802D00AA8F0F71FFE13B082
:1014C000BDE8F08F840200202CBA0108F8B505466B
:1014D0000E4614461F463B46224631462846009497
:1014E00000F08EF9F8BD08B5009200F025FB08BDAC
:1014F00008B5009200F076FB08BD0000034A1268B0
:10150000527E002A01D1F0F757B9704784020020BB
:101510002DE9F041134E9EB00125B46A04B9F46878
:101520006846F1F7FBFE10480068D0E90C875CB113
:101530002046FEF79FF800B16D1E2046F0F7F6FD3D
:1015400044690CB1002DF3D14046B462F1F71FFF9E
:101550003846F1F711FF6846F1F7C6FE1EB0BDE848
:10156000F08100003003002084020020F8B5064618
:101570000C4617461D4623463A46214630460095FE
:1015800000F03EF9F8BD00002DE9FC47DFF8AC8023
:1015900081461E46D8F8000015468A46006EF0F7D0
:1015A0006FFD0190406908B1F0F76AFD009029468F
:1015B000504602F00BFA04460198C768D8F80000BC
:1015C000017CC90715D0D9F810008068804787B220
:1015D000009820B181682A460B68514698472088B8
:1015E0006D1C784020800198B542C0680444EFDD4E
:1015F00019E0C06B0168009870B11FFA81F800987B
:101600002A4681680B6851469847A4F800806D1CF3
:101610003C44B542F3DD06E0701B401C89B22180DA
:101620003C44401EFBD101A8F0F768FD009800285B
:1016300002D06846F0F762FDBDE8FC878402002016
:101640002DE9FC47284F1E46154638688946006E2E
:10165000F0F716FD0190406908B1F0F711FD009018
:101660002946484602F0D0F9396804460198CA6B09
:10167000097CD0F80C801768C90715D0006800698C
:10168000806880470746009820B181682A460B6829
:101690004946984720686D1C784020600198B54203
:1016A000C0680444EFDD13E0009858B100982A4662
:1016B00081680B684946984727606D1C4444B542D1
:1016C000F4DD05E0701B401C27604444401EFBD144
:1016D00001A8F0F713FD0098002802D06846F0F743
:1016E0000DFDBDE8FC870000840200200170012090
:1016F000704700002DE9F047224C0426A06AE0B1B3
:10170000E06806EBD0014518E800FEF74BFA070049
:1017100036D0216B06EBC700B1460E58E06808369C
:10172000C2003046D4F82880EEF753FFA762266344
:10173000E0684B4601466A1E0EE01248BC30D0E914
:1017400001100830B1FBF0F5AD1CDDE7471C03EBE1
:10175000C00C401C46F80C709042F7D309EBC00057
:101760000022325021626068691A0844E5606060B6
:101770005FEA080001D0F0F7DDFB0020BDE8F0874C
:101780000120FBE74C790120F8B51A4DE86AE8B171
:10179000F1F7D0F8EC6813E02046F0F771FC009008
:1017A000018D090408D5264644696846F0F7A6FC71
:1017B0003046FCF771FF03E044696846F0F79EFC91
:1017C000002CE9D10020E862F2F70CFAA86900B118
:1017D00080470948006808B1804738B90748006861
:1017E00090F8540020B1F1F719FD08B10120F8BDBF
:1017F0000020F8BD30030020A80200208402002051
:10180000F0B50646059CC84DAD8849F24137BD424A
:101810000BD0C54DAD8845F21037BD4205D0C24D45
:10182000AD8846F60407BD427ED1BF4D6D89BF4FDE
:101830003F683D80C1F30F25BD4F3F683D80CDB26D
:10184000BB4F3F683D80C3F30F25B94F3F683D80D4
:10185000DDB2B74F3F683D80B34DAD89B34F3F68B0
:101860003D80C2F30F25B24F3F683D80D5B2B04FE7
:101870003F683D80C4F30F25AD4F3F683D80E5B222
:10188000AB4F3F683D80A84D6D89A84F3F683D80B4
:10189000C1F30F25A64F3F683D80CDB2A44F3F68EE
:1018A0003D80A14DAD89A14F3F683D80C2F30F251A
:1018B0009F4F3F683D80D5B29D4F3F683D80A51A40
:1018C0006D1C5F1A7F1C05FB07F0974D2D89974F04
:1018D0003F683D8006E0974D2D68ED6B2D88944F55
:1018E0003F683D80051EA0F10100F4D18E4D6D8949
:1018F0008E4F3F683D8000258D4F3F683D808C4F67
:101900003F683D80884D2D882D12894F3F683D806E
:10191000854D2D78864F3F683D80834DAD89834F3F
:101920003F683D80002500E011E0814F3F683D8029
:101930007F4F3F683D807C4D6D882D127C4F3F6806
:101940003D80794DAD787A4F3F683D80EAE0764D35
:10195000AD8845F21057BD42F8D1734D6D89734F74
:101960003F683D80C1F30F25714F3F683D806E4D4C
:101970006D896D1C6D4F3F683D80CDB26C4F3F68E7
:101980003D80694D6D89AD1C684F3F683D80C3F354
:101990000F25674F3F683D80634D6D89ED1C634F98
:1019A0003F683D80DDB2624F3F683D805E4DAD894E
:1019B0005E4F3F683D80C2F30F255D4F3F683D801D
:1019C000594DAD896D1C594F3F683D80D5B2584F78
:1019D0003F683D80544DAD89AD1C544F3F683D80FC
:1019E000C4F30F25524F3F683D804F4DAD89ED1C2C
:1019F0004E4F3F683D80E5B24D4F3F683D804A4DB8
:101A00006D894A4F3F683D80C1F30F25484F3F68BD
:101A10003D80454D6D896D1C444F3F683D80CDB282
:101A2000434F3F683D80404DAD89404F3F683D800A
:101A3000C2F30F253E4F3F683D803B4DAD896D1C85
:101A40003A4F3F683D80D5B2394F3F683D80A51A77
:101A50006D1C5F1A7F1C05FB07F0334D2D89334F3A
:101A60003F683D8006E0334D2D68ED6B2D88304F8B
:101A70003F683D80051EA0F10100F4D12A4D6D891B
:101A80002A4F3F683D800025294F3F683D80264D05
:101A90006D896D1C254F3F683D800025244F3F68B0
:101AA0003D80214D6D89AD1C204F3F683D801E4D0E
:101AB0002D882D121E4F3F683D801B4D6D89ED1CFA
:101AC0001A4F3F683D80184D2D78194F3F683D8073
:101AD000154DAD89154F3F683D800025144F3F6877
:101AE0003D80114DAD896D1C104F3F683D80002534
:101AF0000F4F3F683D800C4DAD89AD1C0B4F3F68CB
:101B00003D80094D6D882D12094F3F683D80064D7F
:101B1000AD89ED1C054F3F683D80034DAD78044F06
:101B20003F683D80F0BD000028290020B40000205F
:101B3000B8000020840200202DE9FF4FDFF8A0A0AC
:101B40000C4685B0DAF80000DDF848801F46C16B0E
:101B5000154609680391006EF0F792FA0190294644
:101B6000204601F033FF06460198391B01F1010BB5
:101B7000D0F80C90406950B3F0F782FAA8EB050159
:101B8000491C00915B462A4602902146F1F71AFF54
:101B900002A8F0F7B3FA1AE0DAF80000007CC007F8
:101BA0000DD005985F46344600698068804780B252
:101BB0002188414024F8021B7F1EF9D105E00398DB
:101BC0005A4681B23046F2F755FE4E446D1C4545EB
:101BD000E2DD01A8F0F792FA09B0BDE8F08F00004D
:101BE000840200202DE9FE4F264E1F461446306821
:101BF0000D46DDF83090006EF0F742FA0190214674
:101C0000284601F001FF791B01F1010A3168804685
:101C10000198C96BD0F80CB00E68406958B3F0F762
:101C20002FFAA9EB0401491C009153462246029069
:101C30002946F1F7C7FE02A8F0F760FA1BE0114849
:101C40000068007CC0070CD00198574645460068E4
:101C50000069806880472968414002C57F1EFAD12B
:101C600007E0BAF1000004DD01464046491E40C0CD
:101C7000FCD1D844641C4C45E1DD01A8F0F73EFAE4
:101C8000BDE8FE8F84020020FEB54F4CD4E902016E
:101C9000CDE90001206970B3A089401C00B2ADF805
:101CA00000006189ADF80210B4F90410884207DD24
:101CB0002088ADF80000E08910F10100ADF80200C5
:101CC000BDF90200B4F90610884274DC3F4D286863
:101CD000806CF0F7D5F90290BDF90000B4F900105E
:101CE000884220D1E088ADF80600A088ADF8040055
:101CF0002868806C0FE0FFE72088ADF8000060885E
:101D0000DCE700BFF0F712FA0646006A00226946D7
:101D100000F0D5F8B0690028F4D102980022694695
:101D2000C06900F0CCF8BDF80000ADF804002868E8
:101D3000806C0AE0F0F7FAF90646006A002269466C
:101D400000F046F80028EED1B0690028F2D10298E0
:101D500000226946C06900F03BF80028E3D1B4F9DD
:101D60000400BDF90010ADF80400884207DADDE98F
:101D70000001C4E9020102A8F0F7C0F998E7286859
:101D8000806C08E0F0F7D2F90546006A0022694647
:101D900000F05CF8A8690028F4D102980022694696
:101DA000C06900F053F802A8F0F7A8F9206944F6DA
:101DB0002061884201DD0020FEBDDDE90001C4E9AB
:101DC00002010120FEBD0000B47A0120840200203F
:101DD000FEB517460E460546002433E02846F0F7C8
:101DE0004FF90090856A0146A80726D527B13A46E3
:101DF00001A8F2F730FC03E0D1E90001CDE90101CF
:101E000001A93046F1F754FAB8B1E80702D00098BA
:101E1000C56910E0BDF80800401C308001240CE0CA
:101E200001AA31462846FFF7D3FF00B10124284616
:101E3000F0F77CF9056A002DF2D10098056A684632
:101E4000F0F75CF9002DC9D12046FEBDFEB516465F
:101E50000D46044630E02046F0F712F90090846AFF
:101E60000146A00723D526B1324601A8F2F7F3FBBD
:101E700003E0D1E90001CDE9010101A92846F1F70C
:101E800017FAA0B1E00702D00098C4690DE0BDF8D0
:101E90000400401EA8800AE001AA29462046FFF758
:101EA000D5FF2046F0F742F9046A002CF4D10098DF
:101EB000046A6846F0F722F9002CCCD1FEBDFEB5CD
:101EC00016460D46044648E02046F0F7D9F8009043
:101ED000846A0146A0073BD526B1324601A8F2F735
:101EE000BAFB03E0D1E90001CDE9010101A92846CF
:101EF000F1F7DEF900B3E00702D00098C46925E0ED
:101F000000983EB1B0F90210B6F90200814203DD3B
:101F1000084601E0B0F90200B5F90210814205DA85
:101F2000BDF90600401E03E0E88011E0BDF90A009B
:101F3000B5F906108842F7DB0AE001AA29462046D7
:101F4000FFF7BDFF2046F0F7F1F8046A002CF4D14A
:101F50000098046A6846F0F7D1F8002CB4D1FEBDB1
:101F60002DE9F0410C46C96886B049B306685EB3F6
:101F700094F83000012829D0E2696FF0030320684B
:101F800003EB8202656810446060276A2D1D2846B5
:101F9000A269F1F7AFFE61694FF000080291CDE947
:101FA0000358CDF81480A1690120CDE90001F06843
:101FB000E368E26A456839463046A847C4F80C80B1
:101FC000002006B0BDE8F0810120FAE725686560D1
:101FD000A76ADCE7EFF7AEBF2DE9F0470D46B3F98E
:101FE000041006461C469146B14220DCB4F90800B4
:101FF000B0421CDBB4F90600A84218DCB4F90A2090
:10200000AA4214DB2F1A711A88463A466069F0F723
:1020100045FB60B1B4F90800B4F90410401A401C43
:1020200000FB0780203454F82000BDE8F087D9F881
:1020300000000028F9D0C1682A464B693146BDE846
:10204000F047184700787047012070470246012981
:1020500001D1024870470020FCE700002CB60108BF
:10206000012901D000207047004870472CB60108B4
:10207000012901D000207047004870476CBA010860
:102080000246A1F10900082813D2DFE800F0040697
:10209000080A120C0E10084870470848FCE7084868
:1020A000FAE70848F8E70848F6E70848F4E7084878
:1020B000F2E70020F0E70000593101087F31010804
:1020C000D13001089F2301081926010809260108BB
:1020D000412B0108162901D00020704700487047A5
:1020E000E9300008162901D00020704700487047E9
:1020F000A12F000803460A4699680F2A1FD2DFE87D
:1021000002F01E080A0C0E1E1E1E10121416181ABB
:102110001C00486870478868FCE7C868FAE70869E7
:10212000F8E78869F6E70020F4E70120F2E70120EC
:10213000F0E70020EEE70020ECE70020EAE74FF0B0
:10214000FF30E7E770B500240D46022807DAF0F704
:1021500045F920B1C1688A6A29469047044620465D
:1021600070BD0068C268926A1047082901D000203B
:1021700070472020704710B5F3F770F8B0F5807FF6
:1021800003D0802803D307211AE0082118E0402853
:1021900001D3062114E0202801D3052110E01028E6
:1021A00001D304210CE0082801D3032108E004280E
:1021B00001D3022104E0022801D3012100E0002123
:1021C00001208840401E10BD4FF0FF3070474FF691
:1021D000FF70704770B50024064601253146284639
:1021E000FFF7B0FF844200DA04466D1EF6D52046A4
:1021F00070BD00000146054A0F2000BF02EBC0037E
:10220000DB6B8B4201D9401EF8D570474C79012019
:102210002DE9F04107460C461546A9B2A0B2F3F7E6
:1022200035F906463046BDE8F08110B5084611463E
:1022300001F0CCFB008810BD10B50846114601F036
:10224000E3FB006810BD826800230B804B809389FC
:102250005B1E1BB28B80138A5B1E1BB2CB80704748
:1022600038B50C468068EFF70BFF0090818821801D
:10227000C1886180818802891144491EA180C1887A
:1022800040890844401EE0806846EFF737FF38BDBC
:1022900038B50C468068EFF7F3FE00908188218006
:1022A000C1886180818802891144491EA180C1884A
:1022B00040890844401EE0806846EFF71FFF38BDA4
:1022C0000249096848840020704700008402002009
:1022D00002490968888400207047000084020020B9
:1022E000054A904201D1503A01E000F1080209B1DB
:1022F0008A4200D0104670471C7B01200349884267
:1023000002D1A1F13C0070470C307047DC7B01200A
:102310000021FFF7E5BF0000F0B4124C646814B16F
:10232000A446F0BC6047541E04FB030401EB82008A
:102330000D4DDFF838C0001F2188E41A01F01F0698
:10234000521EAF5DC1F3451605EBD1211CF80660A6
:10235000097801EB062101EB074140F80419EBD1A4
:10236000F0BC70476802002060B8010880B801081E
:1023700010B50468184410C1521EFAD110BD70B5D2
:102380000446F2F76BFF0546F2F780FFAC4201D33B
:10239000002070BD0028FCD050F8240070BD70B53E
:1023A0000446204600F042F8054600220121A069BB
:1023B000F3F7BCFE0543284670BD000070B5184D0C
:1023C0000446E868011DC0E90E01091D0064616151
:1023D000417C05F1240050F82100C1680A6B04F12A
:1023E000080190470F48E066A868E061E868083097
:1023F000606101202076FCF71FFAA064032084F8B6
:1024000070006FF07040206360630020F3F73CFBC6
:102410006FF07F40F3F770FB0348286170BD000048
:1024200078020020586C0108C0B8010870B5044655
:10243000A06858B91C20EFF7A7FDA060A568216926
:10244000886880470646F3F759FFA861A06808B975
:10245000012070BD0020FCE72DE9F041244C94F8E8
:102460002400002841D1012504F1BC0684F8245041
:1024700071684FF42050814200D90146306800F065
:10248000D3FEB06810B970688008B0601A49194866
:1024900008600846F2F7C0F95A20E06100201021D8
:1024A00001FA00F204EBC003401CDA631028F7D3F2
:1024B000D6E900100223C4E902030E18143EC4E951
:1024C0000C6100224FF0040C5B1E05E0571C0CEB66
:1024D000C20E521C46F80E709342F7D82562636014
:1024E000FDF724FBFFF706F9E562BDE8F081000087
:1024F0004C7901202926010870020020FEB51446FF
:102500000D460646EFF712FE0090836A980731D514
:102510002846FDF783F900282CD040F6010003403F
:10252000012B27D03046EFF7ABFD0246009029463D
:1025300001A8F2F790F801A8FDF770F9B8B1009979
:1025400044F22002886A104205D0083101AA0846E8
:10255000F0F7E8FD0BE0DDE9012320438862C1E9E3
:10256000022305498888401C8880F0F7A9FF684647
:10257000EFF7C4FDFEBD00003003002010B5401A87
:10258000029CE41A4443501A94FBF0F0184410BD26
:102590007047884200DD084670472DE9F0478AB051
:1025A0000446002091468A4601900290039006AEB0
:1025B0004FF00308049022E02046EFF761FD4A4601
:1025C00051460090F0F7DAFD00984A46514608302F
:1025D000F0F7D4FD0098D0E907576846EFF78EFD75
:1025E0004A4651462846FFF7D8FFCDF80480CDE98A
:1025F00006A901A920460496FDF78EF93C46002C59
:10260000DAD10AB0BDE8F08710B5044600220621F1
:10261000A069F3F78BFD10BD10B50446002205211B
:10262000A069F3F783FD10BD0B4910B5002081F8B8
:1026300024000146084880223C30F2F7F5F8BC221D
:1026400000210548F2F7F0F803480C220021BDE80C
:102650001040BC30F2F7E8B84C790120084910B5B9
:1026600000208861014678220648F2F7DDF8044828
:1026700008220021BDE810402430F2F7D5B8000050
:1026800078020020147A012010B5034C2069EFF77E
:102690006FFC0020206110BDF802002010B5034C33
:1026A0006068EFF765FC0020606010BD200300202B
:1026B0000B4A10B500215170D162084602F1500456
:1026C00002F14803C2F8101044F8201043F820101B
:1026D000401C0228F8D3116251625161D16110BDD2
:1026E0003003002010B5084CA068EFF741FCE0680B
:1026F000EFF73EFC2069EFF73BFC00202061E06033
:10270000A0606061A06110BDC003002010B5044648
:10271000EFF70CFD806AC00301D5034900E00349CF
:102720002046BDE810400847352D000815F7000881
:102730002DE9FC411F4C80462068806CEFF7A0FC1F
:1027400000904046EFF79CFC01460190009808304D
:10275000F0F7AEFD28B32068009A0199D0E913562E
:10276000083201F10800F1F776FF6846EFF7C6FC82
:10277000114FC7F8248001992068B1F90020C26484
:10278000B1F90210016501A8EFF7B8FC4046FFF768
:10279000BDFF002078622068C0E913560120BDE823
:1027A000FC816846EFF7AAFC01A8EFF7A7FC002020
:1027B000F5E7000084020020300300202DE9FC41F1
:1027C0000546EFF75DFC009090F8281089073DD58D
:1027D000C46939E02046EFF753FC019090F82810C7
:1027E000C94389072BD100990831F0F761FD30B357
:1027F0000098D0E902676846EFF780FC01A8EFF780
:102800007DFC2046FFF794FF70B12046EFF78EFC69
:1028100001902046FFF7D2FF2046EFF787FC01909A
:102820002846EFF783FC00902846EFF729FC00903C
:102830002046EFF725FC01900098C0E90267019857
:10284000046A01A8EFF75AFC002CC3D16846EFF7E1
:1028500055FCBDE8FC81000010B50E4C6168E06AD3
:10286000814209D8401EE062FEF744FFE16A491C3C
:10287000E16208B1002010BD60680422401E606063
:10288000206A216B02EBC0028A582262012201F801
:10289000302010BD4C790120074910B54A68042446
:1028A000521C4A600A6B04EBC0040B6A13510023EC
:1028B00002F83030086210BD4C79012013B5006871
:1028C0000199FFF74DFB0198846801A8EFF716FC0A
:1028D0002046EFF72FFB1CBD10B504464068FFF7FC
:1028E00089FC0146084863680268D21A026000EB5E
:1028F000C102D4E90201403200B1416009B108606F
:1029000010BD106010BD00004C7901207CB50500A1
:1029100025D0144C2068A84206D1EFF7B1FB0090F7
:1029200080682060684611E004462046EFF7A8FB67
:1029300001908068A8420DD1EFF7A2FB01990090A9
:10294000806888606846EFF7D9FB01A8EFF7D6FBEF
:1029500000207CBD044601A8EFF7D0FBE5E701208D
:102960007CBD0000100400202DE9F05FDFF89480AA
:102970008346D8F83440D8F80810601E0F18204657
:10298000D0E90015B9BB6619BE4236D2D6E90019A6
:1029900089B3D8F8303013F83130012B2DD1D8F865
:1029A0002820914201D1012100E000218A46FFF751
:1029B00093FF3068D8F83010042202EBC0004A467A
:1029C0000C5031462046EDF7C2FDBAF1000F05D09C
:1029D000D8F83010321B891AC8F8301004EB0901FE
:1029E0002846FDF7A3F8BBF1000F05D0834503D8B7
:1029F0000020BDE8F09F00E04D462C44BC42BED311
:102A00000120F6E74C7901202DE9F8431F46904656
:102A10000E4605000AD0EFF733FB3A4641460090D8
:102A2000FCF7B2FD28B10098C46912E00020BDE8AF
:102A3000F8836846EFF762FBF8E73B4642463146CB
:102A40002046FFF7E1FF00B105462046EFF76EFB99
:102A5000046A0CB1B442F0D16846EFF74FFB284648
:102A6000E5E7000070B50646064814460D460068C6
:102A7000FBF7EEFE23462A463146BDE87040FFF7DD
:102A8000C3BF000038030020064910B509684A6B2F
:102A9000824206D04863F2F755F8BDE81040F2F7DD
:102AA000F9BF10BD840200201FB504460F4801681D
:102AB000486C38B102680292406803900C48406A42
:102AC00018B901E020460EE0886CEFF7D9FA02A9A8
:102AD0000090FCF705FB6846EFF710FB214602A8C3
:102AE000F1F79CFD02A8F2F7E1FF1FBD8402002070
:102AF00030030020064910B509680A6B824206D0EF
:102B00000863F2F71FF8BDE81040F2F7FBBF10BDF5
:102B10008402002030B509490B681A7C82EA00045F
:102B2000640707D59C6BDB6B25681B6823600B680B
:102B3000DB6B1D6009680874104630BD84020020FC
:102B40007CB504460D4616460020009001908DF895
:102B5000045000966A460421A069F3F7E7FA7CBDA9
:102B60001C490968897E012906D002290ED0032953
:102B700018D0042914D11EE0801DC11700EB11717B
:102B800021F00F01401A0C2808DB09E0C11700EB07
:102B9000917121F00301401A022801DA01207047E7
:102BA00000207047142190FBF1F201FB12000C2869
:102BB000F4DB10380BE0182190FBF1F201FB12005E
:102BC0000C28EBDBA0F110010229E7D3143802280E
:102BD000E6D2E3E7840200200A490B48D1E900323B
:102BE000934202DAC0E9083201E0C0E90823D1E9E2
:102BF00002218A4202DAC0E90A217047C0E90A12BA
:102C0000704700008C7A0120B80200207CB5044691
:102C10000D461646002000900190009501966A46E8
:102C20000321A069F3F782FA7CBD0068C3681B6AC0
:102C300018470068C3681B6A1847000030B5524C3B
:102C4000A48849F24135AC4205D04F4CA48845F2E6
:102C50001035AC421CD14C4C64894C4D2D682C80F5
:102C6000C1F30F244A4D2D682C80CCB2484D2D68FD
:102C70002C80454CA489454D2D682C80C2F30F242F
:102C8000434D2D682C80D4B2414D2D682C8071E0CD
:102C90003D4CA48846F60405AC4224D13A4CA488A5
:102CA000012C03D1384C2488641E611A364C648987
:102CB000364D2D682C80C1F30F24354D2D682C80A6
:102CC000CCB2334D2D682C802F4CA4892F4D2D680C
:102CD0002C80C2F30F242E4D2D682C80D4B22C4DA5
:102CE0002D682C8046E0284CA48845F21055AC4253
:102CF00028D1254C6489254D2D682C80C1F30F24E3
:102D0000234D2D682C80204C6489641C1F4D2D6838
:102D10002C80CCB21E4D2D682C801B4CA4891B4DE1
:102D20002D682C80C2F30F24194D2D682C80164C71
:102D3000A489641C154D2D682C80D4B2144D2D68C7
:102D40002C8017E0104CA488012C03D10E4C248851
:102D5000641E611A0C4C64890C4D2D682C800C4D3E
:102D60002D682980084CA489084D2D682C80084DB9
:102D70002D682A80044C2489044D2D682C80044D34
:102D80002D682B8030BD000028290020B4000020D1
:102D9000B80000207CB510481C46154600680E4659
:102DA000006EEFF76DF901902946304600F00EFEF7
:102DB00004800198406950B1EFF762F90090816892
:102DC0002A460B68314698476846EFF797F901A8FD
:102DD000EFF794F97CBD0000840200207CB5104818
:102DE0001E46144600680D46006EEFF749F9019043
:102DF0002146284600F008FE06600198406950B15F
:102E0000EFF73EF90090816822460B682946984703
:102E10006846EFF773F901A8EFF770F97CBD000081
:102E2000840200202DE9F74FA8B0EFF729F90390AD
:102E300001680891B0F9042029998A420AD1B0F9B1
:102E400006002A99884205D103A8EFF757F92BB05D
:102E5000BDE8F08F0020EFF793FF25900898826976
:102E60009A4818920168487C1790824200D04A74B0
:102E70000398B0F904100991B0F90820B0F906B030
:102E8000A2EB0101B0F90A2001F1010AA2EB0B014A
:102E900001F101012491017C89077DD541690C91E3
:102EA00000F120011B91099A2999A1EB02082A99A6
:102EB000B8F1000FA1EB0B074FF0FF3109DD012244
:102EC00010920022554616926A1ECDF838801E9246
:102ED00009E0AAF10102169200220E92169A0D46FE
:102EE000424410911E92002F09DD0121DDF89090DF
:102EF0001D91A9F101011F9700240B9107E01D917D
:102F0000249C89460021641E1F91E1190B91C06821
:102F1000EFF7B6F82190089804A9C068026B0898EA
:102F2000904710990398FCF72CFF1A90109903987A
:102F3000FCF727FF2290A1E01F98844204DB0B9846
:102F4000844201DC012000E0002026900BEB04000D
:102F500038440790169E8CE000202390224631468C
:102F60000C98EFF79BFB209000287DD01B9800EB7E
:102F7000860104FB0AF001EB80000F90099881198B
:102F800001EB080006900E98864208DB1E988642E8
:102F900005DC269818B100E07EE0012000E000206A
:102FA0000090BDF910100698814215DCBDF9121091
:102FB0000798814210DCBDF91410069881420BDBA2
:102FC000BDF916100798814206DB0146039B089A5B
:102FD0000698FFF701F82390009840B1B6EB08017E
:102FE00020D4E21B1ED40C98EFF758FBD0B90998F7
:102FF000BDF91020304404EB0B01824212DCBDF914
:1030000012208A420EDCBDF9142082420ADBBDF98F
:1030100016208A4206DB229A00920F9A089B1268B9
:1030200000F075F8BDF91010069881421ADCBDF960
:1030300012100798814215DCBDF9141006988142E0
:1030400010DBBDF91610079881420BDBDDE920018A
:103050000DF1180C51F820201A980090BCE80B00D4
:1030600000F055F80F9900E001E0239808601098EF
:103070000644AE427FF470AF1D9804444C457FF483
:103080005BAF1A990398FFF719FC22990398FFF791
:1030900015FC21A8EFF732F80398299981802A9925
:1030A000C18029995144491E0181249A2A991144C9
:1030B000491E4181DDE91710884203D008460349C3
:1030C000096848742598EFF75BFEBDE6840200208E
:1030D0002DE9FC4105460E46174600200090019060
:1030E0002846FFF7A3F9A86878B1AC68606908B909
:1030F000304600E0606960616660A76000960197F5
:103100006A460721A869F3F711F8BDE8FC812DE9AB
:10311000F0410646069C0D461746606AA84205D156
:1031200094F93010206A0844B04203D02146184672
:10313000FEF716FF6068076094F93010606800EBD6
:1031400081006060E06808B9C4E90A65401CE0607D
:10315000C4E90865BDE8F081F8B504460D460020D5
:1031600000902046FFF762F9A06838B1A668356084
:1031700000956A460221A069F2F7D8FFF8BD2DE953
:10318000F04105460E4617462846FFF74FF9A86856
:1031900018B1AC68E66027616661BDE8F0810000A7
:1031A00070B5144C0546D4E90010814212D0FCF7EA
:1031B000C5FE297A027A91420CD12168814209D058
:1031C000FCF7BCFE297A007A814203D16068FCF7E3
:1031D000B5FE60600ECD606880E80E00FFF78EF8E7
:1031E00060602168814203D10846FFF787F82060BC
:1031F00070BD0000E803002030B40446094A0B46C5
:10320000401C07D0581C05D09068411C02D0D168E2
:103210004D1C02D14FF0FF300146C2E9024330BCE1
:10322000F0F7ECBAB8020020F0B58E080023FF22B8
:103230000546002406E0E718B7FBF2FC02FB1C770A
:1032400080C5641CB442F6D3054600240BE004EBB1
:10325000030CBCFBF2FE80CD02FB1ECCBC4501D0B2
:103260000320F0BD641CB442F1D35B1C022BDFD3FE
:103270004E0800230546002407E0E718B7FBF2FCE0
:1032800002FB1C7725F8027B641CB442F5D305468B
:1032900000240CE004EB030CBCFBF2FE35F8027BCF
:1032A00002FB1ECCBC4501D00220F0BD641CB44220
:1032B000F0D35B1C022BDDD300230546002407E07E
:1032C000E618B6FBF2F702FB176605F8016B641C03
:1032D0008C42F5D3054600240CE000BFE718B7FB8D
:1032E000F2FC15F8016B02FB1C77B74201D00120FC
:1032F000F0BD641C8C42F1D35B1C022BDDD3002299
:10330000134602E000F8013B521C8A42FAD3002027
:10331000F0BD00007CB5050020D0EEF7B1FE1049ED
:1033200000904C68AC4214D14068486013E02046DD
:10333000EEF7A6FE01904468AC4207D100980199CF
:103340004068486001A8EEF7D9FE04E001A8EEF756
:10335000D5FE002CEBD16846EEF7D0FE7CBD000018
:10336000100400200A4A816952F82130834202D1B8
:10337000036842F82130416809B102680A600168B7
:1033800009B142684A600021016041607047000055
:103390009C020020006180E80E00104440F8042CDC
:1033A000704700002DE9F74FC8488B469CB0D0E924
:1033B0000010CDE9191092461C98EEF761FE1190AD
:1033C000D0E90454B0F90810D0F80C800A91DFF865
:1033D0000093B0F90A001390D9F800004E46407CE3
:1033E000EFF7ACF9109011980068006940681790E9
:1033F0003068407CEFF74EFA064611A8EEF77EFEE5
:10340000082D01D8012004E0102D01D8022000E091
:1034100004200F90012D21D000271098082871D387
:10342000082D6FD91798B0426CD0D9F80000407CB5
:10343000EFF728FA12900A988000EEF74DFD1B90E6
:1034400000287DD01C98EFF74AFC8146002C78D0EC
:103450002046EEF715FE002618908AE019AFDCE74B
:1034600000200C901898324681684B690CA9984747
:103470000A990446884221D11B98EEF701FE129B5F
:10348000179ACDE900230146169048462246109B24
:10349000FCF758FC03AB0020169A109985C3012055
:1034A0000090CDE9010103460AEB060158460A9A4D
:1034B000F1F70EFC16A8EEF721FE58E0012D1ED004
:1034C00053E00C9801AB09EBE00200F00701049215
:1034D000CDE9057101210091A3E822010AEB060163
:1034E000584401232246F2F72FFE0C98324620441E
:1034F0000C90189881684B690CA998470446002CD9
:10350000DFD134E04FE01B98EEF7BAFD169001468C
:103510000C9B0F98179A03FB0090129BCDE9002398
:103520002246109BFCF70EFC02AB10980021169A65
:1035300087C3012000900AEB060101900C9A01E07C
:103540002EE01EE00BEB020001232246F1F7C0FB48
:1035500016A8EEF7D3FD0C98324620440C9018982C
:1035600081684B690CA998470446002CCBD1C14413
:10357000761C13988642FFF673AF18A8EEF7BEFDCF
:103580000BE0012001A905970090A1E82103514615
:103590005846139B0A9AF1F79BFB1B98EEF7CAFC5F
:1035A0001FB0BDE8F08F1C98EFF799FB8146002C07
:1035B0007ED02046EEF764FD0024189070E00020D5
:1035C0000C901898224681684B690CA998470A9973
:1035D000064688421DD1069400E0641C1898621CBF
:1035E00081684B690CA99847B042F6D0012001A927
:1035F00005970090A1E8210306980A9A261A0AEB7B
:103600000001731C5846F1F763FB761C06FB08901B
:1036100044E0012D1ED03DE00C9801AB09EBE00227
:1036200000F007010492CDE9057101210091A3E8A2
:1036300022010AEB0401584401233246F2F784FDCB
:103640000C98224630440C90189881684B690CA95C
:1036500098470646002EDFD11EE00C9A0F9901AB69
:1036600002FB0190CDE9040701200090A3E82101AD
:103670000BEB02000AEB040101233246F1F728FBB1
:103680000C98224630440C90189881684B690CA91C
:1036900098470646002EE0D109EB08008146641CDD
:1036A000139884428BDB18A8EEF728FD78E7FFE734
:1036B000012001A905970090A1E821035146584631
:1036C000139B0A9AF1F704FB6AE700000CBA0108A1
:1036D000840200202DE9FF4F8DB01F4690460D98C3
:1036E000EEF7CEFC0890B74EB0F90AB000F118041E
:1036F000D0F80C903068407CEFF720F8082801D80B
:10370000012504E0102801D8022500E004250898CE
:10371000AD4A0168096907913168497C52F8211066
:103720000A69079906921668D1F804A091420FD150
:103730000021CDE90441012101AA0091A2E8820201
:10374000B0F908205B4641460E98F1F7C1FA30E126
:10375000202F02D0102F74D02BE1B0F9084008A818
:10376000EEF7CCFC05FB04F0EEF7B6FB5FEA000ACF
:10377000EDD0EEF785FC09900D98EEF781FC00F195
:10378000180408900898012DB0F9087004D0022D93
:1037900013D0042D38D121E00698DDF82490D0F81C
:1037A00010C0BCF1000F01D0012320E001CCB047D4
:1037B00009F8010B7F1EF9D126E00698DDF8249068
:1037C000D0F810C0BCF1000F01D002230FE001CCF3
:1037D000B04729F8020B7F1EF9D115E00698DDF8F5
:1037E0002490D0F810C0BCF1000F07D004233A4653
:1037F00049462046E04704EB870405E001CCB0478A
:1038000049F8040B7F1EF9D10020E900099ACDE99F
:103810000210CDE904200120009001900898414653
:1038200008F10108B0F9082001230E98F1F750FAC9
:10383000BBF1010BA6D109A8EEF760FC5046B6E03B
:10384000FFE7B0F9084008A8EEF758FC05FB04F0C4
:10385000EEF742FB0C9000287BD0EEF711FC0990AC
:103860000D98EEF70DFC00F118040890B0F908006F
:103870008000EEF731FB0B9010B1EEF701FC0A90DF
:103880000898012DB0F9087004D0022D23D0042D22
:1038900069D141E00698DDF82490006988B1079865
:1038A000D0F814C0BCF1000F0BD00B9848B1022324
:1038B0003A4620460A99E04706980123D0F810C0FE
:1038C00040E034F8020B51468847B04709F8010B35
:1038D0007F1EF6D147E00698DDF82490006988B194
:1038E0000798D0F814C0BCF1000F0BD00B9848B16A
:1038F00002233A4620460A99E04706980223D0F868
:1039000010C01FE034F8020B51468847B04729F831
:10391000020B7F1EF6D126E00698DDF824900069A0
:10392000C0B10798D0F814C0BCF1000F12D00B98AA
:1039300080B102233A4620460A99E04706980423BC
:10394000D0F810C03A4649460A98E04704EB4704CD
:1039500009E02EE034F8020B51468847B04749F899
:10396000040B7F1EF6D10020E900099ACDE9021070
:10397000CDE904200120009001900898414608F10B
:103980000108B0F9082001230E98F1F7A1F9BBF165
:10399000010B7FF475AF0B9828B10AA8EEF7AEFBC8
:1039A0000B98EEF7C7FA09A8EEF7A8FB0C98EEF70C
:1039B000C1FA0898002802D008A8EEF79FFB11B0C2
:1039C000BDE8F08F840200209C02002038B5054637
:1039D0000C480C460068006EEEF752FB0090B0F900
:1039E0000620C36800F11801A21A02FB0311B0F906
:1039F000040001EB4501A1EB40046846EEF77EFBB5
:103A0000204638BD8402002038B505460C480C46D7
:103A10000068006EEEF734FB0090B0F90620C36832
:103A200000F11801A21A02FB0311B0F9040001EB26
:103A30008501A1EB80046846EEF760FB204638BDA7
:103A4000840200202DE9F04104460D461646324618
:103A500029462046FEF7DCFB074621698868804737
:103A6000804687EA0803324629462046FFF7E6F8F3
:103A7000BDE8F081FEB50746124815460E460068BF
:103A8000006EEEF7FDFA019029463046FFF79EFFE3
:103A90000446386980688047218841402180019828
:103AA000406950B1EEF7ECFA009081682A460B6845
:103AB000314698476846EEF721FB01A8EEF71EFB5A
:103AC000FEBD000084020020FEB5144815460E46D7
:103AD0000068006EEEF7D4FA019029463046FFF7F1
:103AE00093FF04460198006800698068804701469A
:103AF0002068484020600198406950B1EEF7C0FA54
:103B0000009081682A460B68314698476846EEF770
:103B1000F5FA01A8EEF7F2FAFEBD000084020020DB
:103B200000B52DED048BB0EE409AF0EE609A83B0B4
:103B300051EC190B01F0C6F941EC180B18EE100A04
:103B400018EE901A8DED008B002818BF0120084355
:103B500020F00040C0F17F6000F1E040C00F14D0C1
:103B600019EE101A19EE900A8DED009B002918BF6E
:103B70000121084320F00040C0F17F6000F1E040E7
:103B8000C00F04BF0120ECF78EFDB0EE480A03B071
:103B9000F0EE680ABDEC048B00BD000010B50022F9
:103BA000002801DA01224042002902DA42F0020232
:103BB0004942814204DD0B460146184642F00402A8
:103BC000890200EBD07301EB630191FBF0F08010F0
:103BD0000311144C00F00F00C0F1100134F8130071
:103BE00010FB01F0102907D004EB4303C1F11001D1
:103BF000B3F9023003FB010000F108004FEAE07165
:103C000000EB11704FEA2010510701D5C0F580601C
:103C1000D10701D0C0F50060910701D5C0F58050F3
:103C200010BD00008A6C0108F8B50F4C07462068EB
:103C3000806CEEF725FA00902268D0E90256D2E9AE
:103C40000212C0E902126846EEF758FA3868FBF72C
:103C5000A9FD2068806CEEF713FA0090C0E90256C7
:103C60006846EEF74BFAF8BD8402002000BF7047AB
:103C700010B5044600680E2802D00F2817D108E0BE
:103C8000E0684168012917D10068BDE81040EFF7EE
:103C90001FBC6068FCF740FA084951F820006FF03B
:103CA0007041884203D0EFF767FBEEF7A9FA204690
:103CB000BDE81040FAF7B8BC10BD0000700300204A
:103CC00070B504460D4600202071401EE062294672
:103CD000204600F073FD08B1032070BD94F82E1249
:103CE00094F82F0241EA00204AF65521884201D07B
:103CF0000220F2E794F86900010694F8680041EAAE
:103D0000004194F8670041EA002094F866100843E7
:103D100020F07F400D49884201D10020DDE794F872
:103D20008500010694F8840041EA004194F883007C
:103D300041EA002094F88210084320F07F400349B4
:103D4000884201D10020C8E70120C6E7464154005F
:103D50000146002002E04910421CD0B20129FAD1EC
:103D60007047000070B504466FF00400F5F79AFC48
:103D7000E11704EB5171C1F3C7010D4A1170E1174E
:103D800004EB5171CD104FF47A704543012009497D
:103D900008804FF0E020006940F002004FF0E02181
:103DA000086108464561006940F00100086170BD86
:103DB0006E0000207000002070B504460F480078A7
:103DC000012814D10E48007888B90E480088844232
:103DD00006DB0C48008894FBF0F52846F3F742F820
:103DE0000848008894FBF0F100FB114084B24FF4C6
:103DF0007A7104FB01F000F007F870BDE6000020C6
:103E0000DA000020700000202DE9F0470746002668
:103E10004FF0E020D0F814901148007807FB00F82C
:103E200000BFF2F7B3FB4FF0E020856911E04FF0DF
:103E3000E0208469AC420CD0AC4202D2281B06447C
:103E400003E0A9EB0400284406442546464500D378
:103E500000E0ECE700BFF2F7B9FBBDE8F087000037
:103E60006E00002070B50446002514B1012C0BD162
:103E700003E0F4F751F9054608E0FAF77FF94FF44B
:103E8000A0400549088001E0012500BF00BF0DB139
:103E9000012070BD0020FCE75C0200202DE9F0410C
:103EA00007460E4615461C464FF0000814B904207C
:103EB000BDE8F08117B1012F16D106E0E2B2294624
:103EC0003046F4F793FC804611E009E069024FF4B4
:103ED00000723046FAF77CF96D1C06F50076641E18
:103EE000002CF3D1A04602E04FF0010800BF00BF54
:103EF000B8F1000F01D10020DAE70120D8E7014630
:103F0000002070472DE9F04107460E4614461D4635
:103F10004FF0000817B1012F16D106E0EAB2214692
:103F20003046F5F74BF8804611E009E061024FF4A6
:103F300000723046FAF7B8F9641C06F500766D1E7B
:103F4000002DF3D1A84602E04FF0010800BF00BFEA
:103F5000B8F1000F02D10020BDE8F0810120FBE79D
:103F6000F8B5F1F7BBFDF1F729FA04003BD10025C4
:103F70002846EEF733FA009048B1C0680C21426A37
:103F800068469047010007D00098884704436D1C9D
:103F9000022DEDDB14B126E00120F8BDF1F728FA7F
:103FA000012540F6FF762846EEF718FA0090C0B1DA
:103FB0002846EFF7C9F90420F1F736FE0021324612
:103FC00033460846F1F70AF90020F1F72DFE009874
:103FD0000E21C068426A68469047010001D00098EF
:103FE00088476D1EDFD52046F8BD01E0FBF7BAFF1C
:103FF000FCE7000010B54FF40C71002000F0F8FB56
:10400000184908604FF40C71002000F0F1FB1549CD
:1040100048604FF40A71002000F0EAFB1249086082
:104020004FF40A71002000F0E3FB104908604FF4E0
:104030000071002000F0DCFB0D49086009480068B1
:1040400068B10848406850B10748006838B107486F
:10405000006820B10846006808B1002010BD0120AA
:10406000FCE7000040020020480200204C02002033
:1040700058020020F7B582B016460398019001A8B7
:1040800000F0F8F90546002D02DA0B2005B0F0BD6E
:104090000E4850F825400CB100202070029810B155
:1040A0000020029908700949029841F825000298F9
:1040B00008B1012E01D00020E8E7002203A902A8E0
:1040C00000F006F807463846E0E700004079012096
:1040D0002DE9F74F88B0002108980160099800F099
:1040E000C9F907900798002803DA0B200BB0BDE848
:1040F000F08FD549079851F820400CB90C20F5E70E
:1041000008980460207878B16078FFF7F8FE804660
:1041100008F0010040B90A9820B108F0040008B185
:104120000A20E3E70020E1E7002020700798607094
:104130006078FFF797FE804608F0010008B1032081
:10414000D4E70A9820B108F0040008B10A20CDE7AE
:10415000002739462046FFF7B3FD0546012D01D063
:104160006DBB2CE0002614E004F5F77101EB06109E
:10417000017951B1C17A0A06817A42EA0142417A53
:1041800042EA0121027A114300E000214DF8261095
:10419000761C042EE8D3002606B1761E00BF5DF81B
:1041A000267027B139462046FFF78AFD00E002203D
:1041B00005461DB1701C06460428F0D300BF032D30
:1041C00001D1012092E70DB10D208FE73B20015D69
:1041D00094F83C0041EA0020B0F5007F01D00D20AA
:1041E00084E74620015D94F8470041EA0029B9F1CF
:1041F000000F0ED194F85700010694F8560041EADA
:10420000004194F8550041EA002094F8541040EA27
:104210000109C4F818904020005DE070E0780128A2
:1042200004D0E078022801D00D205FE7E07809FB98
:1042300000F93D20005DA070A07818B1A078411E63
:10424000084008B10D2051E74120015D94F842007B
:1042500041EA00202081207A00F00F0008B10D20F3
:1042600044E74320015D94F8440041EA002BBBF190
:10427000000F0ED194F85300010694F8520041EA61
:10428000004194F8510041EA002094F8501040EAAF
:10429000010B3E20015D94F83F0041EA00200490AC
:1042A000049808B90D2021E704984844218900EBBF
:1042B000111006900698834501D20D2016E7069846
:1042C000ABEB0000A178B0FBF1FABAF1000F01D11D
:1042D0000D200BE7012540F6F670824500D302253C
:1042E0004FF6F670824500D303250AF102006061A3
:1042F000E76104983844206206983844A062032D90
:1043000016D1208908B10D20F0E694F85F0001066F
:1043100094F85E0041EA004194F85D0041EA002013
:1043200094F85C100843606260698000059014E0B6
:10433000208908B90D20D9E6206A48446062022D20
:1043400002D16069400007E0207D00F00100616952
:1043500001EB410100EB51000590A169059800F2C5
:10436000FF10B1EB502F01D20D20BFE64FF0FF3010
:104370002061E06080206071032D5AD194F86010B4
:1043800094F8610041EA0020012852D1791C2046AE
:1043900000F014FAE8BB0020607194F82E1294F833
:1043A0002F0241EA00204AF65521884241D13320AC
:1043B000005D01063220005D41EA00413120005DD0
:1043C00041EA002094F8301008432049884230D157
:1043D00094F81702010694F8160241EA004194F895
:1043E000150241EA002094F8141208431849884243
:1043F0001FD194F81B02010694F81A0241EA004109
:1044000094F8190241EA002094F818120843206138
:1044100000E00EE094F81F02010694F81E0241EA43
:10442000004194F81D0241EA002094F81C12084350
:10443000E060257007480088401C80B2054908806C
:10444000E080002052E60000407901205252614194
:10445000727241615E02002000BF054A128802F0BC
:104460004002002AF9D0C2B2014B9A807047000086
:104470000010014070B502464FF0FF301568E5B1FD
:10448000116800E0491C0D78202D02D30D783A2DDB
:10449000F8D10D783A2D0FD1146814F8015BA5F10D
:1044A00030030A2B07D28C4205D1032B03D21846C6
:1044B0004D1C2946156070BD002000BFFBE70000C1
:1044C0000EE00848006808B9012000E00020054916
:1044D00008604FF4FA73002211461046F2F7FEFC12
:1044E000EFE70000940240421CB5A820FFF73AFC19
:1044F0004FF4A060F1F7A8FF4FF4E13000F000FAAC
:10450000F5F720F9F9F73AFE4FF478403C49088076
:104510003CA010210B46C822CDE9001032211E20FC
:10452000F1F7BEFC3BA010210B46C822CDE90010DC
:1045300046211E20F1F7B4FC39A010210B46C822F9
:10454000CDE900105A211E20F1F7AAFC23E039A082
:1045500010210B46C822CDE9001096211E20F1F74C
:104560009FFC4FF4FA70FFF727FC38A010210B4690
:10457000C822CDE9001096211E20F1F791FC4FF4DE
:10458000FA70FFF719FC3648006808B9012000E00E
:10459000002033490860F9F743FE4EF61471884253
:1045A000D5D130A010210B46C822CDE900109621AC
:1045B0001E20F1F775FCF9F745FAF1F7E7FE002048
:1045C00000F062F8022000F05FF8FFF713FD2949C0
:1045D0000122086828A1FFF74DFD264901224868FD
:1045E00026A1FFF747FDF1F739FF0023244A1946BA
:1045F0002448F2F72FF9F2F7E1F800201CBD000083
:10460000000000206D63756465762053544D33328D
:1046100046340000535049205445535400000000D4
:104620006D63756465762E74616F62616F2E636F62
:104630006D00000057323551313620436865636B99
:10464000204661696C65642100000000506C656162
:10465000736520436865636B2120202020202000A3
:1046600094024042573235513136205265616479A7
:104670002100000040020020303A0000313A0000E2
:10468000240600203D48010810B504460C4951F8A5
:1046900024104A000B4951F82400002100F0BCF816
:1046A000094951F8242007490C3951F82400002108
:1046B00000F0B2F8012103480C30015510BD000094
:1046C000E86A010890000020006B01082DE9F0471E
:1046D00004460F460025A9462548005D20B9244818
:1046E00020380168204688471FB94FF0FF30BDE8E9
:1046F000F087204850F82400B7FBF0F086B21D4840
:1047000050F82400B7FBF0F100FB117008B1701CE9
:1047100086B2194850F82400451E24E014480C388D
:1047200050F8240030F8150020B909F101001FFAF3
:1047300080F901E04FF00009B14513D14FF00008B6
:1047400009E00B480C3850F8240005EB080120F86C
:10475000116008F10108B045F3D3064850F8240071
:104760006843C4E76D1E002DD8DA4FF0FF30BEE776
:104770009C000020F46A0108E86A010810B50146AF
:104780000023002207E00B4850F8210030F8120007
:1047900000B15B1C521C084850F821009042F2D82E
:1047A00064205843044C54F82140B0FBF4F0C0B2EC
:1047B00010BD000090000020E86A010870B50446B2
:1047C0000D46E06AA84210D0204600F069F808B112
:1047D000012070BD607801232A4604F13001FFF703
:1047E0005DFB08B10120F4E7E5620020F1E700007D
:1047F00070B504460E4631462046FFF767FF054672
:10480000681C08B9002070BD024850F824002844F4
:10481000F9E700008400002030B5034601E003F80A
:10482000011B141EA2F10102F9D130BD00BF011E0F
:10483000A0F10102D0B2FAD17047000070B5054670
:1048400001210803F3F758F8EEF73EF8F1F7DAFF25
:10485000EBF73AFD044604230B4A00210B48F1F71D
:10486000F9FF02230A4A00210A48F1F7F3FF032364
:10487000094A00210948F1F7EDFFFF20F2F79CFA01
:104880002046EBF725FD70BD24290020EB3F0108F1
:1048900024080020ED48010824090020C144010833
:1048A00070B504462079F8B1E56A607801232A469C
:1048B00004F13001FFF726FB08B1012070BD002094
:1048C0002071206A281AA16988420DD2E67809E091
:1048D000A0690544607801232A4604F13001FFF7FE
:1048E00011FB761E022EF3D20020E7E707E0EEF779
:1048F000ABFE0523002211461046F2F7EFFAF6E769
:1049000010B588B0044601210846F2F7F5FF0121F1
:104910001020F3F711F8072209212448EDF712F9C6
:1049200007220A212148EDF70DF94FF4C0600690E7
:1049300002208DF81C008DF81D0000208DF81E004F
:1049400001208DF81F0006A91848EDF7B3F802946E
:104950000020ADF80C00ADF80E00ADF81000ADF879
:1049600014000C20ADF8120002A91148F9F768FBF9
:1049700001210F48F9F709FB40210D48F9F7FCFA2E
:10498000012240F225510A48F9F735FB25208DF820
:10499000040003208DF805008DF8060001208DF835
:1049A000070001A8F1F714FD08B010BD0000024097
:1049B0000010014010B591EA030F48BF83F0004397
:1049C00000F15483841A71EB030C05D2121943EBE6
:1049D0000C03001B61EB0C01DFF824E14FEA1154DA
:1049E000A4EB135C1EEA430F18BF9EEA445F73D02A
:1049F00023EA0E03DCF1200E21EA045143F4801374
:104A000032D322FA0CFE10EB0E0023FA0CFE41EB1F
:104A10000E01CCF1200E03FA0EFE10EB0E0051F148
:104A20000001B1F5801FCCF1200E32D201EB045110
:104A300012FA0EF2BDE8104058BF7047401C38BF54
:104A40005FEA420218BF7047002814BF20F001003F
:104A500041F100014FEA410313F5001F38BF7047D1
:104A6000A1F1C04100F0E6B9012A43EB0302ACF129
:104A7000200CDCF11F0E32BF4FF0000E23FA0CF3B6
:104A800010EB030041EB0451B4EB115FD0D0A1EB6C
:104A9000045101F5801149085FEA300001EB04512F
:104AA0000ED350F1000038BF12FA0EFE08D1BDE857
:104AB0001040C9E7401C38BF5FEA4202CAD1C3E7D1
:104AC000BDE810404FEA410313F5001F38BF70479F
:104AD000A1F1C04100F0AEB99EEA445F08D011EAEE
:104AE0005E0FBDE8104004BF01F000410020704798
:104AF000BDE8104070B500F04FF900BF64FBBE3E4A
:104B00000000E0FF491058BFC1F140415B1058BFA1
:104B1000C3F140438B42EFF3008070474FEA1153DB
:104B2000A3F58063D3F11E03A8BFD3F1200C08DBEB
:104B30004FF0004242EAC12252EA505232FA03F0E8
:104B4000704709420BD4102BC4BF0020704703F5F7
:104B5000787CBCF1FF3F05D04FF0FF3070474FF03D
:104B60000000704770B500F017F900BF499224802B
:104B700000207047F0E710F0004248BF4042B0FA12
:104B800080F310FA03F10AD0C3F11D0303F580632B
:104B90004FEA415002EB035202EBD12170474FF034
:104BA00000007047B0FA80F310FA03F10AD0C3F1A5
:104BB0001D0303F580634FEA41504FEA035202EBB5
:104BC000D12170474FF000007047000051EA030CFC
:104BD00017D41CF5801F58BFBCF5801F00F106805C
:104BE000994218BF704708BF9042704707D711F528
:104BF000801F58BF13F5801F19D49942704789420E
:104C000070471CF5801F08D5BCF5801FF7D58B4277
:104C100018BF704708BF824270474FF4001C1CEB5E
:104C2000410F38BF1CEB430F01D28B42704770B568
:104C300000F0B2F8922449004FF000514FF0805339
:104C4000FFF760BFDFF848C170B51CEA111E1EBF38
:104C50001CEA13159EEA0C0F95EA0C0F00F06F800A
:104C600081EA030423EA4C134EEAD47E21EA4C1174
:104C700041F4801143F48013AE44A1FB024CA0FB2D
:104C80000365AEF17F7E361955EB0C05A1FB034C95
:104C90004CF10003A0FB021C16EB0C06654153F11E
:104CA0000003094218BF46F0010613F4007F0BD140
:104CB0004FEA03314FEA0530340341EA155140EA27
:104CC00016506FF003020AE04FEAC3214FEAC520F5
:104CD000F40241EA555140EA56506FF0020202EBED
:104CE0002E4201EB025585EACE710AD05FEA440CF0
:104CF00018BF24F0004450F1000041F1000120EA07
:104D0000D47040F2FE7C624500D270BDA84214BF50
:104D10004FF080444FF04044002E08BF0024BEF105
:104D2000806FA8BFA1F1C041BDE8704080F28280D1
:104D30004FF0000001F1C04101F0004170479EEAD0
:104D40000C0F0CEA131518BF95EA0C0F06D04FF0A4
:104D5000000081EA030E0EF0004170BD00F01CF867
:104D60008900013E00F007B800F009B84FEA430C93
:104D70005FEA5C5C08D081EA030100F05BB84FEAAF
:104D8000410C5FEA5C5CF6D14FF0000001497047CE
:104D90000000FF070000F87F0EF1020E2EF0030E58
:104DA0005EF8046B364205D4012A43EB030515F582
:104DB000001F12D8012841EB010C1CF5001F0CD874
:104DC0000ED14FEAD17C15F5001F0CEB4C0C0CF109
:104DD000020C08BF4CEBD37C04E04FF0080C01E060
:104DE0004FEAD37C0CEB4C0526FA05F606F00706D5
:104DF000B6F1040C06D20EEB860CBDE870404CF008
:104E0000010C6047DFE80CF0090B02024FF0004193
:104E10004FF00000A1F5002170BD19461046012891
:104E200051EB010418BFD4F5001484BF002001F039
:104E3000004170BD0808A0F500114FEA310170472C
:104E400053EA010C17D41CF5801F58BFBCF5801F16
:104E500000F106808B4218BF704708BF824270473E
:104E600007D713F5801F58BF11F5801F19D48B4247
:104E700070479B4270471CF5801F08D5BCF5801F0A
:104E8000F7D5994218BF704708BF904270474FF45A
:104E9000001C1CEB430F38BF1CEB410F01D29942A1
:104EA00070470FB40CBC03BCFFF7C1BE91EA030FFF
:104EB00010B581F000413FF585AD83F0004300F06F
:104EC000D5B800002DE9F04101F5801CBCF5001FAC
:104ED000C0F2A9804FEA115C21EA0C510CF1FD0CE3
:104EE00041F480115FEA5C0C0CF5C07C01D34000FA
:104EF000494130A4890241EA905187028E0E0A0C82
:104F0000A45D04FB04F602FB06F6C6F14046A4FBD2
:104F10000662F60D46EA422606FB06F4A4FB0123D0
:104F20005242C3F1404338BF5B1EA6FB024200243D
:104F3000E6FB0324D20B42EA4446A6FB0623A1FB70
:104F400002E2A3FB07E4E3FB61426442C2F1404E8C
:104F500038BFAEF1010EA6FB04234FF00002E6FBC2
:104F60000E32A2FB03463400E2FB6264A1FB06E6BC
:104F7000A4FB07E8E4FB61687642C8F1405838BFFB
:104F8000A8F10108A2FB06E4A3FB08E5E2FB6854D4
:104F9000A1FB05E6A7FB04E8E1FB648618F1200508
:104FA00056F10006A809A8F11B08B10908F03F084E
:104FB000B8F10A0F40EA86601CD901EB0C51BDE83C
:104FC000F08100BFFCF5EEE8E2DDD8D3CFCBC7C35C
:104FD000C0BDB9B6B4B1AEACA9A7A5A3A19F9D9B16
:104FE0009A9896959392908F8D8C8B8988878685D9
:104FF00084838281A0FB006800FB01F208EB420879
:10500000B8EB872807D5341858EB0104D5D5401CD8
:1050100051F10001D1E7341A78EB0104CDD4401EE0
:1050200071F10001C9E75FEA4C0C5FEA9C5C0DD1AD
:1050300005D34FF0000001F00041BDE8F081BDE86C
:10504000F04170B5FFF7A8FE6DDBFFBEBDE8F04193
:105050004FF00000004970470000F87F10B591EA5A
:10506000030F48BF83F000433FF5ACAC841A71EBEB
:10507000030C07D212198CF0004C43EB0C03001BFD
:1050800061EB0C01DFF8A4E14FEA1154A4EB135CCF
:105090001EEA430F18BF9EEA445F00F0B08023EA87
:1050A0006E03524221EA0451C3EB6E0338BF5B1E0C
:1050B000DCF1200E25D322FA0CFE10EB0E0043FA91
:1050C0000CFE41EB0E01CCF1200E03FA0EFE10EBAC
:1050D0000E0051F10001CCF1200E29D412FA0EF28B
:1050E00001EB0451BDE8104058BF7047401C1CBF85
:1050F000B2F1004F704700280CBF491C20F001009E
:10510000704712EB020E43EB030218BF4FF0010E83
:105110004EEA4202ACF1200CDCF11E0E54D943FAE7
:105120000CFE10EB0E0051F1FF31CCF11E0ED5D567
:105130000EF1010E12FA0EFE404141EB010101EBAE
:10514000445C5FEA5C5C10D910EBDE7001EB04514B
:1051500038BFBEF1004FBDE8104018BF70470028AF
:105160000CBF491C20F00100704730D24FEAD42C0C
:1051700011F5001124F400641BD0B1FA81F20B3A4E
:10518000A41AA41ED2F12003914030FA03F319436C
:10519000904001EBCC71002C01EB0451BDE81040B4
:1051A000A8BF704701F1C0414FF0000001F000417D
:1051B0007047B0FA80F310FA03F100D110BDE41A81
:1051C000173C4805C90AE4E701EB045110BD49103A
:1051D00001EB0451BDE810404FEA300002E04FF00F
:1051E000000170474A0008BF0042F8D0B2F5001F26
:1051F00028BF704701F000414FF0000070479EEA61
:10520000445F07D011EA5E0FBDE8104004BF0021E3
:1052100000207047BDE8104070B5FFF7BDFD00BF2E
:1052200040DFF63E83F00041104670470000E0FF8B
:1052300043004FEAD30C4FEA3C0C43401FBF4007EA
:105240000CF1605113F0FE4F70471CF0006F03D15A
:1052500000200CF0004170470CF0004343EA50700E
:1052600010B540EACC0000F00EF800BF000000923C
:105270004FEA0001FFF7DEBD4FF000414FF00000A4
:10528000A1F5002170470EF1020E2EF0030E5EF81C
:10529000044B244204D44FEA4102B2F17F4F11D8AB
:1052A0004FEA4003B3F17F4F0CD80ED14FEAD07CC8
:1052B000B2F17F4F0CEB4C0C0CF1020C08BF4CEB25
:1052C000D17C04E04FF0080C01E04FEAD17C0CEBFC
:1052D0004C0324FA03F404F00704B4F1040C06D2DE
:1052E0000EEB840CBDE810404CF0010C6047DFE889
:1052F0000CF0070802024FF00040A0F5800010BD3E
:105300000846420018BFD2F1807288BF00F000400A
:1053100010BD4FF04070E1EE100A70470000000031
:105320000000000000000000000000003F400000FE
:10533000000000000000300040003000400000008D
:1053400009000BC03D000BC03D00090018C02440FF
:105350007FE0224031800000180024C01B000D8037
:105360003240018003801C4027401C8007400040E1
:1053700010006000000000000000000000000000BD
:1053800000001F80204040200000402020401F805F
:1053900000000000090006001F8006000900000050
:1053A000040004003F8004000400000000100060BE
:1053B00000000000000000000400040004000400DD
:1053C0000400000000000040000000000000000099
:1053D000002001C006003800400000001F8020406F
:1053E000204020401F800000000010403FC00040CF
:1053F0000000000018C02140224024401840000056
:1054000010802040244024401B80000002000D003A
:1054100011003FC0014000003C8024402440244053
:10542000238000001F80244024403440038000007B
:105430003000200027C03800200000001B802440DE
:10544000244024401B8000001C0022C02240224037
:105450001F80000000000000084000000000000065
:1054600000000000046000000000000000000400D4
:105470000A001100208040400900090009000900CD
:105480000900000000004040208011000A000400D4
:105490001800200023402400180000001F80204036
:1054A000274029401F400000004007C039000F007E
:1054B00001C0004020403FC0244024401B80000029
:1054C0001F802040204020403080000020403FC00E
:1054D000204020401F80000020403FC024402E403C
:1054E00030C0000020403FC024402E0030000000AB
:1054F0000F001080204022403380020020403FC037
:10550000040004003FC02040204020403FC0204015
:10551000204000000060202020203FC0200020000C
:1055200020403FC024400B0030C0204020403FC0FE
:1055300020400040004000C03FC03C0003C03C0091
:105540003FC0000020403FC00C4023003FC020006F
:105550001F802040204020401F80000020403FC08E
:1055600024402400180000001F802140214020E03A
:105570001FA0000020403FC02440260019C000406A
:1055800018C02440244022403180000030002040D8
:105590003FC020403000000020003F80004000401D
:1055A0003F80200020003E0001C00700380020009E
:1055B000380007C03C0007C038000000204039C058
:1055C000060039C0204000002000384007C03840A5
:1055D00020000000304021C02640384020C000009C
:1055E000000000007FE0402040200000000070002C
:1055F0000C000380004000000000402040207FE0BD
:10560000000000000000200040002000000000001A
:10561000001000100010001000100010000000002A
:10562000400000000000000000000280054005402E
:1056300003C0004020003FC004400440038000003D
:105640000000038004400440064000000000038086
:10565000044024403FC00040000003800540054056
:1056600003400000000004401FC0244024402000EC
:10567000000002E0055005500650042020403FC0C5
:105680000440040003C000400000044027C0004064
:105690000000000000100010041027E000000000CF
:1056A00020403FC00140070004C00440204020408B
:1056B0003FC000400040000007C0040007C00400D5
:1056C00003C00000044007C00440040003C00040C1
:1056D000000003800440044003800000041007F031
:1056E0000450044003800000000003800440045084
:1056F00007F00010044007C002400400040000004E
:10570000000006400540054004C000000000040001
:105710001F80044000400000040007800040044057
:1057200007C000400400070004C001800600040018
:10573000060001C0070001C006000000044006C0CA
:10574000010006C0044000000410071004E00180BE
:10575000060004000000044005C0064004400000AC
:105760000000000004007BE040200000000000007A
:105770000000FFF000000000000040207BE004007B
:105780000000000040008000400020002000400099
:105790000000000000000000000000000000000009
:1057A0000000000000001FCC000C00000000000002
:1057B00000000800300060000800300060000000B9
:1057C000022003FC1E20022003FC1E2002200000F9
:1057D00000000E1811043FFF10840C780000000038
:1057E0000F0010840F3800C007781884007800007C
:1057F00000780F8410C411240E9800E4008400087F
:1058000008006800700000000000000000000000B8
:1058100000000000000007E018182004400200000B
:10582000000040022004181807E0000000000000FB
:105830000240024001800FF001800240024000005F
:105840000080008000800FF8008000800080000051
:105850000001000D000E000000000000000000002C
:1058600000000080008000800080008000800080B8
:105870000000000C000C0000000000000000000010
:1058800000000006001800600180060018002000DB
:10589000000007F0080810041004080807F00000D2
:1058A0000000080408041FFC0004000400000000BD
:1058B00000000E0C10141024104411840E0C000073
:1058C00000000C1810041104110412880C70000060
:1058D000000000E00320042408241FFC0024000032
:1058E00000001F981084110411041088107000002B
:1058F000000007F0088811041104188800700000E7
:1059000000001C00100010FC13001C001000000020
:1059100000000E3811441084108411440E38000029
:1059200000000700088C10441044088807F00000AD
:10593000000000000000030C030C00000000000049
:10594000000000000001010600000000000000004F
:10595000000000800140022004100808100400002C
:105960000220022002200220022002200220000049
:10597000000010040808041002200140008000000C
:1059800000000E001200100C106C10800F000000C0
:1059900003E00C1813E4142417C4082807D00000EF
:1059A0000004003C03C41C40074000E4001C000449
:1059B00010041FFC1104110411040E880070000073
:1059C00003E00C1810041004100410081C10000050
:1059D00010041FFC100410041004080807F0000055
:1059E00010041FFC1104110417C41004081800004F
:1059F00010041FFC1104110017C010000800000063
:105A000003E00C181004100410441C78004000003F
:105A100010041FFC10840080008010841FFC100400
:105A20000000100410041FFC10041004000000000B
:105A300000030001100110011FFE10001000000003
:105A400010041FFC110403801464181C10040000CF
:105A500010041FFC1004000400040004000C0000EB
:105A600010041FFC1F0000FC1F001FFC100400009E
:105A700010041FFC0C04030000E010181FFC1000B1
:105A800007F00808100410041004080807F00000CC
:105A900010041FFC10841080108010800F00000084
:105AA00007F0081810241024101C080A07F2000040
:105AB00010041FFC1104110011C011300E0C000461
:105AC00000000E1C11041084108410441C380000C7
:105AD0001800100010041FFC100410001800000033
:105AE00010001FF810040004000410041FF8100038
:105AF00010001E0011E0001C007013801C0010003C
:105B00001FC0103C00E01F0000E0103C1FC0000060
:105B10001004180C163401C001C01634180C1004FF
:105B200010001C00130400FC13041C0010000000F3
:105B30000804101C1064108413041C0410180000C6
:105B40000000000000007FFE400240024002000012
:105B5000000030000C0003800060001C0003000007
:105B600000004002400240027FFE000000000000F2
:105B70000000000020004000400040002000000025
:105B8000000100010001000100010001000100010D
:105B90000000400040002000000000000000000065
:105BA00000000098012401440144014400FC000469
:105BB00010001FFC00880104010400880070000030
:105BC0000000007000880104010401040088000046
:105BD0000000007000880104010411081FFC00048B
:105BE000000000F8014401440144014400C80000E1
:105BF0000000010401040FFC11041104110018003D
:105C0000000000D601290129012901C9010600006F
:105C100010041FFC008401000100010400FC0004CA
:105C200000000104190419FC000400040000000035
:105C30000000000300010101190119FE000000002D
:105C400010041FFC0024004001B4010C01040000FA
:105C50000000100410041FFC0004000400000000F9
:105C6000010401FC0104010001FC0104010000FC2D
:105C7000010401FC008401000100010400FC000497
:105C8000000000F8010401040104010400F8000010
:105C9000010101FF0085010401040088007000007B
:105CA00000000070008801040104010501FF0001EB
:105CB0000104010401FC00840104010001800000D2
:105CC000000000CC012401240124012401980000DB
:105CD00000000100010007F80104010400000000B9
:105CE000010001F8000400040004010801FC0004A4
:105CF000010001800170000C0010016001800100B2
:105D000001F0010C003001C00030010C01F0010075
:105D100000000104018C00740170018C010400007A
:105D2000010101810171000E001801600180010074
:105D300000000184010C013401440184010C0000C5
:105D4000000000000000000001003EFC4002400294
:105D50000000000000000000FFFF00000000000045
:105D60000000400240023EFC010000000000000074
:105D70000000600080008000400040002000200003
:105D80000000000000000000000000000000000013
:105D90000000000000000000000000000000000003
:105DA00000000000000000000000000000000000F3
:105DB0000000000F80380FFE380F80380000000010
:105DC00000000000000000000000000000000100D2
:105DD000000600000C000038000031000006000042
:105DE0000C0000380000300000000000000000003F
:105DF00061800067F807F9800061800061800061C0
:105E0000800061800067F807F98000618000000071
:105E100000000000000001C0E003E0F006300804CC
:105E200018081FFFFE040E080787F00381E000003A
:105E30000000000001F000060C00040408060C70CD
:105E400001F9C0000E00003BE000EC180708080450
:105E50000C180003E00000000001E00007F003F868
:105E600018041C0804170807E1D003C0E00023B0A1
:105E7000003C0800200800001000000000000001A5
:105E800000003100003200001C0000000000000093
:105E90000000000000000000000000000000000002
:105EA00000000000000000000000000000000000F2
:105EB0007F0001FFC00780F00C00181000042000D4
:105EC000020000000000002000021000040C001876
:105ED0000780F001FFC0007F00000000000000000C
:105EE000000000000000000000000000420000660A
:105EF00000006600003C0000180003FFC00018000E
:105F0000003C000066000066000042000000000047
:105F1000080000080000080000080000080001FF59
:105F2000C000080000080000080000080000080089
:105F300000000000000100003100003200001C00E1
:105F40000000000000000000000000000000000051
:105F50000000000000000000080000080000080029
:105F60000008000008000008000008000008000009
:105F70000800000800000000000000000000000011
:105F80003800003800003800000000000000000069
:105F90000000000000000000000000000000000001
:105FA000000600001C000070000180000E00003898
:105FB0000000C0000700001C0000300000000000CE
:105FC000000000007F8001FFE003807006001804DD
:105FD000000804000806001803807001FFE0007F3D
:105FE000800000000000000000000100080100081F
:105FF00001000803FFF807FFF80000080000080090
:10600000000800000000000000000001C03802C0CD
:1060100058040098040118040218040418061C18F7
:1060200003F81801E0F80000000000000000000183
:10603000C0E003C0F00400080408080408080618BB
:106040000803F41801E7F00001E000000000000080
:10605000000000000300000D0000110000610000BE
:10606000810803010807FFF80FFFF800010800018D
:10607000080000000000000000E007FCD00608084F
:10608000061008061008061008061838060FF00655
:1060900007C0000000000000000000003F8001FF7A
:1060A000E0038430020818041008041008041008E3
:1060B000071810030FF00007C000000000000000E8
:1060C000000003C0000700000600000600F80607F5
:1060D000F806180006E000070000060000000000B7
:1060E00000000001E1E003F7F00634100418080492
:1060F0001808040C08040C0806161803F3F001C174
:10610000E000000000000000F80003FC3003063847
:106110000402080402080402080404100308F00141
:10612000FFC0007F00000000000000000000000031
:106130000000000000000000703800703800703867
:10614000000000000000000000000000000000004F
:10615000000000000000000000000000301A0030C5
:106160001C00000000000000000000000000000013
:1061700000000000000000080000140000220000E1
:10618000410000808001004002002004001008004F
:106190000800000000000000210000210000210094
:1061A000002100002100002100002100002100004A
:1061B0002100002100000000000000000000080095
:1061C000080400100200200100400080800041000F
:1061D000002200001400000800000000000000037E
:1061E000C00004C000040000080038080F38080888
:1061F000380810000C300007E00003C00000000069
:10620000000000003F8000FFE0038070020F1006D6
:10621000708804C088048308047F8802C09003014A
:106220002000FE400000080000180001F8003E08B1
:1062300001C20007020007E20000FE00001FC800C4
:1062400001F800003800000804000807FFF807FF05
:10625000F8040808040808040808040808061808D0
:1062600003F41801E7F00001E00000000000000066
:106270003F8001FFE0038070020018040008040062
:10628000080400080400100600200780C000000079
:1062900004000807FFF807FFF804000804000804DA
:1062A000000804001802001003807001FFE0007F66
:1062B0008000000004000807FFF807FFF804080842
:1062C000040808040808040808043E080400080636
:1062D000001801006000000004000807FFF807FF35
:1062E000F8040808040800040800040800043E003C
:1062F0000600000600000180000000000000000011
:106300003F8001FFE00380700600180400080402CB
:10631000080402080203F00783F0000200000200F4
:1063200004000807FFF807FFF80408080008000049
:10633000080000080000080004080807FFF807FF2D
:10634000F804000800000000000004000804000831
:1063500004000807FFF807FFF80400080400080419
:10636000000800000000000000000000000600001F
:106370000700000104000104000104000307FFFE00
:1063800007FFFC04000004000004000004000807EC
:10639000FFF807FFF8040C08001800003E0004C7CF
:1063A000800503C80600F80400380400180000083F
:1063B00004000807FFF807FFF804000800000800C1
:1063C0000008000008000008000008000018000095
:1063D0006000000004000807FFF807800807FC00C1
:1063E000007FC00003F80007C0007800078008079E
:1063F000FFF807FFF804000804000807FFF807008B
:106400000803C00000E000003800001E0000070084
:106410000001C00400F007FFF804000000000000C5
:106420007F8001FFE003807006001804000804006C
:106430000806001803003001FFE0007F8000000024
:1064400004000807FFF807FFF80404080404000428
:106450000400040400040400060C0003F80001F02A
:1064600000000000000000007F8001FFE00380705A
:106470000600880400880400C806003C03003E01B2
:10648000FFE6007F8400000004000807FFF807FF14
:10649000F8040808040800040C00040F00040BC0F2
:1064A0000610F003F03801E00800000800000001C9
:1064B000E0F803F030063010041808041808040C43
:1064C00008040C080206180207F00781E00000002B
:1064D000018000060000040000040000040008071A
:1064E000FFF807FFF804000804000004000006009D
:1064F0000001800004000007FFE007FFF00400181F
:10650000000008000008000008000008000008045F
:10651000001007FFE004000004000006000007E090
:106520000007FE00041FE00001F80000380001E051
:10653000043E0007C000060000040000040000073D
:10654000E00007FFC0041FF80007C007F80007FFBE
:1065500080043FF80007C004F800070000040000B2
:1065600000000004000806001807C07805F1C80004
:106570003E00001F800463E80780F806001804004E
:106580000800000004000006000007800007E00883
:10659000047C08001FF80007F800180804E008074A
:1065A00000000600000400000000000100080600D2
:1065B000380400F80403E8040F08047C0805F00818
:1065C00007C0080700180400600000000000000079
:1065D00000000000000000000000003FFFFE20005F
:1065E0000220000220000220000220000200000021
:1065F00000000000000008000007000000C00000CC
:1066000038000006000001C000003000000E00004D
:106610000100000000000000000020000220000235
:106620002000022000022000023FFFFE00000000C8
:10663000000000000000000000000000000000005A
:1066400000080000100000300000200000300000B2
:106650001000000800000000000000000000010021
:106660000001000001000001000001000001000025
:106670000100000100000100000100000100000114
:1066800000000000000000000020000020000010BA
:1066900000001000000000000000000000000000EA
:1066A000000000000000000000F00019F8001B18B6
:1066B000002208002608002408002410003FF800EB
:1066C0001FF800000800001800000004000007FF89
:1066D000F80FFFF00018180010080020080020082C
:1066E000003018001FF0000FC00000000000000084
:1066F00007C0001FF000183000200800200800200C
:1067000008003C08001C10000060000000000000B1
:106710000000000007C0001FF0003818002008002B
:10672000200800200804101007FFF80FFFF00000F9
:10673000100000000000000000000007C0001FF073
:10674000001230002218002208002208003208003F
:106750001E10000E2000000000000000200000209D
:106760000800200801FFF803FFF8062008042008AD
:1067700004200807200003000000000000000000C3
:10678000000E000E6E001FF30031B10020B100209A
:10679000B1003191001F13002E1E00200E003000AA
:1067A00000000004000807FFF80FFFF800100800C1
:1067B0002000002000002008003FF8001FF8000023
:1067C0000800000000000000000000200800200871
:1067D000002008063FF8063FF80000080000080007
:1067E00000080000000000000000000000000000A1
:1067F00003000003002001002001002003063FFEEB
:10680000063FFC0000000000000000000000000443
:10681000000807FFF80FFFF8000188000300002FB1
:10682000C00038F8002038002008000008000000F0
:10683000000000000000040008040008040008072D
:10684000FFF80FFFF8000008000008000008000033
:1068500000000000002008003FF8003FF80010088A
:10686000002000003FF8003FF80010080020000062
:106870003FF8003FF8000008000000002008003F3B
:10688000F8003FF800100800100000200000200869
:10689000003FF8001FF800000800000000000000A2
:1068A00007C0000FF000183000300800200800205A
:1068B00008003008001830000FF00007C00000008A
:1068C000000000002001003FFF003FFF001011000A
:1068D0002009002008002008003038001FF0000FB9
:1068E000C00000000000000007C0001FF0003818C2
:1068F000002008002008002009001011001FFF00E0
:106900003FFF0000010000000020080020080020D8
:1069100008003FF8003FF8000808001008002008B1
:1069200000200000300000300000000000000000E7
:106930000000000C78001E18003308002308002116
:10694000080021880021980030F000386000000025
:1069500000000000200000200000200000FFF003E5
:10696000FFF8002008002008002008000030000088
:1069700000000000000000002000003FF0007FF851
:10698000000018000008000008002010003FF80078
:106990007FF0000010000000000000002000003028
:1069A00000003C00003F800023F0000078000070F1
:1069B000002380003C000030000020000020000088
:1069C0003C00003FE00023F80000E0002700003E0C
:1069D00000003FE00021F80001E0003E0000200040
:1069E000000000002008002008003838003E680041
:1069F00027800003C8002CF8003838002018002039
:106A000008000000000000002000003003003C01EE
:106A1000003F830023EC000070002380003C000056
:106A200020000020000000000000000000000038EE
:106A3000080020380020F80023E8002F88003E08D6
:106A4000003808002018000070000000000000005E
:106A5000000000000000000000000000080000141A
:106A6000001FF7FC300006200002000000000000BC
:106A70000000000000000000000000000000000016
:106A80000000FFFFFF000000000000000000000009
:106A9000000000000000000000002000023000069E
:106AA0001FF7FC00140000080000000000000000B8
:106AB000000000000000000000000018000060005E
:106AC000004000004000002000001000000800000E
:106AD0000400000400000C0000100000000100058C
:106AE0000010001400180000000900004001000020
:106AF00080070000200000002000000020000000AF
:106B0000002001000028000000F00000000000004C
:106B10008D0E0108CD1401086D150108011801083A
:106B2000112201083D2C0108453A01080D2C0108ED
:106B300081200108F52001084D20010847220108A5
:106B4000000001000200010003000100020001003A
:106B50000400010002000100030001000200010026
:106B60000500010002000100030001000200010015
:106B70000400010002000100030001000200010006
:106B800006000100020001000300010002000100F4
:106B900004000100020001000300010002000100E6
:106BA00005000100020001000300010002000100D5
:106BB00004000100020001000300010002000100C6
:106BC00007000100020001000300010002000100B3
:106BD00004000100020001000300010002000100A6
:106BE0000500010002000100030001000200010095
:106BF0000400010002000100030001000200010086
:106C00000600010002000100030001000200010073
:106C10000400010002000100030001000200010065
:106C20000500010002000100030001000200010054
:106C30000400010002000100030001000200010045
:106C400019FD000891530008CF2101080100000040
:106C500065FC000819230108D94E0008E14F00081F
:106C6000000000000101010100006400C8002901CA
:106C70008801E30139028A02D4021803530387030F
:106C8000B203D403EC03FB0300040000290051000D
:106C90007900A000C500EA000D012E014E016C0133
:106CA0008901A301BD01D501EB0100020000000034
:106CB0000000000000000000000000000000004094
:106CC0004040404040404000400000000000005074
:106CD0005050000000000000000000000000001202
:106CE0001222FE2424FE484848000000000000381C
:106CF000545050701C145454381000000000000010
:106D000000003080490049004A00320004C00520DC
:106D10000920092010C00000000000000000000051
:106D2000000018002400240024001800300049004E
:106D300045004600398000000000000000000040CF
:106D400040400000000000000000000000000010B3
:106D50002020404040404040402020100000008063
:106D600040402020202020202040408000000020A3
:106D7000F8205000000000000000000000000000AB
:106D8000000808087F080808000000000000000054
:106D90000000000000000000202020000000000093
:106DA0000000000000E00000000000000000000003
:106DB0000000000000000000400000000000001083
:106DC000102020204040408080000000000000781B
:106DD000848484848484848478000000000000100B
:106DE000305010101010101010000000000000783B
:106DF0008404040408102040FC0000000000007817
:106E000084040438040404847800000000000008AE
:106E1000181828284848FC08080000000000007CDA
:106E2000404080F88404048478000000000000786A
:106E3000848080B8C484848478000000000000FC52
:106E4000080810102020404040000000000000789A
:106E5000848484788484848478000000000000782E
:106E60008484848C74040488700000000000000096
:106E70000000400000000000400000000000000092
:106E80000000400000000000404040000000000002
:106E900000020C3040300C02000000000000000036
:106EA0000000FE0000FE00000000000000000000E6
:106EB0000040300C020C30400000000000000038A0
:106EC00044440408102020002000000000000000BE
:106ED00000000F80304040204E909190A090A11073
:106EE000A120A3209DC0401020601F800000000052
:106EF00000000800140014001400220022007F008B
:106F00004100808080800000000000000000000040
:106F100000007E004100410041007E004100410030
:106F2000410041007E000000000000000000000061
:106F300000001C00220041004000400040004000D2
:106F4000410022001C0000000000000000000000C2
:106F500000007C004200410041004100410041002E
:106F6000410042007C000000000000000000000022
:106F700000007F004000400040007F0040004000D3
:106F8000400040007F000000000000000000007E84
:106F90004040407C40404040400000000000000075
:106FA00000001E00210040804000400047804080DB
:106FB000408021001E0000000000000000000000D2
:106FC000000041004100410041007F0041004100BC
:106FD00041004100410000000000000000000040AE
:106FE0004040404040404040400000000000000859
:106FF00008080808080888887000000000000000E1
:1070000000004080410042004400480058006400F5
:1070100042004100408000000000000000000040ED
:1070200040404040404040407E00000000000000E2
:107030000000404060C060C0514051404A404A405A
:107040004A404440444000000000000000000000AE
:107050000000410061005100510049004900450015
:107060004500430041000000000000000000000057
:1070700000001E0021004080408040804080408011
:10708000408021001E000000000000000000000001
:1070900000007E0041004100410041007E004000B0
:1070A0004000400040000000000000000000000020
:1070B00000001E00210040804080408040804080D1
:1070C000468021001E80000000000000000000003B
:1070D00000007E0041004100410041007E0044006C
:1070E00042004200410000000000000000000000DB
:1070F00000003E0041004100400038000600010051
:10710000410041003E00000000000000000000FEC1
:1071100010101010101010101000000000000000DF
:107120000000410041004100410041004100410098
:10713000410022001C0000000000000000000000D0
:107140000000808080804100410022002200140065
:10715000140008000800000000000000000000000B
:1071600000008208850845104510451028A028A079
:1071700028A0104010400000000000000000008225
:1071800044442810102844448200000000000000FD
:107190000000410022002200140014000800080032
:1071A0000800080008000000000000000000007E49
:1071B0000408081010202040FE00000000000060BD
:1071C000404040404040404040404060000000801F
:1071D000804040402020201010000000000000608F
:1071E00020202020202020202020206000000000DF
:1071F00020505050880000000000000000000000F7
:107200000000000000000000000000FE0000004040
:10721000200000000000000000000000000000004E
:1072200000003844043C444C34000000000000409E
:10723000404058644444444478000000000000008A
:107240000000384440404044380000000000000482
:107250000404344C444444443C000000000000005A
:1072600000003844447C4044380000000000002006
:107270004040E0404040404040000000000000002E
:107280000000344C4444444C340444380000004072
:10729000404058644444444444000000000000401E
:1072A00000004040404040404000000000000040DE
:1072B00000004040404040404040408000000040CE
:1072C00040404448507048484400000000000040DE
:1072D000404040404040404040000000000000006E
:1072E0000000000000000000598066404440444017
:1072F0004440444044400000000000000000000002
:10730000000058644444444444000000000000006D
:1073100000003844444444443800000000000000A9
:107320000000586444444464584040400000000059
:107330000000344C4444444C340404040000000075
:10734000000050604040404040000000000000004D
:1073500000003844403804443800000000000000B9
:107360004040E0404040404060000000000000001D
:1073700000004444444444443C0000000000000039
:1073800000008888505050202000000000000000BD
:107390000000000000000000888088805500550033
:1073A0005500220022000000000000000000000044
:1073B0000000442828102828440000000000000095
:1073C000000044442828281010101060000000001D
:1073D00000007C08081020207C0000000000002035
:1073E000404040404080404040404020000000403D
:1073F000404040404040404040404000000000408D
:1074000020202020201020202020204000000000EC
:10741000000000729E000000000000000404010053
:10742000AC6C010803030100BC6C010805050100F8
:10743000CC6C010807070100DC6C0108070701009C
:10744000EC6C01080C0C0200FC6C0108090902003C
:107450001C6D0108020201003C6D010804040100DA
:107460004C6D0108040401005C6D01080505010074
:107470006C6D0108080801007C6D0108040401001E
:107480008C6D0108040401009C6D010804040100D6
:10749000AC6D010804040100BC6D01080707010080
:1074A000CC6D010807070100DC6D0108070701002A
:1074B000EC6D010807070100FC6D010807070100DA
:1074C0000C6E0108070701001C6E01080707010088
:1074D0002C6E0108070701003C6E01080707010038
:1074E0004C6E0108070701005C6E010804040100EE
:1074F0006C6E0108040401007C6E0108080801009C
:107500008C6E0108080801009C6E01080808010043
:10751000AC6E010807070100BC6E01080D0D0200EA
:10752000CC6E010809090200EC6E0108090902008D
:107530000C6F0108090902002C6F010809090200FB
:107540004C6F0108090902006C6F0108080801006E
:107550008C6F01080A0A02009C6F010809090200E9
:10756000BC6F010803030100DC6F0108060601007F
:10757000EC6F010809090200FC6F01080707010010
:107580001C7001080B0B02002C7001080909020095
:107590004C7001080A0A02006C7001080909020017
:1075A0008C7001080A0A0200AC7001080909020087
:1075B000CC70010809090200EC70010807070100FE
:1075C0000C710108090902001C7101080909020077
:1075D0003C7101080D0D02005C71010807070100F4
:1075E0007C710108090902008C710108070701007C
:1075F000AC71010804040100BC710108040401001D
:10760000CC71010804040100DC71010805050100CA
:10761000EC71010807070100FC7101080404010076
:107620000C720108070701001C720108070701001E
:107630002C720108070701003C72010807070100CE
:107640004C720108070701005C7201080303010086
:107650006C720108070701007C720108070701002E
:107660008C720108030301009C72010803030100EE
:10767000AC72010807070100BC7201080303010096
:10768000CC7201080B0B0200DC7201080707010035
:10769000FC720108070701000C73010807070100CD
:1076A0001C730108070701002C7301080404010082
:1076B0003C730108070701004C7301080404010032
:1076C0005C730108070701006C73010805050100E0
:1076D0007C730108090902008C7301080707010087
:1076E000AC73010807070100BC730108070701001C
:1076F000CC73010804040100DC73010803030100DA
:10770000EC73010804040100FC730108080801007F
:107710000C740108000000000000000020007E0042
:107720001C740108000000001D1D0008E51D000874
:10773000291E00082F1E00080000000000000000A5
:10774000101001011C7701080D070A00000000005D
:107750000000000000000000000000000000000029
:1077600000000030303030303030303030003030D9
:10777000000000000000006C6C6C6C6C00000000ED
:1077800000000000000000000000000000000CC02D
:107790000CC01980FFC0FFC019803B803300FFC0C0
:1077A000FFC033006600660000000000000000001B
:1077B0000000000004001F003F8064C064007400EB
:1077C0003E000F8007C004C064C075C03F801F002A
:1077D00004000400000000000000000000003C3035
:1077E0006660666066C066C067C03DBC01E6036651
:1077F0000366066606660C3C000000000000000000
:107800000000000000000F001F80198019801B007D
:107810000E003E003660636061C071C03FE01E3004
:107820000000000000000000000000C0C0C0C0C098
:107830000000000000000000000000000000000444
:1078400008103030606060606060603030100804A4
:107850000000008040203030181818181818183010
:1078600030204080000000107C102828000000001C
:107870000000000000000000000000000000000008
:10788000000006000600060006007FE07FE006001C
:1078900006000600060000000000000000000000D6
:1078A0000000000000000000000000000000303078
:1078B0001020000000000000000000000000F8F8A8
:1078C00000000000000000000000000000000000B8
:1078D0000000000000003030000000000000000840
:1078E00008181818303030606060C0C00000000018
:1078F0000000000000001E003F0073806180618076
:107900006180618061806180618073803F001E00C2
:107910000000000000000000000000000000060061
:107920000E001E00360026000600060006000600B7
:10793000060006000600060000000000000000002F
:107940000000000000001E003F0073806180018085
:107950000180030006000C00180030007F807F804B
:1079600000000000000000000000000000001C00FB
:107970003F006300030003000E000F000180018040
:10798000618061803F001E000000000000000000D8
:1079900000000000000006000E000E001E00360071
:1079A00036006600C600FF80FF8006000600060065
:1079B00000000000000000000000000000003F0088
:1079C0003F00300060006E007F0061800180018018
:1079D000618061803F001E00000000000000000088
:1079E0000000000000001E003F00318060006000C9
:1079F0006E007F0071806180618031803F001E00D9
:107A000000000000000000000000000000007F8077
:107A10007F8001000300060006000C000C000C0033
:107A20000C00180018001800000000000000000002
:107A30000000000000001E003F0061806180618046
:107A40003F003F0061806180618061803F001E00D7
:107A500000000000000000000000000000001E0008
:107A60003F0061806180618063803F801D80018074
:107A7000018063003F001E000000000000000000C5
:107A80000000000000003030000000000000303036
:107A90000000000000000000000030300000000086
:107AA0000000303010200000000000000000000046
:107AB0000000004001C00F803C0060003C000F80CF
:107AC00001C00040000000000000000000000000B5
:107AD0000000000000000000000000007FC07FC028
:107AE000000000007FC07FC0000000000000000018
:107AF0000000000000000000000000000000000086
:107B00000000400070003E00078000C007803E007B
:107B100070004000000000000000000000000000B5
:107B20000000000000001E003F00738061800180A3
:107B3000030006000C0018001800000018001800D0
:107B40000000000000000000000000000000000035
:107B50000001F80007FE000E070018EF8031FDC09D
:107B60003338C06718C06618C06610C066318067B9
:107B7000338073FF0033BC003801C01E03800FFF49
:107B80000003FC000000000000000E000E001B00BF
:107B90001B001B00318031803F807FC060C060C00F
:107BA000C060C06000000000000000000000000095
:107BB00000007F807FC06060606060607FC07FC0C9
:107BC00060606060606060E07FC07F8000000000F7
:107BD000000000000000000000000F801FE038706F
:107BE000303060006000600060006000303038605D
:107BF0001FE00780000000000000000000000000FF
:107C000000007F807FC060E0607060306030603076
:107C100060306030607060E07FC07F8000000000F6
:107C2000000000000000000000007FE07FE0600036
:107C3000600060007FC07FC0600060006000600086
:107C40007FE07FE000000000000000000000000076
:107C500000007FC07FC06000600060007F807F8088
:107C600060006000600060006000600000000000D4
:107C70000000000000000000000007C01FF03830C6
:107C800030186000600061F861F86018301838380A
:107C90001FF007C00000000000000000000000000E
:107CA0000000603060306030603060307FF07FF026
:107CB0006030603060306030603060300000000064
:107CC0000000000000000060606060606060606054
:107CD0006060606000000000000000000000030021
:107CE000030003000300030003000300030003007C
:107CF000630063007E003C00000000000000000004
:107D000000000000000060E061C0638067006E005A
:107D10007C007E0077006380618061C060E06070FD
:107D200000000000000000000000000000006000F3
:107D30006000600060006000600060006000600043
:107D4000600060007F807F80000000000000000075
:107D5000000000000000701C783C783C783C6C6CA3
:107D60006C6C6C6C644C66CC66CC66CC638C638C3F
:107D70000000000000000000000000000000603073
:107D80007030783078306C3066306730633061B096
:107D900060F060F0607060300000000000000000E3
:107DA00000000000000007C01FE03870303060188D
:107DB0006018601860186018303038701FE0078055
:107DC00000000000000000000000000000007F80B4
:107DD0007FC060E06060606060E07FC07F806000C6
:107DE0006000600060006000000000000000000013
:107DF0000000000000000FC01FE03870303860182D
:107E0000601860186018601831B038E01FE00FB8D3
:107E100000000000000000000000000000007FC023
:107E20007FE06070603060707FE07FC0618061C023
:107E300060E06060607060380000000000000000DA
:107E40000000000000000F803FC070E06060600034
:107E50003C001F8003C00060606070E03FC01F8076
:107E600000000000000000000000000000007FE0B3
:107E70007FE0060006000600060006000600060079
:107E800006000600060006000000000000000000DA
:107E90000000000000006030603060306030603012
:107EA0006030603060306030603070703FE00F8074
:107EB0000000000000000000000000000000C060A2
:107EC000C06060C060C060C03180318031801B0004
:107ED0001B001B000E000E00000000000000000050
:107EE000000000000000000000C1C180C1C180632B
:107EF00063006363006363006363006623003636D8
:107F0000003636003636003636001C1C001C1C00BD
:107F10000000000000000000000000000000000061
:107F2000000071C031801B001B000E000E000E000F
:107F30001B001B003B80318060C0E0E000000000BF
:107F400000000000000000000000E070606030C031
:107F500039C019800F000F00060006000600060059
:107F60000600060000000000000000000000000005
:107F700000007FC07FC001800300070006000C00E6
:107F80001800380030006000FFC0FFC00000000093
:107F90000000000000000078786060606060606051
:107FA0006060606060607878000000C0C060606001
:107FB000303030181818080800000000000000F0E9
:107FC000F030303030303030303030303030F0F071
:107FD0000000001038286C6C44C60000000000004F
:107FE0000000000000000000000000000000000091
:107FF0000000000000000000000000000000000081
:108000000000000000000000FFC0FFC00000006092
:108010003000000000000000000000000000000030
:108020000000000000000000000000001F003F8072
:10803000618007803F807980618063807F803D80A0
:1080400000000000000000000000000000006000D0
:10805000600060006E007F007380618061806180DD
:10806000618073807F006E0000000000000000004F
:108070000000000000000000000000001E003F00A3
:108080007300600060006000600073003F001E002D
:10809000000000000000000000000000000001805F
:1080A000018001801D803F807380618061806180DC
:1080B000618073803F801D80000000000000000090
:1080C0000000000000000000000000001E003F0053
:1080D000730061807F807F80600071803F001E00A0
:1080E0000000000000000000000000387860F8F890
:1080F0006060606060606060000000000000000080
:1081000000000000000000001D803F80738061803F
:1081100061806180618073803F801D800180638009
:108120007F003E0000000000000060006000600072
:108130006F007F807180618061806180618061807B
:10814000618061800000000000000000000000600D
:1081500060006060606060606060606000000000FF
:10816000000000606000606060606060606060608F
:108170006060E0C00000000000006000600060007F
:10818000638067006E0078007C006C00660066000B
:108190006300638000000000000000000000006039
:1081A000606060606060606060606060000000004F
:1081B0000000000000000000000000006E707EF86B
:1081C0007398631863186318631863186318631847
:1081D000000000000000000000000000000000009F
:1081E000000000006F007F8071806180618061808D
:1081F00061806180618061800000000000000000FB
:108200000000000000000000000000001E003F0011
:108210007380618061806180618073803F001E0097
:10822000000000000000000000000000000000004E
:10823000000000006E007F007380618061806180BB
:10824000618073807F006E006000600060006000ED
:108250000000000000000000000000001D803F80C2
:108260007380618061806180618073803F801D8048
:1082700001800180018001800000000000006C7C12
:1082800070606060606060600000000000000000DE
:1082900000000000000000003E007F00630070004E
:1082A0003C000E00070063007F003E00000000005D
:1082B00000000000000000606060F0F0606060603E
:1082C000606070700000000000000000000000000E
:1082D0000000000061806180618061806180618058
:1082E000618063807F803D8000000000000000000E
:1082F000000000000000000000000000C180C180FC
:10830000630063006300360036001C001C00080098
:10831000000000000000000000000000000000005D
:1083200000000000C218C718C71865306DB06DB0E6
:1083300028A038E038E018C000000000000000006D
:10834000000000000000C366663C18183C6666C367
:10835000000000000000000000000000000000001D
:10836000C180C18063006300330036001E001E0020
:108370000C000C000C0018007800700000000000D9
:108380000000FFFF070E1C3870E0FFFF0000000038
:108390000000001C3C3030303070E0E07030303095
:1083A00030303C1C00000030303030303030303065
:1083B0003030303030303030000000E0F0303030DD
:1083C00030381C1C383030303030F0E00000000015
:1083D0000000000000000000000000007000FC40F1
:1083E0008FC00380000000000000000000000000BB
:1083F00000000000050501004C7701080606010099
:108400006077010806060100747701080A0A020075
:10841000887701080A0A0200B077010810100200EC
:10842000D87701080C0C0200007801080303010052
:1084300028780108060601003C78010806060100BC
:108440005078010807070100647801080B0B02004F
:108450007878010805050100A078010806060100EA
:10846000B478010805050100C87801080505010078
:10847000DC7801080A0A0200F07801080A0A020002
:10848000187901080A0A0200407901080A0A020064
:10849000687901080A0A0200907901080A0A0200B4
:1084A000B87901080A0A0200E07901080A0A020004
:1084B000087A01080A0A0200307A01080A0A020052
:1084C000587A010805050100807A010805050100B8
:1084D000947A01080B0B0200A87A01080B0B02002A
:1084E000D07A01080B0B0200F87A01080A0A020090
:1084F000207B010812120300487B01080B0B0200CD
:10850000847B01080C0C0200AC7B01080D0D0200FD
:10851000D47B01080D0D0200FC7B01080C0C02004D
:10852000247C01080B0B02004C7C01080E0E02009B
:10853000747C01080D0D02009C7C010804040100FC
:10854000C47C010809090200D87C01080C0C020057
:10855000007D01080A0A0200287D01080F0F0200B1
:10856000507D01080D0D0200787D01080E0E0200FD
:10857000A07D01080C0C0200C87D01080E0E02004F
:10858000F07D01080D0D0200187E01080C0C0200A0
:10859000407E01080C0C0200687E01080D0D0200EF
:1085A000907E01080B0B0200B87E01081111030038
:1085B000E07E01080B0B02001C7F01080C0C02007E
:1085C000447F01080B0B02006C7F010805050100C8
:1085D000947F010805050100A87F01080505010039
:1085E000BC7F010807070100D07F01080A0A0200CA
:1085F000E47F0108060601000C8001080A0A020057
:10860000208001080A0A02004880010809090200C6
:10861000708001080A0A0200988001080A0A020014
:10862000C080010805050100E88001080A0A02006F
:10863000FC8001080A0A02002481010804040100E8
:108640004C8101080404010060810108090902004D
:1086500074810108040401009C8101080E0E0200CF
:10866000B08101080A0A0200D88101080A0A020042
:10867000008201080A0A0200288201080A0A020090
:1086800050820108060601007882010809090200EB
:108690008C82010805050100B48201080A0A020063
:1086A000C882010809090200F08201080D0D0200CC
:1086B0001883010808080100408301080909020025
:1086C00054830108080801007C83010806060100A4
:1086D0009083010806060100A48301080606010034
:1086E000B88301080B0B0200CC83010820007E0038
:1086F000F4830108000000001D1D0008E51D0008AE
:10870000291E00082F1E00080000000000000000C5
:1087100014140101EC860108100A0D00000000008D
:108720000000000000000000000000000000000049
:1087300000000000000000003030303030303030B9
:108740003030300000303000000000000000000039
:10875000666666666600000000000000000000001B
:108760000000000000000000000000000C600C6031
:108770000CE018C0FFF0FFF018C031803180FFF02E
:10878000FFF0318073006300630000000000000010
:108790000000000000000000000004001F003F80F7
:1087A00075C064C0640074003E000F8005C004C042
:1087B00004C064C075C03F801F00040004000000B6
:1087C00000000000000000000000000000000000A9
:1087D0001C0600360C00630C00631800631800636D
:1087E00030003660001C670000CD8000D8C00198C2
:1087F000C00198C00318C0060D80060700000000E5
:108800000000000000000000000000000000000068
:108810000000000007800FC01860186018C00D80AD
:108820000F001F00339861D860F0606070F03FD88F
:108830001F08000000000000000000000000000011
:108840006060606060000000000000000000000048
:1088500000000000000000000408181030306060C4
:108860006060606060303010180804000000000094
:108870004020301018180C0C0C0C0C0C0C18181094
:1088800030204000000000001818FF183C6600006F
:1088900000000000000000000000000000000000D8
:1088A00000000000000000000000060006000600B6
:1088B00006007FE07FE006000600060006000000DC
:1088C00000000000000000000000000000000000A8
:1088D0000000000000000000000000000030301028
:1088E0001020000000000000000000000000000058
:1088F000FCFC000000000000000000000000000080
:108900000000000000000000000000000030300007
:1089100000000000000000000C0C1818181830307F
:108920003060606060C0C000000000000000000017
:10893000000000001F003FC030C0606060606060E9
:1089400060606060606060606060606030C03FC0B8
:108950000F80000000000000000000000000000088
:1089600000000000030003000F001F00330003009D
:1089700003000300030003000300030003000300DF
:1089800003000000000000000000000000000000E4
:10899000000000001F803FC070E060600060006069
:1089A00000C000C0018007000E00180030007FE00A
:1089B0007FE0000000000000000000000000000058
:1089C000000000001F003F8071C060C000C0018037
:1089D000070007C000E000600060606070C03FC03A
:1089E0001F00000000000000000000000000000068
:1089F0000000000000800180038007800D800D8052
:108A00001980318061807FE07FE0018001800180FA
:108A100001800000000000000000000000000000D5
:108A2000000000001FC01FC0300030003000378041
:108A30007FC060E0006000600060606070C03FC0A8
:108A40001F00000000000000000000000000000007
:108A5000000000000F801FC030E0306060006780C1
:108A60007FC070E0606060606060606030C01FC0A8
:108A70000F000000000000000000000000000000E7
:108A8000000000007FE07FE000C001800180030063
:108A90000300060006000C000C000C001800180073
:108AA00018000000000000000000000000000000AE
:108AB000000000000F001F8030C030C030C030C048
:108AC0001F801F8030C060606060606070E03FC0E9
:108AD0001F800000000000000000000000000000F7
:108AE000000000000F003F8030C060606060606088
:108AF000606030E03FE01E60006060C070C03F809A
:108B00001F00000000000000000000000000000046
:108B10000000000030300000000000000030300095
:108B200000000000000000000000000030300000E5
:108B30000000000000303010102000000000000095
:108B40000000000000000000002000E003C00F0053
:108B50003800600038000F0003C000E00020000073
:108B60000000000000000000000000000000000005
:108B70000000000000000000000000007FE07FE037
:108B80000000000000007FE07FE000000000000027
:108B900000000000000000000000000000000000D5
:108BA0000000000000000000400070003C000F00CA
:108BB00001C0006001C00F003C00700040000000D8
:108BC00000000000000000000000000000000000A5
:108BD000000000001F803FC070E06060006000C0C7
:108BE00001C0038007000600060000000000060028
:108BF000060000000000000000000000000000006F
:108C0000000000000000000000FE0007FF800F03CE
:108C1000C01C00E018736031FB70338E3063063087
:108C2000660630660630660470660C60671CC033EA
:108C3000FF8039EF301C00600F01C007FF8001FE8C
:108C40000000000000000000000000000700070016
:108C50000D800D800D8018C018C018C03FE03FE0A7
:108C6000603060306030C018C018000000000000A4
:108C70000000000000000000000000003FC03FE0D6
:108C800030703030303030703FE03FE030303018FE
:108C90003018301830383FF03FE00000000000008E
:108CA00000000000000000000000000007E01FF0CE
:108CB0001C38301C700C60006000600060006000B8
:108CC000700C30183C381FF007E000000000000076
:108CD0000000000000000000000000003FC03FF066
:108CE00030383018300C300C300C300C300C300C6C
:108CF000300C301830383FF03FC00000000000005A
:108D00000000000000000000000000003FF83FF8F5
:108D100030003000300030003FF03FF030003000D5
:108D20003000300030003FF83FF800000000000045
:108D30000000000000000000000000003FF03FF0D5
:108D400030003000300030003FE03FE030003000C5
:108D50003000300030003000300000000000000023
:108D600000000000000000000000000007F00FF805
:108D70001C1C300E30046000600060FE60FE600667
:108D8000300630061C1E0FFC03F00000000000003F
:108D900000000000000000000000000060186018E3
:108DA00060186018601860187FF87FF86018601805
:108DB000601860186018601860180000000000005B
:108DC0000000000000000000303030303030303023
:108DD0003030303030303000000000000000000043
:108DE000000000000180018001800180018001807D
:108DF00001800180018001806180618073803F007B
:108E00001E00000000000000000000000000000044
:108E1000000000003038307030E031C0338037005F
:108E200037003F003B8031C030E030603070303878
:108E3000301C0000000000000000000000000000E6
:108E40000000000030003000300030003000300002
:108E500030003000300030003000300030003FE0A3
:108E60003FE00000000000000000000000000000E3
:108E70000000000000000000700700780F00780F6D
:108E800000680B006C1B006C1B0064130066330051
:108E90006633006223006363006363006143006123
:108EA000C30061C3000000000000000000000000DB
:108EB00000000000000000000000000060187018B2
:108EC000781878186C186618661863186198619895
:108ED00060D860786078603860180000000000009A
:108EE00000000000000000000000000007E00FF09C
:108EF0001C38300C700E6006600660066006600666
:108F0000700E300C1C380FF007E00000000000006D
:108F10000000000000000000000000003FE03FF003
:108F2000303830183018301830383FF03FE030001B
:108F30003000300030003000300000000000000041
:108F400000000000000000000000000007E00FF833
:108F50001C3C300C700E6006600660066006600601
:108F6000700C30EC1C380FFC07EE00020000000013
:108F70000000000000000000000000003FE03FF0A3
:108F800030383018301830383FF03FE030C030E033
:108F90003060307030383018301C000000000000A5
:108FA00000000000000000000000000007C01FF0EB
:108FB00038383018300038001F8007E00070001883
:108FC0006018701838381FF00FC000000000000053
:108FD000000000000000000000000000FFF0FFF0B3
:108FE0000600060006000600060006000600060051
:108FF0000600060006000600060000000000000053
:109000000000000000000000000000006018601870
:109010006018601860186018601860186018601890
:109020006018703838701FE00FC0000000000000AA
:10903000000000000000000000000000C018E03840
:109040006030603070703060306038E018C018C038
:109050001DC00D800D800F80070000000000000083
:109060000000000000000000000000000000000000
:10907000C07018C0701860D83060D83060D83070B8
:10908000C870318C60318C60318C601B06C01B064F
:10909000C01B06C01B06C00E03800E03800000002C
:1090A00000000000000000000000000000000000C0
:1090B000000000007038387018600CC00CC00780C9
:1090C0000300078007800DC01CE018603030703846
:1090D000E01C000000000000000000000000000094
:1090E00000000000E01C6018303038701CE00CC03C
:1090F0000780078003000300030003000300030050
:10910000030000000000000000000000000000005C
:10911000000000007FF07FF0006000C0018001804F
:10912000030006000C001800180030006000FFF07B
:10913000FFF0000000000000000000000000000040
:1091400078786060606060606060606060606060EF
:109150006078780000000000C0C06060606030305F
:1091600030181818180C0C00000000000000000057
:1091700078781818181818181818181818181818AF
:109180001878780000000000183C3C3C666666C316
:1091900000000000000000000000000000000000CF
:1091A00000000000000000000000000000000000BF
:1091B00000000000000000000000000000000000AF
:1091C000000000000000FFF0FFF0000000000000C1
:1091D00060301000000000000000000000000000EF
:1091E000000000000000000000000000000000007F
:1091F000000000001F807FC060C000C007C03FC0EB
:1092000078C060C061C07FC03E6000000000000008
:10921000000000000000000000000000600060008E
:10922000600060006F007F80718060C060C060C0BF
:1092300060C060C071807F806F000000000000008F
:10924000000000000000000000000000000000001E
:10925000000000000F003F8031C060C0600060006F
:10926000600060C031C03F801F00000000000000AF
:1092700000000000000000000000000000C000C06E
:1092800000C000C01EC03FC031C060C060C060C030
:1092900060C060C031C03FC01EC0000000000000C0
:1092A00000000000000000000000000000000000BE
:1092B000000000000F003FC030C060607FE07FE032
:1092C0006000600030E03FC00F8000000000000040
:1092D00000000000000000001C3C3030FCFC30307E
:1092E000303030303030300000000000000000002E
:1092F0000000000000000000000000001EC03FC091
:1093000031C060C060C060C060C060C031C03FC0DC
:109310001EC000C061C07F801F0000000000000070
:109320000000000060006000600060006F007F804F
:1093300071C060C060C060C060C060C060C060C01C
:1093400060C00000000000000000000000000000FD
:10935000606000006060606060606060606060002D
:1093600000000000000000006060000060606060BD
:10937000606060606060606060E0C00000000000ED
:1093800000000000600060006000600061C0638059
:1093900067006E007C007E00660063006380618071
:1093A00061C000000000000000000000000000009C
:1093B000606060606060606060606060606060000D
:1093C000000000000000000000000000000000009D
:1093D000000000006F3C7F7E71C6618661866186F9
:1093E00061866186618661866186000000000000FA
:1093F000000000000000000000000000000000006D
:10940000000000006F007F8071C060C060C060C05D
:1094100060C060C060C060C060C0000000000000AC
:10942000000000000000000000000000000000003C
:10943000000000000F003FC030C0606060606060EE
:109440006060606030C03FC00F000000000000009E
:10945000000000000000000000000000000000000C
:10946000000000006F007F80718060C060C060C03D
:1094700060C060C071807F806F006000600060002D
:10948000600000000000000000000000000000007C
:10949000000000001EC03FC031C060C060C060C09E
:1094A00060C060C031C03FC01EC000C000C000C06E
:1094B00000C0000000000000000000006E7E706030
:1094C00060606060606060000000000000000000FC
:1094D0000000000000000000000000001F003F80AE
:1094E00060C060007C003F8003C000C060C03F805F
:1094F0001F0000000000000000000000000000004D
:1095000020606060F8F860606060606060783800DB
:10951000000000000000000000000000000000004B
:109520000000000060C060C060C060C060C060C07B
:1095300060C060C071C03FC01EC0000000000000DD
:10954000000000000000000000000000000000001B
:1095500000000000C060C06060C060C03180318029
:109560001B001B000E000E000400000000000000A5
:1095700000000000000000000000000000000000EB
:1095800000000000C106C3864384628C66CC36D8D6
:1095900036D814501C701C700C60000000000000D5
:1095A00000000000000000000000000000000000BB
:1095B00000000000E1C06180330033001E000C0099
:1095C0001E00330033006180E1C000000000000095
:1095D000000000000000000000000000000000008B
:1095E0000000000060C060C0318031803980198087
:1095F0001B000F000F000600060006000C007C0098
:1096000078000000000000000000000000000000E2
:10961000000000007F807F80038007000E001C0098
:1096200038007000E000FF80FF80000000000000B4
:1096300000000000000000001C3C30303030307072
:10964000E0E0603030303030303C1C000000000082
:10965000303030303030303030303030303030300A
:109660003030303000000000707818181818181CBE
:109670000E0E1C181818181818787000000000003A
:1096800000000000000000000000000000000000DA
:1096900038007E2047E001C000000000000000000C
:1096A00000000000000000000000000006060100AD
:1096B0001C8701080606010034870108070701001E
:1096C0004C8701080C0C0200648701080C0C020096
:1096D0009487010813130300C48701080E0E0200CB
:1096E0000C880108040401003C88010807070100F8
:1096F00054880108070701006C8801080808010068
:10970000848801080C0C02009C88010806060100F0
:10971000CC88010807070100E4880108060601005B
:10972000FC88010806060100148901080C0C0200DF
:109730002C8901080C0C02005C8901080C0C020049
:109740008C8901080C0C0200BC8901080C0C020079
:10975000EC8901080C0C02001C8A01080C0C0200A8
:109760004C8A01080C0C02007C8A01080C0C0200D7
:10977000AC8A01080C0C0200DC8A01080606010014
:109780000C8B010806060100248B01080C0C02005A
:109790003C8B01080C0C02006C8B01080C0C0200C5
:1097A0009C8B01080C0C0200CC8B010815150300E2
:1097B000FC8B01080D0D0200448C01080E0E020006
:1097C000748C01080F0F0200A48C01080F0F020017
:1097D000D48C01080E0E0200048D01080D0D02004C
:1097E000348D010810100200648D01080E0E020075
:1097F000948D010806060100C48D01080B0B0200C0
:10980000DC8D01080E0E02000C8E01080C0C02000B
:109810003C8E0108111103006C8E01080E0E02002F
:10982000B48E010810100200E48E01080E0E020032
:10983000148F010810100200448F01080F0F02005E
:10984000748F01080E0E0200A48F01080C0C020098
:10985000D48F01080E0E0200049001080D0D0200C5
:109860003490010815150300649001080E0E0200E3
:10987000AC9001080E0E0200DC9001080D0D0200F4
:109880000C910108060601003C9101080606010042
:1098900054910108060601006C91010808080100B6
:1098A000849101080C0C02009C910108070701003B
:1098B000CC9101080C0C0200E49101080B0B020092
:1098C000149201080B0B0200449201080B0B0200DA
:1098D000749201080C0C0200A49201080606010013
:1098E000D49201080B0B0200EC9201080B0B020052
:1098F0001C930108050501004C93010804040100B4
:10990000649301080A0A02007C9301080404010020
:10991000AC93010810100200C49301080B0B020065
:10992000F49301080C0C0200249401080B0B0200B4
:10993000549401080B0B02008494010807070100EE
:10994000B49401080B0B0200CC9401080606010038
:10995000FC9401080B0B0200149501080B0B02008C
:10996000449501080F0F0200749501080A0A0200CD
:10997000A49501080B0B0200D49501080909020007
:109980000496010807070100349601080606010045
:109990004C96010807070100649601080C0C0200B0
:1099A0007C96010820007E00AC96010800000000B3
:1099B0001D1D0008E51D0008291E00082F1E0008B7
:1099C000000000000000000018180101A49901081F
:1099D000130B0F00000000000000000020202020DA
:1099E0002000200048484800000000005050F85077
:1099F000F85050002078A07028F02000C0C8102037
:109A0000409818006090A040A89068006020400036
:109A100000000000102040404020100040201010A6
:109A200010204000005020F820500000002020F8B6
:109A3000202000000000000000602040000000F82E
:109A4000000000000000000000606000000810201E
:109A500040800000708898A8C8887000206020208E
:109A600020207000708808304080F800708808302E
:109A70000888700010305090F8101000F880F0083E
:109A800008887000304080F088887000F808102046
:109A9000404040007088887088887000708888789E
:109AA00008106000006060006060000000006060FE
:109AB0000060204010204080402010000000F8008E
:109AC000F8000000804020102040800070880810BE
:109AD0002000200070880868A8A87000708888F8A6
:109AE00088888800F08888F08888F00070888080F6
:109AF00080887000E09088888890E000F88080F08E
:109B00008080F800F88080F08080800070888080FD
:109B100098887800888888F88888880070202020B5
:109B20002020700038101010109060008890A0C0A5
:109B3000A0908800808080808080F80088D8A8A8C5
:109B4000888888008888C8A898888800708888884D
:109B500088887000F08888F080808000708888880D
:109B6000A8906800F08888F0A090880070888070C5
:109B700008887000F820202020202000888888880D
:109B8000888870008888888888502000888888A8FD
:109B9000A8A850008888502050888800888888505D
:109BA00020202000F80810204080F800704040403D
:109BB000404070000080402010080000701010101D
:109BC000101070002050880000000000000000000D
:109BD000000000F8402010000000000000007008A5
:109BE000788878008080B0C88888F0000000708095
:109BF000808870000808689888887800000070885D
:109C0000F8807000304840E0404040000000788814
:109C1000887808708080B0C888888800200060201C
:109C2000202070001000301010109060808090A0F4
:109C3000C0A0900060202020202070000000D0A84C
:109C4000888888000000B0C8888888000000708874
:109C5000888870000000F08888F080800000788894
:109C6000887808080000B0C88080800000007880F4
:109C70007008F0004040E040404830000000888814
:109C80008898680000008888885020000000888834
:109C9000A8A8500000008850205088000000888844
:109CA000887808700000F8102040F800102020404C
:109CB00020201000202020202020200040202010E4
:109CC00020204000689000000000000018200000E4
:109CD00000000000C02000000000000070880000AC
:109CE000000000005000000000000000689000002C
:109CF000000000000000006020207000006090F074
:109D00008888B08020007088F8888800200070085B
:109D1000788878003860A0B8E0A0B800704848E8BB
:109D200048487000E0407048487040E00000D0288B
:109D300078A05800A040A0107888700060203028DB
:109D400030207000708898A8C88870000000709853
:109D5000A8C8700000007088F88888000000F880AB
:109D6000E080F80000007020202070000000708863
:109D7000888870000000888888887000000088C883
:109D8000A8988800200020202020200020002040CB
:109D9000808870001820000000000000C020000033
:109DA00000000000205000000000000050000000F3
:109DB00000000000689000000000000000000000AB
:109DC000000000200000000000000000002070A043
:109DD000A0A87020304040E04048B00000008870EB
:109DE000507088008850F820F820200020202000A3
:109DF0002020200030482050209060008800000083
:109E000000000000F888A8B8A888F80070087888D2
:109E100070000000002850A050280000000000F84A
:109E2000080800000000007000000000F888A88802
:109E300098A8F800F8000000000000002050200062
:109E400000000000002070200070000060902040A2
:109E5000F0000000E0106010E0000000182000009A
:109E6000000000000000888888C8B0807898987842
:109E700018181800000000303000000040C04040BA
:109E8000E0000000708888887000000000A0502862
:109E900050A000008890A050B05078108890A0404A
:109EA000B8081038C040C048D8283808008850206A
:109EB00050880000002000F800200000103070FCE6
:109EC00070301000203038FC38302000002070F84E
:109ED00020200000002020F87020000000082868E2
:109EE000F860200000040408089050209D00FFFF47
:109EF0009E00FFFF9F00FFFFA000FFFFA100FFFFEC
:109F0000A200FFFFFFFFFFFFFFFFFFFFFFFFFFFFBD
:109F1000FFFFFFFFFFFFFFFFFFFFFFFFFFFFFFFF51
:109F2000FFFFFFFFFFFFFFFFFFFFFFFF7E00FFFFC1
:109F30007600FFFF7F00FFFF8000FFFF8100FFFF33
:109F40008200FFFF8300FFFF8400FFFF8500FFFF0B
:109F50008600FFFF8700FFFF8800FFFF8900FFFFEB
:109F60008A00FFFF8B00FFFF8C00FFFF8D00FFFFCB
:109F70008E00FFFF8F00FFFF9000FFFF9100FFFFAB
:109F80009200FFFF9300FFFF9400FFFF7D00FFFFA3
:109F90009500FFFF9600FFFF9700FFFF9800FFFF6F
:109FA0009900FFFF9A00FFFF7700FFFF7000790024
:109FB0007000780070007A0070007C0070007B00F8
:109FC0006600FFFF6800FFFF23007D00710079003D
:109FD0007100780071007A0071007B0072007900D6
:109FE0007200780072007A0072007B006900FFFF47
:109FF00075007C00730079007300780073007A00AC
:10A0000073007C0073007B009B00FFFF6E00FFFF6E
:10A01000740079007400780074007A0074007B008A
:10A02000390078006A00FFFF6500FFFF4100600013
:10A0300041005F0041006100410063004100620097
:10A040006700FFFF6B00FFFF43007D0045006000DD
:10A0500045005F004500610045006200640060004B
:10A0600064005F0064006100640062006C00FFFF38
:10A070004E0063004F0060004F005F004F00610022
:10A080004F0063004F0062009C00FFFF6F00FFFF66
:10A090005500600055005F005500610055006200EA
:10A0A00059005F006D00FFFF590062009000FF0043
:10A0B000EC9E0108D4990108D4990108ACA00108CC
:10A0C00020007E0006060100911B0008C51C000848
:10A0D000DD1C0008E31C0008000000000000000078
:10A0E00008080101B4A001080705070000000000EE
:10A0F0000000000000000000000000000000000060
:10A10000000000000000000000000000000000004F
:10A1100000000000000000000000000000000070CF
:10A12000707070707070707070707000607030005F
:10A1300000000000000000000000660066006600ED
:10A140006600660066006600000000000000000077
:10A1500000000000000000000000000000000000FF
:10A1600000000000000000000000038E00038E00CD
:10A17000039E007FFF807FFF807FFF800F3C000EEB
:10A1800038000E38001C3800FFFF00FFFF00FFFF03
:10A190000038700078E00070E00070E0000000001F
:10A1A00000000000000000000000000003800380A9
:10A1B000038007E01FF83FF83B80738073807FE0E7
:10A1C0003FF80FF803BC039C039C039C73BC7FF80F
:10A1D0007FF03FC003800380038000000000000088
:10A1E00000000000003C18007E3800FF7000E7709F
:10A1F00000E7E000FFE0007FC0003DC000039E00DC
:10A2000003BF00077F800773800E73800C7F801C64
:10A210003F00181E000000000000000000000000C9
:10A220000000000000000000000003C007E00FE095
:10A230000EE00EE00FC007801FB83FB87BF8F1F8C2
:10A24000E0F8E0F0F1F87FF87FFC1F1C001C000034
:10A2500000000000000000000000180018001800B6
:10A26000180018001800180000000000000000008E
:10A2700000000000000000000000000000000000DE
:10A2800000000000000000070F1E1C3838387070F6
:10A29000707070707038383C1E0F0700000000E0CE
:10A2A000F078381C1C1C0E0E0E0E0E0E0E1C1C3CE4
:10A2B00078F0E0000000000000000E000E00EFE06B
:10A2C000FFE03F803F807BC071C0000000000000C5
:10A2D000000000000000000000000000000000007E
:10A2E000000000000000000000000000000000006E
:10A2F0000000000006000600060006007FE07FE088
:10A300000600060006000600000000000000000035
:10A31000000000000000000000000000000000003D
:10A32000000000000000000000000000000000002D
:10A3300000000000000000000C001C0018003800A5
:10A3400030000000000000000000000000000000DD
:10A3500000000000000000000000000000003FC0FE
:10A360003FC00000000000000000000000000000EE
:10A3700000000000000000000000000000000000DD
:10A3800000000000000000000000000000000000CD
:10A390000000000000001C001C001C000000000069
:10A3A0000000000000000000000000C001C001C06B
:10A3B00003800380070007000E000E001C001C0035
:10A3C000380070007000E000E000C00000000000F5
:10A3D0000000000000000000000007801FC03FE0F8
:10A3E00038E038707070707070707070707070706D
:10A3F000707038E038E03FE01FC00F8000000000C0
:10A400000000000000000000000007000F001F0017
:10A410003F003F0007000700070007000700070094
:10A42000070007003FE03FE03FE0000000000000C1
:10A430000000000000000000000007C00FE01FF057
:10A440003C703070007000E003E007C00F001E0099
:10A450003C0038003FE03FF03FF00000000000000B
:10A46000000000000000000000000F801FE03FF02F
:10A470003870007000F00FE00FC00FE001F00070C6
:10A480000070307038F03FE01FC00F800000000007
:10A490000000000000000000000001C001C003C077
:10A4A00007C00FC00DC019C031C061C0FFE0FFF090
:10A4B000FFE001C001C001C001C000800000000039
:10A4C000000000000000000000003FE03FE03FC04F
:10A4D00030003F807FE07FE078F0707000700070A7
:10A4E000007060F071E07FE03FC01F0000000000DE
:10A4F00000000000000000000000030007800F00C3
:10A500001E003C0038003F807FE07FE078F07070F4
:10A510007070707078F03FE01FC00F800000000086
:10A52000000000000000000000007FF87FF87FF0CE
:10A5300000F001E003C003C00380078007000F00A4
:10A540000E000E001E001C001C0000000000000099
:10A550000000000000000000000007801FC03FE076
:10A5600038E038E038E03FC01F803FE038E07070EE
:10A570007070707078F07FE03FE00F8000000000A6
:10A58000000000000000000000000F801FC03FE03E
:10A5900078F070707070707078F03FF03FE00FE00E
:10A5A00001C007C03F803E003800000000000000EE
:10A5B000000000000000000000000000000000009B
:10A5C000000000001C001C001C0000000000000037
:10A5D0001C001C001C000000000000000000000027
:10A5E000000000000000000000000000000000006B
:10A5F000000000001C001C001C0000000000000007
:10A60000000000000C001C00380038003000000082
:10A61000000000000000000000000000000000003A
:10A6200000000000018003800F001E003C003E007F
:10A630000F00078003800000000000000000000001
:10A64000000000000000000000000000000000000A
:10A6500000000000000000003FE03FE000000000BC
:10A660003FE03FE0000000000000000000000000AC
:10A6700000000000000000000000000000000000DA
:10A68000000000001C001E000F00078003E001E036
:10A6900003C00F801E001C0000000000000000002E
:10A6A000000000000000000000001F003F807FC08D
:10A6B00071E000E000E000E003C007800F001E0032
:10A6C0001C000000180038003800000000000000E6
:10A6D0000000000000000000000001F80007FF007B
:10A6E0000FFF801E07C03CF1C039E0E07380E077C7
:10A6F00018E07738E077FFE073FFC071CF80380053
:10A70000003C00001E06000FFF0007FE0001F800DD
:10A710000000000000000000000000000000000039
:10A720000000006000E000E001E003F003F00770CB
:10A7300007700E700FF01FF83FF838383838781C63
:10A74000701C700C00000000000000000000000001
:10A7500000003F007F807FC071E070E070E071E03A
:10A760007FC07FC07FE070F07070707071F07FE02C
:10A770007FC03E000000000000000000000000005C
:10A78000000001F803F807F80F381E181C00380005
:10A7900038007000700070007000703078F03FF08A
:10A7A0001FC00F800000000000000000000000003B
:10A7B000000030007C007F8077C071E070707038DE
:10A7C000701C701C701C701C701C703870787FF0CE
:10A7D0007FE01F800000000000000000000000007B
:10A7E00000007FE07FF07FE070007000700070007C
:10A7F0007FE07FF07FE070007000700070007FE00D
:10A800003FF01FE00000000000000000000000001A
:10A8100000007FC07FF07FE07000700070007FC09C
:10A820007FE07FC0700070007000700070007000EA
:10A830007000200000000000000000000000000088
:10A84000000007C00FE01FF03C703C007800700073
:10A8500073FCEFFCEFF8E038E070E070F1F07FE0BF
:10A860007FC01F000000000000000000000000008A
:10A8700000001004380E380E380E380E380E380E20
:10A8800038FE3FFE3FFE3F0E380E380E380E380EB3
:10A89000380E10040000000000000000000000005E
:10A8A00000007FC0FFE07FC00E000E000E000E0013
:10A8B0000E000E000E000E000E000E000E007FC0F7
:10A8C000FFE07FC00000000000000000000000006A
:10A8D00000000FF01FF80FF001C001C001C001C05F
:10A8E00001C001C001C043C0E3C0E380F3807F80AA
:10A8F0003F800F000000000000000000000000008A
:10A900000000206070E071C073C0738077007E002B
:10A910007C0078007C007E007F00778073E070F020
:10A920007070200000000000000000000000000027
:10A930000000200070007000700070007000700057
:10A9400070007000700070007000700070E07FF0A8
:10A950007FE03F80000000000000000000000000D9
:10A9600000000000000C08001C1C001E1C001E1C27
:10A97000003E3E003E3E003E3E003F3E00377E0031
:10A9800077760077F70073E700F3E700E3E300E191
:10A99000E380E1C380E1C18000000000000000000E
:10A9A0000000000000000000000000000070060031
:10A9B0007007007807007C07007C07007E0700779F
:10A9C000070077870073870071C70070E700707712
:10A9D00000703F00703F00701F00700F00200200E9
:10A9E0000000000000000000000000000000000067
:10A9F000000000000003F00007FC000FFE001E0E28
:10AA0000003C070038070038070070070070070097
:10AA1000700700700E00700E00781E003C3C001F96
:10AA2000F8000FF00007E000000000000000000048
:10AA3000000000000000000000007E00FF00FF801A
:10AA4000E3C0E1C0E1C0E3C0FF80FF00FE00E00022
:10AA5000E000E000E000E000E00040000000000056
:10AA60000000000000000000000000000003F000F3
:10AA70000FFC001FFE003E1F00780700700780E0FB
:10AA80000380E00380E00380E00380E1C380F1C73E
:10AA90008079EF003CFE003FFC000FFE0007EF0056
:10AAA0000007800003C00001C0000000000000009B
:10AAB00000003E007F807FC073E070F070707070A7
:10AAC000707071F07FE07FC07F8077E070F0707809
:10AAD00070382000000000000000000000000000AE
:10AAE000000003E00FF81FF81C00380038003FE0BA
:10AAF0001FF80FF8003C001C001C703C787C7FF8AD
:10AB00003FF01FC000000000000000000000000037
:10AB100000007FFCFFFE7FFC070007000700070026
:10AB200007000700070007000700070007000700ED
:10AB3000070002000000000000000000000000000C
:10AB400000002008701C701C701C701C701C701C95
:10AB5000701C701C701870387038783838703FE08E
:10AB60001FE00F8000000000000000000000000057
:10AB70000000703870787078707038F038E038E025
:10AB800039C019C01DC01F800F800F800F000F003B
:10AB900006000600000000000000000000000000A9
:10ABA00000000000007030387070387870783870AD
:10ABB0007038F87038F8F01CF8E01DF8E01DD9C0C6
:10ABC0000DD9C00D9D800F9F800F9F80071F00072C
:10ABD0000F00070E00070E0000000000000000003C
:10ABE00000000000000000000000701C783C783C71
:10ABF0003C781EF00EE00FE007C0038007C00FE0B6
:10AC00001EE03CF07878F83CF03CE01C00000000CE
:10AC100000000000000000000000E038E038F0789C
:10AC2000707078F038E01DE01DC00FC00F80078005
:10AC300007000F000E001E001C001C00000000009A
:10AC4000000000000000000000007FF8FFFC7FF81B
:10AC500001F003E003C0078007000F001E001C0086
:10AC60003C00380070007FF8FFFC7FF80000000017
:10AC7000000000000000007E7E7E707070707070BA
:10AC800070707070707070707E7E7E0000000000CA
:10AC90000000300038003C001C000C000E000E00CC
:10ACA0000700070003000380038001C001C000E02B
:10ACB00000E0006000000000000000000000007ED6
:10ACC0007E7E0E0E0E0E0E0E0E0E0E0E0E0E0E0EC4
:10ACD0007E7E7E000000000006000F003F8079C0ED
:10ACE00070C0000000000000000000000000000034
:10ACF0000000000000000000000000000000000054
:10AD00000000000000000000000000000000000043
:10AD10000000000000000000000000000000000033
:10AD20000000000000000000000000000000FFF82C
:10AD3000FFF80000000000006000700038001C00F8
:10AD40000C000000000000000000000000000000F7
:10AD500000000000000000000000000000000000F3
:10AD600000000000000000000000000000000000E3
:10AD7000000000000F001FC03FC039C071C071C08B
:10AD800071C071C071C03FE03FE01E600000000074
:10AD900000000000000000000000300070007000A3
:10ADA0007000700077007FC07FC079E070E070E0D5
:10ADB00070E070E071E07FC07F807F0000000000E5
:10ADC0000000000000000000000000000000000083
:10ADD000000000000F003FC03FC078C0F000E0005E
:10ADE000E000E000F1C07FC07F801F000000000095
:10ADF00000000000000000000000004000E000E053
:10AE000000E000E00FE01FE03FE078E070E070E07D
:10AE100070E070E079E03FE03FE00F60000000008C
:10AE20000000000000000000000000000000000022
:10AE3000000000000F803FC07FE070E0F3E0EFC053
:10AE4000FF00FC00F0E07FE03FC01F80000000003A
:10AE50000000000000000000000007800FC00F800D
:10AE60001E001C007F80FFC07F801C001C001C0097
:10AE70001C001C001C001C001C001C001C00080006
:10AE800000000000000000000000000000000000C2
:10AE900000000F003FC07FC071C0E1C0E1C0E18091
:10AEA000E380E380FF807F803B8003800780FF009A
:10AEB0007E001C00000000000000200070007000F8
:10AEC0007000700077C07FE07FE07CE078E070E0A9
:10AED00070E070E070E070E070E020400000000082
:10AEE00000000000000000707070000020707070A2
:10AEF0007070707070707020000000000000000022
:10AF00001C1C1C00081C1C1C1C1C1C0E0E0E0E8E77
:10AF1000CEEEFE3C0000000000004000E000E0003B
:10AF2000E000E000E1C0E3C0E780EF00FE00FE00CB
:10AF3000FF00E780E380E3C0E1C040800000000044
:10AF40000000000000000020707070707070707061
:10AF500070707070707070200000000000000000C1
:10AF6000000000000000000000000000673CFFFE41
:10AF7000FFFEFBCEF38EE38EE38EE38EE38EE38E55
:10AF8000E38E41040000000000000000000000000B
:10AF900000000000000000000000000077807F80BB
:10AFA0007FC07DC079C079C071C071C071C071C0EF
:10AFB00071C02080000000000000000000000000C0
:10AFC0000000000000000000000000001F003F80A3
:10AFD0007F8073C0E1C0E1C0E1C0E1C0F3C07F8009
:10AFE0007F001E00000000000000000000000000C4
:10AFF0000000000000000000000000006F00FF8063
:10B00000FF80F1C0E1C0E1C0E1C0E1C0E3C0FF806A
:10B01000FF80FE00E000E000E000E0000000000033
:10B020000000000000000000000000000FC03FC052
:10B030007FC079C0F1C0E1C0E1C0E1C0F1C07FC014
:10B040007FC01FC001C001C001C001C000000000DE
:10B0500000000000000000000000000077807FC0BA
:10B060007FC07DC071C07000700070007000700003
:10B070007000200000000000000000000000000040
:10B080000000000000000000000000003F807F8002
:10B09000FF80E180F0007C001F000780E380FF80DC
:10B0A000FF003E0000000000000000000000000063
:10B0B00000000000000008001C001C007F00FF8052
:10B0C0007F001C001C001C001C001C001C001C003D
:10B0D0001C0008000000000000000000000000004C
:10B0E000000000000000000000000000208071C08F
:10B0F00071C071C071C071C071C071C071C07FC0BA
:10B100003FC01FC000000000000000000000000061
:10B11000000000000000000000000000E0C0E0C0EF
:10B12000F1C071C071C03B803B801F001F001F0039
:10B130000E000E00000000000000000000000000F3
:10B14000000000000000000000000000739C739CE1
:10B15000739C779C77B837F83FF83EF83CF03CF0AA
:10B1600018F018600000000000000000000000005F
:10B170000000000000000000000000001C703C7097
:10B180003CF01FE00FC007800F801FC03DE07CE057
:10B1900078F0707000000000000000000000000067
:10B1A00000000000000000000000000070707070DF
:10B1B00078F038E03DE01DC01FC00F800F80078091
:10B1C00007000F000E000E001E000000000000002F
:10B1D0000000000000000000000000007FC0FFC071
:10B1E0007FC0038007000E001E001C0038007F8017
:10B1F000FFC0FF8000000000000000000000001CF5
:10B200003E7E707070707070E0C0E0707070707032
:10B210003E3E1E0000001C001C001C001C001C0008
:10B220001C001C001C001C001C001C001C001C003E
:10B230001C001C001C001C001C001C001C001C002E
:10B240001C00000000000070F8FC1C1C1C1C1C1CD6
:10B250000F070E1C1C1C1C1CF8F8F000000000005E
:10B2600000000000000000000000000000001C3092
:10B270007E707770E3E0C1C00000000000000000B5
:10B2800000000000000000000000000000000000BE
:10B290007F807F8060806080608060806080608070
:10B2A000608060806080608060806080608060809E
:10B2B0007F8000000000000000000000090902007B
:10B2C000ECA00108050501001CA101080909020004
:10B2D00034A101081212030064A101080F0F02003B
:10B2E000ACA1010811110300DCA101080E0E02003F
:10B2F00024A201080909020054A20108080801005B
:10B3000084A20108080801009CA201080B0B02009E
:10B31000B4A201080D0D0200E4A20108090902000F
:10B3200014A301080D0D020044A30108090902003D
:10B3300074A301080B0B0200A4A301080D0D020069
:10B34000D4A301080D0D020004A401080D0D020094
:10B3500034A401080D0D020064A401080D0D0200C3
:10B3600094A401080D0D0200C4A401080D0D0200F3
:10B37000F4A401080D0D020024A501080D0D020022
:10B3800054A501080D0D020084A501080909020059
:10B39000B4A5010809090200E4A501080D0D020089
:10B3A00014A601080D0D020044A601080D0D0200AF
:10B3B00074A601080C0C0200A4A6010814140300D2
:10B3C000D4A601080F0F02001CA701080D0D0200F2
:10B3D0004CA701080E0E02007CA701080F0F020007
:10B3E000ACA701080D0D0200DCA701080D0D02003D
:10B3F0000CA801080E0E02003CA801081010020063
:10B400006CA801080B0B02009CA801080E0E02009C
:10B41000CCA801080D0D0200FCA801080C0C0200CC
:10B420002CA90108131303005CA9010811110300E2
:10B43000A4A9010811110300ECA901080B0B0200DB
:10B4400034AA01081212030064AA01080D0D0200BB
:10B45000ACAA01080F0F0200DCAA01080F0F0200BE
:10B460000CAB01080F0F02003CAB01080E0E0200EE
:10B470006CAB0108161603009CAB01080F0F02000D
:10B48000E4AB01080D0D020014AC01080F0F02001F
:10B4900044AC01080808010074AC01080C0C02005F
:10B4A0008CAC010808080100BCAC01080D0D0200BD
:10B4B000D4AC01080D0D020004AD01080C0C020013
:10B4C00034AD01080C0C020064AD01080C0C020044
:10B4D00094AD01080B0B0200C4AD01080C0C020076
:10B4E000F4AD01080C0C020024AE01080B0B0200A5
:10B4F00054AE01080B0B020084AE01080C0C0200D4
:10B50000B4AE010806060100E4AE01080808010017
:10B51000FCAE01080B0B020014AF01080606010087
:10B5200044AF0108101002005CAF01080B0B0200D1
:10B530008CAF01080B0B0200BCAF01080B0B020023
:10B54000ECAF01080B0B02001CB001080A0A020054
:10B550004CB001080A0A02007CB001080A0A020085
:10B56000ACB001080B0B0200DCB001080A0A0200B3
:10B570000CB101080E0E02003CB101080C0C0200D7
:10B580006CB101080C0C02009CB101080B0B02000D
:10B59000CCB1010808080100FCB10108090902004A
:10B5A00014B201080808010044B201080D0D0200A0
:10B5B0005CB201080B0B02008CB2010820007F0076
:10B5C000BCB20108000000001D1D0008E51D0008B8
:10B5D000291E00082F1E00080000000000000000C7
:10B5E00018180101BCB50108140C1100000000007E
:10B5F0000100000002000000030000000400000041
:10B600000500000006000000070000000800000020
:10B61000090000000A0000000B0000000C00000000
:10B620000D0000000E0000000F00000004000000EC
:10B63000890F0108E714010889150108391B010861
:10B640002B220108952D0108753A01082B2C0108C1
:10B65000D520010863210108612001086122010849
:10B6600000000000000101010101010101020202CC
:10B67000020202020203030303030303030404049C
:10B68000040404040405050505050505050506066D
:10B69000060606060606070707070707070708083E
:10B6A0000808080808080909090909090909090A0F
:10B6B0000A0A0A0A0A0A0A0B0B0B0B0B0B0B0B0CE0
:10B6C0000C0C0C0C0C0C0C0D0D0D0D0D0D0D0D0DB1
:10B6D0000E0E0E0E0E0E0E0E0F0F0F0F0F0F0F0F82
:10B6E0001010101010101010111111111111111152
:10B6F0001212121212121212121313131313131323
:10B7000013141414141414141415151515151515F3
:10B7100015161616161616161616171717171717C4
:10B720001717181818181818181819191919191995
:10B7300019191A1A1A1A1A1A1A1A1B1B1B1B1B1B65
:10B740001B1B1B1C1C1C1C1C1C1C1C1D1D1D1D1D37
:10B750001D1D1D1E1E1E1E1E1E1E1E1F1F1F1F1F07
:10B7600000000001010101020202020303030304BD
:10B77000040404050505050606060607070707086D
:10B78000080808090909090A0A0A0A0B0B0B0B0C1D
:10B790000C0C0C0D0D0D0D0E0E0E0E0F0F0F0F10CD
:10B7A000101010111111111212121213131313147D
:10B7B0001414141515151515161616161717171730
:10B7C00018181818191919191A1A1A1A1B1B1B1BE1
:10B7D0001C1C1C1C1D1D1D1D1E1E1E1E1F1F1F1F91
:10B7E0002020202021212121222222222323232341
:10B7F00024242424252525252626262627272727F1
:10B8000028282828292929292A2A2A2A2A2B2B2BA1
:10B810002B2C2C2C2C2D2D2D2D2E2E2E2E2F2F2F54
:10B820002F30303030313131313232323233333304
:10B8300033343434343535353536363636373737B4
:10B840003738383838393939393A3A3A3A3B3B3B64
:10B850003B3C3C3C3C3D3D3D3D3E3E3E3E3F3F3F14
:10B86000000810192129313A424A525B636B737BFD
:10B87000848C949CA5ADB5BDC5CED6DEE6EFF7FFB2
:10B880000004080C1014181C2024282D3135393DD3
:10B890004145494D5155595D6165696D7175797DB8
:10B8A00082868A8E92969A9EA2A6AAAEB2B6BABE98
:10B8B000C2C6CACED2D7DBDFE3E7EBEFF3F7FBFF7D
:10B8C000452001084920010861FC0008ED16010827
:10B8D00015FD00088F530008C92101080000000071
:10B8E000B1FC000871230108F52A0108892A010822
:10B8F000152B0108008040C020A060E0109050D0BF
:10B9000030B070F0088848C828A868E8189858D857
:10B9100038B878F8048444C424A464E4149454D457
:10B9200034B474F40C8C4CCC2CAC6CEC1C9C5CDCF7
:10B930003CBC7CFC028242C222A262E2129252D23F
:10B9400032B272F20A8A4ACA2AAA6AEA1A9A5ADAF7
:10B950003ABA7AFA068646C626A666E6169656D6F7
:10B9600036B676F60E8E4ECE2EAE6EEE1E9E5EDE97
:10B970003EBE7EFE018141C121A161E1119151D103
:10B9800031B171F1098949C929A969E9199959D9C7
:10B9900039B979F9058545C525A565E5159555D5C7
:10B9A00035B575F50D8D4DCD2DAD6DED1D9D5DDD67
:10B9B0003DBD7DFD038343C323A363E3139353D3AF
:10B9C00033B373F30B8B4BCB2BAB6BEB1B9B5BDB67
:10B9D0003BBB7BFB078747C727A767E7179757D767
:10B9E00037B777F70F8F4FCF2FAF6FEF1F9F5FDF07
:10B9F0003FBF7FFF613A0008ED3900088D3A00082B
:10BA000000000000D51F0108F93A000800000000FE
:10BA100001000000C1FC00087F2301087721010814
:10BA20000000000000000000000000000000000016
:10BA300001000000020000000300000004000000FC
:10BA400005000000060000000700000008000000DC
:10BA5000090000000A0000000B0000000C000000BC
:10BA60000D0000000E0000000F00000004000000A8
:10BA700039120108F114010841160108E51B0108FB
:10BA800039220108DD2D0108C93A0108332C0108CB
:10BA9000E52001086B2101087120010891220108AD
:10BAA00030313233343536373839414243444546F4
:10BAB00040305800303132333435363738396162EE
:10BAC0006364656640307800506C6561736520750D
:10BAD000736520746865207374796C757320636C6A
:10BAE00069636B207468652063726F7373206F6E77
:10BAF000207468652073637265656E2E54686520D6
:10BB000063726F73732077696C6C20616C776179F5
:10BB100073206D6F766520756E74696C207468652E
:10BB20002073637265656E2061646A7573746D65F8
:10BB30006E7420697320636F6D706C657465642E1C
:10BB4000000000004D503100334732004D503200AC
:10BB50004D5033004D5034004D344100574D41009D
:10BB6000464C414300000000414343004C52430017
:10BB7000430000004D494400474946004A504547AC
:10BB8000000000004F4747004A50470048000000AF
:10BB900042494E0033475000424D50004E4553003D
:10BBA0005458540057415600C8BB010800000020FB
:10BBB00028040000C4010008BCBC010828040020BF
:10BBC00048820100200200082143FFFF1345DA14D8
:10BBD00008C5DD140821D0022C0863D0907CC8BAB7
:10BBE000013872013B14EF0E2C02030404E5060732
:10BBF0000809100B894601087D470108C03C322026
:10BC000032681610C05C01201A280C12F0021810BD
:10BC100025FEFF07601A0804014A8B90BBC001286B
:10BC20000A316C340A319C341AA0341A70040A297F
:10BC30008C3C1A442C1A4C041A50041A54041A58F6
:10BC4000041A94041A48041A84041A68041A5C0436
:10BC50001AA4041A74041A60041A98041A88041A9C
:10BC60007C040A3178A801112250121412A0041584
:10BC70002C01D2132353000A3808C8A00108147AF3
:10BC800001205AFF010120CB9125D06934021B0409
:10BC90001BE8B8340272012DCC7A01200481133FD5
:10BCA0003C79BCE9E91365471B08CB0401202DA0B2
:0CBCB0007B012004013414FFFFFF0000A2
:040000050800018965
:00000001FF
