:020000040800F2
:100000004886012089020008B161000843470008C2
:10001000AD610008ED08000803DF000800000000E3
:10002000000000000000000000000000999300089C
:10003000751100080000000019030008B1940008C1
:10004000A3020008A3020008A3020008A3020008FC
:10005000A3020008A3020008A3020008A3020008EC
:10006000A3020008A3020008A3020008A3020008DC
:10007000A3020008A3020008A3020008A3020008CC
:10008000A3020008A3020008A3020008A3020008BC
:10009000A3020008A3020008A3020008A3020008AC
:1000A000A3020008A3020008A3020008A30200089C
:1000B000A3020008FDCB000815CC0008A30200082D
:1000C000A3020008A3020008A3020008A30200087C
:1000D000A3020008CDDC0008A3020008A302000868
:1000E000A3020008A3020008A3020008A30200085C
:1000F000A3020008A3020008A3020008A30200084C
:10010000A30200083D7A0008A3020008A302000829
:10011000A3020008A3020008A3020008A30200082B
:10012000A3020008A3020008A3020008A30200081B
:10013000A3020008A3020008A3020008A30200080B
:10014000A3020008A3020008A3020008A3020008FB
:10015000A3020008A3020008A3020008A3020008EB
:10016000A3020008A3020008A3020008A3020008DB
:10017000A3020008A3020008A3020008A3020008CB
:10018000A3020008A302000800F002F800F061F8E2
:100190000AA090E8000C82448344AAF10107DA45E2
:1001A00001D100F056F8AFF2090EBAE80F0013F0D3
:1001B000010F18BFFB1A43F001031847DCD40100FC
:1001C000FCD401000A444FF0000C10F8013B13F07E
:1001D000070408BF10F8014B1D1108BF10F8015BA0
:1001E000641E05D010F8016B641E01F8016BF9D193
:1001F00013F0080F1EBF10F8014BAD1C0C1B09D1EA
:100200006D1E58BF01F801CBFAD505E014F8016B5B
:1002100001F8016B6D1EF9D59142D6D370470000ED
:100220000023002400250026103A28BF78C1FBD8FF
:10023000520728BF30C148BF0B607047782900F0D3
:10024000E980002070471FB515F07FFB1FBD10B57A
:1002500010BD00F01DFB1146FFF7F5FF14F04AFC3E
:1002600000F03BFB03B4FFF7F2FF03BC13F0C0FF49
:1002700040BA7047C0BA704730BF72B6704762B6B6
:10028000704780F30888704709488047094800474D
:10029000FEE7FEE7FEE7FEE7FEE7FEE7FEE7FEE736
:1002A000FEE7FEE704480549054A064B7047000093
:1002B000C194000889010008487C0120488601207B
:1002C000487E0120487E0120EFF3108072B670470F
:1002D00080F310887047264C4FF6FF7525604FF06D
:1002E000000484F30988234C4FF001052570224C4B
:1002F0004FF08055256062B6FEE730B41E4C4FF0DB
:100300008055256030BC704730B41B4C4FF0805591
:10031000256030BC704700BF72B6EFF3098050B162
:100320001EF0100F08BF20ED108A203880E8F00F73
:1003300012490968086000B5114880475DF804EB70
:10034000104811490A7802700C4810490A68026086
:10035000106890E8F00F20301EF0100F08BFB0ECCE
:10036000108A80F309884EF0040E62B6704700BF11
:1003700022ED00E0E200002004ED00E0E8000020B3
:10038000456C0008D7000020D8000020F0000020B5
:10039000704700000FB4044910B503AA029800F09A
:1003A000E1F910BC5DF814FB740000202DE9F04168
:1003B0000E460446002020622046E168884730B39C
:1003C000252805D0D4E901219047206A401CF2E796
:1003D000E168204600278847050018D0A5F14100B4
:1003E000192802D820354FF40067324629462046A6
:1003F0002760FFF723FF40B1012804D0F61D26F047
:1004000007060836D8E7361DD6E72846DAE7206A19
:10041000BDE8F08170B504460D4621461068AFF383
:1004200000802188090502D50F4A7A4402E00E4A6D
:100430007A440E32002104F1240305E000F00F0697
:100440000009965D5E54491C0028F7D120780023EE
:10045000000704D5702D02D009B1022311322046C5
:10046000BDE8704000F025B962D1010040EA010307
:1004700010B59B070FD1042A0DD310C808C9121F4D
:100480009C42F8D020BA19BA884201D9012010BD87
:100490004FF0FF3010BD1AB1D30703D0521C07E054
:1004A000002010BD10F8013B11F8014B1B1B07D1B8
:1004B00010F8013B11F8014B1B1B01D1921EF1D129
:1004C000184610BD032A40F2308010F0030C00F0F3
:1004D000158011F8013BBCF1020F624498BF11F87E
:1004E00001CB00F8013B38BF11F8013BA2F1040237
:1004F00098BF00F801CB38BF00F8013B11F00303AF
:1005000000F06780083AC0F0088051F8043B083AD0
:1005100051F804CBA0E80810F5E7121D5CBF51F8B4
:10052000043B40F8043BAFF30080D20724BF11F82E
:10053000013B11F801CB48BF11F8012B24BF00F893
:10054000013B00F801CB48BF00F8012B7047431A6C
:1005500028BF9A427FF6B6AF032A1044114440F2F6
:10056000268010F0030F1EBF11F8013D521E00F847
:10057000013D10F0030F7FF4F6AF11F0030300F01C
:100580001681083AC0F00B8051F8043D083A51F842
:1005900004CD40F8043D40F804CDFFF7F3BF121D31
:1005A0005CBF51F8043D40F8043DAFF30080D20732
:1005B00024BF11F8013D11F801CD48BF11F8012CFD
:1005C00024BF00F8013D00F801CD48BF00F8012C20
:1005D000704710B5203AC0F00B80B1E81850203AAF
:1005E000A0E81850B1E81850A0E81850BFF4F5AFD3
:1005F0005FEA027C24BFB1E81850A0E8185044BF5D
:1006000018C918C0BDE810405FEA827C24BF51F8C9
:10061000043B40F8043B08BF7047D20728BF31F8BD
:10062000023B48BF11F8012B28BF20F8023B48BF0E
:1006300000F8012B704702F0FF0343EA032242EA6D
:10064000024200F0E0B84FF0000200B513469446B5
:100650009646203922BFA0E80C50A0E80C50B1F11A
:100660002001BFF4F7AF090728BFA0E80C5048BF2E
:100670000CC05DF804EB890028BF40F8042B08BFCC
:10068000704748BF20F8022B11F0804F18BF00F8C8
:10069000012B7047704770477047704710B500F0E6
:1006A000D3F8006810BD10B5044600F0CDF8046022
:1006B00010BD2DE9F0470D4699469246044600F1DB
:1006C00024080168880604D5E06921F01001216042
:1006D00000E00120A84201DD471B00E00027A169DE
:1006E0007A1902EB0900081AA0612078C00602D42A
:1006F0002046AFF30080002608E0D4E901211AF873
:1007000006009047206A401C761C20624E45F4DBB0
:100710002078C0060AD52046AFF3008006E0D4E971
:10072000012130209047206A401C2062381EA7F12A
:100730000107F4DC07E0D4E9012118F8050090472F
:10074000206A401C2062281EA5F10105F3DC20462A
:10075000AFF300802078000602D50220BDE8F087C4
:100760000120FBE7074B70B50D467B4400F075F8A0
:100770000446284600F084F810B14FF0FF3070BDF9
:10078000204670BDF7420100431A28BF9A427FF607
:1007900020AF104410F0030F11441EBF11F8013DAB
:1007A000521E00F8013D10F0030F7FF4F6AF103A2F
:1007B000C0F00A8010B531E91850103A20E91850FD
:1007C000BFF4F9AFBDE81040530724BF31E908106A
:1007D00020E9081044BF51F8043D40F8043D12F0F0
:1007E000030F08BF7047D20728BF31F8023D48BF4A
:1007F00011F8012C28BF20F8023D48BF00F8012C59
:1008000070474FF000020429C0F0128010F0030C72
:100810003FF41BAFCCF1040CBCF1020F18BF00F881
:10082000012BA8BF20F8022BA1EB0C01FFF70DBF95
:100830005FEAC17C24BF00F8012B00F8012B48BF00
:1008400000F8012B7047000000487047E47B01204E
:1008500001694A1C02610878704700B58FB0CDE984
:1008600001310021059105497944CDE90310114674
:100870006846FFF79BFD0FB000BD0000E5FFFFFFDE
:10088000007B00F08000704700487047E47B012047
:100890007546FFF7F9FFAE4605006946534620F05E
:1008A0000700854618B020B5FFF7FCFCBDE82040E6
:1008B0004FF000064FF000074FF000084FF0000B1C
:1008C00021F00701AC46ACE8C009ACE8C009ACE8CF
:1008D000C009ACE8C0098D46704710B50446AFF3B7
:1008E00000802046BDE81040FFF7BCBC00BFFEE71B
:1008F00031B52DED068B82B00024002574480078B8
:10090000401C73490870084600780A2190FBF1F2F8
:1009100001FB120018B16E4800780A287EDA012225
:1009200008A9002006F06CFE9DF8200000F01F00D2
:10093000002873D09DF8200000F01F0040F0C00098
:10094000644981F82000002486E0624890F8200085
:100950000121A140084000287CD05F4931F81400F3
:10096000042201A906F04CFE5A4890F8340000F029
:100970000100D0B39DF807109DF8062001EB02207E
:1009800014F015FC41EC190B9FED540B53EC102B9C
:1009900014F074FC41EC180B14F0DCFB81B24D48F0
:1009A000163020F814109DF805109DF8042001EB76
:1009B000022014F0FCFB41EC1A0B9FED4A0B53ECA8
:1009C000102B14F05BFC41EC190B9FED480B53EC22
:1009D000102B14F087FD41EC180B14F0BBFB81B217
:1009E0003C480C3020F8141034E0FFE79DF8071065
:1009F0009DF8062001EB022014F0D9FB41EC190B05
:100A00009FED360B53EC102B14F038FC41EC180B17
:100A100014F0A0FB81B22F480C3000E02BE020F84E
:100A200014109DF805109DF8042001EB022014F02D
:100A3000BEFB41EC190B9FED2B0B53EC102B14F06C
:100A40001DFC41EC180B14F085FB81B221481630D7
:100A500020F81410601CC4B2052CFFF676AF0125F7
:100A60001C48808920B91B48C08A08B9002008901A
:100A70000020174908709DF8200000F01F00D0B931
:100A8000144890F8200000F0800040B1114890F820
:100A9000200020F080000F4981F820000BE04FF685
:100AA000FF700C498881C882084690F8200000F049
:100AB000E00081F8200006480078F02802DD0A20D6
:100AC00003490870284602B0BDEC068B38BD000013
:100AD0000400002008000020147101087B14AE47B8
:100AE000E17AD43FD881734694F6D23F00000000EB
:100AF0000000894010B5052013F048FC10BD00002F
:100B000010B500200F4908600F48006820F440002D
:100B10000D4908600846006840F480000860FFF74F
:100B2000E9FF00200949C1F8AC02FFF7E3FF01200B
:100B300004490860FFF7DEFF00200549C1F8800284
:100B400010BD0000808240420014024000804242FA
:100B5000008040421CB50121222006F0BFFD01208B
:100B600000908DF8040003208DF8050000208DF81A
:100B7000060001208DF807006946084800F01AFEBB
:100B80004FF4006000906946054800F013FE012014
:100B9000044908600449C1F8AC021CBD00040240CD
:100BA00000140240808240420080424210B5002082
:100BB0000F4908600F48006820F440000D490860A4
:100BC0000846006840F480000860FFF793FF0120AA
:100BD0000949C1F8AC02FFF78DFF01200449086004
:100BE000FFF788FF00200549C1F8800210BD000012
:100BF0008082404200140240008042420080404215
:100C000070B5054600241448006820F440001249DD
:100C10000860084600680860002612E000200F49BE
:100C200008601E2013F0B2FB01200D49C1F88002BC
:100C30006006040E0B48006808B1601CC4B2701C4A
:100C4000C6B2082EEADB15B9FFF7B0FF01E0FFF7E7
:100C500057FF204670BD00000014024080824042D1
:100C6000008040422C82424270B50446134800681E
:100C700020F44000114908600846006840F48000F4
:100C8000086000200E490860FFF734FF002511E0DE
:100C9000E0090C4908606006040E01200A49C1F809
:100CA0008002FFF727FF002005490860FFF722FFB9
:100CB000681CC5B2082DEBDB70BD000000140240BB
:100CC00080824042AC8242420080404210B50F48D0
:100CD000006820F440000D4908600846006840F4B0
:100CE0008000086001200A4908600A49C1F88002B2
:100CF000142013F04BFB002005490860FFF7FAFEB3
:100D000000200449C1F8800210BD00000014024018
:100D1000AC8242420080404210B50D48006820F489
:100D200040000B4908600846006840F480000860F5
:100D3000012008490860142013F028FB0020064910
:100D4000C1F8AC02FFF7D6FE01200449086010BDCF
:100D5000001402408082404200804242AC82424203
:100D600010B500241148006820F440000F490860C5
:100D700008460068086001200D4908600D49C1F867
:100D800080020AE0601CC4B2FA2C03DDFFF7C4FF46
:100D9000012010BD012013F0F9FA054880380068E1
:100DA0000028EFD10449086000BFF2E700140240B8
:100DB000AC824242008040428082404270B50025B1
:100DC0004FF4803400E0641E24B1802006F016FE4B
:100DD0000028F8D014B90325284670BD40F2FF5012
:100DE00006F0BEFD2846F8E7014600BF0848006847
:100DF00000F045000028F9D040F2FF50044A121DCF
:100E0000106003482038006808221040C0B27047C4
:100E1000342C014070B500251048046801E00F48EB
:100E2000046804F045000028F9D004F0040028B15B
:100E30000325042006F094FD284670BD04F001004F
:100E400028B10125012006F08BFD2846F5E740F288
:100E5000FF5006F085FD2846EFE70000342C0140E6
:100E600070B500250B48046801E00A48046804F0E6
:100E700045000028F9D004F0040028B1032504201F
:100E800006F06EFD284670BD40F2FF5006F068FD8A
:100E90002846F8E7342C01402DE9F04106460F467C
:100EA0004FF000082248056801E02148056805F078
:100EB00045000028F9D005F0040038B14FF00308D0
:100EC000042006F04DFD4046BDE8F08105F001002C
:100ED00030B14FF00108012006F042FD4046F3E733
:100EE00006F086FDB04203D04FF010084046EBE715
:100EF00040F2FF5006F034FD002006F093FD04465A
:100F000004F4604018B9200C38804046DCE704F453
:100F1000005008B11320D7E704F4804008B1102036
:100F2000D2E704F4004008B10F20CDE74046CBE7FC
:100F3000342C014070B500264FF480350F4804680A
:100F400002E06D1E0D48046804F0450008B9002D4C
:100F5000F7D115B104F0040028B10326042006F0EF
:100F6000FFFC304670BD04F0400028B10026402050
:100F700006F0F6FC3046F5E73046F3E7342C014046
:100F800021B1026842F00102026003E0026822F02F
:100F90000102026070470000016821F00101016058
:100FA0000021016041608160C160016121214161D6
:100FB0004A49884204D13D21484A103A91608CE068
:100FC00046491831884205D14FF47461434A103ABA
:100FD000916082E041493031884205D14FF474116B
:100FE0003E4A103A916078E03C494831884205D148
:100FF0004FF07461394A103A91606EE037496031C0
:10100000884204D13649354A103AD16065E0334907
:101010007831884204D13349304A103AD1605CE0DB
:101020002E499031884204D12F492C4A103AD16080
:1010300053E02A49A831884205D14FF03D51274A53
:10104000103AD16049E02949884204D13D21274A1C
:10105000083A116041E025491831884205D14FF422
:101060007461224A083A116037E0204930318842E1
:1010700005D14FF474111D4A083A11602DE01B4947
:101080004831884205D14FF07461184A083A11601E
:1010900023E016496031884204D11149134A121FD6
:1010A00011601AE011497831884204D10D490F4A84
:1010B000121F116011E00D499031884204D10A4994
:1010C0000A4A121F116008E00849A831884204D179
:1010D0004FF03D51054A121F1160704710600240E9
:1010E0003D000020400F002000003D201064024021
:1010F00021B1026842F02002026003E0026822F09F
:10110000200202607047014600200A6802F00102D6
:101110000AB1012000E000207047000010B5002255
:101120000268134B1A40CC680B6823434C69234375
:101130008C692343CC6923430C6A23434C6A2343C1
:101140008C6A23434C6B23438C6B23431A4302600A
:10115000426922F00702D1E90B3423431A4342616A
:101160000B6943604B6883608B68C36010BD0000EF
:101170003F801CF070472DE9F04306460F4690462D
:10118000002445460320A0EB48093CE07A1B91B2BD
:10119000321990B203F074FE3A1B91B2721990B2F8
:1011A00003F06EFE3A1991B2721990B203F068FE24
:1011B0007A1991B2321990B203F062FE7A1991B2A3
:1011C000321B90B203F05CFE3A1991B2721B90B2DE
:1011D00003F056FE7A1B91B2321B90B203F050FE20
:1011E0003A1B91B2721B90B203F04AFE641CB9F133
:1011F000000F03DAA000801D814404E0601B800022
:101200000A3081446D1EAC42C0DDBDE8F0830000B1
:1012100051B18200A2F1C042126842F00103820083
:10122000A2F1C042136009E08200A2F1C04212683C
:10123000034B1A408300A3F1C0431A6070470000BB
:10124000FEFF0F00D0E901121143C2681143026989
:1012500011434269114382691143C2691143026A11
:101260001143426A1143826A1143C26A1143026BFD
:10127000114302689200A2F1C042116081680829FE
:101280000BD101688900A1F1C041096841F0400219
:1012900001688900A1F1C0410A60416B0968426B95
:1012A000526841EA0211426B926841EA0221426BA4
:1012B000928941EA0241426B128A41EA0251426B31
:1012C000127D41EA0261426B926911430268521C2D
:1012D0009200A2F1C0421160C16AB1F5804F1BD1EA
:1012E000816B0968826B526841EA0211826B9268D5
:1012F00041EA0221826B128A41EA0251826B127D1D
:1013000041EA0261826B9269114302689200A2F184
:10131000C042C2F8041107E06FF070420168890012
:10132000A1F1C041C1F80421704700002DE9FC4142
:1013300007460D460026002400200090019008205A
:101340005D49086010204860402088600020C86027
:101350004FF480600861084606F0A2FB1020FFF7FA
:1013600043FD044614B12046BDE8FC815348008883
:101370000004514908603720486040208860002000
:10138000C8604FF480600861084606F089FB37208A
:10139000FFF72AFD04460CB12046E5E74FF0FF3089
:1013A0004749086008204860302088600220C860F3
:1013B0000020086101204861084606F0F3FA002089
:1013C0003D49086033204860402088600020C860A4
:1013D0004FF480600861084606F062FB3320FFF797
:1013E00003FD04460CB12046BEE70CE04FF40010AC
:1013F00006F004FB38B106F04DFB4DF82600761CD4
:10140000012E00D906E02F48006840F22A6108400A
:101410000028EBD000BF082006F0F0FA28B1082021
:1014200006F09EFA042420469EE7022006F0E6FA23
:1014300028B1022006F094FA0224204694E72020E6
:1014400006F0DCFA28B1202006F08AFA06242046AD
:101450008AE74FF4007006F0D1FA30B14FF4007013
:1014600006F07EFA072420467EE740F2FF5006F0A1
:1014700077FA00980006009901F47F4140EA0120C4
:10148000009901F47F0140EA1120009940EA1160BF
:10149000686001980006019901F47F4140EA01204B
:1014A000019901F47F0140EA1120019940EA11609D
:1014B0002860204658E70000402900205000002006
:1014C00054290020342C01402DE9F0430446C5681E
:1014D00087B090468946002001F0E6FE064625B119
:1014E000287910B146F0020001E026F0020001F078
:1014F000DBFE2069012558B1D4E902128DE82600EF
:10150000039563882288046841464846A0471EE048
:10151000124F134B214638681B68427CE06898479D
:1015200030B9E088012801D0002001E03868806BE4
:10153000A288E388A1680095CDE90410CDE90232C4
:101540000195638822884146484603F0DDFA07B0DA
:101550003046BDE8F04301F0A7BE0000780200204D
:10156000700200202DE9FF4F95B00020DDF890B00B
:101570000F90109013907D480A460068B0F90A1049
:101580000C91B0F90E0007901598B0F800904088C3
:101590000D902398002801DAC0F100000E9004DAC3
:1015A000A9EB03030E98A3F1010303FB00F34FF42F
:1015B0007A7193FBF1F0A2EB000016902298C0F133
:1015C000000000FB0BF002F0D1FC1799BBF1000FFB
:1015D00000EB010808F101000B9002DA4FF0FF3038
:1015E00000E0012009901598C06818B1007908B191
:1015F000012010900020A7E022994446AAEB0100A8
:10160000401C00FB0BF04FF47A7102F0AFFC17990D
:1016100000EB01080B9884427ED00B940C98844216
:1016200079DB0798844276DC00254FF0FF302E46A8
:101630002F461495129062E00E980644B6F57A7F14
:101640005CDB2398002801DD394602E0A9EB0701A5
:10165000491E5246159800F019FF0F9901908842D3
:1016600002D11298401C42D1019870B9109860B113
:101670001498D0B31698129942190844521E214664
:1016800003F046FB002014902FE0149858B11298F4
:10169000401C08D01698421901461298521E084460
:1016A000214603F035FB012014901598129500692E
:1016B00018B141680198884706E01598C0688068AD
:1016C00058B3019950F821000690000E139001F0D4
:1016D00093FD26480068417C254850F821000069A8
:1016E00001680698884704F0FFF801980F904FF4BE
:1016F0007A706D1CA6F57A768642FADA7F1C4F4521
:101700009ADB149838B11698129942190844521E5F
:10171000214603F0FDFA01E014E008E00998BBF16E
:10172000000F04440BDA44453FF778AF0AE00F4856
:101730000068417C0E4850F821000069B9E7444533
:10174000FFF66CAF0AF101000D9982468842FFF660
:1017500053AF1398002805D019B00020BDE8F04F12
:1017600001F04ABD19B0BDE8F08F000078020020FA
:101770009002002010B5002001F07AFD6FF07F404C
:1017800001F081FD012001F0E9FD002001F0F4FDF0
:10179000002001F001FE002001F086FD04480068F1
:1017A00001F08EFDBDE81040002001F0A9BD000051
:1017B00074020020F0B50A4600210023002400BF77
:1017C0003DE0012505FA01F3156805EA03049C4292
:1017D00034D105684F000326BE40B5430560157936
:1017E0004E00B5400668354305601579012D02D0DD
:1017F0001579022D16D185684F000326BE40B543EA
:10180000856055794E00B5408668354385604568EA
:1018100001268E40B5434560456896798E40B6B244
:1018200035434560C5684F000326BE40B543C560DB
:10183000D5794E00B540C6683543C560491C1029AE
:10184000BFD3F0BDF0B5002300244D07ED0E02FA22
:1018500005F3CE1000F1200555F826504E07F70E7F
:101860000F26BE40B543CF1000F1200646F82750A2
:10187000CE1000F1200555F8265045EA0304CE109D
:1018800000F1200545F82640F0BD018370470000B7
:101890002DE9F04FDFF828B191B04FF0FF35DBF8BC
:1018A0000030B3F922100691DE69B3F92490F4698F
:1018B000A189814206D8E289824203D3471AD4F82B
:1018C000008012E0D4E9018100296FD00A888242A9
:1018D0006CD84D88854269D3801A82B2486800EB83
:1018E0008200B0F90070B0F90250781C5ED0307EF2
:1018F000A17C10FB01FA217CCDE90801B3F92A6033
:10190000304604F083F8C0B20E90DBF8000007FB0D
:101910000A81A37C826B0127CDE90412CDE9027311
:10192000C069DDE90832C17E807ECDE9000149460B
:10193000069803F0E9F8681C18D046F0020004F09D
:1019400065F8DBF80000A37C05FB0A81826BCDE91A
:101950000273CDE90412C069DDE90832C17E807EE0
:10196000CDE900014946069803F0CEF8DBF8000007
:101970005D46C069417E007E814214D9022E12D09C
:1019800086F0040004F042F82868C069027EC37E35
:1019900012FB0391437E857E099A06984B4402FB15
:1019A000050203F00DFB0E9804F030F8DBF80000A0
:1019B000627C418C1144418411B0BDE8F08F00007D
:1019C0007802002004480068C069C06909B1027C3F
:1019D0000A60407C704700007802002002200880E6
:1019E0007047C06982898A4202D8C2898A4210D26D
:1019F000806880B102888A420DD843888B420AD31E
:101A0000406800EB8100A0EB8200B0F900000028E4
:101A100001DB012070470020704700002DE9F043F2
:101A20002F4C034687B020681946B0F92A80C06958
:101A3000C06900F084F800284ED041680088181A68
:101A400001EBC0054046AE7803F0E0FF8146206818
:101A50006A680123816BCDE90236CDE90421C169B1
:101A6000CB7E8A7ECDE900230B7EB0F924102A7844
:101A7000B0F9220003F048F82068C069477E067E6E
:101A8000B7421DD9C07E47434643B8F1020F17D075
:101A900000F088FD804600F053FD01F0F4FB216862
:101AA0002A78CB69B1F92200DB7E12FB0302B1F97F
:101AB0002410CB19314403F083FA404601F0E3FBD4
:101AC000484603F0A3FF20686A78C369B0F9221082
:101AD0009B7E12FB0311418407B0BDE8F083000038
:101AE0007802002030B50F4C05460B462068294689
:101AF000C069C06900F023F8002811D0416800884F
:101B000024682A1A0120E46900EBC200085CA47E64
:101B100010FB04F0002B03D011F832106143196060
:101B200030BD00007802002001200880704700B519
:101B3000C06900F004F8002800D0012000BD06E0D4
:101B400002888A4202D842888A4202D280680028EB
:101B5000F6D1704770B500240E4D16E028690E4985
:101B600000EBC410001D78220968FEF732FD2869D9
:101B7000002100EBC410016000F10C018161011D26
:101B80000A1DC0E90F12641C4164A8688442E5DBA9
:101B900070BD0000FC0200207802002070B50D49E5
:101BA0000B480860084602F081FD0A4C143CA0680E
:101BB000C501284600F068F82A460021206102F09D
:101BC0007DFD4FF0FF302060BDE8704001F0CEBFDA
:101BD000052C01081003002010B5040009D000F006
:101BE0009BFD20460DF080FE044601F077FF204665
:101BF00010BD002010BD38B5054600F08DFD28460B
:101C0000FFF7EAFF040009D000F0BAF82A460021E5
:101C1000009002F053FD684600F0F0F801F05EFF1E
:101C2000204638BD024A106021F003005060704722
:101C3000F879012010B5040016D000F06DFD0B48B6
:101C4000006B10F8341059B1022909D2042101EBBC
:101C5000C401415848680DF00BFE204611F0DAF837
:101C6000BDE8104001F03ABF10BD00003C790120F2
:101C7000002805D0034A916B016001B14860906370
:101C8000704700003C7901202DE9F041044610F036
:101C900065FE2648E41C24F00305C16B2D1DA942F6
:101CA00000D90D46846B13E054F8042CAA420ED1DF
:101CB00084B1216809B162684A60616809B122682B
:101CC0000A60826BA2422ED1216881632BE02468D6
:101CD000002CE9D18046416B80680F1857F8040C3E
:101CE0003E1A306838B1002011F046F957F8040C5C
:101CF0003E1A3068B8B97068A84214DB3044441BFF
:101D0000304611F0F1F8D8F80810491BC8F808104F
:101D1000D8F810102944C8F8101070683146401BDC
:101D20000DF0A6FD20C42046BDE8F0813C790120DD
:101D300010B5002410F012FE0C490F2001EBC00278
:101D4000126C1AB101EBC000006C08E0401EF5D522
:101D500008E04168A14200D90C46806810B1806853
:101D60000028F6D1A4F10C0010BD00003C79012040
:101D700002484169491C4161704700003C790120DB
:101D800005498A69521C8A61096B01EBC0010A7816
:101D9000521C0A7000F04AB83C79012010B500F0DE
:101DA000BBFCFFF7C5FF64220849B0F5800F04D9DA
:101DB00090FBF2F4C869444303E0C9694143B1FBB5
:101DC000F2F401F08BFE204610BD00003C790120AA
:101DD0000549102805D94A68B0EB520F02D35008C4
:101DE00000E0102088607047F879012002484169BE
:101DF000491E4161704700003C7901200A49026890
:101E00000B6B52F8082C03EBC2021378022B03D39E
:101E10008B690BB15B1E8B611178491E117000211B
:101E200001600846704700003C790120002806D078
:101E30000349042202EBC000096B085808307047C0
:101E40003C79012070B514460D46064600F064FC4E
:101E5000204600F0B3FB0300174804EB840109D0CF
:101E600050F8210041688068711A2A1A184601F05A
:101E700037FA1CE000EB8104A268B24201D00122D3
:101E800000E00022E368AB4201D0012300E0002320
:101E90001A430CD0236943B150F82100816840688F
:101EA0006A1A311A184601F067F9C4E90265BDE8FB
:101EB000704001F013BE0000507B012010B5C2B28B
:101EC000CBB2D21A02D5C2F1000212B293B2C0F361
:101ED0000722C1F3072403FB03F3121B01D552426F
:101EE00012B2000C92B2A0EB114002FB023200B21F
:101EF000002801DA404200B280B200FB002010BD91
:101F000010B50021084600F0BFFB40F6FF725042BA
:101F1000BDE8104013460146AFF300802DE9FC41B7
:101F20001C4615460E46074600F0F6FB042003F05B
:101F30006DFD80461248C068C16C006D0F440644B8
:101F40000D440444ADF80070ADF80450ADF80260E3
:101F5000ADF8064068460DF051F807E023462A46E2
:101F60003146384603F02CF80DF00AF80028F5D178
:101F7000404603F04BFD01F0B1FDBDE8FC810000DF
:101F80006C0200202DE9F0411C4616460D4607461E
:101F9000022B02DB0020BDE8F0811C20FFF774FE5D
:101FA0000028F8D00DB105610AE0094A52F8241062
:101FB00009B905E011460A68002AFBD109690161E7
:101FC00084618682002101604160C0E90217E2E776
:101FD0009002002070B51D46FFF7D4FF040001D029
:101FE00000F00EF8E068006820B90348006800EBD4
:101FF00085008465204670BD78020020FFF738BE5A
:1020000070B590B38269022A30DA1C4C54F8221061
:1020100019B944F822002FE019464B68002BFBD178
:1020200006E0CB68C5681B682D68AB4203DD096814
:102030000029F6D11AE0C1B1CB68C6681B683668C2
:10204000B3420CD1838A012B05D008E01946DB6826
:102050001B68AB4203DB0B68002BF7D129B14B683F
:1020600033B118604A68426004E0FFE7012070BDA8
:1020700044F8220048600160002070BD90020020FA
:1020800010B503E00468FFF7BBFF20460028F9D134
:1020900010BD11F059BC00002DE9F0410026DFF819
:1020A00034800D4F354600BF58F8254009E0E06800
:1020B0000068385C20B1204611F046FC26602646B8
:1020C0002468002CF3D16D1C022DEDDB3046BDE8F9
:1020D000F081000090020020B8B60108022801DB60
:1020E00000207047054A52F8200004E0C2681268D8
:1020F0008A42F6D000680028F8D17047900200208C
:10210000022801DB00207047054951F8200004E057
:10211000C16809680029F6D000680028F8D1704726
:10212000900200202DE9F041044601F011FD06194E
:102130001EE000BF00F090F9052F00DD052700F03C
:10214000EBFA11480568FFF713FE2C0017D000BF0B
:1021500001F0C4FC641EFBD1384601F0DFFC1DB168
:1021600000F0DAFA6D1EFBD1FFF740FE01F0B6FC7D
:1021700001F0EEFC371A002FDCDCBDE8F0813846B8
:1021800001F0CCFCF0E70000080300202DE9FC473B
:1021900006005FD000F0C0FA00F01AFA3C4C81460D
:1021A0002068B0F9228000F041FA216807468A8C45
:1021B000D01B888441E000BF47F6FF71304602F033
:1021C00041F982460146304602F012F9216805467F
:1021D00091F82C0000F00300012841D002283BD0E8
:1021E00000204A8C101A4884ADF800006A1E104482
:1021F000ADF80400888CADF80200A9F10101084493
:10220000ADF806006A465146304601F057FE216897
:10221000BDF8020088845146304601F03BFB06447D
:1022200030780A281ED00D281CD0BDF80000216887
:1022300028444884307818B1761C30780028BBD107
:102240002068818C39448184818D21F0030181854E
:1022500001F044FCBDE8FC8705EBD5704010C0E7F9
:102260002846BEE7206890F82C1001F003010129F0
:102270000BD0022909D0018C418431780A29D9D1A7
:10228000828C02EB09018184D4E7A0F82280F4E774
:102290007802002070B514460D46064600F03CFA60
:1022A00005480068458484843046FFF76FFFBDE829
:1022B000704001F013BC0000780200202DE9F041CD
:1022C00007460A4815460E460068B0F92C0040F053
:1022D000020001F051F804462A4631463846FFF71D
:1022E000D9FF2046BDE8F04101F046B87802002051
:1022F0007CB514460D46064600F00EFA11480068FB
:10230000C16C006D0D4404443188681E0844ADF86A
:102310000400ADF800507188601E0844ADF8060056
:10232000ADF8024068460CF069FE06E022462946F8
:102330003046FFF7C9F80CF023FE0028F6D101F073
:10234000CDFB7CBD780200202DE9F04F87B09A4686
:10235000DDE9117693460C468146DDF8408000F0B9
:10236000DBF902F065FE05903A480068C16C0D1972
:10237000016DCAF1000001EB0B044FF47A7B784346
:10238000002F594611DB01F0F1FD2844ADF80C0097
:10239000B9F80010A1EB0A00401E7843594601F03D
:1023A000E5FD2844ADF8100010E001F0DFFD284401
:1023B000ADF81000B9F80010A1EB0A00401E7843F8
:1023C000594601F0D3FD2844ADF80C00C8F10000D7
:1023D0007043002E594611DB01F0C8FD2044ADF8D2
:1023E0000E00B9F80210A1EB0800401E70435946D8
:1023F00001F0BCFD2044ADF8120010E001F0B6FD84
:102400002044ADF81200B9F80210A1EB0800401EFC
:102410007043594601F0AAFD2044ADF80E0003A810
:102420000CF0ECFD0BE0CDF80080CDE901765346D1
:10243000224629464846FFF795F80CF0A1FD0028F2
:10244000F1D1059803F050FA01F048FB07B0BDE860
:10245000F08F00007802002010B5002400E0012475
:1024600000F004F80028FAD1204610BD064810B547
:102470000068002410B1804700B101240CF066F818
:1024800000B10124204610BD9802002008B50B467B
:10249000002805D0009281888268C08800F001F889
:1024A00008BD10B50828029C30D008DC04FB01F4FC
:1024B00001280AD0022813D0042804D11CE01028D7
:1024C00028D020282CD0002010BD04EBD30003F02E
:1024D0000701105CC1F10701C84000F0010010BD08
:1024E00004EB93000621105C01EA4301C1F10601EF
:1024F000C84000F0030010BD04EB5300D907105C86
:1025000002D000F00F0010BD000910BD04FB013027
:10251000105C10BD481004FB003032F8100010BDF4
:10252000881004FB003052F8200010BD034951F818
:102530002000C1688A6A082110470000900200202C
:1025400010B500F0E9F802F06BFD02F003FE04465E
:1025500001F0C4FA204610BD10B5044600F0DCF8C6
:10256000054800210068C06942682046904704463B
:1025700001F0B4FA204610BD7802002070B50C4678
:10258000054600F0C9F8064821460068C06942685F
:1025900028469047044601F0A1FA204670BD00008D
:1025A0007802002010B500F0B7F802F041FD02F00B
:1025B000D1FD044601F092FA204610BD0021022808
:1025C00002D2024951F8201008467047CC0300207F
:1025D00010B500F0A1F804480068C069447E01F01D
:1025E0007DFA204610BD00007802002070B5144628
:1025F0000D46064600F090F822462946304602F085
:102600004BFD10B1002028602060BDE8704001F053
:1026100065BA70B50C46054600F07EF8214628469E
:1026200001F02CFFBDE8704001F058BA10B500244D
:1026300000F072F80B48006890F82C1001F00C01C3
:10264000042904D0082906D00C2907D103E0C06969
:10265000047E641E02E0C069007E440801F03EFA78
:10266000204610BD78020020024951F82000006980
:102670000068704790020020024951F8200000696C
:10268000406870479002002070B50D46044600F087
:1026900043F820460FF0F0FF044628460FF0F4FF01
:1026A000044301F01BFA204670BD0000144810B529
:1026B000016821F001010160124801218160124985
:1026C000016000681149884200D0FEE701F0DCFBA0
:1026D0000F492E20087001F03FFA0E4810F0F0F874
:1026E000FFF75CFA11F02AFF04460021084600F0CB
:1026F00015FE0CF055F9FFF72DFA204610BD00002D
:10270000002000E000300240C2A507F4CDB5E8B5D6
:102710006C020020047A012070B51F4CE06820B1E3
:1027200001F00EFA6168884204D001F02FFA01F03E
:1027300007FA6060E068401CE060012825D10025B0
:102740000AE000BF01F0FCF9216901EBC51109683D
:10275000814205D0D1B16D1CA0688542F2DB002515
:102760002068854211D000280EDBFFF795FC226817
:10277000216901EBC212D067084A01EBC510011DA7
:102780001160C06FFFF77CFC256070BD216901EB13
:10279000C5110860E4E70000FC0200207802002078
:1027A0001CB5040004D10E480068046E002C16D03D
:1027B000FFF7B2FF2046FFF7E3FA0090446968464E
:1027C000FFF71CFB4CB12046FFF7DAFA0190816855
:1027D0008968884701A8FFF711FB01F07FF91CBD4C
:1027E0007802002001490A4600F002B801F0FFFF1C
:1027F0002DE9F04387B015460C465FEA000846D045
:10280000FFF78AFF002000F04FFD81462148006855
:10281000066E4046FFF7B4FA00900068806900F049
:10282000D3FC074640F6FF70001904D10098B0F9B8
:102830000440B0F906500098611E0289ADF80440CA
:102840001144ADF808104189681E0844ADF80650DF
:10285000ADF80A000BF0D4FC6846FFF7CFFA01A8E8
:102860000CF0CCFB06E02A462146404600F07CFBFB
:102870000CF086FB0028F6D1384600F0A5FC304667
:1028800000F0B8F9484600F00FFD01F027F907B055
:10289000BDE8F083780200202DE9FE4F984691466E
:1028A0008A46834600270C9EFFF736FF17481849D3
:1028B0000068407C51F82040E1680968042903D091
:1028C0002468002CF8D100E014B9FFF719FC044685
:1028D0000121E068C26A20469047050011D02469B2
:1028E000A0688047401C02D10A4C46F001060096C1
:1028F000CDE9015443464A465146584600F014FA81
:10290000074601F0EBF83846BDE8FE8F780200205C
:1029100090020020ECD4010838B504001CD0FFF769
:10292000FBFE0E480068006EA04201D100F03EFCA4
:102930002046FFF725FA0090406908B101F0B7F88A
:1029400000980068FFF75AFB6846FFF757FA2046E1
:10295000FFF770F901F0C2F838BD000078020020DE
:102960002DE9FF4F83B0454CDDF840B098468A46CC
:1029700007002BD002A901A8FFF74BFEB7F90060B2
:10298000002E00DA0026B7F90250002D00DA0025EB
:102990002068A146407C02F095FB01990144491E44
:1029A000B7F9040010F077F80446D9F80000407C2D
:1029B00002F08EFB02990144491EB7F9060010F09F
:1029C0006AF8A71B7F1C441B641C0BE020680026D0
:1029D0003546407C02F076FB07462068407C02F0DA
:1029E00077FB0446B8F1000F01D1C4F10008002FB5
:1029F00001DD002C03DC002007B0BDE8F08F43466A
:102A00003A4629463046CDF800B0FFF745FF5FEA69
:102A1000000909D000F0AEF88046484600F0EAF818
:102A20000027DFF85CB01FE0514605988847012079
:102A3000E2E7E11B414502DA484600F0BFF83FB14A
:102A4000EA193146484600F003F94846FFF7A8FE68
:102A5000514605988847DBF8001009B100208847E7
:102A60004846FFF7BFFE4744A742E2DB4846FFF770
:102A700053FF002000F0BEF8BDE700007802002000
:102A8000E403002038B505004FF0000411D0FFF733
:102A900043FE2846FFF774F90090006800698068DB
:102AA000804703F04BFB04466846FFF7A7F901F0A7
:102AB00015F8204638BD38B50446FFF72DFE2046F0
:102AC000FFF75EF900F1180400906846FFF796F9E9
:102AD00001F004F8204638BD38B504460025FFF75C
:102AE0001BFE1CB908480068046E44B12046FFF77D
:102AF00047F90090B0F904506846FFF77FF900F0FD
:102B0000EDFF284638BD00007802002038B50446A5
:102B10000025FFF701FE1CB908480068046E44B1A7
:102B20002046FFF72DF90090B0F908506846FFF7EE
:102B300065F900F0D3FF284638BD00007802002078
:102B400038B504460025FFF7E7FD1CB908480068C2
:102B5000046E44B12046FFF713F90090B0F9065017
:102B60006846FFF74BF900F0B9FF284638BD000072
:102B70007802002038B504460025FFF7CDFD1CB9CA
:102B800008480068046E44B12046FFF7F9F8009049
:102B9000B0F90A506846FFF731F900F09FFF284668
:102BA00038BD00007802002010B50DF033F8002881
:102BB00003D0BDE8104000F07DB810BD38B50C461C
:102BC000050004D10A480068056E002D0FD0FFF7FC
:102BD000A3FD2846FFF7D4F80090B0F90A10A142EF
:102BE00000DD44816846FFF709F900F077FF38BD42
:102BF00078020020F8B50546FFF78EFD134E3068C9
:102C0000046E65B10CB100F0D1FA0BF0EFFB284671
:102C1000FFF7B6F8009031680A6E1AB106E000F0CE
:102C2000C5FA0EE0D1E90223C1E919230D66006857
:102C3000FFF7E6F96846FFF7E1F803F057F802F00E
:102C40003FFE00F04BFF2046F8BD00007802002058
:102C50007CB515460E46040004D115480068046E84
:102C6000002C24D0FFF758FD2046FFF789F82DB23D
:102C70000090C58034B2848002F022FE0098406942
:102C800080B1FFF77DF8009A0190B2F908108180B9
:102C9000B2F90A20C28011B10AB10480458001A8AE
:102CA000FFF7ACF86846FFF7A9F800F017FF7CBD06
:102CB0007802002001490A4600F002B801F0FFFF47
:102CC0007FB515460C4606002DD0FFF725FD304692
:102CD000FFF756F840F6FF710190091903D1B0F9DA
:102CE0000440B0F906500289611E1144ADF8084055
:102CF000ADF80C104189681E0844ADF80E00ADF81F
:102D00000A5001A8FFF77AF802A80CF077F906E05C
:102D10002A462146304600F00FF90CF031F9002820
:102D2000F6D100F0DBFE7FBD2DE9FF4FDFF8E0B00C
:102D300083B01C46DBF80010DDE9106092460027E6
:102D40004B7C3A461299FFF71DF905005DD02869C2
:102D50008068804703F0F2F981460AFB09F0C01D44
:102D60004FEAD008FFF71AF8F10705D1C11700EBB9
:102D70009170801000EB4000002C06DC1838B0FB8E
:102D8000F8F06442A04200DC0446F00707D100904E
:102D9000DDE903012346524600F0FCFD0746002C06
:102DA00003DC2846FFF72AF92FE004FB08F018306F
:102DB000F10702D0FEF710FF01E0FEF71CFF06004E
:102DC0001CD0FEF7DDFF0190056003998180049916
:102DD000C180A0F808A04481C0F80C80C0E9049725
:102DE00001A8FFF70BF81298AE602861DBF800002D
:102DF000407CA861304607B0BDE8F08F2846FFF759
:102E0000FDF817B13846FEF715FF0020F3E7000084
:102E1000780200200149086070470000E4030020A8
:102E20002DE9F74F92B090461298FEF7A9FF0B904C
:102E3000B0F908100691B0F90A100D910068006908
:102E4000D0F804B00BA8FEF7D9FF384C384D2068F5
:102E5000407C55F82000C1688A6A08219047814665
:102E6000182801D34FF020092068407C55F8200035
:102E70000069079003C80C902E48814201D00120C0
:102E800000E000201090002000F092FE002849D1C0
:102E90000026DDE91207B2460FAB069C4546761CBC
:102EA0000193FFF708FE014604FB0AF001EB8002E4
:102EB000234629463846CDF800B001F065F80500F4
:102EC00030D01098D0B1DDE906134A46284600F00C
:102ED00021FF98B9DDE906702C46D0F810C0BCF18E
:102EE000000F05D0294604233A460846E04705E08E
:102EF0000C992068884701C47F1EF9D10020CDE9D4
:102F00000305059001200090CDE9010941460346E3
:102F100008F10108069A139801F0F6FD0D98401E7D
:102F20000D90B6D115B0BDE8F08F000078020020FA
:102F30009002002073510008F8B515460E4607466A
:102F4000FEF71EFF009000681621C068426A00204C
:102F5000904704466846FEF751FF002C03D02A46EE
:102F600031463846A047F8BDF8B515460E46074627
:102F7000FEF706FF009044696846FEF73FFF3846BB
:102F8000FFF780FD0346082800DD2CB12A463146B4
:102F9000384610F0F9FCF8BD2A463146384610F0A4
:102FA0008BFEF8BD10B5002821D009B30AB3B1F9E2
:102FB0000040B2F900309C4200DA23460380B1F9A8
:102FC0000240B2F902309C4200DA23464380B1F954
:102FD0000440B2F904309C4200DD23468380B1F9FD
:102FE0000610B2F90620914200DC1146C18010BDE6
:102FF00011460A6802604968416010BD00280BD084
:1030000003880B44038083881944818041881144DC
:103010004180C1881144C1807047000070B5104DD7
:103020000446D5E9000188420ED10E49884203D1F9
:10303000D0E90F12406C03E00C38D0E90012806830
:103040002160C4E9012006E090E80E0084E80E004B
:103050000FF030FB2860207A002800D0012070BDDE
:10306000FC030020787B01200448D0E90010814255
:1030700001D101207047002070470000FC030020B0
:10308000054A10B50349116010F07CFBBDE8104003
:1030900000F092B935E600089C02002070B50025CA
:1030A000FFF73AFB094CD4E9002082420AD0D2E96A
:1030B000005610460FF008FB2060314628460BF002
:1030C0006FFD012500F00AFD284670BDC0030020F9
:1030D0002DE9FC41154DDDE908742D68B5F908604E
:1030E000864200DD3046B5F90C60964200DA324681
:1030F000824219DBB5F90A608E4200DD3146B5F92E
:103100000E509D4200DA2B468B420DDB00E02C4630
:10311000E5682D6825B1042D02D02568002DF6D173
:10312000CDE9007402F04EF9BDE8FC817802002080
:10313000B0F90220B1F906309A4213DCB1F902204D
:10314000B0F906309A420DDCB0F90020B1F9043034
:103150009A4207DCB1F90010B0F90400814201DCA9
:10316000012070470020704701460248782200681D
:10317000FDF72FBA7802002070B515460E46040000
:103180000AD0FFF7C9FA2A463146204610F03CF92A
:10319000BDE8704000F0A2BC70BD0000024978227A
:1031A0000968FDF716BA00007802002010B5FFF795
:1031B000B3FA02F039FB02F099FD0BF021F8BDE8FB
:1031C000104000F08BBC000070B5094D0446286823
:1031D000467CFFF7A1FA022C03D228684474FFF75B
:1031E000E5FF0448046000F079FC304670BD000043
:1031F000780200203C0300202DE9F041194E050023
:1032000019493068194F407C51F820108C6917F823
:10321000048003D00FF008FB60B11FE00521FEF72A
:103220005DFF06001AD00020FFF7F4FD3046FEF7E0
:1032300030FF12E030680521407CFEF74FFF60B997
:10324000AFF24B00FFF7E6FD30680849407C1831CB
:1032500051F8200008B1FEF7D3FE3D554046BDE8C9
:10326000F08100007802002090020020DC020020A3
:1032700010B50446FFF750FA204602F0F7FABDE811
:10328000104000F02BBC10B50446FFF745FA20466D
:1032900002F024FBBDE8104000F020BC014988602A
:1032A000704700006C02002010B50446FFF734FAA6
:1032B000204602F0ABFB044600F010FC204610BD97
:1032C00070B50446FFF728FA04480068C56904B1E0
:1032D000C46100F003FC284670BD000078020020A5
:1032E00070B514460D460646FFF716FA22462946E3
:1032F000304602F0A7FB044600F0F0FB204670BD0C
:1033000070B50546FFF708FA03480068847E8576A5
:1033100000F0E4FB204670BD7802002070B50C463A
:103320000546FFF7F9F90948224605800848048058
:1033300008480068417C084850F82100C1680B6AC1
:1033400029469847BDE8704000F0C8BBA80200209D
:10335000AA020020780200209002002070B50546E5
:10336000FFF7DAF903480068047E057600F0B6FB43
:10337000204670BD7802002070B50446FFF7CCF9F6
:1033800004480068B0F92C50848500F0A7FB28465B
:1033900070BD00007802002070B50446FFF7BCF94C
:1033A00004480068B0F92A50448500F097FB28468D
:1033B00070BD00007802002002480068002800D09C
:1033C00000477047D403002002498A6802B9886028
:1033D000FFF7F2BFC003002010B504000ED0FFF7C6
:1033E0009BF920460FF09AFD204610F085FA204602
:1033F000FEF720FCBDE8104000F070BB10BD38B5F2
:103400000C46050011D0FFF787F92846FEF7B8FCF7
:1034100000908089204201D0012400E00024684609
:10342000FEF7ECFC00F05AFB00E00124204638BD1A
:1034300038B50546002028600648046844B1204697
:10344000FEF79EFC0090006928606846FEF7D6FCF7
:10345000204638BD0404002038B504004FF00000B9
:103460000D46086011D02046FEF78AFC0090846863
:1034700044B16846FEF7C2FC2046FEF781FC00908E
:10348000006928606846FEF7B9FC204638BD000098
:103490002DE9F84FDFF89C800546274F98F8180073
:1034A0008B46410738680A9E9946407C924607D46D
:1034B00001F01AFE04463868407C01F021FE06E067
:1034C00001F01EFE04463868407C01F00DFE002726
:1034D00095B1A0F1010400BFB9EB060000D5404250
:1034E000142806DB5146BBEB0A0000D540421428E5
:1034F00004DA0120BDE8F88F641EEDE70A464B466A
:103500005946384600960FF0BBFA0C4F4B465246D0
:1035100047F835005946204600960FF0B1FA07EB00
:10352000C50148600FF024FE01210020C8F81C10DE
:10353000E0E70000AC020020780200207C7A012045
:103540002DE9F047524D534E0024E86978B9686878
:10355000346000F00501746010F0060F01D000F037
:103560000500B460F4600FF003FE0120E8612878E4
:10357000C8B100F0D9F8A846286100F0D3F829694D
:10358000286A81420BDBD8F824204046914206DCB1
:10359000836A42699A4202DBC36A9A420DDD4FF0A8
:1035A000FF3001466FE000F00FF9686100F0BBF8F2
:1035B0002878401C2870BDE8F087326898F8180019
:1035C000354F8D1A400700283868407C02DB01F037
:1035D0008BFD01E001F094FD401E4543D6E900203B
:1035E000B146801A95FBF0F6D8F81420D9F80810E7
:1035F00098F81800551A400700283868407C02DB0C
:1036000001F07EFD01E001F06FFD401E4543D9E968
:103610000201081A95FBF0F598F8180040070028F9
:103620003868407C18DB01F05FFD81463868407CDB
:1036300001F066FDD8F818200146D00704D0A9EBA8
:103640000600A0F1010000E03046920702D5491BB8
:10365000491E18E0294616E001F052FD81463868FF
:10366000407C01F041FDD8F81820D10704D0A9EB27
:103670000601A1F1010100E03146920702D5401B8D
:10368000401E00E0284610F0A9F888F8004092E7B4
:10369000AC0200207C7A0120780200200149886178
:1036A00070470000AC020020074A002806DB002912
:1036B00004DB01231372C2E9000101E00020107253
:1036C000014800F003B80000FC7A012010B5044660
:1036D0000C220749FCF7CAFE002808D0044894E8E9
:1036E0000E000EC02046BDE81040FFF7C9BC10BD5B
:1036F000C07B012030B40A4C2268831A01D5C3F183
:10370000000362688A1A00D552421A44022A04DD74
:10371000C4E9000130BCFFF7C7BF30BC70470000F0
:10372000180300207047704710B52DED048B82B050
:103730002048808845F21051884236D101221E4926
:10374000002003F05DFF1C48007800F01F0030B33C
:10375000042201A9900103F053FF9DF807109DF882
:10376000062001EB022011F022FD41EC190B9FED28
:10377000130B53EC102B11F081FD41EC180B11F0E1
:10378000E9FC1049888108468489B4F5F07F02DBA2
:1037900040F2DF1404E0002C02DA002400E00024F0
:1037A000204602B0BDEC048B10BDD0200AF000F919
:1037B000F7E7000018290020B9000020D8817346DF
:1037C00094F6D23F0800002010B52DED048B82B096
:1037D0002048808845F21051884237D101221E4985
:1037E000002003F00DFF1C48007800F01F0030B3EC
:1037F000042201A9900103F003FF9DF805109DF834
:10380000042001EB022011F0D2FC41EC190B9FEDDA
:10381000130B53EC102B11F031FD41EC180B11F090
:1038200099FC1049C8820846C48AB4F5487F02DB77
:1038300040F21F3405E0002C03DA002401E040F2DE
:103840001F34204602B0BDEC048B10BD90200AF05E
:10385000AFF8F7E718290020BA0000207B14AE4724
:10386000E17AD43F080000202DE9F041084E0446DB
:10387000056830680168284688470746306841680F
:1038800028468847284420603846BDE8F08100007B
:103890007C0200202DE9F0410C4606460025064F2B
:1038A00005E0386841683046884706440544641E90
:1038B000F7D22846BDE8F0817C0200202DE9F041D6
:1038C0001E46069C1746884605463A46A8687F1C51
:1038D0003346D0F804C041462846E047641EF4D180
:1038E000BDE8F08170B5B0F90040091BB0F90440A3
:1038F0008C422CDD00F11404B0F902500069521B17
:1039000002FB0040CA1800EBE104521ED010B0EBDD
:10391000E10501F007034FF0FF0102F0070221FA71
:1039200003F0C2F1070201FA02F1CEB221780FD002
:1039300001436D1E04F8011B002D05DDFF22294601
:103940002046FCF778FE2C4420783043207070BD70
:1039500030400143217070BD10B5B0F90030B0F9AE
:103960000240C91A00F114030069121B02FB003067
:1039700000EBE10001F0070302788021D9400A43FF
:10398000027010BDB0F90610026951431430FCF703
:103990005ABE00002DE9F843804602F10F000011E5
:1039A000470003FB07F01C46154689461430FEF716
:1039B00022F9060018D0FEF7AFFE3046FEF7E0F918
:1039C0000090A0F80080A0F802908580C48007498C
:1039D00081600121818107616846FEF70FFA00F0DE
:1039E0007DF83046BDE8F8830020FBE778D5010874
:1039F00070B5B0F90660B0F904400B6800F1140529
:103A0000964220DD0069A34202FB005000EBE30276
:103A100019DAA4F101044FEAE400A0EBE30512F87F
:103A2000010B03F0070400FA04F0C4B208E055B13A
:103A300012F8014B03F10803A5F1010523F0070378
:103A4000002CF4D008E0002070BD00BF4FEA4460B5
:103A50004FEA106403F101032006F7D5FF2C0AD0CA
:103A6000184605E04FEA44644FEA146400F101008F
:103A70006606F7D400E0D81DC443640706D007E00B
:103A800012F8014BFF2C0FD100F108006D1EF7D585
:103A9000A0EB030000F101000B6070BD4FEA44622F
:103AA0004FEA126400F101002206F7D4F0E738B5BE
:103AB0000546FEF731FE2846FEF762F9009081893F
:103AC000491E0CB284816846FEF798F914B928465D
:103AD000FEF7B0F800F002F838BD00000348C168F6
:103AE000491EC16001D100F05BB87047FC020020A4
:103AF00010B54FF48031002011F080F904464FF4E6
:103B000080312046FEF78EF88020FEF761F90248EA
:103B1000FFF7C4FB10BD00006CD0010870B504466F
:103B20004FF47A7060434FF47A71B0FBF1F5284698
:103B300003F08AF870BD10B50120FFF7EFFF10BD4C
:103B40000248006890F8320070470000E80000204A
:103B500010B503F0E5F810BD10B5002002F058FCD8
:103B60000149086010BD0000B000002010B5012020
:103B700002F04EFC03490860002002F0D3FB02492A
:103B8000086010BDA8000020AC00002008B56A46FF
:103B900000210248006802F061FC08BDA800002076
:103BA00010B50248006802F0CFFC10BDA80000204C
:103BB0000EB508B102AA00E00022002301A9684660
:103BC00000F0CEFB0EBD0000074910B5CC6818B15F
:103BD0000120C860801E03E00020C8606FF07F40B5
:103BE00000F080FE204610BDDC02002010B5082A3F
:103BF0000EDC0346012A1AD0022A58D0042A78D0B3
:103C000010F8042B03F8012B491EF9D1012010BD37
:103C1000102A0ADC0222022AF8D1024630F8043BBC
:103C200022F8023B491EF9D1F0E7002010BD10F840
:103C3000042BD207120E491E34D010F8044B491E33
:103C400004F0010442EA84122CD010F8044B491EFF
:103C500004F0010442EA441224D010F8044B491E37
:103C600004F0010442EA04121CD010F8044B491E6F
:103C700004F0010442EAC40214D010F8044B491EB7
:103C800004F0010442EA84020CD010F8044B491EEF
:103C900004F0010442EA440204D010F8044B04F09A
:103CA0000104224303F8012B0029C0D1AEE710F82C
:103CB000042B9207120E491E15D010F8044B491E12
:103CC00004F0030442EA04120DD010F8044B491E1C
:103CD00004F0030442EA840205D010F8044B04F017
:103CE00003042243491E03F8012B0029DFD18DE78D
:103CF000FFE710F8042B1207120E491E05D010F82A
:103D0000044B04F00F042243491E03F8012B002941
:103D1000EFD17BE72DE9F0411E680D460446082AE5
:103D200009DC0746012A21D0022A62D0042A7CD06D
:103D3000082A1AD195E0102A03DC02200228F8D1C3
:103D400002E00020BDE8F081D3F810C02746BCF1A6
:103D5000000F04D00A462146022308468AE001CC1F
:103D6000B04727F8020B6D1EF9D18BE001CCB047AC
:103D7000C0074FEA10686D1E36D001CCB04748EA44
:103D8000801000F0FF086D1E2ED001CCB04748EA2D
:103D9000401000F0FF086D1E26D001CCB04748EA65
:103DA000001000F0FF086D1E1ED001CCB04748EA9D
:103DB000C00000F0FF086D1E16D001CCB04748EAE5
:103DC000800000F0FF086D1E0ED001CCB04748EA1D
:103DD000400000F0FF086D1E06D001CCB04740EA5D
:103DE000080000F0FF086D1E07F8018B002DBDD103
:103DF00048E001CCB04780074FEA10686D1E18D02C
:103E000001CCB04748EA001000F0FF086D1E10D04A
:103E100001CCB04748EA800000F0FF086D1E08D0D2
:103E200001CCB04740EA080000E007E000F0FF08DE
:103E30006D1E07F8018B002DDBD123E001CCB047CC
:103E400000074FEA10686D1E06D001CCB04740EA6B
:103E5000080000F0FF086D1E07F8018B002DEDD162
:103E600010E0D3F810C0BCF1000F05D00A4601469F
:103E700001233846E04705E001CCB04707F8010BC5
:103E80006D1EF9D101205DE70A4810B5816900294E
:103E90000ED101218161FFF72BFE01F065FF05497D
:103EA00005481C310860BDE81040084600F0FEBB24
:103EB00010BD00006C020020A12B01087CB5064655
:103EC00028480D46006868B100200BF097F806E01E
:103ED0006A46294630460BF051FF0BF051F8002896
:103EE000F6D17CBD106800901F4C5068019022688C
:103EF000BDF8000032F84C1F0844ADF80000BDF8D2
:103F0000020091880844ADF80200BDF80400118851
:103F10000844ADF80400BDF8060091880844ADF8E7
:103F2000060068460BF06AF80EE000BF2068BDF896
:103F300000106A464184BDF802108184294630464B
:103F40000BF01CFF0BF01CF80028EFD1206830F8B4
:103F5000221F428D891A01804188C28D891A4180B1
:103F60007CBD0000A40200207802002049B1002896
:103F700002DAA0EB610001E000EB610090FBF1F0E0
:103F800070470020704700002DE9FF4F00208BB0E4
:103F900004460146009019981D461646016007AB7D
:103FA000002203A902A800F0DBF918B100200FB02D
:103FB000BDE8F08F0798854200DD05465C4F0A9505
:103FC0005C493868407C51F82010049109690691D9
:103FD000FEF7ACFA05903868407CFEF74DFB564979
:103FE0008146884204D05549894501D0012000E02E
:103FF0000020099001CE1899884782465FEA106B2D
:1040000071D0009870BB0B9800EB0408484800681A
:10401000B0F90800404503DDA0EB0807804600E04A
:1040200000270299049801EB840101EB8701CDE997
:104030000010DDE90A010A180C9B0892521E19466D
:104040004046FFF745F801200090059818280ADA45
:104050000298DDE9052300EB840000EB8700E91BF3
:1040600000F0DEF810E0099870B1029800EB8400CF
:1040700000EB87070898A0EB08084946386888478E
:1040800001C7B8F10108F8D12D48C06960B3DDE976
:10409000020700EB840007EB8402CDE90202284C02
:1040A000361F2B46E46930460299A047FF2031684D
:1040B000B0EB116F02D10299096804E0029A12680C
:1040C000B0EB126F01D1039A11600299361D091DE0
:1040D00002910399091D03916D1EE8D119990120E0
:1040E000039708601DE01EE0FFE7BBF1FF0F0ED055
:1040F0000298CBF1FF0250F82410504600F07CFAF1
:10410000039941F8240019990120086005E00298FC
:10411000039950F8240041F82400641C6D1E7FF4BC
:1041200069AF039843E7039941F824A0EBE7000047
:10413000780200209002002073510008715100089D
:1041400090030020F0B500EB8104082A0ADC012668
:104150004D1E092A14D2DFE802F013142A424259F4
:1041600059595900102A0BDC0222022A08D100EB0F
:10417000410000BF30F8022D44F8042D491EF9D14A
:10418000F0BD05F00702C2F1070200EBE50006FAF8
:1041900002F503782B40D340521C44F8043DA0EBB9
:1041A000E20022F007031A41491EF0D1F0BD05F0EC
:1041B0000302C2F1030200EBA500032305785600B9
:1041C00003FA06F73D40F540521C44F8045DA0EBAD
:1041D000A20022F003052A41491EEFD1F0BD8E4313
:1041E000C6F1010200EB65000F230578960003FA83
:1041F00006F73D40F540521C44F8045DA0EB620018
:1042000022F001052A41491EEFD1F0BD00EB01006B
:10421000491E10F8012D44F8042DF9D1F0BD00001D
:104220002DE9F05F0C1E16DD5E68014600EB84058B
:10423000082A12DC611E012A28D0022A48D0042A4A
:104240006AD0082A07D1071917F8010DB04745F8B9
:10425000040D641EF8D1BDE8F09F102AFBDC022299
:10426000022AF8D15F693FB12246BC46BDE8F04F53
:1042700002235DF804EB604701EB440737F8020DB9
:10428000B04745F8040D641EF8D1E4E700EBE10007
:104290002D1F10F801A9814601F00707802020FAA0
:1042A00007F800BF0AEA0800C7F10701C840B04795
:1042B00045F804093FB17F1E4FEA4860000E804672
:1042C000641EEFD1C7E7072719F801A90120F6E717
:1042D00000EBA1002D1F01F0030710F801A9814692
:1042E0007900C02020FA01F84FF0060B0AEA080016
:1042F000ABEB4701C840B04745F804093FB17F1E0A
:104300004FEA8860000E8046641EEFD1A3E70327C2
:1043100019F801A93846F6E700EB610001272D1FC7
:10432000A74310F801A98146B900F02020FA01F84E
:104330004FF0040B0AEA0800ABEB8701C840B04716
:1043400045F804093FB17F1E4FEA0870000E804611
:10435000641EEFD17FE7012719F801A90F20F6E7C6
:104360002DE9F047204C06461F46A0699046894635
:10437000002540B90120A06104F120011B4808601C
:10438000084600F093F9606910B900F09EFE606184
:1043900007B138604EB1A06830B960698000FDF7A0
:1043A00073FCA06000B901253060B9F1000F0AD09C
:1043B000E06830B960698000FDF766FCE06000B934
:1043C0000125C9F80000B8F1000F0AD0206930B902
:1043D00060698000FDF758FC206100B90125C8F82C
:1043E00000002846BDE8F08790030020612C0108FA
:1043F00073B5124A01A900981268904700240090F2
:10440000C8B10F4900250968C969496959B10A68E5
:104410004AB1019990477CBD6846FFF725FA0546E9
:10442000FEF79AF804440198401E0190F4D52846FE
:1044300000F032F8044420467CBD0000F803002060
:104440007802002073B50D460098002490B10A4907
:104450000968C969496959B14A684AB1294690470A
:104460007CBD6846FFF700FA20B10A2802D0641C20
:10447000AC42F6DB20467CBD78020020044AB2F94B
:10448000002002600348B0F9000008607047000097
:10449000A8020020AA02002038B500246946009432
:1044A000FEF76CF80099814200DD0C1A204638BDF9
:1044B000B0F90030B1F90020934200DA0280B0F97F
:1044C0000230B1F90220934200DA4280B0F90430A0
:1044D000B1F90420934200DD8280B0F90620B1F9E1
:1044E00006108A4200DDC180704770B5B1F9004006
:1044F000B2F900309C4200DD23460380B1F902503E
:10450000B2F90240A54200DD2C464480B1F90460B6
:10451000B2F90450AE4200DA35468580B1F9061092
:10452000B2F90620914200DB1146C1809D4201DBB9
:10453000A14201DA002070BD012070BD0146024891
:104540000068407C00F002B878020020F8B501262F
:104550000F46054602284BDA264C5FB3012F02D0E6
:10456000022F45D116E054F8250088B92846FDF7FA
:10457000C7FD0090B8B3C0680D21426A68469047F5
:10458000020035D039460098904754F8250000269F
:10459000401C2BE0FDF7B4FD009020B3C0680D2156
:1045A000426A68469047020022D0394600989047F8
:1045B00000261DE054F8250001280FD12846FDF7FC
:1045C0009FFD009050B1C0680D21426A6846904737
:1045D000020003D0394600989047002654F8250081
:1045E00010B1012101E003E00021401A44F8250048
:1045F0003046F8BDB803002070B5FF23B3EB116F50
:104600002CD0C3B213FB02F500F47F4400F47F0307
:1046100054435343000E10FB02F6C2F1FF00CAB22E
:1046200012FB005201F47F4505FB004401F47F05B5
:1046300005FB0033090E11FB0065C2F307204FF4A0
:104640007F024FF47F4102EA132201EA14214FF066
:104650007F43084303EA05431043184370BD2DE927
:10466000F04F1546DDE90CB90C4606464FF0000840
:1046700018E00B9F4FF0FF0A01CE08CCAAEB1062A6
:1046800002FB09F2B2FBFAF1CAB21946FFF7B4FF16
:1046900020F07F4001C57F1EEED1099808F1010886
:1046A00004EB8004D845E4D3BDE8F08F02494A69A1
:1046B00042604861704700006C02002010B502E0C3
:1046C00000F8011B521E0AB18307F9D1930818D0D4
:1046D00001EB014402F0030204EB042405E0046052
:1046E00044608460C46010301B1F042BF7DA01E0C3
:1046F00010C05B1E002BFBD103E000BF00F8011BC4
:10470000521E002AFAD110BD10B5830702D520F839
:10471000021B521E530810D001EB0144042B08DB8E
:10472000046044608460C46010301B1F042BF7DAFF
:1047300001E010C05B1E002BFBD1D20700D001802E
:1047400010BD00BFFEE700007CB504460025002038
:10475000019000905F48008800045F4908600D20C8
:104760004860402088600020C8604FF48060086185
:10477000084603F095F959480068009002E0574850
:1047800000680090009800F045000028F7D00098DD
:1047900000F0040028B10325042003F0E1F82846C6
:1047A0007CBD009800F0010028B10125012003F034
:1047B000D7F82846F4E703F01BF9009000980D287D
:1047C00002D010252846EBE740F2FF5003F0C8F86E
:1047D000002003F027F901900198C0F343202070D6
:1047E0003F490198084008B92846D9E7019800F0E8
:1047F000004008B11C20D3E7019800F0804008B1C8
:104800000920CDE7019800F0005008B10A20C7E761
:10481000019800F0805008B10B20C1E7019800F02A
:10482000006008B10C20BBE7019800F0806008B17F
:104830000D20B5E7019800F0807008B10E20AFE7B9
:10484000019800F4000008B10F20A9E7019800F4D6
:10485000800008B11020A3E7019800F4001008B10F
:1048600011209DE7019800F4801008B1122097E70D
:10487000019800F4002008B1132091E7019800F49A
:10488000802008B114208BE7019800F4003008B1B3
:10489000152085E7019800F4803008B116207FE7E5
:1048A000019800F4004008B1172079E7019800F45E
:1048B000804008B1182073E7019800F4005008B157
:1048C00019206DE7019800F0080008B11A2067E789
:1048D000284665E75000002040290020342C014084
:1048E00008E0FFFD02490A680860104670470000B2
:1048F000E003002030B5014601F01F04C1F3451369
:10490000CA0AE50205EB43151544A8B230BD000004
:1049100070B5044600261748058840884543154869
:10492000808846F60401884216D112488079012811
:1049300012D100200F4988712A2048812B208881BC
:104940000021084600F0DCFF01200A4988712B2075
:1049500048812A20888103E00021084600F0D0FF2A
:1049600001F0EEF9002602E003480480761CAE4216
:10497000FAD370BD18290020000008600449054AD8
:104980000968497C52F82110096909680847000044
:10499000780200209002002010B50446002C52D16D
:1049A00058498871F02008804FF4A070488008466C
:1049B000808849F2413188420BD05248808846F6BF
:1049C0000401884205D04F48808845F21031884262
:1049D0001AD12C204B4908812A2048812B2088811C
:1049E0000846808846F60401884205D045488088FC
:1049F00045F21031884206D14FF4A0704149088039
:104A00004FF4F070488079E03E48808845F21051BC
:104A1000884210D14FF430503A4908814FF4285061
:104A200048814FF42C5088814FF4F07008804FF487
:104A30004870488062E02220324908812020488165
:104A4000212088815AE001202E4988714FF4A070FE
:104A50000880F02048800846808849F24131884229
:104A600005D02848808845F21031884207D12C2093
:104A7000244908812A2048812B2088812BE0214865
:104A8000808846F60401884207D12C201D49088100
:104A90002B2048812A2088811DE01A48808845F211
:104AA0001051884210D14FF43050164908814FF40C
:104AB000285048814FF42C5088814FF4487008806A
:104AC0004FF4F070488006E022200E490881212032
:104AD0004881202088810B48808846F6040188425E
:104AE00005D00848808845F21031884206D14FF43D
:104AF000F070044908804FF4A0704880002000F056
:104B000039FD10BD182900202DE9F04F05468DB064
:104B10007C48DDF860901A9C00681E4617464FF0EE
:104B2000000A78B11B9B199ACDF808900593CDE93E
:104B30000324DDE91623CDE90023046833463A4611
:104B4000284682E0DDE9160201EB060805EB070CBA
:104B50001043A8F10108ACF1010C012806D0C9F1FD
:104B600008000590002002910890C8E0664802689D
:104B7000B2F90A30581A002806DD361A002E65DD13
:104B80001946199B00FB0344B2F90E00A8EB000084
:104B9000002802DD361A002E58DDB2F90C00ACEB0D
:104BA0000000002800DD3F1AB2F908300020AB42B7
:104BB00037DD581B3F1A4B46B9F1080F28D007DCE8
:104BC000012B0DD0022B13D0B9F1040F29D117E01E
:104BD000102B1FD0182B20D0B9F1200F21D11CE0B1
:104BE00020F0070304EBE0041D4400F0070018E088
:104BF00020F0030304EBA0041D4400F0030010E0C8
:104C000020F0010304EB60041D4400F0010008E003
:104C1000044404E004EB400401E004EB8004054498
:104C20000020002F12DD1B9BDDF864C0CDE90403DA
:104C3000CDE902C4CDE90069527C34483B4650F8C6
:104C40002200C26854680A462946A0470DB0BDE854
:104C5000F08F17990298084409902B49401E009044
:104C60000A68B2F90A30834241DCB2F90E100298A8
:104C700081423CDB4FF0000BD84603950B9434E0A7
:104C8000BBF1000F05D10B984FF0080B10F801ABEA
:104C90000B900599ABEB090B3AFA01F00AFA09F10E
:104CA00001F0FF0A04D118490968097C890716D464
:104CB00015490968C96B0A680C921B9A0AB152F827
:104CC0002000086016990398009B4218521E029912
:104CD00000F076F90C490C980968C96B08600399D3
:104CE000169808F1010808440390B845C8DB0898F5
:104CF000401C089009980290199804440898B04202
:104D0000A7DBA3E7A4020020780200209002002085
:104D1000F0B40C4612490968B1F90A30A3421CDC10
:104D2000B1F90E30A34218DBB1F90830834200DD3F
:104D30001846B1F90C30934200DA1A4682420CDB75
:104D40004B7C084951F8235013462246E9688E6887
:104D500001462846B446F0BC6047F0BC70470000EE
:104D600078020020900200202DE9FF4F84B0814698
:104D70008A460020039002900698A0EB0905079848
:104D8000A0EB0A06CDF80490CDF800A0002D01DDBF
:104D9000012705E00DB9002702E04FF0FF376D4213
:104DA000002E02DD4FF0010806E016B94FF00008B2
:104DB00002E04FF0FF387642B54201DD2C4600E0BC
:104DC00034464FF0000B21E0009A91B2019A90B264
:104DD00000F056F80398284403900298304402905B
:104DE0000398A04205DD0398001B03900198384406
:104DF00001900298A04205DD0298001B02900098E5
:104E0000404400900BF101001FFA80FB601C8345B9
:104E1000DADD08B0BDE8F08F0A46174930B40968FA
:104E2000B1F90A30934225DCB1F90E30934221DB0F
:104E3000B1F9083083421DDCB1F90C30834219DB33
:104E40000B7C0E4CDB0709D0497C54F82130D96823
:104E5000CC690146A44630BC18466047CB6B497C00
:104E60001B6854F82140E1688D6901462046AC4634
:104E700030BC604730BC70477802002090020020B0
:104E800030B504460D462946204600F039FD00F0B5
:104E900057FF024800880249088030BD000000200A
:104EA0000000086070B504460D46164642488088EA
:104EB00049F24131884205D03F48808845F210319F
:104EC000884214D13C49488900F02EFF201200F09E
:104ED0001FFFE0B200F01CFF3749888900F024FF73
:104EE000281200F015FFE8B200F012FF5DE0324832
:104EF000808845F21051884220D12F49488900F01E
:104F000013FF201200F004FF2B494989491C88B285
:104F100000F00AFFE0B200F0FBFE2749888900F0AC
:104F200003FF281200F0F4FE23498989491C88B246
:104F300000F0FAFEE8B200F0EBFE36E01E48808892
:104F400046F6040188421DD11B488079012804D10E
:104F500019480088401E001B84B21749488900F098
:104F6000E3FE201200F0D4FEE0B200F0D1FE1249C0
:104F7000888900F0D9FE281200F0CAFEE8B200F0DD
:104F8000C7FE12E00C488079012804D10A48008845
:104F9000401E001B84B208494889214600F0DAFE11
:104FA00005498889294600F0D5FE03480089034950
:104FB0000880881C068070BD18290020FEFF07604D
:104FC00038B5134C2468B4F90850854200DD2846F2
:104FD000B4F90C50954200DA2A46824217DBB4F944
:104FE0000A508D4200DD2946B4F90E509D4200DA88
:104FF0002B468B420BDB0093647C064B53F824401A
:10500000E3681D6913460A4601462046A84738BD95
:10501000780200209002002008210DF0F7B900006E
:1050200002480068806B006870470000780200202A
:1050300002480068C06B00687047000078020020DA
:10504000024809210068407C0DF0E0B97802002098
:1050500009210DF0DBB970B500252C462046FDF77F
:105060004FF800B16D1C641C022CF7DB284670BDA4
:1050700002480068407C00F003B80000780200207D
:1050800010B5FDF73DF8002805D0C168CA6ABDE833
:1050900010400221104710BDF8B515460E460124F8
:1050A000FDF72EF8009058B1C0680421426A6846A6
:1050B0009047030004D02A463146009898470024C0
:1050C0002046F8BD03210DF0A1B903200DF04CBA24
:1050D00004210DF09BB90000024801210068407CCA
:1050E0000DF094B97802002001210DF08FB9000075
:1050F000024802210068407C0DF088B97802002047
:1051000002210DF083B900F001B800002DE9F04153
:10511000002809D0876837B10D4E716819B104684D
:10512000B4F5807F02DD0020BDE8F0813068844264
:1051300000DD0446002507E057F82500FFF71EFCB8
:10514000716841F825006D1CA542F5DB7068EBE73E
:10515000240300200449054A0968497C52F82110BB
:105160000969496808470000780200209002002081
:105170007047704710B500F01F01074A074BC0F396
:105180004514C0F3C4201B5D105C515C00EB032090
:1051900000EB014010BD000004D3010824D3010836
:1051A00010B50A4C606860B920688000FCF76CFD9F
:1051B000606040B104F10801054808600846FFF747
:1051C00075FA002010BD012010BD0000240300204E
:1051D000192C01082DE9F041FFF73DFF0746002596
:1051E00028E02846FCF78CFF18B32846FDF7ECFFB3
:1051F00080462846FFF710FF082817DC0F481049A3
:1052000050F825000069884210D02846FFF720FF9B
:105210000646002408E0E0B2FFF79CFF0246E1B238
:10522000284600F0F9FB641CB442F4DB4046FDF76D
:10523000CBFF6D1CBD42D4DBBDE8F08190020020A5
:10524000D4D4010810B50246012000E050430B1EE3
:10525000A1F10104E1B2F9D110BD000008B5034885
:1052600000880090BDF8000008BD00000000086044
:105270002DE9F04105460E4600240027A0464F4880
:105280000088A84203DD4D484088B04202DC00207F
:10529000BDE8F0813146284600F032FB474880885F
:1052A00049F2413188420BD04448808846F60401D7
:1052B000884205D04148808845F21031884203D1A8
:1052C0002E2000F031FD0DE03C48808845F2105161
:1052D000884204D14FF4385000F026FD02E022202D
:1052E00000F022FD3548808849F22031884202D101
:1052F00002200FF0A1FD3248008800B100240220F6
:105300000FF09AFD2E4804882C48808849F24131DC
:1053100088420BD02948808845F21031884205D058
:105320002648808845F2105188420AD102200FF0A9
:1053300083FD2348B0F80080E7B24FF6FF7000EA23
:1053400007271E48808849F22531884216D01B481D
:10535000808844F23551884210D018488088091F4F
:1053600088420BD0154880884BF20551884205D001
:10537000124880884CF20551884201D1204687E7C7
:105380000E48808849F2413188420BD00B48808812
:1053900045F21031884205D00848808845F2105106
:1053A000884207D1E012C002B91240EA411040EA37
:1053B000E8206DE72046FFF79DFA69E718290020ED
:1053C000000008602DE9FF4F83B01646DDE910406C
:1053D0008B46C0684769426A7AB1012111A890479B
:1053E00005000AD00698CDE9000433465A460399D1
:1053F0001198A84707B0BDE8F08F57480068407C77
:10540000FDF794F88246082801DC012005E0BAF196
:10541000100F01DC022000E004208046002596E009
:105420004046B8F1010F05D0022871D0B8F1040F41
:1054300025D17CE0BAF1090F21D2DFE80AF0860518
:10544000213F3F5959595900039815E001465A46E2
:105450001198B847C5F1070188404FF67F7221784F
:10546000EA40114001436D1C217004EBE50425F076
:105470000700054109F101008146B042E6DD64E024
:10548000039817E001465A461198B8470621A1EB48
:10549000450188406B004FF63F722178DA40114099
:1054A00001436D1C217004EBA50425F003000541A8
:1054B00009F101008146B042E4DD46E0039813E0C3
:1054C00001465A461198B8470421A1EB850188404E
:1054D0002178AB000F229A401140014321702C44E7
:1054E00085F0010509F101008146B042E8DD2CE0BC
:1054F000DDF80C9007E001465A461198B847207035
:1055000009F1010944444846B145F4DD1DE0FFE7D7
:10551000DDF80C9007E001465A461198B847208004
:1055200009F1010944444846B145F4DD0DE0DDF8D8
:105530000C9007E001465A461198B847206009F1DF
:10554000010944444846B145F4DD0BF1010B0699CD
:105550008B457FF765AF4DE77802002001B5BDF8B8
:10556000000000F0E1FB05200EF010FFFFF776FED3
:1055700008BD0000F0B5054600240027A948807941
:1055800001281ED1A748808846F60401884218D019
:10559000082D15D2DFE805F00406080A0C0E1012DB
:1055A00006250DE007250BE0042509E0052507E0A9
:1055B000012505E0002503E0032501E0022500BFE9
:1055C00000BF9848808849F24131884211D09548FF
:1055D000808846F6040188420BD09248808845F2C4
:1055E0001031884205D08F48808845F2105188429A
:1055F0007ED1082D1CD2DFE805F00406090C0F123D
:10560000151800BF14E044F0800411E044F0400499
:105610000EE044F0C0040BE044F0200408E044F045
:10562000600405E044F0A00402E044F0E00400BFA0
:1056300000BF7C48808845F21051884202D14FF467
:10564000585700E036277748808845F21031884265
:1056500007D07448808845F21051884201D044F048
:1056600008047048808846F60401884201D144F05D
:1056700002042146384600F06DFB04F0200018B902
:105680006848807901280DD16648008865494988B5
:10569000884214DA634806884088624908800846D0
:1056A00046800CE05F4800885E494988884206DDF4
:1056B0005C48068840885B4908800846468059480F
:1056C000808845F21051884254D15649488900F0EB
:1056D0002BFB002000F01CFB52494989491C88B271
:1056E00000F022FB002000F013FB4E49498900E046
:1056F0006FE0891C88B200F017FB4A490988491EEF
:10570000C1F30F2000F004FB46494989C91C88B247
:1057100000F00AFB43490978491EC8B200F0F8FAC4
:105720004049888900F000FB002000F0F1FA3D4973
:105730008989491C88B200F0F7FA002000F0E8FAE5
:1057400038498989891C88B200F0EEFA35494988C0
:10575000491EC1F30F2000F0DBFA32498989C91CC8
:1057600088B200F0E1FA2F498978491EC8B200F0EA
:10577000CFFA55E02B49488900F0D6FA002000F016
:10578000C7FA002000F0C4FA26490988491EC1F36F
:105790000F2000F0BDFA23490978491EC8B200F075
:1057A000B7FA2049888900F0BFFA002000F0B0FA6B
:1057B000002000F0ADFA1B494988491EC1F30F20B3
:1057C00000F0A6FA17498978491EC8B200F0A0FA7D
:1057D00026E0082D1CD2DFE805F004070A0D0F12A1
:1057E000151844F0300413E044F0100410E044F0C5
:1057F00020040DE000BF0BE044F0380408E044F062
:10580000280405E044F0180402E044F0080400BF56
:1058100000BF032744F480542146384600F09AFA2A
:10582000F0BD00001829002010B50E4C0E4920686C
:10583000407C51F8200050B1C1680968042903D0A8
:1058400000680028F8D102E008B1FCF722FC2068CB
:105850000021016600F108014161BDE8104000F03F
:105860002FB800007802002090020020014909684A
:105870004968084720030020044909680A7C520748
:1058800001D5C96B00E0896B086070477802002081
:105890007CB5094C05462068417C084850F8210039
:1058A000C1680A6B6946904720686A4629460830F5
:1058B000FEF71BFE7CBD0000780200209002002055
:1058C0000448016804484A7C083150F82200C26844
:1058D000126B1047780200209002002001490968ED
:1058E0000968084720030020044909680A7C520718
:1058F00001D5896B00E0C96B086070477802002011
:1059000030B504460D464048808849F2413188420E
:1059100005D03D48808845F21031884214D13A497B
:10592000488900F001FA201200F0F2F9E0B200F02C
:10593000EFF93549888900F0F7F9281200F0E8F905
:10594000E8B200F0E5F95DE02F48808846F60401F2
:1059500088421DD12C488079012804D12A4800882A
:10596000401E001B84B22849488900F0DDF920124E
:1059700000F0CEF9E0B200F0CBF92349888900F0BD
:10598000D3F9281200F0C4F9E8B200F0C1F939E007
:105990001D48808845F21051884220D11A49488913
:1059A00000F0C2F9201200F0B3F917494989491CE7
:1059B00088B200F0B9F9E0B200F0AAF9124988897A
:1059C00000F0B2F9281200F0A3F90F498989491CA7
:1059D00088B200F0A9F9E8B200F09AF912E00A489A
:1059E0008079012804D108480088401E001B84B239
:1059F00005494889214600F0ADF9034988892946BF
:105A000000F0A8F930BD00001829002001490968FC
:105A10008968084720030020F8B515460E46012482
:105A2000FCF76EFB009058B1C0681021426A6846CE
:105A30009047030004D02A46314600989847002436
:105A40002046F8BDF8B515460E460124FCF758FB74
:105A5000009058B1C0680321426A6846904703002D
:105A600004D02A4631460098984700242046F8BDC5
:105A7000F8B515460E460124FCF742FB009058B1DC
:105A8000C0680B21426A68469047030004D02A464A
:105A900031460098984700242046F8BDF8B51546D1
:105AA0000E460124FCF72CFB009058B1C0680A2177
:105AB000426A68469047030004D02A46314600985F
:105AC000984700242046F8BD2DE9F84F0746884640
:105AD00016461C46C3462046E31704EB5373DB10FF
:105AE00021464FEAE47C04EB5C7C4FEAEC0CA4EB2F
:105AF000CC0CBCF1000F02D04FF0010C01E04FF0D4
:105B0000000C6344224604EBD27C4FEA6C0C03FB8E
:105B10000CF3DBB20093A6F12000C6B2002556E0DC
:105B20000C2C07D106EB46002B4901EB800010F846
:105B3000059013E0102C05D1284800EB061010F852
:105B400005900BE0182C07D106EBC600244901EBA9
:105B5000800010F8059001E0BDE8F88F4FF0000AD2
:105B60002FE009F0800030B11E48028841463846D7
:105B7000FFF798F907E00A9828B91B4802884146C0
:105B80003846FFF78FF94FEA49604FEA106908F18C
:105B900001001FFA80F815480088B84200DCDBE7F6
:105BA000A8EB0B00A04208D1D846781C87B20F485A
:105BB0000088B84200DCCFE706E00AF1010000F0FF
:105BC000FF0ABAF1080FCCDB00BF681CC5B2009811
:105BD0008542A5DB00BFBFE754590108C85D010835
:105BE000B8630108000000200200002018290020EE
:105BF0002DE9FF4F81B0074691461E460E9D4FF09E
:105C0000000A002439E0301B401EC1B20A20FFF711
:105C100019FBB9FBF0F00A21B0FBF1F201FB12080D
:105C2000BAF1000F16D1701EA04213DDB8F1000FBB
:105C30000ED10020AB4605EBDB71491001FB04716E
:105C4000009088B22B4620220299FFF73DFF12E018
:105C50004FF0010A0020AB4605EBDB71491001FB58
:105C60000471009088B208F13001CAB22B46029943
:105C7000FFF72AFF00BF601CC4B2B442C3DB05B00B
:105C8000BDE8F08F2DE9F84704460D469046994649
:105C9000DDE9096704F0FF0A08EB04001FFA80F849
:105CA00009EB05001FFA80F916E0444502DB544673
:105CB000A81985B24D4500DB14E0002000903A7829
:105CC000334629462046FFF7FFFE304606EBD071EB
:105CD00004EB61018CB27F1C38787E2802DC3878B6
:105CE0002028E2DA00BFBDE8F887000010B5074CB5
:105CF0002068006BFEF742FEFFF7F6FD2068406B60
:105D0000FEF73CFEBDE81040FFF7B6BD780200206C
:105D100001B5BDF800000090BDF800000149088001
:105D200008BD00000000086001B5BDF8000000904B
:105D3000BDF800000149088008BD0000FEFF0760B3
:105D40000248008902490880704700001829002095
:105D5000FEFF076003B5BDF80000024A1080901CEA
:105D600001800CBDFEFF076008B500231A46654997
:105D70006548FCF72FF96548808845F21051884244
:105D800039D16248428801880020FFF771FE5F48E0
:105D9000428801880020FFF781FE5C48807998B92D
:105DA00040F2B31000234FF4F072194600901846E9
:105DB000FDF76EFB40F21F300023421C1946009095
:105DC0000120FDF765FB9BE00620FDF767FC40F234
:105DD000B31000234FF4F072194600901846FDF7F7
:105DE00057FB40F21F300023421C1946009001204F
:105DF000FDF74EFB84E04548808845F2103188422B
:105E000005D04248808846F6040188423BD13F488D
:105E1000428801880020FFF72BFE3C484288018819
:105E20000020FFF73BFE39488079A0B9E22040F618
:105E30005B734FF4A072002100900846FDF728FB29
:105E4000C42040F6ED634FF4F07200210090012071
:105E5000FDF71EFB54E00620FDF720FCE22040F693
:105E60005B734FF4A072002100900846FDF710FB11
:105E7000C42040F6ED634FF4F07200210090012041
:105E8000FDF706FB3CE02148428801880020FFF72F
:105E9000EFFD1E48428801880020FFF7FFFD1B48E8
:105EA0008079B8B90120FDF7F9FB40F63F7000900A
:105EB000164802889B2300210846FDF7E9FA40F6C0
:105EC0005F70009011484288BC2300210120FDF73B
:105ED000DFFA15E00720FDF7E1FB40F63F709B235A
:105EE000F022002100900846FDF7D2FA40F65F70DC
:105EF000BC234FF4A072002100900120FDF7C8FAE6
:105F000008BD000098B60108447101081829002056
:105F100010B503461446012901D1002010BD4FF0F1
:105F2000FF3200BF00BF1046F8E700002DE9FF4F29
:105F30008DB01746674ADDF870901E9E2098126853
:105F40001D4600248AB11D9B1F98CDE90293CDE91F
:105F50000460DDE91A03CDE9000314682B463A46D4
:105F60000D98A04711B0BDE8F08F0D9A01EB050820
:105F700002EB070CDDE91A231A43A8F10108ACF182
:105F8000010C012A06D0C9F108004FF0000B029164
:105F900005909CE0504A1268B2F90A40631A002B3F
:105FA00006DDED1A002DDDDD21461D9C03FB046698
:105FB000B2F90E30A8EB0303002B02DDED1A002D21
:105FC000D0DDB2F90C30ACEB0303002B00DDFF1A7F
:105FD0000D9B1C1AB2F90830A3420DDDA3EB040C93
:105FE0000CEB0003181A20F007000444A7EB0C0781
:105FF00006EBE30603F00700002FB3DD1F9BDDF87F
:1060000074C0CDE9040303968DE82012527C334816
:106010003B4650F82200C26855680A462146A84708
:10602000A0E71B990298084409902B49401E039051
:106030000A68B2F90A30834243DCB2F90E100298C2
:1060400081423EDB4FF0000A0D980B96D04600903F
:1060500035E000BFBAF1000F05D10B984FF0080AE8
:1060600010F8014B0B900599AAEB090A34FA01F0DC
:1060700004FA09F4E4B204D117490968097C8907D4
:1060800017D415490968C96B0A680C921F9A0AB19E
:1060900052F82000086000991A980A180846DDE9AD
:1060A0000213521EFEF78CFF0B490C980968C96B4E
:1060B000086000991A9808F1010808440090B84552
:1060C000C8DB099802901D980BF1010B0644AB4503
:1060D000A7DB47E7A40200207802002090020020FE
:1060E000002818D0410817D0810817D0C10817D050
:1060F000010917D0410917D0010A17D0410A17D05A
:10610000010B15D0C10B13D0010C11D0810C11D093
:10611000000E11D0202070470120704702207047E8
:1061200003207047042070470520704708207047FF
:1061300010207047122070471820704700B50022C9
:10614000FFF7CEFF012804D0811E062903D80822BC
:106150000BE0012209E0A0F10901072901D8102272
:1061600003E011380F2800D82022104600BD00009F
:106170001CB50121084601F0B1FA2220009001204F
:106180008DF8040000208DF8060003208DF805002E
:1061900001208DF8070069460348FBF70BFB22211D
:1061A0000148FBF772FB1CBD0000024000BFFEE788
:1061B0007047000070B5002100230F22C4781CB383
:1061C000174C246804F4E064C4F5E064C4F30721C8
:1061D000C1F10404E3B20A4144789C40E1B28478FE
:1061E000144021430C07210E0E4C057861550478AC
:1061F00004F01F050124AC4005786D11AD0005F1D8
:10620000E025C5F8004109E0047804F01F050124E9
:10621000AC40054D0678761145F8264070BD00006B
:106220000CED00E000E400E080E100E00249014301
:10623000024A1160704700000000FA050CED00E012
:1062400010B500F013F800F0FDFE00F025FF00F09F
:1062500045FF00F0CDFE00F08DFE00F0D9FF00F00C
:106260007DFF00F0A3FF00F002F810BD70477047FB
:1062700006480078012808D105480078FF2804D294
:1062800003480078401C024908707047E200002073
:10629000D500002010B500241A480078012830D11C
:1062A000FAF712F804461848007820B1164800782A
:1062B000401E1549087014480078F8B91348007852
:1062C000E0B901F007F812481249097850F82100A6
:1062D000114908600F4800781049097888420DD0AC
:1062E0000D480068806B401C0B49096888630C48A6
:1062F0000068401C0A490860FAF706F82046F9F7DA
:10630000E7FF10BDE2000020D5000020D6000020ED
:10631000C8730120D8000020F0000020D700002022
:10632000BC00002070B5054600260F48007808B173
:10633000002070BDF9F7C8FF06460C4804680068E5
:1063400020B10A4800684068084908603046F9F7FB
:10635000BFFF3CB1012020700020208165602046F5
:1063600000F0FAFD2046E4E7D5000020C000002040
:1063700010B500240B480078012811D1F9F7A4FFCB
:1063800004460948007840B908480078FF2804D23C
:1063900006480078401C054908702046F9F798FF28
:1063A00010BD0000E2000020D5000020D600002033
:1063B00010B5002413480078012821D1F9F784FF93
:1063C000044611480078C0B10F480078401E0E49BD
:1063D00008700846007860B90C48007828B9204653
:1063E000F9F776FF00F03CFF0AE02046F9F770FF6E
:1063F00006E02046F9F76CFF02E02046F9F768FF57
:1064000010BD0000E2000020D6000020D5000020D2
:1064100070B5054600260F48007808B1002070BD11
:10642000F9F752FF06460C480468006820B10A4894
:1064300000684068084908603046F9F749FF3CB1F8
:1064400003202070258100206060204600F084FD3C
:106450002046E4E7D5000020C00000202DE9F041EF
:1064600005460E46144600272878032803D001204D
:106470002070BDE8F0813148007810B10220207012
:10648000F7E72F48007810B10D202070F1E7F9F7F9
:106490001BFF0746288940B12889401E28813846BD
:1064A000F9F716FF00202070E3E72648006890F80F
:1064B000300040F001002349096881F830000020D5
:1064C0002049096881F831001E480068C6622846E4
:1064D00000F004FD3846F9F7FBFE00F0C1FEF9F7C5
:1064E000F3FE07461748006890F8310020B10128F4
:1064F00009D0022806D102E0002020700BE00E2017
:10650000207008E000BF29460E48006800F0D0FC6B
:106510000A20207000BF00BF00200A49096881F8E6
:1065200030000849096881F8310006490968C861E6
:106530003846F9F7CDFE00BF9BE70000D5000020EC
:10654000D6000020E800002070B504460025207821
:10655000032801D0012070BDF9F7B6FE0546A07AE8
:1065600060B1002301221946204600F05FFC284656
:10657000F9F7AEFE00F074FE0020ECE720894FF63C
:10658000FF71884207D22089401C20812846F9F7F4
:106590009FFE0020DFE72846F9F79AFE3320DAE76E
:1065A00010B50B48007890B900F094FE09480078C7
:1065B0000949087009480749097850F82100084935
:1065C00008600846006807490860F9F784FE10BDB6
:1065D000E2000020D8000020D7000020C87301206E
:1065E000F0000020E800002010B50024022000F098
:1065F0002BFBF9F769FE044600200B490860204692
:10660000F9F766FE642000F01FFBF9F75DFE044613
:1066100005480068054908600120054908702046C2
:10662000F9F756FE10BD0000E4000020CC00002069
:10663000D4000020704700002DE9FE4F06460F46AB
:1066400090461C464FF00009F9F73EFE81461F4870
:10665000007828B14846F9F73BFE3C20BDE8FE8FA4
:106660001B4850F8240060BB0120194941F8240060
:106670004846F9F72DFE002342463946304600F0E1
:10668000B5F982460020009001900346024651462B
:106690000290204600F034FE054635B90D480078DA
:1066A00001280CD100F0DCFD09E0F9F70DFE814670
:1066B0000020074941F824004846F9F709FE28461A
:1066C000CCE74846F9F704FE2820C7E7D5000020AC
:1066D000C8730120E20000202DE9F04F85B081460B
:1066E0008A4693461C46DDE90F78129D00200390F0
:1066F000F9F7EAFD03902348007830B10398F9F7E1
:10670000E7FD3C2005B0BDE8F08F1F4850F824009D
:1067100088BB01201C4941F824000398F9F7D8FDF3
:106720002A464146384600F007FF2B465A46514656
:10673000484600F05BF904901198CDE9008002957D
:106740003A4620460E9B049900F0DAFD064636B91B
:106750000E48007801280CD100F082FD09E0F9F71D
:10676000B3FD03900020084941F824000398F9F78D
:10677000AFFD3046C6E7FFE70398F9F7A9FD2820EB
:10678000C0E70000D5000020C8730120E20000200F
:10679000704700002DE9F041054600274748007882
:1067A00010B14020BDE8F0813F2D01D13E20F9E736
:1067B000F9F78AFD0746FF2D03D14148006890F89C
:1067C0003250404850F8254024B93846F9F780FD4A
:1067D0004320E7E7012C04D13846F9F779FD3D2045
:1067E000E0E714F8340F3849085C61788843217871
:1067F000354A505414F834091146085C30B994F8FD
:10680000361032480078884330490870E06918B182
:106810002046E16900F04CFB666A16B1304600F094
:10682000D5FB0020E06284F8300084F8310028486D
:106830000078FF2804D226480078401C24490870BC
:106840003846F9F745FD00F0F0FAF9F73DFD074647
:106850001F48007820B11E480078401E1C4908706F
:10686000204600F041F81B480078401E1949087086
:106870000020144941F82500A06930B90020616961
:10688000886115496069086005E0D4E9050148613F
:10689000D4E9051088611148006860610F48046000
:1068A0000FA0E0643846F9F713FD0E480078012880
:1068B00001D100F0D5FC002074E70000D5000020D5
:1068C000E8000020C8730120DA000020D900002071
:1068D000D6000020E3000020F4000020EC0000209F
:1068E0003F000000E2000020704770472DE9F041B2
:1068F00006460F4614464FF000081548007818B1B8
:1069000012202070BDE8F081F9F7DEFC8046FF2EF2
:1069100003D11048006890F832600F4850F82650B4
:106920002DB94046F9F7D4FC43202070EAE7012D49
:1069300005D14046F9F7CCFC43202070E2E7EF6434
:106940004046F9F7C5FC0020207000BFDAE70000E0
:10695000D5000020E8000020C87301207047704770
:106960002DE9F04707460D464FF0000A0020286049
:106970006860F9F7A9FC8246FF2F03D11948006827
:1069800090F83270184850F827402CB95046F9F763
:106990009FFC4320BDE8F087012C04D15046F9F755
:1069A00097FC4320F6E7207C00F0010020B9504618
:1069B000F9F78EFC4520EDE70026D4F80C90D4F8CA
:1069C00008805046F9F784FC00E0761C58F8041B58
:1069D0000029FAD0B0002860A9EB060080006860AA
:1069E0000020D7E7E8000020C873012070B50446F6
:1069F00010460026051F28462E604FF48056051FBE
:106A000028462E601526051F28462E601426051FD1
:106A100028462E601326051F28462E601226051FC5
:106A200028462E601126051F28462E601026051FB9
:106A300028462E600926051F28462E600826051FB9
:106A400028462E600726051F28462E600626051FAD
:106A500028462E600526051F28462E600426051FA1
:106A600028462E600326051F28462E600226051F95
:106A700028462E600126051F28462E600026051F89
:106A800028462E604FF080750560051F28462C6053
:106A9000414E051F28462E604FF01236051F28462E
:106AA0002E604FF00336051F28462E604FF0023649
:106AB000051F28462E607610051F28462E60051FEC
:106AC000284629603126051F28462E603026051FDE
:106AD00028462E602926051F28462E602826051FD9
:106AE00028462E602726051F28462E602626051FCD
:106AF00028462E602526051F28462E602426051FC1
:106B000028462E602326051F28462E602226051FB4
:106B100028462E602126051F28462E602026051FA8
:106B200028462E601926051F28462E601826051FA8
:106B300028462E601726051F28462E601626051F9C
:106B400028462E604FF01136051F28462E604FF064
:106B50001036051F28462E604FF00936051F2846BF
:106B60002E604FF00836051F28462E604FF007367E
:106B7000051F28462E604FF00636051F28462E605A
:106B80004FF00536051F28462E604FF00436051FCE
:106B900028462E6070BD00005D7400082DE9F041AC
:106BA00005464FF00008F9F78FFB8046FF2D05D111
:106BB0002048006890F83250012608E01D4800681F
:106BC00090F83200A84201D1012600E000261A48C0
:106BD00050F825402CB94046F9F77AFB4820BDE82B
:106BE000F081012C04D14046F9F772FB4320F6E70F
:106BF00094F834701148C05D94F8351088430F49FB
:106C0000C8550846C05D30B994F836100C48007875
:106C100088430B49087094F8300040F0080084F86D
:106C200030004046F9F754FB012E01D100F018FB6B
:106C30000020D4E7E8000020C8730120DA0000201B
:106C4000D90000207047000070B50546002617489F
:106C5000007800B170BD1648007800B1FAE71DB3A6
:106C6000F9F732FB06461348006890F834401248A2
:106C7000005D1049096891F8351088430E490855A0
:106C80000846005D40B90B48006890F836100B4884
:106C9000007888430949087006480068C562304694
:106CA000F9F716FB00F0DCFA00BFD3E7D5000020AF
:106CB000D6000020E8000020DA000020D9000020E3
:106CC0002DE9F04105460E4617461C46124800784D
:106CD00010B15520BDE8F0811048007808B132208D
:106CE000F8E74FF47A7060434FF47A71B0FBF1F13A
:106CF0004FF461606843C6EB061200EB8200384433
:106D000000EB4002C2EBC01001EBC0084046FFF7A9
:106D10009BFF0020DEE70000D5000020D600002009
:106D200070B50025F9F7D0FA0546034804682846EF
:106D3000F9F7CEFA204670BD0001002070B500269C
:106D400000F072F8F9F7C0FA064631480068401CB6
:106D50002F4908603046F9F7BBFA2E480078012821
:106D600053D12D48007820B1012804D0022809D140
:106D700003E001250BE0002509E00125012026495B
:106D8000087004E0012500202349087000BF00BFFF
:106D900005B970BD2148046833E0F9F795FA064655
:106DA000E06A50B3E06A401EE062E06A28BB94F8F3
:106DB000300000F0370040B114F8300F00F0C80088
:106DC000207001206070303C02E0002084F8310027
:106DD00094F8300000F0080078B93434A0781049F5
:106DE000097808430E49087020780E49085C6178DC
:106DF000084314F834190B4A505464693046F9F7C3
:106E000067FA94F832003F28C7D100BFC1E70000FD
:106E100000010020E2000020F8000020F400002023
:106E2000D9000020DA000020704770472DE9F04FAC
:106E300005460F4690469946A87A19490E5C05F119
:106E40000B00805D11F800B00BEBC60000F0FF0AEC
:106E5000144850F82A4000202034E0602760207C4D
:106E600020EA0800207484F81190207C203C00F077
:106E7000080068B994F836000B49097808430A49B4
:106E800008700A48805D94F8351008430749885512
:106E90002946204600F00CF85046BDE8F08F00006F
:106EA00078710108C8730120D9000020DA000020A1
:106EB00010B590F8342001F10B039B5C90F835403D
:106EC000A34301F10B04A35423469B5C23B98B7AA3
:106ED00090F83640A3438B7210BD000010B51B4ADA
:106EE0001268D061194A126892F8343000F10B022E
:106EF000D25C164B1B6893F835301A43134B1B6852
:106F000093F8344000F10B031A55827A0F4B1B683B
:106F100093F836301A4382720C4A126892F8341091
:106F20000B4A525C094B1B6893F835309A43084B67
:106F30005A541A46525C42B9044A126892F83630E2
:106F4000044A12789A43034B1A7010BDE8000020DF
:106F5000DA000020D9000020014600228A720020B9
:106F600005E0002301F10B021354421CD0B20828A3
:106F7000F7D370472DE9F0415021114800F03EF958
:106F800000250DE0681C86B20D4800EB051400EBEF
:106F900006170020207067600AA0E060681C85B2B8
:106FA000042DEFD3064800EB05140020207060602C
:106FB00004A0E060024804490860BDE8F0810000D8
:106FC000786F01203F000000C400002030B501466A
:106FD0004A6808682AB9CC68606028B10025456015
:106FE00002E0106000B142608B6800255D6230BD38
:106FF00070B5C821114800F001F900230FE0581CBA
:1070000085B203EB83000D4901EB800405EB85009D
:1070100001EB8006002020706660581C83B2092BAB
:10702000EDD303EB8300054901EB800400202070C1
:10703000606008460249086070BD0000B06E012023
:10704000C000002000200A4908600A4908700A4967
:1070500008700A4908700A4908700A4908600A4914
:1070600008600A4908600A4908600A4908707047C0
:1070700000010020D5000020D6000020E300002001
:10708000E2000020BC000020E4000020D00000202E
:10709000CC000020D400002000210A4A11700020FA
:1070A00004E00021084A1154411CC8B20828F8D352
:1070B0000021064A1170064A1170064A1160064AFC
:1070C00011607047D9000020DA000020D7000020AE
:1070D000D8000020F0000020E800002070B54FF438
:1070E0007C71194800F08AF84FF48071174800F05D
:1070F00085F8002413E0601CC5B2C4EBC40000EBAB
:107100004000114901EB8003C5EBC50000EB4000D6
:1071100001EB80065E610EA0D864601CC4B20B2C2B
:10712000E9D3C4EBC40000EB4000074901EB800346
:107130000020586106A0D864002006490860024873
:107140000549086070BD0000C8740120C8730120A3
:107150003F000000F4000020EC00002000B587B0E4
:107160000320002180220A4BCDE90132CDE9031032
:107170004FF6FF703F23074A00900748FFF7ACFA2D
:1071800006AA06A13F20FFF7B1FB07B000BD000033
:10719000C8710120C47301203574000875432F4F56
:1071A000532D49492049646C6500000000B587B043
:1071B0000320002180220A4BCDE90132CDE90310E2
:1071C0004FF6FE703E23074A00900748FFF784FA07
:1071D00006AA06A13E20FFF789FB07B000BD00000C
:1071E000C86F0120C47101207574000875432F4FCA
:1071F000532D4949205374617400000004E00022BB
:1072000000F8012B4A1E91B20029F8D17047000006
:107210002DE9F04178211048FFF7F0FF00240DE040
:10722000601C86B204EB44000B4901EBC00506EB81
:10723000460001EBC0072F60601C84B2042CEFD322
:1072400004EB4400044901EBC00500202860084617
:1072500002490860BDE8F081B8780120FC000020F8
:1072600010B50024F9F730F8044613480078F8B94F
:1072700012480078E0B900F02DF81148114909785A
:1072800050F82100104908600E4800780F4909782D
:1072900088420DD00C480068806B401C0A49096880
:1072A00088630B480068401C09490860F9F725F815
:1072B0002046F9F70DF810BDD5000020D6000020BB
:1072C000C8730120D8000020F0000020D700002063
:1072D000BC0000200649074A1278885C0649095C10
:1072E000034A515C01EBC001044A11707047000071
:1072F00078710108D9000020DA000020D8000020B1
:107300002DE9F84F05460F4690469946DDE90AAB50
:1073100000200090F8F7D8FF00903F480468002C48
:1073200074D0183454F8040C3B4908600098F8F7FE
:10733000CFFF44F8187CA576002020766076606147
:1073400044F814BC44F80CAC44F8108C0C9824F8A5
:10735000080C24F8069C0020E077E810207705F060
:107360000700E076217F01208840A077E17E0120A0
:107370008840607700206060E060A0602062A062CA
:107380006062E062206325A06063183C002606E08E
:10739000002104F1500040F82610701CC6B2002EE7
:1073A000F6D02046FFF746F92046FFF7F1F9F8F747
:1073B0008BFF00901A4840F825401A480068606129
:1073C0000020A0611748006810B116480068846169
:1073D000144804603434A0781349097808431249EA
:1073E000087020781149085C6178084314F8341952
:1073F0000E4A50540E480078401C0D490870009801
:10740000F8F766FF0020BDE8F88FFFE70098F8F76F
:107410005FFF4220F7E70000EC0000203F00000083
:10742000C8730120F4000020D9000020DA000020F9
:10743000E3000020002400BF00BFF8F745FF04462A
:1074400005480068401C044908602046F8F740FFE2
:10745000FFF74BFAF1E70000E400002010B5044804
:107460000068FFF77BFAFF20FFF794F910BD0000DA
:10747000E8000020002400BF02E0C820FFF7E4FB82
:10748000194800780028F8D0184800686421B0FB3B
:10749000F1F0164908600846006828B90020144930
:1074A0000870FF20FFF77AFB00BFF8F70DFF0446D6
:1074B000104800681049086000200E490860204606
:1074C000F8F706FF0C48006808490968B0FBF1F0BE
:1074D000C0F1640006490870FFF741FA00F00EF8A9
:1074E0006420FFF7B1FBE0E7D4000020CC000020CF
:1074F000C8000020E4000020D00000207CB500255A
:1075000014E069462846FFF72BFA064666B9094893
:1075100050F8254044B1012C06D0D4E9020100EB1B
:10752000810060640198A064681CC5B23F2DE8D951
:107530007CBD0000C873012002F0010343B102F0DA
:1075400002032BB102E0491E002308C00029FAD132
:10755000704700000EB5002002900121062000F0C7
:10756000BDF80220009000208DF8040001208DF865
:10757000070069461B48FAF71DF94FF400500090C8
:1075800001208DF8040003208DF8050000208DF8FF
:10759000060069461448FAF70DF9F9F7DBFA0020FE
:1075A0001249086064200CF0C9FE01201049C1F89E
:1075B000B40264200CF0C2FE012000F052F8012257
:1075C00002A94FF4506000F01BF89DF8081009A0C4
:1075D000F8F7E0FE9DF80800802801D100200EBDDC
:1075E0000120FCE70004024000080240B4024142CE
:1075F000000041424354502049443A25780D0A0086
:107600002DE9F04105460F461646F9F75FFBB2201B
:10761000F9F72AFBF9F7A4FB2812F9F725FBF9F78C
:107620009FFBE8B2F9F720FBF9F79AFBF9F74EFB5D
:10763000B320F9F719FBF9F793FB00240BE0711E57
:10764000A14201D0012100E000210846F9F7D8FA53
:107650003855601CC4B2B442F1DBF9F75DFBBDE8FC
:10766000F08138B50446002000900CB180200090D5
:10767000012269464FF4506000F001F838BD2DE951
:10768000F04104460E4617464FF00008F9F71EFB7E
:10769000B220F9F7E9FAF9F763FB2012F9F7E4FAF7
:1076A000F9F75EFBE0B2F9F7DFFAF9F759FB0025CD
:1076B0000BE0705DF9F7D8FAF9F752FB8046B8F1A4
:1076C000000F00D003E0681CC5B2BD42F1DB00BF73
:1076D000F9F722FB4046BDE8F081000029B1064AD7
:1076E00012680243044B1A6004E0034A12688243A2
:1076F000014B1A60704700003038024029B1064A39
:1077000012680243044B1A6004E0034A1268824381
:10771000014B1A60704700003838024029B1064A10
:1077200012680243044B1A6004E0034A1268824361
:10773000014B1A60704700004438024029B1064AE4
:1077400012680243044B1A6004E0034A1268824341
:10775000014B1A607047000024380240F0B5002148
:1077600000220024022500260223324F3F6807F042
:107770000C0121B1042905D0082937D105E02E4F8D
:10778000076036E02D4F076033E02A4F3F1F3F6808
:10779000C7F38056274F3F1F3F6807F03F036EB186
:1077A000264FB7FBF3F7DFF88CC0ACF1040CDCF824
:1077B00000C0CCF3881C07FB0CF40CE01E4FB7FB99
:1077C000F3F7DFF870C0ACF1040CDCF800C0CCF3C8
:1077D000881C07FB0CF4174F3F1F3F68C7F3014796
:1077E0007F1C7D00B4FBF5F7076002E0124F0760D5
:1077F00000BF00BF0F4F3F6807F0F0010909104FAD
:107800007A5C0768D74047600A4F3F6807F4E05149
:10781000890A0B4F7A5C4768D7408760054F3F68FD
:1078200007F46041490B064F7A5C4768D740C76050
:10783000F0BD0000083802400024F40000127A0075
:107840005E0000207CB505460024002000900190D9
:1078500000F0E8F800F0007010B10E2420467CBD66
:107860003D49098888B26946F9F760FD04460CB1C4
:107870002046F4E7012D36D1019800F4802000283D
:107880002ED035480088000434490860372048600D
:10789000402088600020C860A8020861084600F007
:1078A000FFF83720F9F7A0FA04460CB12046D6E7D6
:1078B00002202A4908600620486040208860002095
:1078C000C8604FF480600861084600F0E9F80620BF
:1078D000F9F78AFA04460CB12046C0E72046BEE715
:1078E00025242046BBE7019800F4803078B31A487D
:1078F00000880004194908603720486040208860EB
:107900000020C8604FF480600861084600F0C8F8A5
:107910003720F9F769FA04460CB120469FE70020AA
:107920000E49086006204860402088600020C8603A
:107930004FF480600861084600F0B2F80620F9F7BD
:1079400053FA04460CB1204689E7204687E7FFE753
:107950002524204683E70000500000204029002015
:107960000149086070470000382C01400149086057
:1079700070470000382C0140014908607047000042
:10798000A08025420146034A106820F0FF0008430A
:1079900010607047042C01400149086070470000E6
:1079A0008C85254200210B4B02681A601B1D426822
:1079B0001A601A1D116821F0F701D0E902231A4359
:1079C00003691A4343691A431143024A083211609A
:1079D00070470000242C014010B50121C802FFF7B8
:1079E000ADFE00214FF40060FFF7A8FE10BD0000BF
:1079F00001480068C0B27047102C014001460020C9
:107A0000034A12680A400AB1012000E000207047D2
:107A1000342C01400248006800F003007047000069
:107A2000002C014008B5014600200090024808449F
:107A300000900098006808BD142C014010B500F0BB
:107A400049FC10BD29B1064A12680243044B1A6072
:107A500004E0034A12688243014B1A607047000039
:107A60003C2C014000210A4A116847F6FF6291430D
:107A7000027D83681A4343681A43C3681A43036844
:107A80001A4303691A431143014A11607047000009
:107A9000042C01400148006870470000802C014020
:107AA0000021094B02681A601A1D11686FF30A0160
:107AB000D0E901231A43C3681A4303691A431143E7
:107AC000014A121D11607047082C014001490860ED
:107AD00070470000002C014070B590B004460E467F
:107AE000154600BF1A48F9F70EFB0028FAD11848CE
:107AF000F9F752FA4FF00060019016480290039493
:107B000004950020059006904FF480600790800057
:107B100008908000099000200A904FF440300B90AC
:107B200004200C9003200D904FF400000E90801064
:107B30000F9001A90648F9F7F1FA20210448F9F756
:107B4000D7FA01210248F9F71BFA10B070BD000006
:107B500058640240802C014070B50446002520483E
:107B60000078032802D12725284670BD1C480078DC
:107B700038B11B480078012803D019480078022842
:107B80002CD1B4F5805F02D127252846EDE7B4F566
:107B9000006F13D10120FFF755FE0546F5B900200F
:107BA000104908750860486088604FF40060C8603C
:107BB000002008610846FFF755FF0FE00020FFF79F
:107BC00041FE054655B90020064908750860486021
:107BD0008860C86008610846FFF744FF2846C4E78C
:107BE0004C00002028290020F0B50146002000228A
:107BF000BE4B1B7881F85630BD4B1B88A1F8543022
:107C0000BC4B1B681A0E93090B70C2F383034B70B5
:107C100002F003038B70B74B1B68C3F30742CA70B3
:107C2000B44B1B88C3F307220A71B24B1A784A710E
:107C30005B681A0E1301CB80AE4B5B68C3F307423F
:107C4000CB8843EA1213CB8002F00F030B72A94BCF
:107C50009B88C3F30722D3094B72C2F380138B7244
:107C6000C2F34013CB72C2F300130B7300234B73A8
:107C70009E4B1B783BB19D4B1B78012B03D09B4B3C
:107C80001B78032B4FD193071B0D0B61994B1A796E
:107C90000B6943EA82030B61964B9B681A0E0B69D2
:107CA00043EA92130B61C2F3C2030B7502F00703A0
:107CB0004B75904B9B68C3F3074253098B75C2F316
:107CC0008203CB7593075B0F0B768A4B1B89C3F33B
:107CD00007220B7E43EAD2130B760B695B1C002450
:107CE000C1E912340B7ED1E912569B1C012404FA1F
:107CF00003F3DC17A5FB037C06FB03C305FB04337E
:107D0000C1E912730C7A0123A3400B650024D1E969
:107D100012650B6DA6FB037C05FB03C306FB043356
:107D2000C1E912732EE0714B1B78022B2AD1714BE3
:107D30001A7993069B0A0B616E4B9B681A0E0B69AE
:107D400043EA02230B616B4B9B68C3F307420B6949
:107D500013430B61674B1B89C3F307220B695B1C41
:107D60004FF40074A3FB04464FF480630025A4FB8A
:107D7000037C06FB03C304FB0533C1E912734FF414
:107D800000730B65C2F3801301F8193F93065B0E75
:107D90004B70584B1A7A4B7843EAD2134B7002F06F
:107DA0007F038B70534BDB681A0ED309CB70C2F381
:107DB00041130B71C2F382034B7193071B0F8B713D
:107DC0004C4BDB68C3F307428B7943EA92138B7108
:107DD000C2F34013CB7100230B7202F001034B720C
:107DE000444B9B89C3F30722D3098B72C2F38013E0
:107DF000CB72C2F340130B73C2F300134B73C2F385
:107E000081038B7302F00303CB733A4B1A7B530845
:107E10000B7401234B74384B1B681A0ECA74193942
:107E2000354B1B68C3F307421402CC85324B1B88C9
:107E3000C3F30722CB8D1343CB852F4B1A7814063F
:107E40000C635B681A0E0B6B43EA02440C632A4B0B
:107E50005B68C3F307420B6B43EA02240C63264BB7
:107E60009B88C3F307220B6B13430B63224B1A79D6
:107E700034235A54204B9B681A0E35235A541E4BF8
:107E80009B68C3F3074214068C631B4B1B89C3F327
:107E900007228B6B43EA02448C63174B1A7A8B6B75
:107EA00043EA02248C63144BDB681A0E8B6B13437A
:107EB0008B63114BDB68C3F307423C235B5C43EAF3
:107EC00012143C235C5413071C0DCC870A4B9B896E
:107ED000C3F30722CB8F1343CB87074B1A7B54087E
:107EE00040235C54012441235C54F0BD4C0000202D
:107EF000500000206C2900207C2900203EB5002481
:107F000001213E48FFF7EAFB0121C802FFF706FC0A
:107F10000121C802FFF712FC4FF47C5001900220AF
:107F20008DF808008DF8090001208DF80B0001A9DB
:107F30003348F9F73FFC0420019001A93148F9F7D3
:107F400039FC0C2208212E48F9F77CFC0C2209216F
:107F50002B48F9F777FC0C220A212948F9F772FC23
:107F60000C220B212648F9F76DFC0C2211462448FF
:107F7000F9F768FC0C2202212248F9F763FC002182
:107F80004FF40060FFF7DAFB00F00AFDFFF724FD75
:107F900031208DF8000000208DF801008DF80200DE
:107FA00001208DF803006846FEF704F900F0CEF8D2
:107FB000044614B900F02CF804461CB91248FFF727
:107FC00013FE044634B91049B1F85410080400F007
:107FD00003FD044624B94FF40060FFF7BDFD0446DD
:107FE0001CB10A480078032806D10020FFF7CAFC1C
:107FF000002000F00BFD044620463EBD0C00400072
:1080000000080240000C0240902900204C00002093
:1080100038B5002401200090FFF7FCFC10B925249E
:10802000204638BD44480078042828D00020434921
:10803000086002204860C02088600020C8604FF4BB
:10804000806008610846FFF72BFDF8F7E3FE044661
:108050000CB12046E5E70020FFF7E4FC3849086052
:108060000420FFF7DFFC364948600820FFF7DAFC00
:10807000334988600C20FFF7D5FC3149C8602E4891
:10808000007858B12C480078012807D02A48007899
:10809000062803D028480078022816D10020274956
:1080A000086003204860402088600020C8604FF4CA
:1080B000806008610846FFF7F3FC69460320F8F783
:1080C000EBFE04460CB12046ABE71B4800780428C1
:1080D0002ED0BDF800001B490860BDF80000000468
:1080E0001649086009204860C02088600020C860E8
:1080F0004FF4806008610846FFF7D2FCF8F78AFE6B
:1081000004460CB120468CE70020FFF78BFC0E499B
:1081100008600420FFF786FC0B4948600820FFF741
:1081200081FC094988600C20FFF77CFC0649C86087
:108130000024204675E700004C0000204029002064
:108140007C290020500000206C2900202DE9F041FE
:108150000024002600250027A046762059490875EE
:108160000020086048608860C86008610846FFF722
:1081700079FC0320FFF7AAFC0120FFF7FDFB00209C
:108180005149086048608860C8604FF480600861A9
:108190000846FFF785FCF8F711FE044614B12046A7
:1081A000BDE8F0814FF4D570474908600820486069
:1081B000402088600020C8604FF480600861084655
:1081C000FFF76EFCF8F7B6FE04462CB901203F49D4
:1081D00008704FF0804812E000203B4908603720CB
:1081E0004860402088600020C8604FF480600861CB
:1081F0000846FFF755FC3720F8F7F6FD0446002047
:108200003149086037204860402088600020C860FD
:108210004FF4806008610846FFF742FC3720F8F70A
:10822000E3FD0446002C4AD136E0002026490860D0
:1082300037204860402088600020C8604FF480608C
:1082400008610846FFF72CFC3720F8F7CDFD0446FF
:108250000CB12046A4E71E4848EA00001A4908600D
:1082600029204860402088600020C8604FF480606A
:1082700008610846FFF714FCF8F7F2FD04460CB15C
:1082800020468DE70020FFF7CDFB0646012080EA5F
:10829000D67080F001076D1C1FB94FF6FF70854244
:1082A000C3D34FF6FF70854202D31B24204677E7E5
:1082B00006F08040061E02D00220044908702046C5
:1082C0006EE7000028290020402900204C000020F3
:1082D0000000108010B51148007801280CD1002052
:1082E0000F49086040F24C40091D08600C20F8F767
:1082F0007BFD0C49087002E000200A4908704FF429
:108300008070FFF733FB00214FF48070FFF79AFB7A
:108310000120054908700348007810BD5500002071
:10832000082C014056000020570000202DE9F84F8E
:108330008146174698460A9C4FF0000AD3464D46A0
:108340004FF0FF36B9F1000F02D12620BDE8F88FBB
:1083500000209549086095480078022805D104025C
:10836000780A40EAC8574FEA682800209049886098
:108370004860401E0860012048610020C860086114
:108380000846FFF70FFB88481838006800F00070B7
:1083900008B10E20DAE7002C21DDB4F5006F1EDCF9
:1083A000601E2040D8B920460BF094FF0090814811
:1083B000046010207F494860402088600020C86029
:1083C0004FF4806008610846FFF76AFB1020F8F759
:1083D0000BFD8246BAF1000F03D05046B6E72620C7
:1083E000B4E70098000172498860084644604FF085
:1083F000FF300860012048610220C8600020086149
:108400000846FFF7CFFA6B480760112069494860BA
:10841000402088600020C8604FF4806008610846F2
:10842000FFF73EFB1120F8F7DFFC8246BAF1000FA0
:1084300001D050468AE76048007800287AD1F7F7E3
:108440001CFF19E058480830006800F4004078B17B
:108450004FF0000B06E054485430006845F82B00FC
:108460000BF1010BBBF1080FF5D32035534E03E0A0
:108470000EB904206AE7761E4B480830006840F2C7
:108480002A6108400028DDD047480830006800F025
:10849000080048B144480C30006840F008004249E8
:1084A0000C310860042051E73F480830006800F0B4
:1084B000020048B13C480C30006840F002003A49E4
:1084C0000C310860022041E737480830006800F0AE
:1084D000200048B134480C30006840F02000324998
:1084E0000C310860062031E72F480830006800F49E
:1084F000007048B12C480C30006840F400702A49E4
:108500000C310860072021E704E027485430006858
:1085100028602D1D24480830006800F40010002851
:10852000F3D1F7F7ACFE40F2FF501F490C31086061
:1085300037E0FFE720480078012832D100202049A9
:1085400008702049087020490870174810300068EA
:1085500040F22A310843144910310860124800687B
:1085600040F0080010490860002221464846FFF705
:10857000B3FA00E0761E1548006800F0006038B9D4
:108580001148007820B90E48007808B9002EF1D1C2
:108590000EB90420DAE60A48007810B1084890F8CD
:1085A00000A05046D2E600002C2C01404C000020D8
:1085B000542900204029002054000020FFFF07001C
:1085C00056000020550000205700002000640240A3
:1085D0002DE9FE4F83460E4691460020029000256D
:1085E00034462148007818B1680240EAD455640244
:1085F0000BF00300F0B14FF0000A18E04FF40070E8
:1086000000904FEA4A20071945EBE0733A461748B5
:10861000FFF78CFE02904FF4007214495846F7F7AA
:1086200051FF0BF5007B0AF1010000F0FF0ACA457B
:10863000E4DB16E0B9F1010F09D14FF400702246D6
:108640002B4600905846FFF771FE029009E04FF468
:10865000007022462B46CDE90009584600F008F884
:1086600002900298BDE8FE8F4C000020E82900200F
:108670002DE9FF5F17469846DDE90E464FF00009E9
:10868000CA464FF0FF35BB49009808600020BA4940
:108690000860BA480078022805D10402780A40EA46
:1086A000C8574FEA68280020B54988604860401ED6
:1086B0000860012048610020C86008610846FFF793
:1086C00071F9AD481838006800F0007018B10E203C
:1086D00004B0BDE8F09F002C21DDB4F5006F1EDC76
:1086E000601E2040D8B920460BF0F4FD8346A54813
:1086F00004601020A3494860402088600020C860C2
:108700004FF4806008610846FFF7CAF91020F8F7B7
:108710006BFB8146B9F1000F03D04846D8E726200D
:10872000D6E7012E70D906FB04F0B0F1007F01D32B
:108730002620CDE74FEA0B109149886006FB04F034
:1087400048604FF0FF300860012048610220C86097
:10875000002008610846FFF725F98A4807601220C3
:1087600088494860402088600020C8604FF48060DD
:1087700008610846FFF794F91220F8F735FB8146A7
:10878000B9F1000F01D04846A2E77F4800780028E1
:108790007ED1F7F772FD1FE077480830006800F4DB
:1087A0000040A8B14FF0000A08E073485430006858
:1087B0007049096841F82A000AF1010ABAF1080F64
:1087C000F3D36C48006820306A4908606F4D03E0BD
:1087D0000DB904207CE76D1E67480830006840F240
:1087E0002A3108400028D7D063480830006800F0DC
:1087F000080050B160480C30006840F008005E4945
:108800000C310860042063E7B1E05B480830006881
:1088100000F0020048B158480C30006840F00200F7
:1088200055490C310860022052E75348083000686F
:1088300000F0200048B150480C30006840F02000A3
:108840004D490C310860062042E74B48083000686B
:1088500000F4007048B148480C30006840F40070E3
:1088600045490C310860072032E70AE0424854309D
:1088700000684049096808603E480068001D3D499D
:1088800008603D480830006800F40010002800E04F
:1088900031E0EBD138480830006800F4807010B344
:1088A0003648007838B135480078012803D033487D
:1088B0000078022817D10020324908600C20486057
:1088C000402088600020C8604FF48060086108463E
:1088D000FFF7E6F80C20F8F787FA8146B9F1000FA8
:1088E00001D04846F4E6F7F7CAFC40F2FF502249AF
:1088F0000C3108603BE024480078012837D1002083
:10890000234908700120234908700020224908707B
:1089100019481030006840F22A31084316491031D6
:1089200008601548006840F008001349086006FB1D
:1089300004F100220098FFF7CFF800E06D1E174801
:10894000006800F0006008B9002DF7D10DB90420CF
:10895000BEE600BF1048007818B90D48007800281E
:10896000F8D00B48007810B1094890F800904846BC
:10897000AEE60000580000202C2C01404C000020E6
:10898000542900204029002054000020FFFF070048
:1089900056000020550000205700002000640240CF
:1089A00000200B490860091D0860091D0860091DA9
:1089B0000860074924310860091D0860091D086026
:1089C00004480349383108600020091D08607047D9
:1089D000002C0140FF07C00070B5044600250A487E
:1089E0000460072008494860402088600020C86073
:1089F0004FF4806008610846FFF752F80720F8F747
:108A0000F3F90546284670BD4029002001460020A4
:108A1000012900D011B9024B197000E026207047DF
:108A2000540000202DE9FF5F86B017469846149D3C
:108A30000026002005900490002481460390824681
:108A400002900195DDF818B0DDF818B0BBF1000F09
:108A500003D126200AB0BDE8F09F0020C549086078
:108A6000C54988604860401E0860012048610020B8
:108A7000C86008610846FEF795FFBE4818380068D0
:108A800000F0007008B10E20E4E7BC48007802282E
:108A900005D10502780A40EAC8574FEA6828002D38
:108AA0001FDDB5F5006F1CDC681E2840C8B92846DC
:108AB0000BF010FC0590B24805601020B0494860EA
:108AC000402088600020C8604FF48060086108463C
:108AD000FEF7E6FF1020F8F787F906461EB130468C
:108AE000B8E72620B6E7A74800880004A449086034
:108AF0000D204860402088600020C8604FF48060EE
:108B000008610846FEF7CCFF0D20F8F76DF9064620
:108B10000EB130469EE797481838006803904FF032
:108B2000FF341CE0641E97480088000494490860E4
:108B30000D204860402088600020C8604FF48060AD
:108B400008610846FEF7ACFF0D20F8F74DF9064620
:108B50000EB130467EE787481838006803900398C6
:108B600000F4807008B9002CDCD10CB9292071E721
:108B700083480760182082494860402088600020B0
:108B8000C8604FF4806008610846FEF789FF18202E
:108B9000F8F72AF906460EB130465BE700207A491D
:108BA00008700598000174498860084645604FF0D8
:108BB000FF300860012048610020C8600861084655
:108BC000FEF7F0FE4FF0FF347048007800287ED1A9
:108BD000F7F753FB45E067480830006800F4804031
:108BE000D0B30198A0EB0900202822D20198A0EB75
:108BF000090000F0030020B90198A0EB09008008EB
:108C000004E00198A0EB09008008401C02904FF09E
:108C1000000A0AE057495431DBF8000008600AF105
:108C2000010A0BF1040B09F1040902988245F1D302
:108C300010E04FF0000A06E05BF82A004D4954317D
:108C400008600AF1010ABAF1080FF5D30BF1200B05
:108C500009F120094E4C04E0FFE70CB90420F9E6C5
:108C6000641E44480830006840F21A610840002839
:108C7000B1D00820FEF7C2FE20B10820FEF770FE3A
:108C80000420E7E60220FEF7B9FE20B10220FEF73D
:108C900067FE0220DEE61020FEF7B0FE20B11020B5
:108CA000FEF75EFE0520D5E64FF40070FEF7A6FE47
:108CB00030B14FF40070FEF753FE0720CAE606E01D
:108CC000F7F7DDFA40F2FF50FEF74AFE3AE02F4890
:108CD0000078012836D100202E4908702A490870F2
:108CE0002D490870012140F21A30FEF7ABFE4022F8
:108CF00029460698FEF7F0FE0120FEF74DFE00E043
:108D0000641E2648006800F0006008B9002CF7D106
:108D10001CB9FFF7F3F804209CE64FF0FF3400E0A5
:108D2000641E1D48007820B91A48007808B9002C44
:108D3000F6D10CB904208DE61648007810B115481C
:108D4000007887E640F2FF50FEF70AFE04A8FBF722
:108D5000FBFC064603E004A8FBF7F6FC06463EB91A
:108D60009DF810000728F6D09DF810000628F2D0D4
:108D700030466FE62C2C0140542900204C00002086
:108D80004029002050000020550000205400002001
:108D9000FFFF07005600002057000020006402403B
:108DA0002DE9FE4F06468946924600200290002596
:108DB0004C462148007818B1680240EAD455640254
:108DC00006F00300F0B14FF0000B18E04FF4007212
:108DD00031461A48F7F776FB4FF4007000904FEADF
:108DE0004B20071945EBE0733A461448FFF71AFE8B
:108DF000029006F500760BF1010000F0FF0BD34561
:108E0000E4DB16E0BAF1010F09D14FF400702246FD
:108E10002B4600903046FFF705FE029009E04FF424
:108E2000007022462B46CDE9000A304600F008F8D3
:108E300002900298BDE8FE8F4C000020E829002037
:108E40002DE9FF5F84B0DDE9124700260020039082
:108E50000290002580468146019007FB04FBDDF867
:108E600010A0DDF810A0BAF1000F03D1262008B041
:108E7000BDE8F09F0020D8490860D8498860486064
:108E8000401E0860012048610020C8600861084653
:108E9000FEF788FDD0481838006800F0007008B16F
:108EA0000E20E4E7CE480078022808D10402DDE96C
:108EB0000601400A40EAC1504912CDE90601002CE2
:108EC0001FDDB4F5006F1CDC601E2040C8B92046D1
:108ED0000BF000FA0390C34804601020C1494860B9
:108EE000402088600020C8604FF480600861084618
:108EF000FEF7D6FD1020F7F777FF06461EB1304685
:108F0000B5E72620B3E7012F6FD907FB04F0B0F1D6
:108F1000007F01D32620AAE7B148007838B1B048D5
:108F20000078012803D0AE48007802282DD1AE4841
:108F300000880004AB490860372048604020886002
:108F40000020C8604FF4806008610846FEF7A8FD65
:108F50003720F7F749FF06460EB1304687E7A148AC
:108F6000076017209F494860402088600020C86043
:108F70004FF4806008610846FEF792FD1720F7F76E
:108F800033FF06460EB1304671E7964906980860F1
:108F900019204860402088600020C8604FF480603D
:108FA00008610846FEF77CFD1920F7F71DFF06460D
:108FB0000EB130465BE7039800018849886007FBE3
:108FC00004F048604FF0FF30086001204861002045
:108FD000C86008610846FEF7E5FC84480078002870
:108FE00074D1451EF7F749F942E0DDE07A480830D0
:108FF000006800F48040B0B3ABEB080020281FD21B
:10900000ABEB080000F0030018B9ABEB08008008D8
:1090100003E0ABEB08008008401C01904FF0000912
:109020000AE06D495431DAF80000086009F10109DD
:109030000AF1040A08F1040801988145F1D310E00F
:109040004FF0000906E05AF82900634954310860DE
:1090500009F10109B9F1080FF5D30AF1200A08F165
:109060002008634D04E0FFE70DB90420FFE66D1E04
:1090700059480830006840F21A3108400028B5D03D
:109080000820FEF7BBFC20B10820FEF769FC042095
:10909000EDE60220FEF7B2FC20B10220FEF760FCF4
:1090A0000220E4E61020FEF7A9FC20B11020FEF714
:1090B00057FC0520DBE64FF40070FEF79FFC30B153
:1090C0004FF40070FEF74CFC0720D0E62CE04FF484
:1090D0008070FEF793FC00B34148007838B14048F7
:1090E0000078012803D03E480078022815D10020DE
:1090F0003C4908600C204860402088600020C8601F
:109100004FF4806008610846FEF7CAFC0C20F7F7B0
:109110006BFE06460EB13046A9E6F7F7B0F840F20E
:10912000FF50FEF71DFC3FE03048007801283BD19E
:1091300000203049087001202F49087000202F4975
:109140000870012140F21A30FEF77CFC07FB04F1A5
:1091500040220498FEF7C0FC0120FEF71DFC4FF0F2
:10916000FF3500E06D1E2648006800F0006008B979
:10917000002DF7D11DB9FEF7C1FE042077E64FF0B0
:10918000FF3500E06D1E1D48007820B919480078B1
:1091900008B9002DF6D10DB9042068E6154800780D
:1091A00010B11448007862E640F2FF50FEF7D8FB99
:1091B00002A8FBF7C9FA064603E002A8FBF7C4FAC7
:1091C00006463EB99DF808000728F6D09DF808002D
:1091D0000628F2D030464AE62C2C014054290020C3
:1091E0004C000020402900205000002054000020A6
:1091F000FFFF070056000020550000205700002008
:109200000064024000B587B001210846FEF766FA07
:1092100001210803FEF782FA3820059002208DF81C
:10922000180000208DF81A0003208DF81900012085
:109230008DF81B0005A92248F8F7BCFA0522032186
:109240001F48F8F7FFFA052204211D48F8F7FAFA3B
:10925000052211461A48F8F7F5FA01210803FEF72E
:109260006DFA00214FF48050FEF768FA0020ADF847
:1092700000004FF48270ADF802000020ADF8040049
:109280000220ADF806000120ADF808004002ADF85C
:109290000A003820ADF80C000020ADF80E000720C1
:1092A000ADF810006946074800F058F8012105485C
:1092B00000F03AF8FF2000F007F807B000BD00000A
:1092C000000402400030014010B5044600BF0221F6
:1092D0000A4800F035F80028F9D02146074800F088
:1092E0003BF800BF0121054800F02AF80028F9D01A
:1092F000024800F02EF8C0B210BD0000003001405E
:1093000010B50446074800884FF6C7710840054964
:10931000088008460088204308800121014800F0A9
:1093200003F810BD0030014021B1028842F0400234
:10933000028004E002884FF6BF731A400280704733
:109340000246002013890B400BB1012000E00020F1
:1093500070470146888970478181704710B50022A7
:10936000028802F441520B884C8823438C882343A3
:10937000CC8823430C8923434C8923438C89234382
:10938000CC8923431A430280838B4FF2FF7423401E
:1093900083830B8A038210BD704700000CB5002048
:1093A000019000903448006840F4803032490860F1
:1093B00000BF3148006800F4003000900198401C64
:1093C0000190009818B90198B0F5A04FF1D12A4842
:1093D000006800F4003010B10120009001E000208E
:1093E00000900098012846D123484030006840F0A2
:1093F00080502149403108602048006840F44040D6
:109400001E4908601C48083000681B490831086084
:109410000846006840F4004008600846006840F4D0
:10942000A05008601648091F0860081F006840F037
:109430008070091F086000BF0F48006800F00070CE
:109440000028F9D040F205700E4908600A4808303B
:10945000006820F0030008490831086008460068E9
:1094600040F00200086000BF03480830006800F0C8
:109470000C000828F8D10CBD0038024000700040F4
:1094800008544007003C0240042808D14FF0E02176
:10949000096941F004014FF0E022116107E04FF04B
:1094A000E021096921F004014FF0E02211617047C9
:1094B00010B5FCF7DDFEFDF741FCFCF7EBFE10BD3F
:1094C00010B51548006840F470001349086013484F
:1094D000006840F001001149086000200F49083180
:1094E00008600E4800680E4908400C4908600D48A5
:1094F000091D0860081F006820F48020091F08600B
:10950000002006490C310860FFF748FF4FF000606B
:1095100001498039086010BD88ED00E00038024044
:10952000FFFFF6FE1030002400B5A1B0002020900F
:1095300001217A20FEF7D2F801210846FEF7DEF875
:1095400002201E9001208DF87C0000208DF87E0006
:1095500002208DF87D0001208DF87F001EA9FE48B5
:10956000F8F728F94EF2B3701E9002208DF87C00B7
:1095700000208DF87E0003208DF87D0001208DF8FD
:109580007F001EA9F548F8F715F94FF680701E9078
:1095900002208DF87C0000208DF87E0003208DF8DD
:1095A0007D0001208DF87F001EA9ED48F8F702F933
:1095B0000C220021E948F8F745F90C220121E7487F
:1095C000F8F740F90C220421E448F8F73BF90C22A3
:1095D0000521E248F8F736F90C220721DF48F8F7B1
:1095E00031F90C220821DD48F8F72CF90C22092169
:1095F000DA48F8F727F90C220A21D848F8F722F9B7
:109600000C220D21D548F8F71DF90C220E21D34864
:10961000F8F718F90C220F21D048F8F713F90C22AB
:109620000721CF48F8F70EF90C220821CC48F8F7AB
:1096300009F90C220921CA48F8F704F90C220A2179
:10964000C748F8F7FFF80C220B21C548F8F7FAF8DD
:109650000C221146C248F8F7F5F80C220D21C0483B
:10966000F8F7F0F80C220E21BD48F8F7EBF80C22C1
:109670000F21BB48F8F7E6F80F200890002009906A
:1096800018200A9000200B900C900D900E9008204E
:109690000190002002900820039000200490059083
:1096A000069007900F9010901190102012900020BB
:1096B000139014901590169017904FF480501890B6
:1096C000002019904FF480401A9000201B9008A8A9
:1096D0001C9001A81D900FA8F7F7B4FD01210020F0
:1096E000F7F796FD32200AF029FE01210020FCF751
:1096F00031FB32200AF022FE0020FBF72FFF9949B0
:10970000888008468088FF280ADB084680884FF654
:10971000FF71884204D093488088B0F5134F7CD104
:10972000D320FCF701FBFBF799FD8E498880FBF7FE
:1097300095FD8C498880FBF791FD8A498880084611
:1097400080884FF6FF7101EA002086498880FBF788
:1097500085FD844989880843824988800846808835
:1097600049F24131884278D0BF20FCF7DDFAFBF79F
:1097700075FD7C498880FBF771FD7A498880FBF78D
:109780006DFD78498880FBF769FD76498880084639
:1097900080884FF6FF7101EA002072498880FBF74C
:1097A0005DFD7049898808436E4988800846808835
:1097B00046F60401884250D0D420FCF7B5FAFBF7F6
:1097C0004DFD68498880FBF749FD66498880FBF7B5
:1097D00045FD64498880084680884FF6FF7101EA9C
:1097E000002060498880FBF739FD5E49898808437D
:1097F0005C4988800846808845F2103188422CD028
:109800004FF45A40FCF790FAFBF728FD5549888041
:109810004FF45B40FCF788FA00E01EE0FBF71EFD0A
:1098200050498880084680884FF6FF7101EA002081
:109830004C4988804FF45C40FCF776FAFBF70EFD4C
:109840004849898808434749888008468088B0F598
:10985000004F02D145F2105088804248808849F27A
:10986000413188420BD03F48808845F21031884210
:1098700005D03C48808845F21051884208D1032029
:1098800001900220039001210620F7F7C1FC13E0AC
:109890003448808846F60401884205D031488088E3
:1098A0004CF20551884207D10A2001900C20039008
:1098B00001210620F7F7ACFC2A4881882AA0F6F798
:1098C00069FD2848808849F2413188427DD1CF2006
:1098D000FCF72AFA0020FCF71BFA2098401C209085
:1098E000C120FCF715FA3020FCF712FAED20FCF746
:1098F0001BFA6420FCF70CFA0320FCF709FA12208B
:10990000FCF706FA8120FCF703FAE820FCF70CFAD2
:109910008520FCF7FDF91020FCF7FAF97A20FCF716
:10992000F7F9CB20FCF700FA3920FCF7F1F92C20ED
:10993000FCF7EEF90020FCF7EBF93420FCF7E8F92E
:109940000220FCF7E5F9F720FCF7EEF92020FCF700
:10995000DFF9EA200EE0000000040240000C0240A3
:1099600000100240182900204C43442049443A2565
:10997000780D0A00FCF7D8F90020FCF7C9F900209F
:10998000FCF7C6F9C020FCF7CFF91B20FCF7C0F9A3
:10999000C120FCF7C9F90120FCF7BAF9C520FCF792
:1099A000C3F93020FCF7B4F93020FCF7B1F9C72037
:1099B000FCF7BAF9B720FCF7ABF93620FCF7B4F99D
:1099C0004820FCF7A5F93A2000E0ABE0FCF7ACF941
:1099D0005520FCF79DF9B120FCF7A6F90020FCF713
:1099E00097F91A20FCF794F9B620FCF79DF90A20A4
:1099F000FCF78EF9A220FCF78BF9F220FCF794F922
:109A00000020FCF785F92620FCF78EF90120FCF7F1
:109A10007FF9E020FCF788F90F20FCF779F92A207C
:109A2000FCF776F92820FCF773F90820FCF770F9A9
:109A30000E20FCF76DF90820FCF76AF95420FCF7BA
:109A400067F9A920FCF764F94320FCF761F90A20C3
:109A5000FCF75EF90F20FCF75BF90020FCF758F9E2
:109A60000020FCF755F90020FCF752F90020FCF724
:109A70004FF9E120FCF758F90020FCF749F91520CF
:109A8000FCF746F91720FCF743F90720FCF740F9EB
:109A90001120FCF73DF90620FCF73AF92B20FCF7E2
:109AA00037F95620FCF734F93C20FCF731F9052052
:109AB000FCF72EF91020FCF72BF90F20FCF728F902
:109AC0003F20FCF725F93F20FCF722F90F20FCF797
:109AD0001FF92B20FCF728F90020FCF719F90020CA
:109AE000FCF716F90120FCF713F93F20FCF710F9F9
:109AF0002A20FCF719F90020FCF70AF90020FCF7EE
:109B000007F90020FCF704F9EF20FCF701F9112018
:109B1000FCF70AF978200AF011FC2920FCF704F977
:109B200003F05CB8FE48808846F6040188427CD188
:109B30001120FCF7F9F814200AF000FCD020FCF703
:109B4000F3F80720FCF7E4F84220FCF7E1F81D20C9
:109B5000FCF7DEF8D120FCF7E7F80020FCF7D8F896
:109B60001A20FCF7D5F80920FCF7D2F8D220FCF730
:109B7000DBF80120FCF7CCF82220FCF7C9F8C02064
:109B8000FCF7D2F81020FCF7C3F83B20FCF7C0F834
:109B90000020FCF7BDF80220FCF7BAF81120FCF712
:109BA000B7F8C520FCF7C0F80320FCF7B1F8C820CF
:109BB000FCF7BAF80020FCF7ABF82520FCF7A8F872
:109BC0002120FCF7A5F80520FCF7A2F80020FCF7FF
:109BD0009FF80A20FCF79CF86520FCF799F82520EF
:109BE000FCF796F87720FCF793F85020FCF790F8F4
:109BF0000F20FCF78DF80020FCF78AF8F820FCF71E
:109C000093F80120FCF784F8FE20FCF78DF8002083
:109C1000FCF77EF80220FCF77BF82020FCF784F8A4
:109C20003620FCF781F8082000E02CE0FCF770F803
:109C30003A20FCF779F85520FCF76AF82B20FCF75E
:109C400073F80020FCF764F80020FCF761F80120AD
:109C5000FCF75EF83F20FCF75BF82A20FCF764F87D
:109C60000020FCF755F80020FCF752F80120FCF723
:109C70004FF8DF20FCF74CF878200AF05FFB292032
:109C8000FCF752F84CE7A648808845F2103188422C
:109C900040F07C87ED20FCF747F80120FCF738F80E
:109CA000FE20FCF735F8EE20FCF73EF8DE20FCF74E
:109CB0002FF82120FCF72CF8F120FCF735F80120D3
:109CC000FCF726F8DF20FCF72FF81020FCF720F82F
:109CD000C420FCF729F88F20FCF71AF8C620FCF7FF
:109CE00023F80020FCF714F8E220FCF711F8E2203A
:109CF000FCF70EF8E220FCF70BF8BF20FCF714F895
:109D0000AA20FCF705F8B020FCF70EF80D20FBF7B1
:109D1000FFFF0020FBF7FCFF0D20FBF7F9FF002001
:109D2000FBF7F6FF1120FBF7F3FF0020FBF7F0FF36
:109D30001920FBF7EDFF0020FBF7EAFF2120FBF7DE
:109D4000E7FF0020FBF7E4FF2D20FBF7E1FF0020F9
:109D5000FBF7DEFF3D20FBF7DBFF0020FBF7D8FF22
:109D60005D20FBF7D5FF0020FBF7D2FF5D20FBF75E
:109D7000CFFF0020FBF7CCFFB120FBF7D5FF802001
:109D8000FBF7C6FF0020FBF7C3FF8B20FBF7C0FFEC
:109D90000020FBF7BDFF9620FBF7BAFF0020FBF782
:109DA000B7FFB220FBF7C0FF0020FBF7B1FF002098
:109DB000FBF7AEFF0220FBF7ABFF0020FBF7A8FF8D
:109DC0000320FBF7A5FF0020FBF7A2FFB320FBF762
:109DD000ABFF0020FBF79CFF0020FBF799FF002062
:109DE000FBF796FF0020FBF793FF0020FBF790FFA7
:109DF0000020FBF78DFF0020FBF78AFF0020FBF718
:109E000087FF0020FBF784FF0020FBF781FF002085
:109E1000FBF77EFF0020FBF77BFF0020FBF778FFBE
:109E20000020FBF775FF0020FBF772FF0020FBF717
:109E30006FFF0020FBF76CFF0020FBF769FF00209D
:109E4000FBF766FF0020FBF763FF0020FBF760FFD6
:109E50000020FBF75DFF0020FBF75AFF0020FBF717
:109E600057FFB420FBF760FF8B20FBF751FF00206A
:109E7000FBF74EFF9620FBF74BFF0020FBF748FF58
:109E8000A120FBF745FF0020FBF742FFB520FBF7C1
:109E90004BFF0220FBF73CFF0020FBF739FF0320BC
:109EA000FBF736FF0020FBF733FF0420FBF730FF02
:109EB0000020FBF72DFFB620FBF736FF0020FBF755
:109EC00027FF0020FBF724FFB720FBF72DFF002022
:109ED000FBF71EFF0020FBF71BFF3F20FBF718FFDF
:109EE0000020FBF715FF5E20FBF712FF0020FBF7B9
:109EF0000FFF6420FBF70CFF0020FBF709FF8C200D
:109F0000FBF706FF0020FBF703FFAC20FBF700FF89
:109F10000020FBF7FDFEDC20FBF7FAFE002001E04D
:109F200018290020FBF7F4FE7020FBF7F1FE00205B
:109F3000FBF7EEFE9020FBF7EBFE0020FBF7E8FEC0
:109F4000EB20FBF7E5FE0020FBF7E2FEDC20FBF751
:109F5000DFFE0020FBF7DCFEB820FBF7E5FE00206B
:109F6000FBF7D6FE0020FBF7D3FE0020FBF7D0FE68
:109F70000020FBF7CDFE0020FBF7CAFE0020FBF718
:109F8000C7FE0020FBF7C4FE0020FBF7C1FEBA208D
:109F9000FBF7CAFE2420FBF7BBFE0020FBF7B8FE50
:109FA0000020FBF7B5FE0020FBF7B2FEC120FBF757
:109FB000BBFE2020FBF7ACFE0020FBF7A9FE5420DF
:109FC000FBF7A6FE0020FBF7A3FEFF20FBF7A0FE99
:109FD0000020FBF79DFEC220FBF7A6FE0A20FBF740
:109FE00097FE0020FBF794FE0420FBF791FE002073
:109FF000FBF78EFEC320FBF797FE3C20FBF788FEA5
:10A000000020FBF785FE3A20FBF782FE0020FBF7DD
:10A010007FFE3920FBF77CFE0020FBF779FE37201E
:10A02000FBF776FE0020FBF773FE3C20FBF770FE8B
:10A030000020FBF76DFE3620FBF76AFE0020FBF7E1
:10A0400067FE3220FBF764FE0020FBF761FE2F2045
:10A05000FBF75EFE0020FBF75BFE2C20FBF758FEB3
:10A060000020FBF755FE2920FBF752FE0020FBF7EE
:10A070004FFE2620FBF74CFE0020FBF749FE242074
:10A08000FBF746FE0020FBF743FE2420FBF740FED3
:10A090000020FBF73DFE2320FBF73AFE0020FBF7F4
:10A0A00037FE3C20FBF734FE0020FBF731FE362064
:10A0B000FBF72EFE0020FBF72BFE3220FBF728FEDD
:10A0C0000020FBF725FE2F20FBF722FE0020FBF7E8
:10A0D0001FFE2C20FBF71CFE0020FBF719FE292099
:10A0E000FBF716FE0020FBF713FE2620FBF710FE01
:10A0F0000020FBF70DFE2420FBF70AFE0020FBF7F3
:10A1000007FE2420FBF704FE0020FBF701FE2320BE
:10A11000FBF7FEFD0020FBF7FBFDC420FBF704FE70
:10A120006220FBF7F5FD0020FBF7F2FD0520FBF7B1
:10A13000EFFD0020FBF7ECFD8420FBF7E9FD00209C
:10A14000FBF7E6FDF020FBF7E3FD0020FBF7E0FD69
:10A150001820FBF7DDFD0020FBF7DAFDA420FBF75C
:10A16000D7FD0020FBF7D4FD1820FBF7D1FD002020
:10A17000FBF7CEFD5020FBF7CBFD0020FBF7C8FD21
:10A180000C20FBF7C5FD0020FBF7C2FD1720FBF7F5
:10A19000BFFD0020FBF7BCFD9520FBF7B9FD0020BB
:10A1A000FBF7B6FDF320FBF7B3FD0020FBF7B0FD96
:10A1B000E620FBF7ADFD0020FBF7AAFDC520FBF76D
:10A1C000B3FD3220FBF7A4FD0020FBF7A1FD4420E6
:10A1D000FBF79EFD0020FBF79BFD6520FBF798FD3C
:10A1E0000020FBF795FD7620FBF792FD0020FBF7A2
:10A1F0008FFD8820FBF78CFD0020FBF789FDC62032
:10A20000FBF792FD2020FBF783FD0020FBF780FD8C
:10A210001720FBF77DFD0020FBF77AFD0120FBF7FF
:10A2200077FD0020FBF774FDC720FBF77DFD0020C4
:10A23000FBF76EFD0020FBF76BFD0020FBF768FDD0
:10A240000020FBF765FDC820FBF76EFD0020FBF743
:10A250005FFD0020FBF75CFD0020FBF759FD0020AF
:10A26000FBF756FDC920FBF75FFD0020FBF750FD13
:10A270000020FBF74DFD0020FBF74AFD0020FBF717
:10A2800047FD0020FBF744FD0020FBF741FD0020C7
:10A29000FBF73EFD0020FBF73BFD0020FBF738FD00
:10A2A0000020FBF735FD0020FBF732FD0020FBF717
:10A2B0002FFD0020FBF72CFD0020FBF729FD0020DF
:10A2C000FBF726FD0020FBF723FDE020FBF72CFD2C
:10A2D0001620FBF71DFD0020FBF71AFD1C20FBF7E5
:10A2E00017FD0020FBF714FD2120FBF711FD0020D6
:10A2F000FBF70EFD3620FBF70BFD0020FBF708FDFA
:10A300004620FBF705FD0020FBF702FD5220FBF77E
:10A31000FFFC0020FBF7FCFC6420FBF7F9FC0020AD
:10A32000FBF7F6FC7A20FBF7F3FC0020FBF7F0FCD0
:10A330008B20FBF7EDFC0020FBF7EAFC9920FBF7F4
:10A34000E7FC0020FBF7E4FCA820FBF7E1FC002081
:10A35000FBF7DEFCB920FBF7DBFC0020FBF7D8FCA9
:10A36000C420FBF7D5FC0020FBF7D2FCCA20FBF78A
:10A37000CFFC0020FBF7CCFCD220FBF7C9FC00206F
:10A38000FBF7C6FCD920FBF7C3FC0020FBF7C0FCA1
:10A39000E020FBF7BDFC0020FBF7BAFCF320FBF745
:10A3A000B7FC0020FBF7B4FCE120FBF7BDFC162056
:10A3B000FBF7AEFC0020FBF7ABFC1C20FBF7A8FC76
:10A3C0000020FBF7A5FC2220FBF7A2FC0020FBF7F6
:10A3D0009FFC3620FBF79CFC0020FBF799FC4520F6
:10A3E000FBF796FC0020FBF793FC5220FBF790FC58
:10A3F0000020FBF78DFC6420FBF78AFC0020FBF7B4
:10A4000087FC7A20FBF784FC0020FBF781FC8B2083
:10A41000FBF77EFC0020FBF77BFC9920FBF778FC28
:10A420000020FBF775FCA820FBF772FC0020FBF76F
:10A430006FFCB920FBF76CFC0020FBF769FCC42023
:10A44000FBF766FC0020FBF763FCCA20FBF760FC0F
:10A450000020FBF75DFCD220FBF75AFC0020FBF745
:10A4600057FCD820FBF754FC0020FBF751FCE02000
:10A47000FBF74EFC0020FBF74BFCF320FBF748FCFE
:10A480000020FBF745FCE220FBF74EFC0520FBF724
:10A490003FFC0020FBF73CFC0B20FBF739FC0020C5
:10A4A000FBF736FC1B20FBF733FC0020FBF730FCEE
:10A4B0003420FBF72DFC0020FBF72AFC4420FBF79F
:10A4C00027FC0020FBF724FC4F20FBF721FC002099
:10A4D000FBF71EFC6120FBF71BFC0020FBF718FCC0
:10A4E0007920FBF715FC0020FBF712FC8820FBF716
:10A4F0000FFC0020FBF70CFC9720FBF709FC002069
:10A50000FBF706FCA620FBF703FC0020FBF700FC92
:10A51000B720FBF7FDFB0020FBF7FAFBC220FBF79F
:10A52000F7FB0020FBF7F4FBC720FBF7F1FB002053
:10A53000FBF7EEFBD120FBF7EBFB0020FBF7E8FB82
:10A54000D620FBF7E5FB0020FBF7E2FBDD20FBF765
:10A55000DFFB0020FBF7DCFBF320FBF7D9FB00203F
:10A56000FBF7D6FBE320FBF7DFFB0520FBF7D0FB77
:10A570000020FBF7CDFB0A20FBF7CAFB0020FBF70E
:10A58000C7FB1C20FBF7C4FB0020FBF7C1FB3320FB
:10A59000FBF7BEFB0020FBF7BBFB4420FBF7B8FB3F
:10A5A0000020FBF7B5FB5020FBF7B2FB0020FBF7C8
:10A5B000AFFB6220FBF7ACFB0020FBF7A9FB782088
:10A5C000FBF7A6FB0020FBF7A3FB8820FBF7A0FB13
:10A5D0000020FBF79DFB9720FBF79AFB0020FBF781
:10A5E00097FBA620FBF794FB0020FBF791FBB7201D
:10A5F000FBF78EFB0020FBF78BFBC220FBF788FBF1
:10A600000020FBF785FBC720FBF782FB0020FBF750
:10A610007FFBD120FBF77CFB0020FBF779FBD520EB
:10A62000FBF776FB0020FBF773FBDD20FBF770FBED
:10A630000020FBF76DFBF320FBF76AFB0020FBF724
:10A6400067FBE420FBF770FB0120FBF761FB0020B8
:10A65000FBF75EFB0120FBF75BFB0020FBF758FBE1
:10A660000220FBF755FB0020FBF752FB2A20FBF7EB
:10A670004FFB0020FBF74CFB3C20FBF749FB002085
:10A68000FBF746FB4B20FBF743FB0020FBF740FBAF
:10A690005D20FBF73DFB0020FBF73AFB7420FBF746
:10A6A00037FB0020FBF734FB8420FBF731FB002055
:10A6B000FBF72EFB9320FBF72BFB0020FBF728FB7F
:10A6C000A220FBF725FB0020FBF722FBB320FBF7C2
:10A6D0001FFB0020FBF71CFBBE20FBF719FB002033
:10A6E000FBF716FBC420FBF713FB0020FBF710FB66
:10A6F000CD20FBF70DFB0020FBF70AFBD320FBF777
:10A7000007FB0020FBF704FBDD20FBF701FB00202B
:10A71000FBF7FEFAF320FBF7FBFA0020FBF7F8FA51
:10A72000E520FBF701FB0020FBF7F2FA0020FBF726
:10A73000EFFA0020FBF7ECFA0020FBF7E9FA022021
:10A74000FBF7E6FA0020FBF7E3FA2920FBF7E0FA33
:10A750000020FBF7DDFA3C20FBF7DAFA0020FBF7DC
:10A76000D7FA4B20FBF7D4FA0020FBF7D1FA5D2093
:10A77000FBF7CEFA0020FBF7CBFA7420FBF7C8FA00
:10A780000020FBF7C5FA8420FBF7C2FA0020FBF794
:10A79000BFFA9320FBF7BCFA0020FBF7B9FAA2201E
:10A7A000FBF7B6FA0020FBF7B3FAB320FBF7B0FAD9
:10A7B0000020FBF7ADFABE20FBF7AAFA0020FBF75A
:10A7C000A7FAC420FBF7A4FA0020FBF7A1FACD20DA
:10A7D000FBF79EFA0020FBF79BFAD320FBF798FAD1
:10A7E0000020FBF795FADC20FBF792FA0020FBF73C
:10A7F0008FFAF320FBF78CFA0020FBF789FAE620AA
:10A80000FBF792FA1120FBF783FA0020FBF780FA9E
:10A810003420FBF77DFA0020FBF77AFA5620FBF78D
:10A8200077FA0020FBF774FA7620FBF771FA002024
:10A83000FBF76EFA7720FBF76BFA0020FBF768FA5C
:10A840006620FBF765FA0020FBF762FA8820FBF729
:10A850005FFA0020FBF75CFA9920FBF759FA002019
:10A86000FBF756FABB20FBF753FA0020FBF750FA30
:10A870009920FBF74DFA0020FBF74AFA6620FBF718
:10A8800047FA0020FBF744FA5520FBF741FA002075
:10A89000FBF73EFA5520FBF73BFA0020FBF738FAAE
:10A8A0004520FBF735FA0020FBF732FA4320FBF78F
:10A8B0002FFA0020FBF72CFA4420FBF729FA00209E
:10A8C000FBF726FAE720FBF72FFA3220FBF720FAF6
:10A8D0000020FBF71DFA5520FBF71AFA0020FBF7C2
:10A8E00017FA7620FBF714FA0020FBF711FA66201E
:10A8F000FBF70EFA0020FBF70BFA6720FBF708FACC
:10A900000020FBF705FA6720FBF702FA0020FBF7AF
:10A91000FFF98720FBF7FCF90020FBF7F9F99920F4
:10A92000FBF7F6F90020FBF7F3F9BB20FBF7F0F992
:10A930000020FBF7EDF99920FBF7EAF90020FBF77F
:10A94000E7F97720FBF7E4F90020FBF7E1F9442071
:10A95000FBF7DEF90020FBF7DBF95620FBF7D8F90F
:10A960000020FBF7D5F92320FBF7D2F90020FBF7F5
:10A97000CFF93320FBF7CCF90020FBF7C9F94520CC
:10A98000FBF7C6F90020FBF7C3F9E820FBF7CCF989
:10A990000020FBF7BDF90020FBF7BAF99920FBF77F
:10A9A000B7F90020FBF7B4F98720FBF7B1F90020D5
:10A9B000FBF7AEF98820FBF7ABF90020FBF7A8F90D
:10A9C0007720FBF7A5F90020FBF7A2F96620FBF73B
:10A9D0009FF90020FBF79CF98820FBF799F90020EC
:10A9E000FBF796F9AA20FBF793F90020FBF790F903
:10A9F000BB20FBF78DF90020FBF78AF99920FBF7C4
:10AA000087F90020FBF784F96620FBF781F9002025
:10AA1000FBF77EF95520FBF77BF90020FBF778F96F
:10AA20005520FBF775F90020FBF772F94420FBF77E
:10AA30006FF90020FBF76CF94420FBF769F900205F
:10AA4000FBF766F95520FBF763F90020FBF760F987
:10AA5000E920FBF769F9AA20FBF75AF90020FBF778
:10AA600057F90020FBF754F90020FBF751F90020BB
:10AA7000FBF75AF9AA20FBF74BF9CF20FBF754F963
:10AA80000020FBF745F90020FBF742F90020FBF717
:10AA90003FF90020FBF73CF90020FBF739F90020D3
:10AAA000FBF736F90020FBF733F90020FBF730F90C
:10AAB0000020FBF72DF90020FBF72AF90020FBF717
:10AAC00027F90020FBF724F90020FBF721F90020EB
:10AAD000FBF71EF90020FBF71BF90020FBF718F924
:10AAE0000020FBF715F9F020FBF71EF90020FBF71B
:10AAF0000FF95020FBF70CF90020FBF709F90020B3
:10AB0000FBF706F90020FBF703F9F320FBF70CF93C
:10AB10000020FBF7FDF8F920FBF706F90620FBF70C
:10AB2000F7F81020FBF7F4F82920FBF7F1F80020E4
:10AB3000FBF7EEF83A20FBF7F7F85520FBF7E8F8BB
:10AB40001120FBF7F1F8642009F0F8FB2920FBF74E
:10AB5000EBF83520FBF7E8F80020FBF7D9F8512097
:10AB6000FBF7E2F8FF20FBF7D3F85320FBF7DCF804
:10AB70002C20FBF7CDF85520FBF7D6F88220FBF709
:10AB8000C7F82C20FBF7D0F802F028B8FE488088E0
:10AB900045F2105188427DD155214FF47040FBF7AA
:10ABA000D9F8AA214FF20100FBF7D4F852214FF255
:10ABB0000200FBF7CFF808214FF20300FBF7CAF8B9
:10ABC00001214FF20400FBF7C5F80D214FF430408E
:10ABD000FBF7C0F80D214BF20100FBF7BBF80D218C
:10ABE0004BF20200FBF7B6F834214FF43640FBF786
:10ABF000B1F834214BF20160FBF7ACF834214BF291
:10AC00000260FBF7A7F80D214FF43140FBF7A2F8E3
:10AC10000D214BF20110FBF79DF80D214BF20210B4
:10AC2000FBF798F834214FF43740FBF793F83421C1
:10AC30004BF20170FBF78EF834214BF20270FBF7F8
:10AC400089F800214FF43240FBF784F800214BF2E1
:10AC50000120FBF77FF800214BF20220FBF77AF886
:10AC600024214FF43840FBF775F824214BF60100FE
:10AC7000FBF770F824214BF60200FBF76BF801217B
:10AC80004FF43F40FBF766F80F214FF43340FBF7DA
:10AC900061F800E0FDE30F214BF20130FBF75AF8B9
:10ACA0000F214BF20230FBF755F834214FF43940B5
:10ACB000FBF750F834214BF60110FBF74BF8342129
:10ACC0004BF60210FBF746F808214FF43540FBF72E
:10ACD00041F808214BF20150FBF73CF808214BF2F8
:10ACE0000250FBF737F803214FF44240FBF732F8EC
:10ACF00024214FF43A40FBF72DF824214BF6012094
:10AD0000FBF728F824214BF60220FBF723F800215B
:10AD10004FF43C40FBF71EF878214BF60140FBF75F
:10AD200019F800214BF60240FBF714F800214FF40C
:10AD30003D40FBF70FF878214BF60150FBF70AF87E
:10AD400000214BF60250FBF705F800214FF43E407E
:10AD5000FBF700F864214BF60160FAF7FBFF0021D6
:10AD60004FF45140FAF7F6FF33214DF20110FAF794
:10AD7000F1FF00214DF20210FAF7ECFF34214DF201
:10AD80000310FAF7E7FF00214DF20410FAF7E2FF93
:10AD90003A214DF20510FAF7DDFF00214DF20610C1
:10ADA000FAF7D8FF4A214DF20710FAF7D3FF002136
:10ADB0004DF20810FAF7CEFF5C214DF20910FAF7B8
:10ADC000C9FF00214DF20A10FAF7C4FF81214DF2AC
:10ADD0000B10FAF7BFFF00214DF20C10FAF7BAFF83
:10ADE000A6214DF20D10FAF7B5FF00214DF20E101D
:10ADF000FAF7B0FFE5214DF20F10FAF7ABFF012192
:10AE00004DF21010FAF7A6FF13214DF21110FAF7C8
:10AE1000A1FF01214DF21210FAF79CFF54214DF2CF
:10AE20001310FAF797FF01214DF21410FAF792FF71
:10AE300082214DF21510FAF78DFF01214DF2161007
:10AE4000FAF788FFCA214DF21710FAF783FF0221A3
:10AE50004DF21810FAF77EFF00214DF21910FAF7A3
:10AE600079FF02214DF21A10FAF774FF01214DF219
:10AE70001B10FAF76FFF02214DF21C10FAF76AFF60
:10AE800034214DF21D10FAF765FF02214DF21E101C
:10AE9000FAF760FF67214DF21F10FAF75BFF0221FE
:10AEA0004DF22010FAF756FF84214DF22110FAF7E7
:10AEB00051FF02214DF22210FAF74CFFA4214DF26E
:10AEC0002310FAF747FF02214DF22410FAF742FF50
:10AED000B7214DF22510FAF73DFF02214DF2261061
:10AEE000FAF738FFCF214DF22710FAF733FF02218E
:10AEF0004DF22810FAF72EFFDE214DF22910FAF755
:10AF000029FF02214DF22A10FAF724FFF2214DF217
:10AF10002B10FAF71FFF02214DF22C10FAF71AFF3F
:10AF2000FE214DF22D10FAF715FF03214DF22E10E0
:10AF3000FAF710FF10214DF22F10FAF70BFF032143
:10AF40004DF23010FAF706FF33214DF23110FAF7C7
:10AF500001FF03214DF23210FAF7FCFE6D214DF294
:10AF60003310FAF7F7FE00214FF45240FAF7F2FEE1
:10AF700033214DF20120FAF7EDFE00214DF20220BF
:10AF8000FAF7E8FE342101E0182900204DF20320F1
:10AF9000FAF7E0FE00214DF20420FAF7DBFE3A2139
:10AFA0004DF20520FAF7D6FE00214DF20620FAF701
:10AFB000D1FE4A214DF20720FAF7CCFE00214DF2D6
:10AFC0000820FAF7C7FE5C214DF20920FAF7C2FE0D
:10AFD00000214DF20A20FAF7BDFE81214DF20B202F
:10AFE000FAF7B8FE00214DF20C20FAF7B3FEA621C5
:10AFF0004DF20D20FAF7AEFE00214DF20E20FAF7C9
:10B00000A9FEE5214DF20F20FAF7A4FE01214DF231
:10B010001020FAF79FFE13214DF21120FAF79AFE45
:10B0200001214DF21220FAF795FE54214DF2132022
:10B03000FAF790FE01214DF21420FAF78BFE8221DF
:10B040004DF21520FAF786FE01214DF21620FAF78F
:10B0500081FECA214DF21720FAF77CFE02214DF243
:10B060001820FAF777FE00214DF21920FAF772FE48
:10B0700002214DF21A20FAF76DFE01214DF21B203C
:10B08000FAF768FE02214DF21C20FAF763FE342124
:10B090004DF21D20FAF75EFE02214DF21E20FAF756
:10B0A00059FE67214DF21F20FAF754FE02214DF29E
:10B0B0002020FAF74FFE84214DF22120FAF74AFEB4
:10B0C00002214DF22220FAF745FEA4214DF2232061
:10B0D000FAF740FE02214DF22420FAF73BFEB72199
:10B0E0004DF22520FAF736FE02214DF22620FAF71E
:10B0F00031FECF214DF22720FAF72CFE02214DF22E
:10B100002820FAF727FEDE214DF22920FAF722FE49
:10B1100002214DF22A20FAF71DFEF2214DF22B20DA
:10B12000FAF718FE02214DF22C20FAF713FEFE2149
:10B130004DF22D20FAF70EFE03214DF22E20FAF7E4
:10B1400009FE10214DF22F20FAF704FE03214DF2E3
:10B150003020FAF7FFFD33214DF23120FAF7FAFDE6
:10B1600003214DF23220FAF7F5FD6D214DF2332027
:10B17000FAF7F0FD00214FF45340FAF7EBFD3321CD
:10B180004DF20130FAF7E6FD00214DF20230FAF7F8
:10B19000E1FD34214DF20330FAF7DCFD00214DF2E0
:10B1A0000430FAF7D7FD3A214DF20530FAF7D2FD17
:10B1B00000214DF20630FAF7CDFD4A214DF207305D
:10B1C000FAF7C8FD00214DF20830FAF7C3FD5C2103
:10B1D0004DF20930FAF7BEFD00214DF20A30FAF7C0
:10B1E000B9FD81214DF20B30FAF7B4FD00214DF28B
:10B1F0000C30FAF7AFFDA6214DF20D30FAF7AAFD9B
:10B2000000214DF20E30FAF7A5FDE5214DF20F3089
:10B21000FAF7A0FD01214DF21030FAF79BFD132142
:10B220004DF21130FAF796FD01214DF21230FAF786
:10B2300091FD54214DF21330FAF78CFD01214DF2AE
:10B240001430FAF787FD82214DF21530FAF782FDAE
:10B2500001214DF21630FAF77DFDCA214DF217306B
:10B26000FAF778FD02214DF21830FAF773FD00214C
:10B270004DF21930FAF76EFD02214DF21A30FAF74D
:10B2800069FD01214DF21B30FAF764FD02214DF2F8
:10B290001C30FAF75FFD34214DF21D30FAF75AFDEC
:10B2A00002214DF21E30FAF755FD67214DF21F3095
:10B2B000FAF750FD02214DF22030FAF74BFD8421C0
:10B2C0004DF22130FAF746FD02214DF22230FAF715
:10B2D00041FDA4214DF22330FAF73CFD02214DF24D
:10B2E0002430FAF737FDB7214DF22530FAF732FD59
:10B2F00002214DF22630FAF72DFDCF214DF22730F5
:10B30000FAF728FD02214DF22830FAF723FDDE215D
:10B310004DF22930FAF71EFD02214DF22A30FAF7DC
:10B3200019FDF2214DF22B30FAF714FD02214DF2F6
:10B330002C30FAF70FFDFE214DF22D30FAF70AFD01
:10B3400003214DF22E30FAF705FD10214DF22F307A
:10B35000FAF700FD03214DF23030FAF7FBFC332100
:10B360004DF23130FAF7F6FC03214DF23230FAF7A4
:10B37000F1FC6D214DF23330FAF7ECFC00214FF473
:10B380005440FAF7E7FC33214DF20140FAF7E2FCB2
:10B3900000214DF20240FAF7DDFC34214DF203406A
:10B3A000FAF7D8FC00214DF20440FAF7D3FC3A2119
:10B3B0004DF20540FAF7CEFC00214DF20640FAF7B7
:10B3C000C9FC4A214DF20740FAF7C4FC00214DF2B6
:10B3D0000840FAF7BFFC5C214DF20940FAF7BAFCCD
:10B3E00000214DF20A40FAF7B5FC81214DF20B40E5
:10B3F000FAF7B0FC00214DF20C40FAF7ABFCA621A5
:10B400004DF20D40FAF7A6FC00214DF20E40FAF77E
:10B41000A1FCE5214DF20F40FAF79CFC01214DF211
:10B420001040FAF797FC13214DF21140FAF792FC05
:10B4300001214DF21240FAF78DFC54214DF21340D8
:10B44000FAF788FC01214DF21440FAF783FC8221BF
:10B450004DF21540FAF77EFC01214DF21640FAF745
:10B4600079FCCA214DF21740FAF774FC02214DF223
:10B470001840FAF76FFC00214DF21940FAF76AFC08
:10B4800002214DF21A40FAF765FC01214DF21B40F2
:10B4900000E006E3FAF75EFC02214DF21C40FAF7E9
:10B4A00059FC34214DF21D40FAF754FC02214DF2B3
:10B4B0001E40FAF74FFC67214DF21F40FAF74AFC95
:10B4C00002214DF22040FAF745FC84214DF2214043
:10B4D000FAF740FC02214DF22240FAF73BFCA4218E
:10B4E0004DF22340FAF736FC02214DF22440FAF7E0
:10B4F00031FCB7214DF22540FAF72CFC02214DF228
:10B500002640FAF727FCCF214DF22740FAF722FC1C
:10B5100002214DF22840FAF71DFCDE214DF22940B0
:10B52000FAF718FC02214DF22A40FAF713FCF22137
:10B530004DF22B40FAF70EFC02214DF22C40FAF7A7
:10B5400009FCFE214DF22D40FAF704FC03214DF2D7
:10B550002E40FAF7FFFB10214DF22F40FAF7FAFBCD
:10B5600003214DF23040FAF7F5FB33214DF2314023
:10B57000FAF7F0FB03214DF23240FAF7EBFB6D21B5
:10B580004DF23340FAF7E6FB00214FF45540FAF74D
:10B59000E1FB33214DF20150FAF7DCFB00214DF2C3
:10B5A0000250FAF7D7FB34214DF20350FAF7D2FBE1
:10B5B00000214DF20450FAF7CDFB3A214DF205502F
:10B5C000FAF7C8FB00214DF20650FAF7C3FB4A21F7
:10B5D0004DF20750FAF7BEFB00214DF20850FAF782
:10B5E000B9FB5C214DF20950FAF7B4FB00214DF292
:10B5F0000A50FAF7AFFB81214DF20B50FAF7AAFB84
:10B6000000214DF20C50FAF7A5FBA6214DF20D508A
:10B61000FAF7A0FB00214DF20E50FAF79BFBE52153
:10B620004DF20F50FAF796FB01214DF21050FAF748
:10B6300091FB13214DF21150FAF78CFB01214DF2D1
:10B640001250FAF787FB54214DF21350FAF782FBA0
:10B6500001214DF21450FAF77DFB82214DF2155075
:10B66000FAF778FB01214DF21650FAF773FBCA2165
:10B670004DF21750FAF76EFB02214DF21850FAF70F
:10B6800069FB00214DF21950FAF764FB02214DF2DB
:10B690001A50FAF75FFB01214DF21B50FAF75AFBE3
:10B6A00002214DF21C50FAF755FB34214DF21D508A
:10B6B000FAF750FB02214DF21E50FAF74BFB6721BF
:10B6C0004DF21F50FAF746FB02214DF22050FAF7D7
:10B6D00041FB84214DF22150FAF73CFB02214DF24F
:10B6E0002250FAF737FBA4214DF22350FAF732FB30
:10B6F00002214DF22450FAF72DFBB7214DF22550CF
:10B70000FAF728FB02214DF22650FAF723FBCF214E
:10B710004DF22750FAF71EFB02214DF22850FAF79E
:10B7200019FBDE214DF22950FAF714FB02214DF2EC
:10B730002A50FAF70FFBF2214DF22B50FAF70AFBD1
:10B7400002214DF22C50FAF705FBFE214DF22D504F
:10B75000FAF700FB03214DF22E50FAF7FBFA102105
:10B760004DF22F50FAF7F6FA03214DF23050FAF766
:10B77000F1FA33214DF23150FAF7ECFA03214DF290
:10B780003250FAF7E7FA6D214DF23350FAF7E2FA48
:10B7900000214FF45640FAF7DDFA33214DF20160F3
:10B7A000FAF7D8FA00214DF20260FAF7D3FA342101
:10B7B0004DF20360FAF7CEFA00214DF20460FAF779
:10B7C000C9FA3A214DF20560FAF7C4FA00214DF2A8
:10B7D0000660FAF7BFFA4A214DF20760FAF7BAFAA3
:10B7E00000214DF20860FAF7B5FA5C214DF20960CC
:10B7F000FAF7B0FA00214DF20A60FAF7ABFA8121AC
:10B800004DF20B60FAF7A6FA00214DF20C60FAF740
:10B81000A1FAA6214DF20D60FAF79CFA00214DF233
:10B820000E60FAF797FAE5214DF20F60FAF792FAF7
:10B8300001214DF21060FAF78DFA13214DF21160DB
:10B84000FAF788FA01214DF21260FAF783FA5421CF
:10B850004DF21360FAF77EFA01214DF21460FAF707
:10B8600079FA82214DF21560FAF774FA01214DF24E
:10B870001660FAF76FFACA214DF21760FAF76AFA02
:10B8800002214DF21860FAF765FA00214DF21960B5
:10B89000FAF760FA02214DF21A60FAF75BFA012119
:10B8A0004DF21B60FAF756FA02214DF21C60FAF7CE
:10B8B00051FA34214DF21D60FAF74CFA02214DF293
:10B8C0001E60FAF747FA67214DF21F60FAF742FA55
:10B8D00002214DF22060FAF73DFA84214DF22160F9
:10B8E000FAF738FA02214DF22260FAF733FAA4216E
:10B8F0004DF22360FAF72EFA02214DF22460FAF796
:10B9000029FAB7214DF22560FAF724FA02214DF207
:10B910002660FAF71FFACF214DF22760FAF71AFADC
:10B9200002214DF22860FAF715FADE214DF2296066
:10B93000FAF710FA02214DF22A60FAF70BFAF22117
:10B940004DF22B60FAF706FA02214DF22C60FAF75D
:10B9500001FAFE214DF22D60FAF7FCF903214DF2B8
:10B960002E60FAF7F7F910214DF22F60FAF7F2F98D
:10B9700003214DF23060FAF7EDF933214DF23160D9
:10B98000FAF7E8F903214DF23260FAF7E3F96D2195
:10B990004DF23360FAF7DEF955214FF47040FAF7B3
:10B9A000D9F9AA214FF20100FAF7D4F952214FF246
:10B9B0000200FAF7CFF908214FF20300FAF7CAF9AB
:10B9C00000214FF20400FAF7C5F9CC214FF43140C1
:10B9D000FAF7C0F900214BF20110FAF7BBF9052183
:10B9E0004FF43640FAF7B6F970214FF43740FAF7C2
:10B9F000B1F970214BF20170FAF7ACF901214FF463
:10BA00003840FAF7A7F903214BF60100FAF7A2F93B
:10BA100003214BF60200FAF79DF903214BF60300D0
:10BA2000FAF798F902214FF43C40FAF793F9002114
:10BA30004BF60140FAF78EF900214BF60240FAF777
:10BA400089F9D0214FF44940FAF784F902214CF6E4
:10BA50000110FAF77FF950214CF60210FAF77AF943
:10BA600050214CF60310FAF775F950214CF60410EA
:10BA7000FAF770F900214FF45450FAF76BF9552199
:10BA80004FF46850FAF766F94FF48850FAF74CF91A
:10BA9000782008F07BFC4FF42450FAF745F901F0C8
:10BAA0009DB8FE48808849F2253188427ED147F60C
:10BAB000F001E520FAF74EF94FF480710120FAF712
:10BAC00049F94FF4E0610220FAF744F941F23001FC
:10BAD0000320FAF73FF900210420FAF73BF940F27E
:10BAE00002210820FAF736F900210920FAF732F985
:10BAF00000210A20FAF72EF900210C20FAF72AF982
:10BB000000210D20FAF726F900210F20FAF722F97B
:10BB100000211020FAF71EF907211120FAF71AF96F
:10BB200000211220FAF716F900211320FAF712F972
:10BB300000210720FAF70EF941F290611020FAF780
:10BB400009F940F227211120FAF704F99D2112206A
:10BB5000FAF700F94FF4C8511320FAF7FBF8252142
:10BB60002920FAF7F7F80D212B20FAF7F3F807212F
:10BB70003020FAF7EFF840F203313120FAF7EAF813
:10BB800003213220FAF7E6F840F206213520FAF7D1
:10BB9000E1F808213620FAF7DDF840F206413720B7
:10BBA000FAF7D8F84FF44171382000E057E0FAF77F
:10BBB000D1F807213920FAF7CDF840F202613C2094
:10BBC000FAF7C8F808213D20FAF7C4F80021502000
:10BBD000FAF7C0F8EF215120FAF7BCF80021522003
:10BBE000FAF7B8F840F23F115320FAF7B3F84FF4E0
:10BBF00027416020FAF7AEF801216120FAF7AAF890
:10BC000000216A20FAF7A6F800218020FAF7A2F8AE
:10BC100000218120FAF79EF800218220FAF79AF895
:10BC200000218320FAF796F800218420FAF792F891
:10BC300000218520FAF78EF810219020FAF78AF873
:10BC40004FF4C0619220FAF785F840F233110720D3
:10BC5000FAF780F822210020FAF77CF81FE78F48D6
:10BC6000808849F2283188427ED141F28F01EC2050
:10BC7000FAF770F841F23421EF20FAF76BF84FF43D
:10BC800080710120FAF766F84FF4E0610220FAF7BC
:10BC900061F841F230010320FAF75CF8002104203A
:10BCA000FAF758F840F202210820FAF753F8002179
:10BCB0000920FAF74FF800210A20FAF74BF8012182
:10BCC0000C20FAF747F800210D20FAF743F800217D
:10BCD0000F20FAF73FF800211020FAF73BF8072170
:10BCE0001120FAF737F800211220FAF733F8002173
:10BCF0001320FAF72FF801210720FAF72BF832204A
:10BD000008F01CFB41F290411020FAF723F840F2B2
:10BD100027211120FAF71EF8322008F00FFB8A21A4
:10BD20001220FAF717F8322008F008FB4FF4D05130
:10BD30001320FAF70FF806212920FAF70BF80D2146
:10BD40002B20FAF707F8322008F0F8FA002120201B
:10BD5000FAF700F800212120F9F7FCFF322008F063
:10BD6000EDFA0021302000E074E0F9F7F3FF40F233
:10BD700004613120F9F7EEFF40F205313220F9F786
:10BD8000E9FF00213520F9F7E5FF40F609413620AB
:10BD9000F9F7E0FF4FF401713720F9F7DBFF40F2CC
:10BDA00001313820F9F7D6FF40F207713920F9F751
:10BDB000D1FF00213C20F9F7CDFF40F60A213D20BC
:10BDC000F9F7C8FF322008F0B9FA00215020F9F73E
:10BDD000C1FFEF215120F9F7BDFF00215220F9F7F3
:10BDE000B9FF40F23F115320F9F7B4FF4FF4274158
:10BDF0006020F9F7AFFF01216120F9F7ABFF0021C7
:10BE00006A20F9F7A7FF00218020F9F7A3FF00219E
:10BE10008120F9F79FFF00218220F9F79BFF002185
:10BE20008320F9F797FF00218420F9F793FF002181
:10BE30008520F9F78FFF10219020F9F78BFF4FF441
:10BE4000C0619220F9F786FF40F233110720F9F71D
:10BE500081FF24E61148808849F2203188427DD153
:10BE600000210846F9F776FF4FF480710120F9F7B9
:10BE700071FF4FF4E0610220F9F76CFF41F23001ED
:10BE80000320F9F767FF00210420F9F763FF40F270
:10BE900002210820F9F75EFF002101E018290020A7
:10BEA0000920F9F757FF00210A20F9F753FF012174
:10BEB0000C20F9F74FFF00210D20F9F74BFF00216F
:10BEC0000F20F9F747FF322008F038FA40F201114D
:10BED0000720F9F73FFF322008F030FA4FF486517F
:10BEE0001020F9F737FF07211120F9F733FF4FF43E
:10BEF00088711220F9F72EFF4FF430611320F9F703
:10BF000029FF00212920F9F725FF44F210012B20F9
:10BF1000F9F720FF00215020F9F71CFFEF215120F5
:10BF2000F9F718FF00215220F9F714FF40F23F11F2
:10BF30005320F9F70FFF4FF41C516020F9F70AFF67
:10BF400001216120F9F706FF00216A20F9F702FFBD
:10BF500000218020F9F7FEFE002100E031E0812081
:10BF6000F9F7F8FE00218220F9F7F4FE0021832082
:10BF7000F9F7F0FE00218420F9F7ECFE002185207E
:10BF8000F9F7E8FE10219020F9F7E4FE0021922055
:10BF9000F9F7E0FE01219320F9F7DCFE4FF48871F8
:10BFA0009520F9F7D7FE00219720F9F7D3FE00215D
:10BFB0009820F9F7CFFE40F273110720F9F7CAFE77
:10BFC0006DE5FE48808849F2313188427DD141F2E9
:10BFD0001401E720F9F7BEFE4FF480710120F9F754
:10BFE000B9FE4FF400710220F9F7B4FE41F23801B6
:10BFF0000320F9F7AFFE40F202210820F9F7AAFE6C
:10C0000000210920F9F7A6FE00210A20F9F7A2FE77
:10C0100000210C20F9F79EFE00210D20F9F79AFE71
:10C0200000210F20F9F796FE00211020F9F792FE6B
:10C0300007211120F9F78EFE00211220F9F78AFE60
:10C0400000211320F9F786FEC82008F077F941F2A5
:10C0500090611020F9F77EFE40F227211120F9F7B8
:10C0600079FE322008F06AF90C211220F9F772FEED
:10C07000322008F063F94FF400611320F9F76AFEEB
:10C0800011212920F9F766FE0B212B20F9F762FE1A
:10C09000322008F053F900212020F9F75BFE40F22E
:10C0A0003F112120F9F756FE00213020F9F752FE0A
:10C0B0004FF483713120F9F74DFE00213220F9F75A
:10C0C00049FE4FF40171352000E064E0F9F742FECB
:10C0D00041F20A613620F9F73DFE40F20771372040
:10C0E000F9F738FE4FF483713820F9F733FE40F248
:10C0F00007713920F9F72EFE40F202413C20F9F792
:10C1000029FE40F60F413D20F9F724FE0021502082
:10C11000F9F720FEEF215120F9F71CFE00215220F3
:10C12000F9F718FE40F23F115320F9F713FE4FF4D0
:10C130001C516020F9F70EFE01216120F9F70AFE7B
:10C1400000216A20F9F706FE00218020F9F702FE9F
:10C1500000218120F9F7FEFD00218220F9F7FAFD88
:10C1600000218320F9F7F6FD00218420F9F7F2FD84
:10C1700000218520F9F7EEFD10219020F9F7EAFD66
:10C180004FF4C0619220F9F7E5FD40F2331107202A
:10C19000F9F7E0FD83E48948808845F20841884248
:10C1A0007ED14FF480710120F9F7D4FD4FF4E061A6
:10C1B0000220F9F7CFFD41F230010320F9F7CAFD63
:10C1C00000210420F9F7C6FD40F207210820F9F705
:10C1D000C1FD00210920F9F7BDFD00210A20F9F772
:10C1E000B9FD00210C20F9F7B5FD00210D20F9F76C
:10C1F000B1FD00210F20F9F7ADFD142008F09EF8E5
:10C2000041F2B0611020F9F7A5FD01211120F9F7E5
:10C21000A1FD01211720F9F79DFD4FF49C7112201B
:10C22000F9F798FD4FF400611320F9F793FD092108
:10C230002920F9F78FFD09212A20F9F78BFD00212C
:10C24000A420F9F787FD00215020F9F783FDEF21A5
:10C250005120F9F77FFD00215220F9F77BFD40F2D4
:10C260003F115320F9F776FD4FF41C516020F9F788
:10C2700071FD01216120F9F76DFD00216A20F9F7B8
:10C2800069FD00218020F9F765FD00218120F9F783
:10C2900061FD00218220F9F75DFD0021832000E08F
:10C2A00023E0F9F757FD00218420F9F753FD002121
:10C2B0008520F9F74FFD13219020F9F74BFD002160
:10C2C0009220F9F747FD03219320F9F743FD4FF43E
:10C2D00088719520F9F73EFD40F273110720F9F7B8
:10C2E00039FD322008F02AF8B8E43448808841F259
:10C2F000055188427ED100210720F9F72BFD32201D
:10C3000008F01CF84FF48E711220F9F723FD01217B
:10C31000A420F9F71FFD0F210820F9F71BFD0821C4
:10C320000A20F9F717FD08210D20F9F713FD40F257
:10C3300007713020F9F70EFD07213120F9F70AFDCA
:10C3400040F203613220F9F705FD4FF4E06133203C
:10C35000F9F700FD40F202213420F9F7FBFC02213D
:10C360003520F9F7F7FC41F60F713620F9F7F2FCAA
:10C3700040F207713720F9F7EDFC00213820F9F77A
:10C38000E9FC00213920F9F7E5FC40F207713A2079
:10C39000F9F7E0FC00213B20F9F7DCFC07213C2009
:10C3A000F9F7D8FC00213D20F9F7D4FC322007F042
:10C3B000C5FF01210720F9F7CDFC01E01829002075
:10C3C00001211720F9F7C6FC322007F0B7FF4FF420
:10C3D000BD511020F9F7BEFC40F217211120F9F7EA
:10C3E000B9FC4FF48F711220F9F7B4FC4FF470616F
:10C3F000132000E097E0F9F7ADFC00212A20F9F7BF
:10C40000A9FC0A212920F9F7A5FC4FF49F711220FD
:10C41000F9F7A0FC00215020F9F79CFCEF215120F6
:10C42000F9F798FC00215220F9F794FC40F23F11F3
:10C430005320F9F78FFC4FF41C516020F9F78AFC68
:10C4400001216120F9F786FC00216A20F9F782FCBE
:10C4500000218020F9F77EFC00218120F9F77AFC89
:10C4600000218220F9F776FC00218320F9F772FC85
:10C4700000218420F9F76EFC00218520F9F76AFC81
:10C4800013219020F9F766FC4FF440719220F9F7E0
:10C4900061FC05219320F9F75DFC00219520F9F757
:10C4A00059FC00219720F9F755FC00219820F9F755
:10C4B00051FC4FF480710120F9F74CFC4FF4E0611E
:10C4C0000220F9F747FC41F238010320F9F742FC5A
:10C4D00000210420F9F73EFC00210C20F9F73AFC7A
:10C4E00000210F20F9F736FC00212020F9F732FC5B
:10C4F00000212120F9F72EFC21210720F9F72AFC41
:10C50000142007F01BFF61210720F9F723FC1420FA
:10C5100007F014FF40F273110720F9F71BFC1420F9
:10C5200007F00CFF5AE3FE4880884BF20551884221
:10C530007ED100210846F9F70DFC00210846F9F7E5
:10C5400009FC00210846F9F705FC00210846F9F727
:10C5500001FC0121A420F9F7FDFB142007F0EEFEF9
:10C560004FF41C516020F9F7F5FB40F2022108203E
:10C57000F9F7F0FB4FF405713020F9F7EBFB43F2CC
:10C5800015713120F9F7E6FB40F204613220F9F72A
:10C59000E1FB40F616613320F9F7DCFB42F2112192
:10C5A0003420F9F7D7FB4FF4A8513520F9F7D2FB27
:10C5B00048F207513620F9F7CDFB41F20741372009
:10C5C000F9F7C8FB41F203413820F9F7C3FB2021FA
:10C5D0003920F9F7BFFB1A219020F9F7BBFB0021A6
:10C5E0001020F9F7B7FB07211120F9F7B3FB002161
:10C5F0001220F9F7AFFB00211320F9F7ABFB142051
:10C6000007F09CFE4FF4E6611020F9F7A3FB40F21F
:10C6100037111120F9F79EFB142007F08FFE4FF41D
:10C62000DC711220F9F796FB142007F087FE00E07A
:10C6300083E04FF470611320F9F78CFB80212A20EE
:10C64000F9F788FB48212920F9F784FB142007F02B
:10C6500075FE4FF480710120F9F77CFB4FF4E06127
:10C660000220F9F777FB41F238010320F9F772FB5A
:10C6700040F202210820F9F76DFB00210A20F9F7AA
:10C6800069FB00210C20F9F765FB00210D20F9F76B
:10C6900061FB30210E20F9F75DFB00215020F9F7F6
:10C6A00059FBEF215120F9F755FB00215220F9F7F2
:10C6B00051FB40F23F115320F9F74CFB4FF41C5152
:10C6C0006020F9F747FB01216120F9F743FB0021C6
:10C6D0006A20F9F73FFB11219020F9F73BFB4FF45B
:10C6E000C0619220F9F736FB40F202419320F9F73E
:10C6F00031FB02219420F9F72DFB142007F01EFED8
:10C7000001210720F9F726FB142007F017FE61210D
:10C710000720F9F71FFB40F273110720F9F71AFB06
:10C7200000212020F9F716FB00212120F9F712FB48
:10C7300022210020F9F70EFB50E2794880884CF264
:10C74000055188427ED100210846F9F703FB0021FC
:10C750000846F9F7FFFA142007F0F0FD002108461B
:10C76000F9F7F8FA00210846F9F7F4FA002108462B
:10C77000F9F7F0FA00210846F9F7ECFA0121A420B4
:10C78000F9F7E8FA142007F0D9FD4FF41C516020A6
:10C79000F9F7E0FA40F606010820F9F7DBFA40F273
:10C7A00003713020F9F7D6FA01213120F9F7D2FAD6
:10C7B00004213220F9F7CEFA4FF481713320F9F7D2
:10C7C000C9FA4FF440713420F9F7C4FA40F203116A
:10C7D0003520F9F7BFFA1F213620F9F7BBFA40F2EE
:10C7E00003713720F9F7B6FA01213820F9F7B2FAC8
:10C7F00004213920F9F7AEFA15219020F9F7AAFAA9
:10C800004FF482611020F9F7A5FA40F24721112078
:10C81000F9F7A0FA4FF4DE711220F9F79BFA4FF402
:10C8200060611320F9F796FA782007F087FD4FF43E
:10C8300080710120F9F78EFA4FF400710220F9F7A8
:10C8400089FA00E050E041F230010320F9F782FA62
:10C8500008210A20F9F77EFA00210C20F9F77AFA6C
:10C8600020210E20F9F776FA00210F20F9F772FA4D
:10C8700000212020F9F76EFA00212120F9F76AFA49
:10C880003D212A20F9F766FA142007F057FD2D21E3
:10C890002920F9F75FFA00215020F9F75BFA4DF2F1
:10C8A000EF015120F9F756FA00215220F9F752FA18
:10C8B00040F23F115320F9F74DFA00216120F9F7BA
:10C8C00049FA00216A20F9F745FA4FF440719220A5
:10C8D000F9F740FA05219320F9F73CFA4FF48071FB
:10C8E0000720F9F737FA79E10D48808844F2315191
:10C8F00088427CD101210020F9F72CFA0A2007F0A8
:10C900001DFD41F228611020F9F724FA0E211220B2
:10C91000F9F720FA40F639211320F9F71BFA01E064
:10C92000182900200A2007F009FD40211120F9F7FD
:10C9300011FA50211520F9F70DFA0A2007F0FEFC34
:10C940001E211220F9F706FA0A2007F0F7FC4FF42F
:10C95000B1511020F9F7FEF942F639211320F9F709
:10C96000F9F90A2007F0EAFC4FF480710120F9F789
:10C97000F1F94FF440710220F9F7ECF941F2380176
:10C980000320F9F7E7F940F202210820F9F7E2F96C
:10C9900008210A20F9F7DEF900213020F9F7DAF949
:10C9A00040F202413120F9F7D5F94FF4837132207A
:10C9B000F9F7D0F940F203513320F9F7CBF94FF4EE
:10C9C00082713420F9F7C6F940F201313520F9F7C8
:10C9D000C1F940F207713620F9F7BCF940F2053190
:10C9E0003720F9F7B7F94FF40271382000E040E042
:10C9F000F9F7B0F940F60B713920F9F7ABF90221DC
:10CA00004120F9F7A7F94FF41C516020F9F7A2F97A
:10CA100001216120F9F79EF94FF404719020F9F794
:10CA200099F94FF485719220F9F794F90421932034
:10CA3000F9F790F94FF48071A020F9F78BF90121F3
:10CA40000720F9F787F921210720F9F783F9232136
:10CA50000720F9F77FF933210720F9F77BF940F236
:10CA600033110720F9F776F90021A020F9F772F9C0
:10CA7000B4E06048808844F235518842F8D13021D2
:10CA80001520F9F767F910219A20F9F763F92021A9
:10CA90001120F9F75FF943F228411020F9F75AF90C
:10CAA00002211220F9F756F941F238011320F9F763
:10CAB00051F9282007F042FC12210846F9F74AF9FB
:10CAC000282007F03BFC43F220411020F9F742F9FF
:10CAD00043F238011320F9F73DF9462007F02EFC08
:10CAE00000213020F9F736F940F202413120F9F700
:10CAF00031F940F207313220F9F72CF94FF4417146
:10CB00003320F9F727F904213420F9F723F940F20B
:10CB100001413520F9F71EF940F207713620F9F787
:10CB200019F940F205313720F9F714F94FF4C261D1
:10CB30003820F9F70FF94FF4C2613920F9F70AF9F3
:10CB40004FF480710120F9F705F94FF4407102208C
:10CB5000F9F700F941F230010320F9F7FBF840F64C
:10CB600008010820F9F7F6F808210A20F9F7F2F889
:10CB70004FF41C516020F9F7EDF801216120F9F71D
:10CB8000E9F84FF49F719020F9F7E4F84FF48071C1
:10CB90009220F9F7DFF84FF480719320F9F7DAF873
:10CBA0004FF44051A020F9F7D5F81021A320F9F750
:10CBB000D1F801210720F9F7CDF821210720F9F755
:10CBC000C9F823210720F9F7C5F833210720F9F721
:10CBD000C1F840F233110720F9F7BCF80120F7F74C
:10CBE000DBFE0120044908604FF6FF70F7F790FE66
:10CBF00021B000BD182900208482404210B50121D7
:10CC0000034800F01AF80121014800F013F810BDA4
:10CC10000004004010B50121054800F00EF801287D
:10CC200005D10121024800F005F8F6F789FC10BD96
:10CC300000080040CA430282704730B50246002017
:10CC400000230024158A05EA0103958905EA0104F9
:10CC500013B10CB1012000E0002030BD2DE9FC5FD4
:10CC600004460D4617461E46DDE90EABDDE90C898C
:10CC70004FF478405749088057A01021CDE90010A3
:10CC8000564843880288A0212820F8F7FBFF54A0CB
:10CC90001021CDE90010514843880288A021782056
:10CCA000F8F7F0FF4FA01021CDE900104B48438862
:10CCB0000288B4212820F8F7E5FF4BA01021CDE928
:10CCC0000010464843880288B4217820F8F7DAFF3C
:10CCD00046A01021CDE90010404843880288C821B1
:10CCE0002820F8F7CFFF42A01021CDE900103B48E3
:10CCF00043880288C8217820F8F7C4FF3DA010219E
:10CD0000CDE90010354843880288DC212820F8F757
:10CD1000B9FF39A01021CDE90010304843880288BE
:10CD2000DC217820F8F7AEFF34A01021CDE9001007
:10CD30002A4843880288F0212820F8F7A3FF102012
:10CD400004232246A02100904020F8F751FF102034
:10CD500004232A46A02100909020F8F749FF1020D4
:10CD600004233A46B42100904020F8F741FF1020F8
:10CD700004233246B42100909020F8F739FF1020A8
:10CD800004234246C82100904020F8F731FF1020CC
:10CD900004234A46C82100909020F8F729FF10206C
:10CDA00004235246DC2100904020F8F721FF102098
:10CDB00004235A46DC2100909020F8F719FF102038
:10CDC00000900648018803236020109AF8F710FFAE
:10CDD000BDE8FC9F0000002078313A0018290020AF
:10CDE00079313A0078323A0079323A0078333A00B1
:10CDF00079333A0078343A0079343A006661632036
:10CE000069733A0000B597B0002012900B90129011
:10CE10001F21FE4801804FF6FF70FD490880F7F79B
:10CE200077FD4FF47841F94801804FF6FF70F7F72E
:10CE30006FFD0020F5490880F64800681021642342
:10CE4000A022CDE9001028210846F8F71BFF4FF477
:10CE500078421421084600F04BFC0021EE4880F88F
:10CE600020109FEDEE0A80ED090A49E2EA48406889
:10CE70000A9001200A998847E74890F8200000F0BE
:10CE8000C000402870D100200B90E34890F82000AB
:10CE900020F04000E04981F820000846828913A96B
:10CEA000129821F82020DC48C18A13AA129802EBBC
:10CEB000800041801298401CC0B212901298012844
:10CEC00006D0022815D0032829D0042810D141E02B
:10CED0004FF6FF721421084600F00AFCD048008883
:10CEE000143880B24FF4784214210A9000F000FC0C
:10CEF000E8E3CB480088143880B24FF6FF72142163
:10CF00000A9000F0F5FBC6484088143880B24FF410
:10CF1000784201460A90142000F0EAFBD2E3C048B0
:10CF20004088143880B24FF6FF7201460A901420F0
:10CF300000F0DEFBBA484088143880B20A90B84846
:10CF40000088143880B24FF4784209900A9900F0B2
:10CF5000CFFBB7E3BDF84C10BDF85000081A0A909B
:10CF6000002802DB0A9802E0ADE30A9840420F90E5
:10CF7000BDF84E1013A8C088081A0A90002801DBDB
:10CF80000A9801E00A9840420E900F9840430F9093
:10CF90000E9840430E90DDE90E100844059008F00D
:10CFA0001DF9CDE906019DED060B07F0C1F88DEDE9
:10CFB000080B9DED080B51EC100B08F0CBF880B27C
:10CFC0001190BDF85400BDF85810401A0A9000287E
:10CFD00001DB0A9801E00A9840420F9013A84189AA
:10CFE000C089081A0A90002801DB0A9801E00A9813
:10CFF00040420E900F9840430F900E9840430E9081
:10D00000DDE90E100844059008F0E8F8CDE90601C6
:10D010009DED060B07F08CF88DED080B9DED080BD0
:10D0200051EC100B08F096F880B210909DED110AAB
:10D03000F8EE400A9DED100AB8EE401A80EE810A23
:10D040008DED0A0A0A9808F00FFCCDE90C019FED5E
:10D05000750B53EC102B9DED0C0B51EC100B08F0E5
:10D06000D1F80ED39FED710B53EC102B9DED0C0BF3
:10D0700051EC100B08F000FA03D3119808B1109886
:10D08000F0BB0020129066484088143880B20A90A5
:10D0900063480088143880B24FF6FF7209900A99ED
:10D0A00000F026FB4FF478421421084600F020FBE4
:10D0B0009FED600B53EC102B9DED0C0B51EC100B06
:10D0C00008F0DCF8CDE908019DED080B51EC100BE0
:10D0D00008F040F880B213A90A90C989BDF8582019
:10D0E00013AB5B89CDE90132CDE90310BDF85400E3
:10D0F000009013A8C0880990BDF85000089000E087
:10D100000AE0BDF84E000790BDF84C00069007A954
:10D110000EC9FFF7A3FDE5E2BDF84C10BDF85400C1
:10D12000081A0A90002801DB0A9801E00A98404298
:10D130000F90BDF84E1013A84089081A0A900028D5
:10D1400001DB0A9801E00A9840420E900F98404394
:10D150000F900E9840430E90DDE90E1008440590A4
:10D1600008F03CF8CDE906019DED060B06F0E0FF66
:10D170008DED080B9DED080B51EC100B07F0EAFF4D
:10D1800080B21190BDF85000BDF85810401A0A90B6
:10D19000002801DB0A9801E00A9840420F9013A88A
:10D1A000C188C089081A0A90002801DB0A9801E0AA
:10D1B0000A9840420E900F9840430F900E984043BB
:10D1C0000E90DDE90E100844059008F007F8CDE94F
:10D1D00006019DED060B06F0ABFF8DED080B9DEDF6
:10D1E000080B51EC100B07F0B5FF80B210909DEDCD
:10D1F000110AF8EE400A9DED100AB8EE401A80EED2
:10D20000810A8DED0A0A0A9818E00000000000204B
:10D21000020000204800002008000020000000005C
:10D2200018290020666666666666EE3FCDCCCCCCDB
:10D23000CCCCF03F000000000000594008F014FB87
:10D24000CDE90C011FED090B53EC102B9DED0C0BE0
:10D2500051EC100B07F0D6FF0AD31FED0C0B53EC6B
:10D26000102B9DED0C0B51EC100B08F005F948D27A
:10D2700000201290FE484088143880B20A90FC4882
:10D280000088143880B24FF6FF7209900A9900F0B6
:10D290002FFA4FF478421421084600F029FA1FEDC6
:10D2A0001B0B53EC102B9DED0C0B51EC100B07F0EE
:10D2B000E5FFCDE908019DED080B51EC100B07F0DF
:10D2C00049FF80B213A90A90CA89BDF8581013AB60
:10D2D0005B89CDE90131CDE90320BDF85400009010
:10D2E00013A8C0880990BDF850000890BDF84E0002
:10D2F0000790BDF84C00069007A90EC9FFF7AEFCD9
:10D30000F0E1BDF85000BDF85410401A0A90002812
:10D3100001DB0A9801E00A9840420F9013A8C188E7
:10D320004089081A0A90002801DB0A9801E00A984F
:10D3300040420E900F9840430F900E9840430E903D
:10D34000DDE90E100844059007F048FFCDE906011D
:10D350009DED060B06F0ECFE8DED080B9DED080B28
:10D3600051EC100B07F0F6FE80B21190BDF84C00A6
:10D37000BDF85810401A0A90002801DB0A9801E015
:10D380000A9840420F90BDF84E1013A8C089081AA1
:10D390000A90002801DB0A9801E00A9840420E90AA
:10D3A0000F9840430F900E9840430E90DDE90E1009
:10D3B0000844059007F012FFCDE906019DED060B2C
:10D3C00006F0B6FE8DED080B9DED080B51EC100B31
:10D3D00007F0C0FE80B210909DED110AF8EE400AF1
:10D3E0009DED100AB8EE401A80EE810A8DED0A0A12
:10D3F0000A9808F039FACDE90C011FED760B53ECD1
:10D40000102B9DED0C0B51EC100B07F0FBFE0AD31B
:10D410001FED7A0B53EC102B9DED0C0B51EC100B08
:10D4200008F02AF849D20020129091484088143818
:10D4300080B20A908E480088143880B24FF6FF728E
:10D4400009900A9900F054F94FF4784214210846E3
:10D4500000F04EF91FED890B53EC102B9DED0C0BDA
:10D4600051EC100B07F00AFFCDE908019DED080B08
:10D4700051EC100B07F06EFE80B202460A9013A822
:10D48000C089BDF8581013AB5B89CDE90131CDE9F6
:10D490000302BDF85400009013A8C0880990BDF89D
:10D4A00050000890BDF84E000790BDF84C00069063
:10D4B00007A90EC9FFF7D2FB14E1BDF85000BDF873
:10D4C0004C10401A00EE100AF8EEC00A68480088B6
:10D4D000283800EE100AB8EEC00A80EE201A65481F
:10D4E00080ED091ABDF85000BDF84C10084400EE5C
:10D4F000100AF8EEC00A5E48008800EE100AB8EE86
:10D50000400A5C4890ED091A01EE600AF0EE000A4C
:10D5100080EE201A80ED0B1A13A84089BDF84E103A
:10D52000401A00EE100AF8EEC00A51484088283828
:10D5300000EE100AB8EEC00A80EE201A4D4880EDC9
:10D540000A1A13A84089BDF84E10084400EE100ACC
:10D55000F8EEC00A4648408800EE100AB8EE400ACD
:10D56000444890ED0A1A01EE600AF0EE000A80EEDF
:10D57000201A80ED0C1A90ED090ABDEEC00A8DED5F
:10D58000090A0998002801DB099801E0099840423E
:10D5900002280FDC374890ED0A0ABDEEC00A8DED77
:10D5A0000A0A0A98002801DB0A9801E00A9840421A
:10D5B000022842DD002012902D484088143880B2A5
:10D5C0000A902B480088143880B24FF6FF720990F9
:10D5D0000A9900F08DF84FF478421421084600F0C3
:10D5E00087F825A01021CDE90010214840880A9035
:10D5F0001F480088099002461A2128200A9BF8F744
:10D6000041FB1C4890F8340008B9012000E00020DC
:10D61000184981F83400084690F8340030B1902061
:10D620001A490870D0201A49087005E0D02017491F
:10D63000087090201649087054E01F211548018099
:10D640004FF6FF70F7F764F913A01021CDE9001031
:10D65000074840880A9006480088099002466E21D3
:10D6600023200A9BF8F70EFB4FF47A7020E00000AD
:10D6700018290020080000205450204E65656420C1
:10D68000726561646A7573742100000040000020B7
:10D690004100002000000020546F75636820536330
:10D6A0007265656E2041646A757374204F4B21006A
:10D6B00006F044FE00F030FA4FF6FF70F7F728F955
:10D6C00017B000BD00BF0A2006F038FE0B98401CC2
:10D6D00080B20B900B98B0F57A7F02DD00F040F835
:10D6E00002E000BFFFF7C2BB00BF00BFE8E70000D9
:10D6F00070B504460D4616461848068004F10D0123
:10D700008AB2193988B22B462946F7F72DFB05F165
:10D710000D0083B2193881B222462046F7F724FB68
:10D720006A1C91B2621C90B2F7F7AAFB6A1C91B214
:10D73000621E90B2F7F7A4FB6A1E91B2621C90B20F
:10D74000F7F79EFB6A1E91B2621E90B2F7F798FB44
:10D75000062229462046F3F70EFD70BD000000208A
:10D7600010B586B018220021684600F023FC9DF811
:10D770000E400A2C4CD1274800990160046800EE45
:10D78000104AB8EEC00ADFED240A80EE201A2348C2
:10D7900080ED091A1F4801990160046800EE104AE3
:10D7A000B8EEC00ADFED1C0A80EE201A1B4880ED9F
:10D7B0000A1A184802990160046800EE104AB8EE8F
:10D7C000C00A164880ED0B0A1248039901600468EC
:10D7D00000EE104AB8EEC00A104880ED0C0A9DF821
:10D7E0000D000E4981F83400084690F8340030B13D
:10D7F00090200B490870D0200A49087005E0D0201D
:10D8000007490870902007490870012006B010BD34
:10D810000020FBE74400002020BCBE4C0800002094
:10D8200040000020410000201CB53748808845F2A8
:10D830001051884218D1F9F78DFE344834494860B8
:10D84000084690F8340040F0800081F83400084623
:10D8500090F834002C49897901F0010108432C49E2
:10D8600081F8340000201CBD01212620F9F736FF85
:10D870004FF48040009000208DF804008DF80600E1
:10D8800003208DF8050001208DF807006946214826
:10D89000F3F790FF2020009000208DF804008DF811
:10D8A000060003208DF8050001208DF80700694669
:10D8B0001948F3F77FFF4FF43040009001208DF8B6
:10D8C000040069461348F3F775FF11491631A1F1B9
:10D8D0000A0000F0A9F80E491631A1F10A0000F083
:10D8E000A3F8FFF73DFF08B10020BCE70B48008814
:10D8F000F7F70EF8FFF786FA00F00EF9FFF730FFA2
:10D9000000BF0120AFE7000018290020F10800083F
:10D91000080000200004024000080240020000202D
:10D9200070B506460025002400201F4908601F49E5
:10D93000C1F8BC021C49091F0860304600F0A6F976
:10D94000062006F023FD00201849C1F8B40201208A
:10D9500006F01CFD01201449086006F017FD0020A8
:10D960001249C1F8B40200BF15E04FF6FF7000EA9B
:10D97000440400200C490860012006F007FD012046
:10D980000A49C1F8B40208487C38006808B1601C34
:10D9900084B2681CC5B2102DE7DB241101200249B6
:10D9A000091F0860204670BDB4824042008040429A
:10D9B0002DE9FE4380460027002406E04046FFF79D
:10D9C000AFFF2DF81400601C84B2052CF6DB002498
:10D9D00016E0601C85B20FE03DF814003DF815100C
:10D9E000884207DD3DF814603DF815002DF814005D
:10D9F0002DF81560681C85B2052DEDDB601C84B226
:10DA0000042CE6DB0027012405E03DF8140038442F
:10DA100087B2601C84B2042CF7DB032097FBF0F084
:10DA200086B23046BDE8FE832DE9F04104460D463E
:10DA300007480078FFF7BCFF064606480078FFF766
:10DA4000B7FF074626802F800120BDE8F081000047
:10DA500040000020410000207FB504460D4602A989
:10DA600003A8FFF7E1FF064616B9002004B070BD19
:10DA7000694601A8FFF7D8FF06460EB90020F5E772
:10DA8000BDF80400BDF80C10884206DCBDF80C108F
:10DA9000BDF80400323081420CDBBDF80C00BDF84B
:10DAA0000410884236DCBDF80410BDF80C0032309A
:10DAB00081422FDABDF80000BDF80810884206DC6C
:10DAC000BDF80810BDF80000323081420CDBBDF813
:10DAD0000800BDF8001088421CDCBDF80010BDF83D
:10DAE00008003230814215DABDF80C10BDF8042070
:10DAF000881800EBD071C1F34F012180BDF80810E8
:10DB0000BDF80020881800EBD071C1F34F012980C7
:10DB10000120ABE70020A9E700B587B01F4890EDD2
:10DB2000090ADFED1F0A20EE200ABDEEC00A1D48DB
:10DB300080ED000A00680190184890ED0A0ADFEDB8
:10DB4000180A20EE200ABDEEC00A164880ED000A31
:10DB500000680290114890ED0B0ABDEEC00A114812
:10DB600080ED000A006803900C4890ED0C0ABDEEB1
:10DB7000C00A0C4880ED000A00680490074890F83D
:10DB800034008DF811000A208DF8120018220021AF
:10DB900001A800F07BFA07B000BD000008000020DB
:10DBA00020BCBE4C4400002010B504463548006837
:10DBB000002843D12CB13449A1F10A00FFF74CFFF2
:10DBC0002AE03149A1F10A00FFF746FF20B32E48B1
:10DBD000163890ED0B0A90ED091A808900EE900A34
:10DBE000F8EE600A01EE200ABCEEC00A10EE100A40
:10DBF000254916398881084690ED0C0A90ED0A1ADD
:10DC0000C08A00EE900AF8EE600A01EE200ABCEE2F
:10DC1000C00A10EE100AC8821B48163890F820007F
:10DC200000F0800038BBC0201749163981F8200069
:10DC3000084681898182C18AC1831CE01248163856
:10DC400090F8200000F0800050B10F48163890F88E
:10DC5000200020F080000C49163981F820000AE0ED
:10DC60000021094816388182C1834FF6FF700649AA
:10DC700016398881C8820448163890F8200000F0D0
:10DC8000800010BD140241421E000020002100BF90
:10DC900015E000F080021AB101220A4B1A6002E07E
:10DCA0000022084B1A604206100E0022054B083B6A
:10DCB0001A600122044BC3F8B4224A1CD1B20829CD
:10DCC000E7DB7047BC8240420080404210B5F8F765
:10DCD000CFFA40F225511E4800F055F810B31C4809
:10DCE00000F00AF9C4B21B48008800F40040C8B92B
:10DCF0001848008800F4804060B10A2C03D000204E
:10DD00001449088020E01348008840F4004011497D
:10DD1000088019E00D2C06D10E48008840F48040A0
:10DD20000C49088010E00B480088C0F30D000A4938
:10DD30000C5408480088401C0649088008460088A2
:10DD4000C72801DD00200880F8F7A4FA10BD000004
:10DD50000010014078000020E83B002001F4007230
:10DD6000B2F5007F00D100BFCA430280704721B1E5
:10DD7000828942F40052828104E082894DF6FF7369
:10DD80001A408281704770B50246002400230025A6
:10DD9000002040F66A16B14200D100BFC1F342151F
:10DDA00001F01F03012606FA03F3012D02D1968923
:10DDB000334006E0022D02D1168A334001E0968AF4
:10DDC00033400C12012606FA04F41688344013B1CD
:10DDD0000CB1012000E0002070BDF0B50346002426
:10DDE00000260025002040F66A17B94200D100BF86
:10DDF0001846C1F3421401F01F06012707FA06F581
:10DE0000012C01D10C3004E0022C01D1103000E0D3
:10DE100014301AB107682F43076002E00768AF4368
:10DE20000760F0BD2DE9FF4705460E460024A146D8
:10DE300000BFA046B08900B100BF2C8A24F4405432
:10DE4000F08804432C82AC8941F20C608443B08892
:10DE500031890843718908430443AC81AC8A24F4B6
:10DE60004074B0890443AC826846F9F777FC2048D7
:10DE7000854202D01F48854202D1DDF80C9001E0B6
:10DE8000DDF80890A88900F4004040B109EBC90012
:10DE900000EB091031684900B0FBF1F707E009EB2E
:10DEA000C90000EB091031688900B0FBF1F764206C
:10DEB000B7FBF0F004012009642101FB1078A88968
:10DEC00000F4004040B1322000EBC800B0FBF1F09C
:10DED00000F00700044308E0322000EB0810642142
:10DEE000B0FBF1F000F00F0004432C81BDE8FF8788
:10DEF000001001400014014001468888C0F308006A
:10DF0000704700BFFEE7000010B50446214610A090
:10DF1000F2F740FA240300F015F900F0ADF8002004
:10DF20000D4908602020FBF7CFF9C4F30740FBF749
:10DF3000CBF9C4F30720FBF7C7F9E0B2FBF7C4F94C
:10DF400001200649C1F8800200F096F810BD0000DB
:10DF500066653A25780D0A00808240420080404282
:10DF60001CB501210220F9F7B9FB012000908DF8C2
:10DF7000040000208DF8060003208DF80500012024
:10DF80008DF8070069460848F3F714FC012007499B
:10DF90000860FBF737F90020FBF7B2F900F032F820
:10DFA000034908801CBD00000004024080824042FA
:10DFB0005C0000202DE9F04106460C461746002083
:10DFC0000F4908600320FBF77FF9C4F30740FBF714
:10DFD0007BF9C4F30720FBF777F9E0B2FBF774F99C
:10DFE000002505E0FF20FBF76FF97055681C85B22E
:10DFF000BD42F7DB012002490860BDE8F081000066
:10E000008082404210B5002400200E490860902014
:10E01000FBF75AF90020FBF757F90020FBF754F9FA
:10E020000020FBF751F9FF20FBF74EF944EA0024EA
:10E03000FF20FBF749F9044301200349C1F880029E
:10E04000204610BD808240420080404210B500242E
:10E050000020074908600520FBF736F9FF20FBF791
:10E0600033F9044601200349C1F88002204610BD5F
:10E07000808240420080404210B500BFFFF7E6FFBB
:10E0800000F001000028F9D110BD00002DE9F05F7B
:10E0900081460F461646DFF8A8B04FEA1738C7F397
:10E0A0000B0ACAF58054A64200DC344644E04FEA2D
:10E0B00008314FF480525846FFF77CFF002508E0F6
:10E0C0000AEB05001BF80000FF2800D003E0681CE5
:10E0D00085B2A542F4DB00BFA54216DA4046FFF741
:10E0E00013FF002507E019F8050005EB0A010BF8FE
:10E0F0000100681C85B2A542F5DB4FEA08314FF4F8
:10E100008052584600F02EF804E022463946484630
:10E1100000F028F8A64200D10FE008F101084FF006
:10E12000000AA1442744301B86B2B6F5805F02DDA9
:10E130004FF4805400E03446B9E700BFBDE8F09FDB
:10E14000E82B002010B50020044908600620FBF7EA
:10E15000BBF801200249C1F8800210BD8082404214
:10E16000008040422DE9F04107460E461446F0B2C9
:10E17000C0F58075AC4200DC254612E02A463146E7
:10E18000384600F013F8AC4200D10BE02F442E4487
:10E19000601B84B2B4F5807F02DD4FF4807500E02F
:10E1A0002546EBE700BFBDE8F08100002DE9F04116
:10E1B00006460C461746FFF7C5FF00200F490860CA
:10E1C0000220FBF781F8C4F30740FBF77DF8C4F3A6
:10E1D0000720FBF779F8E0B2FBF776F8002504E0BA
:10E1E000705DFBF771F8681C85B2BD42F8DB012059
:10E1F00002490860FFF740FFBDE8F081808240429D
:10E2000002490120096881F8540070477802002013
:10E210002DE9F0418AB00446F4F77EFABCB32046FB
:10E22000F3F7AEFD0190D0E90012CDE90412876A40
:10E23000056A01A8F3F7E2FD204600F0C1FE0600E2
:10E2400025D0204600F0E9F98046B80704D52A46D3
:10E25000414604A801F012F82046F3F791FD019021
:10E260004046F3F78DFD06903046F3F789FD0390A5
:10E2700005620698019AC1691162C46101A8F3F7A9
:10E28000BDFD06A8F3F7BAFD03A8F3F7B7FDF5F750
:10E2900025FC0AB0BDE8F0812DE9FC5F9846DDE978
:10E2A0000C5491460E460746DDF83CB0F4F734FABC
:10E2B000DFF82CA1DAF8140004434DB9BAF80200D3
:10E2C00048B348480AF138010068407C51F82050B2
:10E2D000681C0ED0FDB12846F3F752FD0190B0F94D
:10E2E0000010B0F902200F441644B9F1000F02D01B
:10E2F00006E000250FE0B0F90430591A01F10109D8
:10E30000B8F1000F04D1B0F90600801A00F101083D
:10E3100001A8F3F773FD0BF12C00F3F76CFC5FEA37
:10E32000000B57D0BAF80200401CAAF80200584669
:10E33000F3F726FD0090078007EB09014680491E90
:10E34000818006EB0801491EC1800E990161264AB1
:10E35000816A2240114381626846F3F74FFDDAF883
:10E360000C005E4650B1F3F761FD07463046F3F707
:10E370005DFD0146786948617E6101E0CAF80CB034
:10E380002946584600F0B2FEA00602D5584600F0D5
:10E39000C9FCE00705D0DAF8201001F10101CAF844
:10E3A0002010600602D55846FFF732FFA0070DD5B2
:10E3B0005846F3F7E5FC0090816A41F00201816262
:10E3C0006846F3F71BFD584600F094FB01215846C0
:10E3D00001F09FF9F5F782FB5846BDE8FC9F00006D
:10E3E00034030020780200209F3F0700064910B543
:10E3F0000968002081F85400F4F78EF9F7F760FA05
:10E40000BDE81040F5F76ABB7802002010B504465D
:10E41000C168D4E90020172A0DD004DC0E2A0CD0E4
:10E42000142A07D104E0222A0CD0282A02D10CE0B9
:10E4300000F080FD0020E06010BD2146BDE81040E6
:10E4400000F09FBC6FF07040F5E7BDE8104000F0B1
:10E4500051BB38B5040010D0F4F75EF92046F3F74D
:10E460008FFC00900068F4F7B7FF6846F3F7C6FC2E
:10E470002046F3F7DFFBF5F731FB38BDF8B50500B3
:10E4800061D0F4F749F9284600F054FF002858D02D
:10E49000284600F0A7FD06460B21284601F039F971
:10E4A000284600F00AFD2846F3F76AFC0090406A0F
:10E4B00008B1F4F731FA244C002104F15002A162B2
:10E4C000A06852F82030AB4201D142F820101E4A19
:10E4D000483252F82030AB4201D142F82010206976
:10E4E00004E04368AB4200D1416000680028F8D1E5
:10E4F0000721284600F04BFB009801F025FC284638
:10E5000000F004FD284601F083F80098806AC107F6
:10E5100003D0216AA1F101012162800602D5A08801
:10E52000401EA0806846F3F769FC6088401E60804A
:10E530002846F3F77FFB0448383050F8260000F0F7
:10E54000F1FBF5F7CBFAF8BD340300202DE9F041DB
:10E550000025F4F7E1F800E0012503F051FA002866
:10E56000FAD11A4E1A4C306890F8540038B1A0888D
:10E5700028B1E069012720B10068804704E0002746
:10E5800002E00120F5F7DAFFF5F7A8FA306890F815
:10E59000540058B1A08848B1F4F7BEF803F0D0F8A1
:10E5A000F5F79CFAA08808B10125EFE7F4F7B4F875
:10E5B0003FB1E06910B14068804702E00020F5F704
:10E5C000BDFFF5F78BFA2846BDE8F0817802002000
:10E5D00034030020034804490068407C51F82000BF
:10E5E00070470000780200206C0300200021022800
:10E5F00002D2024951F82010084670476C030020EF
:10E6000010B5040007D0F4F787F82046F3F70EFCA6
:10E61000C469F5F763FA204610BD10B5040007D0B1
:10E62000F4F77AF82046F3F701FC8469F5F756FA17
:10E63000204610BD2DE9F04F9BB04FF0000B5E4619
:10E64000CDF820B0CDF824B0CDF828B0F4F70CFD0B
:10E6500018B100201BB0BDE8F08F6846F4F7DEFC6F
:10E660000098C84DC84C401C0ED10198401C0BD1DD
:10E6700020689DF8081000EB400005EB8000007A50
:10E68000884201D15846E5E7F4F746F8009800289B
:10E690000EDB019800280BDBBC490098B1F9001093
:10E6A0000844BB4900900198B1F9001008440EE0FD
:10E6B0000098401C0CD10198401C09D1206800EB47
:10E6C000400055F8201005EB800000914068019053
:10E6D00005A800F0BBFB9DF80900022800D22060CD
:10E6E00007AA12A92068F3F781FF12990098401A2F
:10E6F000009007990198009A401A0190206800EB59
:10E70000400055F8201091420AD105EB8000019A93
:10E710004168914204D1007A9DF8081088427CD06B
:10E72000DDE900019DF80920F3F78CFB994F39686A
:10E7300009B1684688479848216850F8210018B9FF
:10E74000DDE9000100F0DEFA06907A6812B1069960
:10E75000684690478B4F2068383707EBC001486800
:10E76000069A824201D0012200E000220DF1200928
:10E77000F0B1EAB1486800F0A1FDC8B1206807EB2C
:10E78000C000406800F08FFD90B19DE8070008AB25
:10E7900007C31220CDF844900E90206807EBC0000C
:10E7A00040680EA900F0DBFF206807EBC000466060
:10E7B000069800F083FD00287ED00699206807EBBC
:10E7C000C002516000EB400005EB80009DF808108E
:10E7D000007ADFF8B0A188420AF1280A5DD00698D5
:10E7E000C0B30698F3F7CCFA9DF8081013908DF893
:10E7F0003410216801EB410105EB8101097A8DF8A4
:10E800003510B0F900200099891A0B91B0F9020077
:10E810000199081A0C9013A800E0ACE0F3F7EEFAA7
:10E820000BA8119011200E90206800EB400105EB21
:10E83000810191E88C000492CDE914379DF80820FD
:10E840000A729DF8281031B10AEBC0014F68069A90
:10E850004A6001E021E000270AEBC000D0F8048004
:10E8600006980EA900F034FF21680AEBC100436846
:10E87000434501D04068069001EB410005EB800361
:10E88000DDE91412049807C33FB1384600F064F97B
:10E8900018B121680AEBC100476020689DF8081094
:10E8A00000EB400805EB8802137A0B434BD00C2396
:10E8B0004FF0010B574600E052E00AEBC0000E9308
:10E8C0004368DDF818C09C4515D043689BB109B179
:10E8D000119608E055F828100891516809918DF8B3
:10E8E0002860CDF8449040680EA900F038FF2068F9
:10E8F00007EBC000466020689DF8081000EB40025E
:10E9000005EB82021172069951B39DE80E000DF1DC
:10E910002008A8E80E009DF8281021B1069907EB01
:10E92000C000416008E01D48007808B100F066F9B9
:10E93000206807EBC00046600698CDF844900EA909
:10E9400000F00DFF0CE0069850B1069800F0ABFC0B
:10E9500030B19DE8070008AB07C310200E90EBE72D
:10E9600021689DE81C0001EB410005EB80001CC004
:10E97000684600F035F905A800F034FEF5F7AEF86A
:10E9800080E60000087B01203C030020A802002054
:10E99000AA020020F00300207C0300208C0300204A
:10E9A0002DE9FF5F2C4D6878002853D100272B48B4
:10E9B000EF60AF620068DFF8A8903C464764AF8024
:10E9C0006F804FF0020A4FF0FF3B40F6FF7805F1F1
:10E9D00038062046F3F794FB98B1CDE90297CDE9CC
:10E9E00000BA0021424643460846FFF755FC1A4A42
:10E9F00046F8240040326FF0704142F8241000F0D5
:10EA000079F8641C022CE4DB164FDFF85C80DFF839
:10EA10005C90002407EBC40000F018FA08EBC40077
:10EA200000F014FA09EBC40000F010FA641C022C88
:10EA3000F0DB306800F076F9FFF7E2FB01200649D1
:10EA4000687030310A48086004B00846BDE8F05FDD
:10EA5000F5F72CBEBDE8FF9F3403002078020020AC
:10EA6000F5410108207B0120307B0120407B012003
:10EA70002D2C010870B586B00D46060031D0F3F795
:10EA80004BFE3046F3F77CF90090846AA10723D54A
:10EA9000D0E90010CDE90110E00302D5304600F0C6
:10EAA0007AFB5DB1286803906868049003A9009818
:10EAB00000F0D4F903A901A8F5F7FAFC314601A842
:10EAC00000F0D4F940B140F601000440012C0AD016
:10EAD00001A9304600F05CFB6846F3F78FF9F4F7C4
:10EAE000FDFF06B070BD0098026A816901A800F0C0
:10EAF000C5FBF1E70021FFF7BDBFFEB515460E4689
:10EB000004001CD0F3F73CF90246009090F828006E
:10EB1000800711D5314601A8F5F7E7FC60B16846DA
:10EB2000F3F76CF92A4601A9204603F069FF204655
:10EB3000FFF766FD04460CE06846F3F75FF9FEBD9B
:10EB40002A4601A92046FFF7D8FF2046F3F76EF9C1
:10EB5000046A002CF4D1FEBD10B50446F3F7DCFDC9
:10EB6000204600F0E7FB0446F4F7B8FF204610BD4E
:10EB700070B514460D460646F3F7CEFD22462946EB
:10EB8000304600F0E9FBBDE87040F4F7A7BF1FB5C1
:10EB9000262203910092694600F0F3F81FBD0000A1
:10EBA00070B586B00D4606460024F3F7B5FD0B4957
:10EBB0000948096850F8210048B10E2105950091D7
:10EBC00004A9CDE90316694600F064FD0124F4F7B9
:10EBD00085FF06B0204670BD840300203C03002062
:10EBE000054A01EB410102EB8101D0E90023806875
:10EBF0000A60C1E901307047CC7B012010B5F3F702
:10EC00008BFD00F0D9FCBDE81040F4F767BF70B58C
:10EC1000154606468AB00C4651EA050070D0002E13
:10EC20006ED0F3F779FD3046F3F7AAF80590D0E9F6
:10EC30000012CDE90212CDE9061284B1816A0A06FA
:10EC400008D5890506D4BDF81810A1EB0401ADF86C
:10EC5000181004E0BDF81C102144ADF81C1085B15B
:10EC6000816ACA0508D5490506D4BDF81A10A1EB7A
:10EC70000501ADF81A1004E0BDF81E102944ADF8E6
:10EC80001E10806AC00302D5304600F084FA05AB3E
:10EC900007CBC0E9001290F8280080070AD506AA21
:10ECA00002A908A8F4F77EF90598026A816908A804
:10ECB00000F0E4FABDF91E00BDF90E10401A0090F4
:10ECC000BDF91C00BDF90C10431ABDF91A00BDF9BD
:10ECD0000A10421ABDF91800BDF90810411A05982A
:10ECE00000F058FD059901F10800F5F7E1FB052159
:10ECF000304600F00EFD05A8F3F780F8F4F7EEFEBD
:10ED00000AB070BD70B50C460546F3F705FD224606
:10ED10002946002004F0AEF90446F4F7DFFE204651
:10ED200070BD000070B50446F3F7F6FC0C4D286882
:10ED3000866C0CB90B49CC688464204600F0A0FCBA
:10ED4000F6F7BEFD2046F3F771F82968B0F9002008
:10ED5000CA64B0F902000865F4F7C0FE304670BD21
:10ED6000780200203403002070B50C460546F3F706
:10ED7000D3FC2146284600F0B9FCBDE87040F4F70A
:10ED8000ADBE70B50C0005460DD0F3F7C5FC2846A6
:10ED9000FFF743FC18B12146A56000F07BFCBDE8FD
:10EDA0007040F4F79BBE70BD10B5F2F7E3FC02496A
:10EDB00000200968486410BD78020020F8B51646A6
:10EDC0000C4605001DD0F3F7A7FC2846F2F7D8FF44
:10EDD0000090B0F90410B0F90020891A641AB0F953
:10EDE0000610B0F90200641E081A361A761E68462C
:10EDF000F3F704F8324621462846FFF708FFF4F7F8
:10EE00006DFEF8BD0EB50E48006890F8541009B1BB
:10EE10000C4811E0806CF2F7B3FF0090D0E90010CD
:10EE2000CDE901106846F2F7E9FF0748416A11B1E0
:10EE300001A800F01BF801A804F03EF90EBD000087
:10EE400078020020947A01203403002002490A68E5
:10EE50000260086070470000440300200B46B0F9D0
:10EE60000220B0F900101846F4F7C8B838B50C46BF
:10EE700005462046F2F784FF0146009090F82800EE
:10EE8000800703D46846F2F7B9FF12E02846F5F789
:10EE90000FFB0098806920B104466846F2F7AEFF88
:10EEA000E7E76846F2F7AAFF204600F057FF002880
:10EEB00001DA002038BD012038BDF8B50546F3F76A
:10EEC0002BFC6846F4F7B4FA1AE001212046F4F767
:10EED00096FA009981B178B10846F2F7A7FF406829
:10EEE000A84209D169462046009EF4F7B5FA0446C7
:10EEF0003046FFF7AEFA04E069462046F4F7ACFA74
:10EF00000446002CE1D1F4F7E9FDF8BD38B504461C
:10EF1000F2F736FF0090816941B1026A00F0AEF964
:10EF2000204600F08DFB0099002088616846F2F7CA
:10EF300065FF38BD38B50C4600280AD0002C08D033
:10EF4000F2F71EFF2146009000F004F86846F2F741
:10EF500055FF38BD00224A800A8082880388D21A71
:10EF60008A80C2884088101AC880704710B5FFF7A1
:10EF700054FB002802D0F2F759FFC06910BD000011
:10EF80000D4810B5006890F85400002806D00B4CCE
:10EF90006069012803DD401E6061002010BD20690A
:10EFA000401C206102F0C0FF18B1FFF72BFF0120C9
:10EFB00010BD6069EFE70000780200208C7A012024
:10EFC00070B50546FFF7D2FF08E0AC4201D100243E
:10EFD00006E0F2F72BFF006AA84201D00400F4D14A
:10EFE000204670BD10B50446F2F720FF8069002866
:10EFF000F9D12046BDE8104000F0B0BEF0B5384E63
:10F00000074687B0306890F8541041B1354C6169BB
:10F01000491C6161012905DD012007B0F0BDFFF742
:10F02000F1FEF9E7806CF2F7ABFE2F4D4FF0FF31A8
:10F0300000902161297821B181680291C068039014
:10F0400007E090F8281089073CD5D0E90010CDE9F9
:10F0500002101FB1394602A8F5F72AFA3068406C51
:10F0600078B3009804903068406C0168059140685E
:10F070000690686A30B104A8F2F7C0FE686AF2F739
:10F080007FFE049005A90498FFF7E8FE05A902A8F1
:10F09000F5F70EFA0DF11000F2F7B0FE696A19B13A
:10F0A00002A8FFF7E3FEB0B13068816C02A8FFF759
:10F0B000DDFE80B1DDE90201C4E90001FFF760FF78
:10F0C000ABE706E06069401E60616846F2F796FEB5
:10F0D00004E06846E0E76069401E606100209CE74C
:10F0E000780200208C7A012034030020FEB50D0048
:10F0F000044647D0F2F744FE00900021856101628A
:10F100002846F2F73DFE00990290C56991F8281053
:10F1100001F008062DB12846F2F732FE019036B113
:10F1200015E0C4616846F2F769FE02A828E090F88D
:10F13000280000070BD5009805620298C461684654
:10F14000F2F75CFE02A8F2F759FE01A818E002A847
:10F15000F2F754FE01A8F2F751FE2846F2F766FED8
:10F1600011E004620BE02846F2F760FE5EB990F809
:10F170002810090707D501980462009805626846BF
:10F18000F2F73CFEFEBD0190056A002DEBD1E8E7E9
:10F19000202203F035BC38B504001ED0F2F7F0FD94
:10F1A000009090F82810890714D5406A20B1F3F731
:10F1B000B3FB0099002048622046FFF721FA04467D
:10F1C00006E02046FFF7E7FF2046F2F72FFE046A2D
:10F1D000002CF6D16846F2F711FE38BD70B5064630
:10F1E00015460C460846F2F721FE806AC00302D598
:10F1F0004FF4804300E020232A4621463046BDE8F4
:10F200007040AFF300802DE9FF419846164607464F
:10F210000D0031D00846F2F7B3FD0090846A024633
:10F22000A00726D5394601A8F5F75FF908B340F6DF
:10F2300001000440012C07D0424601A9284603F0F2
:10F24000DFFB0098C46912E000984346026A8169B6
:10F2500001A8FFF7D8FFF4E7B4420AD0424601A95B
:10F260002046FFF74AFC2046F2F7E0FD046A002C36
:10F27000F2D16846F2F7C2FDBDE8FF812023FFF717
:10F28000C2BF000070B50C46002550B14CB100BFA4
:10F29000F2F7CCFD8069A04201D1012501E00028F0
:10F2A000F6D1284670BD10B50124F2F7BFFD90F8E5
:10F2B0002800C00600D50024204610BD70B5104DB2
:10F2C00006460E4C286804EBC00041683046FFF744
:10F2D000D9FF296804EBC102516829B100215268A5
:10F2E000B24203D1012202E00121F8E700220143EA
:10F2F000114301D0012070BD002070BD207B012092
:10F300003C03002090F828309B0711D5B0F900305D
:10F310008B420DDCB0F904308B4209DBB0F90210EE
:10F32000914205DCB0F90600904201DB01207047F4
:10F330000020704710B504460648C06806E0A042A9
:10F3400001D1012010BDF2F771FD40690028F6D10E
:10F3500010BD000034030020F0B58BB006004FF064
:10F36000000015460C4604900590069007903DD08D
:10F3700054EA05003AD03046F2F702FD0090D0E999
:10F380000012CDE902122A462146F3F737FE009813
:10F390002A4621460830F3F731FE0098C7696846CF
:10F3A000F2F72CFD2A462146384603F097FB3046FB
:10F3B000F2F7E6FC009090F8281089070AD58169D9
:10F3C00041B1026AFFF70AFF0098026A816902A848
:10F3D000FFF704FF6846F2F711FD0320049007AA27
:10F3E00008A831C204A9304600F054F90BB0F0BDB2
:10F3F0002DE9F14187B000250798F2F7C1FC019093
:10F40000D0E90212CDE9031207698669846A01A86E
:10F41000F2F7F4FC44F2200814EA080F30D0DFB110
:10F4200003A80799FFF722FDB0B10798FFF77AFC10
:10F4300060070DD556B144F30000401C0090002336
:10F4400007AA114903A8F3F78BFA05E00120F5E7B5
:10F45000079800F065F801250798F2F791FC0190F4
:10F46000816A21EA080181628A0402D541F004011F
:10F47000816201A8F2F7C2FC04498888401E888096
:10F4800008B02846BDE8F081AD41010834030020F2
:10F49000F0B589B00546F2F773FC0290866A0469FC
:10F4A000D0E90210CDE9001002A8F2F7A7FC002C69
:10F4B00031D0B0072FD52E212846FFF755FC174C29
:10F4C0006F46207800F101002070F0044FF00F0625
:10F4D00009D5CDE904650797FFF766FC04A928461E
:10F4E00000F0D8F810E03846FFF788FD0AE0CDE9D3
:10F4F00004650797FFF758FC04A9284600F0CAF8EE
:10F50000FFF73EFD0028F2D120782F21401E207009
:10F510002846FFF729FC09B0F0BD000034030020A5
:10F5200038B50446F2F72CFC0090806A40F60101E1
:10F530000840012805D06846F2F760FC204603F039
:10F54000A3FB1448006A002823D0204603F0F4FBF4
:10F550002046F2F76BFC8569046A18E02046F2F752
:10F5600065FC90F82800C043800702D1204603F0D4
:10F570009DFB204603F0E0FB2046F2F757FC046AAF
:10F58000002CEBD12846F2F751FC8569046A002D66
:10F59000F6D138BD34030020B0F90010B0F90420D2
:10F5A000914205DCB0F90210B0F90600814201DD9C
:10F5B00000207047012070477FB5094D074C28682F
:10F5C00054F82000002808D018210091694600F066
:10F5D00061F82968002044F821007FBD7C030020E9
:10F5E0003C030020094B1968002905D00022814204
:10F5F00006D108680AB1106070470028186070478B
:10F600000A4609680029F2D170470000440300202F
:10F6100070B505460948C0680CE000BFF2F706FC6B
:10F6200004464069A84205D12846F2F7FFFB40692D
:10F63000606170BD0028F1D170BD0000340300206E
:10F6400070B50646F2F7F2FB05468069002809D03E
:10F65000F2F7ECFB0446C069B0420ED1F2F7E6FBCC
:10F66000006AE06170BD00BFF2F7E0FB0146006A8E
:10F67000B04202D1286A086270BD0028F4D170BD82
:10F6800010B5FFF7AFFC002803DBBDE81040F3F72F
:10F690009BBD10BD70B50D4C06460D462068142864
:10F6A0000DDA3046F2F7C2FB01696E6041B12068A5
:10F6B000401C2060284688472068401E206070BD9E
:10F6C0002846BDE87040FEF7A1BE0000EC03002014
:10F6D00070B50C460546FFF7E6FD002805D021462B
:10F6E0002846BDE87040FFF7D5BF70BD7FB5054621
:10F6F000002000900190029003900C462846F2F7FB
:10F7000095FB0269002A03D06846CDE90045904781
:10F710007FBD1FB5CDE900106946FFF7BBFF1FBDD8
:10F720007FB505460E464868C9680391CDE90105D5
:10F730000D202C46009008E02046FEF76EFF0400E6
:10F7400003D069460396FFF7C3FF2046FFF704FA8C
:10F750000028F1D131462846FFF7BAFF7FBDF8B542
:10F76000CC680D46064684B1F2F70AFB0090B0F96A
:10F7700000002168081A206000996068B1F9021041
:10F78000401A60606846F2F739FB29463046FFF7B9
:10F79000C7FFF8BD2DE9FF4F81B09B46C66962E007
:10F7A0003046F2F7EDFA01460090D1E90004896A8B
:10F7B000254601F420730246802B09D0B3F5207F43
:10F7C000029B134406D063F30F02029B234405E01F
:10F7D00002EB0B0363F30F0204EB0B0301F4A061D4
:10F7E00063F30F04B1F5807F0BD0B1F5A06F0399DF
:10F7F0004FEA224307D0194461F31F4223140399AF
:10F8000006E00E991314194461F31F420E99231454
:10F8100019440FFA82FA61F31F440FFA80F91714A2
:10F820004FEA2048AAEB0901A7EB080251EA0200BF
:10F8300002D03046FFF79CF92AB221B2A2EB0900B0
:10F84000A1EB0A01091AC7EB2440C8EB2542821A32
:10F8500051EA020002D03046FFF7D9F90098066A53
:10F860006846F2F7CBFA002E9AD105B0BDE8F08FCA
:10F870002DE9F0411B4D0C460646A968686B014412
:10F88000491EA019884205D8016819B941680E447B
:10F8900003F02AFB686BA0420AD254F8040C271A22
:10F8A000386828B978680644384603F01DFB3C46A2
:10F8B000304602F069FE05EBC007324600212046C3
:10F8C0003B6C04F059F857F8400F083400B144601D
:10F8D0002060002060603C6028683044286030462A
:10F8E000BDE8F0813C7901202DE9F041054603F0A7
:10F8F00035F82B48C46BAC4202D8ED1C25F003044C
:10F90000804600680C34A04202D20020BDE8F0819D
:10F9100003F060FA0600F9D0204602F035FE4246B8
:10F9200011E000BF02EBC001096C59B18D686B6832
:10F93000A3420BD2A96829B18D686B68A34205D296
:10F94000002DF7D1401C1028ECD31FE0F5B1D8F8FA
:10F950003C00191B0C301F46814200D23C46284611
:10F9600003F0C2FA0421D8F8300001EBC6010023ED
:10F97000455022463146284603F0FEFFA74203DDEC
:10F980002919381BFFF774FF3046BFE7204603F004
:10F99000F3FA0028C0D0304603F03CFAB5E7000087
:10F9A0003C790120012070470449054A0968497CD7
:10F9B00052F821100968096909680847780200208F
:10F9C000F4020020F0B40F4C246814B1A446F0BC3B
:10F9D00060470D4DDFF834C010C855FA84F637780B
:10F9E000C4F30726C4F307441CF806602C5D521EBE
:10F9F00004EB461404EBC7240C801944ECD1F0BC92
:10FA0000704700005C02002004D1010804D2010804
:10FA10002DE9F041224F0546DFF888803868164608
:10FA20000C46407C58F8200000680069D0F810C0EF
:10FA3000BCF1000F03D02846BDE8F0416047012B20
:10FA400011D0022B1DD0042B0BD1396801CD497C7C
:10FA500058F82110096809690968884701C4761EA9
:10FA6000F3D1BDE8F081396801CD4A7C58F8221005
:10FA7000096809690968884704F8010B761EF2D104
:10FA8000EFE7396801CD497C58F821100968096908
:10FA90000968884724F8020B761EF2D1E1E70000DE
:10FAA00078020020F402002010B510C80C60194440
:10FAB000521EFAD110BD00002DE9F0478146F5F73E
:10FAC000BFFA4FF0000807466FF07F444546F5F750
:10FAD000CFFA060018D000BF56F82510494502D1CC
:10FAE0002846BDE8F0876D1CBD42F5DB5FF00005E0
:10FAF000484656F82510F2F7E1F9A04201D2044633
:10FB0000A8466D1CBD42F3DB4046EAE770470000A3
:10FB100010B5084A52FA80F1074BC0F30724C0F32E
:10FB200007401B5D105C097800EB431000EBC1201F
:10FB300010BD000004D1010804D201082DE9F05FD6
:10FB40009A46DDE90A8791460C4605468B461646DD
:10FB500035F8020B41468847B84701C4761EF7D1F5
:10FB60005046BAF1200F06D2024649465846BDE833
:10FB7000F05FF4F73BB8BDE8F09F2DE9F041054692
:10FB800040690E463421008801EB8000F2F724F82A
:10FB90000746F2F7F5F8044628688069F2F7B0FAEC
:10FBA000C1688A6A08219047032810DB04280DDD0C
:10FBB000082809DD102803DD20200421A06108E0C9
:10FBC00010200221A06104E0082000E004200121AF
:10FBD000A061216168690088E06148436061F2F7D3
:10FBE000A7F86169814200DD606104F13400002101
:10FBF0002060C4E9027184F83060012E05D0E1690B
:10FC00006FF0030202EB8101084460602046BDE80A
:10FC1000F08100002DE9F04385B08146F2F7B0F89D
:10FC20000390B0F90080B0F90270B0F90440B0F967
:10FC30000650466A03A8F2F7E1F8A4EB0804ED1BAE
:10FC4000641C6D1C002C01DD002D03DC002005B0C0
:10FC5000BDE8F083AEB13046F2F792F80490B0F907
:10FC60000440B0F9065004A8F2F7C8F840464445ED
:10FC700001D1BD424FD001463A463046F2F7E8FF87
:10FC800049E0FEF7A7FC814513D1F5F725FA0646B2
:10FC9000F5F72EFAB44201DC85420ADDB44200DDFC
:10FCA0003446854200DD05462A4621464846FFF790
:10FCB00085F81D4A1D4901208DE807002B46224684
:10FCC00039464046F3F730F806464846F2F758F80A
:10FCD000039046620EB3816A41F48031816203A8C9
:10FCE000F2F78CF83046F2F785FF07460120F3F76C
:10FCF0006BFF3046F2F7DFFE0D496C43A200097836
:10FD0000F4F7DCFC4846FFF7C3FB0020F3F75CFF89
:10FD10003846F2F76FFF304699E703A8F2F76EF81E
:10FD20004846FFF7B5FB91E7ECD4010844D501083C
:10FD3000E80300200349884202D101F13C007047EA
:10FD40000C387047787B012010B50446E069FEF757
:10FD500095FBE0690028F9D110BD00000146064A74
:10FD6000002000BF52F820308B4204D0401C0228F3
:10FD7000F8DB4FF0FF3070476C030020F7B51546F5
:10FD8000184A01A9009812689047174C0090206803
:10FD9000406920B12946F3F7CBF9002821D0012092
:10FDA000F4F7CCFB2068C069406920B18268DDE9C6
:10FDB0000001904712E00D4D0CE06846F3F754FD4A
:10FDC00006462068C069016830468847296809B13D
:10FDD000304688470198401E0190EED50020F4F788
:10FDE000ADFBFEBDF803002078020020A002002039
:10FDF0002DE9F04781460C4617461D46DDF8208068
:10FE0000B9B2A0B2F5F77CFD094800890949096833
:10FE1000088007E02E88084800680680A8F10108DD
:10FE2000641CAD1CB8F1000FF4DCBDE8F0870000E5
:10FE300018290020A0000020A40000202DE9F04F88
:10FE400085B091468A461F46834604AA03A90E9CA4
:10FE500002F0C7FB124D2346D5E90101039A8DE854
:10FE600007004A465146584602F02CFB2D1D60CD36
:10FE7000039937F8020B56F8048B8847414602F085
:10FE80000FFE0499884701C5641EF1D123464A46F6
:10FE90005146584601F0D4FB05B0BDE8F08F000094
:10FEA000DC0200202DE9FF4F83B081460E461C4640
:10FEB000DDE9117A109DDAF800000290DAF804000A
:10FEC00001902E4432480068007C00F0030030B1FD
:10FED000012836D002281CD0032855D130E000BFBD
:10FEE000207880222A41104008B1019800E0029851
:10FEF00003463146761C4846059A03F06FF9681CA4
:10FF00000546082801D10025641C781E071EE7D18C
:10FF10003AE000BF207880212941084028B13146CD
:10FF20004846019B059A03F059F9761C681C054662
:10FF3000082801D10025641C781E071EEAD123E0A1
:10FF400000BFD9F8101088688047804600BF20782D
:10FF500080212941084060B131464846059A02F0A7
:10FF600021FB83468BEA080331464846059A03F095
:10FF700035F9761C681C0546082801D10025641C4B
:10FF8000781E071EE3D100BF00BF07B0BDE8F08FA9
:10FF9000780200202DE9FF5F9046DDE90E924B4B81
:10FFA00099F80050C2F108048A465D5DDDE91071E0
:10FFB000D540474A139E1268127C12F0030225D0E6
:10FFC000012A03D0022A37D0032A7DD10069806834
:10FFD00080471FFA80FBBC4200D93C463F1BBAF168
:10FFE000000F65D0E8070AD0DAF808004146039A06
:10FFF000036850469847318881EA0B013180B61C6E
:020000040801F1
:100000006D0808F10108641EECD15BE02F4ABC4288
:1000100000D93C46B7EB040705F001006D0831F844
:10002000200026F8020B641EF6D1002F4CD019F8E0
:10003000010F0824155CEAE788881FFA80FBBC42A0
:1000400000D93C463F1BBAF1000F16D08DB1E8072E
:1000500008D0DAF808004146039A036850469847EA
:10006000A6F800B0B61C08F10108641E11D06D0896
:10007000ECE706EB4406A0440BE045B1E80701D0ED
:10008000A6F800B0B61C641E03D06D08F5E706EBB9
:100090004406002F18D019F8011F0C480824455CAD
:1000A000CDE719F8011F09480824455C93E70BE0E8
:1000B000E80703D0308880EA0B003080B61C6D085A
:1000C000641EF5D1002FECD1BDE8FF9FCCD3010811
:1000D000780200202DE9FF4F87B0DFF86CB1DDE931
:1000E0001550149CD0E90070824656481E4601EB1C
:1000F000040800684FF08009007C10F0030021D054
:10010000012803D0022858D003287DD10798006920
:10011000806880470746317829FA04F001420BD005
:100120004146099A079802F051FA80EA07034146CE
:10013000099A079803F022F9641C08F10108082CB9
:1001400079D07AE004AA03A90595079802F049FA44
:10015000DBE90102CDE90002039902912B464146F9
:10016000099A079802F0AEF903993846884700903B
:1001700003995046884782460027CB4631782BFAB0
:1001800004F0014201D0504600E00098DFF8B8903A
:10019000D9F8081051F8271002F082FC049988471A
:1001A000D9F80410641C082C41F8270001D1002460
:1001B000761C7F1C6D1EE1D133E004AA03A90595CE
:1001C000079802F00EFADBE90102CDE9000203997B
:1001D00002912B464146099A079802F073F9039958
:1001E000504688470027DA460090317829FA04F013
:1001F00001420ED0DAF8080050F82710009802F0FB
:100200004FFC0499884700E011E0DAF8041041F847
:1002100027007F1C641C082C01D10024761C6D1E55
:10022000E3D14146059B099A079801F009FA0BB002
:10023000BDE8F08FFFE70024761C6D1E7FF46BAFE6
:10024000F5E7000078020020DC0200202DE9FF4FD6
:1002500081B08A46DDF8388011ACDFF8FCB098F840
:1002600000509146DDE90F1745CC1BF80550C1F150
:100270000804CD4039495B460968097C11F0030147
:100280001ED0012903D002292FD0032961D1106883
:100290000069806880475946BC4200D93C463F1BF4
:1002A000EA0702D0326842403260361D6D08641E93
:1002B000F6D1002F4DD018F8012F08248D5CEBE704
:1002C0001946BC4200D93C46B7EB040705F00102D1
:1002D0006D0850F82220641E04C6F7D1002F38D0D4
:1002E00018F8012F08248D5CEBE740680090BC42B1
:1002F00000D93C463F1BBAF1000F16D08DB1E8077C
:1003000008D0DAF808004946049A0368504698472E
:1003100000983060361D09F10109641E11D06D0886
:10032000ECE706EB8406A1440BE045B1E80701D0F9
:1003300000983060361D641E03D06D08F5E706EBAB
:100340008406002F05D018F8011F08241BF801505F
:10035000CDE705B0BDE8F08FCCD3010878020020CE
:100360002DE9FF4F81B00F469846DDE90F9A98F8C6
:1003700000B00E9D0E9D2F4453480068007C00F095
:10038000030010B102284BD14BE0BAF1000F25D089
:1003900000BFC5F103004400C4F10601C0200841BC
:1003A00000EA0B0020FA04F65AF8260000903946BD
:1003B0007F1CDDE90030039A02F010FF681C05463F
:1003C000042805D1002508F10100804690F800B00E
:1003D000A9F10100B0F10009DBD121E000BFC5F1B6
:1003E00003004400C4F10601C020084100EA0B00EC
:1003F00020FA04F639467F1C3346039A019802F02E
:10040000EDFE681C0546042805D1002508F1010011
:10041000804690F800B0A9F10100B0F10009DED1EA
:100420004DE0BAF1000F26D000BFC5F10300440033
:10043000C4F10601C020084100EA0B0020FA04F6CE
:1004400046B15AF8260000903946DDE90030039A9B
:1004500002F0C4FE7F1C681C0546042805D1002557
:1004600008F10100804690F800B0A9F10100B0F158
:100470000009DAD122E000BFC5F103004400C4F155
:100480000601C020084100EA0B0020FA04F62EB154
:1004900033463946039A019802F0A0FE7F1C681C7F
:1004A0000546042805D1002508F10100804690F892
:1004B00000B0A9F10100B0F10009DDD100BF00BF1B
:1004C00005B0BDE8F08F0000780200202DE9FF5F45
:1004D0008B460FA9DDF83880B1E82104C0F1040192
:1004E000CCB298F80010400081402F48129F9146EE
:1004F0000068CEB2007C10F0030004D001283AD08E
:1005000002284FD114E0AC4200DDECB22D1BB10942
:100510003AF8210027F8020BB006060E641E14F00C
:10052000FF04F4D1002D3DD0042418F8016FEAE750
:10053000AC4200DDECB22D1BB0090DD0B109BBF10E
:10054000000F3AF82100388006D0DBF80800494651
:10055000039A036858469847B006BF1C060E641EEF
:1005600009F1010914F0FF04E6D1002D1AD004248A
:1005700018F8016FDCE7AC4200DDECB22D1BB009CE
:1005800003D0388880F0FF003880B006BF1C060E0C
:10059000641E14F0FF04F2D1002D03D0042418F8D7
:1005A000016FE8E7BDE8FF9F780200202DE9FF5FBB
:1005B000424893460EAA0068B2E89002007C0D19EA
:1005C0001E7810F0030198464FF0C0001CD002299D
:1005D00037D1B9F1000F55D04FEA000AC4F103003A
:1005E0004100C1F106022AFA02F03040C84006D0AC
:1005F00059F820305A462946009802F0BFFE6D1C7B
:10060000641C042C38D03AE0B9F1000F1BD08246AC
:10061000C4F103004100C1F106022AFA02F03040A1
:10062000C840294659F820306D1C5A46009802F0FF
:10063000A5FE641C042C02D118F8016F00247F1E53
:10064000E6D1BDE8FF9F8146C4F103004000C0F140
:10065000060129FA01F33340C34029466D1C5A466E
:10066000009802F08BFE641C042C02D118F8016F74
:1006700000247F1EE8D1E4E718F8016F00247F1EF4
:10068000ACD1DEE74FEA0009C4F103004000C0F13D
:10069000060129FA01F33340C34004D05A462946E3
:1006A000009802F06BFE6D1C641C042C02D118F83B
:1006B000016F00247F1EE7D1C3E70000780200200D
:1006C0002DE9FF5F8B460FA9DDF83880B1E82104E2
:1006D000C0F10401CCB298F80010400081402F48CE
:1006E000129F91460068CEB2007C10F0030004D047
:1006F000012839D002284ED113E0AC4200DDECB223
:100700002D1BB1095AF8210001C7B006060E641E60
:1007100014F0FF04F5D1002D3DD0042418F8016F2A
:10072000EBE7AC4200DDECB22D1BB0090DD0B109F6
:10073000BBF1000F5AF82100386006D0DBF8080042
:100740004946039A036858469847B0063F1D060E6F
:10075000641E09F1010914F0FF04E6D1002D1AD03E
:10076000042418F8016FDCE7AC4200DDECB22D1B6D
:10077000B00903D0386880F0FF003860B0063F1D34
:10078000060E641E14F0FF04F2D1002D03D00424E1
:1007900018F8016FE8E7BDE8FF9F0000780200202D
:1007A0002DE9F04107460D4690461C46069E08E09E
:1007B000424629463846236802F010FD761E6D1C1D
:1007C000241D002EF4DCBDE8F08100002DE9F04F7F
:1007D00085B091468A461F46834604AA03A90E9C0B
:1007E00001F0FFFE114D2346D5E90101039A8DE882
:1007F00007004A465146584601F064FE2D1D60CD63
:1008000001CF039956F8048B8847414602F048F916
:100810000499884701C5641EF2D123464A465146D1
:10082000584600F00DFF05B0BDE8F08FDC02002057
:100830002DE9F0479946DDE908540A9F92465FEAA0
:100840000108064608D0D8F8080023464A46D0F8E2
:1008500004C051464046E0473069C06830B1A2004C
:1008600029463846BDE8F047EFF7B3BE2846214693
:10087000002604C8120E02D1761C491EF9D156B1C9
:10088000B20029463846EFF7A4FE07EB860705EBD2
:100890008605A41B0CE02868010EFF2905D2C1F1D2
:1008A000FF023968F3F7A8FE38603F1D2D1D641E56
:1008B000002CDBD1BDE8F0872DE9FF4F81B00F465A
:1008C0009846DDE90F9A98F800B00E9D0E9D2F44D2
:1008D00053480068007C00F0030010B102284BD19F
:1008E0004BE0BAF1000F25D000BFC5F10100840034
:1008F000C4F10401F020084100EA0B0020FA04F6DC
:100900005AF82600009039467F1CDDE90030039A32
:1009100002F064FC681C0546022805D1002508F198
:100920000100804690F800B0A9F10100B0F1000983
:10093000DBD121E000BFC5F101008400C4F1040156
:10094000F020084100EA0B0020FA04F639467F1C2B
:100950003346039A019802F041FC681C05460228C0
:1009600005D1002508F10100804690F800B0A9F1FA
:100970000100B0F10009DED14DE0BAF1000F26D040
:1009800000BFC5F101008400C4F10401F02008415A
:1009900000EA0B0020FA04F646B15AF8260000904F
:1009A0003946DDE90030039A02F018FC7F1C681C10
:1009B0000546022805D1002508F10100804690F87F
:1009C00000B0A9F10100B0F10009DAD122E000BFC6
:1009D000C5F101008400C4F10401F020084100EADF
:1009E0000B0020FA04F62EB133463946039A0198DB
:1009F00002F0F4FB7F1C681C0546022805D1002587
:100A000008F10100804690F800B0A9F10100B0F1B2
:100A10000009DDD100BF00BF05B0BDE8F08F0000C8
:100A2000780200202DE9F05F92460BAA8946B2E8D1
:100A300042010A9F9B468B003A78C1F102009A401E
:100A4000D5B24D4A0E9CC0B21268127C12F003025D
:100A50001AD0012A79D0022A38D100295FD028097A
:100A60000DD02909B9F1000F38F82100208006D0F7
:100A7000D9F808005A465146036848469847A41CCE
:100A80000AF1010A761E48E039B12909761E38F8C4
:100A9000210024F8020B17F8015F022E10DB701002
:100AA00006F001062A0938F8221005F00F0221800D
:100AB00038F822106180241D17F8015F401EF1D123
:100AC000002E03D0290938F821002080BDE8F09FCE
:100AD00028090DD02909B9F1000F38F8210020802C
:100AE00006D0D9F808005A46514603684846984748
:100AF00015F00F000DD038F820006080B9F1000F1C
:100B000007D0D9F808005A460AF10101036848469F
:100B10009847241D0AF1020AB61E17F8015F022E3B
:100B2000D6DA002ED2D02809D0D038F82000208084
:100B3000B9F1000FCAD0D9F808005A4651460368E7
:100B40004846BDE8F05F1847FFE7B04200DDF0B26D
:100B5000361AA90903D0218881F0FF0121802907D5
:100B6000A41C0D0E401E10F0FF00F2D1002EADD0DF
:100B7000022017F8015FE8E7780200202DE9FF5F07
:100B8000424893460EAA0068B2E89002007C0D1914
:100B90001E7810F0030198464FF0F0001CD0022997
:100BA00037D1B9F1000F55D04FEA000AC4F1010066
:100BB0008100C1F104022AFA02F03040C84006D098
:100BC00059F820305A462946009802F0D7FB6D1C90
:100BD000641C022C38D03AE0B9F1000F1BD08246D9
:100BE000C4F101008100C1F104022AFA02F0304090
:100BF000C840294659F820306D1C5A46009802F02A
:100C0000BDFB641C022C02D118F8016F00247F1E6A
:100C1000E6D1BDE8FF9F8146C4F101008000C0F12C
:100C2000040129FA01F33340C34029466D1C5A469A
:100C3000009802F0A3FB641C022C02D118F8016F8B
:100C400000247F1EE8D1E4E718F8016F00247F1E1E
:100C5000ACD1DEE74FEA0009C4F101008000C0F129
:100C6000040129FA01F33340C34004D05A4629460F
:100C7000009802F083FB6D1C641C022C02D118F852
:100C8000016F00247F1EE7D1C3E700007802002037
:100C90002DE9F05F92460BAA8946B2E842010A9F0D
:100CA0009B468B003A78C1F102009A40D5B24D4A7A
:100CB0000E9CC0B21268127C12F003021AD0012AF4
:100CC00078D0022A37D100295ED028090DD0290911
:100CD000B9F1000F58F82100206006D0D9F80800BB
:100CE0005A465146036848469847241D0AF1010AAE
:100CF000761E47E031B12909761E58F8210001C45B
:100D000017F8015F022E10DB701006F001062A09A9
:100D100058F8221005F00F02216058F82210616087
:100D2000083417F8015F401EF1D1002E03D02909C5
:100D300058F821002060BDE8F09F28090DD029094E
:100D4000B9F1000F58F82100206006D0D9F808004A
:100D50005A46514603684846984715F00F000DD093
:100D600058F820006060B9F1000F07D0D9F80800EA
:100D70005A460AF1010103684846984708340AF1C7
:100D8000020AB61E17F8015F022ED6DA002ED2D064
:100D90002809D0D058F820002060B9F1000FCAD03F
:100DA000D9F808005A46514603684846BDE8F05F46
:100DB0001847FFE7B04200DDF0B2361AA90903D0A8
:100DC000216881F0FF0121602907241D0D0E401EBE
:100DD00010F0FF00F2D1002EADD0022017F8015F15
:100DE000E8E70000780200202DE9F04781460F4631
:100DF00092461C46DDE9085826480068007C00F051
:100E0000030010B1022841D11EE0B8F1000F0ED04E
:100E10000AE0267858F8263052463946484602F00D
:100E2000DDF96D1E7F1C641C002DF2DC0BE008E078
:100E3000237852463946484602F0D0F96D1E7F1C91
:100E4000641C002DF4DC21E0B8F1000F0FD00BE0A2
:100E5000267836B158F8263052463946484602F0D0
:100E6000BDF96D1E7F1C641C002DF1DC0DE00AE055
:100E700026782EB1334652463946484602F0AEF93E
:100E80006D1E7F1C641C002DF2DC00BF00BFBDE89E
:100E9000F0870000780200202DE9F04781462448C1
:100EA000DDE9085700681C469046007C0E4610F0AD
:100EB000030003D0022810D14FBB35E05FB917E023
:100EC00020784246314657F82030484602F056FA1C
:100ED0006D1E761C641C002DF2DCBDE8F0872378C3
:100EE00042463146484602F049FA6D1E761C641CA3
:100EF000002DF4DCF1E7207830B157F8203042467D
:100F00003146484602F03AFA6D1E761C641C002DEC
:100F1000F1DCE2E7237823B142463146484602F04D
:100F20002DFA6D1E761C641C002DF3DCD5E7000045
:100F3000780200202DE9FF4F83B015461E46DDE9FB
:100F400014BADDE91297DDF84080119808283FD0E7
:100F500006DC012809D0022818D0042863D126E035
:100F6000102844D020285ED14FE000240BE0621905
:100F70003B46CDE900B6CDF808A0DDE90301FEF758
:100F800091FF4F44641C4445F1DB4CE000240BE02E
:100F900062193B46CDE900B6CDF808A0DDE90301B2
:100FA000FFF7DEF94F44641C4445F1DB3BE00024CD
:100FB0000BE062193B46CDE900B6CDF808A0DDE9AB
:100FC0000301FFF779FC4F44641C4445F1DB2AE040
:100FD000002409E062193B46CDE9006ADDE903011E
:100FE000FFF702FF4F44641C4445F3DB1BE0002481
:100FF00008E062193B460096DDE90301FEF7F8FEC2
:101000004F44641C4445F4DB0DE0002408E0621901
:101010003B460096DDE90301FFF7C2FB4F44641C29
:101020004445F4DB00BF00BF07B0BDE8F08F00000F
:101030002DE9FF4F8DB0A848DDE91D860068DDE988
:101040001A970C46006EF0F79BFE0690406908B1B7
:10105000F0F796FE0A900698C068089006A8F0F788
:10106000CDFEA0190E900A9850B19B490968097CE1
:10107000890705D10EACCDF800900ECCF2F71EFC1E
:10108000DDE90E0102F094FF0446102F03D0182F63
:101090005CDB002056E000251FE000BFDDE90EB05C
:1010A0002844DDF828A0109E02905FEA08010FD0C6
:1010B00020000DD07200EFF705FABAF1000F07D04B
:1010C000DAF808003346594647685046029AB8474E
:1010D0001C986D1C8044089804444D45DEDBF1E00B
:1010E0000A980390DDE90EB10B985FEA0805084401
:1010F0000190DDF840A026461ED0EEB1039830B135
:101100008068534659464768019A0398B8470D9935
:1011100028680969096888473080039828B1806881
:101120005946019A036803989847B61C2D1D0BF188
:10113000010BBAF1010AEAD108981C9904440B98F2
:101140008844401C0B904845CADBBBE0082F03D005
:101150001F9800286CD06DE0002065E01F980028E3
:101160000A9832D0DDE90EA102900BEB010000904D
:101170001F9804905848109F454600682646007CFA
:1011800010F0030002D0022848D109E015F8011B35
:1011900004987F1E30F8210026F8020BF6D13DE0BE
:1011A000287858B1049931F820003080029828B18D
:1011B00080685146009A036802989847B61C6D1CD7
:1011C0000AF1010A7F1EEBD128E0DDE90EA10190B2
:1011D0000BEB010002904048109F464600682546F0
:1011E000007C10F0030002D0022817D105E03A4637
:1011F00041462046EFF766F910E0307840B128808C
:10120000019828B1806851460368DDE901029847DA
:10121000AD1C761C0AF1010A7F1EEED108981C99BC
:10122000044488440BF101008346484596DB49E0BD
:101230002A481F90002543E03846012F04D0022899
:101240001CD0042F37D128E023480068006EF0F747
:1012500097FD0690CDF80080109A1F990594CDE96E
:101260000310CDE901620F980A992B18DDE90D02F0
:10127000FEF790FE06A8F0F7C1FD1CE010991F983C
:10128000CDE90086CDE902100F9804942B18DDE912
:101290000D020A99FFF71AF90DE010991F98CDE990
:1012A0000086CDE902100F9804942B18DDE90D0299
:1012B0000A99FFF7B7FB1C990898884404446D1CF1
:1012C0004D45B9DB0A98002802D00AA8F0F796FD30
:1012D00011B0BDE8F08F00007802002090D0010826
:1012E0002DE9FF4F83B09946DDE91275DDE91068FD
:1012F00092460024DDF854B052E04046B8F1080FA1
:101300002FD007DC01280BD0022814D0B8F1040F2D
:1013100044D11BE010282ED0B8F1200F3ED134E08C
:10132000149A2B468DE8040ADDE9030104EB0A0256
:10133000FEF7D0FE32E0149A2B468DE8040ADDE970
:10134000030104EB0A02FFF731F927E0149A2B4658
:101350008DE8040ADDE9030104EB0A02FFF70EFC45
:101360001CE0CDE9009BDDE9030104EB0A022B46FA
:10137000FFF792FD12E0CDF80090DDE9030104EBE8
:101380000A022B46FEF75AFD08E0CDF80090DDE991
:10139000030104EB0A022B46FFF718FA3D44641CD4
:1013A000B442AADB07B0BDE8F08F00002DE9FF4F83
:1013B0008FB0A148DDE91C960068DDE91F870C4667
:1013C000006EF0F7DDFC0690406908B1F0F7D8FC3C
:1013D0000A900698C068089006A8F0F70FFD04EB85
:1013E000070010900A9850B193490968097C890751
:1013F00005D410ACCDF800900ECCF2F75FFADDE921
:10140000100102F0F3FD0446182E15DB002510E054
:101410001298CDF80080CDE9010411980A992B1893
:10142000DDE90F02FFF704FA1E9908988844044486
:101430006D1C4D45ECDBF6E0102E05D0082E3ED09D
:101440002198002873D0A7E0002034E01098029083
:1014500011990B98DDF828A00844DDF848B04646FD
:1014600001902546BAF1000F07D0DAF80800DDE94F
:10147000012147685B465046B8470F993088096993
:10148000496888472860BAF1000F06D0DAF80800EA
:10149000DDE9012103685046984702982D1D401C44
:1014A000B61C0290BBF1010BE7D108981E990444C9
:1014B0000B988844401C0B904845C7DBB3E00020E4
:1014C00064E0219800280A9832D0DDE910A1039049
:1014D0000BEB01000190219800905748129F454660
:1014E00000682646007C10F0030002D0022847D195
:1014F00008E015F8011B00987F1E50F8210001C676
:10150000F7D13DE0287858B1009951F820003060BB
:10151000039828B180685146019A03680398984758
:10152000361D6D1C0AF1010A7F1EEBD128E031E067
:101530000490DDE910A0584402903F48129F4546B0
:1015400000682646007C10F0030002D0022817D164
:1015500005E03A4641462046EEF7B4FF10E0287811
:1015600040B13060049828B180685146029A0368FF
:1015700004989847361D6D1C0AF1010A7F1EEED1B2
:1015800008981E99044488440BF10100834648459D
:1015900097DB48E029482190002542E0012E04D045
:1015A000022E1CD0042E37D128E023480068006E9C
:1015B000F0F7E6FBCDF800800690219A1299059489
:1015C000CDE90320CDE9017111980A992B18DDE9C5
:1015D0000F02FEF73BFE06A8F0F710FC1CE0219876
:1015E0001299CDE90210CDE90087119804942B18C7
:1015F000DDE90F020A99FFF763F80DE021981299CF
:10160000CDE90210CDE90087119804942B18DDE98B
:101610000F020A99FFF73CFB1E986D1C8044089846
:1016200004444D45BADB0A98002802D00AA8F0F716
:10163000E5FB13B0BDE8F08F7802002004D5010867
:101640002DE9F0430746114887B01D4600689046D3
:101650008946407C00F010FE0D4E044602462946A5
:101660007068F2F7C3FA002071680490CDE90201B6
:1016700005900120CDE9000438682B464246C16838
:101680004C684946A04707B0BDE8F08378020020C7
:10169000DC020020F8B505460E4614461F463B46C0
:1016A000224631462846009400F0E6F9F8BD08B518
:1016B000009200F07DFB08BD2DE9F047884686B01A
:1016C0009146A3EB08068246761C04AA03A900F003
:1016D00088FF164C3346D4E90101039A8DE80700D0
:1016E0004A464146504600F0EDFE11480068C06B86
:1016F0000068F3F72FFD074600250BE0A06850F8BF
:101700002510384601F0CCF904998847616841F802
:1017100025006D1CB542F1DB33464A464146504632
:10172000FFF78EFF06B0BDE8F0870000DC02002066
:101730007802002008B5009200F0A4FB08BD00006C
:101740002DE9F041134E9EB00125B46A04B9F46846
:101750006846F1F723FD10480068D0E90C875CB1BA
:101760002046FDF745FE00B16D1E2046F0F75EFBFA
:1017700044690CB1002DF3D14046B462F1F783FD0A
:101780003846F1F775FD6846F1F7EEFC1EB0BDE88E
:10179000F08100003403002078020020F8B50646EE
:1017A0000C4617461D4623463A46214630460095CC
:1017B00000F062F9F8BD00002DE9FC47DFF8AC80CD
:1017C00081461E46D8F8000015468A46006EF0F79E
:1017D000D7FA0190406908B1F0F7D2FA0090294693
:1017E000504602F0E5FB04460198C768D8F80000AF
:1017F000017CC90715D0D9F810008068804787B2EE
:10180000009820B181682A460B6851469847208885
:101810006D1C784020800198B542C0680444EFDD1B
:1018200019E0C06B0168009870B11FFA81F8009848
:101830002A4681680B6851469847A4F800806D1CC1
:101840003C44B542F3DD06E0701B401C89B22180A8
:101850003C44401EFBD101A8F0F7D0FA00980028C4
:1018600002D06846F0F7CAFABDE8FC87780200208B
:101870002DE9F0410F4E80461D46306814460F4654
:10188000007CC00706D112E022463946404602F0ED
:101890000DFC641CAC42F7DDBDE8F08130682246E7
:1018A0003946C06B0368404601F068FD641CAC42D9
:1018B000F4DDF1E7780200202DE9FC47284F1E46B1
:1018C000154638688946006EF0F75AFA019040696B
:1018D00008B1F0F755FA00902946484602F086FB19
:1018E000396804460198CA6B097CD0F80C801768E7
:1018F000C90715D0006800698068804707460098CE
:1019000020B181682A460B684946984720686D1CBB
:10191000784020600198B542C0680444EFDD13E0D0
:10192000009858B100982A4681680B684946984744
:1019300027606D1C4444B542F4DD05E0701B401C7B
:1019400027604444401EFBD101A8F0F757FA0098E5
:10195000002802D06846F0F751FABDE8FC87000085
:101960007802002001700120704700002DE9F04747
:10197000224C0426A06AE0B1E06806EBD0014518CD
:10198000E800FDF7B1FF070036D0216B06EBC7007A
:10199000B1460E58E0680836C2003046D4F82880B8
:1019A000EEF717FEA7622663E0684B4601466A1E03
:1019B0000EE01248BC30D0E901100830B1FBF0F560
:1019C000AD1CDDE7471C03EBC00C401C46F80C7057
:1019D0009042F7D309EBC0000022325021626068C8
:1019E000691A0844E56060605FEA080001D0F0F71A
:1019F00021F90020BDE8F0870120FBE73C790120B8
:101A0000F8B51A4DE86AE8B1F0F786FEEC6813E025
:101A10002046F0F7B5F90090018D090408D5264657
:101A200044696846F0F7EAF93046FCF727FD03E021
:101A300044696846F0F7E2F9002CE9D10020E86239
:101A4000F2F74CF8A86900B180470948006808B16E
:101A5000804738B90748006890F8540020B1F1F782
:101A60001DFB08B10120F8BD0020F8BD34030020A3
:101A70009C02002078020020F0B50646059CC84D67
:101A8000AD8849F24137BD420BD0C54DAD8845F216
:101A90001037BD4205D0C24DAD8846F60407BD42A1
:101AA0007ED1BF4D6D89BF4F3F683D80C1F30F258B
:101AB000BD4F3F683D80CDB2BB4F3F683D80C3F313
:101AC0000F25B94F3F683D80DDB2B74F3F683D807D
:101AD000B34DAD89B34F3F683D80C2F30F25B24F80
:101AE0003F683D80D5B2B04F3F683D80C4F30F25BD
:101AF000AD4F3F683D80E5B2AB4F3F683D80A84D9C
:101B00006D89A84F3F683D80C1F30F25A64F3F6800
:101B10003D80CDB2A44F3F683D80A14DAD89A14F1E
:101B20003F683D80C2F30F259F4F3F683D80D5B28F
:101B30009D4F3F683D80A51A6D1C5F1A7F1C05FBF9
:101B400007F0974D2D89974F3F683D8006E0974DF0
:101B50002D68ED6B2D88944F3F683D80051EA0F1E8
:101B60000100F4D18E4D6D898E4F3F683D80002578
:101B70008D4F3F683D808C4F3F683D80884D2D885C
:101B80002D12894F3F683D80854D2D78864F3F68E7
:101B90003D80834DAD89834F3F683D80002500E047
:101BA00011E0814F3F683D807F4F3F683D807C4D15
:101BB0006D882D127C4F3F683D80794DAD787A4F0E
:101BC0003F683D80EAE0764DAD8845F21057BD4252
:101BD000F8D1734D6D89734F3F683D80C1F30F2578
:101BE000714F3F683D806E4D6D896D1C6D4F3F6834
:101BF0003D80CDB26C4F3F683D80694D6D89AD1C15
:101C0000684F3F683D80C3F30F25674F3F683D80B5
:101C1000634D6D89ED1C634F3F683D80DDB2624FBF
:101C20003F683D805E4DAD895E4F3F683D80C2F3A9
:101C30000F255D4F3F683D80594DAD896D1C594F53
:101C40003F683D80D5B2584F3F683D80544DAD89C7
:101C5000AD1C544F3F683D80C4F30F25524F3F6881
:101C60003D804F4DAD89ED1C4E4F3F683D80E5B244
:101C70004D4F3F683D804A4D6D894A4F3F683D80DA
:101C8000C1F30F25484F3F683D80454D6D896D1C60
:101C9000444F3F683D80CDB2434F3F683D80404D4B
:101CA000AD89404F3F683D80C2F30F253E4F3F68EE
:101CB0003D803B4DAD896D1C3A4F3F683D80D5B2AC
:101CC000394F3F683D80A51A6D1C5F1A7F1C05FBCC
:101CD00007F0334D2D89334F3F683D8006E0334D8B
:101CE0002D68ED6B2D88304F3F683D80051EA0F1BB
:101CF0000100F4D12A4D6D892A4F3F683D800025AF
:101D0000294F3F683D80264D6D896D1C254F3F68EA
:101D10003D800025244F3F683D80214D6D89AD1CDD
:101D2000204F3F683D801E4D2D882D121E4F3F686D
:101D30003D801B4D6D89ED1C1A4F3F683D80184D4D
:101D40002D78194F3F683D80154DAD89154F3F687F
:101D50003D800025144F3F683D80114DAD896D1CBD
:101D6000104F3F683D8000250F4F3F683D800C4D70
:101D7000AD89AD1C0B4F3F683D80094D6D882D121C
:101D8000094F3F683D80064DAD89ED1C054F3F680A
:101D90003D80034DAD78044F3F683D80F0BD0000AD
:101DA00018290020A0000020A400002078020020B4
:101DB0002DE9FF4FDFF8A0A00C4685B0DAF800004F
:101DC000DDF848801F46C16B154609680391006E17
:101DD000EFF7D6FF01902946204602F0E9F80646C3
:101DE0000198391B01F1010BD0F80C90406950B3F8
:101DF000EFF7C6FFA8EB0501491C00915B462A4698
:101E000002902146F1F75AFD02A8EFF7F7FF1AE01A
:101E1000DAF80000007CC0070DD005985F46344614
:101E200000698068804780B22188414024F8021B05
:101E30007F1EF9D105E003985A4681B23046F2F789
:101E400063FC4E446D1C4545E2DD01A8EFF7D6FF6B
:101E500009B0BDE8F08F0000780200202DE9F041C4
:101E60001E4614460F468046069D06E0334622462F
:101E700039464046FFF720FC641CAC42F6DDBDE865
:101E8000F08100002DE9FE4F264E1F4614463068B3
:101E90000D46DDF83090006EEFF772FF019021469D
:101EA000284602F0A3F8791B01F1010A3168804647
:101EB0000198C96BD0F80CB00E68406958B3EFF7C1
:101EC0005FFFA9EB0401491C009153462246029092
:101ED0002946F1F7F3FC02A8EFF790FF1BE0114849
:101EE0000068007CC0070CD0019857464546006842
:101EF0000069806880472968414002C57F1EFAD189
:101F000007E0BAF1000004DD01464046491E40C02A
:101F1000FCD1D844641C4C45E1DD01A8EFF76EFF0D
:101F2000BDE8FE8F78020020FEB54F4CD4E90201D7
:101F3000CDE90001206970B3A089401C00B2ADF862
:101F400000006189ADF80210B4F90410884207DD81
:101F50002088ADF80000E08910F10100ADF8020022
:101F6000BDF90200B4F90610884274DC3F4D2868C0
:101F7000806CEFF705FF0290BDF90000B4F9001086
:101F8000884220D1E088ADF80600A088ADF80400B2
:101F90002868806C0FE0FFE72088ADF800006088BB
:101FA000DCE700BFEFF742FF0646006A0022694601
:101FB00000F0D5F8B0690028F4D1029800226946F3
:101FC000C06900F0CCF8BDF80000ADF80400286846
:101FD000806C0AE0EFF72AFF0646006A0022694695
:101FE00000F046F80028EED1B0690028F2D102983E
:101FF00000226946C06900F03BF80028E3D1B4F93B
:102000000400BDF90010ADF80400884207DADDE9EC
:102010000001C4E9020102A8EFF7F0FE98E7286882
:10202000806C08E0EFF702FF0546006A002269466F
:1020300000F05CF8A8690028F4D1029800226946F3
:10204000C06900F053F802A8EFF7D8FE206944F603
:102050002061884201DD0020FEBDDDE90001C4E908
:1020600002010120FEBD00008C7A012078020020D0
:10207000FEB517460E460546002433E02846EFF726
:102080007FFE0090856A0146A80726D527B13A460B
:1020900001A8F2F72AFA03E0D1E90001CDE9010134
:1020A00001A93046F1F744F8B8B1E80702D000982A
:1020B000C56910E0BDF80800401C308001240CE028
:1020C00001AA31462846FFF7D3FF00B10124284674
:1020D000EFF7ACFE056A002DF2D10098056A68465C
:1020E000EFF78CFE002DC9D12046FEBDFEB5164689
:1020F0000D46044630E02046EFF742FE0090846A29
:102100000146A00723D526B1324601A8F2F7EDF922
:1021100003E0D1E90001CDE9010101A92846F1F769
:1021200007F8A0B1E00702D00098C4690DE0BDF83F
:102130000400401EA8800AE001AA29462046FFF7B5
:10214000D5FF2046EFF772FE046A002CF4D1009808
:10215000046A6846EFF752FE002CCCD1FEBDFEB5F6
:1021600016460D46044648E02046EFF709FE00906B
:10217000846A0146A0073BD526B1324601A8F2F792
:10218000B4F903E0D1E90001CDE9010101A9284634
:10219000F0F7CEFF00B3E00702D00098C46925E055
:1021A00000983EB1B0F90210B6F90200814203DD99
:1021B000084601E0B0F90200B5F90210814205DAE3
:1021C000BDF90600401E03E0E88011E0BDF90A00F9
:1021D000B5F906108842F7DB0AE001AA2946204635
:1021E000FFF7BDFF2046EFF721FE046A002CF4D173
:1021F0000098046A6846EFF701FE002CB4D1FEBDDA
:102200002DE9F0410C46C96886B049B306685EB353
:1022100094F83000012829D0E2696FF003032068A8
:1022200003EB8202656810446060276A2D1D284612
:10223000A269F1F7DBFC61694FF000080291CDE97A
:102240000358CDF81480A1690120CDE90001F068A0
:10225000E368E26A456839463046A847C4F80C800E
:10226000002006B0BDE8F0810120FAE7256865602E
:10227000A76ADCE7EFF7DEBC044810B50068407CD5
:10228000F2F7CAFE182800D1202010BD78020020E5
:102290002DE9F0470D46B3F9041006461C46914659
:1022A000B14220DCB4F90800B0421CDBB4F90600EE
:1022B000A84218DCB4F90A20AA4214DB2F1A711ABA
:1022C00088463A466069F0F7E1F860B1B4F9080071
:1022D000B4F90410401A401C00FB0780203454F865
:1022E0002000BDE8F087D9F800000028F9D0C168C7
:1022F0002A464B693146BDE8F047184700787047D9
:10230000012070470246012901D102487047002090
:10231000FCE70000D0D00108012901D0002070475F
:1023200000487047D0D0010800207047012901D033
:10233000002070470048704744D501080246A1F1CB
:102340000900082813D2DFE800F00406080A120C7E
:102350000E10084870470848FCE70848FAE70848A4
:10236000F8E70848F6E70848F4E70848F2E70020ED
:10237000F0E700003D37010863370108B536010872
:102380000B2801085B2B01084B2B01085131010878
:10239000162901D00020704700487047692F0008B7
:1023A000026812680260D268526A1047162901D08A
:1023B0000020704700487047212E000803460A4657
:1023C00099680F2A1FD2DFE802F01E080A0C0E1EC1
:1023D0001E1E10121416181A1C00486870478868D0
:1023E000FCE7C868FAE70869F8E78869F6E70020BB
:1023F000F4E70120F2E70120F0E70020EEE70020FB
:10240000ECE70020EAE74FF0FF30E7E770B5002483
:102410000D46022807DAEFF773FE20B1C1688A6A19
:10242000294690470446204670BD0068C268926AFB
:1024300010470068C268926A1047082901D000203E
:102440007047202070470000044805490068407C20
:1024500051F8200000680069806800477802002079
:10246000F402002010B5F2F7EBFDB0F5807F03D049
:10247000802803D307211AE0082118E0402801D35F
:10248000062114E0202801D3052110E0102801D3F3
:1024900004210CE0082801D3032108E0042801D31B
:1024A000022104E0022801D3012100E000210120E3
:1024B0008840401E10BD4FF0FF3070474FF6FF7050
:1024C000704700002DE9FF4F83B089460398DDF87F
:1024D00048B0109D006803909846C0689246016815
:1024E00004291DD0426A012103A890470446012611
:1024F00009EB080748467F1EACB1CDE900A53B4675
:10250000524649460398A047D6B115480068407C1A
:10251000FFF7B2FE024641462846F1F713FE0FE0F0
:10252000104C0026E4E72E46044607E00398524686
:10253000C1684B692146984701C6641CBC42F5DD61
:10254000002407E055F8240059468847119941F8BE
:102550002400641C4445F5DB07B0BDE8F08F0000A3
:1025600078020020392E010870B5002406460125A6
:1025700031462846FFF74AFF844200DA04466D1EC2
:10258000F6D5204670BD00000146054A0F2000BF69
:1025900002EBC003DB6B8B4201D9401EF8D57047BC
:1025A0003C7901202DE9F04107460C461546A9B2B9
:1025B000A0B2F2F75DFE06463046BDE8F08110B5E8
:1025C0000846114601F0F4FC008810BD0068C3689D
:1025D0005B69184710B50846114601F007FD006811
:1025E00010BD03681B695B680B60006800690068C8
:1025F00010607047826800230B804B8093895B1EBC
:102600001BB28B80138A5B1E1BB2CB80704738B520
:102610000C468068EFF7B4FB009081882180C18868
:102620006180818802891144491EA180C188408946
:102630000844401EE0806846EFF7E0FB38BD0068C4
:10264000C268126B104738B50C468068EFF798FBEC
:10265000009081882180C18861808188028911442D
:10266000491EA180C18840890844401EE080684618
:10267000EFF7C4FB38BD0000024909684884002018
:102680007047000078020020024909688884002011
:102690007047000078020020054A904201D1503A6C
:1026A00001E000F1080209B18A4200D010467047EB
:1026B000F47A01200349884202D1A1F13C0070471D
:1026C0000C307047B47B01200021FFF7E5BF00000C
:1026D0000449054A0968497C52F8211009680969CA
:1026E0004968084778020020F4020020F0B4124C38
:1026F000646814B1A446F0BC6047541E04FB030494
:1027000001EB82000D4DDFF838C0001F2188E41A6C
:1027100001F01F06521EAF5DC1F3451605EBD12136
:102720001CF80660097801EB062101EB074140F82F
:102730000419EBD1F0BC70475C02002004D30108FF
:1027400024D301082DE9F041224F0446DFF88880A8
:10275000386816460D46407C58F82000006800692D
:10276000D0F814C0BCF1000F03D02046BDE8F04102
:102770006047012B11D0022B1DD0042B0BD13968DF
:1027800001CC497C58F821100968096949688847D3
:1027900001C5761EF3D1BDE8F081396814F8010B4C
:1027A0004A7C58F82210096809694968884701C5B8
:1027B000761EF2D1EFE7396834F8020B497C58F8FD
:1027C0002110096809694968884701C5761EF2D158
:1027D000E1E7000078020020F402002010B5046850
:1027E000184410C1521EFAD110BD70B50446F2F75C
:1027F00027FC0546F2F73CFCAC4201D3002070BD3B
:102800000028FCD050F8240070BD70B50446204666
:1028100000F08EF8054600220121A069F3F778FB4D
:102820000543284670BD000070B5224C606870BB3F
:1028300004F11001204808600846F1F737FFF2F76D
:1028400044FC80000546EFF71FFA606080B3A06883
:10285000E8B92846EFF718FAA06038B1002504F16E
:10286000180600BF56F8250020B10DE06068EFF7AC
:10287000FFF91DE011492B46002201F11800EFF786
:1028800081FB46F8250020B16D1C022DEADB0020FB
:1028900070BD6068EFF7ECF9A068EFF7E9F9002484
:1028A00056F8240008B1EFF7A9FB641C022CF7DBF3
:1028B000012070BDDC020020CD2B010864D301088B
:1028C00070B5184D0446E868011DC0E90E01091DE8
:1028D00000646161417C05F1240050F82100C16869
:1028E0000A6B04F1080190470F48E066A868E061B0
:1028F000E8680830606101202076FBF76BFEA06479
:10290000032084F870006FF0704020636063002043
:10291000F2F7ACFF6FF07F40F2F7E0FF0348286169
:1029200070BD00006C020020B0B60108B0D30108F1
:1029300070B50446A06858B91C20EFF7A5F9A0604F
:10294000A5682169886880470646F3F7C9FBA86136
:10295000A06808B9012070BD0020FCE72DE9F04116
:10296000244C94F82400002841D1012504F1BC0630
:1029700084F8245071684FF42050814200D90146F8
:10298000306800F043FFB06810B970688008B0602C
:102990001A49194808600846F1F788FE5A20E06194
:1029A0000020102101FA00F204EBC003401CDA639E
:1029B0001028F7D3D6E900100223C4E902030E1849
:1029C000143EC4E90C6100224FF0040C5B1E05E0CC
:1029D000571C0CEBC20E521C46F80E709342F7D8EF
:1029E00025626360FCF744FFFEF7C0FFE562BDE8C7
:1029F000F08100003C7901206D2B01086402002069
:102A0000FEB514460D460646EFF710FA0090836AAD
:102A1000980731D52846FCF7BFFD00282CD040F69A
:102A200001000340012B27D03046EFF7A9F90246F9
:102A30000090294601A8F1F758FD01A8FCF7ACFD6C
:102A4000B8B1009944F22002886A104205D00831DA
:102A500001AA0846F0F7A6FA0BE0DDE901232043BE
:102A60008862C1E9022305498888401C8880F0F704
:102A7000A3FC6846EFF7C2F9FEBD00003403002056
:102A800010B5401A029CE41A4443501A94FBF0F02B
:102A9000184410BD7047884200DD084670470000AA
:102AA00070B50B4A0C4B0A4DD4680A4A1268527C26
:102AB00053F822209269AA5C14B162F31F6070BDC2
:102AC000C2F1FF02F1F798FD20F07F4070BD0000D9
:102AD000DC02002078020020900200202DE9F0475F
:102AE0008AB00446002091468A46019002900390E5
:102AF00006AE4FF00308049022E02046EFF740F9BD
:102B00004A4651460090F0F779FA00984A465146F5
:102B10000830F0F773FA0098D0E907576846EFF7E6
:102B20006DF94A4651462846FFF7D8FFCDF8048094
:102B3000CDE906A901A920460496FCF7ABFD3C4669
:102B4000002CDAD10AB0BDE8F08710B504460022A7
:102B50000621A069F3F7DCF910BD10B50446002288
:102B60000521A069F3F7D4F910BD00000B4910B599
:102B7000002081F824000146084880223C30F1F70B
:102B80009DFDBC2200210548F1F798FD03480C2269
:102B90000021BDE81040BC30F1F790BD3C79012028
:102BA000084910B500208861014678220648F1F7EF
:102BB00085FD044808220021BDE810402430F1F7CB
:102BC0007DBD00006C020020047A012070B50C4C21
:102BD0006068EFF74DF800256560A068EFF748F8EA
:102BE000A560074E0024183656F8240018B1EFF7F8
:102BF00005FA46F82450641C022CF5DB70BD000079
:102C0000DC02002010B5034C2069EFF731F80020FA
:102C1000206110BDFC02002010B5034C6068EFF786
:102C200027F80020606010BD240300200B4A10B577
:102C300000215170D162084602F1500402F14803AC
:102C4000C2F8101044F8201043F82010401C02284D
:102C5000F8D3116251625161D16110BD340300207B
:102C600010B5084CA068EFF703F8E068EFF700F83C
:102C70002069EEF7FDFF00202061E060A060606148
:102C8000A06110BD9003002010B50446EFF7CEF808
:102C9000806AC00301D5034900E003492046BDE82E
:102CA00010400847A92B000891F400082DE9FC41C9
:102CB0001F4C80462068806CEFF762F80090404619
:102CC000EFF75EF80146019000980830F0F730FA0F
:102CD00028B32068009A0199D0E91356083201F10F
:102CE0000800F1F702FC6846EFF788F8114FC7F8C3
:102CF000248001992068B1F90020C264B1F9021062
:102D0000016501A8EFF77AF84046FFF7BDFF002004
:102D100078622068C0E913560120BDE8FC8168464E
:102D2000EFF76CF801A8EFF769F80020F5E700006D
:102D300078020020340300202DE9FC410546EFF71E
:102D40001FF8009090F8281089073DD5C46939E034
:102D50002046EFF715F8019090F82810C94389072D
:102D60002BD100990831F0F7E3F930B30098D0E99E
:102D700002676846EFF742F801A8EFF73FF82046F0
:102D8000FFF794FF70B12046EFF750F8019020460E
:102D9000FFF7D2FF2046EFF749F801902846EFF7FA
:102DA00045F800902846EEF7EBFF00902046EEF73E
:102DB000E7FF01900098C0E902670198046A01A842
:102DC000EFF71CF8002CC3D16846EFF717F8BDE801
:102DD000FC81000010B50E4C6168E06A814209D8A0
:102DE000401EE062FEF7C2FDE16A491CE16208B1E3
:102DF000002010BD60680422401E6060206A216BC4
:102E000002EBC0028A582262012201F8302010BD74
:102E10003C790120074910B54A680424521C4A60D5
:102E20000A6B04EBC0040B6A1351002302F8303024
:102E3000086210BD3C7901202DE9FF5F224C9246CB
:102E40000E462068006EEFF747FE80462068006E51
:102E5000EFF776FE07462068006EEFF757FE8146D3
:102E6000BA452EDB46452CDB2068A346006EEFF703
:102E700009FE0546082801DC012404E0102D01DCD0
:102E8000022400E00424DBF80000006EEFF713FEDC
:102E9000A6EB0802AAEB070303FB092101FB0400D0
:102EA00003998E1B761C014606FB04F20F98EDF782
:102EB00009FB0F9804B02A463146BDE8F05FF1F7F0
:102EC00041B9BDE8FF9F00007802002013B50068FB
:102ED0000199FFF795F90198846801A8EEF78EFF34
:102EE0002046EEF7A7FE1CBD10B504464068FFF76C
:102EF0004BFB0146084863680268D21A026000EB87
:102F0000C102D4E90201403200B1416009B1086058
:102F100010BD106010BD00003C7901207CB505009B
:102F200025D0144C2068A84206D1EEF729FF009066
:102F300080682060684611E004462046EEF720FFD6
:102F400001908068A8420DD1EEF71AFF0199009018
:102F5000806888606846EEF751FF01A8EEF74EFFE3
:102F600000207CBD044601A8EEF748FFE5E70120FC
:102F70007CBD0000040400202DE9F05FDFF89480A0
:102F80008346D8F83440D8F80810601E0F18204641
:102F9000D0E90015B9BB6619BE4236D2D6E9001990
:102FA00089B3D8F8303013F83130012B2DD1D8F84F
:102FB0002820914201D1012100E000218A46FFF73B
:102FC00093FF3068D8F83010042202EBC0004A4664
:102FD0000C5031462046EDF7BAFABAF1000F05D091
:102FE000D8F83010321B891AC8F8301004EB0901E8
:102FF0002846FCF73DFCBBF1000F05D0834503D804
:103000000020BDE8F09F00E04D462C44BC42BED3FA
:103010000120F6E73C7901202DE9F8431F46904650
:103020000E4605000AD0EEF7ABFE3A464146009048
:10303000FCF768F928B10098C46912E00020BDE8E7
:10304000F8836846EEF7DAFEF8E73B46424631463B
:103050002046FFF7E1FF00B105462046EEF7E6FE09
:10306000046A0CB1B442F0D16846EEF7C7FE2846B8
:10307000E5E7000070B50646064814460D460068B0
:10308000FBF7B4FA23462A463146BDE87040FFF705
:10309000C3BF00003C030020064910B509684A6B15
:1030A000824206D04863F1F769FCBDE81040F2F7B0
:1030B000E3BB10BD780200201FB504460F4801682D
:1030C000486C38B102680292406803900C48406A2C
:1030D00018B901E020460EE0886CEEF751FE02A917
:1030E0000090FBF7BBFE6846EEF788FE214602A87B
:1030F000F1F7DEF902A8F2F7CBFB1FBD7802002042
:1031000034030020064910B509680A6B824206D0D4
:103110000863F1F733FCBDE81040F2F7E5BB10BDE2
:103120007802002030B509490B681A7C82EA000455
:10313000640707D59C6BDB6B25681B6823600B68F5
:10314000DB6B1D6009680874104630BD78020020F2
:103150007CB504460D4616460020009001908DF87F
:10316000045000966A460421A069F2F7D1FE7CBDA6
:103170000A490B48D1E90032934202DAC0E9083229
:1031800001E0C0E90823D1E902218A4202DAC0E95C
:103190000A217047C0E90A12704700007C7A0120BA
:1031A000AC0200207CB504460D4616460020009077
:1031B0000190009501966A460321A069F2F7A8FEE6
:1031C0007CBD0068C3681B6A18470068C3681B6A37
:1031D00018470068C3681B6A1847000030B5524C96
:1031E000A48849F24135AC4205D04F4CA48845F241
:1031F0001035AC421CD14C4C64894C4D2D682C8050
:10320000C1F30F244A4D2D682C80CCB2484D2D6857
:103210002C80454CA489454D2D682C80C2F30F2489
:10322000434D2D682C80D4B2414D2D682C8071E027
:103230003D4CA48846F60405AC4224D13A4CA488FF
:10324000012C03D1384C2488641E611A364C6489E1
:10325000364D2D682C80C1F30F24354D2D682C8000
:10326000CCB2334D2D682C802F4CA4892F4D2D6866
:103270002C80C2F30F242E4D2D682C80D4B22C4DFF
:103280002D682C8046E0284CA48845F21055AC42AD
:1032900028D1254C6489254D2D682C80C1F30F243D
:1032A000234D2D682C80204C6489641C1F4D2D6893
:1032B0002C80CCB21E4D2D682C801B4CA4891B4D3C
:1032C0002D682C80C2F30F24194D2D682C80164CCC
:1032D000A489641C154D2D682C80D4B2144D2D6822
:1032E0002C8017E0104CA488012C03D10E4C2488AC
:1032F000641E611A0C4C64890C4D2D682C800C4D99
:103300002D682980084CA489084D2D682C80084D13
:103310002D682A80044C2489044D2D682C80044D8E
:103320002D682B8030BD000018290020A00000204F
:10333000A40000207CB510481C46154600680E46C7
:10334000006EEEF71DFD01902946304600F030FE7C
:1033500004800198406950B1EEF712FD0090816839
:103360002A460B68314698476846EEF747FD01A8A4
:10337000EEF744FD7CBD0000780200202DE9F0410D
:10338000046898461646E0680F4643692046984709
:103390002169496888470546206941684046884751
:1033A0002946FFF77DFB2169096888470346E068E5
:1033B0003246394685692046AC46BDE8F041604753
:1033C0007CB510481E46144600680D46006EEEF7A8
:1033D000D7FC01902146284600F008FE06600198BF
:1033E000406950B1EEF7CCFC0090816822460B6832
:1033F000294698476846EEF701FD01A8EEF7FEFC66
:103400007CBD0000780200202DE9F74FA8B0EEF750
:10341000B7FC039001680891B0F9042029998A4209
:103420000AD1B0F906002A99884205D103A8EEF71F
:10343000E5FC2BB0BDE8F08F0020EFF7DBFB25901B
:10344000089882699A4818920168487C17908242CD
:1034500000D04A740398B0F904100991B0F908201B
:10346000B0F906B0A2EB0101B0F90A2001F1010A9E
:10347000A2EB0B0101F101012491017C89077DD5AB
:1034800041690C9100F120011B91099A2999A1EB46
:1034900002082A99B8F1000FA1EB0B074FF0FF319A
:1034A00009DD012210920022554616926A1ECDF8BF
:1034B00038801E9209E0AAF10102169200220E92B3
:1034C000169A0D46424410911E92002F09DD0121EB
:1034D000DDF890901D91A9F101011F9700240B9137
:1034E00007E01D91249C89460021641E1F91E1196B
:1034F0000B91C068EEF744FC2190089804A9C068BD
:10350000026B0898904710990398FCF736FB1A90C5
:1035100010990398FCF731FB2290A1E01F98844298
:1035200004DB0B98844201DC012000E0002026909F
:103530000BEB040038440790169E8CE0002023908B
:10354000224631460C98EEF7A1FF209000287DD04E
:103550001B9800EB860104FB0AF001EB80000F9042
:103560000998811901EB080006900E98864208DB45
:103570001E98864205DC269818B100E07EE0012006
:1035800000E000200090BDF910100698814215DC83
:10359000BDF912100798814210DCBDF9141006988D
:1035A00081420BDBBDF916100798814206DB01460C
:1035B000039B089A0698FEF76BFE2390009840B193
:1035C000B6EB080120D4E21B1ED40C98EEF75EFF88
:1035D000D0B90998BDF91020304404EB0B018242A8
:1035E00012DCBDF912208A420EDCBDF914208242A1
:1035F0000ADBBDF916208A4206DB229A00920F9A56
:10360000089B126800F075F8BDF910100698814209
:103610001ADCBDF912100798814215DCBDF91410AF
:103620000698814210DBBDF91610079881420BDB2A
:10363000DDE920010DF1180C51F820201A980090B6
:10364000BCE80B0000F055F80F9900E001E023986A
:10365000086010980644AE427FF470AF1D98044491
:103660004C457FF45BAF1A990398FFF72FFC229922
:103670000398FFF72BFC21A8EEF7C0FB03982999CC
:1036800081802A99C18029995144491E0181249A37
:103690002A991144491E4181DDE91710884203D05F
:1036A00008460349096848742598EFF7A3FABDE670
:1036B000780200202DE9FC4105460E461746002001
:1036C000009001902846FFF733F9A86878B1AC68FC
:1036D000606908B9304600E0606960616660A760B3
:1036E000009601976A460721A869F2F711FCBDE828
:1036F000FC812DE9F0410646069C0D461746606A9E
:10370000A84205D194F93010206A0844B04203D091
:1037100021461846FEF774FD6068076094F9301082
:10372000606800EB81006060E06808B9C4E90A6580
:10373000401CE060C4E90865BDE8F081F8B50446C6
:103740000D46002000902046FFF7F2F8A06838B13F
:10375000A668356000956A460221A069F2F7D8FB99
:10376000F8BD2DE9F04105460E4617462846FFF7FD
:10377000DFF8A86818B1AC68E66027616661BDE84B
:10378000F081000070B5144C0546D4E90010814268
:1037900012D0FCF7CFFA297A027A91420CD1216833
:1037A000814209D0FCF7C6FA297A007A814203D116
:1037B0006068FCF7BFFA60600ECD606880E80E00BC
:1037C000FEF778FF60602168814203D10846FEF76A
:1037D00071FF206070BD0000FC03002030B404467F
:1037E000094A0B46401C07D0581C05D09068411C64
:1037F00002D0D1684D1C02D14FF0FF300146C2E922
:10380000024330BCEFF776BFAC020020F0B58E0863
:103810000023FF220546002406E0E718B7FBF2FC70
:1038200002FB1C7780C5641CB442F6D30546002415
:103830000BE004EB030CBCFBF2FE80CD02FB1ECCC4
:10384000BC4501D00320F0BD641CB442F1D35B1C25
:10385000022BDFD34E0800230546002407E0E718BB
:10386000B7FBF2FC02FB1C7725F8027B641CB44218
:10387000F5D3054600240CE004EB030CBCFBF2FE80
:1038800035F8027B02FB1ECCBC4501D00220F0BD06
:10389000641CB442F0D35B1C022BDDD3002305462D
:1038A000002407E0E618B6FBF2F702FB176605F8FE
:1038B000016B641C8C42F5D3054600240CE000BF6C
:1038C000E718B7FBF2FC15F8016B02FB1C77B74257
:1038D00001D00120F0BD641C8C42F1D35B1C022B93
:1038E000DDD30022134602E000F8013B521C8A425D
:1038F000FAD30020F0BD00007CB5050020D0EEF723
:103900003FFA104900904C68AC4214D140684860BE
:1039100013E02046EEF734FA01904468AC4207D138
:10392000009801994068486001A8EEF767FA04E042
:1039300001A8EEF763FA002CEBD16846EEF75EFAC9
:103940007CBD0000040400200A4A816952F821303D
:10395000834202D1036842F82130416809B102680C
:103960000A60016809B142684A6000210160416053
:103970007047000090020020006180E80E001044B3
:1039800040F8042C704700002DE9F74FC8488B46DB
:103990009CB0D0E90010CDE9191092461C98EEF7C2
:1039A000EFF91190D0E90454B0F90810D0F80C8068
:1039B0000A91DFF80093B0F90A001390D9F80000DB
:1039C0004E46407CEEF7B2FD1090119800680069F9
:1039D000406817903068407CEEF74EFE064611A80E
:1039E000EEF70CFA082D01D8012004E0102D01D8C3
:1039F000022000E004200F90012D21D00027109814
:103A0000082871D3082D6FD91798B0426CD0D9F817
:103A10000000407CEEF728FE12900A988000EEF736
:103A2000DBF81B9000287DD01C98EFF744F8814606
:103A3000002C78D02046EEF7A3F9002618908AE0F3
:103A400019AFDCE700200C901898324681684B696A
:103A50000CA998470A990446884221D11B98EEF791
:103A60008FF9129B179ACDE900230146169048461C
:103A70002246109BFCF762F803AB0020169A1099BF
:103A800085C301200090CDE9010103460AEB060140
:103A900058460A9AF1F738F816A8EEF7AFF958E049
:103AA000012D1ED053E00C9801AB09EBE00200F0B1
:103AB00007010492CDE9057101210091A3E82201DB
:103AC0000AEB0601584401232246F2F72FFA0C981C
:103AD000324620440C90189881684B690CA998478D
:103AE0000446002CDFD134E04FE01B98EEF748F994
:103AF000169001460C9B0F98179A03FB0090129B9F
:103B0000CDE900232246109BFCF718F802AB109871
:103B10000021169A87C3012000900AEB060101904C
:103B20000C9A01E02EE01EE00BEB0200012322467E
:103B3000F0F7EAFF16A8EEF761F90C983246204438
:103B40000C90189881684B690CA998470446002C82
:103B5000CBD1C144761C13988642FFF673AF18A8E8
:103B6000EEF74CF90BE0012001A905970090A1E8C0
:103B7000210351465846139B0A9AF0F7C5FF1B983C
:103B8000EEF758F81FB0BDE8F08F1C98EEF793FFE2
:103B90008146002C7ED02046EEF7F2F800241890E3
:103BA00070E000200C901898224681684B690CA99F
:103BB00098470A99064688421DD1069400E0641C85
:103BC0001898621C81684B690CA99847B042F6D0DE
:103BD000012001A905970090A1E8210306980A9AFF
:103BE000261A0AEB0001731C5846F0F78DFF761C6D
:103BF00006FB089044E0012D1ED03DE00C9801AB7F
:103C000009EBE00200F007010492CDE90571012102
:103C10000091A3E822010AEB040158440123324633
:103C2000F2F784F90C98224630440C901898816879
:103C30004B690CA998470646002EDFD11EE00C9A6E
:103C40000F9901AB02FB0190CDE904070120009020
:103C5000A3E821010BEB02000AEB04010123324629
:103C6000F0F752FF0C98224630440C901898816867
:103C70004B690CA998470646002EE0D109EB0800D5
:103C80008146641C139884428BDB18A8EEF7B6F8C3
:103C900078E7FFE7012001A905970090A1E821033B
:103CA00051465846139B0A9AF0F72EFF6AE7000028
:103CB000CCD40108780200202DE9FF4F8DB01F46BB
:103CC00090460D98EEF75CF80890B74EB0F90AB040
:103CD00000F11804D0F80C903068407CEEF726FC18
:103CE000082801D8012504E0102801D8022500E0A9
:103CF00004250898AD4A0168096907913168497C33
:103D000052F821100A69079906921668D1F804A0A2
:103D100091420FD10021CDE90441012101AA009176
:103D2000A2E88202B0F908205B4641460E98F0F7FF
:103D3000EBFE30E1202F02D0102F74D02BE1B0F930
:103D4000084008A8EEF75AF805FB04F0EDF744FF29
:103D50005FEA000AEDD0EEF713F809900D98EEF740
:103D60000FF800F1180408900898012DB0F90870B8
:103D700004D0022D13D0042D38D121E00698DDF8AF
:103D80002490D0F810C0BCF1000F01D0012320E036
:103D900001CCB04709F8010B7F1EF9D126E0069847
:103DA000DDF82490D0F810C0BCF1000F01D0022340
:103DB0000FE001CCB04729F8020B7F1EF9D115E0C6
:103DC0000698DDF82490D0F810C0BCF1000F07D0A1
:103DD00004233A4649462046E04704EB870405E0C1
:103DE00001CCB04749F8040B7F1EF9D10020E9004F
:103DF000099ACDE90210CDE904200120009001903C
:103E00000898414608F10108B0F9082001230E98EE
:103E1000F0F77AFEBBF1010BA6D109A8EDF7EEFF92
:103E20005046B6E0FFE7B0F9084008A8EDF7E6FF16
:103E300005FB04F0EDF7D0FE0C9000287BD0EDF7E9
:103E40009FFF09900D98EDF79BFF00F11804089073
:103E5000B0F908008000EDF7BFFE0B9010B1EDF750
:103E60008FFF0A900898012DB0F9087004D0022D38
:103E700023D0042D69D141E00698DDF82490006933
:103E800088B10798D0F814C0BCF1000F0BD00B9884
:103E900048B102233A4620460A99E0470698012392
:103EA000D0F810C040E034F8020B51468847B047C4
:103EB00009F8010B7F1EF6D147E00698DDF8249043
:103EC000006988B10798D0F814C0BCF1000F0BD07E
:103ED0000B9848B102233A4620460A99E0470698D3
:103EE0000223D0F810C01FE034F8020B5146884777
:103EF000B04729F8020B7F1EF6D126E00698DDF8C0
:103F000024900069C0B10798D0F814C0BCF1000F2C
:103F100012D00B9880B102233A4620460A99E04716
:103F200006980423D0F810C03A4649460A98E0475C
:103F300004EB470409E02EE034F8020B51468847B1
:103F4000B04749F8040B7F1EF6D10020E900099A1A
:103F5000CDE90210CDE904200120009001900898DD
:103F6000414608F10108B0F9082001230E98F0F746
:103F7000CBFDBBF1010B7FF475AF0B9828B10AA8FC
:103F8000EDF73CFF0B98EDF755FE09A8EDF736FF6E
:103F90000C98EDF74FFE0898002802D008A8EDF71E
:103FA0002DFF11B0BDE8F08F7802002090020020B4
:103FB00038B505460C480C460068006EEDF7E0FE8B
:103FC0000090B0F90620C36800F11801A21A02FBA4
:103FD0000311B0F9040001EB4501A1EB4004684670
:103FE000EDF70CFF204638BD7802002038B50546B5
:103FF0000C480C460068006EEDF7C2FE0090B0F968
:104000000620C36800F11801A21A02FB0311B0F9DF
:10401000040001EB8501A1EB80046846EDF7EEFE9C
:10402000204638BD780200202DE9F04104460D46B7
:104030001646324629462046FEF7B4FA074621695D
:1040400088688047804687EA08033246294620462A
:10405000FFF7C4F8BDE8F081FEB5074612481546E3
:104060000E460068006EEDF78BFE01902946304643
:10407000FFF79EFF044638698068804721884140E9
:1040800021800198406950B1EDF77AFE0090816877
:104090002A460B68314698476846EDF7AFFE01A8FF
:1040A000EDF7ACFEFEBD0000780200202DE9F041E6
:1040B00015460E460446FEF789FA07462068006951
:1040C0008068804787EA00032A4631462046BDE8DB
:1040D000F041FFF753B90000FEB5144815460E46EF
:1040E0000068006EEDF74CFE019029463046FFF760
:1040F0007DFF04460198006800698068804701469A
:104100002068484020600198406950B1EDF738FEC2
:10411000009081682A460B68314698476846EDF75B
:104120006DFE01A8EDF76AFEFEBD000078020020DA
:1041300000B52DED048BB0EE409AF0EE609A83B09E
:1041400051EC190B01F0DAF941EC180B18EE100ADA
:1041500018EE901A8DED008B002818BF012008433F
:1041600020F00040C0F17F6000F1E040C00F14D0AB
:1041700019EE101A19EE900A8DED009B002918BF58
:104180000121084320F00040C0F17F6000F1E040D1
:10419000C00F04BF0120ECF786FAB0EE480A03B066
:1041A000F0EE680ABDEC048B00BD0000F8B50F4CC2
:1041B00007462068806CEDF7E3FD00902268D0E9A7
:1041C0000256D2E90212C0E902126846EDF716FE65
:1041D0003868FBF7A5F92068806CEDF7D1FD0090F9
:1041E000C0E902566846EDF709FEF8BD78020020E6
:1041F00000BF704710B5044600680E2802D00F2893
:1042000017D108E0E0684168012917D10068BDE8CE
:104210001040EFF7D9B86068FBF7A0FD084951F8E6
:1042200020006FF07041884203D0EFF721F8EDF7DE
:1042300067FE2046BDE81040FAF7E8B810BD000060
:104240007403002070B504460D4600202071401E06
:10425000E0622946204600F0B7FD08B1032070BD9A
:1042600094F82E1294F82F0241EA00204AF65521C4
:10427000884201D00220F2E794F86900010694F820
:10428000680041EA004194F8670041EA002094F890
:104290006610084320F07F400D49884201D100207C
:1042A000DDE794F88500010694F8840041EA0041B6
:1042B00094F8830041EA002094F88210084320F02B
:1042C0007F400349884201D10020C8E70120C6E7AA
:1042D000464154000146002002E04910421CD0B281
:1042E0000129FAD17047000070B504466FF0040050
:1042F000F5F7CAF8E11704EB5171C1F3C7010D4A94
:104300001170E11704EB5171CD104FF47A704543F1
:104310000120094908804FF0E020006940F00200C8
:104320004FF0E021086108464561006940F0010056
:10433000086170BD6E0000207000002070B504465A
:104340000F480078012814D10E48007888B90E482B
:104350000088844206DB0C48008894FBF0F5284670
:10436000F2F772FC0848008894FBF0F100FB114062
:1043700084B24FF47A7104FB01F000F007F870BDCD
:10438000E2000020D6000020700000202DE9F04758
:10439000074600264FF0E020D0F81490114800782E
:1043A00007FB00F800BFF1F7E3FF4FF0E02085695D
:1043B00011E04FF0E0208469AC420CD0AC4202D254
:1043C000281B064403E0A9EB0400284406442546C4
:1043D000464500D300E0ECE700BFF1F7E9FFBDE898
:1043E000F08700006E00002070B50446002514B16F
:1043F000012C0BD103E0F3F781FD054608E0F9F746
:10440000AFFD4FF4A0400549088001E0012500BF41
:1044100000BF0DB1012070BD0020FCE75802002054
:104420002DE9F04107460E4615461C464FF00008A0
:1044300014B90420BDE8F08117B1012F16D106E0B0
:10444000E2B229463046F4F7C3F8804611E009E0AD
:1044500069024FF400723046F9F7ACFD6D1C06F5A9
:104460000076641E002CF3D1A04602E04FF0010854
:1044700000BF00BFB8F1000F01D10020DAE7012032
:10448000D8E70146002070472DE9F04107460E4667
:1044900014461D464FF0000817B1012F16D106E053
:1044A000EAB221463046F4F77BFC804611E009E091
:1044B00061024FF400723046F9F7E8FD641C06F51E
:1044C00000766D1E002DF3D1A84602E04FF00108E2
:1044D00000BF00BFB8F1000F02D10020BDE8F0819D
:1044E0000120FBE710B54FF47F00EEF7C1FE4FF659
:1044F000FF70EEF7C8FEEDF703FD0848EEF7E0FEAB
:104500000220EEF749FF0022322105A0EDF7D6FE8A
:10451000642211460848EDF7EBFE10BD54C90108AE
:104520004D6375646576204249544D41502044499D
:1045300053504C415900000084B60108F8B5F1F71A
:10454000BFF9F0F72DFE04003BD100252846EDF71A
:10455000D7FD009048B1C0680C21426A6846904778
:10456000010007D00098884704436D1C022DEDDB45
:1045700014B126E00120F8BDF0F72CFE012540F62D
:10458000FF762846EDF7BCFD0090C0B12846EEF757
:104590001BFE0420F1F73AFA002132463346084662
:1045A000F0F70EFD0020F1F731FA00980E21C068F7
:1045B000426A68469047010001D0009888476D1E06
:1045C000DFD52046F8BDFFF78DFF002302221946F4
:1045D0001846F2F775FB11E064356434B5F5FA6FEF
:1045E00000DB6425B4F5FA6F00DB6424214628461D
:1045F00000F0E6FC4FF4FA70EDF794FDECE70000F4
:1046000010B54FF40C71002000F0F8FB1849086059
:104610004FF40C71002000F0F1FB154948604FF495
:104620000A71002000F0EAFB124908604FF40A7199
:10463000002000F0E3FB104908604FF400710020F7
:1046400000F0DCFB0D4908600948006868B10848C3
:10465000406850B10748006838B10748006820B189
:104660000846006808B1002010BD0120FCE70000EA
:104670003C02002044020020480200205402002096
:10468000F7B582B016460398019001A800F0F8F93A
:104690000546002D02DA0B2005B0F0BD0E4850F89B
:1046A00025400CB100202070029810B10020029922
:1046B00008700949029841F82500029808B1012EB6
:1046C00001D00020E8E7002203A902A800F006F8C4
:1046D00007463846E0E70000307901202DE9F74F22
:1046E00088B0002108980160099800F0C9F9079086
:1046F0000798002803DA0B200BB0BDE8F08FD549EE
:10470000079851F820400CB90C20F5E70898046090
:10471000207878B16078FFF7B4FE804608F0010099
:1047200040B90A9820B108F0040008B10A20E3E774
:104730000020E1E700202070079860706078FFF7A4
:1047400053FE804608F0010008B10320D4E70A9820
:1047500020B108F0040008B10A20CDE7002739464F
:104760002046FFF76FFD0546012D01D06DBB2CE003
:10477000002614E004F5F77101EB0610017951B140
:10478000C17A0A06817A42EA0142417A42EA01216B
:10479000027A114300E000214DF82610761C042E09
:1047A000E8D3002606B1761E00BF5DF8267027B15B
:1047B00039462046FFF746FD00E0022005461DB1C0
:1047C000701C06460428F0D300BF032D01D1012040
:1047D00092E70DB10D208FE73B20015D94F83C007E
:1047E00041EA0020B0F5007F01D00D2084E746208B
:1047F000015D94F8470041EA0029B9F1000F0ED19C
:1048000094F85700010694F8560041EA004194F8E4
:10481000550041EA002094F8541040EA0109C4F818
:1048200018904020005DE070E078012804D0E07826
:10483000022801D00D205FE7E07809FB00F93D2058
:10484000005DA070A07818B1A078411E084008B1A2
:104850000D2051E74120015D94F8420041EA00201B
:104860002081207A00F00F0008B10D2044E743209A
:10487000015D94F8440041EA002BBBF1000F0ED11A
:1048800094F85300010694F8520041EA004194F86C
:10489000510041EA002094F8501040EA010B3E20FC
:1048A000015D94F83F0041EA00200490049808B9A3
:1048B0000D2021E704984844218900EB111006904F
:1048C0000698834501D20D2016E70698ABEB000051
:1048D000A178B0FBF1FABAF1000F01D10D200BE77E
:1048E000012540F6F670824500D302254FF6F6709A
:1048F000824500D303250AF102006061E761049854
:104900003844206206983844A062032D16D12089CD
:1049100008B10D20F0E694F85F00010694F85E00FF
:1049200041EA004194F85D0041EA002094F85C10EF
:104930000843606260698000059014E0208908B92E
:104940000D20D9E6206A48446062022D02D16069D8
:10495000400007E0207D00F00100616901EB4101AA
:1049600000EB51000590A169059800F2FF10B1EB32
:10497000502F01D20D20BFE64FF0FF302061E060E4
:1049800080206071032D5AD194F8601094F8610072
:1049900041EA0020012852D1791C204600F014FA87
:1049A000E8BB0020607194F82E1294F82F0241EABF
:1049B00000204AF65521884241D13320005D01068E
:1049C0003220005D41EA00413120005D41EA0020D3
:1049D00094F8301008432049884230D194F81702E7
:1049E000010694F8160241EA004194F8150241EAE2
:1049F000002094F814120843184988421FD194F8F3
:104A00001B02010694F81A0241EA004194F81902C7
:104A100041EA002094F818120843206100E00EE0FB
:104A200094F81F02010694F81E0241EA004194F82E
:104A30001D0241EA002094F81C120843E060257032
:104A400007480088401C80B205490880E0800020AB
:104A500052E6000030790120525261417272416188
:104A60005A02002000BF054A128802F04002002AC4
:104A7000F9D0C2B2014B9A8070470000001001408B
:104A800070B502464FF0FF301568E5B1116800E0DF
:104A9000491C0D78202D02D30D783A2DF8D10D78D0
:104AA0003A2D0FD1146814F8015BA5F130030A2BDD
:104AB00007D28C4205D1032B03D218464D1C294640
:104AC000156070BD002000BFFBE700000EE0084845
:104AD000006808B9012000E00020054908604FF493
:104AE000FA73002211461046F2F7EAF8EFE70000E9
:104AF000940240421CB5A820FFF7F6FB4FF4A060DB
:104B0000F1F794FB4FF4E13000F000FAF4F70CFDFC
:104B1000F9F726FA4FF478403C4908803CA0102170
:104B20000B46C822CDE9001032211E20F1F7AAF869
:104B30003BA010210B46C822CDE9001046211E20C3
:104B4000F1F7A0F839A010210B46C822CDE90010DA
:104B50005A211E20F1F796F823E039A010210B46C8
:104B6000C822CDE9001096211E20F1F78BF84FF4F2
:104B7000FA70FFF7E3FB38A010210B46C822CDE9FD
:104B8000001096211E20F1F77DF84FF4FA70FFF720
:104B9000D5FB3648006808B9012000E00020334901
:104BA0000860F9F72FFA4EF614718842D5D130A07B
:104BB00010210B46C822CDE9001096211E20F1F7E6
:104BC00061F8F8F731FEF1F7D3FA002000F062F84F
:104BD000022000F05FF8FFF713FD29490122086861
:104BE00028A1FFF74DFD26490122486826A1FFF7BD
:104BF00047FDF1F725FB0023244A19462448F1F725
:104C00001BFDF1F7CDFC00201CBD000000000020C2
:104C10006D63756465762053544D3332463400001D
:104C20005350492054455354000000006D6375648F
:104C300065762E74616F62616F2E636F6D00000088
:104C400057323551313620436865636B20466169C0
:104C50006C65642100000000506C65617365204341
:104C60006865636B212020202020200094024042B0
:104C70005732355131362052656164792100000088
:104C80003C020020303A0000313A000014060020B7
:104C9000494E010810B504460C4951F824104A0049
:104CA0000B4951F82400002100F0BCF8094951F8E3
:104CB000242007490C3951F82400002100F0B2F8F3
:104CC000012103480C30015510BD0000207101087E
:104CD00090000020387101082DE9F04704460F4686
:104CE0000025A9462548005D20B9244820380168E0
:104CF000204688471FB94FF0FF30BDE8F0872048B5
:104D000050F82400B7FBF0F086B21D4850F824009C
:104D1000B7FBF0F100FB117008B1701C86B21948A6
:104D200050F82400451E24E014480C3850F82400A4
:104D300030F8150020B909F101001FFA80F901E0EF
:104D40004FF00009B14513D14FF0000809E00B48BE
:104D50000C3850F8240005EB080120F8116008F128
:104D60000108B045F3D3064850F824006843C4E76F
:104D70006D1E002DD8DA4FF0FF30BEE79C000020FA
:104D80002C7101082071010810B501460023002292
:104D900007E00B4850F8210030F8120000B15B1C0E
:104DA000521C084850F821009042F2D86420584321
:104DB000044C54F82140B0FBF4F0C0B210BD000028
:104DC000900000202071010870B504460D46E06A8D
:104DD000A84210D0204600F069F808B1012070BD4B
:104DE000607801232A4604F13001FFF719FB08B16E
:104DF0000120F4E7E5620020F1E7000070B5044609
:104E00000E4631462046FFF767FF0546681C08B985
:104E1000002070BD024850F824002844F9E7000043
:104E20008400002030B5034601E003F8011B141E86
:104E3000A2F10102F9D130BD00BF011EA0F10102B3
:104E4000D0B2FAD17047000070B5054601210803C1
:104E5000F2F744FCEDF72AFCF1F7C6FBEBF734FA66
:104E6000044604230B4A00210B48F1F7E5FB02231B
:104E70000A4A00210A48F1F7DFFB0323094A00210F
:104E80000948F1F7D9FBFF20F1F788FE2046EBF740
:104E90001FFA70BD14290020C7450108140800201E
:104EA000F94E010814090020CD4A010870B50446E6
:104EB0002079F8B1E56A607801232A4604F13001CF
:104EC000FFF7E2FA08B1012070BD00202071206ACE
:104ED000281AA16988420DD2E67809E0A069054444
:104EE000607801232A4604F13001FFF7CDFA761EDF
:104EF000022EF3D20020E7E707E0EEF721FB0523BF
:104F0000002211461046F1F7DBFEF6E710B588B037
:104F1000044601210846F2F7E1FB01211020F2F7D7
:104F2000FDFB072209212448ECF78CFC07220A210B
:104F30002148ECF787FC4FF4C060069002208DF802
:104F40001C008DF81D0000208DF81E0001208DF83A
:104F50001F0006A91848ECF72DFC02940020ADF8BC
:104F60000C00ADF80E00ADF81000ADF814000C20E8
:104F7000ADF8120002A91148F8F754FF01210F48BB
:104F8000F8F7F5FE40210D48F8F7E8FE012240F25F
:104F900025510A48F8F721FF25208DF80400032049
:104FA0008DF805008DF8060001208DF8070001A896
:104FB000F1F700F908B010BD0000024000100140F8
:104FC0003EB504460D464FF47F00EEF751F9ECF77D
:104FD00097FF2E2069235A22DC218DE831000248F8
:104FE000EDF7B2F93EBD000084B6010810B591EAB4
:104FF000030F48BF83F0004300F15483841A71EB20
:10500000030C05D2121943EB0C03001B61EB0C01DE
:10501000DFF824E14FEA1154A4EB135C1EEA430FBE
:1050200018BF9EEA445F73D023EA0E03DCF1200E22
:1050300021EA045143F4801332D322FA0CFE10EB20
:105040000E0023FA0CFE41EB0E01CCF1200E03FA08
:105050000EFE10EB0E0051F10001B1F5801FCCF1F6
:10506000200E32D201EB045112FA0EF2BDE81040CC
:1050700058BF7047401C38BF5FEA420218BF7047F4
:10508000002814BF20F0010041F100014FEA410364
:1050900013F5001F38BF7047A1F1C04100F0E6B919
:1050A000012A43EB0302ACF1200CDCF11F0E32BFEE
:1050B0004FF0000E23FA0CF310EB030041EB045108
:1050C000B4EB115FD0D0A1EB045101F58011490878
:1050D0005FEA300001EB04510ED350F1000038BFFD
:1050E00012FA0EFE08D1BDE81040C9E7401C38BFD7
:1050F0005FEA4202CAD1C3E7BDE810404FEA41036C
:1051000013F5001F38BF7047A1F1C04100F0AEB9E0
:105110009EEA445F08D011EA5E0FBDE8104004BF6C
:1051200001F0004100207047BDE8104070B500F06C
:105130004FF900BF64FBBE3E0000E0FF491058BFBE
:10514000C1F140415B1058BFC3F140438B42EFF3C4
:10515000008070474FEA1153A3F58063D3F11E031B
:10516000A8BFD3F1200C08DB4FF0004242EAC12275
:1051700052EA505232FA03F0704709420BD4102B16
:10518000C4BF0020704703F5787CBCF1FF3F05D019
:105190004FF0FF3070474FF00000704770B500F0DF
:1051A00017F900BF4992248000207047F0E710F003
:1051B000004248BF4042B0FA80F310FA03F10AD02F
:1051C000C3F11D0303F580634FEA415002EB035224
:1051D00002EBD12170474FF000007047B0FA80F326
:1051E00010FA03F10AD0C3F11D0303F580634FEAFF
:1051F00041504FEA035202EBD12170474FF00000BB
:105200007047000051EA030C17D41CF5801F58BFEB
:10521000BCF5801F00F10680994218BF704708BF97
:105220009042704707D711F5801F58BF13F5801FB4
:1052300019D499427047894270471CF5801F08D5E0
:10524000BCF5801FF7D58B4218BF704708BF82425C
:1052500070474FF4001C1CEB410F38BF1CEB430F91
:1052600001D28B42704770B500F0B2F89224490029
:105270004FF000514FF08053FFF760BFDFF848C197
:1052800070B51CEA111E1EBF1CEA13159EEA0C0F16
:1052900095EA0C0F00F06F8081EA030423EA4C13B7
:1052A0004EEAD47E21EA4C1141F4801143F480137C
:1052B000AE44A1FB024CA0FB0365AEF17F7E361924
:1052C00055EB0C05A1FB034C4CF10003A0FB021CA9
:1052D00016EB0C06654153F10003094218BF46F076
:1052E000010613F4007F0BD14FEA03314FEA05307A
:1052F000340341EA155140EA16506FF003020AE008
:105300004FEAC3214FEAC520F40241EA555140EA71
:1053100056506FF0020202EB2E4201EB025585EA75
:10532000CE710AD05FEA440C18BF24F0004450F15B
:10533000000041F1000120EAD47040F2FE7C624599
:1053400000D270BDA84214BF4FF080444FF04044DB
:10535000002E08BF0024BEF1806FA8BFA1F1C0419C
:10536000BDE8704080F282804FF0000001F1C04142
:1053700001F0004170479EEA0C0F0CEA131518BFAC
:1053800095EA0C0F06D04FF0000081EA030E0EF0F4
:10539000004170BD00F01CF88900013E00F007B824
:1053A00000F009B84FEA430C5FEA5C5C08D081EA80
:1053B000030100F05BB84FEA410C5FEA5C5CF6D198
:1053C0004FF00000014970470000FF070000F87F20
:1053D0000EF1020E2EF0030E5EF8046B364205D479
:1053E000012A43EB030515F5001F12D8012841EBF4
:1053F000010C1CF5001F0CD80ED14FEAD17C15F51D
:10540000001F0CEB4C0C0CF1020C08BF4CEBD37CD6
:1054100004E04FF0080C01E04FEAD37C0CEB4C05A4
:1054200026FA05F606F00706B6F1040C06D20EEBD6
:10543000860CBDE870404CF0010C6047DFE80CF0D2
:10544000090B02024FF000414FF00000A1F50021CE
:1054500070BD19461046012851EB010418BFD4F560
:10546000001484BF002001F0004170BD0808A0F5C1
:1054700000114FEA3101704753EA010C17D41CF5B3
:10548000801F58BFBCF5801F00F106808B4218BFFB
:10549000704708BF8242704707D713F5801F58BF77
:1054A00011F5801F19D48B4270479B4270471CF541
:1054B000801F08D5BCF5801FF7D5994218BF7047EB
:1054C00008BF904270474FF4001C1CEB430F38BFDD
:1054D0001CEB410F01D2994270470FB40CBC03BCC6
:1054E000FFF7C1BE91EA030F10B581F000413FF50F
:1054F00085AD83F0004300F0D5B800002DE9F04100
:1055000001F5801CBCF5001FC0F2A9804FEA115CB8
:1055100021EA0C510CF1FD0C41F480115FEA5C0CA6
:105520000CF5C07C01D34000494130A4890241EA16
:10553000905187028E0E0A0CA45D04FB04F602FB58
:1055400006F6C6F14046A4FB0662F60D46EA422680
:1055500006FB06F4A4FB01235242C3F1404338BFCB
:105560005B1EA6FB02420024E6FB0324D20B42EAA8
:105570004446A6FB0623A1FB02E2A3FB07E4E3FBF0
:1055800061426442C2F1404E38BFAEF1010EA6FB4B
:1055900004234FF00002E6FB0E32A2FB0346340068
:1055A000E2FB6264A1FB06E6A4FB07E8E4FB61689A
:1055B0007642C8F1405838BFA8F10108A2FB06E4C2
:1055C000A3FB08E5E2FB6854A1FB05E6A7FB04E8A2
:1055D000E1FB648618F1200556F10006A809A8F140
:1055E0001B08B10908F03F08B8F10A0F40EA8660CD
:1055F0001CD901EB0C51BDE8F08100BFFCF5EEE8D1
:10560000E2DDD8D3CFCBC7C3C0BDB9B6B4B1AEAC61
:10561000A9A7A5A3A19F9D9B9A9896959392908FD9
:105620008D8C8B898887868584838281A0FB006826
:1056300000FB01F208EB4208B8EB872807D53418C5
:1056400058EB0104D5D5401C51F10001D1E7341AC3
:1056500078EB0104CDD4401E71F10001C9E75FEA87
:105660004C0C5FEA9C5C0DD105D34FF0000001F0BB
:105670000041BDE8F081BDE8F04170B5FFF7A8FE3C
:105680006DDBFFBEBDE8F0414FF000000049704700
:105690000000F87F10B591EA030F48BF83F0004384
:1056A0003FF5ACAC841A71EB030C07D212198CF0E5
:1056B000004C43EB0C03001B61EB0C01DFF8A4E191
:1056C0004FEA1154A4EB135C1EEA430F18BF9EEA85
:1056D000445F00F0B08023EA6E03524221EA045195
:1056E000C3EB6E0338BF5B1EDCF1200E25D322FA1C
:1056F0000CFE10EB0E0043FA0CFE41EB0E01CCF158
:10570000200E03FA0EFE10EB0E0051F10001CCF159
:10571000200E29D412FA0EF201EB0451BDE810401C
:1057200058BF7047401C1CBFB2F1004F70470028A3
:105730000CBF491C20F00100704712EB020E43EB36
:10574000030218BF4FF0010E4EEA4202ACF1200CEA
:10575000DCF11E0E54D943FA0CFE10EB0E0051F191
:10576000FF31CCF11E0ED5D50EF1010E12FA0EFE50
:10577000404141EB010101EB445C5FEA5C5C10D904
:1057800010EBDE7001EB045138BFBEF1004FBDE8F5
:10579000104018BF704700280CBF491C20F00100C2
:1057A000704730D24FEAD42C11F5001124F4006474
:1057B0001BD0B1FA81F20B3AA41AA41ED2F1200335
:1057C000914030FA03F31943904001EBCC71002C67
:1057D00001EB0451BDE81040A8BF704701F1C04182
:1057E0004FF0000001F000417047B0FA80F310FA6A
:1057F00003F100D110BDE41A173C4805C90AE4E7DB
:1058000001EB045110BD491001EB0451BDE81040FB
:105810004FEA300002E04FF0000170474A0008BF35
:105820000042F8D0B2F5001F28BF704701F00041D8
:105830004FF0000070479EEA445F07D011EA5E0F08
:10584000BDE8104004BF002100207047BDE81040B3
:1058500070B5FFF7BDFD00BF40DFF63E83F00041AD
:10586000104670470000E0FF43004FEAD30C4FEAB8
:105870003C0C43401FBF40070CF1605113F0FE4F3A
:1058800070471CF0006F03D100200CF000417047FE
:105890000CF0004343EA507010B540EACC0000F031
:1058A0000EF800BF000000924FEA0001FFF7DEBDD6
:1058B0004FF000414FF00000A1F5002170470EF1BC
:1058C000020E2EF0030E5EF8044B244204D44FEA7D
:1058D0004102B2F17F4F11D84FEA4003B3F17F4F3D
:1058E0000CD80ED14FEAD07CB2F17F4F0CEB4C0CB0
:1058F0000CF1020C08BF4CEBD17C04E04FF0080C1B
:1059000001E04FEAD17C0CEB4C0324FA03F404F0E1
:105910000704B4F1040C06D20EEB840CBDE8104071
:105920004CF0010C6047DFE80CF0070802024FF072
:105930000040A0F5800010BD0846420018BFD2F11B
:10594000807288BF00F0004010BD4FF04070E1EE63
:10595000100A704700000000000000000000000076
:10596000000000003F400000000000000000300088
:10597000400030004000000009000BC03D000BC09B
:105980003D00090018C024407FE022403180000023
:10599000180024C01B000D803240018003801C4091
:1059A00027401C80074000401000600000000000FD
:1059B000000000000000000000001F802040402088
:1059C0000000402020401F80000000000900060069
:1059D0001F80060009000000040004003F8004004E
:1059E0000400000000100060000000000000000043
:1059F0000400040004000400040000000000004053
:105A00000000000000000000002001C00600380077
:105A1000400000001F802040204020401F800000E8
:105A2000000010403FC000400000000018C02140AE
:105A30002240244018400000108020402440244090
:105A40001B80000002000D0011003FC0014000005B
:105A50003C80244024402440238000001F802440B8
:105A600024403440038000003000200027C038006C
:105A7000200000001B802440244024401B800000A4
:105A80001C0022C0224022401F80000000000000B5
:105A9000084000000000000000000000046000005A
:105AA00000000000000004000A00110020804040B7
:105AB0000900090009000900090000000000404039
:105AC000208011000A000400180020002340240058
:105AD000180000001F802040274029401F40000080
:105AE000004007C039000F0001C0004020403FC007
:105AF000244024401B8000001F8020402040204084
:105B00003080000020403FC0204020401F80000027
:105B100020403FC024402E4030C0000020403FC005
:105B200024402E00300000000F0010802040224052
:105B30003380020020403FC0040004003FC02040EA
:105B4000204020403FC02040204000000060202036
:105B500020203FC02000200020403FC024400B00F8
:105B600030C0204020403FC020400040004000C0E6
:105B70003FC03C0003C03C003FC0000020403FC08D
:105B80000C4023003FC020001F80204020402040C8
:105B90001F80000020403FC0244024001800000067
:105BA0001F802140214020E01FA0000020403FC076
:105BB0002440260019C0004018C024402440224040
:105BC00031800000300020403FC020403000000005
:105BD00020003F80004000403F80200020003E0029
:105BE00001C0070038002000380007C03C0007C093
:105BF00038000000204039C0060039C020400000B5
:105C00002000384007C0384020000000304021C04C
:105C10002640384020C00000000000007FE0402007
:105C200040200000000070000C00038000400000D5
:105C30000000402040207FE0000000000000200025
:105C400040002000000000000010001000100010B4
:105C500000100010000000004000000000000000E4
:105C6000000002800540054003C0004020003FC006
:105C7000044004400380000000000380044004400E
:105C80000640000000000380044024403FC0004064
:105C90000000038005400540034000000000044070
:105CA0001FC0244024402000000002E005500550A1
:105CB0000650042020403FC00440040003C00040C0
:105CC0000000044027C00040000000000010001049
:105CD000041027E00000000020403FC00140070002
:105CE00004C00440204020403FC00040004000006D
:105CF00007C0040007C0040003C00000044007C040
:105D00000440040003C0004000000380044004403D
:105D100003800000041007F00450044003800000DA
:105D2000000003800440045007F00010044007C046
:105D30000240040004000000000006400540054049
:105D400004C00000000004001F8004400040000068
:105D5000040007800040044007C000400400070022
:105D600004C0018006000400060001C0070001C055
:105D700006000000044006C0010006C00440000008
:105D80000410071004E00180060004000000044035
:105D900005C00640044000000000000004007BE055
:105DA00040200000000000000000FFF000000000A4
:105DB000000040207BE00400000000004000800064
:105DC0004000200020004000000000000000000013
:105DD00000000000000000000000000000001FCCD8
:105DE000000C00000000000000000800300060000F
:105DF0000800300060000000022003FC1E2002208A
:105E000003FC1E200220000000000E1811043FFFBA
:105E100010840C78000000000F0010840F3800C0C0
:105E2000077818840078000000780F8410C41124CB
:105E30000E9800E40084000808006800700000006C
:105E4000000000000000000000000000000007E06B
:105E50001818200440020000000040022004181816
:105E600007E00000000000000240024001800FF047
:105E700001800240024000000080008000800FF896
:105E800000800080008000000001000D000E000076
:105E90000000000000000000000000800080008082
:105EA00000800080008000800000000C000C0000DA
:105EB0000000000000000000000000060018006064
:105EC0000180060018002000000007F008081004F8
:105ED0001004080807F000000000080408041FFC74
:105EE000000400040000000000000E0C1014102438
:105EF000104411840E0C000000000C181004110452
:105F0000110412880C700000000000E0032004243B
:105F100008241FFC0024000000001F9810841104B6
:105F20001104108810700000000007F008881104A8
:105F3000110418880070000000001C00100010FC04
:105F400013001C001000000000000E3811441084E3
:105F5000108411440E38000000000700088C104423
:105F60001044088807F00000000000000000030C47
:105F7000030C00000000000000000000000101060A
:105F8000000000000000000000000080014002202E
:105F90000410080810040000022002200220022041
:105FA0000220022002200000000010040808041053
:105FB000022001400080000000000E001200100CC2
:105FC000106C10800F00000003E00C1813E4142480
:105FD00017C4082807D000000004003C03C41C407C
:105FE000074000E4001C000410041FFC110411040D
:105FF00011040E880070000003E00C181004100457
:10600000100410081C10000010041FFC10041004E1
:106010001004080807F0000010041FFC110411040C
:1060200017C410040818000010041FFC110411000C
:1060300017C010000800000003E00C181004100442
:1060400010441C780040000010041FFC10840080E5
:10605000008010841FFC10040000100410041FFCBA
:1060600010041004000000000003000110011001E2
:106070001FFE10001000000010041FFC110403801C
:106080001464181C1004000010041FFC1004000409
:1060900000040004000C000010041FFC1F0000FCA2
:1060A0001F001FFC1004000010041FFC0C04030060
:1060B00000E010181FFC100007F00808100410047E
:1060C0001004080807F0000010041FFC1084108062
:1060D000108010800F00000007F008181024102412
:1060E000101C080A07F2000010041FFC1104110024
:1060F00011C011300E0C000400000E1C110410849D
:10610000108410441C3800001800100010041FFCFC
:10611000100410001800000010001FF81004000404
:10612000000410041FF8100010001E0011E0001CF5
:10613000007013801C0010001FC0103C00E01F0006
:1061400000E0103C1FC000001004180C163401C001
:1061500001C01634180C100410001C00130400FCBD
:1061600013041C00100000000804101C10641084AC
:1061700013041C04101800000000000000007FFE43
:106180004002400240020000000030000C0003808A
:106190000060001C000300000000400240024002BA
:1061A0007FFE000000000000000000002000400012
:1061B000400040002000000000010001000100013B
:1061C000000100010001000100004000400020002B
:1061D00000000000000000000000009801240144BD
:1061E0000144014400FC000410001FFC008801046D
:1061F00001040088007000000000007000880104A5
:1062000001040104008800000000007000880104FF
:10621000010411081FFC0004000000F801440144BF
:106220000144014400C800000000010401040FFC07
:106230001104110411001800000000D601290129E1
:10624000012901C90106000010041FFC008401009F
:106250000100010400FC000400000104190419FC01
:106260000004000400000000000000030001010120
:10627000190119FE0000000010041FFC002400405A
:1062800001B4010C010400000000100410041FFC04
:106290000004000400000000010401FC01040100EE
:1062A00001FC0104010000FC010401FC0084010068
:1062B0000100010400FC0004000000F801040104D6
:1062C0000104010400F80000010101FF0085010440
:1062D00001040088007000000000007000880104C4
:1062E0000104010501FF00010104010401FC008417
:1062F0000104010001800000000000CC0124012401
:10630000012401240198000000000100010007F8A9
:106310000104010400000000010001F80004000471
:106320000004010801FC0004010001800170000C60
:10633000001001600180010001F0010C003001C07B
:106340000030010C01F0010000000104018C007418
:106350000170018C01040000010101810171000E36
:10636000001801600180010000000184010C01346B
:1063700001440184010C0000000000000000000046
:1063800001003EFC4002400200000000000000004E
:10639000FFFF0000000000000000400240023EFC41
:1063A000010000000000000000006000800080008C
:1063B000400040002000200000000000000000001D
:1063C00000000000000000000000000000000000CD
:1063D00000000000000000000000000000000000BD
:1063E00000000000000000000000000F80380FFED9
:1063F000380F80380000000000000000000000009E
:106400000000000000000100000600000C00003841
:1064100000003100000600000C00003800003000D1
:10642000000000000000000061800067F807F980AC
:106430000061800061800061800061800067F80772
:10644000F98000618000000000000000000001C031
:10645000E003E0F00630080418081FFFFE040E08F1
:106460000787F00381E000000000000001F0000653
:106470000C00040408060C7001F9C0000E00003B7B
:10648000E000EC18070808040C180003E000000006
:106490000001E00007F003F818041C0804170807BF
:1064A000E1D003C0E00023B0003C08002008000059
:1064B0001000000000000001000031000032000068
:1064C0001C000000000000000000000000000000B0
:1064D00000000000000000000000000000000000BC
:1064E00000000000000000007F0001FFC00780F0F6
:1064F0000C00181000042000020000000000002022
:1065000000021000040C00180780F001FFC0007F9B
:10651000000000000000000000000000000000007B
:10652000000000004200006600006600003C000021
:10653000180003FFC0001800003C00006600006661
:1065400000004200000000000800000800000800F1
:1065500000080000080001FFC0000800000800005B
:106560000800000800000800000000000001000012
:106570003100003200001C0000000000000000009C
:10658000000000000000000000000000000000000B
:1065900008000008000008000008000008000008CB
:1065A00000000800000800000800000800000000CB
:1065B0000000000000000000380000380000380033
:1065C00000000000000000000000000000000000CB
:1065D0000000000000000000000600001C00007029
:1065E000000180000E0000380000C0000700001C01
:1065F0000000300000000000000000007F8001FF6C
:10660000E003807006001804000804000806001863
:1066100003807001FFE0007F8000000000000000A8
:10662000000001000801000801000803FFF807FF4F
:10663000F80000080000080000080000000000004A
:1066400000000001C03802C058040098040118047A
:106650000218040418061C1803F81801E0F80000DA
:106660000000000000000001C0E003C0F0040008CA
:1066700004080804080806180803F41801E7F000E5
:1066800001E0000000000000000000000300000D19
:106690000000110000610000810803010807FFF8F5
:1066A0000FFFF800010800010800000000000000D2
:1066B00000E007FCD00608080610080610080610BF
:1066C00008061838060FF00607C00000000000009A
:1066D000000000003F8001FFE0038430020818043E
:1066E0001008041008041008071810030FF0000722
:1066F000C000000000000000000003C00007000010
:106700000600000600F80607F806180006E0000775
:10671000000006000000000000000001E1E003F7B7
:10672000F0063410041808041808040C08040C08B7
:1067300006161803F3F001C1E0000000000000009D
:10674000F80003FC300306380402080402080402BF
:10675000080404100308F001FFC0007F00000000DF
:106760000000000000000000000000000000000029
:106770007038007038007038000000000000000021
:106780000000000000000000000000000000000009
:1067900000000000301A00301C0000000000000063
:1067A00000000000000000000000000000000008E1
:1067B0000000140000220000410000808001004021
:1067C0000200200400100800080000000000000083
:1067D00021000021000021000021000021000021F3
:1067E0000000210000210000210000210000000025
:1067F0000000000000000800080400100200200152
:1068000000400080800041000022000014000008C9
:106810000000000000000003C00004C000040000ED
:10682000080038080F380808380810000C30000736
:10683000E00003C000000000000000003F8000FFF7
:10684000E0038070020F1006708804C0880483087B
:10685000047F8802C09003012000FE400000080071
:1068600000180001F8003E0801C20007020007E21C
:106870000000FE00001FC80001F8000038000008FA
:1068800004000807FFF807FFF804080804080804D4
:10689000080804080806180803F41801E7F00001C6
:1068A000E0000000000000003F8001FFE003807076
:1068B0000200180400080400080400080400100680
:1068C00000200780C000000004000807FFF807FF51
:1068D000F80400080400080400080400180200106E
:1068E00003807001FFE0007F8000000004000807C3
:1068F000FFF807FFF804080804080804080804085B
:1069000008043E08040008060018010060000000AA
:1069100004000807FFF807FFF8040808040800044B
:106920000800040800043E00060000060000018084
:1069300000000000000000003F8001FFE0038070C5
:106940000600180400080402080402080203F00705
:1069500083F000020000020004000807FFF807FFB0
:10696000F8040808000800000800000800000800FB
:1069700004080807FFF807FFF804000800000000FB
:10698000000004000804000804000807FFF807FFDF
:10699000F8040008040008040008000000000000DB
:1069A00000000000000600000700000104000104D0
:1069B000000104000307FFFE07FFFC0400000400C1
:1069C0000004000004000807FFF807FFF8040C08A3
:1069D000001800003E0004C7800503C80600F80444
:1069E000003804001800000804000807FFF807FF3B
:1069F000F804000800000800000800000800000873
:106A000000000800001800006000000004000807F3
:106A1000FFF807800807FC00007FC00003F80007AC
:106A2000C000780007800807FFF807FFF804000897
:106A300004000807FFF807000803C00000E000009A
:106A40003800001E000007000001C00400F007FF2E
:106A5000F8040000000000007F8001FFE003807068
:106A6000060018040008040008060018030030019E
:106A7000FFE0007F8000000004000807FFF807FF28
:106A8000F8040408040400040400040400040400DE
:106A9000060C0003F80001F00000000000000000F8
:106AA0007F8001FFE00380700600880400880400F6
:106AB000C806003C03003E01FFE6007F84000000A2
:106AC00004000807FFF807FFF8040808040800049A
:106AD0000C00040F00040BC00610F003F03801E0B6
:106AE0000800000800000001E0F803F03006301054
:106AF000041808041808040C08040C0802061802FC
:106B000007F00781E000000001800006000004009B
:106B10000004000004000807FFF807FFF80400085D
:106B200004000004000006000001800004000007CB
:106B3000FFE007FFF0040018000008000008000054
:106B40000800000800000804001007FFE00400002F
:106B500004000006000007E00007FE00041FE0003C
:106B600001F80000380001E0043E0007C000060004
:106B70000004000004000007E00007FFC0041FF845
:106B80000007C007F80007FF80043FF80007C004B3
:106B9000F8000700000400000000000400080600E0
:106BA0001807C07805F1C8003E00001F800463E8A4
:106BB0000780F80600180400080000000400000622
:106BC000000007800007E008047C08001FF80007A9
:106BD000F800180804E008070000060000040000A0
:106BE0000000000100080600380400F80403E8046F
:106BF0000F08047C0805F00807C008070018040007
:106C00006000000000000000000000000000000024
:106C10000000003FFFFE20000220000220000220B2
:106C20000002200002000000000000000000080038
:106C30000007000000C0000038000006000001C08E
:106C400000003000000E0000010000000000000005
:106C5000000020000220000220000220000220008C
:106C6000023FFFFE000000000000000000000000E6
:106C700000000000000000000008000010000030CC
:106C8000000020000030000010000008000000009C
:106C900000000000000001000001000001000001F0
:106CA00000000100000100000100000100000100DF
:106CB00000010000010000010000000000000000D1
:106CC0000020000020000010000010000000000064
:106CD00000000000000000000000000000000000B4
:106CE00000F00019F8001B180022080026080024F4
:106CF00008002410003FF8001FF8000008000018EA
:106D000000000004000007FFF80FFFF00018180053
:106D10001008002008002008003018001FF0000FA5
:106D2000C00000000000000007C0001FF000183085
:106D3000002008002008002008003C08001C10006B
:106D400000600000000000000000000007C0001FFD
:106D5000F000381800200800200800200804101057
:106D600007FFF80FFFF00000100000000000000017
:106D700000000007C0001FF000123000221800229F
:106D800008002208003208001E10000E200000003B
:106D900000000000200000200800200801FFF80388
:106DA000FFF806200804200804200807200003003C
:106DB0000000000000000000000E000E6E001FF337
:106DC0000031B10020B10020B1003191001F13004B
:106DD0002E1E00200E00300000000004000807FFF7
:106DE000F80FFFF800100800200000200000200825
:106DF000003FF8001FF8000008000000000000003D
:106E00000000002008002008002008063FF8063F88
:106E1000F800000800000800000800000000000062
:106E2000000000000000000003000003002001003B
:106E30002001002003063FFE063FFC00000000008A
:106E40000000000000000004000807FFF80FFFF832
:106E5000000188000300002FC00038F8002038002F
:106E600020080000080000000000000000000400EE
:106E70000804000804000807FFF80FFFF8000008E6
:106E800000000800000800000000000000200800CA
:106E90003FF8003FF8001008002000003FF8003FD6
:106EA000F8001008002000003FF8003FF80000083C
:106EB000000000002008003FF8003FF80010080024
:106EC0001000002000002008003FF8001FF800001C
:106ED000080000000000000007C0000FF00018309C
:106EE000003008002008002008003008001830009A
:106EF0000FF00007C0000000000000002001003F6C
:106F0000FF003FFF001011002009002008002008AA
:106F1000003038001FF0000FC0000000000000002B
:106F200007C0001FF00038180020080020080020CB
:106F300009001011001FFF003FFF000001000000CA
:106F4000002008002008002008003FF8003FF8005B
:106F50000808001008002008002000003000003061
:106F600000000000000000000000000C78001E1867
:106F70000033080023080021080021880021980020
:106F800030F0003860000000000000002000002009
:106F90000000200000FFF003FFF800200800200898
:106FA0000020080000300000000000000000000089
:106FB0002000003FF0007FF80000180000080000EB
:106FC00008002010003FF8007FF0000010000000D3
:106FD000000000002000003000003C00003F800066
:106FE00023F0000078000070002380003C00003097
:106FF00000002000002000003C00003FE00023F8DB
:107000000000E0002700003E00003FE00021F80003
:1070100001E0003E000020000000000020080020E9
:1070200008003838003E680027800003C8002CF8AC
:107030000038380020180020080000000000000080
:107040002000003003003C01003F830023EC0000DF
:1070500070002380003C00002000002000000000A1
:107060000000000000000038080020380020F80070
:1070700023E8002F88003E08003808002018000090
:107080007000000000000000000000000000000090
:107090000000000008000014001FF7FC300006206C
:1070A00000020000000000000000000000000000DE
:1070B00000000000000000000000FFFFFF000000D3
:1070C00000000000000000000000000000000000C0
:1070D00000002000023000061FF7FC00140000082A
:1070E00000000000000000000000000000000000A0
:1070F0000000001800006000004000004000002078
:1071000000001000000800000400000400000C0053
:10711000001000000001000500100014001800001D
:10712000000900004001000080070000200000006E
:1071300020000000200000000020010000280000C6
:1071400000F0000000000000350F0108951601084E
:107150009D170108791A0108A5250108DD310108EC
:1071600029400108A53101083D230108BD2301087C
:1071700005230108F52501080000010002000100B7
:1071800003000100020001000400010002000100F0
:1071900003000100020001000500010002000100DF
:1071A00003000100020001000400010002000100D0
:1071B00003000100020001000600010002000100BE
:1071C00003000100020001000400010002000100B0
:1071D000030001000200010005000100020001009F
:1071E0000300010002000100040001000200010090
:1071F000030001000200010007000100020001007D
:10720000030001000200010004000100020001006F
:10721000030001000200010005000100020001005E
:10722000030001000200010004000100020001004F
:10723000030001000200010006000100020001003D
:10724000030001000200010004000100020001002F
:10725000030001000200010005000100020001001E
:10726000030001000200010004000100020001000F
:107270000300010002000100000000000000000007
:1072800000000000FEFEFE00ECCF5500366B9000C3
:10729000294C740005070800A9704D00E6E9EA00D2
:1072A000704C3100DAE5E8002E5886000E192C00EB
:1072B00018253000172D4D004B8BAA00C7D5D900DB
:1072C000ECF3F6002A374A00926A4B008C553400E2
:1072D000EAD4650028151100E5B94B00D1DBE200C6
:1072E0004E372900F4D66400E8EDF200B7C5C800B7
:1072F0004A768E00070C1300252628001B386700ED
:10730000D5AA3700544932006F94A8004F311700B6
:10731000D6D9DA00252A350029343900CA9330003D
:1073200015171800DAB64600AFAA9300BACBD300FF
:1073300035475200E9CC650095A6A900ACBAC50056
:107340006D544C00F9F7EA001707060038251A00BB
:10735000B68D320053667300EAC83A00CFC6B60055
:10736000A76E3200B08D5300F2ECE900A6B4B7006E
:10737000B08B6C00C7B8AE00E8B4340096A9B60074
:10738000C7C8C8000C131800EAD78F00A8AAA90024
:10739000223C67004C849900D7A84500F3CC6500D7
:1073A0008899A700B4B9B8008B776C008E5B420057
:1073B0008C8C7500AFAB7400D9C6500093B5C90072
:1073C000454746003B79A2009166340088969B00B1
:1073D000A8988C00437AA50089A3A8001C447400D7
:1073E0006A3713004854580077858900AB71130041
:1073F000F1E6B0007366330065757A006886950023
:107400006FA8B700D4C5710091A69300E5D9D1004B
:10741000F3EDF40019140900653A29006DACC900B8
:1074200099B3B900C5CBD30055595500E8D57600BE
:10743000A5ACB500B8ABA6002825190039362A003E
:107440003538380032647A00798A97008BA6B60006
:1074500049596400697A89007586750079969A00A1
:10746000B7B3A900EDD9AB00271B2800979B980064
:10747000D5CBC600D8D3C80077675A0096661700E8
:10748000B8A54A00C9964400D6B857008488890038
:10749000A6B2A900A9C2C800C9B09600E7E4DA0004
:1074A0001805130015241A0026322A006848130014
:1074B000565847007565450069686900767C790013
:1074C000A45B3500C98B1A00C8A84800979CA80087
:1074D000B3C6B900FAF4D900E9F3EB0068635800C9
:1074E0007775670059A7B40091875400C7B6650047
:1074F0009995880039351A0036413600787456005F
:10750000A9796700B8AC5600C8B65400CAB979006A
:10751000878A920087958800958C8300E4DCE600DA
:10752000F8EBC7003927260056645800776A7300C5
:1075300091A87200C4A75800D6B66800E3CA7600C6
:10754000F7D77600F7E35500B8C39300CCC6970091
:10755000D4C88500F2E4920059441C00636C7600A4
:107560003E81A700A35D4700998230009CB4AD0026
:10757000CBD0CC00DAE2D80007110D0049587400D6
:107580005C5B6200688587008B7C8A00B78710008F
:10759000C78C6500F2E16200BCD0D700FCEBD300E1
:1075A00021330800322A0800342B3600474D53009F
:1075B000574946005A5A7100695766006676650059
:1075C00074686800799A8800C4771B00C07D5C00ED
:1075D000B8A53800A9A55700CDB84B00C4AA6900CA
:1075E000DAD03900F2CC7100869AB80085B7B400C1
:1075F000D3CCD900E5F5DD00F5F2C4002820090060
:107600002F381B00041D46001C415C005212000074
:107610004D3B47006C3B41004D53450072724E009C
:107620007F855F006E94870060979A005F9BCD0016
:10763000855A1500B05C1300BEB04D00DAAF5100A2
:10764000C3A77700E6B3600081B4A100A59FA100A5
:10765000BAABB00087C1CF00A5C6D900BBD0C70068
:10766000ADD3E800C2B8C300C6C18900CFD188003D
:10767000D2C69200ECEDCE00000100000000000038
:1076800078720108030303030303030303030303E3
:1076900003030303030303030303030303030303BA
:1076A00003030303030303030303030303030303AA
:1076B000030303030303030303030303030303039A
:1076C000030303030303030303030303030303038A
:1076D000030303030303030303030303030303037A
:1076E000030303030303030303030303030303036A
:1076F000030303030303030303030303030303035A
:107700000303030303030303030303030303030349
:107710000303030303030303030303030303030339
:107720000303030303030303030303030303030329
:107730000303030303030303030303030303030319
:107740000303030303030303030303030303030309
:1077500003030303030303030303030303030303F9
:1077600003030303030303030303030303030303E9
:1077700003030303030303030303030303030303D9
:1077800003030303030303030303030303030303C9
:1077900003030303030303030303030303030303B9
:1077A00003030303030303030303030303030303A9
:1077B0000303030303030303030303030303030399
:1077C0000303030303030303030303030303030389
:1077D0000303030303030303030303030303030379
:1077E0000303030303030303030303030303030369
:1077F0000303030303030303030303030303030359
:107800000303030303030303030303030303030348
:107810000303030303030303030303030303030338
:107820000303030303030303030303030303030328
:107830000303030303030303030303030303030318
:107840000303030303030303030303030303030308
:1078500003030303030303030303030303030303F8
:1078600003030303030303030303030303030303E8
:1078700003030303030303030303030303030303D8
:1078800003030303030303030303030303030303C8
:1078900003030303030303030303030303030303B8
:1078A00003030303030303030303030303030303A8
:1078B0000303030303030303030303030303030398
:1078C0000303030303030303030303030303030388
:1078D0000303030303030303030303030303030378
:1078E0000303030303030303030303030303030368
:1078F0000303030303030303030303030303030358
:107900000303030303030303030303030303030347
:107910000303030303030303030303030303030337
:107920000303030303030303030303030303030327
:107930000303030303030303030303030303030317
:107940000303030303030303030303030303030307
:1079500003030303030303030303030303030303F7
:1079600003030303030303030303030303030303E7
:1079700003030303030303030303030303030303D7
:1079800003030303030303030303030303030303C7
:1079900003030303030303030303030303030303B7
:1079A00003030303030303030303030303030303A7
:1079B0000303030303030303030303030303030397
:1079C0000303030303030303030303030303030387
:1079D0000303030303030303030303030303030377
:1079E0000303030303030303030303030303030367
:1079F0000303030303030303030303030303030357
:107A00000303030303030303030303030303030346
:107A10000303030303030303030303030303030336
:107A20000303030303030303030303030303030326
:107A30000303030303030303030303030303030316
:107A40000303030303030303030303030303030306
:107A500003030303030303030303030303030303F6
:107A600003030303030303030303030303030303E6
:107A700003030303030303030303030303030303D6
:107A800003030303030303030303030303030303C6
:107A900003030303030303030303030303030303B6
:107AA00003030303030303030303030303030303A6
:107AB0000303030303030303030303030303030396
:107AC0000303030303030303030303030303030386
:107AD0000303030303030303030303030303030376
:107AE0000303030303030303030303030303030366
:107AF0000303030303030303030303030303030356
:107B00000303030303030303030303030303030345
:107B10000303030303030303030303030303030335
:107B20000303030303030303030303030303030325
:107B30000303030303030303030303030303030315
:107B40000303030303030303030303030303030305
:107B500003030303030303030303030303030303F5
:107B600003030303030303030303030303030303E5
:107B700003030303030303030303030303030303D5
:107B800003030303030303030303030303030303C5
:107B900003030303030303030303030303030303B5
:107BA00003030303030303030303030303030303A5
:107BB0000303030303030303030303030303030395
:107BC0000303030303030303030303030303030385
:107BD0000303030303030303030303030303030375
:107BE0000303030303030303030303030303030365
:107BF0000303030303030303030303030303030355
:107C00000303030303030303030303030303030344
:107C10000303030303030303030303030303030334
:107C20000303030303030303030303030303030324
:107C30000303030303030303030303030303030314
:107C40000303030303030303030303030303030304
:107C500003030303030303030303030303030303F4
:107C600003030303030303030303030303030303E4
:107C700003030303030303030303030303030303D4
:107C800003030303030303030303030303030303C4
:107C900003030303030303030303030303030303B4
:107CA00003030303030303030303030303030303A4
:107CB0000303030303030303030303030303030394
:107CC0000303030303030303030303030303030384
:107CD0000303030303030303030303030303030374
:107CE0000303030303030303030303030303030364
:107CF0000303030303030303030303030303030354
:107D00000303030303030303030303030303030343
:107D10000303030303030303030303030303030333
:107D20000303030303030303030303030303030323
:107D30000303030303030303030303030303030313
:107D40000303030303030303030303030303030303
:107D500003030303030303030303030303030303F3
:107D600003030303030303030303030303030303E3
:107D700003030303030303030303030303030303D3
:107D800003030303030303030303030303030303C3
:107D900003030303030303030303030303030303B3
:107DA00003030303030303030303030303030303A3
:107DB0000303030303030303030303030303030393
:107DC0000303030303030303030303030303030383
:107DD0000303030303030303030303030303030373
:107DE0000303030303030303030303030303030363
:107DF0000303030303030303030303030303030353
:107E00000303030303030303030303030303030342
:107E10000303030303030303030303030303030332
:107E20000303030303030303030303030303030322
:107E30000303030303030303030303030303030312
:107E40000303030303030303030303030303030302
:107E500003030303030303030303030303030303F2
:107E600003030303030303030303030303030303E2
:107E700003030303030303030303030303030303D2
:107E800003030303030303030303030303030303C2
:107E900003030303030303030303030303030303B2
:107EA00003030303030303030303030303030303A2
:107EB0000303030303030303033303030303030362
:107EC0000303030303030303030303030303030382
:107ED0000303030303030303030303030303030372
:107EE0000303030303030303030303030303030362
:107EF0000303030303030303030303030303030352
:107F00000303030303030303030303030303030341
:107F10000303030303030303030303030303030331
:107F20000303030303030303030303030303120312
:107F300003030366BE4BA691A67D85906C52C29545
:107F4000A90303030303030303030303030303035B
:107F500003030303030303030303030303030303F1
:107F600003030303030303030303030303030303E1
:107F700003030303030303030303030303030303D1
:107F800003030303030303030303030303030303C1
:107F900003030303030303030303030303030303B1
:107FA00003030303030303030303030303030303A1
:107FB00033BF4B5CADAD90906C6C52728E6C716740
:107FC00070994B03330398426E7D9545FBBF1203B6
:107FD0000303030303030303030303030303030371
:107FE0000303030303030303030303030303030361
:107FF0000303030303030303030303030303030351
:108000000303030303030303030303030303030340
:108010000303030303030303030303030303030330
:1080200003030303030303030303030303330326CD
:108030007D553D6E42893C7FB5B6B094842FDB2FD1
:10804000A4D6A46DFF7F4E6C909052A0726C917D6F
:108050004B26660303030303030303030303030322
:1080600003030303030303030303030303030303E0
:1080700003030303030303030303030303030303D0
:1080800003030303030303030303030303030303C0
:1080900003030303030303030303030303030303B0
:1080A000030303030303030303030303033C2C78C9
:1080B000556BFB3FFCA5A450040449DB04040404F5
:1080C0006DB7E0FF973C980312039896453D7D5CA1
:1080D00091917D420303030303030303030303039B
:1080E0000303030303030303030303030303030360
:1080F0000303030303030303030303030303030350
:10810000030303030303030303030303030303033F
:10811000030303030303030303030303030303032F
:10812000030303030303030303030303BF86953D14
:108130007EF2B00404041B491B1616041B2F44AA2C
:108140003303660B11112D1D87872D11190B11316A
:108150001D1D7D853D0B030303030303030303037D
:1081600003030303030303030303030303030303DF
:1081700003030303030303030303030303030303CF
:1081800003030303030303030303030303030303BF
:1081900003030303030303030303030303030303AF
:1081A000030303030303030303033C261D4B2CB605
:1081B0008404041B162F2FDB490404047E89121249
:1081C000191D3131305574794A58303D3030311DE8
:1081D0001D190B4B91F5BF030303030303030303B3
:1081E000030303030303030303030303030303035F
:1081F000030303030303030303030303030303034F
:10820000030303030303030303030303030303033E
:10821000030303030303030303030303030303032E
:1082200003030303030303030303264539A51604CD
:108230001B1B1604041B0404041B6DB109120B87DD
:108240003D30605B2E28288C725B90A66E314130E9
:108250003D304B121D857D09030303030303030314
:1082600003030303030303030303030303030303DE
:1082700003030303030303030303030303030303CE
:1082800003030303030303030303030303030303BE
:1082900003030303030303030303030303030303AE
:1082A00003030303030303030303427B2F160404A6
:1082B0000404161616162F1B16047B1C091D6A4192
:1082C00060527171A052E88EE8E8232399A63131FB
:1082D0003030586A1242F53D980303030303030349
:1082E000030303030303030303030303030303035E
:1082F000030303030303030303030303030303034E
:10830000030303030303030303030303030303033D
:10831000030303030303030303030303030303032D
:10832000030303033303033303337B161B040416D5
:108330001616161616040416C744BF091D3D555BD4
:108340008C2E5B3760606060B990AC6C52E89A6EBE
:108350001D3D307531BF427D6B03030303030303EF
:1083600003030303030303030303030303030303DD
:1083700003030303030303030303030303030303CD
:1083800003030303030303030303030303030303BD
:1083900003030303030303030303030303030303AD
:1083A00003030303030303033CB716040416C716B1
:1083B0000404040416C7C7046D261C1D6E552E8CBC
:1083C00076B961616124244A4A4A555C91998E9A32
:1083D00045424B584AF91C4B6B0B03030303030341
:1083E000030303030303030303030303030303035D
:1083F000030303030303030303030303030303034D
:10840000030303030303030303030303030303033C
:10841000030303030303030303030303030303032C
:10842000030303030303033C4404041B0404161660
:1084300016C7C70416046D1B7E1C0B6E552E13C188
:108440002424242441316BDE2626262642FB7DA1EE
:108450004CF5424B7564193CA91C03030303030349
:1084600003030303030303030303030303030303DC
:1084700003030303030303030303030303030303CC
:1084800003030303030303030303030303030303BC
:1084900003030303030303030303030303030303AC
:1084A000030303030303334404041B16C704161613
:1084B0001616161BB30404440B33FB3D76131E241F
:1084C000DCDC41316B2609663C3C3C3C09A9A93FF8
:1084D0004E4C451DBD584109970303030303030395
:1084E000030303030303030303030303030303035C
:1084F000030303030303030303030303030303034C
:10850000030303030303030303030303030303033B
:10851000030303030303030303030303030303032B
:10852000030303030303B70404491B2F04161B1B97
:10853000B3B304041B1B047F12DFBD4A13C1242400
:10854000756A1DA9981266666666660966A909A914
:10855000394E4C6E966A4A4BE03303030303030320
:1085600003030303030303030303030303030303DB
:1085700003030303030303030303030303030303CB
:1085800003030303030303030303030303030303BB
:1085900003030303030303030303030303030303AB
:1085A00003030303035E0404B2040416041B04045F
:1085B000B3C7166DFE9DB50B0326BD37461E7575F8
:1085C0004111A96666121212126666663C3C09A940
:1085D000A96F9AA842315830657B33030303030324
:1085E000030303030303030303030303030303035B
:1085F000030303030303030303030303030303034B
:10860000030303030303030303030303030303033A
:10861000030303030303030303030303030303032A
:108620000303030397B1044916161BB3C7C71B2FD7
:1086300084D72CA96E2E8766036B6E76C1DCDC4175
:108640002D0B126666666666666666663C893C0940
:10865000A926A8E9F66B5875396DC903030303030E
:1086600003030303030303030303030303030303DA
:1086700003030303030303030303030303030303CA
:1086800003030303030303030303030303030303BA
:1086900003030303030303030303030303030303AA
:1086A000030303036D6D1B1BB304A4D79C8F8E5271
:1086B00013273712A65BF91C031D30761EDC5151BF
:1086C000191203030303031298036666663C1C0930
:1086D00009263F8095F986581D44B20333030303EE
:1086E000030303030303030303030303030303035A
:1086F000030303030303030303030303030303034A
:108700000303030303030303030303030303030339
:108710000303030303030303030303030303030329
:10872000030333971B1663D7E9E828270E28131392
:108730002813771260371D0B036B4AC14775752DDF
:1087400009037E9E4CA8F60903121212666666099A
:1087500009A9BE91A6F96EDC2D44045E0303030350
:1087600003030303030303030303030303030303D9
:1087700003030303030303030303030303030303C9
:1087800003030303030303030303030303030303B9
:1087900003030303030303030303030303030303A9
:1087A000030333394FA15228270E272813132828F3
:1087B0007228916B7660310B036B303710756A1934
:1087C000124E23255F6825E7F60366666666663CFB
:1087D00009A926A7851D3D4A6AB604B2030303030F
:1087E0000303030303030303030303030303030359
:1087F0000303030303030303030303030303030349
:108800000303030303030303030303030303030338
:108810000303030303030303030303030303030328
:108820000303BF782E28272727278C8C7272722E7D
:108830001328450BCD6030BE03BE6A1E1E62510B6D
:1088400085356815FD9C6868E145036612666666B5
:1088500009190B95A71D865858B54950C90303033C
:1088600003030303030303030303030303030303D8
:1088700003030303030303030303030303030303C8
:1088800003030303030303030303030303030303B8
:1088900003030303030303030303030303030303A8
:1088A000031255372E2E2E28282813131328281389
:1088B00028281D19CD60583D120B6A241E62F7C886
:1088C00023B80A9FCACACBB8251ABF031266660925
:1088D000A90B0B30A71D4175582C2F04B733030388
:1088E0000303030303030303030303030303030358
:1088F0000303030303030303030303030303030348
:108900000303030303030303030303030303030337
:108910000303030303030303030303030303030327
:10892000030B7961B9CD282727207C7C20AB719F70
:1089300035726B111337414119124B301E62F731FA
:108940009F8D25672A43070A15253F03126666098E
:1089500009096B857D1D3041796C9C636D33033350
:1089600003030303030303030303030303030303D7
:1089700003030303030303030303030303030303C7
:1089800003030303030303030303030303030303B7
:1089900003030303030303030303030303030303A7
:1089A000031C306013209FB85F5FBC36362922223B
:1089B0002B9463D772CD953D3126428624EC62C854
:1089C0007125B8E13407675A5A174B0366661C09CC
:1089D000A9A94B4E31BD64305C2728C24F33030335
:1089E0000303030303030303030303030303030357
:1089F0000303030303030303030303030303030347
:108A00000303030303030303030303030303030336
:108A10000303030303030303030303030303030326
:108A20000309B9A05F361804041BC7C71B1B040445
:108A3000B31B182B54142C86963DC831BDC3ECFAD9
:108A40007434255A25255AEF5A35A9336609090980
:108A500026DE7A5631304158B913130F2E3D980354
:108A600003030303030303030303030303030303D6
:108A700003030303030303030303030303030303C6
:108A800003030303030303030303030303030303B6
:108A900003030303030303030303030303030303A6
:108AA000036E8D2B1B1B1B1B0404161604040404ED
:108AB000040404043822B04F7A1D30BD3D30786480
:108AC00011C467CB5A5A15E5E16F031C09980B0BCB
:108AD000A9FE4F6A419541552E76762E2713110334
:108AE0000303030303030303030303030303030356
:108AF0000303030303030303030303030303030346
:108B00000303030303030303030303030303030335
:108B10000303030303030303030303030303030325
:108B2000034BD7B20404040404040404040404043E
:108B3000040404041B04D8634F861D74588730EA6C
:108B4000AF444F991A1AE6ADDE030933660B657B15
:108B5000F3D92C6A586A87C30E2E76372E135C031E
:108B600003030303030303030303030303030303D5
:108B700003030303030303030303030303030303C5
:108B800003030303030303030303030303030303B5
:108B90000303030303030303030303030303660342
:108BA00003DF441B0404040404040416161616040C
:108BB0000404040404042B50A34F4231EB79416AAE
:108BC0004ED6381BDBB1445E5E5E7B7BB2DB042B92
:108BD0009D4541646A874599672A282E37136003AB
:108BE0000303030303030303030303030303030355
:108BF0000303030303030303030303030303030345
:108C00000303030303030303030303030303030334
:108C10000303030303030303030303030303030324
:108C200003336D0404161B161616160416161604C6
:108C3000040404040404042B84D9AE2C4255745853
:108C40006A6EF284040404383804181818F3A5B4C2
:108C50006A7558BD1D2C54815425E18B722E30034A
:108C600003030303030303030303030303030303D4
:108C700003030303030303030303030303030303C4
:108C800003030303030303030303030303030303B4
:108C90000303030303030303030303030303033374
:108CA00003C92F1B16160404040404041616161612
:108CB00004040404040404182B84A3D74F7A4179D4
:108CC0005C55756A2CB4B6B12F63B163B47A6E7516
:108CD00079643D51F23B3629298354B86728300323
:108CE0000303030303030303030303030303030354
:108CF0000303030303030303030303030303030344
:108D00000303030303030303030303030303030333
:108D10000303030303030303030303030303030323
:108D200003C92F2F0404040404040416161616168F
:108D300004040404161B1B042222D8A4D7A34F3D0D
:108D400051555C61795830BDBD8630955879794A66
:108D5000418731F536832B18182BF1F15434A603D3
:108D600003030303030303030303030303030303D3
:108D700003030303030303030303030303030303C3
:108D800003030303030303030303030303030303B3
:108D90000303030303030303030303030303660340
:108DA00003AA04160404040404161616161616164E
:108DB000040404042F0404040438222BA4F0F09DBE
:108DC000B5968751957461616161617979306E31D1
:108DD0003078A13B29182B1850501B04DB1A4B0389
:108DE0000303030303030303030303030303030353
:108DF0000303030303030303030303030303030343
:108E00000303030303030303030303030303030332
:108E10000303030303030303030303030303030322
:108E2000035E042F040404161616161616161616DC
:108E300004040404041B0404043840222294AFA355
:108E400082AFF2B496F9F91D1D1D31313141C3AC29
:108E50008F3A9329484818181804500418880303B7
:108E600003030303030303030303030303030303D2
:108E700003030303030303030303030303030303C2
:108E800003030303030303030303030303030303B2
:108E90000303030303030303030303030303330372
:108EA00003B72F4949494904040404040404040491
:108EB00004040404040404040404040440222936C1
:108EC000D682A3A3D7569E9EA7A778D15B52B8EEB1
:108ED0003A362922482B1818180404042F030333A8
:108EE0000303030303030303030303030303030352
:108EF0000303030303030303030303030303030342
:108F00000303030303030303030303030303030331
:108F10000303030303030303030303030303030321
:108F2000336D040404040404162F16160404040408
:108F300004040404040404040404040438382293DC
:108F40005D81EE5F5F8E8E52717171710AEE3A36FD
:108F500036362922482B1818180404046D0303031D
:108F600003030303030303030303030303030303D1
:108F700003030303030303030303030303030303C1
:108F800003030303030303030303030303030303B1
:108F900003030303030303030303030303030303A1
:108FA000334449040416160404DB160404040404C0
:108FB00004040404040404040404040450040438F1
:108FC00040295DEE8DB825B88D8D15543A5DC59359
:108FD000362983482B2B1818180404044403030370
:108FE0000303030303030303030303030303030351
:108FF0000303030303030303030303030303030341
:109000000303030303030303030303030303030330
:1090100003030303030303030303030303033303F0
:10902000AADB492F04161604044916040404040498
:109030000404040404040404040404044904043877
:1090400038384022935D818181815D5D3A363636C4
:10905000368348482B18181804040404B703030384
:1090600003030303030303030303030303030303D0
:1090700003030303030303030303030303030303C0
:1090800003030303030303030303030303030303B0
:1090900003030303030303030303030303030303A0
:1090A0005E04040404492F0404041B04040404049F
:1090B0000404040404040404040404040404040470
:1090C00038383840402293365D5D3ABC3A36363601
:1090D000838348222B181818040404045E03030336
:1090E000030303030303030303030303033C6603B4
:1090F0000303030303030303030303030303030340
:10910000030303030303030303030303030303032F
:109110000303030303030303030303033303030BE7
:1091200096B4B61604041B1616161B490404040450
:1091300004040404040404040404040404040404EF
:1091400004043838383840292936363693292929F5
:10915000292248482B18181804040404AA030303FE
:109160000303030303030303030303038909BF2664
:10917000BF03030303030303030303030303030303
:1091800003030303030303030303030303030303AF
:10919000030303030303030303030303030333F87A
:1091A000696951B4631604492F1604490404040480
:1091B000040404040404040404040404040404046F
:1091C00004043838383838404022292929292929E7
:1091D000222248482B2B1818040404049703030385
:1091E0000303030303030303030303033C7E45BE9E
:1091F0000903030303030303030303030303030339
:10920000030303030303030303030303030303032E
:10921000030303030303030303030303030312F71B
:109220009B9B6969869D3804040404490404040472
:1092300004040404160404040404040404040404DC
:1092400004040404043838383840402B484848485F
:10925000224848F12B2B181850040404330303034D
:1092600003030303030303030303030303337F66BF
:1092700012030303030303030303030303030303AF
:1092800003030303030303030303030303030303AE
:109290000303030303030303030303030303125141
:1092A000F769699B62F4D80449490404491B160410
:1092B0000404042F492F04042FDB1B0404040404BA
:1092C0000404040404043838383818182B2B404898
:1092D000482248F1402B8450042F2F2F970303037B
:1092E00003030303033C0998BE4203030303033C47
:1092F000330303030303030303030303030303030E
:10930000030303030303030303030303030303032D
:109310000303030303030303030303330303114F93
:1093200063B4699BED69564004491B160416161672
:109330002F1B041B041B2F042F2F041B04041B04CE
:1093400004040404040438383838384040404818CD
:109350002B402BF1F118181804040416030303031F
:1093600003030303333C7F7A398933030303333C1C
:1093700003120303030303030303030303030303AE
:1093800003030303030303030303030303030303AD
:109390000303030303030303030303030303B5D816
:1093A000B304B4699B695182380404041B04501B44
:1093B000162F1B0416042F040404DA5018182B2B44
:1093C0002B2B2222222222D6948382AF9C5F235F02
:1093D0002B38182B18181818045050DB03030303FC
:1093E0000303030303033C09091203030333036666
:1093F000657EF62C7A3C0303030303030303030394
:10940000030303030303030303030303030303032C
:10941000030303030303030303030303C95E2F04CE
:10942000043804649B9B69D32938044904491B040C
:1094300004041B040404164904848F99D17878A786
:1094400064F57A861D864BF911190B2D5861069F1C
:1094500050181838183838042F2F041B033303030F
:10946000330333030303030326427F7E3F2CA84CC0
:1094700080321A684C7E03030303030303030303D0
:1094800003030303030303030303030303030303AC
:109490000303030303030333030397B71604DB1625
:1094A000DA40409D629B62699C400449B3041B49B9
:1094B00004040449491B042F04D8CCC137CD52857C
:1094C0003D4B1DBEF5E6D2FB424B7A90525B285FC6
:1094D000B304041850180404040450A5DF03030364
:1094E0001C09030303654C8032231A68E7E7680A06
:1094F000C4D0230A807A0303030303030303030393
:10950000030303030303030303030303030303032B
:10951000030303030303030303E06D040404044093
:109520002229934064ED9B6258C5DA04C7C7041B27
:109530002F162F2F2F04042FB3DACB0000000007C3
:1095400007C067343434343467343434343434D674
:109550000418045038180438389DA779DD12986033
:109560002E06C14103391A3E32230A0A320A323228
:10957000801A1A8F802C03030303030303030303DE
:1095800003030303030303030303030303030303AB
:109590000303030303030303AA16380404044093DC
:1095A000D4EF5D29A4629BEC5132D0CD5F631B04E4
:1095B0001B162F1B1B040404041BBC00078A178AFC
:1095C000341F8A8A8A8A17178A171767348A8D1B6D
:1095D000043838040404382B4F10BAEC620B6C2AA0
:1095E0002E130F1F60BF3232AB1A230A68B8ADAD1D
:1095F000B80AE7804C2C03030303030303030303AC
:10960000030303030303030303030303030303032A
:10961000030303033303035E162F2F041829D45DBD
:10962000EFEF3A932B649B9B3746210F0D9F1BB3A3
:10963000041B2F04040416044949B35F00071734C0
:10964000070707673417346717173417343584044E
:10965000180438385038184E101010109B312070F4
:10966000A072270E1FCE23251A1A0A0A0AE7E71A44
:10967000AB0A8F3268A83303030303030303030316
:1096800003030303030303030303030303030303AA
:10969000030303030303976D04161B0418C5EFD4DB
:1096A0002229363640B424062E2E0F0D0D439A9CE7
:1096B000362F1B1BC70404040404041B1467000793
:1096C0000734343467343417178A34345AB00438C2
:1096D000380438383838AE10BA1047247996521FFB
:1096E000277020270D003523320A0A0A0A680A6803
:1096F0002523808099A889030303660303030303DA
:109700000303030303030303030303030303030329
:109710000303030303035E1B040404042F48B0B2D5
:1097200050838383F1A106462E0E07070E2E46E3D3
:109730000DE8D782D9B049042F2F0404B3D60A67A5
:1097400000070000348A8A8A8A17253B50C704180C
:1097500004180438403B6147611E79B4F5F59E67F3
:109760001F8B8C270E0717CE801A680A0A0A3280D0
:109770004C9E566F6589030303030303030303032E
:1097800003030303030303030303030303030303A9
:109790000303030303035E0404041616B2B3B18E7D
:1097A00013720ABC232846060E07431306060FE36E
:1097B0000E0DE632800A08D804040404041BB350DA
:1097C000825FB81A25B8B85FBC9404B30438380473
:1097D000B3383840949A778639E6C2AC130E992391
:1097E000071F8B0E0D43350A68357199D2A86F7F1C
:1097F00089090903030303030303030303030303A7
:109800000303030303030303030303030303030328
:1098100003030303030333B13804492FB32F230E8B
:10982000460F0D2813132E062E2E2E2E52CC0E0D63
:109830000E201768CB254D083618040404040404D0
:109840001B1BB3041B1BB3B3B3B304043838383841
:109850002B509DA58890F67F65326720130F1FC09F
:10986000430743270E4371564C56451D66030303B9
:10987000033C3C0303030303030303030303030346
:1098800003030303030303030303030303030303A8
:109890000303030303030303442F0404C79CC0A072
:1098A000A02E0F2713A023522E5272280E208B8B2E
:1098B0008B2A173535256814143A22DA040438380F
:1098C0003804043804043838383838382B84B1F276
:1098D0003E3939DE654C6F7E39A7207C9F700E4380
:1098E0001FC0200D8B20206B1C033C3C66660303CD
:1098F00003663C3C03030303030303030303030363
:109900000303030303030303030303030303030327
:109910000303030303330303039744C7C7230E273B
:109920008CA0288C137171A0722020270E0D2A7C28
:109930007C702A677035354D080808546078EBD381
:109940006464AEAE4F4FAE4F4F4FA5A54F3F7E3F25
:10995000AD7F7E397F4CA8FBF52C8E7C0E270E0D3B
:10996000072A8B20200E5B12030389891C1C1C0311
:1099700003333C3C03030303030303030303030315
:1099800003030303030303030303030303030303A7
:109990000303030303033303330333083B200E287D
:1099A000CC702727288C28280E0E0D0D43071F0783
:1099B000C0201717E135AB320808088F28460C0C79
:1099C0000553575747612476C2FB3F3F5639393F0D
:1099D000996F393F3FF5809E801529360D0D0E8B0E
:1099E0008B2A0D0E0E0F7626033389128909A903DF
:1099F0000303333C3C3C030303030303030303035C
:109A00000303030303030303030303030303030326
:109A1000030303030303030303334C5AB80E0E8BF3
:109A20002727278C272027272020202AC0C0430D46
:109A30000D202A7035E1255F08BB0814CE0D210CDE
:109A40000C73774A45457E4C702C7F399E6F3F3FA3
:109A50004E9A562C5C61A1C5818DC5B3F0350E8B35
:109A60000E0E0E0E132E0E30033C7E7F26120312B6
:109A700003660989BEBF3C03030303030303030317
:109A800003030303030303030303030303030303A6
:109A90000303030303030303664C5A3A541A0E0EDE
:109AA00027270F0E2727272727270E0E0D0D0E20FD
:109AB0002A2A177035352514144D4D15E68C239A36
:109AC000CFF539393F563F7A716C39392CA83F2C84
:109AD000455B282E0F37369381EE5D40B3822027F9
:109AE00027132846130D1FF5036609030303030319
:109AF000036626BE45260303030303030303030390
:109B00000303030303030303030303030303030325
:109B1000030303030303030356E75A3ABB4D717073
:109B200071202A20200E0E0E0E20208B0E0E0E2AE3
:109B300043C0C0C017351A0A0A0A0A0AAB8C4E394C
:109B4000C46F396FFB6F6F2C32356F888691771E2B
:109B5000C12E0E0E13EA2993813648184038E20DC3
:109B6000A013138B0D1F2709120303030303030321
:109B700003030303090303030303030303030303AF
:109B800003030303030303030303030303030303A5
:109B9000030303030303038814BB3A08080815688A
:109BA0008FB89F35702020207020208B2A431F07FC
:109BB00007070707C0351AB80A0A0A4D235B56394A
:109BC0002C567A3F3F3F3F567D5B5B55771E0559CC
:109BD0000C4713282E3629293648502F1838B81F1D
:109BE0008B0E0D7C07206B030303030303030303A6
:109BF0000303030303030303030303030303030335
:109C00000303030303030303030303030303030324
:109C100003030303030365080808BB4D1492921560
:109C20004D5F0A25351770171717172A07070707FB
:109C30001F1F1F1F0735680A8F680A0A2552322C1A
:109C4000392CA82C6F567D55770505530C050C1043
:109C50000C5924765B9329944818046D0316938D50
:109C60007C0E8B209989030303030303030303037F
:109C700003030303030303030303030303030303B4
:109C800003030303030303030303030303030303A4
:109C90000303030303333E08083A083223159215E1
:109CA0000A540A683570701717676707C0C0C0C0CC
:109CB0001F1F1F1F1F35680A4D0A150AB872CECE26
:109CC0004C4E5CCFC1C10606590C0505050557056C
:109CD0000C7373E4AC22222B182F046D12337B22F9
:109CE000298394B13303030303030303030303032F
:109CF0000303030303030303030303030303030334
:109D00000303030303030303030303030303030323
:109D1000030303030333A20808084D238F0A08BB7B
:109D200015154D0A1A35357070672A07C0C0C0076F
:109D3000071F1F1F1F350A0A154D4D4D32679F9F84
:109D4000707213212121065921050C0C0C0C0C0CEE
:109D50000C0C0C05D1F12B18182F18440303339762
:109D60007B7BE033030303030303030303030303C6
:109D700003030303030303030303030303030303B3
:109D800003030303030303030303030303030303A3
:109D900003030303033C3EBB08084DEA9C0A1592EB
:109DA0001568320AB8251A359F3570071F1F1F1F07
:109DB0001F434343071ABB15140808BB1434E1675B
:109DC0000E0F212121214606210C0659590C060CA3
:109DD0000C05050C78F11804045018B7033303037D
:109DE0000303120303030303030303030303030334
:109DF0000303030303030303030303030303030333
:109E00000303030303030303030303030303030322
:109E100003030303033C08BB08BB155F5F5F6815C2
:109E200015681A0A6868681A681A1A671F1F1F1FC0
:109E3000C0C00700070A083A080808080A70702717
:109E4000210FE4465906064646212159595906066E
:109E50000C0C0605A71818503804F37B0303030302
:109E600003030303030303030303030303030303C2
:109E700003030303030303030303030303030303B2
:109E800003030303030303030303030303030303A2
:109E9000030303030309A2BB4D920A23231A1A6882
:109EA0000A686868150A150A0A6868252A070007FB
:109EB0001F070072320AD508143B3BA2E735350E66
:109EC00021214646590646462146595959465906C2
:109ED000060C0C054E1850041804385E03030303E7
:109EE0000303030303030303030303030303030342
:109EF0000303030303030303030303030303030332
:109F00000303030303030303030303030303030321
:109F10000303030303A9080808080A2323232525AC
:109F20000A1568684D4D0A0A15150A0A0A251734DC
:109F3000C0670A084D1508083B083B0823357C0E0E
:109F40002121465906064621215906595959060C20
:109F50000C59590CEA0418182F16505E030303031A
:109F600003030303030303030303030303030303C1
:109F700003030303030303030303030303030303B1
:109F800003030303030303030303030303030303A1
:109F900003030303033C080808088F8E8F326868A8
:109FA0000A15155A150814080808155415084D4DBA
:109FB00014141492BB0A14A2A2083BD51A357C0FC4
:109FC0000F21465959060659060C0C0C0C0C0C0CAA
:109FD000050C0C05AE181804045004E00303030339
:109FE0000303030303030303030303030303030341
:109FF0000303030303030303030303030303030331
:10A000000303030303030303030303030303030320
:10A010000303030303033E08089215328F230A2526
:10A020000A1508151508D508080854BB1514140A94
:10A030001514084DBB0ABB0808083E149F70270F73
:10A04000212146060C0C0C06050553530C0505533F
:10A0500057535310AE043804043818B512030303E1
:10A0600003030303030303030303030303030303C0
:10A0700003030303030303030303030303030303B0
:10A0800003030303030303030303030303030303A0
:10A090000303030303038808D5BB15CE23238FB81E
:10A0A000540808BB154D3E3E3BD50854924D154D06
:10A0B0000A4DBB080815154D144DA21A357C270F03
:10A0C0000F2146060C0C590C055757BA57575353D6
:10A0D000050C0505EA36D6823B82D75C2D030303C7
:10A0E0000303030303030303030303030303030340
:10A0F0000303030303030303030303030303030330
:10A10000030303030303030303030303030303031F
:10A110000303030303033908D508150AA18FA10A15
:10A120001592BB080815083E3BD508BB920854BBE6
:10A1300008BBBBBBBB154D4CD0148F35AB270F46AE
:10A14000214646460606060C055353BA57050553E5
:10A1500053535305471E4747EC241E056A03030368
:10A1600003030303030303030303030303030303BF
:10A1700003030303030303030303030303030303AF
:10A18000030303030303030303030303030303039F
:10A1900003030303030389A20808928F4E23A15FE0
:10A1A0005A929208BB4D14C63ED508BBBB54D53A53
:10A1B000C6D588A2BB15BBA28F4C2335270F0F2114
:10A1C0000F212121590C0553055353535353531059
:10A1D000101053054753105310621E0F6203030300
:10A1E000030303030303030303030303030303033F
:10A1F000030303030303030303030303030303032F
:10A20000030303030303030303030303030303031E
:10A21000030303030303333EBB0892149A718FB800
:10A220005ABBBB080808150808D5080808D53E140D
:10A230000A4D0A0A4D15BB4D0A1A70AB132121466F
:10A2400046065959590C535353BA101010BABA1044
:10A25000100505471E53BA1047109B73EC120303F9
:10A2600003030303030303030303030303030303BE
:10A2700003030303030303030303030303030303AE
:10A28000030303030303030303030303030303039E
:10A2900003030303030303F668BB08811A1A681556
:10A2A0000892BB080808084DA2A208088F35170EAF
:10A2B0000D0D0F0F2713130E0E0FE4E42146460673
:10A2C000590606060C0C055353BA10101010BABAF2
:10A2D000055705106105BA101E109B9B9B120303C6
:10A2E000030303030303030303030303030303033E
:10A2F000030303030303030303030303030303032E
:10A30000030303030303030303030303030303031D
:10A3100003030303031203894C14BB92920808D56C
:10A32000C608BB080808D54DA24C803235672A0EF6
:10A330000F0F0F0F214646212121215921460606E4
:10A34000060C06060C0C05535353BABA53BA53BA4B
:10A3500010BA059B62060557BA47EC242412030382
:10A3600003030303030303030303030303030303BD
:10A3700003030303030303030303030303030303AD
:10A38000030303030303030303030303030303039D
:10A390000303030303030303333F144DD508A2A2B1
:10A3A0000808920808D5A208148F1A35207C0E0FD1
:10A3B0000F0F214659595959595959595906050CE0
:10A3C0000C0C06060C050553535353530553BA1092
:10A3D0009B10109B101E0605054747477503030396
:10A3E000030303030303030303030303030303033D
:10A3F000030303030303030303030303030303032D
:10A40000030303030303030303030303030303031C
:10A4100003030303030303030303653E1515143EFF
:10A420003E08BB0808D5C6A24D1A3535270F0F21A7
:10A4300046595906060C0C06060C0606060C0505C0
:10A440000C050C0C0553535710BABA535353109BB9
:10A450009B1010BA1024470506731E10190303033E
:10A4600003030303030303030303030303030303BC
:10A4700003030303030303030303030303030303AC
:10A48000030303030303030303030303030303039C
:10A49000030303030303030303030333881492C674
:10A4A00056A20A920808140A23200E0F0F2146060E
:10A4B0000C0C060C0C0C0C060C05050C05050573A4
:10A4C000060C050505055357BABA5753535710578D
:10A4D0001010BA530505BA47241E055103030303A0
:10A4E000030303030303030303030303030303033C
:10A4F000030303030303030303030303030303032C
:10A50000030303030303030303030303030303031B
:10A5100003030303030303030303030303652C3E45
:10A52000A83268148032A028132E060606065906A3
:10A530000606060C0C0C0C0C05050553531E1E7369
:10A540000C0C050C0505050505535353530505056E
:10A55000535757471E575347057324660303030396
:10A5600003030303030303030303030303030303BB
:10A5700003030303030303030303030303030303AB
:10A58000030303030303030303030303030303039B
:10A590000303030303030303030303030303033C52
:10A5A0003C425C1E1E1E1E737306730606060606DC
:10A5B000060606060C0C0C055305050505051E735D
:10A5C000050505050505050505530505570505059B
:10A5D00005055305050547057361120303030303CE
:10A5E000030303030303030303030303030303033B
:10A5F000030303030303030303030303030303032B
:10A60000030303030303030303030303030303031A
:10A61000030303030303030303030303030303030A
:10A62000030319624747051E05050C0C0606060CB8
:10A630000C0C0C0C0C0C0C0C0C0C050505731E738F
:10A640000C0C0C05050C0553535305050C050C0C9F
:10A65000050C051E0505737324030303030303039D
:10A6600003030303030303030303030303030303BA
:10A6700003030303030303030303030303030303AA
:10A68000030303030303030303030303030303039A
:10A69000030303030303030303030303030303038A
:10A6A00003030366DDEC1E1E05057373730C0C0CAF
:10A6B00073057305050C0C0C060C0C0505051E0531
:10A6C00005050505050505051E05050C0C0C060C04
:10A6D0000C0C0505050637310303030303030303CD
:10A6E000030303030303030303030303030303033A
:10A6F000030303030303030303030303030303032A
:10A700000303030303030303030303030303030319
:10A710000303030303030303030303030303030309
:10A7200003030303031158471E057373050C0C0C38
:10A730000C060C730C050505050C050573731E73DB
:10A7400047050505050C0C0C0C0606590606060601
:10A750000C7306E4064A0B030366030303030303B7
:10A7600003030303030303030303030303030303B9
:10A7700003030303030303030303030303030303A9
:10A780000303030303030303030303030303030399
:10A790000303030303030303030303030303030389
:10A7A00003030303030303114A1E737373060C5957
:10A7B000060C060C0C0C0C0C050C050573731E73B3
:10A7C0001E7373730C060646464646464646460FBB
:10A7D0000F0F76411C0303666603031C121212124C
:10A7E0001212121212121212121212121212121249
:10A7F00012121212030303030303030303030303ED
:10A800000303030303030303030303030303030318
:10A810000303030303030303030303030303030308
:10A820000303030303030303030B6A61060F0FE42F
:10A830000FE40F0F46214606464606E40FE40F06D6
:10A84000C10606064646E40F0FE3E3E30F0D0D2EA7
:10A85000773112036609099898091C121C1C1C1CEC
:10A860001C121212121212121212121212121212BE
:10A870001212121212121212121203030303030312
:10A880000303030303030303030303030303030398
:10A890000303030303030303030303030303030388
:10A8A00003030303030303030303030319740FE305
:10A8B000E30D0E0DE30DE30E0D0D0D27CF77B90D52
:10A8C0000D0DE3E3E30F0D0D0D0D0D0D1F76310B97
:10A8D000121209091C090B0B090B090909090909BD
:10A8E000090909090909091C1C1C1C1C1C1C1C1C2D
:10A8F0001212121212121212121212121212030356
:10A900000303030303030303030303030303030317
:10A910000303030303030303030303030303030307
:10A9200003030303030303030303030303032D13BD
:10A930000D0D43430D0D0D43434307CC03034B0063
:10A940001F430D0D0F0F0D0D0E0D0D0E551C1C1977
:10A950000B2626BF190B0B19190B0BA90B0B0B0B95
:10A960000B0B0B0B0B0B0B0B0B0909090909090945
:10A970001C1C1C1C1C1C121212121212121212127B
:10A980001203030303030303030303030303030388
:10A990000303030303030303030303030303030387
:10A9A0000303030303030303030303030303034A30
:10A9B0000E431F0D1F431F1F430707CD1212C2076F
:10A9C000430D0D0D0F0F0F0FE3E30F770B1911114F
:10A9D000111911111111191919191919191919190F
:10A9E000191919190B0B0B0B0B0B0B0B0B0B090983
:10A9F00009091C1C1C1C1212121212121212121221
:10AA00001203030303030303030303030303030307
:10AA10000303030303030303030303030303030306
:10AA200003030303030303030303030303030312E7
:10AA30005B0D0D434343431F1F1F5B1D1DC8742740
:10AA40000D0D0F0F46E406460F0FE451192DC8C82F
:10AA50001DC8111111111111111111111919191903
:10AA60001919191919190B0B0B0B0B0B0B0B0909E6
:10AA700009091C1C1C1C1C121212121212120303B4
:10AA80000303030303030303030303030303030396
:10AA90000303030303030303030303030303030386
:10AAA0000303030303030303030303030312455BCD
:10AAB00043071F07070707071F1F77C887872D55FD
:10AAC00000071F0D8B8B8B0E4307285C6E2D112DFD
:10AAD0002DC8C81D2DC8C8C8C811111111111111D8
:10AAE0001919191919190B0B0B0B0B0B0B0B090966
:10AAF0000909091C1C1C1C12126612030303030320
:10AB00000303030303030303030303030303030315
:10AB10000303030303030303030303030303030305
:10AB2000030303030303030303030303BE520007EA
:10AB30000707070707070707C0C076876A411D9107
:10AB400000070707071F0700071F070707285C2DD7
:10AB50002D312D2D2D2D2D2DC8C8C81111111119D4
:10AB60001919191919190B0B0B0B0B0B0B09091CD4
:10AB700012121212030312126612030303030303D9
:10AB80000303030303030303030303030303030395
:10AB90000303030303030303030303030303030385
:10ABA000030303030303030303030342204343C0DC
:10ABB00007C007070707C0070707283030583D5B65
:10ABC000000707071F07071F431F0707070743C2A1
:10ABD000312D1D1D2D2DC8C8C8C8111111111119F5
:10ABE0001919191919190B0B0B0B09091212030367
:10ABF0000303030303030312666612120303030332
:10AC00000303030303030303030303030303030314
:10AC10000303030303030303030303030303030304
:10AC20000303030303030303030303A62A28202AC1
:10AC30008B4307C007070707071F27776161742841
:10AC400000000707C0438B8B2A2A202020208B720C
:10AC50005C872D1D1D1D2D2D2D6B6B6B1111111181
:10AC600019191919190B0B0B09091C1C12121212B4
:10AC70006666666603030303121212126666666650
:10AC80000303030303030303030303030303030394
:10AC90000303030303030303030303030303030384
:10ACA0000303030303030303030312600743431F68
:10ACB00007000700071F0E13CD7637771E77602E2B
:10ACC0000E2A431F000007432A2A208B20208B4393
:10ACD000373131311D1D2D6B111126260B0B0B0940
:10ACE000091C1212030303030303030303030303F7
:10ACF0000303030303030303030303030303030324
:10AD00000303030303030303030303030303030313
:10AD10000303030303030303030303030303030303
:10AD2000030303030303030303120945CD27272766
:10AD30000E0E27725B3760745C7479617479794A9E
:10AD40004A5555745C6C72202A1F071F001F0707A5
:10AD5000B91D1D0B1C1C1212030303030303030381
:10AD600003030303030303030303030303030303B3
:10AD700003030303030303030303030303030303A3
:10AD80000303030303030303030303030303030393
:10AD90000303030303030303030303030303030383
:10ADA0000303030303030303030303030312091948
:10ADB00026261119260B19116B110B0B1C1C1C03D9
:10ADC000030303030303120BBE6B1D6E4B6E4BFBA1
:10ADD0002603030303030303030303030303030320
:10ADE0000303030303030303030303030303030333
:10ADF0000303030303030303030303030303030323
:10AE00000303030303030303030303030303030312
:10AE10000303030303030303030303030303030302
:10AE200003030303030303030303030303030303F2
:10AE300003030303030303030303030303030303E2
:10AE400033030303030303030303030303030303A2
:10AE500003030303030303030303030303030303C2
:10AE600003030303030303030303030303030303B2
:10AE700003030303030303030303030303030303A2
:10AE80000303030303030303030303030303030392
:10AE90000303030303030303030303030303030382
:10AEA0000303030303030303030303030303030372
:10AEB0000303030303030303030303030303030362
:10AEC0000303030303030303030303030303030352
:10AED0000303030303030303030303030303030342
:10AEE0000303030303030303030303030303030332
:10AEF0000303030303030303030303030303030322
:10AF00000303030303030303030303030303030311
:10AF10000303030303030303030303030303030301
:10AF200003030303030303030303030303030303F1
:10AF300003030303030303030303030303030303E1
:10AF400003030303030303030303030303030303D1
:10AF500003030303030303030303030303030303C1
:10AF600003030303030303030303030303030303B1
:10AF700003030303030303030303030303030303A1
:10AF80000303030303030303030303030303030391
:10AF90000303030303030303030303030303030381
:10AFA0000303030303030303030303030303030371
:10AFB0000303030303030303030303030303030361
:10AFC0000303030303030303030303030303030351
:10AFD0000303030303030303030303030303030341
:10AFE0000303030303030303030303030303030331
:10AFF0000303030303030303030303030303030321
:10B000000303030303030303030303030303030310
:10B010000303030303030303030303030303030300
:10B0200003030303030303030303030303030303F0
:10B0300003030303030303030303030303030303E0
:10B0400003030303030303030303030303030303D0
:10B0500003030303030303030303030303030303C0
:10B0600003030303030303030303030303030303B0
:10B0700003030303030303030303030303030303A0
:10B080000303030303030303030303030303030390
:10B090000303030303030303030303030303030380
:10B0A0000303030303030303030303030303030370
:10B0B0000303030303030303030303030303030360
:10B0C0000303030303030303030303030303030350
:10B0D0000303030303030303030303030303030340
:10B0E0000303030303030303030303030303030330
:10B0F0000303030303030303030303030303030320
:10B10000030303030303030303030303030303030F
:10B1100003030303030303030303030303030303FF
:10B1200003030303030303030303030303030303EF
:10B1300003030303030303030303030303030303DF
:10B1400003030303030303030303030303030303CF
:10B1500003030303030303030303030303030303BF
:10B1600003030303030303030303030303030303AF
:10B17000030303030303030303030303030303039F
:10B18000030303030303030303030303030303038F
:10B19000030303030303030303030303030303037F
:10B1A000030303030303030303030303030303036F
:10B1B000030303030303030303030303030303035F
:10B1C000030303030303030303030303030303034F
:10B1D000030303030303030303030303030303033F
:10B1E000030303030303030303030303030303032F
:10B1F000030303030303030303030303030303031F
:10B20000030303030303030303030303030303030E
:10B2100003030303030303030303030303030303FE
:10B2200003030303030303030303030303030303EE
:10B2300003030303030303030303030303030303DE
:10B2400003030303030303030303030303030303CE
:10B2500003030303030303030303030303030303BE
:10B2600003030303030303030303030303030303AE
:10B27000030303030303030303030303030303039E
:10B28000030303030303030303030303030303038E
:10B29000030303030303030303030303030303037E
:10B2A000030303030303030303030303030303036E
:10B2B000030303030303030303030303030303035E
:10B2C000030303030303030303030303030303034E
:10B2D000030303030303030303030303030303033E
:10B2E000030303030303030303030303030303032E
:10B2F000030303030303030303030303030303031E
:10B30000030303030303030303030303030303030D
:10B3100003030303030303030303030303030303FD
:10B3200003030303030303030303030303030303ED
:10B3300003030303030303030303030303030303DD
:10B3400003030303030303030303030303030303CD
:10B3500003030303030303030303030303030303BD
:10B3600003030303030303030303030303030303AD
:10B37000030303030303030303030303030303039D
:10B38000030303030303030303030303030303038D
:10B39000030303030303030303030303030303037D
:10B3A000030303030303030303030303030303036D
:10B3B000030303030303030303030303030303035D
:10B3C000030303030303030303030303030303034D
:10B3D000030303030303030303030303030303033D
:10B3E000030303030303030303030303030303032D
:10B3F000030303030303030303030303030303031D
:10B40000030303030303030303030303030303030C
:10B4100003030303030303030303030303030303FC
:10B4200003030303030303030303030303030303EC
:10B4300003030303030303030303030303030303DC
:10B4400003030303030303030303030303030303CC
:10B4500003030303030303030303030303030303BC
:10B4600003030303030303030303030303030303AC
:10B47000030303030303030303030303030303039C
:10B48000030303030303030303030303030303038C
:10B49000030303030303030303030303030303037C
:10B4A000030303030303030303030303030303036C
:10B4B000030303030303030303030303030303035C
:10B4C000030303030303030303030303030303034C
:10B4D000030303030303030303030303030303033C
:10B4E000030303030303030303030303030303032C
:10B4F000030303030303030303030303030303031C
:10B50000030303030303030303030303030303030B
:10B5100003030303030303030303030303030303FB
:10B5200003030303030303030303030303030303EB
:10B5300003030303030303030303030303030303DB
:10B5400003030303030303030303030303030303CB
:10B5500003030303030303030303030303030303BB
:10B5600003030303030303030303030303030303AB
:10B57000030303030303030303030303030303039B
:10B58000030303030303030303030303030303038B
:10B59000030303030303030303030303030303037B
:10B5A000030303030303030303030303030303036B
:10B5B000030303030303030303030303030303035B
:10B5C000030303030303030303030303030303034B
:10B5D000030303030303030303030303030303033B
:10B5E000030303030303030303030303030303032B
:10B5F000030303030303030303030303030303031B
:10B60000030303030303030303030303030303030A
:10B6100003030303030303030303030303030303FA
:10B6200003030303030303030303030303030303EA
:10B6300003030303030303030303030303030303DA
:10B6400003030303030303030303030303030303CA
:10B6500003030303030303030303030303030303BA
:10B6600003030303030303030303030303030303AA
:10B67000030303030303030303030303030303039A
:10B680000303030380008000800008008476010823
:10B69000787601080000000011FB000875510008D1
:10B6A000BD24010801000000C5F90008ED260108CD
:10B6B000114D0008194E00080000000001010101B1
:10B6C000000000000000000000000000000000007A
:10B6D00000000000000000000000000030303030AA
:10B6E00030303030303030000030300000000000AA
:10B6F000000000006666666666000000000000004C
:10B700000000000000000000000000000000000039
:10B710000C600C600CE018C0FFF0FFF018C0318026
:10B720003180FFF0FFF031807300630063000000A0
:10B730000000000000000000000000000000040005
:10B740001F003F8075C064C0640074003E000F801D
:10B7500005C004C004C064C075C03F801F00040061
:10B7600004000000000000000000000000000000D5
:10B77000000000001C0600360C00630C006318007B
:10B780006318006330003660001C670000CD800045
:10B79000D8C00198C00198C00318C0060D800607E4
:10B7A0000000000000000000000000000000000099
:10B7B000000000000000000007800FC01860186043
:10B7C00018C00D800F001F00339861D860F06060D2
:10B7D00070F03FD81F0800000000000000000000CB
:10B7E0000000000060606060600000000000000079
:10B7F0000000000000000000000000000408181015
:10B8000030306060606060606030301018080400A4
:10B81000000000004020301018180C0C0C0C0C0C10
:10B820000C18181030204000000000001818FF18F5
:10B830003C66000000000000000000000000000066
:10B8400000000000000000000000000000000600F2
:10B850000600060006007FE07FE006000600060006
:10B8600006000000000000000000000000000000D2
:10B8700000000000000000000000000000000000C8
:10B880000030301010200000000000000000000018
:10B8900000000000FCFC00000000000000000000B0
:10B8A0000000000000000000000000000000000098
:10B8B0000030300000000000000000000C0C1818E0
:10B8C000181830303060606060C0C00000000000B8
:10B8D00000000000000000001F003FC030C060609A
:10B8E0006060606060606060606060606060606058
:10B8F00030C03FC00F8000000000000000000000CA
:10B900000000000000000000030003000F001F0003
:10B9100033000300030003000300030003000300DF
:10B92000030003000300000000000000000000000E
:10B9300000000000000000001F803FC070E0606059
:10B940000060006000C000C0018007000E00180009
:10B9500030007FE07FE000000000000000000000F9
:10B9600000000000000000001F003F8071C060C0A8
:10B9700000C00180070007C000E000600060606058
:10B9800070C03FC01F000000000000000000000069
:10B99000000000000000000000800180038007809C
:10B9A0000D800D801980318061807FE07FE0018013
:10B9B0000180018001800000000000000000000004
:10B9C00000000000000000001FC01FC03000300059
:10B9D000300037807FC060E0006000600060606021
:10B9E00070C03FC01F000000000000000000000009
:10B9F00000000000000000000F801FC030E0306039
:10BA0000600067807FC070E0606060606060606060
:10BA100030C01FC00F000000000000000000000048
:10BA200000000000000000007FE07FE000C0018017
:10BA3000018003000300060006000C000C000C004F
:10BA400018001800180000000000000000000000AE
:10BA500000000000000000000F001F8030C030C058
:10BA600030C030C01F801F8030C060606060606088
:10BA700070E03FC01F8000000000000000000000D8
:10BA800000000000000000000F003F8030C0606038
:10BA900060606060606030E03FE01E60006060C039
:10BAA00070C03F801F000000000000000000000088
:10BAB0000000000000000000303000000000000026
:10BAC0000030300000000000000000000000000016
:10BAD0003030000000000000003030101020000066
:10BAE000000000000000000000000000002000E056
:10BAF00003C00F003800600038000F0003C000E0F2
:10BB00000020000000000000000000000000000015
:10BB10000000000000000000000000000000000025
:10BB20007FE07FE00000000000007FE07FE0000099
:10BB30000000000000000000000000000000000005
:10BB40000000000000000000000000004000700045
:10BB50003C000F0001C0006001C00F003C007000FD
:10BB60004000000000000000000000000000000095
:10BB700000000000000000001F803FC070E0606017
:10BB8000006000C001C0038007000600060000003E
:10BB90000000060006000000000000000000000099
:10BBA00000000000000000000000000000FE000790
:10BBB000FF800F03C01C00E018736031FB70338EF0
:10BBC00030630630660630660630660470660C60C8
:10BBD000671CC033FF8039EF301C00600F01C007C5
:10BBE000FF8001FE000000000000000000000000D7
:10BBF000070007000D800D800D8018C018C018C008
:10BC00003FE03FE0603060306030C018C018000096
:10BC10000000000000000000000000000000000024
:10BC20003FC03FE030703030303030703FE03FE0B8
:10BC3000303030183018301830383FF03FE0000016
:10BC400000000000000000000000000000000000F4
:10BC500007E01FF01C38301C700C600060006000B2
:10BC600060006000700C30183C381FF007E00000E6
:10BC700000000000000000000000000000000000C4
:10BC80003FC03FF030383018300C300C300C300CE6
:10BC9000300C300C300C301830383FF03FC0000012
:10BCA0000000000000000000000000000000000094
:10BCB0003FF83FF830003000300030003FF03FF0F8
:10BCC000300030003000300030003FF83FF8000016
:10BCD0000000000000000000000000000000000064
:10BCE0003FF03FF030003000300030003FE03FE0F8
:10BCF00030003000300030003000300030000000F4
:10BD00000000000000000000000000000000000033
:10BD100007F00FF81C1C300E30046000600060FE5D
:10BD200060FE6006300630061C1E0FFC03F00000AB
:10BD30000000000000000000000000000000000003
:10BD40006018601860186018601860187FF87FF835
:10BD5000601860186018601860186018601800009B
:10BD60000000000000000000000000003030303013
:10BD700030303030303030303030300000000000B3
:10BD800000000000000000000180018001800180AF
:10BD900001800180018001800180018061806180DB
:10BDA00073803F001E000000000000000000000043
:10BDB00000000000000000003038307030E031C07A
:10BDC0003380370037003F003B8031C030E03060C7
:10BDD00030703038301C000000000000000000000F
:10BDE0000000000000000000300030003000300093
:10BDF00030003000300030003000300030003000C3
:10BE000030003FE03FE000000000000000000000C4
:10BE10000000000000000000000000007007007833
:10BE20000F00780F00680B006C1B006C1B00641384
:10BE300000663300663300622300636300636300BF
:10BE400061430061C30061C3000000000000000006
:10BE500000000000000000000000000000000000E2
:10BE600060187018781878186C18661866186318B7
:10BE70006198619860D860786078603860180000D8
:10BE800000000000000000000000000000000000B2
:10BE900007E00FF01C38300C700E6006600660067C
:10BEA00060066006700E300C1C380FF007E00000D2
:10BEB0000000000000000000000000000000000082
:10BEC0003FE03FF0303830183018301830383FF04D
:10BED0003FE0300030003000300030003000000023
:10BEE0000000000000000000000000000000000052
:10BEF00007E00FF81C3C300C700E60066006600610
:10BF000060066006700C30EC1C380FFC07EE000277
:10BF10000000000000000000000000000000000021
:10BF20003FE03FF030383018301830383FF03FE015
:10BF300030C030E03060307030383018301C0000D5
:10BF400000000000000000000000000000000000F1
:10BF500007C01FF038383018300038001F8007E065
:10BF6000007000186018701838381FF00FC00000FB
:10BF700000000000000000000000000000000000C1
:10BF8000FFF0FFF0060006000600060006000600AF
:10BF90000600060006000600060006000600000077
:10BFA0000000000000000000000000000000000091
:10BFB00060186018601860186018601860186018C1
:10BFC000601860186018703838701FE00FC00000EB
:10BFD0000000000000000000000000000000000061
:10BFE000C018E0386030603070703060306038E029
:10BFF00018C018C01DC00D800D800F800700000004
:10C000000000000000000000000000000000000030
:10C0100000000000C07018C0701860D83060D830C0
:10C0200060D83070C870318C60318C60318C601B8E
:10C0300006C01B06C01B06C01B06C00E03800E03F5
:10C040008000000000000000000000000000000070
:10C0500000000000000000007038387018600CC04C
:10C060000CC007800300078007800DC01CE018602B
:10C0700030307038E01C00000000000000000000BC
:10C080000000000000000000E01C60183030387034
:10C090001CE00CC0078007800300030003000300BE
:10C0A0000300030003000000000000000000000087
:10C0B00000000000000000007FF07FF0006000C082
:10C0C00001800180030006000C00180018003000F9
:10C0D0006000FFF0FFF00000000000000000000022
:10C0E00000000000787860606060606060606060A0
:10C0F000606060606078780000000000C0C0606030
:10C100006060303030181818180C0C000000000067
:10C11000000000007878181818181818181818183F
:10C12000181818181878780000000000183C3C3CDB
:10C13000666666C30000000000000000000000000A
:10C1400000000000000000000000000000000000EF
:10C1500000000000000000000000000000000000DF
:10C1600000000000000000000000FFF0FFF00000F1
:10C17000000000006030100000000000000000001F
:10C1800000000000000000000000000000000000AF
:10C1900000000000000000001F807FC060C000C0E1
:10C1A00007C03FC078C060C061C07FC03E60000073
:10C1B000000000000000000000000000000000007F
:10C1C00060006000600060006F007F80718060C070
:10C1D00060C060C060C060C071807F806F00000080
:10C1E000000000000000000000000000000000004F
:10C1F00000000000000000000F003F8031C060C060
:10C2000060006000600060C031C03F801F0000001F
:10C21000000000000000000000000000000000001E
:10C2200000C000C000C000C01EC03FC031C060C020
:10C2300060C060C060C060C031C03FC01EC00000B0
:10C2400000000000000000000000000000000000EE
:10C2500000000000000000000F003FC030C0606020
:10C260007FE07FE06000600030E03FC00F800000B2
:10C270000000000000000000000000001C3C303006
:10C28000FCFC303030303030303030000000000006
:10C29000000000000000000000000000000000009E
:10C2A0001EC03FC031C060C060C060C060C060C020
:10C2B00031C03FC01EC000C061C07F801F000000B1
:10C2C00000000000000000006000600060006000EE
:10C2D0006F007F8071C060C060C060C060C060C01F
:10C2E00060C060C060C000000000000000000000EE
:10C2F000000000006060000060606060606060607E
:10C30000606060000000000000000000606000004D
:10C3100060606060606060606060606060E0C0009D
:10C32000000000000000000060006000600060008D
:10C3300061C0638067006E007C007E006600630061
:10C340006380618061C00000000000000000000008
:10C35000000000006060606060606060606060605D
:10C3600060606000000000000000000000000000AD
:10C3700000000000000000006F3C7F7E71C66186F7
:10C38000618661866186618661866186618600005C
:10C39000000000000000000000000000000000009D
:10C3A00000000000000000006F007F8071C060C0CE
:10C3B00060C060C060C060C060C060C060C000009D
:10C3C000000000000000000000000000000000006D
:10C3D00000000000000000000F003FC030C060609F
:10C3E000606060606060606030C03FC00F0000004F
:10C3F000000000000000000000000000000000003D
:10C4000000000000000000006F007F80718060C0AD
:10C4100060C060C060C060C071807F806F006000DD
:10C4200060006000600000000000000000000000EC
:10C4300000000000000000001EC03FC031C060C00E
:10C4400060C060C060C060C031C03FC01EC000C0DE
:10C4500000C000C000C0000000000000000000009C
:10C460006E7E706060606060606060000000000070
:10C4700000000000000000000000000000000000BC
:10C480001F003F8060C060007C003F8003C000C090
:10C4900060C03F801F00000000000000000000009E
:10C4A0000000000020606060F8F86060606060601C
:10C4B000607838000000000000000000000000006C
:10C4C000000000000000000060C060C060C060C0EC
:10C4D00060C060C060C060C071C03FC01EC00000CE
:10C4E000000000000000000000000000000000004C
:10C4F0000000000000000000C060C06060C060C0BC
:10C50000318031801B001B000E000E000400000073
:10C51000000000000000000000000000000000001B
:10C520000000000000000000C106C3864384628C46
:10C5300066CC36D836D814501C701C700C600000C5
:10C5400000000000000000000000000000000000EB
:10C550000000000000000000E1C0618033003300F3
:10C560001E000C001E00330033006180E1C000009B
:10C5700000000000000000000000000000000000BB
:10C58000000000000000000060C060C03180318009
:10C59000398019801B000F000F00060006000600FE
:10C5A0000C007C007800000000000000000000008B
:10C5B00000000000000000007F807F8003800700F3
:10C5C0000E001C0038007000E000FF80FF800000BB
:10C5D0000000000000000000000000001C3C3030A3
:10C5E00030303070E0E0603030303030303C1C00B3
:10C5F00000000000303030303030303030303030FB
:10C600003030303030303030000000007078181892
:10C610001818181C0E0E1C18181818181878700006
:10C62000000000000000000000000000000000000A
:10C630000000000038007E2047E001C0000000003C
:10C6400000000000000000000000000000000000EA
:10C6500006060100C0B6010806060100D8B60108AA
:10C6600007070100F0B601080C0C020008B701082A
:10C670000C0C020038B701081313030068B7010857
:10C680000E0E0200B0B7010804040100E0B7010873
:10C6900007070100F8B701080707010010B80108F3
:10C6A0000808010028B801080C0C020040B8010875
:10C6B0000606010070B801080707010088B80108E4
:10C6C00006060100A0B8010806060100B8B8010876
:10C6D0000C0C0200D0B801080C0C020000B90108D3
:10C6E0000C0C020030B901080C0C020060B9010802
:10C6F0000C0C020090B901080C0C0200C0B9010832
:10C700000C0C0200F0B901080C0C020020BA010860
:10C710000C0C020050BA01080C0C020080BA01088F
:10C7200006060100B0BA010806060100C8BA0108F1
:10C730000C0C0200E0BA01080C0C020010BB01084E
:10C740000C0C020040BB01080C0C020070BB01087D
:10C7500015150300A0BB01080D0D0200E8BB010880
:10C760000E0E020018BC01080F0F020048BC0108A1
:10C770000F0F020078BC01080E0E0200A8BC0108D1
:10C780000D0D0200D8BC01081010020008BD010800
:10C790000E0E020038BD01080606010068BD010842
:10C7A0000B0B020080BD01080E0E0200B0BD010897
:10C7B0000C0C0200E0BD01081111030010BE0108BD
:10C7C0000E0E020058BE01081010020088BE0108BB
:10C7D0000E0E0200B8BE010810100200E8BE0108EB
:10C7E0000F0F020018BF01080E0E020048BF01081B
:10C7F0000C0C020078BF01080E0E0200A8BF010851
:10C800000D0D0200D8BF01081515030008C001086E
:10C810000E0E020050C001080E0E020080C001087A
:10C820000D0D0200B0C0010806060100E0C00108BD
:10C8300006060100F8C001080606010010C1010843
:10C840000808010028C101080C0C020040C10108C1
:10C850000707010070C101080C0C020088C1010823
:10C860000B0B0200B8C101080B0B0200E8C1010864
:10C870000B0B020018C201080C0C020048C2010890
:10C880000606010078C201080B0B020090C20108E5
:10C890000B0B0200C0C2010805050100F0C201082F
:10C8A0000404010008C301080A0A020020C30108A9
:10C8B0000404010050C301081010020068C30108FD
:10C8C0000B0B020098C301080C0C0200C8C301083E
:10C8D0000B0B0200F8C301080B0B020028C401086F
:10C8E0000707010058C401080B0B020070C40108BF
:10C8F00006060100A0C401080B0B0200B8C4010821
:10C900000B0B0200E8C401080F0F020018C5010854
:10C910000A0A020048C501080B0B020078C501088D
:10C9200009090200A8C5010807070100D8C50108C8
:10C9300006060100F0C501080707010008C6010846
:10C940000C0C020020C6010820007E0050C6010821
:10C95000000000001D1A0008E51A0008291B000845
:10C960002F1B000800000000000000001818010143
:10C9700048C90108130B0F00000000000000000070
:10C98000202020202000200048484800000000000F
:10C990005050F850F85050002078A07028F0200037
:10C9A000C0C81020409818006090A040A89068006F
:10C9B0006020400000000000102040404020100097
:10C9C0004020101010204000005020F8205000009F
:10C9D000002020F82020000000000000006020401F
:10C9E000000000F80000000000000000006060008F
:10C9F0000008102040800000708898A8C888700047
:10CA00002060202020207000708808304080F800CE
:10CA1000708808300888700010305090F8101000AE
:10CA2000F880F00808887000304080F08888700036
:10CA3000F808102040404000708888708888700096
:10CA400070888878081060000060600060600000F6
:10CA500000006060006020401020408040201000F6
:10CA60000000F800F8000000804020102040800006
:10CA7000708808102000200070880868A8A870003E
:10CA8000708888F888888800F08888F08888F000A6
:10CA90007088808080887000E09088888890E000AE
:10CAA000F88080F08080F800F88080F0808080003E
:10CAB0007088808098887800888888F888888800BE
:10CAC000702020202020700038101010109060007E
:10CAD0008890A0C0A0908800808080808080F8002E
:10CAE00088D8A8A8888888008888C8A898888800D6
:10CAF0007088888888887000F08888F0808080003E
:10CB000070888888A8906800F08888F0A0908800D5
:10CB10007088807008887000F82020202020200075
:10CB2000888888888888700088888888885020004D
:10CB3000888888A8A8A85000888850205088880035
:10CB40008888885020202000F80810204080F800B5
:10CB500070404040404070000080402010080000BD
:10CB6000701010101010700020508800000000009D
:10CB700000000000000000F840201000000000004D
:10CB800000007008788878008080B0C88888F0003D
:10CB90000000708080887000080868988888780095
:10CBA00000007088F8807000304840E0404040004D
:10CBB00000007888887808708080B0C888888800ED
:10CBC00020006020202070001000301010109060B5
:10CBD000808090A0C0A090006020202020207000C5
:10CBE0000000D0A8888888000000B0C88888880025
:10CBF00000007088888870000000F08888F08080CD
:10CC000000007888887808080000B0C8808080001C
:10CC1000000078807008F0004040E040404830005C
:10CC20000000888888986800000088888850200064
:10CC300000008888A8A85000000088502050880074
:10CC400000008888887808700000F8102040F800FC
:10CC50001020204020201000202020202020200014
:10CC600040202010202040006890000000000000BC
:10CC70001820000000000000C0200000000000009C
:10CC8000708800000000000050000000000000005C
:10CC9000689000000000000000000060202070008C
:10CCA000006090F08888B08020007088F888880044
:10CCB00020007008788878003860A0B8E0A0B8003C
:10CCC000704848E848487000E0407048487040E0CC
:10CCD0000000D02878A05800A040A01078887000EC
:10CCE0006020302830207000708898A8C8887000B4
:10CCF00000007098A8C8700000007088F88888004C
:10CD00000000F880E080F800000070202020700013
:10CD1000000070888888700000008888888870000B
:10CD2000000088C8A898880020002020202020002B
:10CD300020002040808870001820000000000000C3
:10CD4000C020000000000000205000000000000093
:10CD5000500000000000000068900000000000008B
:10CD600000000000000000200000000000000000A3
:10CD7000002070A0A0A87020304040E04048B000E3
:10CD800000008870507088008850F820F82020003B
:10CD900020202000202020003048205020906000DB
:10CDA0008800000000000000F888A8B8A888F800F3
:10CDB0007008788870000000002850A050280000FB
:10CDC000000000F8080800000000007000000000EB
:10CDD000F888A88898A8F800F80000000000000073
:10CDE0002050200000000000002070200070000093
:10CDF00060902040F0000000E0106010E0000000B3
:10CE000018200000000000000000888888C8B0805A
:10CE1000789898781818180000000030300000004A
:10CE200040C04040E000000070888888700000002A
:10CE300000A0502850A000008890A050B05078105A
:10CE40008890A040B8081038C040C048D82838089A
:10CE50000088502050880000002000F800200000CA
:10CE6000103070FC70301000203038FC383020005A
:10CE7000002070F820200000002020F87020000022
:10CE800000082868F860200000040408089050207A
:10CE90009D00FFFF9E00FFFF9F00FFFFA000FFFF20
:10CEA000A100FFFFA200FFFFFFFFFFFFFFFFFFFF4B
:10CEB000FFFFFFFFFFFFFFFFFFFFFFFFFFFFFFFF82
:10CEC000FFFFFFFFFFFFFFFFFFFFFFFFFFFFFFFF72
:10CED0007E00FFFF7600FFFF7F00FFFF8000FFFF67
:10CEE0008100FFFF8200FFFF8300FFFF8400FFFF40
:10CEF0008500FFFF8600FFFF8700FFFF8800FFFF20
:10CF00008900FFFF8A00FFFF8B00FFFF8C00FFFFFF
:10CF10008D00FFFF8E00FFFF8F00FFFF9000FFFFDF
:10CF20009100FFFF9200FFFF9300FFFF9400FFFFBF
:10CF30007D00FFFF9500FFFF9600FFFF9700FFFFBA
:10CF40009800FFFF9900FFFF9A00FFFF7700FFFFA7
:10CF5000700079007000780070007A0070007C002A
:10CF600070007B006600FFFF6800FFFF23007D006C
:10CF7000710079007100780071007A0071007B0007
:10CF8000720079007200780072007A0072007B00F3
:10CF90006900FFFF75007C00730079007300780062
:10CFA00073007A0073007C0073007B009B00FFFF1E
:10CFB0006E00FFFF740079007400780074007A003E
:10CFC00074007B00390078006A00FFFF6500FFFFF6
:10CFD0004100600041005F004100610041006300CA
:10CFE000410062006700FFFF6B00FFFF43007D0010
:10CFF0004500600045005F0045006100450062009B
:10D000006400600064005F0064006100640062000E
:10D010006C00FFFF4E0063004F0060004F005F0098
:10D020004F0061004F0063004F0062009C00FFFF53
:10D030006F00FFFF5500600055005F005500610064
:10D040005500620059005F006D00FFFF590062004B
:10D050009000FF0090CE010878C9010878C9010846
:10D0600050D0010820007E0006060100911800083B
:10D07000C5190008DD190008E319000800000000C8
:10D08000000000000808010158D00108070507004A
:10D09000000000000100000002000000030000008A
:10D0A000040000000500000006000000070000006A
:10D0B00008000000090000000A0000000B0000004A
:10D0C0000C0000000D0000000E0000000F0000002A
:10D0D0000400000031100108AF160108B91701085B
:10D0E000B11D0108BF250108353301085940010869
:10D0F000C3310108912301082B24010819230108D9
:10D100000F260108000000000001010101010101DA
:10D1100001020202020202020203030303030303E9
:10D1200003040404040404040405050505050505B9
:10D13000050506060606060606060707070707078B
:10D14000070708080808080808080909090909095B
:10D150000909090A0A0A0A0A0A0A0A0B0B0B0B0B2D
:10D160000B0B0B0C0C0C0C0C0C0C0C0D0D0D0D0DFD
:10D170000D0D0D0D0E0E0E0E0E0E0E0E0F0F0F0FCF
:10D180000F0F0F0F1010101010101010111111119F
:10D190001111111112121212121212121213131370
:10D1A0001313131313141414141414141415151541
:10D1B0001515151515161616161616161616171712
:10D1C00017171717171718181818181818181919E3
:10D1D0001919191919191A1A1A1A1A1A1A1A1B1BB3
:10D1E0001B1B1B1B1B1B1B1C1C1C1C1C1C1C1C1D85
:10D1F0001D1D1D1D1D1D1D1E1E1E1E1E1E1E1E1F55
:10D200001F1F1F1F00000001010101020202020393
:10D2100003030304040404050505050606060607C2
:10D2200007070708080808090909090A0A0A0A0B72
:10D230000B0B0B0C0C0C0C0D0D0D0D0E0E0E0E0F22
:10D240000F0F0F10101010111111111212121213D2
:10D250001313131414141415151515151616161684
:10D260001717171718181818191919191A1A1A1A36
:10D270001B1B1B1B1C1C1C1C1D1D1D1D1E1E1E1EE6
:10D280001F1F1F1F20202020212121212222222296
:10D290002323232324242424252525252626262646
:10D2A0002727272728282828292929292A2A2A2AF6
:10D2B0002A2B2B2B2B2C2C2C2C2D2D2D2D2E2E2EAA
:10D2C0002E2F2F2F2F30303030313131313232325A
:10D2D000323333333334343434353535353636360A
:10D2E000363737373738383838393939393A3A3ABA
:10D2F0003A3B3B3B3B3C3C3C3C3D3D3D3D3E3E3E6A
:10D300003E3F3F3F000810192129313A424A525B03
:10D31000636B737B848C949CA5ADB5BDC5CED6DE06
:10D32000E6EFF7FF0004080C1014181C2024282D29
:10D330003135393D4145494D5155595D6165696DFD
:10D340007175797D82868A8E92969A9EA2A6AAAEE1
:10D35000B2B6BABEC2C6CACED2D7DBDFE3E7EBEFC6
:10D36000F3F7FBFFA9F90008D126010849240108B9
:10D370000000000011FA0008452701080500000020
:10D38000E1120108B9160108711801085D1E0108B3
:10D39000CD2501087D330108AD400108CB310108DE
:10D3A000A123010833240108292301083F2601088D
:10D3B000FD22010801230108A5F9000865190108EB
:10D3C000053101089930010825310108008040C06D
:10D3D00020A060E0109050D030B070F0088848C8AD
:10D3E00028A868E8189858D838B878F8048444C44D
:10D3F00024A464E4149454D434B474F40C8C4CCC4D
:10D400002CAC6CEC1C9C5CDC3CBC7CFC028242C204
:10D4100022A262E2129252D232B272F20A8A4ACA4C
:10D420002AAA6AEA1A9A5ADA3ABA7AFA068646C6EC
:10D4300026A666E6169656D636B676F60E8E4ECEEC
:10D440002EAE6EEE1E9E5EDE3EBE7EFE018141C1B0
:10D4500021A161E1119151D131B171F1098949C91C
:10D4600029A969E9199959D939B979F9058545C5BC
:10D4700025A565E5159555D535B575F50D8D4DCDBC
:10D480002DAD6DED1D9D5DDD3DBD7DFD038343C374
:10D4900023A363E3139353D333B373F30B8B4BCBBC
:10D4A0002BAB6BEB1B9B5BDB3BBB7BFB078747C75C
:10D4B00027A767E7179757D737B777F70F8F4FCF5C
:10D4C0002FAF6FEF1F9F5FDF3FBF7FFF00000000A8
:10D4D00001000000B9FA0008EB27010865240108E3
:10D4E0000000000000000000000000000DFB00082C
:10D4F00073510008B724010800000000A9FA0008D1
:10D50000DD2701080000000001000000020000000B
:10D5100003000000040000000500000006000000F9
:10D520000700000008000000090000000A000000D9
:10D530000B0000000C0000000D0000000E000000B9
:10D540000F00000004000000AD13010835170108AA
:10D55000B9180108851E0108D5250108C133010845
:10D56000D9400108D3310108AD2301083B2401084B
:10D570002D2301084726010859390008E53800081D
:10D58000853900080000000075220108F139000803
:10D5900030313233343536373839414243444546E9
:10D5A00040305800303132333435363738396162E3
:10D5B0006364656640307800506C65617365207502
:10D5C000736520746865207374796C757320636C5F
:10D5D00069636B207468652063726F7373206F6E6C
:10D5E000207468652073637265656E2E54686520CB
:10D5F00063726F73732077696C6C20616C776179EB
:10D6000073206D6F766520756E74696C2074686523
:10D610002073637265656E2061646A7573746D65ED
:10D620006E7420697320636F6D706C657465642E11
:10D63000000000004D503100334732004D503200A1
:10D640004D5033004D5034004D344100574D410092
:10D65000464C414300000000414343004C5243000C
:10D66000430000004D494400474946004A504547A1
:10D67000000000004F4747004A50470048000000A4
:10D6800042494E0033475000424D50004E45530032
:10D690005458540057415600B8D6010800000020E5
:10D6A00018040000C4010008A4D7010818040020D1
:10D6B00030820100200200082143FFFF1329D81403
:10D6C00008A9DB140805CE022C0863D0907CB8D5DD
:10D6D000013872013B14EF0E2C02030404E5060727
:10D6E0000809100B954C0108894D0108B03C322007
:10D6F00032681610B05C01201A280C12F042102576
:10D70000FEFF07601A0804015A8B80D6BC01280A64
:10D71000315C340A318C341A90341A60040A297C42
:10D720003C1A342C1A3C041A40041A44041A4804C3
:10D730001A84041A38041A74041A58041A4C041A65
:10D7400094041A64041A50041A88041A78041A6C8F
:10D75000040A3168A80111021650130751000A3853
:10D76000086CD00108047A01205AFF010140694485
:10D77000021B0415C0D30108026A0113F9451408FD
:10D780005F460228082DA47A01200401104B373B84
:10D790004459E3114906A12809952A0108787B011B
:04D7A000200401144C
:040000050800018965
:00000001FF
