:020000040800F2
:100000000086012089020008C1520008273A000832
:10001000BD520008ED080008F7CF000800000000FE
:100020000000000000000000000000008D840008B7
:10003000751100080000000019030008A5850008DC
:10004000A3020008A3020008A3020008A3020008FC
:10005000A3020008A3020008A3020008A3020008EC
:10006000A3020008A3020008A3020008A3020008DC
:10007000A3020008A3020008A3020008A3020008CC
:10008000A3020008A3020008A3020008A3020008BC
:10009000A3020008A3020008A3020008A3020008AC
:1000A000A3020008A3020008A3020008A30200089C
:1000B000A3020008F1BC000809BD0008A302000863
:1000C000A3020008A3020008A3020008A30200087C
:1000D000A3020008C1CD0008A3020008A302000883
:1000E000A3020008A3020008A3020008A30200085C
:1000F000A3020008A3020008A3020008A30200084C
:10010000A3020008316B0008A3020008A302000844
:10011000A3020008A3020008A3020008A30200082B
:10012000A3020008A3020008A3020008A30200081B
:10013000A3020008A3020008A3020008A30200080B
:10014000A3020008A3020008A3020008A3020008FB
:10015000A3020008A3020008A3020008A3020008EB
:10016000A3020008A3020008A3020008A3020008DB
:10017000A3020008A3020008A3020008A3020008CB
:10018000A3020008A302000800F002F800F061F8E2
:100190000AA090E8000C82448344AAF10107DA45E2
:1001A00001D100F056F8AFF2090EBAE80F0013F0D3
:1001B000010F18BFFB1A43F001031847E076010056
:1001C000007701000A444FF0000C10F8013B13F0D7
:1001D000070408BF10F8014B1D1108BF10F8015BA0
:1001E000641E05D010F8016B641E01F8016BF9D193
:1001F00013F0080F1EBF10F8014BAD1C0C1B09D1EA
:100200006D1E58BF01F801CBFAD505E014F8016B5B
:1002100001F8016B6D1EF9D59142D6D370470000ED
:100220000023002400250026103A28BF78C1FBD8FF
:10023000520728BF30C148BF0B607047782900F0D3
:10024000E980002070471FB512F047FD1FBD10B5B3
:1002500010BD00F01DFB1146FFF7F5FF11F09EFCED
:1002600000F03BFB03B4FFF7F2FF03BC11F057F8BB
:1002700040BA7047C0BA704730BF72B6704762B6B6
:10028000704780F30888704709488047094800474D
:10029000FEE7FEE7FEE7FEE7FEE7FEE7FEE7FEE736
:1002A000FEE7FEE704480549054A064B7047000093
:1002B000B585000889010008007C01200086012026
:1002C000007E0120007E0120EFF3108072B670479F
:1002D00080F310887047264C4FF6FF7525604FF06D
:1002E000000484F30988234C4FF001052570224C4B
:1002F0004FF08055256062B6FEE730B41E4C4FF0DB
:100300008055256030BC704730B41B4C4FF0805591
:10031000256030BC704700BF72B6EFF3098050B162
:100320001EF0100F08BF20ED108A203880E8F00F73
:1003300012490968086000B5114880475DF804EB70
:10034000104811490A7802700C4810490A68026086
:10035000106890E8F00F20301EF0100F08BFB0ECCE
:10036000108A80F309884EF0040E62B6704700BF11
:1003700022ED00E0E600002004ED00E0EC000020AB
:10038000555D0008DB000020DC000020F4000020A8
:10039000704700000FB4044910B503AA029800F09A
:1003A000E1F910BC5DF814FB740000202DE9F04168
:1003B0000E460446002020622046E168884730B39C
:1003C000252805D0D4E901219047206A401CF2E796
:1003D000E168204600278847050018D0A5F14100B4
:1003E000192802D820354FF40067324629462046A6
:1003F0002760FFF723FF40B1012804D0F61D26F047
:1004000007060836D8E7361DD6E72846DAE7206A19
:10041000BDE8F08170B504460D4621461068AFF383
:1004200000802188090502D50F4A7A4402E00E4A6D
:100430007A440E32002104F1240305E000F00F0697
:100440000009965D5E54491C0028F7D120780023EE
:10045000000704D5702D02D009B1022311322046C5
:10046000BDE8704000F025B96673010040EA010361
:1004700010B59B070FD1042A0DD310C808C9121F4D
:100480009C42F8D020BA19BA884201D9012010BD87
:100490004FF0FF3010BD1AB1D30703D0521C07E054
:1004A000002010BD10F8013B11F8014B1B1B07D1B8
:1004B00010F8013B11F8014B1B1B01D1921EF1D129
:1004C000184610BD032A40F2308010F0030C00F0F3
:1004D000158011F8013BBCF1020F624498BF11F87E
:1004E00001CB00F8013B38BF11F8013BA2F1040237
:1004F00098BF00F801CB38BF00F8013B11F00303AF
:1005000000F06780083AC0F0088051F8043B083AD0
:1005100051F804CBA0E80810F5E7121D5CBF51F8B4
:10052000043B40F8043BAFF30080D20724BF11F82E
:10053000013B11F801CB48BF11F8012B24BF00F893
:10054000013B00F801CB48BF00F8012B7047431A6C
:1005500028BF9A427FF6B6AF032A1044114440F2F6
:10056000268010F0030F1EBF11F8013D521E00F847
:10057000013D10F0030F7FF4F6AF11F0030300F01C
:100580001681083AC0F00B8051F8043D083A51F842
:1005900004CD40F8043D40F804CDFFF7F3BF121D31
:1005A0005CBF51F8043D40F8043DAFF30080D20732
:1005B00024BF11F8013D11F801CD48BF11F8012CFD
:1005C00024BF00F8013D00F801CD48BF00F8012C20
:1005D000704710B5203AC0F00B80B1E81850203AAF
:1005E000A0E81850B1E81850A0E81850BFF4F5AFD3
:1005F0005FEA027C24BFB1E81850A0E8185044BF5D
:1006000018C918C0BDE810405FEA827C24BF51F8C9
:10061000043B40F8043B08BF7047D20728BF31F8BD
:10062000023B48BF11F8012B28BF20F8023B48BF0E
:1006300000F8012B704702F0FF0343EA032242EA6D
:10064000024200F0E0B84FF0000200B513469446B5
:100650009646203922BFA0E80C50A0E80C50B1F11A
:100660002001BFF4F7AF090728BFA0E80C5048BF2E
:100670000CC05DF804EB890028BF40F8042B08BFCC
:10068000704748BF20F8022B11F0804F18BF00F8C8
:10069000012B7047704770477047704710B500F0E6
:1006A000D3F8006810BD10B5044600F0CDF8046022
:1006B00010BD2DE9F0470D4699469246044600F1DB
:1006C00024080168880604D5E06921F01001216042
:1006D00000E00120A84201DD471B00E00027A169DE
:1006E0007A1902EB0900081AA0612078C00602D42A
:1006F0002046AFF30080002608E0D4E901211AF873
:1007000006009047206A401C761C20624E45F4DBB0
:100710002078C0060AD52046AFF3008006E0D4E971
:10072000012130209047206A401C2062381EA7F12A
:100730000107F4DC07E0D4E9012118F8050090472F
:10074000206A401C2062281EA5F10105F3DC20462A
:10075000AFF300802078000602D50220BDE8F087C4
:100760000120FBE7074B70B50D467B4400F075F8A0
:100770000446284600F084F810B14FF0FF3070BDF9
:10078000204670BD9F130100431A28BF9A427FF68E
:1007900020AF104410F0030F11441EBF11F8013DAB
:1007A000521E00F8013D10F0030F7FF4F6AF103A2F
:1007B000C0F00A8010B531E91850103A20E91850FD
:1007C000BFF4F9AFBDE81040530724BF31E908106A
:1007D00020E9081044BF51F8043D40F8043D12F0F0
:1007E000030F08BF7047D20728BF31F8023D48BF4A
:1007F00011F8012C28BF20F8023D48BF00F8012C59
:1008000070474FF000020429C0F0128010F0030C72
:100810003FF41BAFCCF1040CBCF1020F18BF00F881
:10082000012BA8BF20F8022BA1EB0C01FFF70DBF95
:100830005FEAC17C24BF00F8012B00F8012B48BF00
:1008400000F8012B70470000004870479C7B012096
:1008500001694A1C02610878704700B58FB0CDE984
:1008600001310021059105497944CDE90310114674
:100870006846FFF79BFD0FB000BD0000E5FFFFFFDE
:10088000007B00F080007047004870479C7B01208F
:100890007546FFF7F9FFAE4605006946534620F05E
:1008A0000700854618B020B5FFF7FCFCBDE82040E6
:1008B0004FF000064FF000074FF000084FF0000B1C
:1008C00021F00701AC46ACE8C009ACE8C009ACE8CF
:1008D000C009ACE8C0098D46704710B50446AFF3B7
:1008E00000802046BDE81040FFF7BCBC00BFFEE71B
:1008F00031B52DED068B82B00024002574480078B8
:10090000401C73490870084600780A2190FBF1F2F8
:1009100001FB120018B16E4800780A287EDA012225
:1009200008A9002005F0E6FE9DF8200000F01F0059
:10093000002873D09DF8200000F01F0040F0C00098
:10094000644981F82000002486E0624890F8200085
:100950000121A140084000287CD05F4931F81400F3
:10096000042201A905F0C6FE5A4890F8340000F0B0
:100970000100D0B39DF807109DF8062001EB02207E
:1009800011F0DDFD41EC190B9FED540B53EC102BD6
:1009900011F03CFE41EC180B11F0A4FD81B24D4862
:1009A000163020F814109DF805109DF8042001EB76
:1009B000022011F0C4FD41EC1A0B9FED4A0B53ECE1
:1009C000102B11F023FE41EC190B9FED480B53EC5B
:1009D000102B11F04FFF41EC180B11F083FD81B289
:1009E0003C480C3020F8141034E0FFE79DF8071065
:1009F0009DF8062001EB022011F0A1FD41EC190B3E
:100A00009FED360B53EC102B11F000FE41EC180B50
:100A100011F068FD81B22F480C3000E02BE020F887
:100A200014109DF805109DF8042001EB022011F030
:100A300086FD41EC190B9FED2B0B53EC102B11F0A5
:100A4000E5FD41EC180B11F04DFD81B22148163047
:100A500020F81410601CC4B2052CFFF676AF0125F7
:100A60001C48808920B91B48C08A08B9002008901A
:100A70000020174908709DF8200000F01F00D0B931
:100A8000144890F8200000F0800040B1114890F820
:100A9000200020F080000F4981F820000BE04FF685
:100AA000FF700C498881C882084690F8200000F049
:100AB000E00081F8200006480078F02802DD0A20D6
:100AC00003490870284602B0BDEC068B38BD000013
:100AD0000400002008000020AE4401087B14AE474B
:100AE000E17AD43FD881734694F6D23F00000000EB
:100AF0000000894010B5052010F0E0FC10BD00009A
:100B000010B500200F4908600F48006820F440002D
:100B10000D4908600846006840F480000860FFF74F
:100B2000E9FF00200949C1F8AC02FFF7E3FF01200B
:100B300004490860FFF7DEFF00200549C1F8800284
:100B400010BD0000808240420014024000804242FA
:100B5000008040421CB50121222005F039FE012011
:100B600000908DF8040003208DF8050000208DF81A
:100B7000060001208DF807006946084800F094FD42
:100B80004FF4006000906946054800F08DFD01209B
:100B9000044908600449C1F8AC021CBD00040240CD
:100BA00000140240808240420080424210B5002082
:100BB0000F4908600F48006820F440000D490860A4
:100BC0000846006840F480000860FFF793FF0120AA
:100BD0000949C1F8AC02FFF78DFF01200449086004
:100BE000FFF788FF00200549C1F8800210BD000012
:100BF0008082404200140240008042420080404215
:100C000070B5054600241448006820F440001249DD
:100C10000860084600680860002612E000200F49BE
:100C200008601E2010F04AFC01200D49C1F8800226
:100C30006006040E0B48006808B1601CC4B2701C4A
:100C4000C6B2082EEADB15B9FFF7B0FF01E0FFF7E7
:100C500057FF204670BD00000014024080824042D1
:100C6000008040422C82424270B50446134800681E
:100C700020F44000114908600846006840F48000F4
:100C8000086000200E490860FFF734FF002511E0DE
:100C9000E0090C4908606006040E01200A49C1F809
:100CA0008002FFF727FF002005490860FFF722FFB9
:100CB000681CC5B2082DEBDB70BD000000140240BB
:100CC00080824042AC8242420080404210B50F48D0
:100CD000006820F440000D4908600846006840F4B0
:100CE0008000086001200A4908600A49C1F88002B2
:100CF000142010F0E3FB002005490860FFF7FAFE1E
:100D000000200449C1F8800210BD00000014024018
:100D1000AC8242420080404210B50D48006820F489
:100D200040000B4908600846006840F480000860F5
:100D3000012008490860142010F0C0FB002006497B
:100D4000C1F8AC02FFF7D6FE01200449086010BDCF
:100D5000001402408082404200804242AC82424203
:100D600010B500241148006820F440000F490860C5
:100D700008460068086001200D4908600D49C1F867
:100D800080020AE0601CC4B2FA2C03DDFFF7C4FF46
:100D9000012010BD012010F091FB0548803800684B
:100DA0000028EFD10449086000BFF2E700140240B8
:100DB000AC824242008040428082404270B50025B1
:100DC0004FF4803400E0641E24B1802005F090FED2
:100DD0000028F8D014B90325284670BD40F2FF5012
:100DE00005F038FE2846F8E7014600BF08480068CD
:100DF00000F045000028F9D040F2FF50044A121DCF
:100E0000106003482038006808221040C0B27047C4
:100E1000342C014070B500251048046801E00F48EB
:100E2000046804F045000028F9D004F0040028B15B
:100E30000325042005F00EFE284670BD04F00100D5
:100E400028B10125012005F005FE2846F5E740F20E
:100E5000FF5005F0FFFD2846EFE70000342C01406D
:100E600070B500250B48046801E00A48046804F0E6
:100E700045000028F9D004F0040028B1032504201F
:100E800005F0E8FD284670BD40F2FF5005F0E2FD98
:100E90002846F8E7342C01402DE9F04106460F467C
:100EA0004FF000082248056801E02148056805F078
:100EB00045000028F9D005F0040038B14FF00308D0
:100EC000042005F0C7FD4046BDE8F08105F00100B3
:100ED00030B14FF00108012005F0BCFD4046F3E7BA
:100EE00005F000FEB04203D04FF010084046EBE79B
:100EF00040F2FF5005F0AEFD002005F00DFE044667
:100F000004F4604018B9200C38804046DCE704F453
:100F1000005008B11320D7E704F4804008B1102036
:100F2000D2E704F4004008B10F20CDE74046CBE7FC
:100F3000342C014070B500264FF480350F4804680A
:100F400002E06D1E0D48046804F0450008B9002D4C
:100F5000F7D115B104F0040028B10326042005F0F0
:100F600079FD304670BD04F0400028B100264020D5
:100F700005F070FD3046F5E73046F3E7342C0140CC
:100F800021B1026842F00102026003E0026822F02F
:100F90000102026070470000016821F00101016058
:100FA0000021016041608160C160016121214161D6
:100FB0004A49884204D13D21484A103A91608CE068
:100FC00046491831884205D14FF47461434A103ABA
:100FD000916082E041493031884205D14FF474116B
:100FE0003E4A103A916078E03C494831884205D148
:100FF0004FF07461394A103A91606EE037496031C0
:10100000884204D13649354A103AD16065E0334907
:101010007831884204D13349304A103AD1605CE0DB
:101020002E499031884204D12F492C4A103AD16080
:1010300053E02A49A831884205D14FF03D51274A53
:10104000103AD16049E02949884204D13D21274A1C
:10105000083A116041E025491831884205D14FF422
:101060007461224A083A116037E0204930318842E1
:1010700005D14FF474111D4A083A11602DE01B4947
:101080004831884205D14FF07461184A083A11601E
:1010900023E016496031884204D11149134A121FD6
:1010A00011601AE011497831884204D10D490F4A84
:1010B000121F116011E00D499031884204D10A4994
:1010C0000A4A121F116008E00849A831884204D179
:1010D0004FF03D51054A121F1160704710600240E9
:1010E0003D000020400F002000003D201064024021
:1010F00021B1026842F02002026003E0026822F09F
:10110000200202607047014600200A6802F00102D6
:101110000AB1012000E000207047000010B5002255
:101120000268134B1A40CC680B6823434C69234375
:101130008C692343CC6923430C6A23434C6A2343C1
:101140008C6A23434C6B23438C6B23431A4302600A
:10115000426922F00702D1E90B3423431A4342616A
:101160000B6943604B6883608B68C36010BD0000EF
:101170003F801CF070472DE9F04306460F4690462D
:10118000002445460320A0EB48093CE07A1B91B2BD
:10119000321990B202F0DEFF3A1B91B2721990B28E
:1011A00002F0D8FF3A1991B2721990B202F0D2FF50
:1011B0007A1991B2321990B202F0CCFF7A1991B239
:1011C000321B90B202F0C6FF3A1991B2721B90B274
:1011D00002F0C0FF7A1B91B2321B90B202F0BAFF4C
:1011E0003A1B91B2721B90B202F0B4FF641CB9F1C9
:1011F000000F03DAA000801D814404E0601B800022
:101200000A3081446D1EAC42C0DDBDE8F0830000B1
:1012100051B18200A2F1C042126842F00103820083
:10122000A2F1C042136009E08200A2F1C04212683C
:10123000034B1A408300A3F1C0431A6070470000BB
:10124000FEFF0F00D0E901121143C2681143026989
:1012500011434269114382691143C2691143026A11
:101260001143426A1143826A1143C26A1143026BFD
:10127000114302689200A2F1C042116081680829FE
:101280000BD101688900A1F1C041096841F0400219
:1012900001688900A1F1C0410A60416B0968426B95
:1012A000526841EA0211426B926841EA0221426BA4
:1012B000928941EA0241426B128A41EA0251426B31
:1012C000127D41EA0261426B926911430268521C2D
:1012D0009200A2F1C0421160C16AB1F5804F1BD1EA
:1012E000816B0968826B526841EA0211826B9268D5
:1012F00041EA0221826B128A41EA0251826B127D1D
:1013000041EA0261826B9269114302689200A2F184
:10131000C042C2F8041107E06FF070420168890012
:10132000A1F1C041C1F80421704700002DE9FC4142
:1013300007460D460026002400200090019008205A
:101340005D49086010204860402088600020C86027
:101350004FF480600861084605F01CFC1020FFF780
:1013600043FD044614B12046BDE8FC815348008883
:101370000004514908603720486040208860002000
:10138000C8604FF480600861084605F003FC372010
:10139000FFF72AFD04460CB12046E5E74FF0FF3089
:1013A0004749086008204860302088600220C860F3
:1013B0000020086101204861084605F06DFB00200F
:1013C0003D49086033204860402088600020C860A4
:1013D0004FF480600861084605F0DCFB3320FFF71E
:1013E00003FD04460CB12046BEE70CE04FF40010AC
:1013F00005F07EFB38B105F0C7FB4DF82600761CE2
:10140000012E00D906E02F48006840F22A6108400A
:101410000028EBD000BF082005F06AFB28B10820A7
:1014200005F018FB042420469EE7022005F060FB2F
:1014300028B1022005F00EFB0224204694E720206C
:1014400005F056FB28B1202005F004FB06242046B9
:101450008AE74FF4007005F04BFB30B14FF4007099
:1014600005F0F8FA072420467EE740F2FF5005F029
:10147000F1FA00980006009901F47F4140EA01204A
:10148000009901F47F0140EA1120009940EA1160BF
:10149000686001980006019901F47F4140EA01204B
:1014A000019901F47F0140EA1120019940EA11609D
:1014B0002860204658E70000E02800205000002067
:1014C000F4280020342C01402DE9FF4F40F6FF7432
:1014D0000F46664283B09B46814600210BE000BF69
:1014E00009EB8100B0F90200A04200DA0446B042E4
:1014F00000DD0646491CB942F2DB684800684069D5
:1015000000280DD0B0F906101A46A1EB0B01B1422C
:1015100000DA0E46B0F90200801AA04200DD04464F
:10152000B5E0DFF87CA100200546CAF8000089E09C
:10153000781E854201DA6B1C00E0002309EB850C64
:1015400009EB8302BCF90200B2F90210A04245D1B6
:10155000A14215D139F92330059A39F9251003EB49
:10156000020C4E4A05981268084404EB0B01D26E37
:101570006045136801DA62462BE00246604628E0C7
:101580002846A4464FF000087A1E0BE008B1401E22
:1015900000E0781E09EB8003B3F90230634504D103
:1015A00008F101089045F1DB2346A34249D0A3EBA3
:1015B000040239F92500A1EB040C059B92EA0C0208
:1015C00009D4364A184404EB0B011268D26E136832
:1015D0000246984735E00CF0EBFD32E0A14230D0F6
:1015E00001DBA04203DDA0422BDBA14229DCE04667
:1015F00088420ADC0346A04223DC0846A14220DBE5
:10160000B8F900C0B2F9001008E00B46A14218DC9E
:10161000A04216DBB2F900C0B8F90010E21AA1EB43
:101620000C0151430029A0EB030202DD01EB620132
:1016300002E0A1EB6201491CC01A91FBF0F060448A
:10164000C9E76D1CBD42FFF673AF0598009004EB2F
:101650000B00019000208046054613E01149B8F1C7
:10166000000F31F915A009D0009901EB0A020844D6
:101670000A490968C96E0B680199984788F0010802
:1016800050466D1C064909688D42E7DB641CB44274
:101690007FF747AF07B0BDE8F08F00007C02002065
:1016A000AC0200201C7A0120F0B50A46002100237C
:1016B000002400BF3DE0012505FA01F3156805EAA5
:1016C00003049C4234D105684F000326BE40B54355
:1016D000056015794E00B5400668354305601579FB
:1016E000012D02D01579022D16D185684F000326F1
:1016F000BE40B543856055794E00B5408668354398
:101700008560456801268E40B543456045689679F9
:101710008E40B6B235434560C5684F000326BE40D3
:10172000B543C560D5794E00B540C6683543C56040
:10173000491C1029BFD3F0BDF0B5002300244D078C
:10174000ED0E02FA05F3CE1000F1200555F82650F3
:101750004E07F70E0F26BE40B543CF1000F120060E
:1017600046F82750CE1000F1200555F8265045EADE
:101770000304CE1000F1200545F82640F0BD01839A
:10178000704700002DE9F04FDFF828B191B04FF01D
:10179000FF35DBF80030B3F922100691DE69B3F9AA
:1017A0002490F469A189814206D8E289824203D358
:1017B000471AD4F8008012E0D4E9018100296FD0E3
:1017C0000A8882426CD84D88854269D3801A82B2D9
:1017D000486800EB8200B0F90070B0F90250781C44
:1017E0005ED0307EA17C10FB01FA217CCDE908019E
:1017F000B3F92A60304603F091F9C0B20E90DBF8DD
:10180000000007FB0A81A37C826B0127CDE904124B
:10181000CDE90273C069DDE90832C17E807ECDE981
:1018200000014946069802F0D9FA681C18D046F023
:10183000020003F073F9DBF80000A37C05FB0A81CA
:10184000826BCDE90273CDE90412C069DDE908328B
:10185000C17E807ECDE900014946069802F0BEFABD
:10186000DBF800005D46C069417E007E814214D9EC
:10187000022E12D086F0040003F050F92868C069E7
:10188000027EC37E12FB0391437E857E099A0698F1
:101890004B4402FB050202F0FDFC0E9803F03EF9FA
:1018A000DBF80000627C418C1144418411B0BDE83A
:1018B000F08F00007C02002004480068C069C06905
:1018C00009B1027C0A60407C704700007C02002065
:1018D000022008807047C06982898A4202D8C28982
:1018E0008A4210D2806880B102888A420DD843882B
:1018F0008B420AD3406800EB8100A0EB8200B0F974
:101900000000002801DB0120704700207047000024
:101910002DE9F0432F4C034687B020681946B0F9F3
:101920002A80C069C06900F084F800284ED0416860
:101930000088181A01EBC0054046AE7803F0EEF8B7
:10194000814620686A680123816BCDE90236CDE9C2
:101950000421C169CB7E8A7ECDE900230B7EB0F9DC
:1019600024102A78B0F9220002F038FA2068C06901
:10197000477E067EB7421DD9C07E47434643B8F135
:10198000020F17D000F0CAFC804600F095FC01F071
:101990009CF921682A78CB69B1F92200DB7E12FB21
:1019A0000302B1F92410CB19314402F073FC404614
:1019B00001F08BF9484603F0B1F820686A78C369F2
:1019C000B0F922109B7E12FB0311418407B0BDE8E1
:1019D000F08300007C02002030B50F4C05460B461A
:1019E00020682946C069C06900F023F8002811D09A
:1019F0004168008824682A1A0120E46900EBC200CB
:101A0000085CA47E10FB04F0002B03D011F8321008
:101A10006143196030BD00007C0200200120088075
:101A2000704700B5C06900F004F8002800D001201C
:101A300000BD06E002888A4202D842888A4202D269
:101A400080680028F6D1704770B500240E4D16E06E
:101A500028690E4900EBC410001D78220968FEF7C2
:101A6000B8FD2869002100EBC410016000F10C01F1
:101A70008161011D0A1DC0E90F12641C4164A86840
:101A80008442E5DB70BD0000E40200207C020020FF
:101A900070B50D490B480860084601F03FFF0A4C3D
:101AA000143CA068C501284600F068F82A460021C9
:101AB000206101F075FF4FF0FF302060BDE87040FD
:101AC00001F0FABC89010108F802002010B50400F9
:101AD00009D000F0DDFC20460CF0C2FB044601F00A
:101AE000A7FC204610BD002010BD38B5054600F00B
:101AF000CFFC2846FFF7EAFF040009D000F0B2F857
:101B00002A460021009001F04BFF684600F0E0F803
:101B100001F08EFC204638BD024A106021F003001F
:101B2000506070479879012010B5040016D000F07D
:101B3000AFFC0B48006B10F8341059B1022909D2E0
:101B4000042101EBC401415848680CF04DFB2046CC
:101B50000EF068FBBDE8104001F06ABC10BD00004B
:101B6000DC780120002805D0034A916B016001B1A7
:101B70004860906370470000DC7801202DE9F04157
:101B800004460EF01FFA2648E41C24F00305C16B3E
:101B90002D1DA94200D90D46846B13E054F8042C86
:101BA000AA420ED184B1216809B162684A606168B5
:101BB00009B122680A60826BA2422ED1216881633A
:101BC0002BE02468002CE9D18046416B80680F1817
:101BD00057F8040C3E1A306838B100200EF05CFB58
:101BE00057F8040C3E1A3068B8B97068A84214DB84
:101BF0003044441B30460EF035FBD8F80810491B22
:101C0000C8F80810D8F810102944C8F810107068E7
:101C10003146401B0CF0E8FA20C42046BDE8F081B4
:101C2000DC78012010B500240EF0CCF90C490F200F
:101C300001EBC002126C1AB101EBC000006C08E0AD
:101C4000401EF5D508E04168A14200D90C468068E5
:101C500010B180680028F6D1A4F10C0010BD00007E
:101C6000DC78012005498A69521C8A61096B01EB05
:101C7000C0010A78521C0A7000F042B8DC780120DA
:101C800010B500F005FCFFF7CDFF64220849B0F560
:101C9000800F04D990FBF2F4C869444303E0C9699A
:101CA0004143B1FBF2F401F0C3FB204610BD00003C
:101CB000DC7801200549102805D94A68B0EB520F9D
:101CC00002D3500800E01020886070479879012006
:101CD0000A4902680B6B52F8082C03EBC202137816
:101CE000022B03D38B690BB15B1E8B611178491EEC
:101CF000117000210160084670470000DC78012067
:101D0000002806D00349042202EBC000096B0858E2
:101D100008307047DC78012070B514460D46064641
:101D200000F0B6FB204600F005FB0300174804EB6B
:101D3000840109D050F8210041688068711A2A1A7C
:101D4000184600F0EFFF1CE000EB8104A268B242ED
:101D500001D0012200E00022E368AB4201D0012360
:101D600000E000231A430CD0236943B150F821004E
:101D7000816840686A1A311A184600F065FFC4E9A4
:101D80000265BDE8704001F053BB0000087B0120F4
:101D900010B5C2B2CBB2D21A02D5C2F1000212B251
:101DA00093B2C0F30722C1F3072403FB03F3121B12
:101DB00001D5524212B2000C92B2A0EB114002FBCC
:101DC000023200B2002801DA404200B280B200FBC9
:101DD000002010BD10B50021084600F011FB40F6B0
:101DE000FF725042BDE8104013460146AFF3008039
:101DF0002DE9FC411C4615460E46074600F048FBFF
:101E0000042002F08BFE80461248C068C16C006D51
:101E10000F4406440D440444ADF80070ADF804507E
:101E2000ADF80260ADF8064068460BF075FF07E0BC
:101E300023462A463146384602F02CFA0BF02EFF94
:101E40000028F5D1404602F069FE01F0F1FABDE844
:101E5000FC810000700200202DE9F0411C4616466E
:101E60000D460746022B02DB0020BDE8F0811C2056
:101E7000FFF784FE0028F8D00DB105610AE0094A99
:101E800052F8241009B905E011460A68002AFBD16E
:101E90000969016184618682002101604160C0E9B5
:101EA0000217E2E79402002070B51D46FFF7D4FF49
:101EB000040001D000F00EF8E068006820B9034883
:101EC000006800EB85008465204670BD7C02002020
:101ED000FFF748BE70B590B38269022A30DA1C4C15
:101EE00054F8221019B944F822002FE019464B6823
:101EF000002BFBD106E0CB68C5681B682D68AB42A0
:101F000003DD09680029F6D11AE0C1B1CB68C668C3
:101F10001B683668B3420CD1838A012B05D008E0D8
:101F20001946DB681B68AB4203DB0B68002BF7D15B
:101F300029B14B6833B118604A68426004E0FFE79A
:101F4000012070BD44F8220048600160002070BD8F
:101F50009402002010B503E00468FFF7BBFF2046A1
:101F60000028F9D110BD0EF009BE00002DE9F041A6
:101F70000026DFF834800D4F354600BF58F8254065
:101F800009E0E0680068385C20B120460EF0F6FDFC
:101F9000266026462468002CF3D16D1C022DEDDB53
:101FA0003046BDE8F0810000940200205846010848
:101FB000022801DB00207047054951F8200004E0A9
:101FC000C16809680029F6D000680028F8D1704778
:101FD000940200202DE9FC4706005FD000F058FA7B
:101FE00000F0B2F93C4C81462068B0F9228000F044
:101FF000D9F9216807468A8CD01B888441E000BF4C
:1020000047F6FF71304601F0AFFB8246014630468D
:1020100001F080FB2168054691F82C0000F00300D8
:10202000012841D002283BD000204A8C101A488455
:10203000ADF800006A1E1044ADF80400888CADF8BD
:102040000200A9F101010844ADF806006A465146B4
:10205000304601F007FB2168BDF802008884514634
:10206000304601F0C1F8064430780A281ED00D2809
:102070001CD0BDF80000216828444884307818B18D
:10208000761C30780028BBD12068818C394481844B
:10209000818D21F00301818501F0CAF9BDE8FC873B
:1020A00005EBD5704010C0E72846BEE7206890F8E1
:1020B0002C1001F0030101290BD0022909D0018C59
:1020C000418431780A29D9D1828C02EB09018184BB
:1020D000D4E7A0F82280F4E77C02002070B5144613
:1020E0000D46064600F0D4F905480068458484840E
:1020F0003046FFF76FFFBDE8704001F099B900006E
:102100007C0200202DE9F04107460A4815460E469C
:102110000068B0F92C0040F0020000F033FE0446E5
:102120002A4631463846FFF7D9FF2046BDE8F04140
:1021300000F028BE7C0200202DE9FC471D46164613
:102140008846814600F0A4F9164C2068C16C006DE9
:102150000E44054400200BF0DFFDF0B1124F206863
:102160001121407C57F820000190C068426A01A804
:1021700090475FEA000C06D0334642464946009538
:102180000198E04705E02B46324641464846FFF7B6
:102190009BF90BF083FD0028E1D101F049F9BDE87E
:1021A000FC8700007C020020940200202DE9FC4105
:1021B0001C4615460E46074600F06AF910480068AE
:1021C000C16C006D0F4406440D440444ADF800702A
:1021D000ADF80450ADF80260ADF8064068460BF06B
:1021E0009BFD07E023462A463146384602F052F866
:1021F0000BF054FD0028F5D101F01AF9BDE8FC817F
:102200007C02002008B50B46002805D0009281888A
:102210008268C08800F001F808BD10B50828029C4B
:1022200030D008DC04FB01F401280AD0022813D0C6
:10223000042804D11CE0102828D020282CD000200D
:1022400010BD04EBD30003F00701105CC1F10701DE
:10225000C84000F0010010BD04EB93000621105CA3
:1022600001EA4301C1F10601C84000F0030010BDBE
:1022700004EB5300D907105C02D000F00F0010BD32
:10228000000910BD04FB0130105C10BD481004FBB8
:10229000003032F8100010BD881004FB003052F8F6
:1022A000200010BD034951F82000C1688A6A082146
:1022B000104700009402002010B500F0E9F802F089
:1022C00019F802F09BF8044601F0B2F8204610BD60
:1022D00010B5044600F0DCF8054800210068C0692C
:1022E000426820469047044601F0A2F8204610BDFF
:1022F0007C02002070B50C46054600F0C9F806487F
:1023000021460068C069426828469047044601F0AB
:102310008FF8204670BD00007C02002010B500F050
:10232000B7F801F0EFFF02F069F8044601F080F819
:10233000204610BD0021022802D2024951F8201087
:10234000084670478C03002010B500F0A1F804483F
:102350000068C069447E01F06BF8204610BD0000A3
:102360007C02002070B514460D46064600F090F839
:1023700022462946304601F0F9FF10B100202860BE
:102380002060BDE8704001F053B870B50C460546BA
:1023900000F07EF82146284601F002FABDE87040C0
:1023A00001F046B810B5002400F072F80B48006840
:1023B00090F82C1001F00C01042904D0082906D053
:1023C0000C2907D103E0C069047E641E02E0C069E5
:1023D000007E440801F02CF8204610BD7C0200204D
:1023E000024951F8200000690068704794020020FB
:1023F000024951F8200000694068704794020020AB
:1024000070B50D46044600F043F820460DF020FD5F
:10241000044628460DF024FD044301F009F8204647
:1024200070BD0000144810B5016821F00101016081
:1024300012480121816012490160006811498842F7
:1024400000D0FEE701F0EEF80F492E20087001F0F1
:1024500029F80E480DF068FDFFF71AFB0FF0DAF8C7
:1024600004460021084600F06DFC0BF053FAFFF71C
:10247000EBFA204610BD0000002000E000300240D2
:10248000C2A507F4CDB5E8B570020020A4790120FB
:1024900070B51F4CE06820B100F0FCFF6168884215
:1024A00004D001F019F800F0F5FF6060E068401C0E
:1024B000E060012825D100250AE000BF00F0EAFF16
:1024C000216901EBC5110968814205D0D1B16D1CAC
:1024D000A0688542F2DB00252068854211D00028E3
:1024E0000EDBFFF743FD2268216901EBC212D067C2
:1024F000084A01EBC510011D1160C06FFFF72AFDEE
:10250000256070BD216901EBC5110860E4E700009A
:10251000E40200207C0200201CB5040004D10E4817
:102520000068046E002C16D0FFF7B2FF2046FFF7BC
:1025300099FB009044696846FFF7CAFB4CB12046FE
:10254000FFF790FB019081688968884701A8FFF731
:10255000BFFB00F06DFF1CBD7C02002001490A4654
:1025600000F002B801F0FFFF2DE9F04387B01546F7
:102570000C465FEA000846D0FFF78AFF002000F013
:10258000B5FB814621480068066E4046FFF76AFBAE
:1025900000900068806900F075FB074640F6FF7008
:1025A000001904D10098B0F90440B0F90650009821
:1025B000611E0289ADF804401144ADF8081041894C
:1025C000681E0844ADF80650ADF80A000AF092FE05
:1025D0006846FFF77DFB01A80BF09EFB06E02A464C
:1025E0002146404600F040FA0BF058FB0028F6D197
:1025F000384600F047FB304600F060F9484600F0EE
:1026000075FB00F015FF07B0BDE8F0837C020020E9
:102610002DE9FE4F984691468A46834600270C9E38
:10262000FFF736FF174818490068407C51F82040F2
:10263000E1680968042903D02468002CF8D100E07F
:1026400014B9FFF7B5FC04460121E068C26A2046D0
:102650009047050011D02469A0688047401C02D132
:102660000A4C46F001060096CDE9015443464A461D
:102670005146584600F082F9074600F0D9FE384628
:10268000BDE8FE8F7C0200209402002064770108E0
:1026900038B504001CD0FFF7FBFE0E480068006E42
:1026A000A04201D100F0E1FA2046FFF7DBFA0090EA
:1026B000406908B100F0A5FE00980068FFF708FC2B
:1026C0006846FFF705FB2046FFF72EFA00F0B0FE44
:1026D00038BD00007C0200202DE9FF4F83B0454C3F
:1026E000DDF840B098468A4607002BD002A901A821
:1026F000FFF74BFEB7F90060002E00DA0026B7F9AD
:102700000250002D00DA00252068A146407C01F02F
:1027100043FE01990144491EB7F904000DF0EFFC96
:102720000446D9F80000407C01F039FE02990144CA
:10273000491EB7F906000DF0E2FCA71B7F1C441BE5
:10274000641C0BE0206800263546407C01F024FE26
:1027500007462068407C01F022FE0446B8F1000FD5
:1027600001D1C4F10008002F01DD002C03DC0020A2
:1027700007B0BDE8F08F43463A4629463046CDF8CB
:1027800000B0FFF745FF5FEA000909D000F060F8EC
:102790008046484600F092F80027DFF85CB01FE062
:1027A0005146059888470120E2E7E11B414502DADE
:1027B000484600F067F83FB1EA193146484600F054
:1027C000ABF84846FFF7A8FE514605988847DBF866
:1027D000001009B1002088474846FFF7BFFE474474
:1027E000A742E2DB4846FFF753FF002000F066F8FF
:1027F000BDE700007C020020E002002038B50500A3
:102800004FF0000411D0FFF743FE2846FFF72AFAE5
:102810000090006800698068804702F017FD044658
:102820006846FFF755FA00F003FE204638BD38B57C
:102830000446FFF72DFE2046FFF714FA00F11804B6
:1028400000906846FFF744FA00F0F2FD204638BDDC
:1028500038B504460025FFF71BFE1CB90848006880
:10286000046E44B12046FFF7FDF90090B0F90A501C
:102870006846FFF72DFA00F0DBFD284638BD000062
:102880007C02002038B50C46050004D10A480068D7
:10289000056E002D0FD0FFF7FBFD2846FFF7E2F98C
:1028A0000090B0F90A10A14200DD44816846FFF7AC
:1028B0000FFA00F0BDFD38BD7C020020F8B50546DA
:1028C000FFF7E6FD134E3068046E65B10CB100F001
:1028D000CCF90AF005FE2846FFF7C4F900903168EC
:1028E0000A6E1AB106E000F0C0F90EE0D1E9022349
:1028F000C1E919230D660068FFF7ECFA6846FFF797
:10290000E7F902F07BFA02F063F800F091FD20464F
:10291000F8BD00007C0200207CB515460E46040080
:1029200004D115480068046E002C24D0FFF7B0FDD8
:102930002046FFF797F92DB20090C58034B284800D
:1029400002F046F80098406980B1FFF78BF9009AD1
:102950000190B2F908108180B2F90A20C28011B149
:102960000AB10480458001A8FFF7B2F96846FFF775
:10297000AFF900F05DFD7CBD7C0200202DE9FF4F2A
:10298000DFF8E0B083B01C46DBF80010DDE9106032
:10299000924600274B7C3A461299FFF75DFA0500F4
:1029A0005DD028698068804702F050FC81460AFBB0
:1029B00009F0C01D4FEAD008FFF762F9F10705D111
:1029C000C11700EB9170801000EB4000002C06DC7A
:1029D0001838B0FBF8F06442A04200DC0446F0076F
:1029E00007D10090DDE903012346524600F07CFC4C
:1029F0000746002C03DC2846FFF76AFA2FE004FBA9
:102A000008F01830F10702D0FFF760F801E0FFF797
:102A10006CF806001CD0FFF725F9019005600399BA
:102A200081800499C180A0F808A04481C0F80C807E
:102A3000C0E9049701A8FFF74BF91298AE6028612E
:102A4000DBF80000407CA861304607B0BDE8F08F9D
:102A50002846FFF73DFA17B13846FFF765F8002022
:102A6000F3E700007C020020F8B515460E46074645
:102A7000FFF7F8F8009044696846FFF729F93846EF
:102A8000FFF7BCFE0346082800DD2CB12A4631467C
:102A900038460EF093F8F8BD2A46314638460EF017
:102AA00025FAF8BD10B5002821D009B30AB3B1F951
:102AB0000040B2F900309C4200DA23460380B1F9AD
:102AC0000240B2F902309C4200DA23464380B1F959
:102AD0000440B2F904309C4200DD23468380B1F902
:102AE0000610B2F90620914200DC1146C18010BDEB
:102AF00011460A6802604968416010BD00280BD089
:102B000003880B44038083881944818041881144E1
:102B10004180C1881144C1807047000070B5104DDC
:102B20000446D5E9000188420ED10E49884203D1FE
:102B3000D0E90F12406C03E00C38D0E90012806835
:102B40002160C4E9012006E090E80E0084E80E0050
:102B50000DF08EF92860207A002800D0012070BD89
:102B6000B0030020307B01200448D0E900108142EE
:102B700001D101207047002070470000B003002001
:102B8000054A10B5034911600DF03EFFBDE8104045
:102B900000F018B9A9D500089C020020B0F9022065
:102BA000B1F906309A4213DCB1F90220B0F90630CF
:102BB0009A420DDCB0F90020B1F904309A4207DCEA
:102BC000B1F90010B0F90400814201DC0120704726
:102BD00000207047DFED1A0A2DE9F04120EE200AAF
:102BE000DFED180A0646904680EE201A0D46BDEE2F
:102BF000C10A10EE107A384600F02EFD0446384621
:102C000000F094FE0146002215E000BF05EB8203B0
:102C100035F92200B3F9023000FB04F703FB01771A
:102C2000634300FB11303F1426F82270001406EBBA
:102C30008203521C58804245E8DBBDE8F081000069
:102C400000C82F48DA0F494070B515460E460400FB
:102C50000AD0FFF71DFC2A46314620460DF016FD2E
:102C6000BDE8704000F0E4BB70BD10B5FFF710FC8C
:102C700001F062FE02F0C2F80AF03CFBBDE8104031
:102C800000F0D6BB70B5094D04462868467CFFF7B6
:102C9000FFFB022C03D228684474FFF7E6FF0448C8
:102CA000046000F0C5FB304670BD00007C020020CF
:102CB0002403002010B50446FFF7EAFB204601F08C
:102CC0005DFEBDE8104000F0B3BB10B50446FFF751
:102CD000DFFB204601F08AFEBDE8104000F0A8BBF3
:102CE00001498860704700007002002010B504465A
:102CF000FFF7CEFB204601F011FF044600F098FBE1
:102D0000204610BD70B50446FFF7C2FB04480068BA
:102D1000C56904B1C46100F08BFB284670BD00009A
:102D20007C02002070B514460D460646FFF7B0FB46
:102D300022462946304601F00DFF044600F078FB9C
:102D4000204670BD70B50C460546FFF7A1FB09484B
:102D5000224605800848048008480068417C0848ED
:102D600050F82100C1680B6A29469847BDE87040B9
:102D700000F05EBBA8020020AA0200207C02002016
:102D80009402002070B50446FFF782FB04480068F7
:102D9000B0F92C50848500F04BFB284670BD000034
:102DA0007C02002070B50446FFF772FB04480068FF
:102DB000B0F92A50448500F03BFB284670BD000066
:102DC0007C02002002480068002800D000477047BD
:102DD0009403002002498A6802B98860FFF7F2BFB5
:102DE000800300202DE9F84FDFF89C800546274F2F
:102DF00098F818008B46410738680A9E9946407C2F
:102E0000924607D401F0CEFA04463868407C01F0BF
:102E1000CCFA06E001F0C9FA04463868407C01F0BB
:102E2000C1FA002795B1A0F1010400BFB9EB06007B
:102E300000D54042142806DB5146BBEB0A0000D502
:102E40004042142804DA0120BDE8F88F641EEDE743
:102E50000A464B465946384600960DF045F90C4F48
:102E60004B46524647F835005946204600960DF02D
:102E70003BF907EBC50148600DF00AFB012100207A
:102E8000C8F81C10E0E70000B00200207C0200201F
:102E9000347A01202DE9F047524D534E0024E86961
:102EA00078B96868346000F00501746010F0060FAE
:102EB00001D000F00500B460F4600DF0E9FA0120E3
:102EC000E8612878C8B100F0D9F8A846286100F078
:102ED000D3F82969286A81420BDBD8F824204046C0
:102EE000914206DC836A42699A4202DBC36A9A42D3
:102EF0000DDD4FF0FF3001466FE000F00FF9686123
:102F000000F0BBF82878401C2870BDE8F0873268D4
:102F100098F81800354F8D1A400700283868407C13
:102F200002DB01F03FFA01E001F03FFA401E4543A9
:102F3000D6E90020B146801A95FBF0F6D8F81420A7
:102F4000D9F8081098F81800551A40070028386872
:102F5000407C02DB01F029FA01E001F023FA401E77
:102F60004543D9E90201081A95FBF0F598F81800D5
:102F7000400700283868407C18DB01F013FA8146CE
:102F80003868407C01F011FAD8F818200146D007C3
:102F900004D0A9EB0600A0F1010000E03046920742
:102FA00002D5491B491E18E0294616E001F0FDF93B
:102FB00081463868407C01F0F5F9D8F81820D1072F
:102FC00004D0A9EB0601A1F1010100E0314692070E
:102FD00002D5401B401E00E028460DF041FD88F858
:102FE000004092E7B0020020347A01207C020020E9
:102FF0000149886170470000B0020020074A00289C
:1030000006DB002904DB01231372C2E9000101E0A1
:1030100000201072014800F003B80000B47A0120CB
:1030200010B504460C220749FDF720FA002808D005
:10303000044894E80E000EC02046BDE81040FFF79B
:103040009FBD10BD787B012030B40A4C2268831AE2
:1030500001D5C3F1000362688A1A00D552421A44AE
:10306000022A04DDC4E9000130BCFFF7C7BF30BC51
:1030700070470000000300207047704710B52DED29
:10308000048B82B02048808845F21051884236D1A6
:1030900001221E49002003F02DFB1C48007800F09F
:1030A0001F0030B3042201A9900103F023FB9DF817
:1030B00007109DF8062001EB02200FF040FA41ECCA
:1030C000190B9FED130B53EC102B0FF09FFA41ECF3
:1030D000180B0FF007FA1049888108468489B4F567
:1030E000F07F02DB40F2DF1404E0002C02DA00245F
:1030F00000E00024204602B0BDEC048B10BDD020BF
:1031000009F0D0FCF7E70000B8280020BC00002040
:10311000D881734694F6D23F0800002010B52DEDFB
:10312000048B82B02048808845F21051884237D104
:1031300001221E49002003F0DDFA1C48007800F04F
:103140001F0030B3042201A9900103F0D3FA9DF8C7
:1031500005109DF8042001EB02200FF0F0F941EC7E
:10316000190B9FED130B53EC102B0FF04FFA41ECA2
:10317000180B0FF0B7F91049C8820846C48AB4F595
:10318000487F02DB40F21F3405E0002C03DA002404
:1031900001E040F21F34204602B0BDEC048B10BDAC
:1031A000902009F07FFCF7E7B8280020BD00002040
:1031B0007B14AE47E17AD43F080000202DE9F041AE
:1031C000084E044605683068016828468847074667
:1031D0003068416828468847284420603846BDE862
:1031E000F0810000800200202DE9F0410C460646E7
:1031F0000025064F05E03868416830468847064498
:103200000544641EF7D22846BDE8F0818002002004
:103210002DE9F0411E46069C1746884605463A466B
:10322000A8687F1C3346D0F804C041462846E047D2
:10323000641EF4D1BDE8F08170B5B0F90040091BFF
:10324000B0F904408C422CDD00F11404B0F90250B6
:103250000069521B02FB0040CA1800EBE104521E39
:10326000D010B0EBE10501F007034FF0FF0102F0D1
:10327000070221FA03F0C2F1070201FA02F1CEB20D
:1032800021780FD001436D1E04F8011B002D05DDD0
:10329000FF2229462046FDF7CEF92C442078304302
:1032A000207070BD30400143217070BD10B5B0F981
:1032B0000030B0F90240C91A00F114030069121B72
:1032C00002FB003000EBE10001F0070302788021EF
:1032D000D9400A43027010BDB0F90610026951438B
:1032E0001430FDF7B0B900002DE9F843804602F133
:1032F0000F000011470003FB07F01C4615468946E6
:103300001430FEF7F2FB060018D0FFF7C1F8304684
:10331000FEF7A8FC0090A0F80080A0F8029085803D
:10332000C480074981600121818107616846FEF7F9
:10333000CFFC00F07DF83046BDE8F8830020FBE7C5
:103340007C77010870B5B0F90660B0F904400B68ED
:1033500000F11405964220DD0069A34202FB0050F3
:1033600000EBE30219DAA4F101044FEAE400A0EB58
:10337000E30512F8010B03F0070400FA04F0C4B2ED
:1033800008E055B112F8014B03F10803A5F101055E
:1033900023F00703002CF4D008E0002070BD00BF2C
:1033A0004FEA44604FEA106403F101032006F7D5A9
:1033B000FF2C0AD0184605E04FEA44644FEA146433
:1033C00000F101006606F7D400E0D81DC44364078D
:1033D00006D007E012F8014BFF2C0FD100F10800D6
:1033E0006D1EF7D5A0EB030000F101000B6070BD6E
:1033F0004FEA44624FEA126400F101002206F7D45A
:10340000F0E738B50546FFF743F82846FEF72AFCF3
:1034100000908189491E0CB284816846FEF758FCF1
:1034200014B92846FEF780FB00F002F838BD000012
:103430000348C168491EC16001D100F057B8704708
:10344000E402002010B54FF4803100200EF02AFD78
:1034500004464FF480312046FEF75EFB8020FEF7E5
:1034600029FC0248FFF73CFC10BD0000AC6A0108D3
:1034700070B504464FF47A7060434FF47A71B0FB34
:10348000F1F5284602F068FC70BD10B50120FFF789
:10349000EFFF10BD0248006890F83200704700004E
:1034A000EC00002010B5002002F03AF80149086055
:1034B00010BD0000A800002010B5012002F030F877
:1034C00003490860002001F0B5FF0249086010BD03
:1034D000A0000020A400002008B56A460021024890
:1034E000006802F043F808BDA000002010B50248B3
:1034F000006802F0B1F810BDA000002010B5082A45
:103500000EDC0346012A1AD0022A58D0042A78D0A9
:1035100010F8042B03F8012B491EF9D1012010BD2E
:10352000102A0ADC0222022AF8D1024630F8043BB3
:1035300022F8023B491EF9D1F0E7002010BD10F837
:10354000042BD207120E491E34D010F8044B491E2A
:1035500004F0010442EA84122CD010F8044B491EF6
:1035600004F0010442EA441224D010F8044B491E2E
:1035700004F0010442EA04121CD010F8044B491E66
:1035800004F0010442EAC40214D010F8044B491EAE
:1035900004F0010442EA84020CD010F8044B491EE6
:1035A00004F0010442EA440204D010F8044B04F091
:1035B0000104224303F8012B0029C0D1AEE710F823
:1035C000042B9207120E491E15D010F8044B491E09
:1035D00004F0030442EA04120DD010F8044B491E13
:1035E00004F0030442EA840205D010F8044B04F00E
:1035F00003042243491E03F8012B0029DFD18DE784
:10360000FFE710F8042B1207120E491E05D010F820
:10361000044B04F00F042243491E03F8012B002938
:10362000EFD17BE70A4810B5816900290ED101214D
:103630008161FFF707FF01F01FFC054905481C31B8
:103640000860BDE81040084600F068B910BD0000F1
:10365000700200205D0101080149084400F066B9CC
:10366000905F01007CB5064628480D46006868B1A9
:1036700000200AF051FB06E06A46294630460AF06F
:10368000D7FF0AF00BFB0028F6D17CBD1068009034
:103690001F4C506801902268BDF8000032F84C1FA2
:1036A0000844ADF80000BDF8020091880844ADF868
:1036B0000200BDF8040011880844ADF80400BDF80C
:1036C000060091880844ADF8060068460AF024FB1D
:1036D0000EE000BF2068BDF800106A464184BDF8C6
:1036E00002108184294630460AF0A2FF0AF0D6FA79
:1036F0000028EFD1206830F8221F428D891A0180FE
:103700004188C28D891A41807CBD0000A40200203E
:103710007C02002073B5124A01A9009812689047F4
:1037200000240090C8B10F4900250968C96949699A
:1037300059B10A684AB1019990477CBD6846FFF7C4
:103740003DFD0546FEF7C4FD04440198401E01906E
:10375000F4D5284600F032F8044420467CBD000031
:10376000AC0300207C02002073B50D4600980024B5
:1037700090B10A490968C969496959B14A684AB1A9
:10378000294690477CBD6846FFF718FD20B10A28FE
:1037900002D0641CAC42F6DB20467CBD7C020020DB
:1037A000044AB2F9002002600348B0F90000086042
:1037B00070470000A8020020AA02002038B50024AB
:1037C00069460094FEF796FD0099814200DD0C1ACF
:1037D000204638BDB0F90030B1F90020934200DA3C
:1037E0000280B0F90230B1F90220934200DA42803F
:1037F000B0F90430B1F90420934200DD8280B0F9C1
:103800000620B1F906108A4200DDC180704770B50C
:10381000B1F90040B2F900309C4200DD234603803C
:10382000B1F90250B2F90240A54200DD2C464480B5
:10383000B1F90460B2F90450AE4200DA3546858031
:10384000B1F90610B2F90620914200DB1146C180A1
:103850009D4201DBA14201DA002070BD012070BD54
:10386000014602480068407C00F002B87C0200205B
:10387000F8B501260F46054602284BDA264C5FB301
:10388000012F02D0022F45D116E054F8250088B947
:103890002846FEF78DFB0090B8B3C0680D21426A40
:1038A00068469047020035D039460098904754F852
:1038B00025000026401C2BE0FEF77AFB009020B389
:1038C000C0680D21426A68469047020022D03946FE
:1038D0000098904700261DE054F8250001280FD1DC
:1038E0002846FEF765FB009050B1C0680D21426A82
:1038F00068469047020003D039460098904700265A
:1039000054F8250010B1012101E003E00021401A24
:1039100044F825003046F8BD7803002002494A6982
:1039200042604861704700007002002030B50028F6
:1039300003DA4FF0FF32404200E00122154990FBCC
:10394000F1F301FB13004910884202DD52424B4261
:103950001844114B984200DD081A4FF47A7390FB1B
:10396000F3F16FF07C044C4300EBC4005A2902DBF6
:103970004FF480300AE0094C04EB810554F8211023
:103980006D686C1A4443B4FBF3F00844002A00DC71
:10399000404230BD407E0500905F0100BC740108CC
:1039A00010B502E000F8011B521E0AB18307F9D1DD
:1039B000930818D001EB014402F0030204EB042445
:1039C00005E0046044608460C46010301B1F042B59
:1039D000F7DA01E010C05B1E002BFBD103E000BF53
:1039E00000F8011B521E002AFAD110BD10B5830742
:1039F00002D520F8021B521E530810D001EB0144DF
:103A0000042B08DB046044608460C46010301B1F1A
:103A1000042BF7DA01E010C05B1E002BFBD1D207AC
:103A200000D0018010BD00BFFEE700007CB5044659
:103A300000250020019000905F48008800045F4945
:103A400008600D204860402088600020C8604FF466
:103A500080600861084603F09DF8594800680090AE
:103A600002E0574800680090009800F045000028E8
:103A7000F7D0009800F0040028B10325042002F0DC
:103A8000E9FF28467CBD009800F0010028B101251F
:103A9000012002F0DFFF2846F4E703F023F800904E
:103AA00000980D2802D010252846EBE740F2FF5081
:103AB00002F0D0FF002003F02FF801900198C0F32E
:103AC000432020703F490198084008B92846D9E7AB
:103AD000019800F0004008B11C20D3E7019800F0E5
:103AE000804008B10920CDE7019800F0005008B1EE
:103AF0000A20C7E7019800F0805008B10B20C1E709
:103B0000019800F0006008B10C20BBE7019800F0BC
:103B1000806008B10D20B5E7019800F0807008B111
:103B20000E20AFE7019800F4000008B10F20A9E7CC
:103B3000019800F4800008B11020A3E7019800F478
:103B4000001008B111209DE7019800F4801008B121
:103B5000122097E7019800F4002008B1132091E7A4
:103B6000019800F4802008B114208BE7019800F43C
:103B7000003008B1152085E7019800F4803008B1C5
:103B800016207FE7019800F4004008B1172079E77C
:103B9000019800F4804008B1182073E7019800F400
:103BA000005008B119206DE7019800F0080008B135
:103BB0001A2067E7284665E750000020E02800202B
:103BC000342C014008E0FFFD30B5014601F01F0430
:103BD000C1F34513CA0AE50205EB43151544A8B223
:103BE00030BD000070B5044600261748058840889F
:103BF00045431548808846F60401884216D112488C
:103C00008079012812D100200F4988712A2048812B
:103C10002B2088810021084600F0FAFE01200A4985
:103C200088712B2048812A20888103E000210846E2
:103C300000F0EEFE01F00CF9002602E003480480DB
:103C4000761CAE42FAD370BDB82800200000086090
:103C50000449054A0968497C52F821100969096834
:103C6000084700007C0200209402002010B50446A2
:103C7000002C52D158498871F02008804FF4A07070
:103C800048800846808849F2413188420BD052482A
:103C9000808846F60401884205D04F48808845F266
:103CA000103188421AD12C204B4908812A204881A2
:103CB0002B2088810846808846F60401884205D07A
:103CC0004548808845F21031884206D14FF4A070F3
:103CD000414908804FF4F070488079E03E48808880
:103CE00045F21051884210D14FF430503A490881C2
:103CF0004FF4285048814FF42C5088814FF4F070D5
:103D000008804FF44870488062E0222032490881E0
:103D100020204881212088815AE001202E49887185
:103D20004FF4A0700880F02048800846808849F24F
:103D30004131884205D02848808845F210318842B8
:103D400007D12C20244908812A2048812B208881F2
:103D50002BE02148808846F60401884207D12C20B8
:103D60001D4908812B2048812A2088811DE01A489E
:103D7000808845F21051884210D14FF430501649D6
:103D800008814FF4285048814FF42C5088814FF41B
:103D9000487008804FF4F070488006E022200E49F9
:103DA000088121204881202088810B48808846F6A0
:103DB0000401884205D00848808845F210318842C5
:103DC00006D14FF4F070044908804FF4A070488089
:103DD000002000F057FC10BDB82800202DE9F04F5E
:103DE00005468DB07C48DDF860901A9C00681E4640
:103DF00017464FF0000A78B11B9B199ACDF808902E
:103E00000593CDE90324DDE91623CDE900230468F9
:103E100033463A46284682E0DDE9160201EB060801
:103E200005EB070C1043A8F10108ACF1010C0128C7
:103E300006D0C9F108000590002002910890C8E062
:103E400066480268B2F90A30581A002806DD361AA8
:103E5000002E65DD1946199B00FB0344B2F90E00E4
:103E6000A8EB0000002802DD361A002E58DDB2F95A
:103E70000C00ACEB0000002800DD3F1AB2F908305E
:103E80000020AB4237DD581B3F1A4B46B9F1080FF3
:103E900028D007DC012B0DD0022B13D0B9F1040F71
:103EA00029D117E0102B1FD0182B20D0B9F1200FEB
:103EB00021D11CE020F0070304EBE0041D4400F0D6
:103EC000070018E020F0030304EBA0041D4400F0F9
:103ED000030010E020F0010304EB60041D4400F037
:103EE000010008E0044404E004EB400401E004EBBA
:103EF000800405440020002F12DD1B9BDDF864C008
:103F0000CDE90403CDE902C4CDE90069527C34480F
:103F10003B4650F82200C26854680A462946A0472A
:103F20000DB0BDE8F08F17990298084409902B490D
:103F3000401E00900A68B2F90A30834241DCB2F9AF
:103F40000E10029881423CDB4FF0000BD8460395DF
:103F50000B9434E0BBF1000F05D10B984FF0080B28
:103F600010F801AB0B900599ABEB090B3AFA01F095
:103F70000AFA09F101F0FF0A04D118490968097C1D
:103F8000890716D415490968C96B0A680C921B9AEF
:103F90000AB152F82000086016990398009B421855
:103FA000521E029900F076F90C490C980968C96B09
:103FB00008600399169808F1010808440390B84571
:103FC000C8DB0898401C089009980290199804448E
:103FD0000898B042A7DBA3E7A40200207C020020DF
:103FE00094020020F0B40C4612490968B1F90A3075
:103FF000A3421CDCB1F90E30A34218DBB1F9083042
:10400000834200DD1846B1F90C30934200DA1A46BB
:1040100082420CDB4B7C084951F823501346224660
:10402000E9688E6801462846B446F0BC6047F0BC9B
:10403000704700007C020020940200202DE9FF4F11
:1040400084B081468A460020039002900698A0EB37
:1040500009050798A0EB0A06CDF80490CDF800A05A
:10406000002D01DD012705E00DB9002702E04FF02A
:10407000FF376D42002E02DD4FF0010806E016B951
:104080004FF0000802E04FF0FF387642B54201DD04
:104090002C4600E034464FF0000B21E0009A91B22C
:1040A000019A90B200F056F80398284403900298C1
:1040B000304402900398A04205DD0398001B039052
:1040C0000198384401900298A04205DD0298001B37
:1040D00002900098404400900BF101001FFA80FB11
:1040E000601C8345DADD08B0BDE8F08F0A46174949
:1040F00030B40968B1F90A30934225DCB1F90E30C9
:10410000934221DBB1F9083083421DDCB1F90C3058
:10411000834219DB0B7C0E4CDB0709D0497C54F839
:104120002130D968CC690146A44630BC18466047A6
:10413000CB6B497C1B6854F82140E1688D690146CE
:104140002046AC4630BC604730BC70477C02002043
:104150009402002030B504460D462946204600F062
:1041600057FC00F075FE024800880249088030BD07
:10417000000000200000086070B504460D46164699
:104180004248808849F24131884205D03F488088C2
:1041900045F21031884214D13C49488900F04CFE68
:1041A000201200F03DFEE0B200F03AFE3749888967
:1041B00000F042FE281200F033FEE8B200F030FEBC
:1041C0005DE03248808845F21051884220D12F4965
:1041D000488900F031FE201200F022FE2B49498967
:1041E000491C88B200F028FEE0B200F019FE274911
:1041F000888900F021FE281200F012FE23498989E7
:10420000491C88B200F018FEE8B200F009FE36E062
:104210001E48808846F6040188421DD11B488079DB
:10422000012804D119480088401E001B84B2174998
:10423000488900F001FE201200F0F2FDE0B200F02B
:10424000EFFD1249888900F0F7FD281200F0E8FD23
:10425000E8B200F0E5FD12E00C488079012804D1B5
:104260000A480088401E001B84B20849488921463C
:1042700000F0F8FD05498889294600F0F3FD034860
:10428000008903490880881C068070BDB82800207A
:10429000FEFF076038B5134C2468B4F90850854216
:1042A00000DD2846B4F90C50954200DA2A468242D5
:1042B00017DBB4F90A508D4200DD2946B4F90E50DF
:1042C0009D4200DA2B468B420BDB0093647C064B4D
:1042D00053F82440E3681D6913460A460146204608
:1042E000A84738BD7C0200209402002008210BF072
:1042F00025BD000002480068806B00687047000020
:104300007C02002002480068C06B00687047000013
:104310007C020020024809210068407C0BF00EBDA1
:104320007C02002009210BF009BD70B500252C4648
:104330002046FDF73DFE00B16D1C641C022CF7DB2E
:10434000284670BD02480068407C00F003B80000B9
:104350007C02002010B5FDF72BFE002805D0C168B7
:10436000CA6ABDE810400221104710BDF8B51546D5
:104370000E460124FDF71CFE009058B1C0680421D0
:10438000426A68469047030004D02A4631460098A6
:10439000984700242046F8BD03210BF0CFBC042130
:1043A0000BF0CCBC01210BF0C9BC02210BF0C6BC48
:1043B000AFF300802DE9F041002809D0876837B1BC
:1043C0000D4E716819B10468B4F5807F02DD0020DC
:1043D000BDE8F0813068844200DD0446002507E036
:1043E00057F82500FFF734FC716841F825006D1C73
:1043F000A542F5DB7068EBE70C0300200449054A91
:104400000968497C52F82110096949680847000089
:104410007C020020940200207047000010B500F0DC
:104420001F01074A074BC0F34514C0F3C4201B5DAE
:10443000105C515C00EB032000EB014010BD00005C
:104440005C7401087C74010810B50A4C606860B99E
:1044500020688000FDF792FB606040B104F1080124
:10446000054808600846FFF759FA002010BD0120F2
:1044700010BD00000C0300209D0101082DE9F04152
:10448000FFF753FF0746002528E02846FDF790FD7B
:1044900018B32846FEF7F6FB80462846FFF726FFAE
:1044A000082817DC0F48104950F825000069884299
:1044B00010D02846FFF736FF0646002408E0E0B299
:1044C000FFF79CFF0246E1B2284600F02DFB641C7A
:1044D000B442F4DB4046FEF7D5FB6D1CBD42D4DB95
:1044E000BDE8F081940200204C77010810B5024627
:1044F000012000E050430B1EA1F10104E1B2F9D10B
:1045000010BD000008B5034800880090BDF8000009
:1045100008BD0000000008602DE9F04105460E4688
:1045200000240027A0464F480088A84203DD4D48DC
:104530004088B04202DC0020BDE8F08131462846C8
:1045400000F066FA4748808849F2413188420BD032
:104550004448808846F60401884205D04148808856
:1045600045F21031884203D12E2000F065FC0DE0A9
:104570003C48808845F21051884204D14FF43850AD
:1045800000F05AFC02E0222000F056FC35488088FA
:1045900049F22031884202D102200DF0A1FC3248BC
:1045A000008800B1002402200DF09AFC2E480488F7
:1045B0002C48808849F2413188420BD029488088B4
:1045C00045F21031884205D02648808845F21051C6
:1045D00088420AD102200DF083FC2348B0F8008005
:1045E000E7B24FF6FF7000EA07271E48808849F2BD
:1045F0002531884216D01B48808844F235518842C4
:1046000010D018488088091F88420BD01548808830
:104610004BF20551884205D0124880884CF2055172
:10462000884201D1204687E70E48808849F241310F
:1046300088420BD00B48808845F21031884205D063
:104640000848808845F21051884207D1E012C00224
:10465000B91240EA411040EAE8206DE72046FFF732
:10466000B3FA69E7B82800200000086001B5BDF87A
:10467000000000F0E1FB05200CF020FFFFF742FFF7
:1046800008BD0000F0B5054600240027A948807940
:1046900001281ED1A748808846F60401884218D018
:1046A000082D15D2DFE805F00406080A0C0E1012DA
:1046B00006250DE007250BE0042509E0052507E0A8
:1046C000012505E0002503E0032501E0022500BFE8
:1046D00000BF9848808849F24131884211D09548FE
:1046E000808846F6040188420BD09248808845F2C3
:1046F0001031884205D08F48808845F21051884299
:104700007ED1082D1CD2DFE805F00406090C0F123B
:10471000151800BF14E044F0800411E044F0400498
:104720000EE044F0C0040BE044F0200408E044F044
:10473000600405E044F0A00402E044F0E00400BF9F
:1047400000BF7C48808845F21051884202D14FF466
:10475000585700E036277748808845F21031884264
:1047600007D07448808845F21051884201D044F047
:1047700008047048808846F60401884201D144F05C
:1047800002042146384600F06DFB04F0200018B901
:104790006848807901280DD16648008865494988B4
:1047A000884214DA634806884088624908800846CF
:1047B00046800CE05F4800885E494988884206DDF3
:1047C0005C48068840885B4908800846468059480E
:1047D000808845F21051884254D15649488900F0EA
:1047E0002BFB002000F01CFB52494989491C88B270
:1047F00000F022FB002000F013FB4E49498900E045
:104800006FE0891C88B200F017FB4A490988491EED
:10481000C1F30F2000F004FB46494989C91C88B246
:1048200000F00AFB43490978491EC8B200F0F8FAC3
:104830004049888900F000FB002000F0F1FA3D4972
:104840008989491C88B200F0F7FA002000F0E8FAE4
:1048500038498989891C88B200F0EEFA35494988BF
:10486000491EC1F30F2000F0DBFA32498989C91CC7
:1048700088B200F0E1FA2F498978491EC8B200F0E9
:10488000CFFA55E02B49488900F0D6FA002000F015
:10489000C7FA002000F0C4FA26490988491EC1F36E
:1048A0000F2000F0BDFA23490978491EC8B200F074
:1048B000B7FA2049888900F0BFFA002000F0B0FA6A
:1048C000002000F0ADFA1B494988491EC1F30F20B2
:1048D00000F0A6FA17498978491EC8B200F0A0FA7C
:1048E00026E0082D1CD2DFE805F004070A0D0F12A0
:1048F000151844F0300413E044F0100410E044F0C4
:1049000020040DE000BF0BE044F0380408E044F060
:10491000280405E044F0180402E044F0080400BF55
:1049200000BF032744F480542146384600F09AFA29
:10493000F0BD0000B828002010B50E4C0E492068CC
:10494000407C51F8200050B1C1680968042903D0A7
:1049500000680028F8D102E008B1FDF704FB2068E8
:104960000021016600F108014161BDE8104000F03E
:104970002FB800007C020020940200200149096841
:104980004968084708030020044909680A7C52075F
:1049900001D5C96B00E0896B086070477C0200207C
:1049A0007CB5094C05462068417C084850F8210038
:1049B000C1680A6B6946904720686A4629460830F4
:1049C000FEF725FF7CBD00007C0200209402002041
:1049D0000448016804484A7C083150F82200C26843
:1049E000126B10477C0200209402002001490968E4
:1049F0000968084708030020044909680A7C52072F
:104A000001D5896B00E0C96B086070477C0200200B
:104A100030B504460D464048808849F2413188420D
:104A200005D03D48808845F21031884214D13A497A
:104A3000488900F001FA201200F0F2F9E0B200F02B
:104A4000EFF93549888900F0F7F9281200F0E8F904
:104A5000E8B200F0E5F95DE02F48808846F60401F1
:104A600088421DD12C488079012804D12A48008829
:104A7000401E001B84B22849488900F0DDF920124D
:104A800000F0CEF9E0B200F0CBF92349888900F0BC
:104A9000D3F9281200F0C4F9E8B200F0C1F939E006
:104AA0001D48808845F21051884220D11A49488912
:104AB00000F0C2F9201200F0B3F917494989491CE6
:104AC00088B200F0B9F9E0B200F0AAF91249888979
:104AD00000F0B2F9281200F0A3F90F498989491CA6
:104AE00088B200F0A9F9E8B200F09AF912E00A4899
:104AF0008079012804D108480088401E001B84B238
:104B000005494889214600F0ADF9034988892946BD
:104B100000F0A8F930BD0000B8280020014909685C
:104B20008968084708030020F8B515460E46012499
:104B3000FDF73EFA009058B1C0681021426A6846FD
:104B40009047030004D02A46314600989847002435
:104B50002046F8BDF8B515460E460124FDF728FAA3
:104B6000009058B1C0680321426A6846904703002C
:104B700004D02A4631460098984700242046F8BDC4
:104B8000F8B515460E460124FDF712FA009058B10B
:104B9000C0680B21426A68469047030004D02A4649
:104BA00031460098984700242046F8BDF8B51546D0
:104BB0000E460124FDF7FCF9009058B1C0680A21A7
:104BC000426A68469047030004D02A46314600985E
:104BD000984700242046F8BD2DE9F84F074688463F
:104BE00016461C46C3462046E31704EB5373DB10FE
:104BF00021464FEAE47C04EB5C7C4FEAEC0CA4EB2E
:104C0000CC0CBCF1000F02D04FF0010C01E04FF0D2
:104C1000000C6344224604EBD27C4FEA6C0C03FB8D
:104C20000CF3DBB20093A6F12000C6B2002556E0DB
:104C30000C2C07D106EB46002B4901EB800010F845
:104C4000059013E0102C05D1284800EB061010F851
:104C500005900BE0182C07D106EBC600244901EBA8
:104C6000800010F8059001E0BDE8F88F4FF0000AD1
:104C70002FE009F0800030B11E48028841463846D6
:104C8000FFF77AFA07E00A9828B91B4802884146DC
:104C90003846FFF771FA4FEA49604FEA106908F1A8
:104CA00001001FFA80F815480088B84200DCDBE7F5
:104CB000A8EB0B00A04208D1D846781C87B20F4859
:104CC0000088B84200DCCFE706E00AF1010000F0FE
:104CD000FF0ABAF1080FCCDB00BF681CC5B2009810
:104CE0008542A5DB00BFBFE7EE2C01086231010859
:104CF000523701080000002002000020B8280020E0
:104D00002DE9FF4F81B0074691461E460E9D4FF09C
:104D1000000A002439E0301B401EC1B20A20FFF710
:104D2000E5FBB9FBF0F00A21B0FBF1F201FB120840
:104D3000BAF1000F16D1701EA04213DDB8F1000FBA
:104D40000ED10020AB4605EBDB71491001FB04716D
:104D5000009088B22B4620220299FFF73DFF12E017
:104D60004FF0010A0020AB4605EBDB71491001FB57
:104D70000471009088B208F13001CAB22B46029942
:104D8000FFF72AFF00BF601CC4B2B442C3DB05B00A
:104D9000BDE8F08F2DE9F84704460D469046994648
:104DA000DDE9096704F0FF0A08EB04001FFA80F848
:104DB00009EB05001FFA80F916E0444502DB544672
:104DC000A81985B24D4500DB14E0002000903A7828
:104DD000334629462046FFF7FFFE304606EBD071EA
:104DE00004EB61018CB27F1C38787E2802DC3878B5
:104DF0002028E2DA00BFBDE8F887000010B5074CB4
:104E00002068006BFEF724FFFFF7F6FD2068406B7B
:104E1000FEF71EFFBDE81040FFF7B6BD7C02002084
:104E200001B5BDF800000090BDF800000149088000
:104E300008BD00000000086001B5BDF8000000904A
:104E4000BDF800000149088008BD0000FEFF0760B2
:104E5000024800890249088070470000B8280020F5
:104E6000FEFF076003B5BDF80000024A1080901CE9
:104E700001800CBDFEFF076008B500231A46654996
:104E80006548FDF711F86548808845F21051884261
:104E900039D16248428801880020FFF771FE5F48DF
:104EA000428801880020FFF781FE5C48807998B92C
:104EB00040F2B31000234FF4F072194600901846E8
:104EC000FDF790FF40F21F300023421C194600906E
:104ED0000120FDF787FF9BE00620FEF789F840F2EE
:104EE000B31000234FF4F072194600901846FDF7F6
:104EF00079FF40F21F300023421C19460090012028
:104F0000FDF770FF84E04548808845F21031884203
:104F100005D04248808846F6040188423BD13F488C
:104F2000428801880020FFF72BFE3C484288018818
:104F30000020FFF73BFE39488079A0B9E22040F617
:104F40005B734FF4A072002100900846FDF74AFF02
:104F5000C42040F6ED634FF4F07200210090012070
:104F6000FDF740FF54E00620FEF742F8E22040F64D
:104F70005B734FF4A072002100900846FDF732FFEA
:104F8000C42040F6ED634FF4F07200210090012040
:104F9000FDF728FF3CE02148428801880020FFF708
:104FA000EFFD1E48428801880020FFF7FFFD1B48E7
:104FB0008079B8B90120FEF71BF840F63F700090E9
:104FC000164802889B2300210846FDF70BFF40F698
:104FD0005F70009011484288BC2300210120FDF73A
:104FE00001FF15E00720FEF703F840F63F709B2312
:104FF000F022002100900846FDF7F4FE40F65F70B5
:10500000BC234FF4A072002100900120FDF7EAFEBE
:1050100008BD000038460108DC440108B82800201B
:1050200010B503461446012901D1002010BD4FF0F0
:10503000FF3200BF00BF1046F8E700002DE9FF4F28
:105040008DB01746674ADDF870901E9E2098126852
:105050001D4600248AB11D9B1F98CDE90293CDE91E
:105060000460DDE91A03CDE9000314682B463A46D3
:105070000D98A04711B0BDE8F08F0D9A01EB05081F
:1050800002EB070CDDE91A231A43A8F10108ACF181
:10509000010C012A06D0C9F108004FF0000B029163
:1050A00005909CE0504A1268B2F90A40631A002B3E
:1050B00006DDED1A002DDDDD21461D9C03FB046697
:1050C000B2F90E30A8EB0303002B02DDED1A002D20
:1050D000D0DDB2F90C30ACEB0303002B00DDFF1A7E
:1050E0000D9B1C1AB2F90830A3420DDDA3EB040C92
:1050F0000CEB0003181A20F007000444A7EB0C0780
:1051000006EBE30603F00700002FB3DD1F9BDDF87D
:1051100074C0CDE9040303968DE82012527C334815
:105120003B4650F82200C26855680A462146A84707
:10513000A0E71B990298084409902B49401E039050
:105140000A68B2F90A30834243DCB2F90E100298C1
:1051500081423EDB4FF0000A0D980B96D04600903E
:1051600035E000BFBAF1000F05D10B984FF0080AE7
:1051700010F8014B0B900599AAEB090A34FA01F0DB
:1051800004FA09F4E4B204D117490968097C8907D3
:1051900017D415490968C96B0A680C921F9A0AB19D
:1051A00052F82000086000991A980A180846DDE9AC
:1051B0000213521EFFF76EF80B490C980968C96B71
:1051C000086000991A9808F1010808440090B84551
:1051D000C8DB099802901D980BF1010B0644AB4502
:1051E000A7DB47E7A40200207C02002094020020F5
:1051F000002818D0410817D0810817D0C10817D04F
:10520000010917D0410917D0010A17D0410A17D058
:10521000010B15D0C10B13D0010C11D0810C11D092
:10522000000E11D0202070470120704702207047E7
:1052300003207047042070470520704708207047FE
:1052400010207047122070471820704700B50022C8
:10525000FFF7CEFF012804D0811E062903D80822BB
:105260000BE0012209E0A0F10901072901D8102271
:1052700003E011380F2800D82022104600BD00009E
:105280001CB50121084601F0A3FA2220009001205C
:105290008DF8040000208DF8060003208DF805002D
:1052A00001208DF8070069460348FCF7FDF922212B
:1052B0000148FCF764FA1CBD0000024000BFFEE795
:1052C0007047000070B5002100230F22C4781CB382
:1052D000174C246804F4E064C4F5E064C4F30721C7
:1052E000C1F10404E3B20A4144789C40E1B28478FD
:1052F000144021430C07210E0E4C057861550478AB
:1053000004F01F050124AC4005786D11AD0005F1D6
:10531000E025C5F8004109E0047804F01F050124E8
:10532000AC40054D0678761145F8264070BD00006A
:105330000CED00E000E400E080E100E00249014300
:10534000024A1160704700000000FA050CED00E011
:1053500010B500F013F800F0EFFE00F017FF00F0BA
:1053600037FF00F0BFFE00F07FFE00F0CBFF00F043
:105370006FFF00F095FF00F002F810BD7047704716
:1053800006480078012808D105480078FF2804D293
:1053900003480078401C024908707047E60000206E
:1053A000D900002010B500241A480078012830D117
:1053B000FAF78AFF04461848007820B116480078AA
:1053C000401E1549087014480078F8B91348007851
:1053D000E0B900F0F9FF12481249097850F82100AD
:1053E000114908600F4800781049097888420DD0AB
:1053F0000D480068806B401C0B49096888630C48A5
:105400000068401C0A490860FAF77EFF2046FAF758
:105410005FFF10BDE6000020D9000020DA00002068
:1054200068730120DC000020F4000020DB00002075
:10543000C000002070B5054600260F48007808B16E
:10544000002070BDFAF740FF06460C48046800686B
:1054500020B10A4800684068084908603046FAF7F9
:1054600037FF3CB10120207000202081656020467C
:1054700000F0ECFD2046E4E7D9000020C400002045
:1054800010B500240B480078012811D1FAF71CFF51
:1054900004460948007840B908480078FF2804D23B
:1054A00006480078401C054908702046FAF710FFAE
:1054B00010BD0000E6000020D9000020DA00002026
:1054C00010B5002413480078012821D1FAF7FCFE1A
:1054D000044611480078C0B10F480078401E0E49BC
:1054E00008700846007860B90C48007828B9204652
:1054F000FAF7EEFE00F02EFF0AE02046FAF7E8FE8B
:1055000006E02046FAF7E4FE02E02046FAF7E0FE65
:1055100010BD0000E6000020DA000020D9000020C5
:1055200070B5054600260F48007808B1002070BD10
:10553000FAF7CAFE06460C480468006820B10A481B
:1055400000684068084908603046FAF7C1FE3CB17F
:1055500003202070258100206060204600F076FD49
:105560002046E4E7D9000020C40000202DE9F041E6
:1055700005460E46144600272878032803D001204C
:105580002070BDE8F0813148007810B10220207011
:10559000F7E72F48007810B10D202070F1E7FAF7F7
:1055A00093FE0746288940B12889401E2881384645
:1055B000FAF78EFE00202070E3E72648006890F896
:1055C000300040F001002349096881F830000020D4
:1055D0002049096881F831001E480068C6622846E3
:1055E00000F0F6FC3846FAF773FE00F0B3FEFAF767
:1055F0006BFE07461748006890F8310020B101287B
:1056000009D0022806D102E0002020700BE00E2015
:10561000207008E000BF29460E48006800F0C2FC78
:105620000A20207000BF00BF00200A49096881F8E5
:1056300030000849096881F8310006490968C861E5
:105640003846FAF745FE00BF9BE70000D90000206E
:10565000DA000020EC00002070B504460025207818
:10566000032801D0012070BDFAF72EFE0546A07A6E
:1056700060B1002301221946204600F051FC284663
:10568000FAF726FE00F066FE0020ECE720894FF6D0
:10569000FF71884207D22089401C20812846FAF7F2
:1056A00017FE0020DFE72846FAF712FE3320DAE77C
:1056B00010B50B48007890B900F086FE09480078D4
:1056C0000949087009480749097850F82100084934
:1056D00008600846006807490860FAF7FCFD10BD3D
:1056E000E6000020DC000020DB00002068730120C1
:1056F000F4000020EC00002010B50024022000F08F
:105700002BFBFAF7E1FD044600200B490860204618
:10571000FAF7DEFD642000F01FFBFAF7D5FD044622
:1057200005480068054908600120054908702046C1
:10573000FAF7CEFD10BD0000E8000020D0000020E8
:10574000D8000020704700002DE9FE4F06460F46A6
:1057500090461C464FF00009FAF7B6FD81461F48F7
:10576000007828B14846FAF7B3FD3C20BDE8FE8F2B
:105770001B4850F8240060BB0120194941F824005F
:105780004846FAF7A5FD002342463946304600F068
:10579000B5F982460020009001900346024651462A
:1057A0000290204600F026FE054635B90D480078E7
:1057B00001280CD100F0CEFD09E0FAF785FD814605
:1057C0000020074941F824004846FAF781FD2846A1
:1057D000CCE74846FAF77CFD2820C7E7D90000202F
:1057E00068730120E60000202DE9F04F85B0814666
:1057F0008A4693461C46DDE90F78129D00200390EF
:10580000FAF762FD03902348007830B10398FAF765
:105810005FFD3C2005B0BDE8F08F1F4850F8240024
:1058200088BB01201C4941F824000398FAF750FD79
:105830002A464146384600F0F9FE2B465A46514664
:10584000484600F05BF904901198CDE9008002957C
:105850003A4620460E9B049900F0CCFD064636B928
:105860000E48007801280CD100F074FD09E0FAF729
:105870002BFD03900020084941F824000398FAF713
:1058800027FD3046C6E7FFE70398FAF721FD2820F9
:10589000C0E70000D900002068730120E600002066
:1058A000704700002DE9F041054600274748007881
:1058B00010B14020BDE8F0813F2D01D13E20F9E735
:1058C000FAF702FD0746FF2D03D14148006890F822
:1058D0003250404850F8254024B93846FAF7F8FCD1
:1058E0004320E7E7012C04D13846FAF7F1FC3D20CC
:1058F000E0E714F8340F3849085C61788843217870
:10590000354A505414F834091146085C30B994F8FB
:10591000361032480078884330490870E06918B181
:105920002046E16900F03EFB666A16B1304600F0A1
:10593000C7FB0020E06284F8300084F8310028487A
:105940000078FF2804D226480078401C24490870BB
:105950003846FAF7BDFC00F0E2FAFAF7B5FC074664
:105960001F48007820B11E480078401E1C4908706E
:10597000204600F041F81B480078401E1949087085
:105980000020144941F82500A06930B90020616960
:10599000886115496069086005E0D4E9050148613E
:1059A000D4E9051088611148006860610F480460FF
:1059B0000FA0E0643846FAF78BFC0E480078012807
:1059C00001D100F0C7FC002074E70000D9000020DE
:1059D000EC00002068730120DE000020DD000020C4
:1059E000DA000020E7000020F8000020F00000208E
:1059F0003F000000E6000020704770472DE9F041AD
:105A000006460F4614464FF000081548007818B1B6
:105A100012202070BDE8F081FAF756FC8046FF2E78
:105A200003D11048006890F832600F4850F82650B3
:105A30002DB94046FAF74CFC43202070EAE7012DCF
:105A400005D14046FAF744FC43202070E2E7EF64BA
:105A50004046FAF73DFC0020207000BFDAE7000066
:105A6000D9000020EC0000206873012070477047C7
:105A70002DE9F04707460D464FF0000A0020286048
:105A80006860FAF721FC8246FF2F03D119480068AD
:105A900090F83270184850F827402CB95046FAF761
:105AA00017FC4320BDE8F087012C04D15046FAF7DB
:105AB0000FFC4320F6E7207C00F0010020B950469F
:105AC000FAF706FC4520EDE70026D4F80C90D4F850
:105AD00008805046FAF7FCFB00E0761C58F8041BDF
:105AE0000029FAD0B0002860A9EB060080006860A9
:105AF0000020D7E7EC0000206873012070B5044651
:105B000010460026051F28462E604FF48056051FBC
:105B100028462E601526051F28462E601426051FD0
:105B200028462E601326051F28462E601226051FC4
:105B300028462E601126051F28462E601026051FB8
:105B400028462E600926051F28462E600826051FB8
:105B500028462E600726051F28462E600626051FAC
:105B600028462E600526051F28462E600426051FA0
:105B700028462E600326051F28462E600226051F94
:105B800028462E600126051F28462E600026051F88
:105B900028462E604FF080750560051F28462C6052
:105BA000414E051F28462E604FF01236051F28462D
:105BB0002E604FF00336051F28462E604FF0023648
:105BC000051F28462E607610051F28462E60051FEB
:105BD000284629603126051F28462E603026051FDD
:105BE00028462E602926051F28462E602826051FD8
:105BF00028462E602726051F28462E602626051FCC
:105C000028462E602526051F28462E602426051FBF
:105C100028462E602326051F28462E602226051FB3
:105C200028462E602126051F28462E602026051FA7
:105C300028462E601926051F28462E601826051FA7
:105C400028462E601726051F28462E601626051F9B
:105C500028462E604FF01136051F28462E604FF063
:105C60001036051F28462E604FF00936051F2846BE
:105C70002E604FF00836051F28462E604FF007367D
:105C8000051F28462E604FF00636051F28462E6059
:105C90004FF00536051F28462E604FF00436051FCD
:105CA00028462E6070BD0000516500082DE9F041C6
:105CB00005464FF00008FAF707FB8046FF2D05D197
:105CC0002048006890F83250012608E01D4800681E
:105CD00090F83200A84201D1012600E000261A48BF
:105CE00050F825402CB94046FAF7F2FA4820BDE8B2
:105CF000F081012C04D14046FAF7EAFA4320F6E796
:105D000094F834701148C05D94F8351088430F49F9
:105D1000C8550846C05D30B994F836100C48007874
:105D200088430B49087094F8300040F0080084F86C
:105D300030004046FAF7CCFA012E01D100F00AFB00
:105D40000020D4E7EC00002068730120DE00002072
:105D5000DD0000207047000070B50546002617489A
:105D6000007800B170BD1648007800B1FAE71DB3A5
:105D7000FAF7AAFA06461348006890F83440124829
:105D8000005D1049096891F8351088430E4908559F
:105D90000846005D40B90B48006890F836100B4883
:105DA000007888430949087006480068C562304693
:105DB000FAF78EFA00F0CEFA00BFD3E7D900002040
:105DC000DA000020EC000020DE000020DD000020D2
:105DD0002DE9F04105460E4617461C46124800784C
:105DE00010B15520BDE8F0811048007808B132208C
:105DF000F8E74FF47A7060434FF47A71B0FBF1F139
:105E00004FF461606843C6EB061200EB8200384431
:105E100000EB4002C2EBC01001EBC0084046FFF7A8
:105E20009BFF0020DEE70000D9000020DA00002000
:105E300070B5002600F072F8FAF746FA06463148C7
:105E40000068401C2F4908603046FAF741FA2E4896
:105E50000078012853D12D48007820B1012804D0C2
:105E6000022809D103E001250BE0002509E0012506
:105E700001202649087004E001250020234908700C
:105E800000BF00BF05B970BD2148046833E0FAF7D0
:105E90001BFA0646E06A50B3E06A401EE062E06A20
:105EA00028BB94F8300000F0370040B114F8300FF0
:105EB00000F0C800207001206070303C02E000203B
:105EC00084F8310094F8300000F0080078B93434D8
:105ED000A0781049097808430E49087020780E49C7
:105EE000085C6178084314F834190B4A505464690B
:105EF0003046FAF7EDF994F832003F28C7D100BFD9
:105F0000C1E7000004010020E6000020FC000020A2
:105F1000F8000020DD000020DE0000207047704700
:105F20002DE9F04F05460F4690469946A87A194943
:105F30000E5C05F10B00805D11F800B00BEBC600A4
:105F400000F0FF0A144850F82A4000202034E06096
:105F50002760207C20EA0800207484F81190207CBF
:105F6000203C00F0080068B994F836000B49097825
:105F700008430A4908700A48805D94F835100843C0
:105F8000074988552946204600F00CF85046BDE8E0
:105F9000F08F00001045010868730120DD0000202B
:105FA000DE00002010B590F8342001F10B039B5C5B
:105FB00090F83540A34301F10B04A35423469B5CA6
:105FC00023B98B7A90F83640A3438B7210BD000042
:105FD00010B51B4A1268D061194A126892F8343021
:105FE00000F10B02D25C164B1B6893F835301A4354
:105FF000134B1B6893F8344000F10B031A55827A57
:106000000F4B1B6893F836301A4382720C4A1268A1
:1060100092F834100B4A525C094B1B6893F83530E8
:106020009A43084B5A541A46525C42B9044A1268C1
:1060300092F83630044A12789A43034B1A7010BD16
:10604000EC000020DE000020DD00002001460022E0
:106050008A72002005E0002301F10B021354421C58
:10606000D0B20828F7D370472DE9F04150211148EC
:1060700000F03EF900250DE0681C86B20D4800EBEB
:10608000051400EB06170020207067600AA0E0608E
:10609000681C85B2042DEFD3064800EB05140020E0
:1060A0002070606004A0E060024804490860BDE818
:1060B000F0810000186F01203F000000C8000020A0
:1060C00030B501464A6808682AB9CC68606028B1D2
:1060D0000025456002E0106000B142608B68002539
:1060E0005D6230BD70B5C821114800F001F9002390
:1060F0000FE0581C85B203EB83000D4901EB8004CF
:1061000005EB850001EB8006002020706660581CBE
:1061100083B2092BEDD303EB8300054901EB800427
:1061200000202070606008460249086070BD0000D1
:10613000506E0120C400002000200A4908600A496E
:1061400008700A4908700A4908700A4908700A4923
:1061500008600A4908600A4908600A4908600A4953
:106160000870704704010020D9000020DA000020E8
:10617000E7000020E6000020C0000020E80000202A
:10618000D4000020D0000020D800002000210A4ABE
:106190001170002004E00021084A1154411CC8B2CB
:1061A0000828F8D30021064A1170064A1170064AE1
:1061B0001160064A11607047DD000020DE000020FB
:1061C000DB000020DC000020F4000020EC000020B8
:1061D00070B54FF47C71194800F08AF84FF4807163
:1061E000174800F085F8002413E0601CC5B2C4EB2A
:1061F000C40000EB4000114901EB8003C5EBC50072
:1062000000EB400001EB80065E610EA0D864601CCC
:10621000C4B20B2CE9D3C4EBC40000EB4000074927
:1062200001EB80030020586106A0D86400200649D5
:10623000086002480549086070BD000068740120CC
:10624000687301203F000000F8000020F0000020EB
:1062500000B587B00320002180220A4BCDE901322E
:10626000CDE903104FF6FF703F23074A009007481F
:10627000FFF7BAFA06AA06A13F20FFF7BFFB07B057
:1062800000BD0000687101206473012029650008C9
:1062900075432F4F532D49492049646C6500000018
:1062A00000B587B00320002180220A4BCDE90132DE
:1062B000CDE903104FF6FE703E23074A00900748D1
:1062C000FFF792FA06AA06A13E20FFF797FB07B058
:1062D00000BD0000686F012064710120696500083D
:1062E00075432F4F532D49492053746174000000AA
:1062F00004E0002200F8012B4A1E91B20029F8D1D7
:10630000704700002DE9F04178211048FFF7F0FFB9
:1063100000240DE0601C86B204EB44000B4901EB45
:10632000C00506EB460001EBC0072F60601C84B27D
:10633000042CEFD304EB4400044901EBC00500201A
:106340002860084602490860BDE8F08158780120BD
:106350000001002010B50024F9F7B6FF04461348E9
:106360000078F8B912480078E0B900F02DF811482B
:106370001149097850F82100104908600E4800784A
:106380000F49097888420DD00C480068806B401C8A
:106390000A49096888630B480068401C094908607D
:1063A000F9F7ABFF2046F9F793FF10BDD9000020A5
:1063B000DA00002068730120DC000020F4000020D7
:1063C000DB000020C00000200649074A1278885CE4
:1063D0000649095C034A515C01EBC001044A117093
:1063E0007047000010450108DD000020DE0000209D
:1063F000DC0000202DE9F84F05460F4690469946EF
:10640000DDE90AAB00200090F9F75EFF00903F48FD
:106410000468002C74D0183454F8040C3B4908600C
:106420000098F9F755FF44F8187CA57600202076EF
:106430006076606144F814BC44F80CAC44F8108CED
:106440000C9824F8080C24F8069C0020E077E8104B
:10645000207705F00700E076217F01208840A077B3
:10646000E17E01208840607700206060E060A060ED
:106470002062A0626062E062206325A06063183C35
:10648000002606E0002104F1500040F82610701CA0
:10649000C6B2002EF6D02046FFF754F92046FFF78B
:1064A000FFF9F9F711FF00901A4840F825401A4803
:1064B000006860610020A0611748006810B11648AC
:1064C00000688461144804603434A0781349097862
:1064D00008431249087020781149085C6178084324
:1064E00014F834190E4A50540E480078401C0D49D7
:1064F00008700098F9F7ECFE0020BDE8F88FFFE780
:106500000098F9F7E5FE4220F7E70000F0000020D0
:106510003F00000068730120F8000020DD0000202B
:10652000DE000020E7000020002400BF00BFF9F7D4
:10653000CBFE044605480068401C0449086020461C
:10654000F9F7C6FEFFF759FAF1E70000E80000206E
:1065500010B504480068FFF789FAFF20FFF7A2F999
:1065600010BD0000EC000020002400BF02E0C820A5
:10657000FFF7F2FB194800780028F8D018480068A7
:106580006421B0FBF1F0164908600846006828B99C
:10659000002014490870FF20FFF788FB00BFF9F7BF
:1065A00093FE0446104800681049086000200E4918
:1065B00008602046F9F78CFE0C4800680849096815
:1065C000B0FBF1F0C0F1640006490870FFF74FFA24
:1065D00000F00EF86420FFF7BFFBE0E7D8000020D2
:1065E000D0000020CC000020E8000020D4000020D3
:1065F0007CB5002514E069462846FFF739FA0646BF
:1066000066B9094850F8254044B1012C06D0D4E9B8
:10661000020100EB810060640198A064681CC5B2AF
:106620003F2DE8D97CBD00006873012002F0010312
:1066300043B102F002032BB102E0491E002308C05F
:106640000029FAD1704700000EB500200290012108
:10665000062000F0BDF80220009000208DF8040014
:1066600001208DF8070069461B48FBF71DF84FF421
:106670000050009001208DF8040003208DF80500E3
:1066800000208DF8060069461448FBF70DF8FAF76C
:1066900061FA00201249086064200AF0E7FE012038
:1066A0001049C1F8B40264200AF0E0FE012000F0B5
:1066B00052F8012202A94FF4506000F01BF89DF837
:1066C000081009A0F9F766FE9DF80800802801D19E
:1066D00000200EBD0120FCE700040240000802403B
:1066E000B4024142000041424354502049443A25FB
:1066F000780D0A002DE9F04105460F461646FAF7D7
:10670000E5FAB220FAF7B0FAFAF72AFB2812FAF7FC
:10671000ABFAFAF725FBE8B2FAF7A6FAFAF720FB8C
:10672000FAF7D4FAB320FAF79FFAFAF719FB002424
:106730000BE0711EA14201D0012100E000210846BA
:10674000FAF75EFA3855601CC4B2B442F1DBFAF7CE
:10675000E3FABDE8F08138B50446002000900CB1A2
:1067600080200090012269464FF4506000F001F84B
:1067700038BD2DE9F04104460E4617464FF000089B
:10678000FAF7A4FAB220FAF76FFAFAF7E9FA201248
:10679000FAF76AFAFAF7E4FAE0B2FAF765FAFAF702
:1067A000DFFA00250BE0705DFAF75EFAFAF7D8FA27
:1067B0008046B8F1000F00D003E0681CC5B2BD42AE
:1067C000F1DB00BFFAF7A8FA4046BDE8F08100000F
:1067D00029B1064A12680243044B1A6004E0034AD6
:1067E00012688243014B1A60704700003038024043
:1067F00029B1064A12680243044B1A6004E0034AB6
:1068000012688243014B1A6070470000383802401A
:1068100029B1064A12680243044B1A6004E0034A95
:1068200012688243014B1A607047000044380240EE
:1068300029B1064A12680243044B1A6004E0034A75
:1068400012688243014B1A607047000024380240EE
:10685000F0B5002100220024022500260223324F39
:106860003F6807F00C0121B1042905D0082937D170
:1068700005E02E4F076036E02D4F076033E02A4FCA
:106880003F1F3F68C7F38056274F3F1F3F6807F001
:106890003F036EB1264FB7FBF3F7DFF88CC0ACF1C6
:1068A000040CDCF800C0CCF3881C07FB0CF40CE0F3
:1068B0001E4FB7FBF3F7DFF870C0ACF1040CDCF847
:1068C00000C0CCF3881C07FB0CF4174F3F1F3F6838
:1068D000C7F301477F1C7D00B4FBF5F7076002E0BA
:1068E000124F076000BF00BF0F4F3F6807F0F00175
:1068F0000909104F7A5C0768D74047600A4F3F6824
:1069000007F4E051890A0B4F7A5C4768D7408760EB
:10691000054F3F6807F46041490B064F7A5C4768B2
:10692000D740C760F0BD0000083802400024F400E2
:1069300000127A005E0000207CB50546002400208D
:106940000090019000F0E8F800F0007010B10E2403
:1069500020467CBD3D49098888B26946FAF7E6FCC5
:1069600004460CB12046F4E7012D36D1019800F41D
:10697000802000282ED03548008800043449086063
:1069800037204860402088600020C860A802086165
:10699000084600F0FFF83720FAF726FA04460CB153
:1069A0002046D6E702202A49086006204860402099
:1069B00088600020C8604FF480600861084600F0DD
:1069C000E9F80620FAF710FA04460CB12046C0E7B1
:1069D0002046BEE725242046BBE7019800F480301E
:1069E00078B31A48008800041949086037204860C5
:1069F000402088600020C8604FF48060086108462D
:106A000000F0C8F83720FAF7EFF904460CB1204639
:106A10009FE700200E4908600620486040208860FB
:106A20000020C8604FF480600861084600F0B2F8AA
:106A30000620FAF7D9F904460CB1204689E720462A
:106A400087E7FFE72524204683E700005000002069
:106A5000E02800200149086070470000382C014000
:106A60000149086070470000382C01400149086066
:106A700070470000A08025420146034A106820F0BC
:106A8000FF00084310607047042C01400149086072
:106A9000704700008C85254200210B4B02681A606C
:106AA0001B1D42681A601A1D116821F0F701D0E918
:106AB00002231A4303691A4343691A431143024AE2
:106AC0000832116070470000242C014010B50121EC
:106AD000C802FFF7ADFE00214FF40060FFF7A8FEEB
:106AE00010BD000001480068C0B27047102C014082
:106AF00001460020034A12680A400AB1012000E062
:106B000000207047342C01400248006800F0030068
:106B100070470000002C014008B50146002000909D
:106B20000248084400900098006808BD142C0140F9
:106B300010B500F049FC10BD29B1064A12680243A5
:106B4000044B1A6004E0034A12688243014B1A6046
:106B5000704700003C2C014000210A4A116847F6AA
:106B6000FF629143027D83681A4343681A43C368F6
:106B70001A4303681A4303691A431143014A116017
:106B800070470000042C0140014800687047000075
:106B9000802C01400021094B02681A601A1D1168FF
:106BA0006FF30A01D0E901231A43C3681A4303694A
:106BB0001A431143014A121D11607047082C01400D
:106BC0000149086070470000002C014070B590B08A
:106BD00004460E46154600BF1A48FAF794FA0028F4
:106BE000FAD11848FAF7D8F94FF00060019016482A
:106BF0000290039404950020059006904FF4806065
:106C00000790800008908000099000200A904FF4BF
:106C100040300B9004200C9003200D904FF40000A6
:106C20000E9080100F9001A90648FAF777FA2021FC
:106C30000448FAF75DFA01210248FAF7A1F910B009
:106C400070BD000058640240802C014070B50446BD
:106C5000002520480078032802D12725284670BD4A
:106C60001C48007838B11B480078012803D0194827
:106C7000007802282CD1B4F5805F02D12725284660
:106C8000EDE7B4F5006F13D10120FFF755FE05467F
:106C9000F5B90020104908750860486088604FF415
:106CA0000060C860002008610846FFF755FF0FE04C
:106CB0000020FFF741FE054655B90020064908753A
:106CC000086048608860C86008610846FFF744FFB4
:106CD0002846C4E74C000020C8280020F0B5014633
:106CE00000200022BE4B1B7881F85630BD4B1B881C
:106CF000A1F85430BC4B1B681A0E93090B70C2F3F9
:106D000083034B7002F003038B70B74B1B68C3F314
:106D10000742CA70B44B1B88C3F307220A71B24BF7
:106D20001A784A715B681A0E1301CB80AE4B5B6810
:106D3000C3F30742CB8843EA1213CB8002F00F0360
:106D40000B72A94B9B88C3F30722D3094B72C2F382
:106D500080138B72C2F34013CB72C2F300130B7318
:106D600000234B739E4B1B783BB19D4B1B78012B33
:106D700003D09B4B1B78032B4FD193071B0D0B614B
:106D8000994B1A790B6943EA82030B61964B9B6816
:106D90001A0E0B6943EA92130B61C2F3C2030B751F
:106DA00002F007034B75904B9B68C3F307425309EE
:106DB0008B75C2F38203CB7593075B0F0B768A4BFF
:106DC0001B89C3F307220B7E43EAD2130B760B69B0
:106DD0005B1C0024C1E912340B7ED1E912569B1CC6
:106DE000012404FA03F3DC17A5FB037C06FB03C3B1
:106DF00005FB0433C1E912730C7A0123A3400B6530
:106E00000024D1E912650B6DA6FB037C05FB03C3CF
:106E100006FB0433C1E912732EE0714B1B78022B81
:106E20002AD1714B1A7993069B0A0B616E4B9B68B2
:106E30001A0E0B6943EA02230B616B4B9B68C3F389
:106E400007420B6913430B61674B1B89C3F307228E
:106E50000B695B1C4FF40074A3FB04464FF4806382
:106E60000025A4FB037C06FB03C304FB0533C1E937
:106E700012734FF400730B65C2F3801301F8193FCE
:106E800093065B0E4B70584B1A7A4B7843EAD21339
:106E90004B7002F07F038B70534BDB681A0ED309E3
:106EA000CB70C2F341130B71C2F382034B71930792
:106EB0001B0F8B714C4BDB68C3F307428B7943EAA2
:106EC00092138B71C2F34013CB7100230B7202F04B
:106ED00001034B72444B9B89C3F30722D3098B7286
:106EE000C2F38013CB72C2F340130B73C2F30013CF
:106EF0004B73C2F381038B7302F00303CB733A4BE2
:106F00001A7B53080B7401234B74384B1B681A0E01
:106F1000CA741939354B1B68C3F307421402CC8578
:106F2000324B1B88C3F30722CB8D1343CB852F4BEA
:106F30001A7814060C635B681A0E0B6B43EA024462
:106F40000C632A4B5B68C3F307420B6B43EA0224D2
:106F50000C63264B9B88C3F307220B6B13430B6315
:106F6000224B1A7934235A54204B9B681A0E35232E
:106F70005A541E4B9B68C3F3074214068C631B4B89
:106F80001B89C3F307228B6B43EA02448C63174BC4
:106F90001A7A8B6B43EA02248C63144BDB681A0E5B
:106FA0008B6B13438B63114BDB68C3F307423C23AA
:106FB0005B5C43EA12143C235C5413071C0DCC8722
:106FC0000A4B9B89C3F30722CB8F1343CB87074B15
:106FD0001A7B540840235C54012441235C54F0BDC7
:106FE0004C000020500000200C2900201C2900200B
:106FF0003EB5002401213E48FFF7EAFB0121C8020B
:10700000FFF706FC0121C802FFF712FC4FF47C5089
:10701000019002208DF808008DF8090001208DF8FC
:107020000B0001A93348FAF73FFB0420019001A9A6
:107030003148FAF739FB0C2208212E48FAF77CFB7D
:107040000C2209212B48FAF777FB0C220A21294848
:10705000FAF772FB0C220B212648FAF76DFB0C2283
:1070600011462448FAF768FB0C2202212248FAF75D
:1070700063FB00214FF40060FFF7DAFB00F00AFD2C
:10708000FFF724FD31208DF8000000208DF801006D
:107090008DF8020001208DF803006846FEF712F912
:1070A00000F0CEF8044614B900F02CF804461CB9E0
:1070B0001248FFF713FE044634B91049B1F85410D2
:1070C000080400F003FD044624B94FF40060FFF704
:1070D000BDFD04461CB10A480078032806D10020F3
:1070E000FFF7CAFC002000F00BFD044620463EBD21
:1070F0000C00400000080240000C02403029002033
:107100004C00002038B5002401200090FFF7FCFC63
:1071100010B92524204638BD44480078042828D0DA
:1071200000204349086002204860C0208860002099
:10713000C8604FF4806008610846FFF72BFDF9F73F
:1071400069FE04460CB12046E5E70020FFF7E4FCA9
:10715000384908600420FFF7DFFC36494860082002
:10716000FFF7DAFC334988600C20FFF7D5FC314982
:10717000C8602E48007858B12C480078012807D004
:107180002A480078062803D028480078022816D11B
:1071900000202749086003204860402088600020C4
:1071A000C8604FF4806008610846FFF7F3FC694649
:1071B0000320F9F771FE04460CB12046ABE71B48EB
:1071C000007804282ED0BDF800001B490860BDF8E7
:1071D000000000041649086009204860C02088604B
:1071E0000020C8604FF4806008610846FFF7D2FCB9
:1071F000F9F710FE04460CB120468CE70020FFF79B
:107200008BFC0E4908600420FFF786FC0B494860A0
:107210000820FFF781FC094988600C20FFF77CFCFF
:107220000649C8600024204675E700004C00002095
:10723000E02800201C290020500000200C290020FC
:107240002DE9F0410024002600250027A0467620E5
:10725000594908750020086048608860C860086166
:107260000846FFF779FC0320FFF7AAFC0120FFF78F
:10727000FDFB00205149086048608860C8604FF4F9
:10728000806008610846FFF785FCF9F797FD044622
:1072900014B12046BDE8F0814FF4D570474908602D
:1072A00008204860402088600020C8604FF480605B
:1072B00008610846FFF76EFCF9F73CFE04462CB95E
:1072C00001203F4908704FF0804812E000203B4900
:1072D000086037204860402088600020C8604FF474
:1072E000806008610846FFF755FC3720F9F77CFD00
:1072F00004460020314908603720486040208860FB
:107300000020C8604FF4806008610846FFF742FC27
:107310003720F9F769FD0446002C4AD136E00020F9
:107320002649086037204860402088600020C860F7
:107330004FF4806008610846FFF72CFC3720F9F70E
:1073400053FD04460CB12046A4E71E4848EA00005D
:107350001A49086029204860402088600020C860E1
:107360004FF4806008610846FFF714FCF9F778FDD8
:1073700004460CB120468DE70020FFF7CDFB064602
:10738000012080EAD67080F001076D1C1FB94FF60E
:10739000FF708542C3D34FF6FF70854202D31B2492
:1073A000204677E706F08040061E02D002200449FE
:1073B000087020466EE70000C8280020E028002062
:1073C0004C0000200000108010B511480078012802
:1073D0000CD100200F49086040F24C40091D0860A4
:1073E0000C20F9F701FD0C49087002E000200A4961
:1073F00008704FF48070FFF733FB00214FF480706A
:10740000FFF79AFB0120054908700348007810BD7A
:1074100055000020082C0140560000205700002095
:107420002DE9F84F8146174698460A9C4FF0000A0E
:10743000D3464D464FF0FF36B9F1000F02D126205A
:10744000BDE8F88F0020954908609548007802282B
:1074500005D10402780A40EAC8574FEA682800209C
:10746000904988604860401E086001204861002003
:10747000C86008610846FFF70FFB884818380068A5
:1074800000F0007008B10E20DAE7002C21DDB4F521
:10749000006F1EDC601E2040D8B9204609F0B2FF04
:1074A00000908148046010207F4948604020886037
:1074B0000020C8604FF4806008610846FFF76AFB4F
:1074C0001020F9F791FC8246BAF1000F03D0504624
:1074D000B6E72620B4E700980001724988600846A4
:1074E00044604FF0FF300860012048610220C8600E
:1074F000002008610846FFF7CFFA6B4807601120AB
:1075000069494860402088600020C8604FF480606E
:1075100008610846FFF73EFB1120F9F765FC82463B
:10752000BAF1000F01D050468AE760480078002881
:107530007AD1F8F7A2FE19E058480830006800F444
:10754000004078B14FF0000B06E05448543000681A
:1075500045F82B000BF1010BBBF1080FF5D32035DB
:10756000534E03E00EB904206AE7761E4B480830FC
:10757000006840F22A6108400028DDD04748083002
:10758000006800F0080048B144480C30006840F042
:10759000080042490C310860042051E73F48083098
:1075A000006800F0020048B13C480C30006840F030
:1075B00002003A490C310860022041E737480830A0
:1075C000006800F0200048B134480C30006840F0FA
:1075D000200032490C310860062031E72F4808307E
:1075E000006800F4007048B12C480C30006840F48A
:1075F00000702A490C310860072021E704E0274881
:107600005430006828602D1D24480830006800F4BC
:1076100000100028F3D1F8F732FE40F2FF501F4966
:107620000C31086037E0FFE720480078012832D1AC
:107630000020204908702049087020490870174828
:107640001030006840F22A310843144910310860B4
:107650001248006840F008001049086000222146E6
:107660004846FFF7B3FA00E0761E1548006800F0C0
:10767000006038B91148007820B90E48007808B980
:10768000002EF1D10EB90420DAE60A48007810B1D4
:10769000084890F800A05046D2E600002C2C01408B
:1076A0004C000020F4280020E02800205400002096
:1076B000FFFF070056000020550000205700002063
:1076C000006402402DE9FE4F83460E46914600209D
:1076D0000290002534462148007818B1680240EA3B
:1076E000D45564020BF00300F0B14FF0000A18E02B
:1076F0004FF4007000904FEA4A20071945EBE07301
:107700003A461748FFF78CFE02904FF40072144976
:107710005846F8F7D7FE0BF5007B0AF1010000F0A0
:10772000FF0ACA45E4DB16E0B9F1010F09D14FF4B5
:10773000007022462B4600905846FFF771FE0290DB
:1077400009E04FF4007022462B46CDE90009584667
:1077500000F008F802900298BDE8FE8F4C0000206F
:10776000882900202DE9FF5F17469846DDE90E467F
:107770004FF00009CA464FF0FF35BB49009808603A
:107780000020BA490860BA480078022805D10402EE
:10779000780A40EAC8574FEA68280020B54988604F
:1077A0004860401E0860012048610020C8600861F0
:1077B0000846FFF771F9AD481838006800F000700E
:1077C00018B10E2004B0BDE8F09F002C21DDB4F507
:1077D000006F1EDC601E2040D8B9204609F012FE62
:1077E0008346A54804601020A34948604020886073
:1077F0000020C8604FF4806008610846FFF7CAF9AE
:107800001020F9F7F1FA8146B9F1000F03D048468C
:10781000D8E72620D6E7012E70D906FB04F0B0F198
:10782000007F01D32620CDE74FEA0B1091498860F5
:1078300006FB04F048604FF0FF300860012048610B
:107840000220C860002008610846FFF725F98A4831
:107850000760122088494860402088600020C86086
:107860004FF4806008610846FFF794F91220F9F799
:10787000BBFA8146B9F1000F01D04846A2E77F4824
:10788000007800287ED1F8F7F8FC1FE07748083030
:10789000006800F40040A8B14FF0000A08E0734807
:1078A000543000687049096841F82A000AF1010A59
:1078B000BAF1080FF3D36C48006820306A490860B9
:1078C0006F4D03E00DB904207CE76D1E674808305A
:1078D000006840F22A3108400028D7D063480830B9
:1078E000006800F0080050B160480C30006840F0BB
:1078F00008005E490C310860042063E7B1E05B4892
:107900000830006800F0020048B158480C300068A8
:1079100040F0020055490C310860022052E75348FC
:107920000830006800F0200048B150480C30006872
:1079300040F020004D490C310860062042E74B48DA
:107940000830006800F4007048B148480C30006806
:1079500040F4007045490C310860072032E70AE026
:107960004248543000684049096808603E48006851
:10797000001D3D4908603D480830006800F40010D3
:10798000002800E031E0EBD138480830006800F40E
:10799000807010B33648007838B135480078012837
:1079A00003D033480078022817D1002032490860FC
:1079B0000C204860402088600020C8604FF4806040
:1079C00008610846FFF7E6F80C20F9F70DFA814642
:1079D000B9F1000F01D04846F4E6F8F750FC40F248
:1079E000FF5022490C3108603BE024480078012810
:1079F00037D1002023490870012023490870002056
:107A00002249087019481030006840F22A310843B2
:107A10001649103108601548006840F00800134905
:107A2000086006FB04F100220098FFF7CFF800E0A1
:107A30006D1E1748006800F0006008B9002DF7D1EE
:107A40000DB90420BEE600BF1048007818B90D48F3
:107A500000780028F8D00B48007810B1094890F859
:107A600000904846AEE60000580000202C2C014053
:107A70004C000020F4280020E028002054000020C2
:107A8000FFFF07005600002055000020570000208F
:107A90000064024000200B490860091D0860091DB0
:107AA0000860091D0860074924310860091D086045
:107AB000091D086004480349383108600020091D89
:107AC00008607047002C0140FF07C00070B50446F5
:107AD00000250A4804600720084948604020886063
:107AE0000020C8604FF4806008610846FFF752F834
:107AF0000720F9F779F90546284670BDE0280020EF
:107B000001460020012900D011B9024B197000E094
:107B100026207047540000202DE9FF5F86B01746ED
:107B20009846149D0026002005900490002481466C
:107B30000390824602900195DDF818B0DDF818B088
:107B4000BBF1000F03D126200AB0BDE8F09F002052
:107B5000C5490860C54988604860401E086001202A
:107B600048610020C86008610846FEF795FFBE48DE
:107B70001838006800F0007008B10E20E4E7BC4837
:107B80000078022805D10502780A40EAC8574FEA72
:107B90006828002D1FDDB5F5006F1CDC681E28402D
:107BA000C8B9284609F02EFC0590B248056010209F
:107BB000B0494860402088600020C8604FF4806071
:107BC00008610846FEF7E6FF1020F9F70DF90646B2
:107BD0001EB13046B8E72620B6E7A7480088000463
:107BE000A44908600D204860402088600020C860DB
:107BF0004FF4806008610846FEF7CCFF0D20F9F7CE
:107C0000F3F806460EB130469EE7974818380068EC
:107C100003904FF0FF341CE0641E97480088000476
:107C2000944908600D204860402088600020C860AA
:107C30004FF4806008610846FEF7ACFF0D20F9F7AD
:107C4000D3F806460EB130467EE7874818380068FC
:107C50000390039800F4807008B9002CDCD10CB9B3
:107C6000292071E783480760182082494860402036
:107C700088600020C8604FF4806008610846FEF705
:107C800089FF1820F9F7B0F806460EB130465BE7D9
:107C900000207A49087005980001744988600846F8
:107CA00045604FF0FF300860012048610020C86047
:107CB00008610846FEF7F0FE4FF0FF347048007888
:107CC00000287ED1F8F7D9FA45E067480830006807
:107CD00000F48040D0B30198A0EB0900202822D204
:107CE0000198A0EB090000F0030020B90198A0EB77
:107CF0000900800804E00198A0EB09008008401CFE
:107D000002904FF0000A0AE057495431DBF80000B6
:107D100008600AF1010A0BF1040B09F10409029849
:107D20008245F1D310E04FF0000A06E05BF82A002C
:107D30004D49543108600AF1010ABAF1080FF5D330
:107D40000BF1200B09F120094E4C04E0FFE70CB9C0
:107D50000420F9E6641E44480830006840F21A61C5
:107D600008400028B1D00820FEF7C2FE20B108204C
:107D7000FEF770FE0420E7E60220FEF7B9FE20B110
:107D80000220FEF767FE0220DEE61020FEF7B0FEBE
:107D900020B11020FEF75EFE0520D5E64FF40070FE
:107DA000FEF7A6FE30B14FF40070FEF753FE072039
:107DB000CAE606E0F8F763FA40F2FF50FEF74AFE23
:107DC0003AE02F480078012836D100202E4908706B
:107DD0002A4908702D490870012140F21A30FEF737
:107DE000ABFE402229460698FEF7F0FE0120FEF782
:107DF0004DFE00E0641E2648006800F0006008B9EF
:107E0000002CF7D11CB9FFF7F3F804209CE64FF0E3
:107E1000FF3400E0641E1D48007820B91A4800783D
:107E200008B9002CF6D10CB904208DE6164800786C
:107E300010B11548007887E640F2FF50FEF70AFEC1
:107E400004A8FBF7F3FD064603E004A8FBF7EEFDEC
:107E500006463EB99DF810000728F6D09DF81000A0
:107E60000628F2D030466FE62C2C0140F428002082
:107E70004C000020E0280020500000205500002089
:107E800054000020FFFF070056000020570000208C
:107E9000006402402DE9FE4F0646894692460020C6
:107EA000029000254C462148007818B1680240EA4B
:107EB000D455640206F00300F0B14FF0000B18E057
:107EC0004FF4007231461A48F8F7FCFA4FF400708C
:107ED00000904FEA4B20071945EBE0733A461448EF
:107EE000FFF71AFE029006F500760BF1010000F094
:107EF000FF0BD345E4DB16E0BAF1010F09D14FF4D3
:107F0000007022462B4600903046FFF705FE029097
:107F100009E04FF4007022462B46CDE9000A3046B6
:107F200000F008F802900298BDE8FE8F4C00002097
:107F3000882900202DE9FF5F84B0DDE91247002683
:107F4000002003900290002580468146019007FBA7
:107F500004FBDDF810A0DDF810A0BAF1000F03D18A
:107F6000262008B0BDE8F09F0020D8490860D84915
:107F700088604860401E0860012048610020C86099
:107F800008610846FEF788FDD0481838006800F000
:107F9000007008B10E20E4E7CE480078022808D12E
:107FA0000402DDE90601400A40EAC1504912CDE968
:107FB0000601002C1FDDB4F5006F1CDC601E2040A4
:107FC000C8B9204609F01EFA0390C3480460102087
:107FD000C1494860402088600020C8604FF480603C
:107FE00008610846FEF7D6FD1020F8F7FDFE0646AC
:107FF0001EB13046B5E72620B3E7012F6FD907FB46
:1080000004F0B0F1007F01D32620AAE7B148007840
:1080100038B1B0480078012803D0AE480078022873
:108020002DD1AE4800880004AB4908603720486075
:10803000402088600020C8604FF4806008610846D6
:10804000FEF7A8FD3720F8F7CFFE06460EB1304602
:1080500087E7A148076017209F4948604020886053
:108060000020C8604FF4806008610846FEF792FD6A
:108070001720F8F7B9FE06460EB1304671E796496B
:108080000698086019204860402088600020C86079
:108090004FF4806008610846FEF77CFD1920F8F770
:1080A000A3FE06460EB130465BE7039800018849FF
:1080B000886007FB04F048604FF0FF300860012043
:1080C00048610020C86008610846FEF7E5FC844866
:1080D0000078002874D1451EF8F7CFF842E0DDE0C3
:1080E0007A480830006800F48040B0B3ABEB080079
:1080F00020281FD2ABEB080000F0030018B9ABEB4F
:108100000800800803E0ABEB08008008401C0190E9
:108110004FF000090AE06D495431DAF800000860B8
:1081200009F101090AF1040A08F1040801988145DE
:10813000F1D310E04FF0000906E05AF82900634936
:108140005431086009F10109B9F1080FF5D30AF1BA
:10815000200A08F12008634D04E0FFE70DB9042070
:10816000FFE66D1E59480830006840F21A31084099
:108170000028B5D00820FEF7BBFC20B10820FEF790
:1081800069FC0420EDE60220FEF7B2FC20B10220DB
:10819000FEF760FC0220E4E61020FEF7A9FC20B107
:1081A0001020FEF757FC0520DBE64FF40070FEF7C9
:1081B0009FFC30B14FF40070FEF74CFC0720D0E676
:1081C0002CE04FF48070FEF793FC00B34148007838
:1081D00038B140480078012803D03E480078022892
:1081E00015D100203C4908600C2048604020886080
:1081F0000020C8604FF4806008610846FEF7CAFCA2
:108200000C20F8F7F1FD06460EB13046A9E6F8F766
:1082100036F840F2FF50FEF71DFC3FE03048007892
:1082200001283BD100203049087001202F490870F7
:1082300000202F490870012140F21A30FEF77CFC23
:1082400007FB04F140220498FEF7C0FC0120FEF772
:108250001DFC4FF0FF3500E06D1E2648006800F061
:10826000006008B9002DF7D11DB9FEF7C1FE04204A
:1082700077E64FF0FF3500E06D1E1D48007820B90D
:108280001948007808B9002DF6D10DB9042068E628
:108290001548007810B11448007862E640F2FF50AB
:1082A000FEF7D8FB02A8FBF7C1FB064603E002A8D5
:1082B000FBF7BCFB06463EB99DF808000728F6D040
:1082C0009DF808000628F2D030464AE62C2C0140E2
:1082D000F42800204C000020E0280020500000205E
:1082E00054000020FFFF070056000020550000202A
:1082F000570000200064024000B587B00121084605
:10830000FEF766FA01210803FEF782FA382005908D
:1083100002208DF8180000208DF81A0003208DF837
:10832000190001208DF81B0005A92248F9F7BCF9B6
:10833000052203211F48F9F7FFF9052204211D48F2
:10834000F9F7FAF9052211461A48F9F7F5F901216A
:108350000803FEF76DFA00214FF48050FEF768FA2B
:108360000020ADF800004FF48270ADF8020000204C
:10837000ADF804000220ADF806000120ADF80800B9
:108380004002ADF80A003820ADF80C000020ADF82E
:108390000E000720ADF810006946074800F058F8B5
:1083A0000121054800F03AF8FF2000F007F807B077
:1083B00000BD0000000402400030014010B504463A
:1083C00000BF02210A4800F035F80028F9D0214604
:1083D000074800F03BF800BF0121054800F02AF8EB
:1083E0000028F9D0024800F02EF8C0B210BD0000FD
:1083F0000030014010B50446074800884FF6C771A9
:10840000084005490880084600882043088001216B
:10841000014800F003F810BD0030014021B102888E
:1084200042F04002028004E002884FF6BF731A4017
:10843000028070470246002013890B400BB10120D7
:1084400000E00020704701468889704781817047AD
:1084500010B50022028802F441520B884C88234355
:108460008C882343CC8823430C8923434C892343A2
:108470008C892343CC8923431A430280838B4FF298
:10848000FF74234083830B8A038210BD7047000072
:108490000CB50020019000903448006840F4803012
:1084A0003249086000BF3148006800F40030009095
:1084B0000198401C0190009818B90198B0F5A04FA0
:1084C000F1D12A48006800F4003010B1012000907A
:1084D00001E0002000900098012846D12348403058
:1084E000006840F080502149403108602048006811
:1084F00040F440401E4908601C48083000681B4991
:10850000083108600846006840F4004008600846EA
:10851000006840F4A05008601648091F0860081F52
:10852000006840F08070091F086000BF0F480068B5
:1085300000F000700028F9D040F205700E49086084
:108540000A480830006820F0030008490831086034
:108550000846006840F00200086000BF0348083089
:10856000006800F00C000828F8D10CBD003802406B
:108570000070004008544007003C0240042808D125
:108580004FF0E021096941F004014FF0E022116150
:1085900007E04FF0E021096921F004014FF0E022EB
:1085A0001161704710B5FCF7EBFEFDF741FCFCF7DD
:1085B000F9FE10BD10B51548006840F4700013496D
:1085C00008601348006840F001001149086000206D
:1085D0000F49083108600E4800680E4908400C49F0
:1085E00008600D48091D0860081F006820F48020FD
:1085F000091F0860002006490C310860FFF748FF9A
:108600004FF0006001498039086010BD88ED00E03E
:1086100000380240FFFFF6FE1030002400B5A1B084
:108620000020209001217A20FEF7D2F8012108468F
:10863000FEF7DEF802201E9001208DF87C0000205D
:108640008DF87E0002208DF87D0001208DF87F00DE
:108650001EA9FE48F9F728F84EF2B3701E900220CA
:108660008DF87C0000208DF87E0003208DF87D00C1
:1086700001208DF87F001EA9F548F9F715F84FF68F
:1086800080701E9002208DF87C0000208DF87E0006
:1086900003208DF87D0001208DF87F001EA9ED4894
:1086A000F9F702F80C220021E948F9F745F80C2205
:1086B0000121E748F9F740F80C220421E448F9F7D2
:1086C0003BF80C220521E248F9F736F80C22072185
:1086D000DF48F9F731F80C220821DD48F9F72CF8CA
:1086E0000C220921DA48F9F727F80C220A21D84888
:1086F000F9F722F80C220D21D548F9F71DF80C22C4
:108700000E21D348F9F718F80C220F21D048F9F7B9
:1087100013F80C220721CF48F9F70EF80C22082194
:10872000CC48F9F709F80C220921CA48F9F704F8EE
:108730000C220A21C748F8F7FFFF0C220B21C5487D
:10874000F8F7FAFF0C221146C248F8F7F5FF0C22A1
:108750000D21C048F8F7F0FF0C220E21BD48F8F7B4
:10876000EBFF0C220F21BB48F8F7E6FF0F20089023
:108770000020099018200A9000200B900C900D907A
:108780000E90082001900020029008200390002005
:1087900004900590069007900F9010901190102073
:1087A00012900020139014901590169017904FF48B
:1087B00080501890002019904FF480401A900020AB
:1087C0001B9008A81C9001A81D900FA8F8F73AFD6F
:1087D00001210020F8F71CFD322008F047FE01219E
:1087E0000020FCF73FFB322008F040FE0020FBF7A2
:1087F0003DFF9949888008468088FF280ADB0846A3
:1088000080884FF6FF71884204D093488088B0F585
:10881000134F7CD1D320FCF70FFBFBF773FE8E497F
:108820008880FBF76FFE8C498880FBF76BFE8A49D6
:108830008880084680884FF6FF7101EA002086494B
:108840008880FBF75FFE84498988084382498880D5
:108850000846808849F24131884278D0BF20FCF731
:10886000EBFAFBF74FFE7C498880FBF74BFE7A4919
:108870008880FBF747FE78498880FBF743FE7649FE
:108880008880084680884FF6FF7101EA002072490F
:108890008880FBF737FE7049898808436E498880D5
:1088A0000846808846F60401884250D0D420FCF760
:1088B000C3FAFBF727FE68498880FBF723FE664969
:1088C0008880FBF71FFE64498880084680884FF641
:1088D000FF7101EA002060498880FBF713FE5E49C2
:1088E000898808435C4988800846808845F21031B1
:1088F00088422CD04FF45A40FCF79EFAFBF702FE58
:10890000554988804FF45B40FCF796FA00E01EE082
:10891000FBF7F8FD50498880084680884FF6FF71C4
:1089200001EA00204C4988804FF45C40FCF784FA4F
:10893000FBF7E8FD4849898808434749888008468D
:108940008088B0F5004F02D145F21050888042482F
:10895000808849F2413188420BD03F48808845F2F7
:108960001031884205D03C48808845F21051884239
:1089700008D1032001900220039001210620F8F77E
:1089800047FC13E03448808846F60401884205D04D
:10899000314880884CF20551884207D10A20019065
:1089A0000C20039001210620F8F732FC2A48818828
:1089B0002AA0F7F7EFFC2848808849F24131884225
:1089C0007DD1CF20FCF738FA0020FCF729FA209857
:1089D000401C2090C120FCF723FA3020FCF720FA3D
:1089E000ED20FCF729FA6420FCF71AFA0320FCF7C3
:1089F00017FA1220FCF714FA8120FCF711FAE8208C
:108A0000FCF71AFA8520FCF70BFA1020FCF708FA9D
:108A10007A20FCF705FACB20FCF70EFA3920FCF798
:108A2000FFF92C20FCF7FCF90020FCF7F9F93420C1
:108A3000FCF7F6F90220FCF7F3F9F720FCF7FCF954
:108A40002020FCF7EDF9EA200EE0000000040240CF
:108A5000000C024000100240B82800204C43442083
:108A600049443A25780D0A00FCF7E6F90020FCF7A6
:108A7000D7F90020FCF7D4F9C020FCF7DDF91B2062
:108A8000FCF7CEF9C120FCF7D7F90120FCF7C8F9B3
:108A9000C520FCF7D1F93020FCF7C2F93020FCF7F3
:108AA000BFF9C720FCF7C8F9B720FCF7B9F93620A1
:108AB000FCF7C2F94820FCF7B3F93A2000E0ABE03C
:108AC000FCF7BAF95520FCF7ABF9B120FCF7B4F983
:108AD0000020FCF7A5F91A20FCF7A2F9B620FCF754
:108AE000ABF90A20FCF79CF9A220FCF799F9F220D7
:108AF000FCF7A2F90020FCF793F92620FCF79CF97B
:108B00000120FCF78DF9E020FCF796F90F20FCF727
:108B100087F92A20FCF784F92820FCF781F908203E
:108B2000FCF77EF90E20FCF77BF90820FCF778F9BA
:108B30005420FCF775F9A920FCF772F94320FCF7E3
:108B40006FF90A20FCF76CF90F20FCF769F9002097
:108B5000FCF766F90020FCF763F90020FCF760F9E8
:108B60000020FCF75DF9E120FCF766F90020FCF736
:108B700057F91520FCF754F91720FCF751F9072095
:108B8000FCF74EF91120FCF74BF90620FCF748F9E9
:108B90002B20FCF745F95620FCF742F93C20FCF766
:108BA0003FF90520FCF73CF91020FCF739F90F20BC
:108BB000FCF736F93F20FCF733F93F20FCF730F99A
:108BC0000F20FCF72DF92B20FCF736F90020FCF7DD
:108BD00027F90020FCF724F90120FCF721F93F20B8
:108BE000FCF71EF92A20FCF727F90020FCF718F9FA
:108BF0000020FCF715F90020FCF712F9EF20FCF734
:108C00000FF91120FCF718F9782008F02FFC292023
:108C1000FCF712F903F05CB8FE48808846F60401C0
:108C200088427CD11120FCF707F9142008F01EFCC3
:108C3000D020FCF701F90720FCF7F2F84220FCF7FE
:108C4000EFF81D20FCF7ECF8D120FCF7F5F8002038
:108C5000FCF7E6F81A20FCF7E3F80920FCF7E0F847
:108C6000D220FCF7E9F80120FCF7DAF82220FCF723
:108C7000D7F8C020FCF7E0F81020FCF7D1F83B2033
:108C8000FCF7CEF80020FCF7CBF80220FCF7C8F880
:108C90001120FCF7C5F8C520FCF7CEF80320FCF73F
:108CA000BFF8C820FCF7C8F80020FCF7B9F8252069
:108CB000FCF7B6F82120FCF7B3F80520FCF7B0F874
:108CC0000020FCF7ADF80A20FCF7AAF86520FCF7B5
:108CD000A7F82520FCF7A4F87720FCF7A1F850208E
:108CE000FCF79EF80F20FCF79BF80020FCF798F8A3
:108CF000F820FCF7A1F80120FCF792F8FE20FCF721
:108D00009BF80020FCF78CF80220FCF789F8202063
:108D1000FCF792F83620FCF78FF8082000E02CE0F2
:108D2000FCF77EF83A20FCF787F85520FCF778F836
:108D30002B20FCF781F80020FCF772F80020FCF7EC
:108D40006FF80120FCF76CF83F20FCF769F82A2047
:108D5000FCF772F80020FCF763F80020FCF760F8DD
:108D60000120FCF75DF8DF20FCF75AF8782008F0C6
:108D70007DFB2920FCF760F84CE7A648808845F287
:108D80001031884240F07C87ED20FCF755F8012037
:108D9000FCF746F8FE20FCF743F8EE20FCF74CF811
:108DA000DE20FCF73DF82120FCF73AF8F120FCF733
:108DB00043F80120FCF734F8DF20FCF73DF81020E1
:108DC000FCF72EF8C420FCF737F88F20FCF728F8C2
:108DD000C620FCF731F80020FCF722F8E220FCF76F
:108DE0001FF8E220FCF71CF8E220FCF719F8BF207E
:108DF000FCF722F8AA20FCF713F8B020FCF71CF8C7
:108E00000D20FCF70DF80020FCF70AF80D20FCF708
:108E100007F80020FCF704F81120FCF701F8002007
:108E2000FBF7FEFF1920FBF7FBFF0020FBF7F8FF25
:108E30002120FBF7F5FF0020FBF7F2FF2D20FBF7C9
:108E4000EFFF0020FBF7ECFF3D20FBF7E9FF0020E0
:108E5000FBF7E6FF5D20FBF7E3FF0020FBF7E0FFF9
:108E60005D20FBF7DDFF0020FBF7DAFFB120FBF709
:108E7000E3FF8020FBF7D4FF0020FBF7D1FF8B201E
:108E8000FBF7CEFF0020FBF7CBFF9620FBF7C8FFD8
:108E90000020FBF7C5FFB220FBF7CEFF0020FBF759
:108EA000BFFF0020FBF7BCFF0220FBF7B9FF00204B
:108EB000FBF7B6FF0320FBF7B3FF0020FBF7B0FF83
:108EC000B320FBF7B9FF0020FBF7AAFF0020FBF758
:108ED000A7FF0020FBF7A4FF0020FBF7A1FF002065
:108EE000FBF79EFF0020FBF79BFF0020FBF798FF9E
:108EF0000020FBF795FF0020FBF792FF0020FBF717
:108F00008FFF0020FBF78CFF0020FBF789FF00207C
:108F1000FBF786FF0020FBF783FF0020FBF780FFB5
:108F20000020FBF77DFF0020FBF77AFF0020FBF716
:108F300077FF0020FBF774FF0020FBF771FF002094
:108F4000FBF76EFF0020FBF76BFF0020FBF768FFCD
:108F50000020FBF765FFB420FBF76EFF8B20FBF7CB
:108F60005FFF0020FBF75CFF9620FBF759FF002016
:108F7000FBF756FFA120FBF753FF0020FBF750FF44
:108F8000B520FBF759FF0220FBF74AFF0020FBF753
:108F900047FF0320FBF744FF0020FBF741FF0420BD
:108FA000FBF73EFF0020FBF73BFFB620FBF744FF3B
:108FB0000020FBF735FF0020FBF732FFB720FBF75F
:108FC0003BFF0020FBF72CFF0020FBF729FF3F2091
:108FD000FBF726FF0020FBF723FF5E20FBF720FFB7
:108FE0000020FBF71DFF6420FBF71AFF0020FBF7B2
:108FF00017FF8C20FBF714FF0020FBF711FFAC20BC
:10900000FBF70EFF0020FBF70BFFDC20FBF708FF50
:10901000002001E0B8280020FBF702FF7020FBF7DA
:10902000FFFE0020FBF7FCFE9020FBF7F9FE00207E
:10903000FBF7F6FEEB20FBF7F3FE0020FBF7F0FE5C
:10904000DC20FBF7EDFE0020FBF7EAFEB820FBF783
:10905000F3FE0020FBF7E4FE0020FBF7E1FE00201A
:10906000FBF7DEFE0020FBF7DBFE0020FBF7D8FE5F
:109070000020FBF7D5FE0020FBF7D2FE0020FBF717
:10908000CFFEBA20FBF7D8FE2420FBF7C9FE002054
:10909000FBF7C6FE0020FBF7C3FE0020FBF7C0FE77
:1090A000C120FBF7C9FE2020FBF7BAFE0020FBF72A
:1090B000B7FE5420FBF7B4FE0020FBF7B1FEFF2003
:1090C000FBF7AEFE0020FBF7ABFEC220FBF7B4FEC1
:1090D0000A20FBF7A5FE0020FBF7A2FE0420FBF709
:1090E0009FFE0020FBF79CFEC320FBF7A5FE3C2063
:1090F000FBF796FE0020FBF793FE3A20FBF790FE6D
:109100000020FBF78DFE3920FBF78AFE0020FBF7DD
:1091100087FE3720FBF784FE0020FBF781FE3C2012
:10912000FBF77EFE0020FBF77BFE3620FBF778FE88
:109130000020FBF775FE3220FBF772FE0020FBF7E4
:109140006FFE2F20FBF76CFE0020FBF769FE2C2042
:10915000FBF766FE0020FBF763FE2920FBF760FEAD
:109160000020FBF75DFE2620FBF75AFE0020FBF7F0
:1091700057FE2420FBF754FE0020FBF751FE24206D
:10918000FBF74EFE0020FBF74BFE2320FBF748FECB
:109190000020FBF745FE3C20FBF742FE0020FBF7DA
:1091A0003FFE3620FBF73CFE0020FBF739FE322065
:1091B000FBF736FE0020FBF733FE2F20FBF730FED7
:1091C0000020FBF72DFE2C20FBF72AFE0020FBF7EA
:1091D00027FE2920FBF724FE0020FBF721FE262096
:1091E000FBF71EFE0020FBF71BFE2420FBF718FEFA
:1091F0000020FBF715FE2420FBF712FE0020FBF7F2
:109200000FFE2320FBF70CFE0020FBF709FEC42015
:10921000FBF712FE6220FBF703FE0020FBF700FEC7
:109220000520FBF7FDFD0020FBF7FAFD8420FBF78E
:10923000F7FD0020FBF7F4FDF020FBF7F1FD002027
:10924000FBF7EEFD1820FBF7EBFD0020FBF7E8FD38
:10925000A420FBF7E5FD0020FBF7E2FD1820FBF75B
:10926000DFFD0020FBF7DCFD5020FBF7D9FD0020DF
:10927000FBF7D6FD0C20FBF7D3FD0020FBF7D0FD5C
:109280001720FBF7CDFD0020FBF7CAFD9520FBF76B
:10929000C7FD0020FBF7C4FDF320FBF7C1FD002054
:1092A000FBF7BEFDE620FBF7BBFD0020FBF7B8FD9A
:1092B000C520FBF7C1FD3220FBF7B2FD0020FBF714
:1092C000AFFD4420FBF7ACFD0020FBF7A9FD6520B6
:1092D000FBF7A6FD0020FBF7A3FD7620FBF7A0FD22
:1092E0000020FBF79DFD8820FBF79AFD0020FBF78F
:1092F00097FDC620FBF7A0FD2020FBF791FD002085
:10930000FBF78EFD1720FBF78BFD0020FBF788FD98
:109310000120FBF785FD0020FBF782FDC720FBF74E
:109320008BFD0020FBF77CFD0020FBF779FD002082
:10933000FBF776FD0020FBF773FDC820FBF77CFDF3
:109340000020FBF76DFD0020FBF76AFD0020FBF716
:1093500067FD0020FBF764FDC920FBF76DFD0020D1
:10936000FBF75EFD0020FBF75BFD0020FBF758FDDF
:109370000020FBF755FD0020FBF752FD0020FBF716
:109380004FFD0020FBF74CFD0020FBF749FD0020BE
:10939000FBF746FD0020FBF743FD0020FBF740FDF7
:1093A0000020FBF73DFD0020FBF73AFD0020FBF716
:1093B00037FD0020FBF734FD0020FBF731FDE020F6
:1093C000FBF73AFD1620FBF72BFD0020FBF728FDED
:1093D0001C20FBF725FD0020FBF722FD2120FBF7D9
:1093E0001FFD0020FBF71CFD3620FBF719FD0020B8
:1093F000FBF716FD4620FBF713FD0020FBF710FDE1
:109400005220FBF70DFD0020FBF70AFD6420FBF75F
:1094100007FD0020FBF704FD7A20FBF701FD00208B
:10942000FBF7FEFC8B20FBF7FBFC0020FBF7F8FCB6
:109430009920FBF7F5FC0020FBF7F2FCA820FBF7D6
:10944000EFFC0020FBF7ECFCB920FBF7E9FC002067
:10945000FBF7E6FCC420FBF7E3FC0020FBF7E0FC95
:10946000CA20FBF7DDFC0020FBF7DAFCD220FBF77B
:10947000D7FC0020FBF7D4FCD920FBF7D1FC00205F
:10948000FBF7CEFCE020FBF7CBFC0020FBF7C8FC91
:10949000F320FBF7C5FC0020FBF7C2FCE120FBF743
:1094A000CBFC1620FBF7BCFC0020FBF7B9FC1C2012
:1094B000FBF7B6FC0020FBF7B3FC2220FBF7B0FC67
:1094C0000020FBF7ADFC3620FBF7AAFC0020FBF7E1
:1094D000A7FC4520FBF7A4FC0020FBF7A1FC5220D1
:1094E000FBF79EFC0020FBF79BFC6420FBF798FC3D
:1094F0000020FBF795FC7A20FBF792FC0020FBF79D
:109500008FFC8B20FBF78CFC0020FBF789FC99205B
:10951000FBF786FC0020FBF783FCA820FBF780FC10
:109520000020FBF77DFCB920FBF77AFC0020FBF75D
:1095300077FCC420FBF774FC0020FBF771FCCA2009
:10954000FBF76EFC0020FBF76BFCD220FBF768FCFE
:109550000020FBF765FCD820FBF762FC0020FBF73E
:109560005FFCE020FBF75CFC0020FBF759FCF320DC
:10957000FBF756FC0020FBF753FCE220FBF75CFCFA
:109580000520FBF74DFC0020FBF74AFC0B20FBF706
:1095900047FC0020FBF744FC1B20FBF741FC0020AC
:1095A000FBF73EFC3420FBF73BFC0020FBF738FCCC
:1095B0004420FBF735FC0020FBF732FC4F20FBF783
:1095C0002FFC0020FBF72CFC6120FBF729FC00207E
:1095D000FBF726FC7920FBF723FC0020FBF720FC9F
:1095E0008820FBF71DFC0020FBF71AFC9720FBF7F7
:1095F00017FC0020FBF714FCA620FBF711FC002051
:10960000FBF70EFCB720FBF70BFC0020FBF708FC78
:10961000C220FBF705FC0020FBF702FCC720FBF78C
:10962000FFFB0020FBF7FCFBD120FBF7F9FB002040
:10963000FBF7F6FBD620FBF7F3FB0020FBF7F0FB74
:10964000DD20FBF7EDFB0020FBF7EAFBF320FBF747
:10965000E7FB0020FBF7E4FBE320FBF7EDFB052035
:10966000FBF7DEFB0020FBF7DBFB0A20FBF7D8FB58
:109670000020FBF7D5FB1C20FBF7D2FB0020FBF7FB
:10968000CFFB3320FBF7CCFB0020FBF7C9FB4420CA
:10969000FBF7C6FB0020FBF7C3FB5020FBF7C0FB2A
:1096A0000020FBF7BDFB6220FBF7BAFB0020FBF7B5
:1096B000B7FB7820FBF7B4FB0020FBF7B1FB882059
:1096C000FBF7AEFB0020FBF7ABFB9720FBF7A8FBFB
:1096D0000020FBF7A5FBA620FBF7A2FB0020FBF771
:1096E0009FFBB720FBF79CFB0020FBF799FBC220F8
:1096F000FBF796FB0020FBF793FBC720FBF790FBE3
:109700000020FBF78DFBD120FBF78AFB0020FBF745
:1097100087FBD520FBF784FB0020FBF781FBDD20D6
:10972000FBF77EFB0020FBF77BFBF320FBF778FBCE
:109730000020FBF775FBE420FBF77EFB0120FBF725
:109740006FFB0020FBF76CFB0120FBF769FB00209F
:10975000FBF766FB0220FBF763FB0020FBF760FBD7
:109760002A20FBF75DFB0020FBF75AFB3C20FBF7B0
:1097700057FB0020FBF754FB4B20FBF751FB00206D
:10978000FBF74EFB5D20FBF74BFB0020FBF748FB94
:109790007420FBF745FB0020FBF742FB8420FBF71E
:1097A0003FFB0020FBF73CFB9320FBF739FB00203D
:1097B000FBF736FBA220FBF733FB0020FBF730FB67
:1097C000B320FBF72DFB0020FBF72AFBBE20FBF7A5
:1097D00027FB0020FBF724FBC420FBF721FB002024
:1097E000FBF71EFBCD20FBF71BFB0020FBF718FB54
:1097F000D320FBF715FB0020FBF712FBDD20FBF766
:109800000FFB0020FBF70CFBF320FBF709FB00200C
:10981000FBF706FBE520FBF70FFB0020FBF700FB47
:109820000020FBF7FDFA0020FBF7FAFA0020FBF717
:10983000F7FA0220FBF7F4FA0020FBF7F1FA2920EF
:10984000FBF7EEFA0020FBF7EBFA3C20FBF7E8FA17
:109850000020FBF7E5FA4B20FBF7E2FA0020FBF7CC
:10986000DFFA5D20FBF7DCFA0020FBF7D9FA742061
:10987000FBF7D6FA0020FBF7D3FA8420FBF7D0FAE7
:109880000020FBF7CDFA9320FBF7CAFA0020FBF784
:10989000C7FAA220FBF7C4FA0020FBF7C1FAB320F5
:1098A000FBF7BEFA0020FBF7BBFABE20FBF7B8FAC5
:1098B0000020FBF7B5FAC420FBF7B2FA0020FBF753
:1098C000AFFACD20FBF7ACFA0020FBF7A9FAD320C2
:1098D000FBF7A6FA0020FBF7A3FADC20FBF7A0FABF
:1098E0000020FBF79DFAF320FBF79AFA0020FBF724
:1098F00097FAE620FBF7A0FA1120FBF791FA002077
:10990000FBF78EFA3420FBF78BFA0020FBF788FA7E
:109910005620FBF785FA0020FBF782FA7620FBF74A
:109920007FFA0020FBF77CFA7720FBF779FA00201A
:10993000FBF776FA6620FBF773FA0020FBF770FA64
:109940008820FBF76DFA0020FBF76AFA9920FBF7F5
:1099500067FA0020FBF764FABB20FBF761FA0020EE
:10996000FBF75EFA9920FBF75BFA0020FBF758FA49
:109970006620FBF755FA0020FBF752FA5520FBF75B
:109980004FFA0020FBF74CFA5520FBF749FA00206C
:10999000FBF746FA4520FBF743FA0020FBF740FAB5
:1099A0004320FBF73DFA0020FBF73AFA4420FBF78F
:1099B00037FA0020FBF734FAE720FBF73DFA3220B4
:1099C000FBF72EFA0020FBF72BFA5520FBF728FABD
:1099D0000020FBF725FA7620FBF722FA0020FBF7A0
:1099E0001FFA6620FBF71CFA0020FBF719FA672024
:1099F000FBF716FA0020FBF713FA6720FBF710FAC3
:109A00000020FBF70DFA8720FBF70AFA0020FBF78E
:109A100007FA9920FBF704FA0020FBF701FABB20B4
:109A2000FBF7FEF90020FBF7FBF99920FBF7F8F9AB
:109A30000020FBF7F5F97720FBF7F2F90020FBF7A0
:109A4000EFF94420FBF7ECF90020FBF7E9F9562089
:109A5000FBF7E6F90020FBF7E3F92320FBF7E0F939
:109A60000020FBF7DDF93320FBF7DAF90020FBF7E4
:109A7000D7F94520FBF7D4F90020FBF7D1F9E8200E
:109A8000FBF7DAF90020FBF7CBF90020FBF7C8F968
:109A90009920FBF7C5F90020FBF7C2F98720FBF7F7
:109AA000BFF90020FBF7BCF98820FBF7B9F90020CB
:109AB000FBF7B6F97720FBF7B3F90020FBF7B0F915
:109AC0006620FBF7ADF90020FBF7AAF98820FBF729
:109AD000A7F90020FBF7A4F9AA20FBF7A1F90020C1
:109AE000FBF79EF9BB20FBF79BF90020FBF798F9E9
:109AF0009920FBF795F90020FBF792F96620FBF718
:109B00008FF90020FBF78CF95520FBF789F900202D
:109B1000FBF786F95520FBF783F90020FBF780F966
:109B20004420FBF77DF90020FBF77AF94420FBF78E
:109B300077F90020FBF774F95520FBF771F9002045
:109B4000FBF76EF9E920FBF777F9AA20FBF768F934
:109B50000020FBF765F90020FBF762F90020FBF716
:109B60005FF90020FBF768F9AA20FBF759F9CF202D
:109B7000FBF762F90020FBF753F90020FBF750F9DF
:109B80000020FBF74DF90020FBF74AF90020FBF716
:109B900047F90020FBF744F90020FBF741F90020CA
:109BA000FBF73EF90020FBF73BF90020FBF738F903
:109BB0000020FBF735F90020FBF732F90020FBF716
:109BC0002FF90020FBF72CF90020FBF729F90020E2
:109BD000FBF726F90020FBF723F9F020FBF72CF91F
:109BE0000020FBF71DF95020FBF71AF90020FBF7C6
:109BF00017F90020FBF714F90020FBF711F9F32007
:109C0000FBF71AF90020FBF70BF9F920FBF714F921
:109C10000620FBF705F91020FBF702F92920FBF7D6
:109C2000FFF80020FBF7FCF83A20FBF705F9552078
:109C3000FBF7F6F81120FBF7FFF8642007F016FC9D
:109C40002920FBF7F9F83520FBF7F6F80020FBF7A1
:109C5000E7F85120FBF7F0F8FF20FBF7E1F853207D
:109C6000FBF7EAF82C20FBF7DBF85520FBF7E4F8CC
:109C70008220FBF7D5F82C20FBF7DEF802F028B89D
:109C8000FE48808845F2105188427DD155214FF41D
:109C90007040FBF7E7F8AA214FF20100FBF7E2F86A
:109CA00052214FF20200FBF7DDF808214FF20300CA
:109CB000FBF7D8F801214FF20400FBF7D3F80D2190
:109CC0004FF43040FBF7CEF80D214BF20100FBF7CB
:109CD000C9F80D214BF20200FBF7C4F834214FF410
:109CE0003640FBF7BFF834214BF20160FBF7BAF8BE
:109CF00034214BF20260FBF7B5F80D214FF43140EF
:109D0000FBF7B0F80D214BF20110FBF7ABF80D217A
:109D10004BF20210FBF7A6F834214FF43740FBF763
:109D2000A1F834214BF20170FBF79CF834214BF27F
:109D30000270FBF797F800214FF43240FBF792F8DE
:109D400000214BF20120FBF78DF800214BF202209D
:109D5000FBF788F824214FF43840FBF783F82421DF
:109D60004BF60100FBF77EF824214BF60200FBF7CF
:109D700079F801214FF43F40FBF774F80F214FF4BD
:109D80003340FBF76FF800E0FDE30F214BF20130A9
:109D9000FBF768F80F214BF20230FBF763F8342130
:109DA0004FF43940FBF75EF834214BF60110FBF716
:109DB00059F834214BF60210FBF754F808214FF400
:109DC0003540FBF74FF808214BF20150FBF74AF8FA
:109DD00008214BF20250FBF745F803214FF44240B3
:109DE000FBF740F824214FF43A40FBF73BF82421DD
:109DF0004BF60120FBF736F824214BF60220FBF747
:109E000031F800214FF43C40FBF72CF878214BF659
:109E10000140FBF727F800214BF60240FBF722F840
:109E200000214FF43D40FBF71DF878214BF601501F
:109E3000FBF718F800214BF60250FBF713F800214E
:109E40004FF43E40FBF70EF864214BF60160FBF740
:109E500009F800214FF45140FBF704F833214DF28B
:109E60000110FAF7FFFF00214DF20210FAF7FAFF96
:109E700034214DF20310FAF7F5FF00214DF20410E2
:109E8000FAF7F0FF3A214DF20510FAF7EBFF002147
:109E90004DF20610FAF7E6FF4A214DF20710FAF7E5
:109EA000E1FF00214DF20810FAF7DCFF5C214DF2D2
:109EB0000910FAF7D7FF00214DF20A10FAF7D2FF86
:109EC00081214DF20B10FAF7CDFF00214DF20C105D
:109ED000FAF7C8FFA6214DF20D10FAF7C3FF0021D3
:109EE0004DF20E10FAF7BEFFE5214DF20F10FAF712
:109EF000B9FF01214DF21010FAF7B4FF13214DF212
:109F00001110FAF7AFFF01214DF21210FAF7AAFF74
:109F100054214DF21310FAF7A5FF01214DF2141050
:109F2000FAF7A0FF82214DF21510FAF79BFF0121ED
:109F30004DF21610FAF796FFCA214DF21710FAF7F4
:109F400091FF02214DF21810FAF78CFF00214DF21B
:109F50001910FAF787FF02214DF21A10FAF782FF63
:109F600001214DF21B10FAF77DFF02214DF21C106A
:109F7000FAF778FF34214DF21D10FAF773FF022132
:109F80004DF21E10FAF76EFF67214DF21F10FAF71F
:109F900069FF02214DF22010FAF764FF84214DF28F
:109FA0002110FAF75FFF02214DF22210FAF75AFF53
:109FB000A4214DF22310FAF755FF02214DF224108F
:109FC000FAF750FFB7214DF22510FAF74BFF0221A7
:109FD0004DF22610FAF746FFCF214DF22710FAF77F
:109FE00041FF02214DF22810FAF73CFFDE214DF22D
:109FF0002910FAF737FF02214DF22A10FAF732FF43
:10A00000F2214DF22B10FAF72DFF02214DF22C1008
:10A01000FAF728FFFE214DF22D10FAF723FF032156
:10A020004DF22E10FAF71EFF10214DF22F10FAF705
:10A0300019FF03214DF23010FAF714FF33214DF2CE
:10A040003110FAF70FFF03214DF23210FAF70AFF31
:10A050006D214DF23310FAF705FF00214FF4524005
:10A06000FAF700FF33214DF20120FAF7FBFE002141
:10A070004DF20220FAF7F6FE342101E0B828002064
:10A080004DF20320FAF7EEFE00214DF20420FAF71C
:10A09000E9FE3A214DF20520FAF7E4FE00214DF2E7
:10A0A0000620FAF7DFFE4A214DF20720FAF7DAFE22
:10A0B00000214DF20820FAF7D5FE5C214DF209206F
:10A0C000FAF7D0FE00214DF20A20FAF7CBFE8121EB
:10A0D0004DF20B20FAF7C6FE00214DF20C20FAF7E4
:10A0E000C1FEA6214DF20D20FAF7BCFE00214DF273
:10A0F0000E20FAF7B7FEE5214DF20F20FAF7B2FE77
:10A1000001214DF21020FAF7ADFE13214DF211207E
:10A11000FAF7A8FE01214DF21220FAF7A3FE54210E
:10A120004DF21320FAF79EFE01214DF21420FAF7AA
:10A1300099FE82214DF21520FAF794FE01214DF28D
:10A140001620FAF78FFECA214DF21720FAF78AFE81
:10A1500002214DF21820FAF785FE00214DF2192058
:10A16000FAF780FE02214DF21A20FAF77BFE012158
:10A170004DF21B20FAF776FE02214DF21C20FAF771
:10A1800071FE34214DF21D20FAF76CFE02214DF2D2
:10A190001E20FAF767FE67214DF21F20FAF762FED4
:10A1A00002214DF22020FAF75DFE84214DF221209C
:10A1B000FAF758FE02214DF22220FAF753FEA421AD
:10A1C0004DF22320FAF74EFE02214DF22420FAF739
:10A1D00049FEB7214DF22520FAF744FE02214DF247
:10A1E0002620FAF73FFECF214DF22720FAF73AFE5C
:10A1F00002214DF22820FAF735FEDE214DF229200A
:10A20000FAF730FE02214DF22A20FAF72BFEF22156
:10A210004DF22B20FAF726FE02214DF22C20FAF700
:10A2200021FEFE214DF22D20FAF71CFE03214DF2F6
:10A230002E20FAF717FE10214DF22F20FAF712FE0A
:10A2400003214DF23020FAF70DFE33214DF231207B
:10A25000FAF708FE03214DF23220FAF703FE6D21D2
:10A260004DF23320FAF7FEFD00214FF45340FAF788
:10A27000F9FD33214DF20130FAF7F4FD00214DF2E2
:10A280000230FAF7EFFD34214DF20330FAF7EAFD20
:10A2900000214DF20430FAF7E5FD3A214DF2053088
:10A2A000FAF7E0FD00214DF20630FAF7DBFD4A2116
:10A2B0004DF20730FAF7D6FD00214DF20830FAF7DB
:10A2C000D1FD5C214DF20930FAF7CCFD00214DF2B1
:10A2D0000A30FAF7C7FD81214DF20B30FAF7C2FDC3
:10A2E00000214DF20C30FAF7BDFDA6214DF20D30E4
:10A2F000FAF7B8FD00214DF20E30FAF7B3FDE52173
:10A300004DF20F30FAF7AEFD01214DF21030FAF7A1
:10A31000A9FD13214DF21130FAF7A4FD01214DF2F0
:10A320001230FAF79FFD54214DF21330FAF79AFDDF
:10A3300001214DF21430FAF795FD82214DF21530CE
:10A34000FAF790FD01214DF21630FAF78BFDCA2184
:10A350004DF21730FAF786FD02214DF21830FAF768
:10A3600081FD00214DF21930FAF77CFD02214DF2FA
:10A370001A30FAF777FD01214DF21B30FAF772FD22
:10A3800002214DF21C30FAF76DFD34214DF21D30E3
:10A39000FAF768FD02214DF21E30FAF763FD6721DE
:10A3A0004DF21F30FAF75EFD02214DF22030FAF730
:10A3B00059FD84214DF22130FAF754FD02214DF26E
:10A3C0002230FAF74FFDA4214DF22330FAF74AFD6F
:10A3D00002214DF22430FAF745FDB7214DF2253028
:10A3E000FAF740FD02214DF22630FAF73BFDCF216E
:10A3F0004DF22730FAF736FD02214DF22830FAF7F8
:10A4000031FDDE214DF22930FAF72CFD02214DF20B
:10A410002A30FAF727FDF2214DF22B30FAF722FD10
:10A4200002214DF22C30FAF71DFDFE214DF22D30A8
:10A43000FAF718FD03214DF22E30FAF713FD102123
:10A440004DF22F30FAF70EFD03214DF23030FAF7BE
:10A4500009FD33214DF23130FAF704FD03214DF2AD
:10A460003230FAF7FFFC6D214DF23330FAF7FAFC87
:10A4700000214FF45440FAF7F5FC33214DF201402E
:10A48000FAF7F0FC00214DF20240FAF7EBFC342120
:10A490004DF20340FAF7E6FC00214DF20440FAF7D2
:10A4A000E1FC3A214DF20540FAF7DCFC00214DF2C7
:10A4B0000640FAF7D7FC4A214DF20740FAF7D2FCE2
:10A4C00000214DF20840FAF7CDFC5C214DF2094025
:10A4D000FAF7C8FC00214DF20A40FAF7C3FC8121CB
:10A4E0004DF20B40FAF7BEFC00214DF20C40FAF79A
:10A4F000B9FCA6214DF20D40FAF7B4FC00214DF253
:10A500000E40FAF7AFFCE5214DF20F40FAF7AAFC36
:10A5100001214DF21040FAF7A5FC13214DF2114034
:10A52000FAF7A0FC01214DF21240FAF79BFC5421EE
:10A530004DF21340FAF796FC01214DF21440FAF760
:10A5400091FC82214DF21540FAF78CFC01214DF26D
:10A550001640FAF787FCCA214DF21740FAF782FC41
:10A5600002214DF21840FAF77DFC00214DF219400E
:10A57000FAF778FC02214DF21A40FAF773FC012138
:10A580004DF21B4000E006E3FAF76CFC02214DF2AD
:10A590001C40FAF767FC34214DF21D40FAF762FCCB
:10A5A00002214DF21E40FAF75DFC67214DF21F407B
:10A5B000FAF758FC02214DF22040FAF753FC8421AF
:10A5C0004DF22140FAF74EFC02214DF22240FAF7FB
:10A5D00049FCA4214DF22340FAF744FC02214DF23C
:10A5E0002440FAF73FFCB7214DF22540FAF73AFC38
:10A5F00002214DF22640FAF735FCCF214DF22740DB
:10A60000FAF730FC02214DF22840FAF72BFCDE214C
:10A610004DF22940FAF726FC02214DF22A40FAF7C2
:10A6200021FCF2214DF22B40FAF71CFC02214DF2E5
:10A630002C40FAF717FCFE214DF22D40FAF712FCE0
:10A6400003214DF22E40FAF70DFC10214DF22F4060
:10A65000FAF708FC03214DF23040FAF703FC3321EE
:10A660004DF23140FAF7FEFB03214DF23240FAF78A
:10A67000F9FB6D214DF23340FAF7F4FB00214FF462
:10A680005540FAF7EFFB33214DF20150FAF7EAFBA0
:10A6900000214DF20250FAF7E5FB34214DF2035050
:10A6A000FAF7E0FB00214DF20450FAF7DBFB3A2108
:10A6B0004DF20550FAF7D6FB00214DF20650FAF79D
:10A6C000D1FB4A214DF20750FAF7CCFB00214DF2A5
:10A6D0000850FAF7C7FB5C214DF20950FAF7C2FBAC
:10A6E00000214DF20A50FAF7BDFB81214DF20B50CB
:10A6F000FAF7B8FB00214DF20C50FAF7B3FBA62194
:10A700004DF20D50FAF7AEFB00214DF20E50FAF764
:10A71000A9FBE5214DF20F50FAF7A4FB01214DF200
:10A720001050FAF79FFB13214DF21150FAF79AFBE4
:10A7300001214DF21250FAF795FB54214DF21350BE
:10A74000FAF790FB01214DF21450FAF78BFB8221AE
:10A750004DF21550FAF786FB01214DF21650FAF72B
:10A7600081FBCA214DF21750FAF77CFB02214DF212
:10A770001850FAF777FB00214DF21950FAF772FBE7
:10A7800002214DF21A50FAF76DFB01214DF21B50D8
:10A79000FAF768FB02214DF21C50FAF763FB3421F3
:10A7A0004DF21D50FAF75EFB02214DF21E50FAF7F2
:10A7B00059FB67214DF21F50FAF754FB02214DF26D
:10A7C0002050FAF74FFB84214DF22150FAF74AFB53
:10A7D00002214DF22250FAF745FBA4214DF22350FD
:10A7E000FAF740FB02214DF22450FAF73BFBB72168
:10A7F0004DF22550FAF736FB02214DF22650FAF7BA
:10A8000031FBCF214DF22750FAF72CFB02214DF2FC
:10A810002850FAF727FBDE214DF22950FAF722FBE8
:10A8200002214DF22A50FAF71DFBF2214DF22B5076
:10A83000FAF718FB02214DF22C50FAF713FBFE2118
:10A840004DF22D50FAF70EFB03214DF22E50FAF780
:10A8500009FB10214DF22F50FAF704FB03214DF2B2
:10A860003050FAF7FFFA33214DF23150FAF7FAFA85
:10A8700003214DF23250FAF7F5FA6D214DF23350C3
:10A88000FAF7F0FA00214FF45640FAF7EBFA3321C9
:10A890004DF20160FAF7E6FA00214DF20260FAF794
:10A8A000E1FA34214DF20360FAF7DCFA00214DF2AF
:10A8B0000460FAF7D7FA3A214DF20560FAF7D2FAB6
:10A8C00000214DF20660FAF7CDFA4A214DF20760F9
:10A8D000FAF7C8FA00214DF20860FAF7C3FA5C21D2
:10A8E0004DF20960FAF7BEFA00214DF20A60FAF75C
:10A8F000B9FA81214DF20B60FAF7B4FA00214DF25A
:10A900000C60FAF7AFFAA6214DF20D60FAF7AAFA39
:10A9100000214DF20E60FAF7A5FAE5214DF20F6025
:10A92000FAF7A0FA01214DF21060FAF79BFA132111
:10A930004DF21160FAF796FA01214DF21260FAF722
:10A9400091FA54214DF21360FAF78CFA01214DF27D
:10A950001460FAF787FA82214DF21560FAF782FA4D
:10A9600001214DF21660FAF77DFACA214DF2176007
:10A97000FAF778FA02214DF21860FAF773FA00211B
:10A980004DF21960FAF76EFA02214DF21A60FAF7E9
:10A9900069FA01214DF21B60FAF764FA02214DF2C7
:10A9A0001C60FAF75FFA34214DF21D60FAF75AFA8B
:10A9B00002214DF21E60FAF755FA67214DF21F6031
:10A9C000FAF750FA02214DF22060FAF74BFA84218F
:10A9D0004DF22160FAF746FA02214DF22260FAF7B1
:10A9E00041FAA4214DF22360FAF73CFA02214DF21C
:10A9F0002460FAF737FAB7214DF22560FAF732FAF8
:10AA000002214DF22660FAF72DFACF214DF2276090
:10AA1000FAF728FA02214DF22860FAF723FADE212C
:10AA20004DF22960FAF71EFA02214DF22A60FAF778
:10AA300019FAF2214DF22B60FAF714FA02214DF2C5
:10AA40002C60FAF70FFAFE214DF22D60FAF70AFAA0
:10AA500003214DF22E60FAF705FA10214DF22F6016
:10AA6000FAF700FA03214DF23060FAF7FBF93321CF
:10AA70004DF23160FAF7F6F903214DF23260FAF740
:10AA8000F1F96D214DF23360FAF7ECF955214FF4ED
:10AA90007040FAF7E7F9AA214FF20100FAF7E2F95C
:10AAA00052214FF20200FAF7DDF908214FF20300BC
:10AAB000FAF7D8F900214FF20400FAF7D3F9CC21C4
:10AAC0004FF43140FAF7CEF900214BF20110FAF7BA
:10AAD000C9F905214FF43640FAF7C4F970214FF453
:10AAE0003740FAF7BFF970214BF20170FAF7BAF963
:10AAF00001214FF43840FAF7B5F903214BF6010074
:10AB0000FAF7B0F903214BF60200FAF7ABF903218B
:10AB10004BF60300FAF7A6F902214FF43C40FAF78E
:10AB2000A1F900214BF60140FAF79CF900214BF600
:10AB30000240FAF797F9D0214FF44940FAF792F919
:10AB400002214CF60110FAF78DF950214CF6021053
:10AB5000FAF788F950214CF60310FAF783F95021DF
:10AB60004CF60410FAF77EF900214FF45450FAF72E
:10AB700079F955214FF46850FAF774F94FF4885079
:10AB8000FAF75AF9782006F099FC4FF42450FAF7B6
:10AB900053F901F09DB8FE48808849F2253188427A
:10ABA0007ED147F6F001E520FAF75CF94FF48071A9
:10ABB0000120FAF757F94FF4E0610220FAF752F951
:10ABC00041F230010320FAF74DF900210420FAF791
:10ABD00049F940F202210820FAF744F9002109203E
:10ABE000FAF740F900210A20FAF73CF900210C207D
:10ABF000FAF738F900210D20FAF734F900210F2077
:10AC0000FAF730F900211020FAF72CF9072111206A
:10AC1000FAF728F900211220FAF724F9002113206D
:10AC2000FAF720F900210720FAF71CF941F29061A8
:10AC30001020FAF717F940F227211120FAF712F93C
:10AC40009D211220FAF70EF94FF4C8511320FAF79C
:10AC500009F925212920FAF705F90D212B20FAF70A
:10AC600001F907213020FAF7FDF840F203313120D5
:10AC7000FAF7F8F803213220FAF7F4F840F2062147
:10AC80003520FAF7EFF808213620FAF7EBF840F212
:10AC900006413720FAF7E6F84FF44171382000E01A
:10ACA00057E0FAF7DFF807213920FAF7DBF840F22E
:10ACB00002613C20FAF7D6F808213D20FAF7D2F8D5
:10ACC00000215020FAF7CEF8EF215120FAF7CAF808
:10ACD00000215220FAF7C6F840F23F115320FAF74C
:10ACE000C1F84FF427416020FAF7BCF80121612038
:10ACF000FAF7B8F800216A20FAF7B4F800218020AA
:10AD0000FAF7B0F800218120FAF7ACF80021822090
:10AD1000FAF7A8F800218320FAF7A4F8002184208C
:10AD2000FAF7A0F800218520FAF79CF8102190206E
:10AD3000FAF798F84FF4C0619220FAF793F840F2CE
:10AD400033110720FAF78EF822210020FAF78AF84B
:10AD50001FE78F48808849F2283188427ED141F22E
:10AD60008F01EC20FAF77EF841F23421EF20FAF758
:10AD700079F84FF480710120FAF774F84FF4E0612C
:10AD80000220FAF76FF841F230010320FAF76AF86F
:10AD900000210420FAF766F840F202210820FAF7B1
:10ADA00061F800210920FAF75DF800210A20FAF77E
:10ADB00059F801210C20FAF755F800210D20FAF777
:10ADC00051F800210F20FAF74DF800211020FAF772
:10ADD00049F807211120FAF745F800211220FAF767
:10ADE00041F800211320FAF73DF801210720FAF776
:10ADF00039F8322006F03AFB41F290411020FAF780
:10AE000031F840F227211120FAF72CF8322006F011
:10AE10002DFB8A211220FAF725F8322006F026FBB6
:10AE20004FF4D0511320FAF71DF806212920FAF724
:10AE300019F80D212B20FAF715F8322006F016FB31
:10AE400000212020FAF70EF800212120FAF70AF855
:10AE5000322006F00BFB0021302000E074E0FAF70E
:10AE600001F840F204613120F9F7FCFF40F20531AE
:10AE70003220F9F7F7FF00213520F9F7F3FF40F60C
:10AE800009413620F9F7EEFF4FF401713720F9F749
:10AE9000E9FF40F201313820F9F7E4FF40F2077191
:10AEA0003920F9F7DFFF00213C20F9F7DBFF40F6FE
:10AEB0000A213D20F9F7D6FF322006F0D7FA00210B
:10AEC0005020F9F7CFFFEF215120F9F7CBFF0021F8
:10AED0005220F9F7C7FF40F23F115320F9F7C2FFA4
:10AEE0004FF427416020F9F7BDFF01216120F9F7F8
:10AEF000B9FF00216A20F9F7B5FF00218020F9F79A
:10AF0000B1FF00218120F9F7ADFF00218220F9F780
:10AF1000A9FF00218320F9F7A5FF00218420F9F77C
:10AF2000A1FF00218520F9F79DFF10219020F9F75E
:10AF300099FF4FF4C0619220F9F794FF40F233116A
:10AF40000720F9F78FFF24E61148808849F2203165
:10AF500088427DD100210846F9F784FF4FF48071C3
:10AF60000120F9F77FFF4FF4E0610220F9F77AFF43
:10AF700041F230010320F9F775FF00210420F9F7B1
:10AF800071FF40F202210820F9F76CFF002101E077
:10AF9000B82800200920F9F765FF00210A20F9F7F9
:10AFA00061FF01210C20F9F75DFF00210D20F9F769
:10AFB00059FF00210F20F9F755FF322006F056FA0D
:10AFC00040F201110720F9F74DFF322006F04EFA4A
:10AFD0004FF486511020F9F745FF07211120F9F7AA
:10AFE00041FF4FF488711220F9F73CFF4FF43061B4
:10AFF0001320F9F737FF00212920F9F733FF44F236
:10B0000010012B20F9F72EFF00215020F9F72AFF1D
:10B01000EF215120F9F726FF00215220F9F722FFF6
:10B0200040F23F115320F9F71DFF4FF41C516020EF
:10B03000F9F718FF01216120F9F714FF00216A20B8
:10B04000F9F710FF00218020F9F70CFF002100E044
:10B0500031E08120F9F706FF00218220F9F702FF95
:10B0600000218320F9F7FEFE00218420F9F7FAFE83
:10B0700000218520F9F7F6FE10219020F9F7F2FE65
:10B0800000219220F9F7EEFE01219320F9F7EAFE64
:10B090004FF488719520F9F7E5FE00219720F9F724
:10B0A000E1FE00219820F9F7DDFE40F27311072040
:10B0B000F9F7D8FE6DE5FE48808849F231318842C3
:10B0C0007DD141F21401E720F9F7CCFE4FF48071F5
:10B0D0000120F9F7C7FE4FF400710220F9F7C2FE14
:10B0E00041F238010320F9F7BDFE40F202210820A9
:10B0F000F9F7B8FE00210920F9F7B4FE00210A2073
:10B10000F9F7B0FE00210C20F9F7ACFE00210D206C
:10B11000F9F7A8FE00210F20F9F7A4FE0021102066
:10B12000F9F7A0FE07211120F9F79CFE002112205B
:10B13000F9F798FE00211320F9F794FEC82006F0D5
:10B1400095F941F290611020F9F78CFE40F2272129
:10B150001120F9F787FE322006F088F90C21122021
:10B16000F9F780FE322006F081F94FF400611320D8
:10B17000F9F778FE11212920F9F774FE0B212B2015
:10B18000F9F770FE322006F071F900212020F9F75E
:10B1900069FE40F23F112120F9F764FE00213020C2
:10B1A000F9F760FE4FF483713120F9F75BFE00215F
:10B1B0003220F9F757FE4FF40171352000E064E0CA
:10B1C000F9F750FE41F20A613620F9F74BFE40F2E2
:10B1D00007713720F9F746FE4FF483713820F9F7ED
:10B1E00041FE40F207713920F9F73CFE40F202417E
:10B1F0003C20F9F737FE40F60F413D20F9F732FECB
:10B2000000215020F9F72EFEEF215120F9F72AFEF8
:10B2100000215220F9F726FE40F23F115320F9F7A2
:10B2200021FE4FF41C516020F9F71CFE0121612022
:10B23000F9F718FE00216A20F9F714FE002180209A
:10B24000F9F710FE00218120F9F70CFE0021822081
:10B25000F9F708FE00218320F9F704FE002184207D
:10B26000F9F700FE00218520F9F7FCFD1021902060
:10B27000F9F7F8FD4FF4C0619220F9F7F3FD40F2C1
:10B2800033110720F9F7EEFD83E48948808845F201
:10B29000084188427ED14FF480710120F9F7E2FD28
:10B2A0004FF4E0610220F9F7DDFD41F230010320A7
:10B2B000F9F7D8FD00210420F9F7D4FD40F2072169
:10B2C0000820F9F7CFFD00210920F9F7CBFD002177
:10B2D0000A20F9F7C7FD00210C20F9F7C3FD002172
:10B2E0000D20F9F7BFFD00210F20F9F7BBFD142059
:10B2F00006F0BCF841F2B0611020F9F7B3FD01216E
:10B300001120F9F7AFFD01211720F9F7ABFD4FF43C
:10B310009C711220F9F7A6FD4FF400611320F9F794
:10B32000A1FD09212920F9F79DFD09212A20F9F71E
:10B3300099FD0021A420F9F795FD00215020F9F78F
:10B3400091FDEF215120F9F78DFD00215220F9F7F1
:10B3500089FD40F23F115320F9F784FD4FF41C5151
:10B360006020F9F77FFD01216120F9F77BFD0021C5
:10B370006A20F9F777FD00218020F9F773FD00219D
:10B380008120F9F76FFD00218220F9F76BFD002184
:10B39000832000E023E0F9F765FD00218420F9F720
:10B3A00061FD00218520F9F75DFD13219020F9F75B
:10B3B00059FD00219220F9F755FD03219320F9F75B
:10B3C00051FD4FF488719520F9F74CFD40F273114F
:10B3D0000720F9F747FD322006F048F8B8E4344872
:10B3E000808841F2055188427ED100210720F9F77B
:10B3F00039FD322006F03AF84FF48E711220F9F739
:10B4000031FD0121A420F9F72DFD0F210820F9F7C6
:10B4100029FD08210A20F9F725FD08210D20F9F75B
:10B4200021FD40F207713020F9F71CFD0721312082
:10B43000F9F718FD40F203613220F9F713FD4FF4DC
:10B44000E0613320F9F70EFD40F202213420F9F7D4
:10B4500009FD02213520F9F705FD41F60F7136206F
:10B46000F9F700FD40F207713720F9F7FBFC0021E6
:10B470003820F9F7F7FC00213920F9F7F3FC40F206
:10B4800007713A20F9F7EEFC00213B20F9F7EAFCBE
:10B4900007213C20F9F7E6FC00213D20F9F7E2FC0A
:10B4A000322005F0E3FF01210720F9F7DBFC01E082
:10B4B000B828002001211720F9F7D4FC322005F02C
:10B4C000D5FF4FF4BD511020F9F7CCFC40F2172105
:10B4D0001120F9F7C7FC4FF48F711220F9F7C2FC65
:10B4E0004FF47061132000E097E0F9F7BBFC0021F6
:10B4F0002A20F9F7B7FC0A212920F9F7B3FC4FF409
:10B500009F711220F9F7AEFC00215020F9F7AAFC38
:10B51000EF215120F9F7A6FC00215220F9F7A2FCF7
:10B5200040F23F115320F9F79DFC4FF41C5160206D
:10B53000F9F798FC01216120F9F794FC00216A20B9
:10B54000F9F790FC00218020F9F78CFC0021812084
:10B55000F9F788FC00218220F9F784FC0021832080
:10B56000F9F780FC00218420F9F77CFC002185207C
:10B57000F9F778FC13219020F9F774FC4FF440712F
:10B580009220F9F76FFC05219320F9F76BFC00215D
:10B590009520F9F767FC00219720F9F763FC00215B
:10B5A0009820F9F75FFC4FF480710120F9F75AFCFD
:10B5B0004FF4E0610220F9F755FC41F23801032015
:10B5C000F9F750FC00210420F9F74CFC00210C2075
:10B5D000F9F748FC00210F20F9F744FC0021202056
:10B5E000F9F740FC00212120F9F73CFC212107203C
:10B5F000F9F738FC142005F039FF61210720F9F72D
:10B6000031FC142005F032FF40F273110720F9F7E6
:10B6100029FC142005F02AFF5AE3FE4880884BF2EB
:10B62000055188427ED100210846F9F71BFC002114
:10B630000846F9F717FC00210846F9F713FC00212A
:10B640000846F9F70FFC0121A420F9F70BFC1420A0
:10B6500005F00CFF4FF41C516020F9F703FC40F299
:10B6600002210820F9F7FEFB4FF405713020F9F7AD
:10B67000F9FB43F215713120F9F7F4FB40F2046154
:10B680003220F9F7EFFB40F616613320F9F7EAFBB9
:10B6900042F211213420F9F7E5FB4FF4A85135208F
:10B6A000F9F7E0FB48F207513620F9F7DBFB41F2EE
:10B6B00007413720F9F7D6FB41F203413820F9F76B
:10B6C000D1FB20213920F9F7CDFB1A219020F9F781
:10B6D000C9FB00211020F9F7C5FB07211120F9F75C
:10B6E000C1FB00211220F9F7BDFB00211320F9F75F
:10B6F000B9FB142005F0BAFE4FF4E6611020F9F70B
:10B70000B1FB40F237111120F9F7ACFB142005F022
:10B71000ADFE4FF4DC711220F9F7A4FB142005F004
:10B72000A5FE00E083E04FF470611320F9F79AFB67
:10B7300080212A20F9F796FB48212920F9F792FB6E
:10B74000142005F093FE4FF480710120F9F78AFB75
:10B750004FF4E0610220F9F785FB41F23801032044
:10B76000F9F780FB40F202210820F9F77BFB00216A
:10B770000A20F9F777FB00210C20F9F773FB002171
:10B780000D20F9F76FFB30210E20F9F76BFB00213C
:10B790005020F9F767FBEF215120F9F763FB0021F7
:10B7A0005220F9F75FFB40F23F115320F9F75AFBA3
:10B7B0004FF41C516020F9F755FB01216120F9F786
:10B7C00051FB00216A20F9F74DFB11219020F9F778
:10B7D00049FB4FF4C0619220F9F744FB40F202416B
:10B7E0009320F9F73FFB02219420F9F73BFB14204B
:10B7F00005F03CFE01210720F9F734FB142005F089
:10B8000035FE61210720F9F72DFB40F27311072067
:10B81000F9F728FB00212020F9F724FB0021212043
:10B82000F9F720FB22210020F9F71CFB50E27948B0
:10B8300080884CF2055188427ED100210846F9F7F4
:10B8400011FB00210846F9F70DFB142005F00EFE50
:10B8500000210846F9F706FB00210846F9F702FB2C
:10B8600000210846F9F7FEFA00210846F9F7FAFA2E
:10B870000121A420F9F7F6FA142005F0F7FD4FF4A2
:10B880001C516020F9F7EEFA40F606010820F9F79E
:10B89000E9FA40F203713020F9F7E4FA012131208E
:10B8A000F9F7E0FA04213220F9F7DCFA4FF481715C
:10B8B0003320F9F7D7FA4FF440713420F9F7D2FA70
:10B8C00040F203113520F9F7CDFA1F213620F9F7A0
:10B8D000C9FA40F203713720F9F7C4FA0121382080
:10B8E000F9F7C0FA04213920F9F7BCFA15219020A4
:10B8F000F9F7B8FA4FF482611020F9F7B3FA40F281
:10B9000047211120F9F7AEFA4FF4DE711220F9F752
:10B91000A9FA4FF460611320F9F7A4FA782005F032
:10B92000A5FD4FF480710120F9F79CFA4FF40071E6
:10B930000220F9F797FA00E050E041F230010320CD
:10B94000F9F790FA08210A20F9F78CFA00210C2067
:10B95000F9F788FA20210E20F9F784FA00210F2048
:10B96000F9F780FA00212020F9F77CFA0021212044
:10B97000F9F778FA3D212A20F9F774FA142005F036
:10B9800075FD2D212920F9F76DFA00215020F9F7D6
:10B9900069FA4DF2EF015120F9F764FA00215220C3
:10B9A000F9F760FA40F23F115320F9F75BFA0021F2
:10B9B0006120F9F757FA00216A20F9F753FA4FF49A
:10B9C00040719220F9F74EFA05219320F9F74AFACF
:10B9D0004FF480710720F9F745FA79E10D48808826
:10B9E00044F2315188427CD101210020F9F73AFA22
:10B9F0000A2005F03BFD41F228611020F9F732FAE8
:10BA00000E211220F9F72EFA40F639211320F9F70A
:10BA100029FA01E0B82800200A2005F027FD40217E
:10BA20001120F9F71FFA50211520F9F71BFA0A2007
:10BA300005F01CFD1E211220F9F714FA0A2005F06A
:10BA400015FD4FF4B1511020F9F70CFA42F63921E7
:10BA50001320F9F707FA0A2005F008FD4FF480716A
:10BA60000120F9F7FFF94FF440710220F9F7FAF9D4
:10BA700041F238010320F9F7F5F940F202210820DC
:10BA8000F9F7F0F908210A20F9F7ECF90021302044
:10BA9000F9F7E8F940F202413120F9F7E3F94FF400
:10BAA00083713220F9F7DEF940F203513320F9F7C0
:10BAB000D9F94FF482713420F9F7D4F940F2013109
:10BAC0003520F9F7CFF940F207713620F9F7CAF9B6
:10BAD00040F205313720F9F7C5F94FF402713820EB
:10BAE00000E040E0F9F7BEF940F60B713920F9F7B4
:10BAF000B9F902214120F9F7B5F94FF41C51602042
:10BB0000F9F7B0F901216120F9F7ACF94FF40471AC
:10BB10009020F9F7A7F94FF485719220F9F7A2F96F
:10BB200004219320F9F79EF94FF48071A020F9F7D2
:10BB300099F901210720F9F795F921210720F9F753
:10BB400091F923210720F9F78DF933210720F9F71F
:10BB500089F940F233110720F9F784F90021A02078
:10BB6000F9F780F9B4E06048808844F235518842A2
:10BB7000F8D130211520F9F775F910219A20F9F73D
:10BB800071F920211120F9F76DF943F228411020B5
:10BB9000F9F768F902211220F9F764F941F2380146
:10BBA0001320F9F75FF9282005F060FC1221084600
:10BBB000F9F758F9282005F059FC43F220411020EC
:10BBC000F9F750F943F238011320F9F74BF9462001
:10BBD00005F04CFC00213020F9F744F940F2024115
:10BBE0003120F9F73FF940F207313220F9F73AF9FD
:10BBF0004FF441713320F9F735F904213420F9F776
:10BC000031F940F201413520F9F72CF940F2077182
:10BC10003620F9F727F940F205313720F9F722F9F4
:10BC20004FF4C2613820F9F71DF94FF4C261392091
:10BC3000F9F718F94FF480710120F9F713F94FF46F
:10BC400040710220F9F70EF941F230010320F9F7B3
:10BC500009F940F608010820F9F704F908210A203B
:10BC6000F9F700F94FF41C516020F9F7FBF80121B6
:10BC70006120F9F7F7F84FF49F719020F9F7F2F887
:10BC80004FF480719220F9F7EDF84FF48071932012
:10BC9000F9F7E8F84FF44051A020F9F7E3F8102144
:10BCA000A320F9F7DFF801210720F9F7DBF82121BC
:10BCB0000720F9F7D7F823210720F9F7D3F8332124
:10BCC0000720F9F7CFF840F233110720F9F7CAF847
:10BCD0000120F7F7CBFF0120044908604FF6FF7001
:10BCE000F7F780FF21B000BDB828002084824042D1
:10BCF00010B50121034800F01AF80121014800F0B5
:10BD000013F810BD0004004010B50121054800F0F3
:10BD10000EF8012805D10121024800F005F8F7F7D7
:10BD2000B9F810BD00080040CA430282704730B520
:10BD30000246002000230024158A05EA01039589A4
:10BD400005EA010413B10CB1012000E0002030BD70
:10BD50002DE9FC5F04460D4617461E46DDE90EAB95
:10BD6000DDE90C894FF478405749088057A010212D
:10BD7000CDE90010564843880288A0212820F9F711
:10BD800009F854A01021CDE90010514843880288D9
:10BD9000A0217820F8F7FEFF4FA01021CDE9001078
:10BDA0004B4843880288B4212820F8F7F3FF4BA0C2
:10BDB0001021CDE90010464843880288B42178203C
:10BDC000F8F7E8FF46A01021CDE90010404843886D
:10BDD0000288C8212820F8F7DDFF42A01021CDE914
:10BDE00000103B4843880288C8217820F8F7D2FF2A
:10BDF0003DA01021CDE90010354843880288DC21A0
:10BE00002820F8F7C7FF39A01021CDE900103048ED
:10BE100043880288DC217820F8F7BCFF34A0102189
:10BE2000CDE900102A4843880288F0212820F8F73D
:10BE3000B1FF102004232246A02100904020F8F7F3
:10BE40005FFF102004232A46A02100909020F8F7DD
:10BE500057FF102004233A46B42100904020F8F701
:10BE60004FFF102004233246B42100909020F8F7B1
:10BE700047FF102004234246C82100904020F8F7D5
:10BE80003FFF102004234A46C82100909020F8F775
:10BE900037FF102004235246DC2100904020F8F7A1
:10BEA0002FFF102004235A46DC2100909020F8F741
:10BEB00027FF102000900648018803236020109A75
:10BEC000F8F71EFFBDE8FC9F0000002078313A0023
:10BED000B828002079313A0078323A0079323A00B5
:10BEE00078333A0079333A0078343A0079343A00BA
:10BEF0006661632069733A0000B597B00020129024
:10BF00000B9012901F21FE4801804FF6FF70FD49F3
:10BF10000880F7F767FE4FF47841F94801804FF643
:10BF2000FF70F7F75FFE0020F5490880F6480068CB
:10BF300010216423A022CDE9001028210846F8F73B
:10BF400029FF4FF478421421084600F04BFC0021F1
:10BF5000EE4880F820109FEDEE0A80ED090A49E2D4
:10BF6000EA4840680A9001200A998847E74890F813
:10BF7000200000F0C000402870D100200B90E34862
:10BF800090F8200020F04000E04981F820000846A9
:10BF9000828913A9129821F82020DC48C18A13AAAB
:10BFA000129802EB800041801298401CC0B212909F
:10BFB0001298012806D0022815D0032829D0042879
:10BFC00010D141E04FF6FF721421084600F00AFC40
:10BFD000D0480088143880B24FF4784214210A9077
:10BFE00000F000FCE8E3CB480088143880B24FF63C
:10BFF000FF7214210A9000F0F5FBC64840881438FF
:10C0000080B24FF4784201460A90142000F0EAFB17
:10C01000D2E3C0484088143880B24FF6FF72014620
:10C020000A90142000F0DEFBBA484088143880B231
:10C030000A90B8480088143880B24FF478420990CA
:10C040000A9900F0CFFBB7E3BDF84C10BDF85000E3
:10C05000081A0A90002802DB0A9802E0ADE30A9869
:10C0600040420F90BDF84E1013A8C088081A0A90DD
:10C07000002801DB0A9801E00A9840420E900F98D0
:10C0800040430F900E9840430E90DDE90E10084497
:10C09000059006F06BFACDE906019DED060B05F063
:10C0A00001F98DED080B9DED080B51EC100B06F01E
:10C0B00019FA80B21190BDF85400BDF85810401A1A
:10C0C0000A90002801DB0A9801E00A9840420F908C
:10C0D00013A84189C089081A0A90002801DB0A9830
:10C0E00001E00A9840420E900F9840430F900E983E
:10C0F00040430E90DDE90E100844059006F036FA34
:10C10000CDE906019DED060B05F0CCF88DED080B91
:10C110009DED080B51EC100B06F0E4F980B2109085
:10C120009DED110AF8EE400A9DED100AB8EE401A96
:10C1300080EE810A8DED0A0A0A9806F05DFDCDE9D0
:10C140000C019FED750B53EC102B9DED0C0B51EC7E
:10C15000100B06F01FFA0ED39FED710B53EC102B52
:10C160009DED0C0B51EC100B06F04EFB03D3119818
:10C1700008B11098F0BB002012906648408814382F
:10C1800080B20A9063480088143880B24FF6FF727C
:10C1900009900A9900F026FB4FF4784214210846D2
:10C1A00000F020FB9FED600B53EC102B9DED0C0B72
:10C1B00051EC100B06F02AFACDE908019DED080BB1
:10C1C00051EC100B06F08EF980B213A90A90C989C0
:10C1D000BDF8582013AB5B89CDE90132CDE90310DE
:10C1E000BDF85400009013A8C0880990BDF8500015
:10C1F000089000E00AE0BDF84E000790BDF84C0042
:10C20000069007A90EC9FFF7A3FDE5E2BDF84C10A3
:10C21000BDF85400081A0A90002801DB0A9801E0D2
:10C220000A9840420F90BDF84E1013A84089081A92
:10C230000A90002801DB0A9801E00A9840420E901B
:10C240000F9840430F900E9840430E90DDE90E107A
:10C250000844059006F08AF9CDE906019DED060B2C
:10C2600005F020F88DED080B9DED080B51EC100B3F
:10C2700006F038F980B21190BDF85000BDF85810A2
:10C28000401A0A90002801DB0A9801E00A9840420F
:10C290000F9013A8C188C089081A0A90002801DBF2
:10C2A0000A9801E00A9840420E900F9840430F9080
:10C2B0000E9840430E90DDE90E100844059006F0FC
:10C2C00055F9CDE906019DED060B04F0EBFF8DED70
:10C2D000080B9DED080B51EC100B06F003F980B232
:10C2E00010909DED110AF8EE400A9DED100AB8EE8F
:10C2F000401A80EE810A8DED0A0A0A9818E00000C3
:10C30000000000200200002048000020080000205B
:10C3100000000000B8280020666666666666EE3F8C
:10C32000CDCCCCCCCCCCF03F00000000000059407C
:10C3300006F062FCCDE90C011FED090B53EC102B4C
:10C340009DED0C0B51EC100B06F024F90AD31FEDF8
:10C350000C0B53EC102B9DED0C0B51EC100B06F05D
:10C3600053FA48D200201290FE484088143880B218
:10C370000A90FC480088143880B24FF6FF7209908A
:10C380000A9900F02FFA4FF478421421084600F081
:10C3900029FA1FED1B0B53EC102B9DED0C0B51ECF0
:10C3A000100B06F033F9CDE908019DED080B51ECB7
:10C3B000100B06F097F880B213A90A90CA89BDF84D
:10C3C000581013AB5B89CDE90131CDE90320BDF8ED
:10C3D0005400009013A8C0880990BDF85000089040
:10C3E000BDF84E000790BDF84C00069007A90EC995
:10C3F000FFF7AEFCF0E1BDF85000BDF85410401A54
:10C400000A90002801DB0A9801E00A9840420F9048
:10C4100013A8C1884089081A0A90002801DB0A98ED
:10C4200001E00A9840420E900F9840430F900E98FA
:10C4300040430E90DDE90E100844059006F096F892
:10C44000CDE906019DED060B04F02CFF8DED080BE8
:10C450009DED080B51EC100B06F044F880B21190E2
:10C46000BDF84C00BDF85810401A0A90002801DBB6
:10C470000A9801E00A9840420F90BDF84E1013A8A8
:10C48000C089081A0A90002801DB0A9801E00A987E
:10C4900040420E900F9840430F900E9840430E90EC
:10C4A000DDE90E100844059006F060F8CDE90601BC
:10C4B0009DED060B04F0F6FE8DED080B9DED080BCF
:10C4C00051EC100B06F00EF880B210909DED110AA1
:10C4D000F8EE400A9DED100AB8EE401A80EE810A8F
:10C4E0008DED0A0A0A9806F087FBCDE90C011FEDD5
:10C4F000760B53EC102B9DED0C0B51EC100B06F052
:10C5000049F80AD31FED7A0B53EC102B9DED0C0B61
:10C5100051EC100B06F078F949D2002012909148A6
:10C520004088143880B20A908E480088143880B24F
:10C530004FF6FF7209900A9900F054F94FF47842CF
:10C540001421084600F04EF91FED890B53EC102B17
:10C550009DED0C0B51EC100B06F058F8CDE90801DD
:10C560009DED080B51EC100B05F0BCFF80B20246AC
:10C570000A9013A8C089BDF8581013AB5B89CDE9A8
:10C580000131CDE90302BDF85400009013A8C08822
:10C590000990BDF850000890BDF84E000790BDF816
:10C5A0004C00069007A90EC9FFF7D2FB14E1BDF8B5
:10C5B0005000BDF84C10401A00EE100AF8EEC00A08
:10C5C00068480088283800EE100AB8EEC00A80EEED
:10C5D000201A654880ED091ABDF85000BDF84C10CE
:10C5E000084400EE100AF8EEC00A5E48008800EE2B
:10C5F000100AB8EE400A5C4890ED091A01EE600A94
:10C60000F0EE000A80EE201A80ED0B1A13A8408984
:10C61000BDF84E10401A00EE100AF8EEC00A51485C
:10C620004088283800EE100AB8EEC00A80EE201AC2
:10C630004D4880ED0A1A13A84089BDF84E100844F1
:10C6400000EE100AF8EEC00A4648408800EE100AD4
:10C65000B8EE400A444890ED0A1A01EE600AF0EE86
:10C66000000A80EE201A80ED0C1A90ED090ABDEE4A
:10C67000C00A8DED090A0998002801DB099801E03C
:10C680000998404202280FDC374890ED0A0ABDEEB7
:10C69000C00A8DED0A0A0A98002801DB0A9801E019
:10C6A0000A984042022842DD002012902D4840881E
:10C6B000143880B20A902B480088143880B24FF6A4
:10C6C000FF7209900A9900F08DF84FF47842142116
:10C6D000084600F087F825A01021CDE90010214878
:10C6E00040880A901F480088099002461A21282095
:10C6F0000A9BF8F74FFB1C4890F8340008B901205A
:10C7000000E00020184981F83400084690F8340011
:10C7100030B190201A490870D0201A49087005E0FD
:10C72000D0201749087090201649087054E01F2146
:10C73000154801804FF6FF70F7F754FA13A0102147
:10C74000CDE90010074840880A9006480088099003
:10C7500002466E2123200A9BF8F71CFB4FF47A70E7
:10C7600020E00000B8280020080000205450204E8F
:10C7700065656420726561646A75737421000000E8
:10C78000400000204100002000000020546F75632D
:10C79000682053637265656E2041646A7573742006
:10C7A0004F4B210004F062FE00F030FA4FF6FF70AC
:10C7B000F7F718FA17B000BD00BF0A2004F056FEC4
:10C7C0000B98401C80B20B900B98B0F57A7F02DD7D
:10C7D00000F040F802E000BFFFF7C2BB00BF00BF9F
:10C7E000E8E7000070B504460D4616461848068076
:10C7F00004F10D018AB2193988B22B462946F7F7A0
:10C800001DFC05F10D0083B2193881B22246204685
:10C81000F7F714FC6A1C91B2621C90B2F7F79AFC0D
:10C820006A1C91B2621E90B2F7F794FC6A1E91B234
:10C83000621C90B2F7F78EFC6A1E91B2621E90B233
:10C84000F7F788FC062229462046F4F794FC70BDD1
:10C850000000002010B586B018220021684600F0C4
:10C8600023FC9DF80E400A2C4CD12748009901600A
:10C87000046800EE104AB8EEC00ADFED240A80EE2C
:10C88000201A234880ED091A1F48019901600468A5
:10C8900000EE104AB8EEC00ADFED1C0A80EE201A46
:10C8A0001B4880ED0A1A184802990160046800EEDE
:10C8B000104AB8EEC00A164880ED0B0A12480399D8
:10C8C0000160046800EE104AB8EEC00A104880ED1E
:10C8D0000C0A9DF80D000E4981F83400084690F8C6
:10C8E000340030B190200B490870D0200A490870FC
:10C8F00005E0D02007490870902007490870012002
:10C9000006B010BD0020FBE74400002020BCBE4C58
:10C910000800002040000020410000201CB53748DE
:10C92000808845F21051884218D1F9F78DFE3448BD
:10C9300034494860084690F8340040F0800081F89F
:10C940003400084690F834002C49897901F001013F
:10C9500008432C4981F8340000201CBD0121262009
:10C96000F9F736FF4FF48040009000208DF8040066
:10C970008DF8060003208DF8050001208DF80700D2
:10C9800069462148F4F790FE2020009000208DF8A1
:10C9900004008DF8060003208DF8050001208DF8B5
:10C9A000070069461948F4F77FFE4FF430400090C5
:10C9B00001208DF8040069461348F4F775FE11490B
:10C9C0001631A1F10A0000F0A9F80E491631A1F1C3
:10C9D0000A0000F0A3F8FFF73DFF08B10020BCE714
:10C9E0000B480088F7F7FEF8FFF786FA00F00EF91B
:10C9F000FFF730FF00BF0120AFE70000B82800209C
:10CA0000F10800080800002000040240000802406D
:10CA10000200002070B506460025002400201F49B2
:10CA200008601F49C1F8BC021C49091F0860304654
:10CA300000F0A6F9062004F041FD00201849C1F8D5
:10CA4000B402012004F03AFD01201449086004F00A
:10CA500035FD00201249C1F8B40200BF15E04FF6C1
:10CA6000FF7000EA440400200C490860012004F033
:10CA700025FD01200A49C1F8B40208487C38006845
:10CA800008B1601C84B2681CC5B2102DE7DB24110C
:10CA900001200249091F0860204670BDB48240424F
:10CAA000008040422DE9FE4380460027002406E036
:10CAB0004046FFF7AFFF2DF81400601C84B2052C30
:10CAC000F6DB002416E0601C85B20FE03DF8140090
:10CAD0003DF81510884207DD3DF814603DF815005B
:10CAE0002DF814002DF81560681C85B2052DEDDBBE
:10CAF000601C84B2042CE6DB0027012405E03DF82D
:10CB00001400384487B2601C84B2042CF7DB032085
:10CB100097FBF0F086B23046BDE8FE832DE9F04188
:10CB200004460D4607480078FFF7BCFF0646064856
:10CB30000078FFF7B7FF074626802F800120BDE869
:10CB4000F081000040000020410000207FB5044635
:10CB50000D4602A903A8FFF7E1FF064616B900201B
:10CB600004B070BD694601A8FFF7D8FF06460EB9AC
:10CB70000020F5E7BDF80400BDF80C10884206DC83
:10CB8000BDF80C10BDF80400323081420CDBBDF85A
:10CB90000C00BDF80410884236DCBDF80410BDF866
:10CBA0000C00323081422FDABDF80000BDF80810C9
:10CBB000884206DCBDF80810BDF800003230814222
:10CBC0000CDBBDF80800BDF8001088421CDCBDF885
:10CBD0000010BDF808003230814215DABDF80C10A3
:10CBE000BDF80420881800EBD071C1F34F012180FB
:10CBF000BDF80810BDF80020881800EBD071C1F313
:10CC00004F0129800120ABE70020A9E700B587B0DC
:10CC10001F4890ED090ADFED1F0A20EE200ABDEE45
:10CC2000C00A1D4880ED000A00680190184890ED88
:10CC30000A0ADFED180A20EE200ABDEEC00A1648E7
:10CC400080ED000A00680290114890ED0B0ABDEEDD
:10CC5000C00A114880ED000A006803900C4890ED6E
:10CC60000C0ABDEEC00A0C4880ED000A0068049072
:10CC7000074890F834008DF811000A208DF8120052
:10CC80001822002101A800F07BFA07B000BD0000C7
:10CC90000800002020BCBE4C4400002010B5044613
:10CCA00035480068002843D12CB13449A1F10A006D
:10CCB000FFF74CFF2AE03149A1F10A00FFF746FFD8
:10CCC00020B32E48163890ED0B0A90ED091A808992
:10CCD00000EE900AF8EE600A01EE200ABCEEC00AEF
:10CCE00010EE100A254916398881084690ED0C0A85
:10CCF00090ED0A1AC08A00EE900AF8EE600A01EE82
:10CD0000200ABCEEC00A10EE100AC8821B48163872
:10CD100090F8200000F0800038BBC0201749163979
:10CD200081F82000084681898182C18AC1831CE084
:10CD30001248163890F8200000F0800050B10F48DB
:10CD4000163890F8200020F080000C49163981F840
:10CD500020000AE00021094816388182C1834FF67D
:10CD6000FF70064916398881C8820448163890F841
:10CD7000200000F0800010BD140241421E0000207F
:10CD8000002100BF15E000F080021AB101220A4B19
:10CD90001A6002E00022084B1A604206100E0022C0
:10CDA000054B083B1A600122044BC3F8B4224A1C0D
:10CDB000D1B20829E7DB7047BC8240420080404284
:10CDC00010B5F8F7DDFA40F225511E4800F055F88D
:10CDD00010B31C4800F00AF9C4B21B48008800F4E4
:10CDE0000040C8B91848008800F4804060B10A2C9F
:10CDF00003D000201449088020E01348008840F444
:10CE000000401149088019E00D2C06D10E48008819
:10CE100040F480400C49088010E00B480088C0F3C3
:10CE20000D000A490C5408480088401C0649088037
:10CE300008460088C72801DD00200880F8F7B2FA0C
:10CE400010BD00000010014078000020883B002049
:10CE500001F40072B2F5007F00D100BFCA43028026
:10CE6000704721B1828942F40052828104E08289B4
:10CE70004DF6FF731A408281704770B50246002458
:10CE800000230025002040F66A16B14200D100BF01
:10CE9000C1F3421501F01F03012606FA03F3012D29
:10CEA00002D19689334006E0022D02D1168A334022
:10CEB00001E0968A33400C12012606FA04F4168823
:10CEC000344013B10CB1012000E0002070BDF0B57A
:10CED0000346002400260025002040F66A17B942C8
:10CEE00000D100BF1846C1F3421401F01F0601270C
:10CEF00007FA06F5012C01D10C3004E0022C01D117
:10CF0000103000E014301AB107682F43076002E0C8
:10CF10000768AF430760F0BD2DE9FF4705460E46A1
:10CF20000024A14600BFA046B08900B100BF2C8AF2
:10CF300024F44054F08804432C82AC8941F20C6004
:10CF40008443B08831890843718908430443AC8124
:10CF5000AC8A24F44074B0890443AC826846F9F783
:10CF600077FC2048854202D01F48854202D1DDF877
:10CF70000C9001E0DDF80890A88900F4004040B171
:10CF800009EBC90000EB091031684900B0FBF1F76B
:10CF900007E009EBC90000EB091031688900B0FB1C
:10CFA000F1F76420B7FBF0F004012009642101FBD4
:10CFB0001078A88900F4004040B1322000EBC8008E
:10CFC000B0FBF1F000F00700044308E0322000EB72
:10CFD00008106421B0FBF1F000F00F0004432C8135
:10CFE000BDE8FF8700100140001401400146888819
:10CFF000C0F30800704700BFFEE7000010B504460C
:10D00000214610A0F3F7C6F9240300F015F900F04B
:10D01000ADF800200D4908602020FBF7CFF9C4F3DC
:10D020000740FBF7CBF9C4F30720FBF7C7F9E0B2E1
:10D03000FBF7C4F901200649C1F8800200F096F818
:10D0400010BD000066653A25780D0A0080824042D6
:10D05000008040421CB501210220F9F7B9FB0120F4
:10D0600000908DF8040000208DF8060003208DF854
:10D07000050001208DF8070069460848F4F714FB05
:10D08000012007490860FBF737F90020FBF7B2F9E8
:10D0900000F032F8034908801CBD00000004024083
:10D0A000808240425C0000202DE9F04106460C469B
:10D0B000174600200F4908600320FBF77FF9C4F3EF
:10D0C0000740FBF77BF9C4F30720FBF777F9E0B2E1
:10D0D000FBF774F9002505E0FF20FBF76FF97055A9
:10D0E000681C85B2BD42F7DB012002490860BDE83B
:10D0F000F08100008082404210B5002400200E49DB
:10D1000008609020FBF75AF90020FBF757F9002040
:10D11000FBF754F90020FBF751F9FF20FBF74EF91C
:10D1200044EA0024FF20FBF749F9044301200349A6
:10D13000C1F88002204610BD8082404200804042FB
:10D1400010B500240020074908600520FBF736F9D8
:10D15000FF20FBF733F9044601200349C1F88002A0
:10D16000204610BD808240420080404210B500BF82
:10D17000FFF7E6FF00F001000028F9D110BD000024
:10D180002DE9F05F81460F461646DFF8A8B04FEA5A
:10D190001738C7F30B0ACAF58054A64200DC3446A0
:10D1A00044E04FEA08314FF480525846FFF77CFFC5
:10D1B000002508E00AEB05001BF80000FF2800D05E
:10D1C00003E0681C85B2A542F4DB00BFA54216DA75
:10D1D0004046FFF713FF002507E019F8050005EBAF
:10D1E0000A010BF80100681C85B2A542F5DB4FEA85
:10D1F00008314FF48052584600F02EF804E02246E1
:10D200003946484600F028F8A64200D10FE008F160
:10D2100001084FF0000AA1442744301B86B2B6F53E
:10D22000805F02DD4FF4805400E03446B9E700BF70
:10D23000BDE8F09F882B002010B50020044908604D
:10D240000620FBF7BBF801200249C1F8800210BD9F
:10D2500080824042008040422DE9F04107460E4660
:10D260001446F0B2C0F58075AC4200DC254612E0F1
:10D270002A463146384600F013F8AC4200D10BE0A4
:10D280002F442E44601B84B2B4F5807F02DD4FF43E
:10D29000807500E02546EBE700BFBDE8F0810000A7
:10D2A0002DE9F04106460C461746FFF7C5FF002062
:10D2B0000F4908600220FBF781F8C4F30740FBF731
:10D2C0007DF8C4F30720FBF779F8E0B2FBF776F8B6
:10D2D000002504E0705DFBF771F8681C85B2BD4263
:10D2E000F8DB012002490860FFF740FFBDE8F0814C
:10D2F0008082404202490120096881F85400704749
:10D300007C0200202DE9F0418AB00446F5F7C0F810
:10D31000BCB32046F4F7A6FC0190D0E90012CDE999
:10D320000412876A056A01A8F4F7D2FC204600F0CF
:10D33000D5FC060025D0204600F029F98046B80724
:10D3400004D52A46414604A800F011FE2046F4F711
:10D3500089FC01904046F4F785FC06903046F4F7CE
:10D3600081FC039005620698019AC1691162C4614B
:10D3700001A8F4F7ADFC06A8F4F7AAFC03A8F4F79B
:10D38000A7FCF6F755F80AB0BDE8F0812DE9FC5F7F
:10D390009846DDE90C5491460E460746DDF83CB050
:10D3A000F5F776F8DFF82CA1DAF8140004434DB94C
:10D3B000BAF8020048B348480AF138010068407CD6
:10D3C00051F82050681C0ED0FDB12846F4F74AFCF5
:10D3D0000190B0F90010B0F902200F441644B9F1E1
:10D3E000000F02D006E000250FE0B0F90430591A12
:10D3F00001F10109B8F1000F04D1B0F90600801A5B
:10D4000000F1010801A8F4F763FC0BF12C00F4F71C
:10D410006CFB5FEA000B57D0BAF80200401CAAF878
:10D4200002005846F4F71EFC0090078007EB090144
:10D430004680491E818006EB0801491EC1800E9975
:10D440000161264A816A2240114381626846F4F7ED
:10D450003FFCDAF80C005E4650B1F4F751FC074689
:10D460003046F4F74DFC0146786948617E6101E081
:10D47000CAF80CB02946584600F0C6FCA00602D5F2
:10D48000584600F055FBE00705D0DAF8201001F10E
:10D490000101CAF82010600602D55846FFF732FF96
:10D4A000A0070DD55846F4F7DDFB0090816A41F0E6
:10D4B000020181626846F4F70BFC584600F0D4FA8A
:10D4C0000121584600F032FEF5F7B2FF5846BDE89C
:10D4D000FC9F00001C0300207C0200209F3F0700EF
:10D4E000064910B50968002081F85400F4F7D0FF10
:10D4F000F7F76EFABDE81040F5F79ABF7C020020FE
:10D5000010B50446C168D4E90020172A0DD004DC08
:10D510000E2A0CD0142A07D104E0222A0CD0282A83
:10D5200002D10CE000F095FB0020E06010BD214628
:10D53000BDE8104000F01EBB6FF07040F5E7BDE89D
:10D54000104000F091BA0000034804490068407C94
:10D5500051F82000704700007C0200205403002096
:10D560000021022802D2024951F8201008467047D3
:10D570005403002010B5040007D0F4F789FF2046BB
:10D58000F4F7BEFBC469F5F753FF204610BD10B594
:10D59000040007D0F4F77CFF2046F4F7B1FB846960
:10D5A000F5F746FF204610BD2DE9F04F9BB04FF038
:10D5B000000B5E46CDF820B0CDF824B0CDF828B0F1
:10D5C000F5F7D2FA18B100201BB0BDE8F08F68461D
:10D5D000F5F7A4FA0098C84DC84C401C0ED101982C
:10D5E000401C0BD120689DF8081000EB400005EBB3
:10D5F0008000007A884201D15846E5E7F4F748FFF9
:10D60000009800280EDB019800280BDBBC4900982D
:10D61000B1F900100844BB4900900198B1F900101D
:10D6200008440EE00098401C0CD10198401C09D120
:10D63000206800EB400055F8201005EB80000091B9
:10D640004068019005A800F0CDFA9DF80900022875
:10D6500000D2206007AA12A92068F4F783FE12996D
:10D660000098401A009007990198009A401A01907A
:10D67000206800EB400055F8201091420AD105EBDC
:10D680008000019A4168914204D1007A9DF8081007
:10D6900088427CD0DDE900019DF80920F4F73CFBCD
:10D6A000994F396809B1684688479848216850F809
:10D6B000210018B9DDE9000100F02BFA06907A6824
:10D6C00012B10699684690478B4F2068383707EBB0
:10D6D000C0014868069A824201D0012200E000227F
:10D6E0000DF12009F0B1EAB1486800F05FFCC8B163
:10D6F000206807EBC000406800F04DFC90B19DE849
:10D70000070008AB07C31220CDF844900E902068A4
:10D7100007EBC00040680EA900F02EFD206807EB63
:10D72000C0004660069800F041FC00287ED00699B3
:10D73000206807EBC002516000EB400005EB800061
:10D740009DF80810007ADFF8B0A188420AF1280A93
:10D750005DD00698C0B30698F4F784FA9DF80810D7
:10D7600013908DF83410216801EB410105EB810124
:10D77000097A8DF83510B0F900200099891A0B91BB
:10D78000B0F902000199081A0C9013A800E0ACE06F
:10D79000F4F79EFA0BA8119011200E90206800EB70
:10D7A000400105EB810191E88C000492CDE914372A
:10D7B0009DF808200A729DF8281031B10AEBC001CB
:10D7C0004F68069A4A6001E021E000270AEBC0009A
:10D7D000D0F8048006980EA900F09AFC21680AEBA4
:10D7E000C1004368434501D04068069001EB410009
:10D7F00005EB8003DDE91412049807C33FB13846F6
:10D8000000F064F918B121680AEBC1004760206894
:10D810009DF8081000EB400805EB8802137A0B43D3
:10D820004BD00C234FF0010B574600E052E00AEBBF
:10D83000C0000E934368DDF818C09C4515D04368BE
:10D840009BB109B1119608E055F82810089151686C
:10D8500009918DF82860CDF8449040680EA900F039
:10D860008BFC206807EBC000466020689DF808101C
:10D8700000EB400205EB82021172069951B39DE85C
:10D880000E000DF12008A8E80E009DF8281021B127
:10D89000069907EBC000416008E01D48007808B118
:10D8A00000F02EF9206807EBC00046600698CDF81E
:10D8B00044900EA900F060FC0CE0069850B1069868
:10D8C00000F069FB30B19DE8070008AB07C31020EA
:10D8D0000E90EBE721689DE81C0001EB410005EB91
:10D8E00080001CC0684600F0FDF805A800F0D2FBDF
:10D8F000F5F79EFD80E60000C07A01202403002099
:10D90000A8020020AA020020A40300206403002033
:10D91000740300202DE9FF5F2C4D6878002853D157
:10D9200000272B48EF60AF620068DFF8A8903C4604
:10D930004764AF806F804FF0020A4FF0FF3B40F624
:10D94000FF7805F138062046F4F732FB98B1CDE9AF
:10D950000297CDE900BA0021424643460846FFF748
:10D9600015FD1A4A46F8240040326FF0704142F823
:10D97000241000F079F8641C022CE4DB164FDFF869
:10D980005C80DFF85C90002407EBC40000F02AF90B
:10D9900008EBC40000F026F909EBC40000F022F9FE
:10D9A000641C022CF0DB306800F0C2F8FFF7A2FC28
:10D9B00001200649687030310A48086004B0084602
:10D9C000BDE8F05FF5F7AABFBDE8FF9F1C0300208C
:10D9D0007C02002025130108D87A0120E87A012072
:10D9E000F87A0120B101010870B586B00D46060035
:10D9F00031D0F4F74DFD3046F4F734F90090846AE5
:10DA0000A10723D5D0E90010CDE90110E00302D52C
:10DA1000304600F04EFA5DB12868039068680490C3
:10DA200003A9009800F0E6F803A901A8F5F7D2FED3
:10DA3000314601A800F0E6F840B140F6010004408C
:10DA4000012C0AD001A9304600F030FA6846F4F7FC
:10DA50003FF9F5F7EDFC06B070BD0098026A8169E8
:10DA600001A800F084FAF1E70021FFF7BDBFFEB581
:10DA700015460E4604001CD0F4F7F4F80246009058
:10DA800090F82800800711D5314601A8F5F7BFFEB0
:10DA900060B16846F4F71CF92A4601A9204602F055
:10DAA000E3FA2046FFF766FD04460CE06846F4F70B
:10DAB0000FF9FEBD2A4601A92046FFF7D8FF2046F0
:10DAC000F4F71EF9046A002CF4D1FEBD10B504462B
:10DAD000F4F7DEFC204600F0A5FA0446F5F7A8FCB2
:10DAE000204610BD054A01EB410102EB8101D0E95E
:10DAF000002380680A60C1E901307047847B0120FF
:10DB000010B5F4F7C5FC00F0AFFABDE81040F5F72A
:10DB10008FBC70B50C460546F4F7BAFC2246294680
:10DB2000002002F037FC0446F5F782FC204670BD69
:10DB300070B50446F4F7ACFC0C4D2868866C0CB943
:10DB40000B49CC688464204600F0BAFAF6F740FF2F
:10DB50002046F4F7D5F82968B0F90020CA64B0F976
:10DB600002000865F5F764FC304670BD7C020020B9
:10DB70001C03002070B50C0005460DD0F4F788FC9E
:10DB80002846FFF704FD18B12146A56000F0A2FA6F
:10DB9000BDE87040F5F74CBC70BD00000EB50E48F6
:10DBA000006890F8541009B10C4811E0806CF4F74B
:10DBB00059F80090D0E90010CDE901106846F4F75B
:10DBC00087F80748416A11B101A800F01BF801A8C5
:10DBD00002F002FC0EBD00007C0200204C7A012005
:10DBE0001C03002002490A680260086070470000B8
:10DBF0002C0300200B46B0F90220B0F900101846A3
:10DC0000F4F77CBF38B50C4605462046F4F72AF8F1
:10DC10000146009090F82800800703D46846F4F786
:10DC200057F812E02846F5F7D5FD0098806920B135
:10DC300004466846F4F74CF8E7E76846F4F748F816
:10DC4000204600F0E5FC002801DA002038BD012064
:10DC500038BD38B50C4600280AD0002C08D0F4F79F
:10DC600001F82146009000F004F86846F4F730F817
:10DC700038BD00224A800A8082880388D21A8A80AE
:10DC8000C2884088101AC880704710B5FFF77FFC23
:10DC9000002802D0F4F734F8C06910BD0D4810B563
:10DCA000006890F85400002806D00B4C60690128E9
:10DCB00003DD401E6061002010BD2069401C206112
:10DCC00001F0EEFD18B1FFF769FF012010BD60699A
:10DCD000EFE700007C020020447A012070B5054681
:10DCE000FFF7D3FF08E0AC4201D1002406E0F4F7CF
:10DCF00007F8006AA84201D00400F4D1204670BDA4
:10DD000010B50446F3F7FCFF80690028F9D12046DE
:10DD1000BDE8104000F07CBCF0B5384E074687B037
:10DD2000306890F8541041B1354C6169491C61610B
:10DD3000012905DD012007B0F0BDFFF72FFFF9E74E
:10DD4000806CF3F78FFF2F4D4FF0FF310090216172
:10DD5000297821B181680291C068039007E090F8AA
:10DD6000281089073CD5D0E90010CDE902101FB179
:10DD7000394602A8F5F72EFD3068406C78B300985C
:10DD800004903068406C0168059140680690686AAC
:10DD900030B104A8F3F79CFF686AF3F763FF0490BF
:10DDA00005A90498FFF726FF05A902A8F5F712FDBB
:10DDB0000DF11000F3F78CFF696A19B102A8FFF7A3
:10DDC00021FFB0B13068816C02A8FFF71BFF80B162
:10DDD000DDE90201C4E90001FFF760FFABE706E0FF
:10DDE0006069401E60616846F3F772FF04E06846B0
:10DDF000E0E76069401E606100209CE77C02002033
:10DE0000447A01201C030020FEB50D00044647D0D3
:10DE1000F3F728FF00900021856101622846F3F79F
:10DE200021FF00990290C56991F8281001F00806B9
:10DE30002DB12846F3F716FF019036B115E0C46105
:10DE40006846F3F745FF02A828E090F8280000078D
:10DE50000BD5009805620298C4616846F3F738FF55
:10DE600002A8F3F735FF01A818E002A8F3F730FF86
:10DE700001A8F3F72DFF2846F3F742FF11E00462F3
:10DE80000BE02846F3F73CFF5EB990F8281009072D
:10DE900007D501980462009805626846F3F718FFF9
:10DEA000FEBD0190056A002DEBD1E8E7202202F0CB
:10DEB000DBB838B504001ED0F3F7D4FE009090F81C
:10DEC0002810890714D5406A20B1F4F7E1FB0099C6
:10DED000002048622046FFF74DFB044606E020463E
:10DEE000FFF7E7FF2046F3F70BFF046A002CF6D19B
:10DEF0006846F3F7EDFE38BD2DE9FF41984616461A
:10DF000007460D0031D00846F3F7ACFE0090846A56
:10DF10000246A00726D5394601A8F5F778FC08B3D4
:10DF200040F601000440012C07D0424601A92846D2
:10DF300002F09AF80098C46912E000984346026A19
:10DF4000816901A8FFF7D8FFF4E7B4420AD042463E
:10DF500001A92046FFF78BFD2046F3F7D1FE046AA6
:10DF6000002CF2D16846F3F7B3FEBDE8FF81202311
:10DF7000FFF7C2BF70B50C46002550B14CB100BFD1
:10DF8000F3F7BEFE8069A04201D1012501E000281F
:10DF9000F6D1284670BD10B50124F3F7B1FE90F814
:10DFA0002800C00600D50024204610BD70B5104DD5
:10DFB00006460E4C286804EBC00041683046FFF767
:10DFC000D9FF296804EBC102516829B100215268C8
:10DFD000B24203D1012202E00121F8E7002201430D
:10DFE000114301D0012070BD002070BDD87A0120FE
:10DFF0002403002090F828309B0711D5B0F9003099
:10E000008B420DDCB0F904308B4209DBB0F9021011
:10E01000914205DCB0F90600904201DB0120704717
:10E020000020704710B504460648C06806E0A042CC
:10E0300001D1012010BDF3F763FE40690028F6D13D
:10E0400010BD00001C030020B0F90010B0F904203E
:10E05000914205DCB0F90210B0F90600814201DD01
:10E0600000207047012070477FB5094D074C286894
:10E0700054F82000002808D018210091694600F0CB
:10E0800029F82968002044F821007FBD640300209E
:10E0900024030020094B1968002905D00022814281
:10E0A00006D108680AB110607047002818607047F0
:10E0B0000A4609680029F2D1704700002C030020AD
:10E0C00010B5FFF71DFE002803DBBDE81040F4F794
:10E0D000D9BD10BD70B50D4C06460D4620681428FC
:10E0E0000DDA3046F3F70CFE01696E6041B120682D
:10E0F000401C2060284688472068401E206070BD74
:10E100002846BDE87040FFF7FBB90000A0030020DF
:10E1100070B50C460546FFF73EFF002805D02146A6
:10E120002846BDE87040FFF7D5BF70BD1FB5CDE9EB
:10E1300000106946FFF7CEFF1FBD7FB505460E46AE
:10E140004868C9680391CDE901050D202C4600906F
:10E1500008E02046FFF71BFA040003D06946039647
:10E16000FFF7D6FF2046FFF7B1FC0028F1D131467A
:10E170002846FFF7CDFF7FBDF8B5CC680D460646B3
:10E1800084B1F3F76FFD0090B0F900002168081A20
:10E19000206000996068B1F90210401A606068461A
:10E1A000F3F796FD29463046FFF7C7FFF8BD00009C
:10E1B00030B50B4C23680C2B10DA0A4A190009D031
:10E1C00002EB410535F9025C854203DB22F8115070
:10E1D000491EF5D122F811005B1C236030BD000000
:10E1E000AC0200201C7A01202DE9F0411B4D0C46A9
:10E1F0000646A968686B0144491EA019884205D8E3
:10E20000016819B941680E4402F02CF8686BA0420D
:10E210000AD254F8040C271A386828B978680644DA
:10E22000384602F01FF83C46304601F0C9FD05EBC8
:10E23000C0073246002120463B6C02F0B7FC57F87D
:10E24000400F083400B144602060002060603C60F2
:10E250002868304428603046BDE8F081DC78012031
:10E260002DE9F041054601F0ADFE2B48C46BAC42F0
:10E2700002D8ED1C25F00304804600680C34A0424F
:10E2800002D20020BDE8F08101F0ACFF0600F9D019
:10E29000204601F095FD424611E000BF02EBC001AF
:10E2A000096C59B18D686B68A3420BD2A96829B17A
:10E2B0008D686B68A34205D2002DF7D1401C102851
:10E2C000ECD31FE0F5B1D8F83C00191B0C301F4609
:10E2D000814200D23C46284601F0C4FF0421D8F810
:10E2E000300001EBC6010023455022463146284646
:10E2F00002F05CFCA74203DD2919381BFFF774FF0D
:10E300003046BFE7204601F0C7FF0028C0D03046A6
:10E3100001F088FFB5E70000DC780120012070479C
:10E32000F0B40F4C246814B1A446F0BC60470D4D06
:10E33000DFF834C010C855FA84F63778C4F30726DE
:10E34000C4F307441CF806602C5D521E04EB46140F
:10E3500004EBC7240C801944ECD1F0BC70470000DA
:10E36000600200205C7201085C73010810B510C8DF
:10E370000C601944521EFAD110BD00002DE9F0477F
:10E380008146F5F7C7FF4FF0000807466FF07F445E
:10E390004546F5F7D7FF060018D000BF56F8251000
:10E3A000494502D12846BDE8F0876D1CBD42F5DB2A
:10E3B0005FF00005484656F82510F3F7E9FCA04247
:10E3C00001D20446A8466D1CBD42F3DB4046EAE795
:10E3D0007047000010B5084A52FA80F1074BC0F3AD
:10E3E0000724C0F307401B5D105C097800EB431065
:10E3F00000EBC12010BD00005C7201085C730108D5
:10E400002DE9F05F9A46DDE90A8791460C460546FC
:10E410008B46164635F8020B41468847B84701C47B
:10E42000761EF7D15046BAF1200F06D20246494671
:10E430005846BDE8F05FF5F761B8BDE8F09F2DE9FB
:10E44000F041054640690E463421008801EB80000A
:10E45000F3F73CFB0746F3F705FC044628688069A0
:10E46000F3F7A6FDC1688A6A08219047032810DBEC
:10E4700004280DDD082809DD102803DD20200421F3
:10E48000A06108E010200221A06104E0082000E063
:10E4900004200121A061216168690088E06148438E
:10E4A0006061F3F7BFFB6169814200DD606104F1E7
:10E4B000340000212060C4E9027184F83060012E2C
:10E4C00005D0E1696FF0030202EB8101084460604E
:10E4D0002046BDE8F08100000349884202D101F1E5
:10E4E0003C0070470C387047307B01202DED088BC5
:10E4F00090B000250020F4F7DDFBF3F76BFC4FF63E
:10E50000FF70F4F7E2FB2848F4F7FCFB0522A0219A
:10E5100026A0F3F7F7FD2B48F4F7F4FB2822A021FF
:10E5200029A0F3F7EFFDA020049078200590742037
:10E53000079037E0ED43002432E0204603F0FFFF70
:10E5400041EC1B0B9FED2B0B53EC102B04F05EF8F2
:10E5500041EC1A0B9FED290B53EC102B03F06AFED4
:10E5600041EC190B03F080FD08EE100A0DB12046B6
:10E5700001E0C4F1DC000690B0EE480A082221490F
:10E5800008A8F4F727FB204903C9CDE902010020C0
:10E59000034604AA1D49009002A8F4F79DF8641CE4
:10E5A000DC2CCADBC6E70000946301084D454D44EE
:10E5B00045565F42616E64696E67202D2053616D20
:10E5C000706C6500DC50010842616E64696E672002
:10E5D0006D656D6F7279206465766963650A776928
:10E5E00074686F757420666C69636B6572696E67B9
:10E5F000000000004AD8124DFB2109400000000035
:10E6000000804B401046010830460108DDF200084A
:10E610000146064A002000BF52F820308B4204D049
:10E62000401C0228F8DB4FF0FF30704754030020F5
:10E63000F7B51546184A01A9009812689047174C7B
:10E6400000902068406920B12946F4F7A7FA002815
:10E6500021D00120F5F704F92068C069406920B194
:10E660008268DDE90001904712E00D4D0CE068463C
:10E67000F4F7A4FD06462068C06901683046884763
:10E68000296809B1304688470198401E0190EED5AF
:10E690000020F5F7E5F8FEBDAC0300207C02002069
:10E6A000A00200202DE9F04781460C4617461D4682
:10E6B000DDF82080B9B2A0B2F6F7AAF909480089BE
:10E6C00009490968088007E02E8808480068068024
:10E6D000A8F10108641CAD1CB8F1000FF4DCBDE822
:10E6E000F0870000B8280020B4000020B800002007
:10E6F0002DE9FF4F83B081460E461C46DDE9117AB5
:10E70000109DDAF800000290DAF8040001902E441F
:10E7100032480068007C00F0030030B1012836D098
:10E7200002281CD0032855D130E000BF2078802279
:10E730002A41104008B1019800E002980346314692
:10E74000761C4846059A01F0D1FE681C054608284B
:10E7500001D10025641C781E071EE7D13AE000BFF6
:10E76000207880212941084028B131464846019B44
:10E77000059A01F0BBFE761C681C0546082801D1ED
:10E780000025641C781E071EEAD123E000BFD9F8DB
:10E79000101088688047804600BF2078802129417A
:10E7A000084060B131464846059A01F017FB8346A0
:10E7B0008BEA080331464846059A01F097FE761C1D
:10E7C000681C0546082801D10025641C781E071E18
:10E7D000E3D100BF00BF07B0BDE8F08F7C0200208E
:10E7E0002DE9FF5F9046DDE90E924B4B99F8005002
:10E7F000C2F108048A465D5DDDE91071D540474AE3
:10E80000139E1268127C12F0030225D0012A03D055
:10E81000022A37D0032A7DD10069806880471FFA19
:10E8200080FBBC4200D93C463F1BBAF1000F65D0CB
:10E83000E8070AD0DAF808004146039A0368504610
:10E840009847318881EA0B013180B61C6D0808F1C8
:10E850000108641EECD15BE02F4ABC4200D93C4663
:10E86000B7EB040705F001006D0831F8200026F829
:10E87000020B641EF6D1002F4CD019F8010F0824AA
:10E88000155CEAE788881FFA80FBBC4200D93C4649
:10E890003F1BBAF1000F16D08DB1E80708D0DAF8A7
:10E8A00008004146039A036850469847A6F800B00E
:10E8B000B61C08F10108641E11D06D08ECE706EBE8
:10E8C0004406A0440BE045B1E80701D0A6F800B02B
:10E8D000B61C641E03D06D08F5E706EB4406002F56
:10E8E00018D019F8011F0C480824455CCDE719F829
:10E8F000011F09480824455C93E70BE0E80703D0B3
:10E90000308880EA0B003080B61C6D08641EF5D19B
:10E91000002FECD1BDE8FF9F447601087C02002067
:10E920002DE9FF4F81B00F469846DDE90F9A98F820
:10E9300000B00E9D0E9D2F4453480068007C00F0EF
:10E94000030010B102284BD14BE0BAF1000F25D0E3
:10E9500000BFC5F103004400C4F10601C020084116
:10E9600000EA0B0020FA04F65AF826000090394617
:10E970007F1CDDE90030039A01F0B8FD681C0546F4
:10E98000042805D1002508F10100804690F800B068
:10E99000A9F10100B0F10009DBD121E000BFC5F110
:10E9A00003004400C4F10601C020084100EA0B0046
:10E9B00020FA04F639467F1C3346039A019801F089
:10E9C00095FD681C0546042805D1002508F10100C5
:10E9D000804690F800B0A9F10100B0F10009DED145
:10E9E0004DE0BAF1000F26D000BFC5F1030044008E
:10E9F000C4F10601C020084100EA0B0020FA04F629
:10EA000046B15AF8260000903946DDE90030039AF5
:10EA100001F06CFD7F1C681C0546042805D100250B
:10EA200008F10100804690F800B0A9F10100B0F1B2
:10EA30000009DAD122E000BFC5F103004400C4F1AF
:10EA40000601C020084100EA0B0020FA04F62EB1AE
:10EA500033463946039A019801F048FD7F1C681C33
:10EA60000546042805D1002508F10100804690F8EC
:10EA700000B0A9F10100B0F10009DDD100BF00BF75
:10EA800005B0BDE8F08F00007C0200202DE9FF5F9B
:10EA90008B460FA9DDF83880B1E82104C0F10401EC
:10EAA000CCB298F80010400081402F48129F914648
:10EAB0000068CEB2007C10F0030004D001283AD0E8
:10EAC00002284FD114E0AC4200DDECB22D1BB1099D
:10EAD0003AF8210027F8020BB006060E641E14F067
:10EAE000FF04F4D1002D3DD0042418F8016FEAE7AB
:10EAF000AC4200DDECB22D1BB0090DD0B109BBF169
:10EB0000000F3AF82100388006D0DBF808004946AB
:10EB1000039A036858469847B006BF1C060E641E49
:10EB200009F1010914F0FF04E6D1002D1AD00424E4
:10EB300018F8016FDCE7AC4200DDECB22D1BB00928
:10EB400003D0388880F0FF003880B006BF1C060E66
:10EB5000641E14F0FF04F2D1002D03D0042418F831
:10EB6000016FE8E7BDE8FF9F7C0200202DE9F0413E
:10EB700007460D4690461C46069E08E0424629463A
:10EB80003846236801F0B2FC761E6D1C241D002E51
:10EB9000F4DCBDE8F08100002DE9FF4F81B00F46A5
:10EBA0009846DDE90F9A98F800B00E9D0E9D2F440F
:10EBB00053480068007C00F0030010B102284BD1DC
:10EBC0004BE0BAF1000F25D000BFC5F10100840071
:10EBD000C4F10401F020084100EA0B0020FA04F619
:10EBE0005AF82600009039467F1CDDE90030039A70
:10EBF00001F07CFC681C0546022805D1002508F1BF
:10EC00000100804690F800B0A9F10100B0F10009C0
:10EC1000DBD121E000BFC5F101008400C4F1040193
:10EC2000F020084100EA0B0020FA04F639467F1C68
:10EC30003346039A019801F059FC681C05460228E6
:10EC400005D1002508F10100804690F800B0A9F137
:10EC50000100B0F10009DED14DE0BAF1000F26D07D
:10EC600000BFC5F101008400C4F10401F020084197
:10EC700000EA0B0020FA04F646B15AF8260000908C
:10EC80003946DDE90030039A01F030FC7F1C681C36
:10EC90000546022805D1002508F10100804690F8BC
:10ECA00000B0A9F10100B0F10009DAD122E000BF03
:10ECB000C5F101008400C4F10401F020084100EA1C
:10ECC0000B0020FA04F62EB133463946039A019818
:10ECD00001F00CFC7F1C681C0546022805D10025AC
:10ECE00008F10100804690F800B0A9F10100B0F1F0
:10ECF0000009DDD100BF00BF05B0BDE8F08F000006
:10ED00007C0200202DE9F05F92460BAA8946B2E80A
:10ED100042010A9F9B468B003A78C1F102009A405B
:10ED2000D5B24D4A0E9CC0B21268127C12F003029A
:10ED30001AD0012A79D0022A38D100295FD02809B7
:10ED40000DD02909B9F1000F38F82100208006D034
:10ED5000D9F808005A465146036848469847A41C0B
:10ED60000AF1010A761E48E039B12909761E38F801
:10ED7000210024F8020B17F8015F022E10DB70103F
:10ED800006F001062A0938F8221005F00F0221804A
:10ED900038F822106180241D17F8015F401EF1D160
:10EDA000002E03D0290938F821002080BDE8F09F0B
:10EDB00028090DD02909B9F1000F38F82100208069
:10EDC00006D0D9F808005A46514603684846984785
:10EDD00015F00F000DD038F820006080B9F1000F59
:10EDE00007D0D9F808005A460AF1010103684846DD
:10EDF0009847241D0AF1020AB61E17F8015F022E79
:10EE0000D6DA002ED2D02809D0D038F820002080C1
:10EE1000B9F1000FCAD0D9F808005A465146036824
:10EE20004846BDE8F05F1847FFE7B04200DDF0B2AA
:10EE3000361AA90903D0218881F0FF012180290712
:10EE4000A41C0D0E401E10F0FF00F2D1002EADD01C
:10EE5000022017F8015FE8E77C0200202DE9F04767
:10EE600081460F4692461C46DDE908582648006850
:10EE7000007C00F0030010B1022841D11EE0B8F17F
:10EE8000000F0ED00AE0267858F826305246394650
:10EE9000484601F02BFB6D1E7F1C641C002DF2DC2C
:10EEA0000BE008E0237852463946484601F01EFB45
:10EEB0006D1E7F1C641C002DF4DC21E0B8F1000FF6
:10EEC0000FD00BE0267836B158F826305246394636
:10EED000484601F00BFB6D1E7F1C641C002DF1DC0D
:10EEE0000DE00AE026782EB13346524639464846B0
:10EEF00001F0FCFA6D1E7F1C641C002DF2DC00BFCB
:10EF000000BFBDE8F08700007C0200202DE9FF4F24
:10EF100083B015461E46DDE914BADDE91297DDF827
:10EF20004080119808283FD006DC012809D002282B
:10EF300018D0042863D126E0102844D020285ED1C0
:10EF40004FE000240BE062193B46CDE900B6CDF856
:10EF500008A0DDE90301FFF7CBFB4F44641C4445E7
:10EF6000F1DB4CE000240BE062193B46CDE900B632
:10EF7000CDF808A0DDE90301FFF7D2FC4F44641C83
:10EF80004445F1DB3BE000240BE062193B46CDE950
:10EF900000B6CDF808A0DDE90301FFF7FDFD4F4401
:10EFA000641C4445F1DB2AE0002409E062193B4679
:10EFB000CDE9006ADDE90301FFF750FF4F44641C0F
:10EFC0004445F3DB1BE0002408E062193B46009651
:10EFD000DDE90301FFF766FB4F44641C4445F4DBA5
:10EFE0000DE0002408E062193B460096DDE90301CC
:10EFF000FFF7BCFD4F44641C4445F4DB00BF00BF79
:10F0000007B0BDE8F08F00002DE9FF4F8DB0A84894
:10F01000DDE91D860068DDE91A970C46006EF2F7FF
:10F0200021FE0690406908B1F2F71CFE0A9006988E
:10F03000C068089006A8F2F74BFEA0190E900A9837
:10F0400050B19B490968097C890705D10EACCDF800
:10F0500000900ECCF4F7DCF8DDE90E0102F0C2F806
:10F060000446102F03D0182F5CDB002056E000254B
:10F070001FE000BFDDE90EB02844DDF828A0109E97
:10F0800002905FEA08010FD020000DD07200F1F766
:10F0900019FABAF1000F07D0DAF8080033465946DA
:10F0A00047685046029AB8471C986D1C80440898DF
:10F0B00004444D45DEDBF1E00A980390DDE90EB132
:10F0C0000B985FEA080508440190DDF840A0264649
:10F0D0001ED0EEB1039830B1806853465946476858
:10F0E000019A0398B8470D99286809690968884703
:10F0F0003080039828B180685946019A03680398C4
:10F100009847B61C2D1D0BF1010BBAF1010AEAD18B
:10F1100008981C9904440B988844401C0B9048455F
:10F12000CADBBBE0082F03D01F9800286CD06DE02D
:10F13000002065E01F9800280A9832D0DDE90EA172
:10F1400002900BEB010000901F9804905848109F0C
:10F15000454600682646007C10F0030002D00228D5
:10F1600048D109E015F8011B04987F1E30F82100F2
:10F1700026F8020BF6D13DE0287858B1049931F811
:10F1800020003080029828B180685146009A0368B8
:10F1900002989847B61C6D1C0AF1010A7F1EEBD13C
:10F1A00028E0DDE90EA101900BEB01000290404840
:10F1B000109F464600682546007C10F0030002D0F0
:10F1C000022817D105E03A4641462046F1F77AF980
:10F1D00010E0307840B12880019828B1806851460D
:10F1E0000368DDE901029847AD1C761C0AF1010AAB
:10F1F0007F1EEED108981C99044488440BF101004D
:10F200008346484596DB49E02A481F90002543E0A5
:10F210003846012F04D002281CD0042F37D128E013
:10F2200023480068006EF2F71DFD0690CDF80080BF
:10F23000109A1F990594CDE90310CDE901620F984A
:10F240000A992B18DDE90D02FFF7CAFA06A8F2F7B2
:10F250003FFD1CE010991F98CDE90086CDE9021012
:10F260000F9804942B18DDE90D020A99FFF70EFCA4
:10F270000DE010991F98CDE90086CDE902100F9896
:10F2800004942B18DDE90D020A99FFF73BFD1C9948
:10F290000898884404446D1C4D45B9DB0A98002841
:10F2A00002D00AA8F2F714FD11B0BDE8F08F0000FB
:10F2B0007C020020E8710108F8B505460E461446A8
:10F2C0001F463B46224631462846009400F0F6F899
:10F2D000F8BD08B5009200F08DFA08BD70B504467F
:10F2E0002546F2F777FD1848F3F70CFD0220F3F7F7
:10F2F00059FD4FF47F40F3F7E8FCEE68731FAE68EA
:10F3000006F16402EE68A6F11901A868F2F74EFF53
:10F310004FF47F00F3F7D9FC7823A022082105F1F0
:10F320001000F2F709FFFF20F3F7CFFCEE6806F1BB
:10F330001903AE68C6F5A072EE68711DAE68C6F11D
:10F34000DC00F2F733FF70BDC4710108F8B5064662
:10F350000C4617461D4623463A4621463046009540
:10F3600000F0ACF8F8BD00002DE9FC47DFF8AC80F8
:10F3700081461E46D8F8000015468A46006EF2F710
:10F3800071FC0190406908B1F2F76CFC00902946CD
:10F39000504601F027FF04460198C768D8F80000DE
:10F3A000017CC90715D0D9F810008068804787B262
:10F3B000009820B181682A460B68514698472088FA
:10F3C0006D1C784020800198B542C0680444EFDD90
:10F3D00019E0C06B0168009870B11FFA81F80098BD
:10F3E0002A4681680B6851469847A4F800806D1C36
:10F3F0003C44B542F3DD06E0701B401C89B221801D
:10F400003C44401EFBD101A8F2F762FC00980028A2
:10F4100002D06846F2F75CFCBDE8FC877C02002065
:10F4200001700120704700002DE9F047224C0426AE
:10F43000A06AE0B1E06806EBD0014518E800FEF7ED
:10F440000FFF070036D0216B06EBC700B1460E5800
:10F45000E0680836C2003046D4F82880F1F7B9F8E1
:10F46000A7622663E0684B4601466A1E0EE012481A
:10F47000BC30D0E901100830B1FBF0F5AD1CDDE780
:10F48000471C03EBC00C401C46F80C709042F7D3AD
:10F4900009EBC0000022325021626068691A0844FA
:10F4A000E56060605FEA080001D0F2F73DFB0020F4
:10F4B000BDE8F0870120FBE7DC780120F0B50646C7
:10F4C000059CC84DAD8849F24137BD420BD0C54DB2
:10F4D000AD8845F21037BD4205D0C24DAD8846F625
:10F4E0000407BD427ED1BF4D6D89BF4F3F683D804F
:10F4F000C1F30F25BD4F3F683D80CDB2BB4F3F6884
:10F500003D80C3F30F25B94F3F683D80DDB2B74F53
:10F510003F683D80B34DAD89B34F3F683D80C2F336
:10F520000F25B24F3F683D80D5B2B04F3F683D8058
:10F53000C4F30F25AD4F3F683D80E5B2AB4F3F6848
:10F540003D80A84D6D89A84F3F683D80C1F30F25D0
:10F55000A64F3F683D80CDB2A44F3F683D80A14D8E
:10F56000AD89A14F3F683D80C2F30F259F4F3F6893
:10F570003D80D5B29D4F3F683D80A51A6D1C5F1A36
:10F580007F1C05FB07F0974D2D89974F3F683D8005
:10F5900006E0974D2D68ED6B2D88944F3F683D80B8
:10F5A000051EA0F10100F4D18E4D6D898E4F3F688C
:10F5B0003D8000258D4F3F683D808C4F3F683D80EA
:10F5C000884D2D882D12894F3F683D80854D2D78BF
:10F5D000864F3F683D80834DAD89834F3F683D80B6
:10F5E000002500E011E0814F3F683D807F4F3F687C
:10F5F0003D807C4D6D882D127C4F3F683D80794D5C
:10F60000AD787A4F3F683D80EAE0764DAD8845F2AF
:10F610001057BD42F8D1734D6D89734F3F683D80DF
:10F62000C1F30F25714F3F683D806E4D6D896D1C94
:10F630006D4F3F683D80CDB26C4F3F683D80694D56
:10F640006D89AD1C684F3F683D80C3F30F25674F40
:10F650003F683D80634D6D89ED1C634F3F683D8081
:10F66000DDB2624F3F683D805E4DAD895E4F3F68C1
:10F670003D80C2F30F255D4F3F683D80594DAD89F8
:10F680006D1C594F3F683D80D5B2584F3F683D8053
:10F69000544DAD89AD1C544F3F683D80C4F30F25D8
:10F6A000524F3F683D804F4DAD89ED1C4E4F3F6836
:10F6B0003D80E5B24D4F3F683D804A4D6D894A4FD0
:10F6C0003F683D80C1F30F25484F3F683D80454D61
:10F6D0006D896D1C444F3F683D80CDB2434F3F68FC
:10F6E0003D80404DAD89404F3F683D80C2F30F25BE
:10F6F0003E4F3F683D803B4DAD896D1C3A4F3F68A2
:10F700003D80D5B2394F3F683D80A51A6D1C5F1A08
:10F710007F1C05FB07F0334D2D89334F3F683D803B
:10F7200006E0334D2D68ED6B2D88304F3F683D80EE
:10F73000051EA0F10100F4D12A4D6D892A4F3F68C2
:10F740003D800025294F3F683D80264D6D896D1C09
:10F75000254F3F683D800025244F3F683D80214D67
:10F760006D89AD1C204F3F683D801E4D2D882D12A8
:10F770001E4F3F683D801B4D6D89ED1C1A4F3F6841
:10F780003D80184D2D78194F3F683D80154DAD894E
:10F79000154F3F683D800025144F3F683D80114D57
:10F7A000AD896D1C104F3F683D8000250F4F3F68AD
:10F7B0003D800C4DAD89AD1C0B4F3F683D80094D20
:10F7C0006D882D12094F3F683D80064DAD89ED1CB7
:10F7D000054F3F683D80034DAD78044F3F683D8045
:10F7E000F0BD0000B8280020B4000020B8000020C0
:10F7F0007C0200202DE9FF4FDFF8A0A00C4685B069
:10F80000DAF80000DDF848801F46C16B154609682C
:10F810000391006EF2F726FA01902946204601F086
:10F82000E1FC06460198391B01F1010BD0F80C9060
:10F83000406950B3F2F716FAA8EB0501491C009194
:10F840005B462A4602902146F3F7E2FC02A8F2F753
:10F850003FFA1AE0DAF80000007CC0070DD00598E6
:10F860005F46344600698068804780B22188414005
:10F8700024F8021B7F1EF9D105E003985A4681B295
:10F880003046F4F7B3F84E446D1C4545E2DD01A85F
:10F89000F2F71EFA09B0BDE8F08F00007C020020EC
:10F8A000FEB54F4CD4E90201CDE90001206970B3E7
:10F8B000A089401C00B2ADF800006189ADF80210CB
:10F8C000B4F90410884207DD2088ADF80000E08913
:10F8D00010F10100ADF80200BDF90200B4F9061004
:10F8E000884274DC3F4D2868806CF2F7BBF90290C7
:10F8F000BDF90000B4F90010884220D1E088ADF8CD
:10F900000600A088ADF804002868806C0FE0FFE7CF
:10F910002088ADF800006088DCE700BFF2F7F0F95E
:10F920000646006A0022694600F0D5F8B069002852
:10F93000F4D1029800226946C06900F0CCF8BDF805
:10F940000000ADF804002868806C0AE0F2F7D8F9EE
:10F950000646006A0022694600F046F80028EED10B
:10F96000B0690028F2D1029800226946C06900F00F
:10F970003BF80028E3D1B4F90400BDF90010ADF85C
:10F980000400884207DADDE90001C4E9020102A8A7
:10F99000F2F79EF998E72868806C08E0F2F7B0F972
:10F9A0000546006A0022694600F05CF8A869002854
:10F9B000F4D1029800226946C06900F053F802A809
:10F9C000F2F786F9206944F62061884201DD0020C3
:10F9D000FEBDDDE90001C4E902010120FEBD000019
:10F9E000447A01207C020020FEB517460E460546EB
:10F9F000002433E02846F2F735F90090856A014685
:10FA0000A80726D527B13A4601A8F3F700FF03E07F
:10FA1000D1E90001CDE9010101A93046F3F7BEF8B3
:10FA2000B8B1E80702D00098C56910E0BDF8080039
:10FA3000401C308001240CE001AA31462846FFF723
:10FA4000D3FF00B101242846F2F75AF9056A002DC8
:10FA5000F2D10098056A6846F2F73AF9002DC9D14B
:10FA60002046FEBDFEB516460D46044630E0204653
:10FA7000F2F7F8F80090846A0146A00723D526B172
:10FA8000324601A8F3F7C3FE03E0D1E90001CDE956
:10FA9000010101A92846F3F781F8A0B1E00702D0DF
:10FAA0000098C4690DE0BDF80400401EA8800AE07B
:10FAB00001AA29462046FFF7D5FF2046F2F720F994
:10FAC000046A002CF4D10098046A6846F2F700F941
:10FAD000002CCCD1FEBDFEB516460D46044648E0CE
:10FAE0002046F2F7BFF80090846A0146A0073BD594
:10FAF00026B1324601A8F3F78AFE03E0D1E90001FE
:10FB0000CDE9010101A92846F3F748F800B3E00761
:10FB100002D00098C46925E000983EB1B0F9021007
:10FB2000B6F90200814203DD084601E0B0F90200A7
:10FB3000B5F90210814205DABDF90600401E03E066
:10FB4000E88011E0BDF90A00B5F906108842F7DB3C
:10FB50000AE001AA29462046FFF7BDFF2046F2F73A
:10FB6000CFF8046A002CF4D10098046A6846F2F7D2
:10FB7000AFF8002CB4D1FEBD2DE9F0410C46C968A8
:10FB800086B049B306685EB394F83000012829D0E6
:10FB9000E2696FF00303206803EB8202656810449A
:10FBA0006060276A2D1D2846A269F3F7A7FC6169EA
:10FBB0004FF000080291CDE90358CDF81480A169F7
:10FBC0000120CDE90001F068E368E26A4568394642
:10FBD0003046A847C4F80C80002006B0BDE8F0818C
:10FBE0000120FAE725686560A76ADCE7F1F79CBFAA
:10FBF0002DE9F0470D46B3F9041006461C46914620
:10FC0000B14220DCB4F90800B0421CDBB4F90600B4
:10FC1000A84218DCB4F90A20AA4214DB2F1A711A80
:10FC200088463A466069F2F7EDFA60B1B4F9080027
:10FC3000B4F90410401A401C00FB0780203454F82B
:10FC40002000BDE8F087D9F800000028F9D0C1688D
:10FC50002A464B693146BDE8F0471847007870479F
:10FC6000012070470246012901D102487047002057
:10FC7000FCE7000028720108012901D0002070472C
:10FC800000487047287201080246A1F109000828BF
:10FC900013D2DFE800F00406080A120C0E10084820
:10FCA00070470848FCE70848FAE70848F8E70848BA
:10FCB000F6E70848F4E70848F2E70020F0E700001C
:10FCC000C1090108E7090108390901080BFF00080B
:10FCD000170101080701010871040108162901D064
:10FCE0000020704700487047692A000803460A460A
:10FCF00099680F2A1FD2DFE802F01E080A0C0E1EB8
:10FD00001E1E10121416181A1C00486870478868C6
:10FD1000FCE7C868FAE70869F8E78869F6E70020B1
:10FD2000F4E70120F2E70120F0E70020EEE70020F1
:10FD3000ECE70020EAE74FF0FF30E7E770B500247A
:10FD40000D46022807DAF2F733F920B1C1688A6A52
:10FD5000294690470446204670BD0068C268926AF2
:10FD6000104710B5F4F7D6FAB0F5807F03D080289D
:10FD700003D307211AE0082118E0402801D3062107
:10FD800014E0202801D3052110E0102801D304211C
:10FD90000CE0082801D3032108E0042801D3022144
:10FDA00004E0022801D3012100E000210120884065
:10FDB000401E10BD4FF0FF3070474FF6FF70704788
:10FDC0000146054A0F2000BF02EBC003DB6B8B42EC
:10FDD00001D9401EF8D57047DC7801202DE9F041AB
:10FDE00007460C461546A9B2A0B2F4F795FB0646A5
:10FDF0003046BDE8F08110B50846114601F0F2F931
:10FE0000008810BD826800230B804B8093895B1EA5
:10FE10001BB28B80138A5B1E1BB2CB80704738B538
:10FE20000C468068F1F71EFF009081882180C18810
:10FE30006180818802891144491EA180C18840895E
:10FE40000844401EE0806846F1F742FF38BD0000DC
:10FE50000249096848840020704700007C020020A5
:10FE60000249096888840020704700007C02002055
:10FE70000349884202D1A1F13C0070470C30704721
:10FE80006C7B0120F0B4124C646814B1A446F0BC41
:10FE90006047541E04FB030401EB82000D4DDFF8A4
:10FEA00038C0001F2188E41A01F01F06521EAF5D02
:10FEB000C1F3451605EBD1211CF80660097801EB6A
:10FEC000062101EB074140F80419EBD1F0BC704763
:10FED000600200205C7401087C74010810B504689D
:10FEE000184410C1521EFAD110BD70B50446F4F783
:10FEF00011FA0546F4F726FAAC4201D3002070BD92
:10FF00000028FCD050F8240070BD70B5044620468F
:10FF100000F042F8054600220121A069F5F780F8BB
:10FF20000543284670BD000070B5184D0446E868CA
:10FF3000011DC0E90E01091D00646161417C05F1EC
:10FF4000240050F82100C1680A6B04F108019047B1
:10FF50000F48E066A868E061E86808306061012049
:10FF60002076FDF7F1FAA064032084F870006FF0AA
:10FF70007040206360630020F4F700FD6FF07F4065
:10FF8000F4F734FD0348286170BD000070020020C2
:10FF9000504601082876010870B50446A06858B993
:10FFA0001C20F1F7EBFDA060A568216988688047F7
:10FFB0000646F5F71DF9A861A06808B9012070BDD3
:10FFC0000020FCE72DE9F041244C94F8240000289F
:10FFD00041D1012504F1BC0684F8245071684FF426
:10FFE0002050814200D90146306800F051FDB068D0
:10FFF00010B970688008B0601A491948086008464E
:020000040801F1
:10000000F3F78CFC5A20E0610020102101FA00F285
:1000100004EBC003401CDA631028F7D3D6E90010C4
:100020000223C4E902030E18143EC4E90C61002245
:100030004FF0040C5B1E05E0571C0CEBC20E521C6B
:1000400046F80E709342F7D825626360FEF7CCF84D
:10005000FFF7EAF9E562BDE8F0810000DC780120F5
:100060002901010868020020FEB514460D46064627
:10007000F1F746FE0090836A980731D52846FDF7D0
:10008000E3FF00282CD040F601000340012B27D0CD
:100090003046F1F7E7FD02460090294601A8F3F744
:1000A000B6FB01A8FDF7D0FFB8B1009944F22002D9
:1000B000886A104205D0083101AA0846F2F7F2FC1E
:1000C0000BE0DDE9012320438862C1E902230549F1
:1000D0008888401C8880F2F775FE6846F1F7F8FDC5
:1000E000FEBD00001C03002010B5401A029CE41A5B
:1000F0004443501A94FBF0F0184410BD70478842F6
:1001000000DD0846704710B5044600220621A069AC
:10011000F4F786FF10BD10B5044600220521A06942
:10012000F4F77EFF10BD00000B4910B5002081F8E8
:1001300024000146084880223C30F3F731FCBC2201
:1001400000210548F3F72CFC03480C220021BDE8F0
:100150001040BC30F3F724BCDC780120084910B50E
:1001600000208861014678220648F3F719FC04480C
:1001700008220021BDE810402430F3F711BC000034
:1001800070020020A479012010B5034C2069F1F71A
:10019000E9FC0020206110BDE402002010B5034CF2
:1001A0006068F1F7DFFC0020606010BD0C030020E8
:1001B0000B4A10B500215170D162084602F150047B
:1001C00002F14803C2F8101044F8201043F8201040
:1001D000401C0228F8D3116251625161D16110BDF7
:1001E0001C03002010B50E4C6168E06A814209D8FA
:1001F000401EE062FFF718F9E16A491CE16208B1AC
:10020000002010BD60680422401E6060206A216BDF
:1002100002EBC0028A582262012201F8302010BD90
:10022000DC780120074910B54A680424521C4A6052
:100230000A6B04EBC0040B6A1351002302F8303040
:10024000086210BDDC78012013B500680199FFF742
:1002500093FC0198846801A8F1F73AFD2046F1F774
:1002600063FC1CBD10B504464068FFF7A9FD0146BC
:10027000084863680268D21A026000EBC102D4E940
:100280000201403200B1416009B1086010BD106048
:1002900010BD0000DC7801202DE9F05FDFF89480CC
:1002A0008346D8F83440D8F80810601E0F1820464E
:1002B000D0E90015B9BB6619BE4236D2D6E900199D
:1002C00089B3D8F8303013F83130012B2DD1D8F85C
:1002D0002820914201D1012100E000218A46FFF748
:1002E000C1FF3068D8F83010042202EBC0004A4643
:1002F0000C5031462046F0F72AF9BAF1000F05D02C
:10030000D8F83010321B891AC8F8301004EB0901F4
:100310002846FDF769FFBBF1000F05D0834503D8E0
:100320000020BDE8F09F00E04D462C44BC42BED307
:100330000120F6E7DC7801202DE9F8431F469046BE
:100340000E4605000AD0F1F78DFC3A464146009072
:10035000FDF750FE28B10098C46912E00020BDE806
:10036000F8836846F1F7B4FCF8E73B46424631466D
:100370002046FFF7E1FF00B105462046F1F7C0FC3B
:10038000046A0CB1B442F0D16846F1F7A1FC2846EA
:10039000E5E7000070B50646064814460D460068BD
:1003A000FDF7DEF823462A463146BDE87040FFF7E8
:1003B000C3BF000024030020064910B509684A6B3A
:1003C000824206D04863F3F743FCBDE81040F4F7DF
:1003D000DBBA10BD7C0200201FB504460F4801683F
:1003E000486C38B102680292406803900C48406A39
:1003F00018B901E020460EE0886CF1F733FC02A941
:100400000090FDF7F7FB6846F1F762FC214602A871
:10041000F3F7E0F902A8F4F7C3FA1FBD7C0200204D
:100420001C030020064910B509680A6B824206D0F9
:100430000863F3F70DFCBDE81040F4F7DDBA10BD1A
:100440007C02002030B509490B681A7C82EA00045E
:10045000640707D59C6BDB6B25681B6823600B6802
:10046000DB6B1D6009680874104630BD7C020020FB
:100470007CB504460D4616460020009001908DF88C
:10048000045000966A460421A069F4F7C9FD7CBDBA
:100490000A490B48D1E90032934202DAC0E9083236
:1004A00001E0C0E90823D1E902218A4202DAC0E969
:1004B0000A217047C0E90A1270470000347A01200F
:1004C000B00200207CB504460D4616460020009080
:1004D0000190009501966A460321A069F4F7A0FDFA
:1004E0007CBD0068C3681B6A1847000030B5524CD9
:1004F000A48849F24135AC4205D04F4CA48845F25E
:100500001035AC421CD14C4C64894C4D2D682C806C
:10051000C1F30F244A4D2D682C80CCB2484D2D6874
:100520002C80454CA489454D2D682C80C2F30F24A6
:10053000434D2D682C80D4B2414D2D682C8071E044
:100540003D4CA48846F60405AC4224D13A4CA4881C
:10055000012C03D1384C2488641E611A364C6489FE
:10056000364D2D682C80C1F30F24354D2D682C801D
:10057000CCB2334D2D682C802F4CA4892F4D2D6883
:100580002C80C2F30F242E4D2D682C80D4B22C4D1C
:100590002D682C8046E0284CA48845F21055AC42CA
:1005A00028D1254C6489254D2D682C80C1F30F245A
:1005B000234D2D682C80204C6489641C1F4D2D68B0
:1005C0002C80CCB21E4D2D682C801B4CA4891B4D59
:1005D0002D682C80C2F30F24194D2D682C80164CE9
:1005E000A489641C154D2D682C80D4B2144D2D683F
:1005F0002C8017E0104CA488012C03D10E4C2488C9
:10060000641E611A0C4C64890C4D2D682C800C4DB5
:100610002D682980084CA489084D2D682C80084D30
:100620002D682A80044C2489044D2D682C80044DAB
:100630002D682B8030BD0000B8280020B4000020B9
:10064000B80000207CB510481C46154600680E46D0
:10065000006EF1F707FB01902946304600F0C2FD1D
:1006600004800198406950B1F1F7FCFA009081686C
:100670002A460B68314698476846F1F729FB01A8DE
:10068000F1F726FB7CBD00007C0200202DE9F74F2E
:10069000A8B0F1F7E7FA039001680891B0F90420D7
:1006A00029998A420AD1B0F906002A99884205D1CF
:1006B00003A8F1F70DFB2BB0BDE8F08F0020F2F797
:1006C000FDF82590089882699A4818920168487C3C
:1006D0001790824200D04A740398B0F9041009912F
:1006E000B0F90820B0F906B0A2EB0101B0F90A2078
:1006F00001F1010AA2EB0B0101F101012491017C3E
:1007000089077DD541690C9100F120011B91099A5F
:100710002999A1EB02082A99B8F1000FA1EB0B0768
:100720004FF0FF3109DD012210920022554616924A
:100730006A1ECDF838801E9209E0AAF101021692D5
:1007400000220E92169A0D46424410911E92002FDE
:1007500009DD0121DDF890901D91A9F101011F979C
:1007600000240B9107E01D91249C89460021641E02
:100770001F91E1190B91C068F1F774FA2190089864
:1007800004A9C068026B0898904710990398FDF778
:1007900056FE1A9010990398FDF751FE2290A1E0A1
:1007A0001F98844204DB0B98844201DC012000E0A6
:1007B000002026900BEB040038440790169E8CE036
:1007C00000202390224631460C98F1F71BFD209023
:1007D00000287DD01B9800EB860104FB0AF001EB9A
:1007E00080000F900998811901EB080006900E987F
:1007F000864208DB1E98864205DC269818B100E088
:100800007EE0012000E000200090BDF91010069865
:10081000814215DCBDF912100798814210DCBDF948
:100820001410069881420BDBBDF91610079881421F
:1008300006DB0146039B089A0698FFF7D9F9239037
:10084000009840B1B6EB080120D4E21B1ED40C98EE
:10085000F1F7D8FCD0B90998BDF91020304404EB69
:100860000B01824212DCBDF912208A420EDCBDF976
:10087000142082420ADBBDF916208A4206DB229A46
:1008800000920F9A089B126800F075F8BDF91010DD
:10089000069881421ADCBDF912100798814215DCD6
:1008A000BDF914100698814210DBBDF916100798A7
:1008B00081420BDBDDE920010DF1180C51F82020FD
:1008C0001A980090BCE80B0000F055F80F9900E072
:1008D00001E02398086010980644AE427FF470AFA0
:1008E0001D9804444C457FF45BAF1A990398FFF7B9
:1008F000ABFC22990398FFF7A7FC21A8F1F7E8F9D0
:100900000398299981802A99C18029995144491EC7
:100910000181249A2A991144491E4181DDE9171069
:10092000884203D008460349096848742598F1F7BE
:10093000C5FFBDE67C0200202DE9FC4105460E46C0
:1009400017460020009001902846FFF725FBA86875
:1009500078B1AC68606908B9304600E060696061F0
:100960006660A760009601976A460721A869F4F7B8
:1009700057FBBDE8FC812DE9F0410646069C0D467B
:100980001746606AA84205D194F93010206A0844DD
:10099000B04203D021461846FFF7EEF860680760C2
:1009A00094F93010606800EB81006060E06808B97D
:1009B000C4E90A65401CE060C4E90865BDE8F0814F
:1009C000F8B504460D46002000902046FFF7E4FAF3
:1009D000A06838B1A668356000956A460221A06912
:1009E000F4F71EFBF8BD2DE9F04105460E4617460B
:1009F0002846FFF7D1FAA86818B1AC68E66027610D
:100A00006661BDE8F081000070B5144C0546D4E97C
:100A10000010814212D0FDF75FFD297A027A9142DF
:100A20000CD12168814209D0FDF756FD297A007A60
:100A3000814203D16068FDF74FFD60600ECD6068B4
:100A400080E80E00FFF714FA60602168814203D14C
:100A50000846FFF70DFA206070BD0000B0030020CB
:100A600030B40446094A0B46401C07D0581C05D038
:100A70009068411C02D0D1684D1C02D14FF0FF306C
:100A80000146C2E9024330BCF2F7DEBAB0020020F0
:100A9000F0B58E080023FF220546002406E0E71883
:100AA000B7FBF2FC02FB1C7780C5641CB442F6D392
:100AB000054600240BE004EB030CBCFBF2FE80CDEA
:100AC00002FB1ECCBC4501D00320F0BD641CB44227
:100AD000F1D35B1C022BDFD34E0800230546002414
:100AE00007E0E718B7FBF2FC02FB1C7725F8027B56
:100AF000641CB442F5D3054600240CE004EB030C5F
:100B0000BCFBF2FE35F8027B02FB1ECCBC4501D0DB
:100B10000220F0BD641CB442F0D35B1C022BDDD379
:100B200000230546002407E0E618B6FBF2F702FBB7
:100B3000176605F8016B641C8C42F5D3054600244A
:100B40000CE000BFE718B7FBF2FC15F8016B02FBE5
:100B50001C77B74201D00120F0BD641C8C42F1D358
:100B60005B1C022BDDD30022134602E000F8013BA0
:100B7000521C8A42FAD30020F0BD00000A4A816963
:100B800052F82130834202D1036842F82130416893
:100B900009B102680A60016809B142684A6000212F
:100BA000016041607047000094020020006180E80D
:100BB0000E00104440F8042C704700002DE9F74F58
:100BC000C8488B469CB0D0E90010CDE91910924678
:100BD0001C98F1F747F81190D0E90454B0F90810C7
:100BE000D0F80C800A91DFF80093B0F90A00139056
:100BF000D9F800004E46407CF1F754FB1090119854
:100C000000680069406817903068407CF1F7F0FB9D
:100C1000064611A8F1F75CF8082D01D8012004E080
:100C2000102D01D8022000E004200F90012D21D0CA
:100C300000271098082871D3082D6FD91798B04253
:100C40006CD0D9F80000407CF1F7CAFB12900A98EA
:100C50008000F0F73BFF1B9000287DD01C98F1F737
:100C6000E6FD8146002C78D02046F0F7FBFF0026F9
:100C700018908AE019AFDCE700200C9018983246F3
:100C800081684B690CA998470A990446884221D18A
:100C90001B98F0F7E7FF129B179ACDE90023014656
:100CA000169048462246109BFDF7AAFB03AB002096
:100CB000169A109985C301200090CDE901010346E1
:100CC0000AEB060158460A9AF3F788F816A8F0F7D7
:100CD000FFFF58E0012D1ED053E00C9801AB09EB4B
:100CE000E00200F007010492CDE9057101210091B5
:100CF000A3E822010AEB0601584401232246F4F737
:100D00009DF90C98324620440C90189881684B69E4
:100D10000CA998470446002CDFD134E04FE01B9823
:100D2000F0F7A0FF169001460C9B0F98179A03FB53
:100D30000090129BCDE900232246109BFDF760FB3B
:100D400002AB10980021169A87C3012000900AEB8D
:100D5000060101900C9A01E02EE01EE00BEB020070
:100D600001232246F3F73AF816A8F0F7B1FF0C98E2
:100D7000324620440C90189881684B690CA998471A
:100D80000446002CCBD1C144761C13988642FFF652
:100D900073AF18A8F0F79CFF0BE0012001A905979D
:100DA0000090A1E8210351465846139B0A9AF3F795
:100DB00015F81B98F0F7B8FE1FB0BDE8F08F1C982F
:100DC000F1F735FD8146002C7ED02046F0F74AFF32
:100DD0000024189070E000200C901898224681683A
:100DE0004B690CA998470A99064688421DD106947A
:100DF00000E0641C1898621C81684B690CA9984734
:100E0000B042F6D0012001A905970090A1E8210386
:100E100006980A9A261A0AEB0001731C5846F2F744
:100E2000DDFF761C06FB089044E0012D1ED03DE05E
:100E30000C9801AB09EBE00200F007010492CDE948
:100E4000057101210091A3E822010AEB0401584435
:100E500001233246F4F7F2F80C98224630440C9005
:100E6000189881684B690CA998470646002EDFD177
:100E70001EE00C9A0F9901AB02FB0190CDE904072B
:100E800001200090A3E821010BEB02000AEB040112
:100E900001233246F2F7A2FF0C98224630440C9010
:100EA000189881684B690CA998470646002EE0D136
:100EB00009EB08008146641C139884428BDB18A858
:100EC000F0F706FF78E7FFE7012001A905970090FA
:100ED000A1E8210351465846139B0A9AF2F77EFF78
:100EE0006AE70000447701087C0200202DE9FF4FEB
:100EF0008DB01F4690460D98F0F7B4FE0890B74E9F
:100F0000B0F90AB000F11804D0F80C903068407CB9
:100F1000F1F7C8F9082801D8012504E0102801D804
:100F2000022500E004250898AD4A01680969079187
:100F30003168497C52F821100A69079906921668AF
:100F4000D1F804A091420FD10021CDE90441012143
:100F500001AA0091A2E88202B0F908205B4641464E
:100F60000E98F2F73BFF30E1202F02D0102F74D003
:100F70002BE1B0F9084008A8F0F7AAFE05FB04F041
:100F8000F0F7A4FD5FEA000AEDD0F0F76BFE0990E0
:100F90000D98F0F767FE00F1180408900898012DED
:100FA000B0F9087004D0022D13D0042D38D121E0FF
:100FB0000698DDF82490D0F810C0BCF1000F01D0E5
:100FC000012320E001CCB04709F8010B7F1EF9D1C5
:100FD00026E00698DDF82490D0F810C0BCF1000F90
:100FE00001D002230FE001CCB04729F8020B7F1E8D
:100FF000F9D115E00698DDF82490D0F810C0BCF1C6
:10100000000F07D004233A4649462046E04704EB48
:10101000870405E001CCB04749F8040B7F1EF9D1E5
:101020000020E900099ACDE90210CDE90420012051
:10103000009001900898414608F10108B0F9082095
:1010400001230E98F2F7CAFEBBF1010BA6D109A845
:10105000F0F73EFE5046B6E0FFE7B0F9084008A8BA
:10106000F0F736FE05FB04F0F0F730FD0C90002899
:101070007BD0F0F7F7FD09900D98F0F7F3FD00F144
:1010800018040890B0F908008000F0F71FFD0B90DD
:1010900010B1F0F7E7FD0A900898012DB0F908703B
:1010A00004D0022D23D0042D69D141E00698DDF84B
:1010B0002490006988B10798D0F814C0BCF1000FE3
:1010C0000BD00B9848B102233A4620460A99E047D4
:1010D00006980123D0F810C040E034F8020B5146C6
:1010E0008847B04709F8010B7F1EF6D147E0069804
:1010F000DDF82490006988B10798D0F814C0BCF1DD
:10110000000F0BD00B9848B102233A4620460A99AB
:10111000E04706980223D0F810C01FE034F8020B15
:1011200051468847B04729F8020B7F1EF6D126E0CA
:101130000698DDF824900069C0B10798D0F814C073
:10114000BCF1000F12D00B9880B102233A46204622
:101150000A99E04706980423D0F810C03A46494659
:101160000A98E04704EB470409E02EE034F8020B4C
:1011700051468847B04749F8040B7F1EF6D100203E
:10118000E900099ACDE90210CDE904200120009080
:1011900001900898414608F10108B0F908200123A0
:1011A0000E98F2F71BFEBBF1010B7FF475AF0B98A5
:1011B00028B10AA8F0F78CFD0B98F0F7B5FC09A848
:1011C000F0F786FD0C98F0F7AFFC0898002802D0E5
:1011D00008A8F0F77DFD11B0BDE8F08F7C0200207B
:1011E0009402002038B505460C480C460068006E95
:1011F000F0F738FD0090B0F90620C36800F118013F
:10120000A21A02FB0311B0F9040001EB4501A1EBA6
:1012100040046846F0F75CFD204638BD7C020020A3
:101220002DE9F04104460D46164632462946204631
:10123000FEF7D4FD0746216988688047804687EA23
:101240000803324629462046FFF750F9BDE8F081F1
:10125000FEB50746124815460E460068006EF0F7C8
:1012600001FD019029463046FFF7BCFF044638696E
:10127000806880472188414021800198406950B1B1
:10128000F0F7F0FC009081682A460B6831469847D9
:101290006846F0F71DFD01A8F0F71AFDFEBD00003D
:1012A0007C02002000B52DED048BB0EE409AF0EEEC
:1012B000609A83B051EC190B01F0E8FA41EC180B7D
:1012C00018EE100A18EE901A8DED008B002818BF4A
:1012D0000120084320F00040C0F17F6000F1E040B1
:1012E000C00F14D019EE101A19EE900A8DED009B64
:1012F000002918BF0121084320F00040C0F17F60A1
:1013000000F1E040C00F04BF0120EFF7CCF9B0EED0
:10131000480A03B0F0EE680ABDEC048B00BD00BFC4
:101320007047000010B5044600680E2802D00F2850
:1013300017D108E0E0684168012917D10068BDE8CD
:101340001040F1F747BD6068FDF762F9084951F8B0
:1013500020006FF07041884203D0F1F7ABFCF0F74A
:1013600039FD2046BDE81040FCF7CAB810BD0000AA
:101370005C03002070B504460D4600202071401E1D
:10138000E0622946204600F073FD08B1032070BDDD
:1013900094F82E1294F82F0241EA00204AF65521C3
:1013A000884201D00220F2E794F86900010694F81F
:1013B000680041EA004194F8670041EA002094F88F
:1013C0006610084320F07F400D49884201D100207B
:1013D000DDE794F88500010694F8840041EA0041B5
:1013E00094F8830041EA002094F88210084320F02A
:1013F0007F400349884201D10020C8E70120C6E7A9
:10140000464154000146002002E04910421CD0B27F
:101410000129FAD17047000070B504466FF004004E
:10142000F7F7ACF8E11704EB5171C1F3C7010D4AAE
:101430001170E11704EB5171CD104FF47A704543F0
:101440000120094908804FF0E020006940F00200C7
:101450004FF0E021086108464561006940F0010055
:10146000086170BD6E0000207000002070B5044659
:101470000F480078012814D10E48007888B90E482A
:101480000088844206DB0C48008894FBF0F528466F
:10149000F4F762FC0848008894FBF0F100FB11406F
:1014A00084B24FF47A7104FB01F000F007F870BDCC
:1014B000E6000020DA000020700000202DE9F0474F
:1014C000074600264FF0E020D0F81490114800782D
:1014D00007FB00F800BFF3F7D3FF4FF0E02085696A
:1014E00011E04FF0E0208469AC420CD0AC4202D253
:1014F000281B064403E0A9EB0400284406442546C3
:10150000464500D300E0ECE700BFF3F7D9FFBDE8A4
:10151000F08700006E00002070B50446002514B16D
:10152000012C0BD103E0F5F763FD054608E0FBF75E
:1015300091FD4FF4A0400549088001E0012500BF5E
:1015400000BF0DB1012070BD0020FCE75C0200204F
:101550002DE9F04107460E4615461C464FF000089F
:1015600014B90420BDE8F08117B1012F16D106E0AF
:10157000E2B229463046F6F7A5F8804611E009E0C8
:1015800069024FF400723046FBF78EFD6D1C06F5C4
:101590000076641E002CF3D1A04602E04FF0010853
:1015A00000BF00BFB8F1000F01D10020DAE7012031
:1015B000D8E70146002070472DE9F04107460E4666
:1015C00014461D464FF0000817B1012F16D106E052
:1015D000EAB221463046F6F75DFC804611E009E0AC
:1015E00061024FF400723046FBF7CAFD641C06F539
:1015F00000766D1E002DF3D1A84602E04FF00108E1
:1016000000BF00BFB8F1000F02D10020BDE8F0819B
:101610000120FBE7F8B5F3F7DBF9F2F715FF04005B
:101620003BD100252846F0F7C3FC009048B1C068C4
:101630000C21426A68469047010007D0009888470D
:1016400004436D1C022DEDDB14B126E00120F8BD32
:10165000F2F714FF012540F6FF762846F0F7A8FCC4
:101660000090C0B12846F1F70DFB0420F3F756FABD
:101670000021324633460846F2F70CFE0020F3F70D
:101680004DFA00980E21C068426A684690470100F2
:1016900001D0009888476D1EDFD52046F8BD01E0D7
:1016A000FCF724FFFCE7000010B54FF40C7100209C
:1016B00000F0F8FB184908604FF40C71002000F0AE
:1016C000F1FB154948604FF40A71002000F0EAFB75
:1016D000124908604FF40A71002000F0E3FB104942
:1016E00008604FF40071002000F0DCFB0D49086039
:1016F0000948006868B10848406850B10748006868
:1017000038B10748006820B10846006808B10020D9
:1017100010BD0120FCE7000040020020480200202C
:101720004C02002058020020F7B582B016460398FC
:10173000019001A800F0F8F90546002D02DA0B200F
:1017400005B0F0BD0E4850F825400CB100202070C7
:10175000029810B10020029908700949029841F8D6
:101760002500029808B1012E01D00020E8E70022F0
:1017700003A902A800F006F807463846E0E7000093
:10178000D07801202DE9F74F88B00021089801603A
:10179000099800F0C9F907900798002803DA0B2090
:1017A0000BB0BDE8F08FD549079851F820400CB92F
:1017B0000C20F5E708980460207878B16078FFF78E
:1017C000F8FE804608F0010040B90A9820B108F000
:1017D000040008B10A20E3E70020E1E700202070C0
:1017E000079860706078FFF797FE804608F0010068
:1017F00008B10320D4E70A9820B108F0040008B12A
:101800000A20CDE7002739462046FFF7B3FD0546FD
:10181000012D01D06DBB2CE0002614E004F5F7711A
:1018200001EB0610017951B1C17A0A06817A42EAC8
:101830000142417A42EA0121027A114300E000218B
:101840004DF82610761C042EE8D3002606B1761E2D
:1018500000BF5DF8267027B139462046FFF78AFDA4
:1018600000E0022005461DB1701C06460428F0D396
:1018700000BF032D01D1012092E70DB10D208FE7AC
:101880003B20015D94F83C0041EA0020B0F5007F68
:1018900001D00D2084E74620015D94F8470041EA1D
:1018A0000029B9F1000F0ED194F85700010694F801
:1018B000560041EA004194F8550041EA002094F8AE
:1018C000541040EA0109C4F818904020005DE0700F
:1018D000E078012804D0E078022801D00D205FE7ED
:1018E000E07809FB00F93D20005DA070A07818B1F8
:1018F000A078411E084008B10D2051E74120015D4C
:1019000094F8420041EA00202081207A00F00F0084
:1019100008B10D2044E74320015D94F8440041EAFA
:10192000002BBBF1000F0ED194F85300010694F880
:10193000520041EA004194F8510041EA002094F835
:10194000501040EA010B3E20015D94F83F0041EA4F
:1019500000200490049808B90D2021E70498484419
:10196000218900EB111006900698834501D20D20C5
:1019700016E70698ABEB0000A178B0FBF1FABAF1DC
:10198000000F01D10D200BE7012540F6F6708245CE
:1019900000D302254FF6F670824500D303250AF1E5
:1019A00002006061E7610498384420620698384478
:1019B000A062032D16D1208908B10D20F0E694F81D
:1019C0005F00010694F85E0041EA004194F85D0072
:1019D00041EA002094F85C1008436062606980006E
:1019E000059014E0208908B90D20D9E6206A484402
:1019F0006062022D02D16069400007E0207D00F0A6
:101A00000100616901EB410100EB51000590A16902
:101A1000059800F2FF10B1EB502F01D20D20BFE668
:101A20004FF0FF302061E06080206071032D5AD1BB
:101A300094F8601094F8610041EA0020012852D126
:101A4000791C204600F014FAE8BB0020607194F87D
:101A50002E1294F82F0241EA00204AF655218842BE
:101A600041D13320005D01063220005D41EA004192
:101A70003120005D41EA002094F8301008432049ED
:101A8000884230D194F81702010694F8160241EA10
:101A9000004194F8150241EA002094F8141208431A
:101AA000184988421FD194F81B02010694F81A02C3
:101AB00041EA004194F8190241EA002094F8181212
:101AC0000843206100E00EE094F81F02010694F83C
:101AD0001E0241EA004194F81D0241EA002094F8F8
:101AE0001C120843E060257007480088401C80B243
:101AF00005490880E080002052E60000D0780120EF
:101B000052526141727241615E02002000BF054A7B
:101B1000128802F04002002AF9D0C2B2014B9A802A
:101B2000704700000010014070B502464FF0FF30D2
:101B30001568E5B1116800E0491C0D78202D02D32D
:101B40000D783A2DF8D10D783A2D0FD1146814F88C
:101B5000015BA5F130030A2B07D28C4205D1032B80
:101B600003D218464D1C2946156070BD002000BFE9
:101B7000FBE700000EE00848006808B9012000E01B
:101B80000020054908604FF4FA7300221146104600
:101B9000F4F71EF9EFE70000940240421CB5A820BC
:101BA000FFF73AFC4FF4A060F3F7C8FB4FF4E130C5
:101BB00000F000FAF6F732FDFBF74CFA4FF47840EC
:101BC0003C4908803CA010210B46C822CDE90010FA
:101BD00032211E20F3F7DEF83BA010210B46C8226D
:101BE000CDE9001046211E20F3F7D4F839A01021CA
:101BF0000B46C822CDE900105A211E20F3F7CAF87F
:101C000023E039A010210B46C822CDE9001096210F
:101C10001E20F3F7BFF84FF4FA70FFF727FC38A047
:101C200010210B46C822CDE9001096211E20F3F7A3
:101C3000B1F84FF4FA70FFF719FC3648006808B99C
:101C4000012000E0002033490860FBF755FA4EF60A
:101C500014718842D5D130A010210B46C822CDE99D
:101C6000001096211E20F3F795F8FAF757FEF3F7C8
:101C700007FB002000F062F8022000F05FF8FFF799
:101C800013FD29490122086828A1FFF74DFD2649C7
:101C90000122486826A1FFF747FDF3F759FB00230F
:101CA000244A19462448F3F74FFDF3F701FD0020BD
:101CB0001CBD0000000000206D6375646576205334
:101CC000544D333246340000535049205445535448
:101CD000000000006D63756465762E74616F62614B
:101CE0006F2E636F6D00000057323551313620433F
:101CF0006865636B204661696C65642100000000C3
:101D0000506C6561736520436865636B21202020FA
:101D10002020200094024042573235513136205263
:101D2000656164792100000040020020303A000023
:101D3000313A0000B4050020F11E010810B5044638
:101D40000C4951F824104A000B4951F82400002195
:101D500000F0BCF8094951F8242007490C3951F822
:101D60002400002100F0B2F8012103480C30015595
:101D700010BD0000B844010890000020D0440108C4
:101D80002DE9F04704460F460025A9462548005D89
:101D900020B9244820380168204688471FB94FF0F1
:101DA000FF30BDE8F087204850F82400B7FBF0F082
:101DB00086B21D4850F82400B7FBF0F100FB11700B
:101DC00008B1701C86B2194850F82400451E24E062
:101DD00014480C3850F8240030F8150020B909F1E7
:101DE00001001FFA80F901E04FF00009B14513D15D
:101DF0004FF0000809E00B480C3850F8240005EBC0
:101E0000080120F8116008F10108B045F3D3064835
:101E100050F824006843C4E76D1E002DD8DA4FF057
:101E2000FF30BEE79C000020C4440108B84401080C
:101E300010B501460023002207E00B4850F82100AE
:101E400030F8120000B15B1C521C084850F8210009
:101E50009042F2D864205843044C54F82140B0FB1F
:101E6000F4F0C0B210BD000090000020B84401089A
:101E700070B504460D46E06AA84210D0204600F036
:101E800069F808B1012070BD607801232A4604F189
:101E90003001FFF75DFB08B10120F4E7E5620020A7
:101EA000F1E7000070B504460E4631462046FFF7C4
:101EB00067FF0546681C08B9002070BD024850F84D
:101EC00024002844F9E700008400002030B50346D0
:101ED00001E003F8011B141EA2F10102F9D130BD8B
:101EE00000BF011EA0F10102D0B2FAD1704700007C
:101EF00070B5054601210803F4F76AFCF0F792FA81
:101F0000F3F7FAFBEEF7E0F9044604230B4A00214D
:101F10000B48F3F719FC02230A4A00210A48F3F799
:101F200013FC0323094A00210948F3F70DFCFF20A5
:101F3000F3F7BCFE2046EEF7CBF970BDB4280020C5
:101F40009F160108B4070020A11F0108B408002053
:101F5000751B010870B504462079F8B1E56A607810
:101F600001232A4604F13001FFF726FB08B10120C6
:101F700070BD00202071206A281AA16988420DD204
:101F8000E67809E0A0690544607801232A4604F157
:101F90003001FFF711FB761E022EF3D20020E7E797
:101FA00007E0F0F777FF0523002211461046F3F70C
:101FB0000FFFF6E710B588B0044601210846F4F794
:101FC00007FC01211020F4F723FC072209212448F3
:101FD000EFF7B2FB07220A212148EFF7ADFB4FF4E0
:101FE000C060069002208DF81C008DF81D000020B6
:101FF0008DF81E0001208DF81F0006A91848EFF784
:1020000053FB02940020ADF80C00ADF80E00ADF8C3
:102010001000ADF814000C20ADF8120002A9114810
:10202000FAF77AFF01210F48FAF71BFF40210D480C
:10203000FAF70EFF012240F225510A48FAF747FF4E
:1020400025208DF8040003208DF805008DF806008A
:1020500001208DF8070001A8F3F734F908B010BD8E
:10206000000002400010014021F00042A2F1605245
:10207000B2F5801F01F0004328BFD2F17F6C0BD96D
:102080005FEA001C43EAC20242EB507018BF70477F
:1020900028BF20F001007047B2F5801FBCBF184672
:1020A00070474FEA410C1CF5001F02D2084600F0B1
:1020B00019BE70B500F054FB00000089FFF7F6BFB1
:1020C0004FF00040A0F580007047000010B591EA85
:1020D000030F48BF83F0004300F1AC84841A71EB16
:1020E000030C05D2121943EB0C03001B61EB0C012E
:1020F000DFF824E14FEA1154A4EB135C1EEA430F0E
:1021000018BF9EEA445F73D023EA0E03DCF1200E71
:1021100021EA045143F4801332D322FA0CFE10EB6F
:102120000E0023FA0CFE41EB0E01CCF1200E03FA57
:102130000EFE10EB0E0051F10001B1F5801FCCF145
:10214000200E32D201EB045112FA0EF2BDE810401B
:1021500058BF7047401C38BF5FEA420218BF704743
:10216000002814BF20F0010041F100014FEA4103B3
:1021700013F5001F38BF7047A1F1C04100F03EBB0E
:10218000012A43EB0302ACF1200CDCF11F0E32BF3D
:102190004FF0000E23FA0CF310EB030041EB045157
:1021A000B4EB115FD0D0A1EB045101F580114908C7
:1021B0005FEA300001EB04510ED350F1000038BF4C
:1021C00012FA0EFE08D1BDE81040C9E7401C38BF26
:1021D0005FEA4202CAD1C3E7BDE810404FEA4103BB
:1021E00013F5001F38BF7047A1F1C04100F006BBD6
:1021F0009EEA445F08D011EA5E0FBDE8104004BFBC
:1022000001F0004100207047BDE8104070B500F0BB
:10221000A7FA00BF64FBBE3E0000E0FF491058BFB4
:10222000C1F140415B1058BFC3F140438B42EFF313
:10223000008070472DE9C04130B4DFF8A0C23CEA0D
:10224000111418BF3CEA131400F0EC8081EA030576
:102250001CEA111444EAD57418BF1CEA131500F0E7
:10226000C780A4EB05044FF0004545EAC12145EACB
:10227000C32341EA505143EA525304F17F74994217
:1022800004F500344FEAC0204FEAC22208BF904252
:1022900000F09C804FEA13650FF24016765D4FEA1E
:1022A000134506FB05F7C7F1807706FB07F74FEAF2
:1022B000D737A7FB03687642C8F58038A7FB06CE60
:1022C00038BFA8F1010807FB08E64FF0000EA6FB97
:1022D000028CE6FB03CEDCF1000CCEF1004E38BFE1
:1022E000AEF1010EA6FB0C584FF000074FF00005B1
:1022F000E6FB0E87A1FB08C6A0FB07CE16EB0E0679
:1023000045F10005E1FB076515F1E04E7EBFA4F540
:1023100080345FEA46066D4116F1800745F10005FD
:102320004FEA17274FEA066647EA0567A6F1DE4639
:10233000B6F1805F4FEA15251FD9384624F0010C0D
:1023400005EBC471BCF1FE6F01EB0C1102D8F0BCBF
:10235000BDE8008124425CBF01F5801E9EEAC47F77
:1023600002D4F0BCBDE80081244238D4F0BCA1F115
:10237000C041BDE8004100F041BA4FEAD22242EA32
:1023800043524FEAD323A7FB02864FEAD02040EA0C
:10239000415007FB03661EEA0E0F4FEAD12105FBF1
:1023A000026658BFA6EB0056B6EB00564FEA520E37
:1023B0004EEAC37E18EB0E0E56EB530EBDD518EB4E
:1023C00002085E417F1C55F10005B6E74FF4801509
:1023D0004FF000074FF000064FF00008ADE7F0BCEB
:1023E0004FF0000001F1C04101F00041BDE8008163
:1023F00011EA0C1F0CEA131500D00CE013EA0C1FB5
:1024000000F025804FF00000F0BC81EA030101F0EC
:102410000041BDE80081F0BCBDE8004181EA030154
:1024200000F0ECB9F0BCBDE8004170B500F098F9DF
:10243000097EFC3E00F007B881EA03014FF000007E
:1024400001F00041704781EA030100F0D7B9F0BC08
:10245000BDE800414FF0000021497047FFFDFBF946
:10246000F7F5F4F2F0EEEDEBE9E8E6E4E3E1E0DEC7
:10247000DDDBDAD8D7D5D4D3D1D0CFCDCCCBCAC839
:10248000C7C6C5C4C2C1C0BFBEBDBCBBBAB9B8B760
:10249000B6B5B4B3B2B1B0AFAEADACABAAA9A8A853
:1024A000A7A6A5A4A3A3A2A1A09F9F9E9D9C9C9B21
:1024B0009A999998979796959594939392919190CC
:1024C0008F8F8E8E8D8C8C8B8B8A8989888887875D
:1024D0008685858484838382828181800000FF07D2
:1024E0000000F87F4FEA1153A3F58063D3F11E0378
:1024F000A8BFD3F1200C08DB4FF0004242EAC12212
:1025000052EA505232FA03F0704709420BD4102BB2
:10251000C4BF0020704703F5787CBCF1FF3F05D0B5
:102520004FF0FF3070474FF00000704770B500F07B
:1025300017F900BF4992248000207047F0E710F09F
:10254000004248BF4042B0FA80F310FA03F10AD0CB
:10255000C3F11D0303F580634FEA415002EB0352C0
:1025600002EBD12170474FF000007047B0FA80F3C2
:1025700010FA03F10AD0C3F11D0303F580634FEA9B
:1025800041504FEA035202EBD12170474FF0000057
:102590007047000051EA030C17D41CF5801F58BF88
:1025A000BCF5801F00F10680994218BF704708BF34
:1025B0009042704707D711F5801F58BF13F5801F51
:1025C00019D499427047894270471CF5801F08D57D
:1025D000BCF5801FF7D58B4218BF704708BF8242F9
:1025E00070474FF4001C1CEB410F38BF1CEB430F2E
:1025F00001D28B42704770B500F0B2F892244900C6
:102600004FF000514FF08053FFF708BEDFF848C18C
:1026100070B51CEA111E1EBF1CEA13159EEA0C0FB2
:1026200095EA0C0F00F06F8081EA030423EA4C1353
:102630004EEAD47E21EA4C1141F4801143F4801318
:10264000AE44A1FB024CA0FB0365AEF17F7E3619C0
:1026500055EB0C05A1FB034C4CF10003A0FB021C45
:1026600016EB0C06654153F10003094218BF46F012
:10267000010613F4007F0BD14FEA03314FEA053016
:10268000340341EA155140EA16506FF003020AE0A4
:102690004FEAC3214FEAC520F40241EA555140EA0E
:1026A00056506FF0020202EB2E4201EB025585EA12
:1026B000CE710AD05FEA440C18BF24F0004450F1F8
:1026C000000041F1000120EAD47040F2FE7C624536
:1026D00000D270BDA84214BF4FF080444FF0404478
:1026E000002E08BF0024BEF1806FA8BFA1F1C04139
:1026F000BDE8704080F282804FF0000001F1C041DF
:1027000001F0004170479EEA0C0F0CEA131518BF48
:1027100095EA0C0F06D04FF0000081EA030E0EF090
:10272000004170BD00F01CF88900013E00F007B8C0
:1027300000F009B84FEA430C5FEA5C5C08D081EA1C
:10274000030100F05BB84FEA410C5FEA5C5CF6D134
:102750004FF00000014970470000FF070000F87FBC
:102760000EF1020E2EF0030E5EF8046B364205D415
:10277000012A43EB030515F5001F12D8012841EB90
:10278000010C1CF5001F0CD80ED14FEAD17C15F5B9
:10279000001F0CEB4C0C0CF1020C08BF4CEBD37C73
:1027A00004E04FF0080C01E04FEAD37C0CEB4C0541
:1027B00026FA05F606F00706B6F1040C06D20EEB73
:1027C000860CBDE870404CF0010C6047DFE80CF06F
:1027D000090B02024FF000414FF00000A1F500216B
:1027E00070BD19461046012851EB010418BFD4F5FD
:1027F000001484BF002001F0004170BD0808A0F55E
:1028000000114FEA3101704753EA010C17D41CF54F
:10281000801F58BFBCF5801F00F106808B4218BF97
:10282000704708BF8242704707D713F5801F58BF13
:1028300011F5801F19D48B4270479B4270471CF5DD
:10284000801F08D5BCF5801FF7D5994218BF704787
:1028500008BF904270474FF4001C1CEB430F38BF79
:102860001CEB410F01D2994270470FB40CBC03BC62
:10287000FFF7C1BE91EA030F10B581F000413FF5AB
:102880002DAC83F0004300F0D5B800002DE9F041F5
:1028900001F5801CBCF5001FC0F2A9804FEA115C55
:1028A00021EA0C510CF1FD0C41F480115FEA5C0C43
:1028B0000CF5C07C01D34000494130A4890241EAB3
:1028C000905187028E0E0A0CA45D04FB04F602FBF5
:1028D00006F6C6F14046A4FB0662F60D46EA42261D
:1028E00006FB06F4A4FB01235242C3F1404338BF68
:1028F0005B1EA6FB02420024E6FB0324D20B42EA45
:102900004446A6FB0623A1FB02E2A3FB07E4E3FB8C
:1029100061426442C2F1404E38BFAEF1010EA6FBE7
:1029200004234FF00002E6FB0E32A2FB0346340004
:10293000E2FB6264A1FB06E6A4FB07E8E4FB616836
:102940007642C8F1405838BFA8F10108A2FB06E45E
:10295000A3FB08E5E2FB6854A1FB05E6A7FB04E83E
:10296000E1FB648618F1200556F10006A809A8F1DC
:102970001B08B10908F03F08B8F10A0F40EA866069
:102980001CD901EB0C51BDE8F08100BFFCF5EEE86D
:10299000E2DDD8D3CFCBC7C3C0BDB9B6B4B1AEACFE
:1029A000A9A7A5A3A19F9D9B9A9896959392908F76
:1029B0008D8C8B898887868584838281A0FB0068C3
:1029C00000FB01F208EB4208B8EB872807D5341862
:1029D00058EB0104D5D5401C51F10001D1E7341A60
:1029E00078EB0104CDD4401E71F10001C9E75FEA24
:1029F0004C0C5FEA9C5C0DD105D34FF0000001F058
:102A00000041BDE8F081BDE8F04170B5FFF7A8FED8
:102A10006DDBFFBEBDE8F0414FF00000004970479C
:102A20000000F87F10B591EA030F48BF83F0004320
:102A30003FF554AB841A71EB030C07D212198CF0DA
:102A4000004C43EB0C03001B61EB0C01DFF8A4E12D
:102A50004FEA1154A4EB135C1EEA430F18BF9EEA21
:102A6000445F00F0B08023EA6E03524221EA045131
:102A7000C3EB6E0338BF5B1EDCF1200E25D322FAB8
:102A80000CFE10EB0E0043FA0CFE41EB0E01CCF1F4
:102A9000200E03FA0EFE10EB0E0051F10001CCF1F6
:102AA000200E29D412FA0EF201EB0451BDE81040B9
:102AB00058BF7047401C1CBFB2F1004F7047002840
:102AC0000CBF491C20F00100704712EB020E43EBD3
:102AD000030218BF4FF0010E4EEA4202ACF1200C87
:102AE000DCF11E0E54D943FA0CFE10EB0E0051F12E
:102AF000FF31CCF11E0ED5D50EF1010E12FA0EFEED
:102B0000404141EB010101EB445C5FEA5C5C10D9A0
:102B100010EBDE7001EB045138BFBEF1004FBDE891
:102B2000104018BF704700280CBF491C20F001005E
:102B3000704730D24FEAD42C11F5001124F4006410
:102B40001BD0B1FA81F20B3AA41AA41ED2F12003D1
:102B5000914030FA03F31943904001EBCC71002C03
:102B600001EB0451BDE81040A8BF704701F1C0411E
:102B70004FF0000001F000417047B0FA80F310FA06
:102B800003F100D110BDE41A173C4805C90AE4E777
:102B900001EB045110BD491001EB0451BDE8104098
:102BA0004FEA300002E04FF0000170474A0008BFD2
:102BB0000042F8D0B2F5001F28BF704701F0004175
:102BC0004FF0000070479EEA445F07D011EA5E0FA5
:102BD000BDE8104004BF002100207047BDE8104050
:102BE00070B5FFF7BDFD00BF40DFF63E83F000414A
:102BF000104670470000E0FF43004FEAD30C4FEA55
:102C00003C0C43401FBF40070CF1605113F0FE4FD6
:102C100070471CF0006F03D100200CF0004170479A
:102C20000CF0004343EA507010B540EACC0000F0CD
:102C30000EF800BF000000924FEA0001FFF7DEBD72
:102C40004FF000414FF00000A1F5002170470EF158
:102C5000020E2EF0030E5EF8044B244204D44FEA19
:102C60004102B2F17F4F11D84FEA4003B3F17F4FD9
:102C70000CD80ED14FEAD07CB2F17F4F0CEB4C0C4C
:102C80000CF1020C08BF4CEBD17C04E04FF0080CB7
:102C900001E04FEAD17C0CEB4C0324FA03F404F07E
:102CA0000704B4F1040C06D20EEB840CBDE810400E
:102CB0004CF0010C6047DFE80CF0070802024FF00F
:102CC0000040A0F5800010BD0846420018BFD2F1B8
:102CD000807288BF00F0004010BD4FF04070E1EE00
:102CE000100A7047FF2141EAD050C005704700002C
:102CF00000000000000000000000000000003F4055
:102D000000000000000000003000400030004000E3
:102D1000000009000BC03D000BC03D00090018C0B9
:102D200024407FE0224031800000180024C01B00B6
:102D30000D803240018003801C4027401C800740EA
:102D400000401000600000000000000000000000D3
:102D5000000000001F802040402000004020204054
:102D60001F8000000000090006001F800600090007
:102D70000000040004003F80040004000000001074
:102D800000600000000000000000040004000400D7
:102D900004000400000000000040000000000000EB
:102DA0000000002001C006003800400000001F8025
:102DB0002040204020401F800000000010403FC005
:102DC00000400000000018C021402240244018406C
:102DD000000010802040244024401B80000002009E
:102DE0000D0011003FC0014000003C802440244001
:102DF0002440238000001F8024402440344003806E
:102E000000003000200027C03800200000001B8098
:102E10002440244024401B8000001C0022C022408B
:102E200022401F8000000000000008400000000059
:102E3000000000000000046000000000000000002E
:102E400004000A0011002080404009000900090028
:102E500009000900000000004040208011000A0025
:102E600004001800200023402400180000001F80E8
:102E70002040274029401F400000004007C0390083
:102E80000F0001C0004020403FC0244024401B8070
:102E900000001F8020402040204030800000204063
:102EA0003FC0204020401F80000020403FC0244001
:102EB0002E4030C0000020403FC024402E00300093
:102EC00000000F001080204022403380020020408C
:102ED0003FC0040004003FC02040204020403FC0CD
:102EE0002040204000000060202020203FC0200023
:102EF000200020403FC024400B0030C02040204034
:102F00003FC020400040004000C03FC03C0003C024
:102F10003C003FC0000020403FC00C4023003FC0A9
:102F200020001F802040204020401F8000002040C3
:102F30003FC024402400180000001F802140214091
:102F400020E01FA0000020403FC02440260019C000
:102F5000004018C02440244022403180000030004E
:102F600020403FC020403000000020003F80004053
:102F700000403F80200020003E0001C007003800D4
:102F80002000380007C03C0007C038000000204087
:102F900039C0060039C0204000002000384007C07A
:102FA000384020000000304021C02640384020C07A
:102FB0000000000000007FE04020402000000000F2
:102FC00070000C0003800040000000004020402002
:102FD0007FE0000000000000200040002000000012
:102FE0000000001000100010001000100010000081
:102FF00000004000000000000000000002800540CA
:10300000054003C0004020003FC00440044003804E
:10301000000000000380044004400640000000005F
:103020000380044024403FC000400000038005406E
:10303000054003400000000004401FC0244024401D
:103040002000000002E005500550065004202040FA
:103050003FC00440040003C000400000044027C0FB
:1030600000400000000000100010041027E00000E5
:10307000000020403FC00140070004C00440204041
:1030800020403FC000400040000007C0040007C0CF
:10309000040003C00000044007C00440040003C053
:1030A000004000000380044004400380000004103E
:1030B00007F0045004400380000000000380044037
:1030C000045007F00010044007C002400400040050
:1030D0000000000006400540054004C0000000005C
:1030E00004001F80044000400000040007800040EE
:1030F000044007C000400400070004C0018006002F
:103100000400060001C0070001C0060000000440E2
:1031100006C0010006C0044000000410071004E0CF
:103120000180060004000000044005C00640044081
:1031300000000000000004007BE0402000000000D0
:1031400000000000FFF000000000000040207BE0D5
:10315000040000000000400080004000200020002B
:10316000400000000000000000000000000000001F
:1031700000000000000000001FCC000C0000000058
:10318000000000000800300060000800300060000F
:103190000000022003FC1E20022003FC1E2002204F
:1031A000000000000E1811043FFF10840C7800008E
:1031B00000000F0010840F3800C0077818840078D2
:1031C000000000780F8410C411240E9800E40084DD
:1031D0000008080068007000000000000000000007
:1031E000000000000000000007E018182004400262
:1031F0000000000040022004181807E00000000052
:1032000000000240024001800FF0018002400240B5
:1032100000000080008000800FF8008000800080A7
:1032200000000001000D000E000000000000000082
:10323000000000000080008000800080008000808E
:1032400000800000000C000C0000000000000000E6
:103250000000000000060018006001800600180051
:103260002000000007F0080810041004080807F008
:1032700000000000080408041FFC00040004000013
:10328000000000000E0C10141024104411840E0CC9
:10329000000000000C1810041104110412880C70B6
:1032A0000000000000E00320042408241FFC002488
:1032B000000000001F981084110411041088107081
:1032C0000000000007F0088811041104188800703D
:1032D000000000001C00100010FC13001C00100077
:1032E000000000000E3811441084108411440E3880
:1032F000000000000700088C10441044088807F004
:103300000000000000000000030C030C000000009F
:1033100000000000000000010106000000000000A5
:103320000000000000800140022004100808100482
:10333000000002200220022002200220022002209F
:103340000000000010040808041002200140008062
:10335000000000000E001200100C106C10800F0016
:10336000000003E00C1813E4142417C4082807D045
:1033700000000004003C03C41C40074000E4001CA3
:10338000000410041FFC1104110411040E880070C5
:10339000000003E00C1810041004100410081C10A6
:1033A000000010041FFC100410041004080807F0AB
:1033B000000010041FFC1104110417C410040818A5
:1033C000000010041FFC1104110017C010000800B9
:1033D000000003E00C181004100410441C78004096
:1033E000000010041FFC10840080008010841FFC6B
:1033F00010040000100410041FFC1004100400004E
:10340000000000030001100110011FFE1000100059
:10341000000010041FFC110403801464181C100425
:10342000000010041FFC1004000400040004000C41
:10343000000010041FFC1F0000FC1F001FFC1004F4
:10344000000010041FFC0C04030000E010181FFC17
:10345000100007F00808100410041004080807F012
:10346000000010041FFC10841080108010800F00DA
:10347000000007F0081810241024101C080A07F296
:10348000000010041FFC1104110011C011300E0CBB
:10349000000400000E1C11041084108410441C3819
:1034A00000001800100010041FFC10041000180089
:1034B000000010001FF810040004000410041FF89E
:1034C000100010001E0011E0001C007013801C0092
:1034D00010001FC0103C00E01F0000E0103C1FC0A7
:1034E00000001004180C163401C001C01634180C6A
:1034F000100410001C00130400FC13041C00100036
:1035000000000804101C1064108413041C0410181C
:1035100000000000000000007FFE40024002400268
:103520000000000030000C0003800060001C00035D
:10353000000000004002400240027FFE0000000048
:10354000000000000000200040004000400020007B
:103550000000000100010001000100010001000164
:1035600000010000400040002000000000000000BA
:10357000000000000098012401440144014400FCC3
:10358000000410001FFC0088010401040088007082
:10359000000000000070008801040104010400889C
:1035A00000000000007000880104010411081FFCE5
:1035B0000004000000F8014401440144014400C833
:1035C00000000000010401040FFC110411041100AB
:1035D0001800000000D601290129012901C90106AE
:1035E000000010041FFC008401000100010400FC25
:1035F000000400000104190419FC00040004000088
:1036000000000000000300010101190119FE000083
:10361000000010041FFC0024004001B4010C010450
:1036200000000000100410041FFC0004000400004F
:103630000000010401FC0104010001FC010401007F
:1036400000FC010401FC008401000100010400FCF5
:103650000004000000F8010401040104010400F862
:103660000000010101FF00850104010400880070D1
:10367000000000000070008801040104010501FF42
:1036800000010104010401FC008401040100018027
:103690000000000000CC0124012401240124019831
:1036A000000000000100010007F80104010400000F
:1036B0000000010001F8000400040004010801FCFE
:1036C0000004010001800170000C00100160018005
:1036D000010001F0010C003001C00030010C01F0CC
:1036E000010000000104018C00740170018C0104D0
:1036F0000000010101810171000E001801600180CC
:10370000010000000184010C013401440184010C1A
:103710000000000000000000000001003EFC40022C
:1037200040020000000000000000FFFF0000000059
:1037300000000000400240023EFC010000000000CA
:103740000000000060008000800040004000200079
:103750002000000000000000000000000000000049
:103760000000000000000000000000000000000059
:103770000000000000000000000000000000000049
:1037800000000000000F80380FFE380F8038000066
:103790000000000000000000000000000000000029
:1037A0000100000600000C00003800003100000697
:1037B00000000C0000380000300000000000000095
:1037C000000061800067F807F98000618000618077
:1037D0000061800061800067F807F9800061800067
:1037E000000000000000000001C0E003E0F006302F
:1037F000080418081FFFFE040E080787F00381E085
:1038000000000000000001F000060C00040408069F
:103810000C7001F9C0000E00003BE000EC18070836
:1038200008040C180003E00000000001E00007F0AD
:1038300003F818041C0804170807E1D003C0E000CF
:1038400023B0003C08002008000010000000000029
:10385000000100003100003200001C0000000000E8
:103860000000000000000000000000000000000058
:103870000000000000000000000000000000000048
:1038800000007F0001FFC00780F00C00181000044A
:103890002000020000000000002000021000040CC4
:1038A00000180780F001FFC0007F0000000000004A
:1038B00000000000000000000000000000004200C6
:1038C000006600006600003C0000180003FFC00016
:1038D0001800003C00006600006600004200000086
:1038E00000000800000800000800000800000800B0
:1038F00001FFC000080000080000080000080000E8
:10390000080000000000000100003100003200004B
:103910001C0000000000000000000000000000008B
:103920000000000000000000000008000008000087
:103930000800000800000800000800000800000857
:103940000000080000080000000000000000000067
:1039500000003800003800003800000000000000BF
:103960000000000000000000000000000000000057
:103970000000000600001C000070000180000E0026
:1039800000380000C0000700001C000030000000EC
:103990000000000000007F8001FFE003807006004F
:1039A0001804000804000806001803807001FFE0F6
:1039B000007F8000000000000000000001000801FE
:1039C000000801000803FFF807FFF80000080000E6
:1039D0000800000800000000000000000001C038DE
:1039E00002C05804009804011804021804041806C0
:1039F0001C1803F81801E0F80000000000000000A7
:103A00000001C0E003C0F00400080408080408082E
:103A100006180803F41801E7F00001E000000000B8
:103A20000000000000000300000D00001100006114
:103A30000000810803010807FFF80FFFF8000108E4
:103A40000001080000000000000000E007FCD006B4
:103A50000808061008061008061008061838060F91
:103A6000F00607C0000000000000000000003F80DA
:103A700001FFE00384300208180410080410080451
:103A80001008071810030FF00007C0000000000026
:103A90000000000003C0000700000600000600F858
:103AA0000607F806180006E0000700000600000000
:103AB000000000000001E1E003F7F00634100418F4
:103AC00008041808040C08040C0806161803F3F080
:103AD00001C1E000000000000000F80003FC30031A
:103AE000063804020804020804020804041003084B
:103AF000F001FFC0007F0000000000000000000097
:103B00000000000000000000000070380070380065
:103B100070380000000000000000000000000000FD
:103B20000000000000000000000000000000301A4B
:103B300000301C0000000000000000000000000039
:103B40000000000000000000000800001400002237
:103B500000004100008080010040020020040010AD
:103B60000800080000000000000021000021000003
:103B7000210000210000210000210000210000217F
:103B800000002100002100000000000000000000F3
:103B9000080008040010020020010040008080009E
:103BA0004100002200001400000800000000000096
:103BB0000003C00004C000040000080038080F38EB
:103BC0000808380810000C300007E00003C00000AF
:103BD0000000000000003F8000FFE0038070020F43
:103BE0001006708804C088048308047F8802C0908F
:103BF00003012000FE400000080000180001F8004A
:103C00003E0801C20007020007E20000FE00001F9C
:103C1000C80001F800003800000804000807FFF899
:103C200007FFF80408080408080408080408080640
:103C3000180803F41801E7F00001E000000000009C
:103C400000003F8001FFE0038070020018040008BC
:103C50000400080400080400100600200780C000CB
:103C6000000004000807FFF807FFF804000804003C
:103C70000804000804001802001003807001FFE02F
:103C8000007F8000000004000807FFF807FFF80429
:103C90000808040808040808040808043E0804008A
:103CA0000806001801006000000004000807FFF883
:103CB00007FFF804080804080004080004080004CA
:103CC0003E00060000060000018000000000000029
:103CD00000003F8001FFE003807006001804000828
:103CE0000402080402080203F00783F00002000047
:103CF000020004000807FFF807FFF804080800089E
:103D00000000080000080000080004080807FFF889
:103D100007FFF80400080000000000000400080489
:103D2000000804000807FFF807FFF8040008040073
:103D30000804000800000000000000000000000669
:103D40000000070000010400010400010400030753
:103D5000FFFE07FFFC040000040000040000040054
:103D60000807FFF807FFF8040C08001800003E00E1
:103D700004C7800503C80600F804003804001800D2
:103D8000000804000807FFF807FFF8040008000017
:103D900008000008000008000008000008000018E3
:103DA00000006000000004000807FFF80780080713
:103DB000FC00007FC00003F80007C0007800078007
:103DC0000807FFF807FFF804000804000807FFF8D9
:103DD00007000803C00000E000003800001E0000DB
:103DE00007000001C00400F007FFF8040000000015
:103DF00000007F8001FFE0038070060018040008C7
:103E000004000806001803003001FFE0007F800076
:103E1000000004000807FFF807FFF8040408040482
:103E200000040400040400040400060C0003F8006D
:103E300001F000000000000000007F8001FFE003AF
:103E400080700600880400880400C806003C030057
:103E50003E01FFE6007F8400000004000807FFF831
:103E600007FFF8040808040800040C00040F00040D
:103E70000BC00610F003F03801E008000008000055
:103E80000001E0F803F030063010041808041808A8
:103E9000040C08040C080206180207F00781E00071
:103EA000000001800006000004000004000004007F
:103EB0000807FFF807FFF8040008040000040000EA
:103EC00006000001800004000007FFE007FFF00487
:103ED00000180000080000080000080000080000AA
:103EE0000804001007FFE0040000040000060000C2
:103EF00007E00007FE00041FE00001F800003800A2
:103F000001E0043E0007C0000600000400000400B9
:103F10000007E00007FFC0041FF80007C007F80013
:103F200007FF80043FF80007C004F8000700000402
:103F3000000000000004000806001807C07805F122
:103F4000C8003E00001F800463E80780F8060018E0
:103F500004000800000004000006000007800007BD
:103F6000E008047C08001FF80007F800180804E0C7
:103F7000080700000600000400000000000100081F
:103F80000600380400F80403E8040F08047C080560
:103F9000F00807C0080700180400600000000000D7
:103FA000000000000000000000000000003FFFFED5
:103FB0002000022000022000022000022000020057
:103FC000000000000000000008000007000000C022
:103FD000000038000006000001C000003000000EA4
:103FE000000001000000000000000000200002208E
:103FF00000022000022000022000023FFFFE00001D
:1040000000000000000000000000000000000000B0
:104010000000000800001000003000002000003008
:104020000000100000080000000000000000000078
:10403000010000010000010000010000010000017A
:10404000000001000001000001000001000001006B
:10405000000100000000000000000020000020001F
:104060000010000010000000000000000000000030
:104070000000000000000000000000F00019F8003F
:104080001B18002208002608002408002410003F06
:10409000F8001FF8000008000018000000040000ED
:1040A00007FFF80FFFF000181800100800200800A4
:1040B0002008003018001FF0000FC00000000000B2
:1040C000000007C0001FF000183000200800200882
:1040D000002008003C08001C1000006000000000E8
:1040E00000000000000007C0001FF000381800208A
:1040F0000800200800200804101007FFF80FFFF048
:104100000000100000000000000000000007C000D8
:104110001FF000123000221800220800220800328E
:1041200008001E10000E200000000000000020000B
:1041300000200800200801FFF803FFF8062008040B
:1041400020080420080720000300000000000000F1
:104150000000000E000E6E001FF30031B10020B110
:104160000020B1003191001F13002E1E00200E0010
:10417000300000000004000807FFF80FFFF80010EF
:1041800008002000002000002008003FF8001FF871
:1041900000000800000000000000000000200800EF
:1041A0002008002008063FF8063FF800000800003D
:1041B00008000008000000000000000000000000EF
:1041C000000003000003002001002001002003067E
:1041D0003FFE063FFC000000000000000000000061
:1041E0000004000807FFF80FFFF800018800030033
:1041F000002FC00038F80020380020080000080018
:104200000000000000000000040008040008040092
:104210000807FFF80FFFF80000080000080000087A
:10422000000000000000002008003FF8003FF800F8
:104230001008002000003FF8003FF80010080020A0
:1042400000003FF8003FF8000008000000002008D0
:10425000003FF8003FF800100800100000200000A8
:104260002008003FF8001FF80000080000000000D0
:10427000000007C0000FF0001830003008002008D0
:10428000002008003008001830000FF00007C000C0
:104290000000000000002001003FFF003FFF001071
:1042A00011002009002008002008003038001FF00D
:1042B000000FC00000000000000007C0001FF00059
:1042C0003818002008002008002009001011001FE5
:1042D000FF003FFF00000100000000200800200850
:1042E000002008003FF8003FF80008080010080010
:1042F0002008002000003000003000000000000016
:1043000000000000000C78001E180033080023088D
:104310000021080021880021980030F0003860005A
:10432000000000000000200000200000200000FF2E
:10433000F003FFF8002008002008002008000030EB
:10434000000000000000000000002000003FF0001E
:104350007FF8000018000008000008002010003F4F
:10436000F8007FF0000010000000000000002000B6
:10437000003000003C00003F800023F00000780087
:104380000070002380003C0000300000200000206E
:1043900000003C00003FE00023F80000E0002700A0
:1043A000003E00003FE00021F80001E0003E000078
:1043B0002000000000002008002008003838003EDF
:1043C000680027800003C8002CF800383800201847
:1043D0000020080000000000000020000030030062
:1043E0003C01003F830023EC000070002380003C70
:1043F000000020000020000000000000000000007D
:104400000038080020380020F80023E8002F88003A
:104410003E0800380800201800007000000000006E
:104420000000000000000000000000000000080084
:104430000014001FF7FC30000620000200000000FE
:10444000000000000000000000000000000000006C
:1044500000000000FFFFFF0000000000000000005F
:1044600000000000000000000000000020000230FA
:1044700000061FF7FC001400000800000000000008
:104480000000000000000000000000000018000014
:104490006000004000004000002000001000000804
:1044A00000000400000400000C00001000000001E7
:1044B0000005001000140018000900004001000071
:1044C0008007000020000000200000002000000005
:1044D000002001000028000000F0000000000000A3
:1044E0000DEF0008B9F200084DF30008BDF4000814
:1044F000DDFD0008ED04010821120108C5040108D2
:1045000089FC0008EDFC000865FC000805FE0008B9
:104510000000010002000100030001000200010090
:10452000040001000200010003000100020001007C
:10453000050001000200010003000100020001006B
:10454000040001000200010003000100020001005C
:10455000060001000200010003000100020001004A
:10456000040001000200010003000100020001003C
:10457000050001000200010003000100020001002B
:10458000040001000200010003000100020001001C
:104590000700010002000100030001000200010009
:1045A00004000100020001000300010002000100FC
:1045B00005000100020001000300010002000100EB
:1045C00004000100020001000300010002000100DC
:1045D00006000100020001000300010002000100CA
:1045E00004000100020001000300010002000100BC
:1045F00005000100020001000300010002000100AB
:10460000040001000200010003000100020001009B
:10461000CEFF0000F6FF0A00000032000A000A0088
:10462000320000000A00F6FF0000CEFFF6FFF6FFA2
:10463000000046004001AA00D5E300081D44000820
:10464000BBFD00080100000021E3000885FE000812
:10465000E53F0008ED4000080000000001010101F5
:10466000000000000000000000000000000000004A
:1046700000000040404040404040400040000000FA
:10468000000000505050000000000000000000003A
:10469000000000121222FE2424FE484848000000B8
:1046A00000000038545050701C145454381000004E
:1046B0000000000000003080490049004A0032003C
:1046C00004C005200920092010C0000000000000DF
:1046D000000000000000180024002400240018003E
:1046E000300049004500460039800000000000000D
:1046F00000000040404000000000000000000000FA
:104700000000001020204040404040404020201049
:1047100000000080404020202020202020404080B9
:1047200000000020F8205000000000000000000001
:1047300000000000000808087F08080800000000CA
:104740000000000000000000000000002020200009
:10475000000000000000000000E000000000000079
:104760000000000000000000000000004000000009
:1047700000000010102020204040408080000000F9
:104780000000007884848484848484847800000019
:104790000000001030501010101010101000000019
:1047A000000000788404040408102040FC0000008D
:1047B00000000078840404380404048478000000B5
:1047C00000000008181828284848FC0808000000C5
:1047D0000000007C404080F88404048478000000DD
:1047E00000000078848080B8C4848484780000004D
:1047F000000000FC0808101020204040400000008D
:1048000000000078848484788484848478000000A4
:10481000000000788484848C740404887000000094
:104820000000000000004000000000004000000008
:104830000000000000004000000000004040400078
:104840000000000000020C3040300C0200000000AC
:10485000000000000000FE0000FE0000000000005C
:10486000000000000040300C020C3040000000004E
:1048700000000038444404081020200020000000FC
:104880000000000000000F80304040204E909190CA
:10489000A090A110A120A3209DC0401020601F80E7
:1048A00000000000000008001400140014002200A2
:1048B00022007F0041008080808000000000000016
:1048C0000000000000007E004100410041007E0029
:1048D00041004100410041007E0000000000000056
:1048E0000000000000001C002200410040004000C9
:1048F00040004000410022001C00000000000000B9
:104900000000000000007C00420041004100410026
:1049100041004100410042007C0000000000000016
:104920000000000000007F004000400040007F00C9
:1049300040004000400040007F00000000000000F8
:104940000000007E4040407C40404040400000006D
:104950000000000000001E002100408040004000D8
:1049600047804080408021001E00000000000000C1
:1049700000000000000041004100410041007F00B4
:1049800041004100410041004100000000000000E2
:104990000000004040404040404040404000000097
:1049A000000000080808080808088888700000004F
:1049B0000000000000004080410042004400480028
:1049C00058006400420041004080000000000000E8
:1049D0000000004040404040404040407E00000019
:1049E000000000000000404060C060C051405140E5
:1049F0004A404A404A404440444000000000000011
:104A00000000000000004100610051005100490019
:104A1000490045004500430041000000000000003F
:104A20000000000000001E00210040804080408007
:104A300040804080408021001E00000000000000F7
:104A40000000000000007E004100410041004100E4
:104A50007E004000400040004000000000000000D8
:104A60000000000000001E002100408040804080C7
:104A700040804080468021001E8000000000000031
:104A80000000000000007E004100410041004100A4
:104A90007E0044004200420041000000000000008F
:104AA0000000000000003E004100410040003800CE
:104AB00006000100410041003E000000000000002F
:104AC000000000FE10101010101010101000000058
:104AD0000000000000004100410041004100410091
:104AE00041004100410022001C00000000000000C5
:104AF0000000000000008080808041004100220012
:104B0000220014001400080008000000000000004B
:104B1000000000000000820885084510451045107F
:104B200028A028A028A0104010400000000000008D
:104B300000000082444428101028444482000000F1
:104B400000000000000041002200220014001400B8
:104B5000080008000800080008000000000000002D
:104B60000000007E0408081010202040FE00000015
:104B700000000060404040404040404040404060B5
:104B800000000080804040402020201010000000E5
:104B900000000060202020202020202020202060F5
:104BA000000000002050505088000000000000006D
:104BB000000000000000000000000000000000FEF7
:104BC0000000004020000000000000000000000085
:104BD0000000000000003844043C444C3400000055
:104BE00000000040404058644444444478000000C1
:104BF00000000000000038444040404438000000FD
:104C0000000000040404344C444444443C000000CC
:104C10000000000000003844447C4044380000009C
:104C2000000000204040E040404040404000000084
:104C3000000000000000344C4444444C3404443828
:104C40000000004040405864444444444400000094
:104C50000000004000004040404040404000000054
:104C60000000004000004040404040404040408044
:104C70000000004040404448507048484400000054
:104C800000000040404040404040404040000000A4
:104C90000000000000000000000000005980664095
:104CA0004440444044404440444000000000000070
:104CB00000000000000058644444444444000000E4
:104CC0000000000000003844444444443800000020
:104CD00000000000000058644444446458404040D0
:104CE000000000000000344C4444444C34040404EC
:104CF00000000000000050604040404040000000C4
:104D0000000000000000384440380444380000002F
:104D1000000000004040E040404040406000000093
:104D20000000000000004444444444443C000000AF
:104D30000000000000008888505050202000000033
:104D40000000000000000000000000008880888053
:104D50005500550055002200220000000000000010
:104D6000000000000000442828102828440000000B
:104D70000000000000004444282828101010106093
:104D80000000000000007C08081020207C000000CB
:104D900000000020404040404080404040404020D3
:104DA0000000004040404040404040404040400003
:104DB0000000004020202020201020202020204023
:104DC00000000000000000729E00000000000000D3
:104DD0000404010060460108030301007046010855
:104DE00005050100804601080707010090460108FB
:104DF00007070100A04601080C0C0200B04601089C
:104E000009090200D046010802020100F04601082B
:104E100004040100004701080404010010470108D0
:104E20000505010020470108080801003047010876
:104E30000404010040470108040401005047010830
:104E400004040100604701080404010070470108E0
:104E50000707010080470108070701009047010884
:104E600007070100A047010807070100B047010834
:104E700007070100C047010807070100D0470108E4
:104E800007070100E047010807070100F047010894
:104E90000707010000480108070701001048010842
:104EA00004040100204801080404010030480108FE
:104EB000080801004048010808080100504801089E
:104EC0000808010060480108070701007048010850
:104ED0000D0D02008048010809090200A0480108E0
:104EE00009090200C048010809090200E048010858
:104EF00009090200004901080909020020490108C6
:104F000008080100404901080A0A02005049010846
:104F100009090200704901080303010090490108D2
:104F200006060100A049010809090200B04901086C
:104F300007070100D04901080B0B0200E0490108F6
:104F400009090200004A01080A0A0200204A010871
:104F500009090200404A01080A0A0200604A0108E1
:104F600009090200804A010809090200A04A010853
:104F700007070100C04A010809090200D04A0108D8
:104F800009090200F04A01080D0D0200104B01084A
:104F900007070100304B010809090200404B0108D6
:104FA00007070100604B010804040100704B010871
:104FB00004040100804B010804040100904B010827
:104FC00005050100A04B010807070100B04B0108CF
:104FD00004040100C04B010807070100D04B010881
:104FE00007070100E04B010807070100F04B01082B
:104FF00007070100004C010807070100104C0108D9
:1050000003030100204C010807070100304C010890
:1050100007070100404C010803030100504C010840
:1050200003030100604C010807070100704C0108F0
:1050300003030100804C01080B0B0200904C010897
:1050400007070100B04C010807070100C04C010828
:1050500007070100D04C010807070100E04C0108D8
:1050600004040100F04C010807070100004D01088D
:1050700004040100104D010807070100204D01083C
:1050800005050100304D010809090200404D0108E5
:1050900007070100604D010807070100704D010876
:1050A00007070100804D010804040100904D01082C
:1050B00003030100A04D010804040100B04D0108E4
:1050C00008080100C04D01080000000000000000B9
:1050D00020007E00D04D01080000000011190008DA
:1050E000D91900081D1A0008231A00080000000042
:1050F0000000000010100101D05001080D070A0047
:10510000000000000000000000000000000000009F
:1051100000000000000000000000000030303030CF
:1051200030303030303030000030300000000000CF
:105130000000000066666666660000000000000071
:10514000000000000000000000000000000000005F
:105150000C600C600CE018C0FFF0FFF018C031804C
:105160003180FFF0FFF031807300630063000000C6
:10517000000000000000000000000000000004002B
:105180001F003F8075C064C0640074003E000F8043
:1051900005C004C004C064C075C03F801F00040087
:1051A00004000000000000000000000000000000FB
:1051B000000000001C0600360C00630C00631800A1
:1051C0006318006330003660001C670000CD80006B
:1051D000D8C00198C00198C00318C0060D8006070A
:1051E00000000000000000000000000000000000BF
:1051F000000000000000000007800FC01860186069
:1052000018C00D800F001F00339861D860F06060F7
:1052100070F03FD81F0800000000000000000000F0
:10522000000000006060606060000000000000009E
:10523000000000000000000000000000040818103A
:1052400030306060606060606030301018080400CA
:10525000000000004020301018180C0C0C0C0C0C36
:105260000C18181030204000000000001818FF181B
:105270003C6600000000000000000000000000008C
:105280000000000000000000000000000000060018
:105290000600060006007FE07FE00600060006002C
:1052A00006000000000000000000000000000000F8
:1052B00000000000000000000000000000000000EE
:1052C000003030101020000000000000000000003E
:1052D00000000000FCFC00000000000000000000D6
:1052E00000000000000000000000000000000000BE
:1052F0000030300000000000000000000C0C181806
:10530000181830303060606060C0C00000000000DD
:1053100000000000000000001F003FC030C06060BF
:10532000606060606060606060606060606060607D
:1053300030C03FC00F8000000000000000000000EF
:105340000000000000000000030003000F001F0029
:105350003300030003000300030003000300030005
:105360000300030003000000000000000000000034
:1053700000000000000000001F803FC070E060607F
:105380000060006000C000C0018007000E0018002F
:1053900030007FE07FE0000000000000000000001F
:1053A00000000000000000001F003F8071C060C0CE
:1053B00000C00180070007C000E00060006060607E
:1053C00070C03FC01F00000000000000000000008F
:1053D00000000000000000000080018003800780C2
:1053E0000D800D801980318061807FE07FE0018039
:1053F000018001800180000000000000000000002A
:1054000000000000000000001FC01FC0300030007E
:10541000300037807FC060E0006000600060606046
:1054200070C03FC01F00000000000000000000002E
:1054300000000000000000000F801FC030E030605E
:10544000600067807FC070E0606060606060606086
:1054500030C01FC00F00000000000000000000006E
:1054600000000000000000007FE07FE000C001803D
:10547000018003000300060006000C000C000C0075
:1054800018001800180000000000000000000000D4
:1054900000000000000000000F001F8030C030C07E
:1054A00030C030C01F801F8030C0606060606060AE
:1054B00070E03FC01F8000000000000000000000FE
:1054C00000000000000000000F003F8030C060605E
:1054D00060606060606030E03FE01E60006060C05F
:1054E00070C03F801F0000000000000000000000AE
:1054F000000000000000000030300000000000004C
:10550000003030000000000000000000000000003B
:10551000303000000000000000303010102000008B
:10552000000000000000000000000000002000E07B
:1055300003C00F003800600038000F0003C000E017
:10554000002000000000000000000000000000003B
:10555000000000000000000000000000000000004B
:105560007FE07FE00000000000007FE07FE00000BF
:10557000000000000000000000000000000000002B
:10558000000000000000000000000000400070006B
:105590003C000F0001C0006001C00F003C00700023
:1055A00040000000000000000000000000000000BB
:1055B00000000000000000001F803FC070E060603D
:1055C000006000C001C00380070006000600000064
:1055D00000000600060000000000000000000000BF
:1055E00000000000000000000000000000FE0007B6
:1055F000FF800F03C01C00E018736031FB70338E16
:1056000030630630660630660630660470660C60ED
:10561000671CC033FF8039EF301C00600F01C007EA
:10562000FF8001FE000000000000000000000000FC
:10563000070007000D800D800D8018C018C018C02D
:105640003FE03FE0603060306030C018C0180000BC
:10565000000000000000000000000000000000004A
:105660003FC03FE030703030303030703FE03FE0DE
:10567000303030183018301830383FF03FE000003C
:10568000000000000000000000000000000000001A
:1056900007E01FF01C38301C700C600060006000D8
:1056A00060006000700C30183C381FF007E000000C
:1056B00000000000000000000000000000000000EA
:1056C0003FC03FF030383018300C300C300C300C0C
:1056D000300C300C300C301830383FF03FC0000038
:1056E00000000000000000000000000000000000BA
:1056F0003FF83FF830003000300030003FF03FF01E
:10570000300030003000300030003FF83FF800003B
:105710000000000000000000000000000000000089
:105720003FF03FF030003000300030003FE03FE01D
:105730003000300030003000300030003000000019
:105740000000000000000000000000000000000059
:1057500007F00FF81C1C300E30046000600060FE83
:1057600060FE6006300630061C1E0FFC03F00000D1
:105770000000000000000000000000000000000029
:105780006018601860186018601860187FF87FF85B
:1057900060186018601860186018601860180000C1
:1057A0000000000000000000000000003030303039
:1057B00030303030303030303030300000000000D9
:1057C00000000000000000000180018001800180D5
:1057D0000180018001800180018001806180618001
:1057E00073803F001E000000000000000000000069
:1057F00000000000000000003038307030E031C0A0
:105800003380370037003F003B8031C030E03060EC
:1058100030703038301C0000000000000000000034
:1058200000000000000000003000300030003000B8
:1058300030003000300030003000300030003000E8
:1058400030003FE03FE000000000000000000000EA
:105850000000000000000000000000007007007859
:105860000F00780F00680B006C1B006C1B006413AA
:1058700000663300663300622300636300636300E5
:1058800061430061C30061C300000000000000002C
:105890000000000000000000000000000000000008
:1058A00060187018781878186C18661866186318DD
:1058B0006198619860D860786078603860180000FE
:1058C00000000000000000000000000000000000D8
:1058D00007E00FF01C38300C700E600660066006A2
:1058E00060066006700E300C1C380FF007E00000F8
:1058F00000000000000000000000000000000000A8
:105900003FE03FF0303830183018301830383FF072
:105910003FE0300030003000300030003000000048
:105920000000000000000000000000000000000077
:1059300007E00FF81C3C300C700E60066006600635
:1059400060066006700C30EC1C380FFC07EE00029D
:105950000000000000000000000000000000000047
:105960003FE03FF030383018301830383FF03FE03B
:1059700030C030E03060307030383018301C0000FB
:105980000000000000000000000000000000000017
:1059900007C01FF038383018300038001F8007E08B
:1059A000007000186018701838381FF00FC0000021
:1059B00000000000000000000000000000000000E7
:1059C000FFF0FFF0060006000600060006000600D5
:1059D000060006000600060006000600060000009D
:1059E00000000000000000000000000000000000B7
:1059F00060186018601860186018601860186018E7
:105A0000601860186018703838701FE00FC0000010
:105A10000000000000000000000000000000000086
:105A2000C018E0386030603070703060306038E04E
:105A300018C018C01DC00D800D800F800700000029
:105A40000000000000000000000000000000000056
:105A500000000000C07018C0701860D83060D830E6
:105A600060D83070C870318C60318C60318C601BB4
:105A700006C01B06C01B06C01B06C00E03800E031B
:105A80008000000000000000000000000000000096
:105A900000000000000000007038387018600CC072
:105AA0000CC007800300078007800DC01CE0186051
:105AB00030307038E01C00000000000000000000E2
:105AC0000000000000000000E01C6018303038705A
:105AD0001CE00CC0078007800300030003000300E4
:105AE00003000300030000000000000000000000AD
:105AF00000000000000000007FF07FF0006000C0A8
:105B000001800180030006000C001800180030001E
:105B10006000FFF0FFF00000000000000000000047
:105B200000000000787860606060606060606060C5
:105B3000606060606078780000000000C0C0606055
:105B40006060303030181818180C0C00000000008D
:105B50000000000078781818181818181818181865
:105B6000181818181878780000000000183C3C3C01
:105B7000666666C300000000000000000000000030
:105B80000000000000000000000000000000000015
:105B90000000000000000000000000000000000005
:105BA00000000000000000000000FFF0FFF0000017
:105BB0000000000060301000000000000000000045
:105BC00000000000000000000000000000000000D5
:105BD00000000000000000001F807FC060C000C007
:105BE00007C03FC078C060C061C07FC03E60000099
:105BF00000000000000000000000000000000000A5
:105C000060006000600060006F007F80718060C095
:105C100060C060C060C060C071807F806F000000A5
:105C20000000000000000000000000000000000074
:105C300000000000000000000F003F8031C060C085
:105C400060006000600060C031C03F801F00000045
:105C50000000000000000000000000000000000044
:105C600000C000C000C000C01EC03FC031C060C046
:105C700060C060C060C060C031C03FC01EC00000D6
:105C80000000000000000000000000000000000014
:105C900000000000000000000F003FC030C0606046
:105CA0007FE07FE06000600030E03FC00F800000D8
:105CB0000000000000000000000000001C3C30302C
:105CC000FCFC30303030303030303000000000002C
:105CD00000000000000000000000000000000000C4
:105CE0001EC03FC031C060C060C060C060C060C046
:105CF00031C03FC01EC000C061C07F801F000000D7
:105D00000000000000000000600060006000600013
:105D10006F007F8071C060C060C060C060C060C044
:105D200060C060C060C00000000000000000000013
:105D300000000000606000006060606060606060A3
:105D40006060600000000000000000006060000073
:105D500060606060606060606060606060E0C000C3
:105D600000000000000000006000600060006000B3
:105D700061C0638067006E007C007E006600630087
:105D80006380618061C0000000000000000000002E
:105D90000000000060606060606060606060606083
:105DA00060606000000000000000000000000000D3
:105DB00000000000000000006F3C7F7E71C661861D
:105DC0006186618661866186618661866186000082
:105DD00000000000000000000000000000000000C3
:105DE00000000000000000006F007F8071C060C0F4
:105DF00060C060C060C060C060C060C060C00000C3
:105E00000000000000000000000000000000000092
:105E100000000000000000000F003FC030C06060C4
:105E2000606060606060606030C03FC00F00000074
:105E30000000000000000000000000000000000062
:105E400000000000000000006F007F80718060C0D3
:105E500060C060C060C060C071807F806F00600003
:105E60006000600060000000000000000000000012
:105E700000000000000000001EC03FC031C060C034
:105E800060C060C060C060C031C03FC01EC000C004
:105E900000C000C000C000000000000000000000C2
:105EA0006E7E706060606060606060000000000096
:105EB00000000000000000000000000000000000E2
:105EC0001F003F8060C060007C003F8003C000C0B6
:105ED00060C03F801F0000000000000000000000C4
:105EE0000000000020606060F8F860606060606042
:105EF0006078380000000000000000000000000092
:105F0000000000000000000060C060C060C060C011
:105F100060C060C060C060C071C03FC01EC00000F3
:105F20000000000000000000000000000000000071
:105F30000000000000000000C060C06060C060C0E1
:105F4000318031801B001B000E000E000400000099
:105F50000000000000000000000000000000000041
:105F60000000000000000000C106C3864384628C6C
:105F700066CC36D836D814501C701C700C600000EB
:105F80000000000000000000000000000000000011
:105F90000000000000000000E1C061803300330019
:105FA0001E000C001E00330033006180E1C00000C1
:105FB00000000000000000000000000000000000E1
:105FC000000000000000000060C060C0318031802F
:105FD000398019801B000F000F0006000600060024
:105FE0000C007C00780000000000000000000000B1
:105FF00000000000000000007F807F800380070019
:106000000E001C0038007000E000FF80FF800000E0
:106010000000000000000000000000001C3C3030C8
:1060200030303070E0E0603030303030303C1C00D8
:106030000000000030303030303030303030303020
:1060400030303030303030300000000070781818B8
:106050001818181C0E0E1C1818181818187870002C
:106060000000000000000000000000000000000030
:106070000000000038007E2047E001C00000000062
:106080000000000000000000000000000000000010
:10609000060601000051010806060100185101081A
:1060A00007070100305101080C0C0200485101089B
:1060B0000C0C02007851010813130300A8510108C9
:1060C0000E0E0200F05101080404010020520108E4
:1060D0000707010038520108070701005052010864
:1060E00008080100685201080C0C020080520108E7
:1060F00006060100B052010807070100C852010856
:1061000006060100E052010806060100F8520108E7
:106110000C0C0200105301080C0C02004053010843
:106120000C0C0200705301080C0C0200A053010873
:106130000C0C0200D05301080C0C020000540108A2
:106140000C0C0200305401080C0C020060540108D1
:106150000C0C0200905401080C0C0200C054010801
:1061600006060100F0540108060601000855010862
:106170000C0C0200205501080C0C020050550108BF
:106180000C0C0200805501080C0C0200B0550108EF
:1061900015150300E05501080D0D020028560108F1
:1061A0000E0E0200585601080F0F02008856010813
:1061B0000F0F0200B85601080E0E0200E856010843
:1061C0000D0D020018570108101002004857010871
:1061D0000E0E02007857010806060100A8570108B4
:1061E0000B0B0200C05701080E0E0200F057010809
:1061F0000C0C02002058010811110300505801082E
:106200000E0E02009858010810100200C85801082C
:106210000E0E0200F858010810100200285901085B
:106220000F0F0200585901080E0E0200885901088C
:106230000C0C0200B85901080E0E0200E8590108C2
:106240000D0D0200185A010815150300485A0108DF
:106250000E0E0200905A01080E0E0200C05A0108EC
:106260000D0D0200F05A010806060100205B01082E
:1062700006060100385B010806060100505B0108B4
:1062800008080100685B01080C0C0200805B010833
:1062900007070100B05B01080C0C0200C85B010895
:1062A0000B0B0200F85B01080B0B0200285C0108D5
:1062B0000B0B0200585C01080C0C0200885C010802
:1062C00006060100B85C01080B0B0200D05C010857
:1062D0000B0B0200005D010805050100305D01089F
:1062E00004040100485D01080A0A0200605D01081B
:1062F00004040100905D010810100200A85D01086F
:106300000B0B0200D85D01080C0C0200085E0108AE
:106310000B0B0200385E01080B0B0200685E0108DF
:1063200007070100985E01080B0B0200B05E010830
:1063300006060100E05E01080B0B0200F85E010892
:106340000B0B0200285F01080F0F0200585F0108C5
:106350000A0A0200885F01080B0B0200B85F0108FF
:1063600009090200E85F0108070701001860010839
:1063700006060100306001080707010048600108B7
:106380000C0C02006060010820007E009060010893
:106390000000000011190008D91900081D1A000892
:1063A000231A000800000000000000001818010176
:1063B00088630108130B0F000000000000000000BC
:1063C0002020202020002000484848000000000035
:1063D0005050F850F85050002078A07028F020005D
:1063E000C0C81020409818006090A040A890680095
:1063F00060204000000000001020404040201000BD
:106400004020101010204000005020F820500000C4
:10641000002020F820200000000000000060204044
:10642000000000F8000000000000000000606000B4
:106430000008102040800000708898A8C88870006C
:106440002060202020207000708808304080F800F4
:10645000708808300888700010305090F8101000D4
:10646000F880F00808887000304080F0888870005C
:10647000F8081020404040007088887088887000BC
:10648000708888780810600000606000606000001C
:10649000000060600060204010204080402010001C
:1064A0000000F800F800000080402010204080002C
:1064B000708808102000200070880868A8A8700064
:1064C000708888F888888800F08888F08888F000CC
:1064D0007088808080887000E09088888890E000D4
:1064E000F88080F08080F800F88080F08080800064
:1064F0007088808098887800888888F888888800E4
:1065000070202020202070003810101010906000A3
:106510008890A0C0A0908800808080808080F80053
:1065200088D8A8A8888888008888C8A898888800FB
:106530007088888888887000F08888F08080800063
:1065400070888888A8906800F08888F0A0908800FB
:106550007088807008887000F8202020202020009B
:106560008888888888887000888888888850200073
:10657000888888A8A8A8500088885020508888005B
:106580008888885020202000F80810204080F800DB
:1065900070404040404070000080402010080000E3
:1065A00070101010101070002050880000000000C3
:1065B00000000000000000F8402010000000000073
:1065C00000007008788878008080B0C88888F00063
:1065D00000007080808870000808689888887800BB
:1065E00000007088F8807000304840E04040400073
:1065F00000007888887808708080B0C88888880013
:1066000020006020202070001000301010109060DA
:10661000808090A0C0A090006020202020207000EA
:106620000000D0A8888888000000B0C8888888004A
:1066300000007088888870000000F08888F08080F2
:1066400000007888887808080000B0C88080800042
:10665000000078807008F0004040E0404048300082
:10666000000088888898680000008888885020008A
:1066700000008888A8A8500000008850205088009A
:1066800000008888887808700000F8102040F80022
:10669000102020402020100020202020202020003A
:1066A00040202010202040006890000000000000E2
:1066B0001820000000000000C020000000000000C2
:1066C0007088000000000000500000000000000082
:1066D00068900000000000000000006020207000B2
:1066E000006090F08888B08020007088F88888006A
:1066F00020007008788878003860A0B8E0A0B80062
:10670000704848E848487000E0407048487040E0F1
:106710000000D02878A05800A040A0107888700011
:106720006020302830207000708898A8C8887000D9
:1067300000007098A8C8700000007088F888880071
:106740000000F880E080F800000070202020700039
:106750000000708888887000000088888888700031
:10676000000088C8A8988800200020202020200051
:1067700020002040808870001820000000000000E9
:10678000C0200000000000002050000000000000B9
:1067900050000000000000006890000000000000B1
:1067A00000000000000000200000000000000000C9
:1067B000002070A0A0A87020304040E04048B00009
:1067C00000008870507088008850F820F820200061
:1067D0002020200020202000304820502090600001
:1067E0008800000000000000F888A8B8A888F80019
:1067F0007008788870000000002850A05028000021
:10680000000000F808080000000000700000000010
:10681000F888A88898A8F800F80000000000000098
:1068200020502000000000000020702000700000B8
:1068300060902040F0000000E0106010E0000000D8
:1068400018200000000000000000888888C8B08080
:106850007898987818181800000000303000000070
:1068600040C04040E0000000708888887000000050
:1068700000A0502850A000008890A050B050781080
:106880008890A040B8081038C040C048D8283808C0
:106890000088502050880000002000F800200000F0
:1068A000103070FC70301000203038FC3830200080
:1068B000002070F820200000002020F87020000048
:1068C00000082868F86020000004040808905020A0
:1068D0009D00FFFF9E00FFFF9F00FFFFA000FFFF46
:1068E000A100FFFFA200FFFFFFFFFFFFFFFFFFFF71
:1068F000FFFFFFFFFFFFFFFFFFFFFFFFFFFFFFFFA8
:10690000FFFFFFFFFFFFFFFFFFFFFFFFFFFFFFFF97
:106910007E00FFFF7600FFFF7F00FFFF8000FFFF8C
:106920008100FFFF8200FFFF8300FFFF8400FFFF65
:106930008500FFFF8600FFFF8700FFFF8800FFFF45
:106940008900FFFF8A00FFFF8B00FFFF8C00FFFF25
:106950008D00FFFF8E00FFFF8F00FFFF9000FFFF05
:106960009100FFFF9200FFFF9300FFFF9400FFFFE5
:106970007D00FFFF9500FFFF9600FFFF9700FFFFE0
:106980009800FFFF9900FFFF9A00FFFF7700FFFFCD
:10699000700079007000780070007A0070007C0050
:1069A00070007B006600FFFF6800FFFF23007D0092
:1069B000710079007100780071007A0071007B002D
:1069C000720079007200780072007A0072007B0019
:1069D0006900FFFF75007C00730079007300780088
:1069E00073007A0073007C0073007B009B00FFFF44
:1069F0006E00FFFF740079007400780074007A0064
:106A000074007B00390078006A00FFFF6500FFFF1B
:106A10004100600041005F004100610041006300EF
:106A2000410062006700FFFF6B00FFFF43007D0035
:106A30004500600045005F004500610045006200C0
:106A40006400600064005F00640061006400620034
:106A50006C00FFFF4E0063004F0060004F005F00BE
:106A60004F0061004F0063004F0062009C00FFFF79
:106A70006F00FFFF5500600055005F00550061008A
:106A80005500620059005F006D00FFFF5900620071
:106A90009000FF00D0680108B8630108B8630108DE
:106AA000906A010820007E00060601008517000894
:106AB000B9180008D1180008D71800080000000015
:106AC0000000000008080101986A01080705070096
:106AD0000000000000000000183C3C1818001800DE
:106AE00066662400000000006C6CFE6CFE6C6C009E
:106AF000183E603C067C180000C6CC183066C60004
:106B0000386C3876DCCC76001818300000000000B5
:106B10000C18303030180C0030180C0C0C183000E9
:106B200000663CFF3C6600000018187E1818000044
:106B300000000000001818300000007E0000000077
:106B40000000000000181800060C183060C080001B
:106B5000386CC6C6C66C38001838181818187E006D
:106B60007CC6061C3066FE007CC6063C06C67C0061
:106B70001C3C6CCCFE0C1E00FEC0C0FC06C67C009B
:106B80003860C0FCC6C67C00FEC60C183030300031
:106B90007CC6C67CC6C67C007CC6C67E060C780059
:106BA00000181800001818000018180000181830F5
:106BB000060C1830180C060000007E00007E000055
:106BC0006030180C183060007CC60C1818001800D3
:106BD0007CC6DEDEDEC07800386CC6FEC6C6C600E7
:106BE000FC66667C6666FC003C66C0C0C0663C0015
:106BF000F86C6666666CF800FE6268786862FE0093
:106C0000FE6268786860F0003C66C0C0CE663A00FC
:106C1000C6C6C6FEC6C6C6003C18181818183C00E2
:106C20001E0C0C0CCCCC7800E6666C786C66E6002A
:106C3000F06060606266FE00C6EEFEFED6C6C6006C
:106C4000C6E6F6DECEC6C6007CC6C6C6C6C67C0094
:106C5000FC66667C6060F0007CC6C6C6C6CE7C0E54
:106C6000FC66667C6C66E6003C6630180C663C0090
:106C70007E7E5A1818183C00C6C6C6C6C6C67C001A
:106C8000C6C6C6C6C66C3800C6C6C6D6D6FE6C001A
:106C9000C6C66C386CC6C6006666663C18183C00F2
:106CA000FEC68C183266FE003C30303030303C007E
:106CB000C06030180C0602003C0C0C0C0C0C3C00A4
:106CC00010386CC60000000000000000000000FF4B
:106CD00030180C00000000000000780C7CCC76001E
:106CE000E0607C666666DC0000007CC6C0C67C0096
:106CF0001C0C7CCCCCCC760000007CC6FEC07C009A
:106D00003C6660F86060F000000076CCCC7C0CF84B
:106D1000E0606C766666E6001800381818183C00CB
:106D2000060006060666663CE060666C786CE60067
:106D30003818181818183C000000ECFED6D6D600FB
:106D40000000DC666666660000007CC6C6C67C0085
:106D50000000DC66667C60F0000076CCCC7C0C1E0B
:106D60000000DC766060F00000007EC07C06FC0065
:106D70003030FC3030361C000000CCCCCCCC76005F
:106D80000000C6C6C66C38000000C6D6D6FE6C0031
:106D90000000C66C386CC6000000C6C6C67E06FC85
:106DA00000007E4C18327E000E18187018180E0065
:106DB00018181818181818007018180E18187000DD
:106DC00076DC0000000000000C1000000000000055
:106DD00060100000000000007C8200000000000045
:106DE000C600000000000000728C000000000000DF
:106DF0000000381818183C00386C6C7866666CC057
:106E000018003C667E6666003000780C7CCC76000C
:106E10001E78989EF8989E007C6666F666667C00F2
:106E2000F0607C66667C60F00000CC327EB0EC00E6
:106E30006830580C7EC67C0070303C363C307800A0
:106E40003A6CCED6E66CB80000027CCED6E67C80EA
:106E500000007CC6FEC6C6000000FE607C60FE002E
:106E600000003C1818183C0000007CC6C6C67C0018
:106E70000000C6C6C6C67C000000E6F6DECEC60030
:106E8000180018183C3C18003000303060C67C00F8
:106E90000C10000000000000601000000000000066
:106EA0003844000000000000C600000000000000A0
:106EB000728C0000000000000000000000000010C4
:106EC000000000000000000000107CD0D0D67C1034
:106ED0001C30307830325C000000443828384400E0
:106EE00044287C107C1010003030300030303000EE
:106EF0003840304830087000C60000000000000034
:106F00007E425A5E5A427E0038043C4438000000FB
:106F100000366CD86C3600000000007C04040000D1
:106F20000000007C000000007C4454444C547C0071
:106F30007C0000000000000030483000000000002D
:106F400010107C1010007C0060902040F0000000C9
:106F5000E0106010E00000000E18200000000000AB
:106F60000000666666667CC07ED4D47414143E004D
:106F7000000000181800000040C04040E000000081
:106F80003C6666663C00000000D86C366CD8000099
:106F9000848890A44C941E04848890AC5284081E6B
:106FA000C0204024CC141E0400663C183C6600003F
:106FB0000018007E00180000103070FC70301000C7
:106FC000203038FC38302000002070F820200000ED
:106FD000002020F87020000000082868F8602000D9
:106FE0000606060C8CD878309D00FFFF9E00FFFF40
:106FF0009F00FFFFA000FFFFA100FFFFA200FFFF17
:10700000FFFFFFFFFFFFFFFFFFFFFFFFFFFFFFFF90
:10701000FFFFFFFFFFFFFFFFFFFFFFFFFFFFFFFF80
:10702000FFFFFFFFFFFFFFFF7E00FFFF7600FFFF78
:107030007F00FFFF8000FFFF8100FFFF8200FFFF56
:107040008300FFFF8400FFFF8500FFFF8600FFFF36
:107050008700FFFF8800FFFF8900FFFF8A00FFFF16
:107060008B00FFFF8C00FFFF8D00FFFF8E00FFFFF6
:107070008F00FFFF9000FFFF9100FFFF9200FFFFD6
:107080009300FFFF9400FFFF7D00FFFF9500FFFFCF
:107090009600FFFF9700FFFF9800FFFF9900FFFF9A
:1070A0009A00FFFF7700FFFF700079007000780002
:1070B00070007A0070007C0070007B006600FFFFAB
:1070C0006800FFFF23007D007100790071007800E7
:1070D00071007A0071007B00720079007200780004
:1070E00072007A0072007B006900FFFF75007C006F
:1070F000730079007300780073007A0073007C00DD
:1071000073007B009B00FFFF6E00FFFF740079009F
:107110007400780074007A0074007B0039007800F5
:107120006A00FFFF6500FFFF4100600041005F0053
:107130004100610041006300410062006700FFFF01
:107140006B00FFFF43007D004500600045005F00CD
:1071500045006100450062006400600064005F005B
:1071600064006100640062006C00FFFF4E00630079
:107170004F0060004F005F004F0061004F00630050
:107180004F0062009C00FFFF6F00FFFF55005F0093
:1071900055006000550061005500620059005F0015
:1071A0006D00FFFF590062009000FF00E86F0108CA
:1071B000D06A0108D06A0108A871010820007E0089
:1071C0000808010085170008B9180008D118000840
:1071D000D7180008000000000000000008080101A6
:1071E000B071010807050700000000000100000061
:1071F0000200000003000000040000000500000081
:107200000600000007000000080000000900000060
:107210000A0000000B0000000C0000000D00000040
:107220000E0000000F0000000400000009F000083C
:10723000D3F2000869F30008F5F70008F7FD00082D
:107240004506010851120108E3040108DDFC0008AD
:107250005BFD000879FC00081FFE0008000000002C
:107260000001010101010101010202020202020208
:1072700002030303030303030304040404040404D8
:1072800004050505050505050505060606060606A9
:10729000060607070707070707070808080808087A
:1072A00008080909090909090909090A0A0A0A0A4B
:1072B0000A0A0A0B0B0B0B0B0B0B0B0C0C0C0C0C1C
:1072C0000C0C0C0D0D0D0D0D0D0D0D0D0E0E0E0EED
:1072D0000E0E0E0E0F0F0F0F0F0F0F0F10101010BE
:1072E000101010101111111111111111121212128E
:1072F0001212121212131313131313131314141460
:10730000141414141415151515151515151616162F
:107310001616161616161717171717171717181801
:1073200018181818181819191919191919191A1AD1
:107330001A1A1A1A1A1A1B1B1B1B1B1B1B1B1B1CA2
:107340001C1C1C1C1C1C1C1D1D1D1D1D1D1D1D1E73
:107350001E1E1E1E1E1E1E1F1F1F1F1F00000001BF
:1073600001010102020202030303030404040405F1
:1073700005050506060606070707070808080809A1
:107380000909090A0A0A0A0B0B0B0B0C0C0C0C0D51
:107390000D0D0D0E0E0E0E0F0F0F0F101010101101
:1073A00011111112121212131313131414141415B1
:1073B0001515151516161616171717171818181865
:1073C000191919191A1A1A1A1B1B1B1B1C1C1C1C15
:1073D0001D1D1D1D1E1E1E1E1F1F1F1F20202020C5
:1073E0002121212122222222232323232424242475
:1073F0002525252526262626272727272828282825
:10740000292929292A2A2A2A2A2B2B2B2B2C2C2CD6
:107410002C2D2D2D2D2E2E2E2E2F2F2F2F30303088
:107420003031313131323232323333333334343438
:1074300034353535353636363637373737383838E8
:1074400038393939393A3A3A3A3B3B3B3B3C3C3C98
:107450003C3D3D3D3D3E3E3E3E3F3F3F0008101916
:107460002129313A424A525B636B737B848C949C32
:10747000A5ADB5BDC5CED6DEE6EFF7FF0004080C1E
:107480001014181C2024282D3135393D4145494D13
:107490005155595D6165696D7175797D82868A8EF8
:1074A00092969A9EA2A6AAAEB2B6BABEC2C6CACEDC
:1074B000D2D7DBDFE3E7EBEFF3F7FBFF00000000E1
:1074C00078040000EF080000660D0000DC110000E9
:1074D00050160000C21A0000331F0000A123000054
:1074E0000C280000742C0000D93000003A35000050
:1074F00096390000EF3D0000424200009046000037
:10750000D94A00001C4F0000585300008F5700005C
:10751000BE5B0000E65F000007640000206800001A
:10752000316C000039700000397400002F780000C1
:107530001C7C000000800000DA830000A9870000A6
:107540006D8B0000278F0000D69200007996000016
:10755000119A00009C9D00001BA100008EA4000059
:10756000F3A700004CAB000097AE0000D5B10000BF
:1075700005B5000027B800003ABB00003FBE000080
:1075800035C100001BC40000F3C60000BBC90000E9
:1075900073CC00001CCF0000B4D100003CD400002C
:1075A000B3D600001AD900006FDB0000B4DD000084
:1075B000E7DF000009E2000019E4000017E6000020
:1075C00004E80000DEE90000A6EB00005CED00002E
:1075D000FFEE000090F000000EF2000078F30000D3
:1075E000D0F4000015F6000047F7000065F8000031
:1075F00070F9000068FA00004CFB00001CFC000061
:10760000D9FC000082FD000018FE000099FE000079
:1076100007FF000060FF0000A6FF0000D8FF000089
:10762000F6FF0000000001005DFC000861FC00089E
:107630001DE3000821F4000825040108B90301082E
:1076400045040108008040C020A060E0109050D0A8
:1076500030B070F0088848C828A868E8189858D84A
:1076600038B878F8048444C424A464E4149454D44A
:1076700034B474F40C8C4CCC2CAC6CEC1C9C5CDCEA
:107680003CBC7CFC028242C222A262E2129252D232
:1076900032B272F20A8A4ACA2AAA6AEA1A9A5ADAEA
:1076A0003ABA7AFA068646C626A666E6169656D6EA
:1076B00036B676F60E8E4ECE2EAE6EEE1E9E5EDE8A
:1076C0003EBE7EFE018141C121A161E1119151D1F6
:1076D00031B171F1098949C929A969E9199959D9BA
:1076E00039B979F9058545C525A565E5159555D5BA
:1076F00035B575F50D8D4DCD2DAD6DED1D9D5DDD5A
:107700003DBD7DFD038343C323A363E3139353D3A1
:1077100033B373F30B8B4BCB2BAB6BEB1B9B5BDB59
:107720003BBB7BFB078747C727A767E7179757D759
:1077300037B777F70F8F4FCF2FAF6FEF1F9F5FDFF9
:107740003FBF7FFF00000000010000007DE3000854
:10775000EBFE000863FD00080000000000000000D0
:1077600000000000D1E3000819440008B5FD00083E
:10777000000000006DE30008DDFE0008AD320008E7
:1077800039320008D932000800000000EDFB000883
:1077900045330008303132333435363738394142D9
:1077A0004344454640305800303132333435363763
:1077B000383961626364656640307800506C656199
:1077C00073652075736520746865207374796C75B2
:1077D0007320636C69636B207468652063726F73D8
:1077E00073206F6E207468652073637265656E2EFA
:1077F0005468652063726F73732077696C6C2061C5
:107800006C77617973206D6F766520756E74696C25
:10781000207468652073637265656E2061646A75A3
:1078200073746D656E7420697320636F6D706C6521
:107830007465642E000000004D5031003347320063
:107840004D5032004D5033004D5034004D34410006
:10785000574D4100464C4143000000004143430066
:107860004C524300430000004D4944004749460044
:107870004A504547000000004F4747004A50470024
:107880004800000042494E0033475000424D50002E
:107890004E4553005458540057415600BC780108D7
:1078A00000000020B8030000C40100089879010816
:1078B000B803002048820100200200082143FFFF96
:1078C000131DC914089DCC1408F9BE022C0863D0FE
:1078D000907CBC77013872013B14EF0E2C0203043C
:1078E00004E506070809100B3D1D0108311E0108BB
:1078F000503C322032681610505C01201A280C12BD
:10790000F002181025FEFF07601A0804014A8B8454
:1079100078C001280A3160340A3190341A94341A3C
:1079200064040A29803C1A382C1A40041A44041AA8
:1079300048041A4C041A88041A3C041A78041A5C85
:10794000041A50041A98041A68041A54041A8C046D
:107950001A7C041A70040A316CA801110216501323
:10796000B143000A3808AC6A0108A47901205AFF23
:107970000109262C41021B041B3876F00272012DEE
:107980005C7A0120040110138B3402100812FD2FC1
:087990000108307B0120040016
:040000050800018965
:00000001FF
