:020000040800F2
:100000005086012089020008E95D000827430008A6
:10001000E55D0008ED0800083BDB0008000000007B
:10002000000000000000000000000000D18F000868
:10003000751100080000000019030008E99000088D
:10004000A3020008A3020008A3020008A3020008FC
:10005000A3020008A3020008A3020008A3020008EC
:10006000A3020008A3020008A3020008A3020008DC
:10007000A3020008A3020008A3020008A3020008CC
:10008000A3020008A3020008A3020008A3020008BC
:10009000A3020008A3020008A3020008A3020008AC
:1000A000A3020008A3020008A3020008A30200089C
:1000B000A302000835C800084DC80008A3020008C4
:1000C000A3020008A3020008A3020008A30200087C
:1000D000A302000805D90008A3020008A302000833
:1000E000A3020008A3020008A3020008A30200085C
:1000F000A3020008A3020008A3020008A30200084C
:10010000A302000875760008A3020008A3020008F5
:10011000A3020008A3020008A3020008A30200082B
:10012000A3020008A3020008A3020008A30200081B
:10013000A3020008A3020008A3020008A30200080B
:10014000A3020008A3020008A3020008A3020008FB
:10015000A3020008A3020008A3020008A3020008EB
:10016000A3020008A3020008A3020008A3020008DB
:10017000A3020008A3020008A3020008A3020008CB
:10018000A3020008A302000800F002F800F061F8E2
:100190000AA090E8000C82448344AAF10107DA45E2
:1001A00001D100F056F8AFF2090EBAE80F0013F0D3
:1001B000010F18BFFB1A43F0010318474C900100D0
:1001C0006C9001000A444FF0000C10F8013B13F052
:1001D000070408BF10F8014B1D1108BF10F8015BA0
:1001E000641E05D010F8016B641E01F8016BF9D193
:1001F00013F0080F1EBF10F8014BAD1C0C1B09D1EA
:100200006D1E58BF01F801CBFAD505E014F8016B5B
:1002100001F8016B6D1EF9D59142D6D370470000ED
:100220000023002400250026103A28BF78C1FBD8FF
:10023000520728BF30C148BF0B607047782900F0D3
:10024000E980002070471FB514F00DFD1FBD10B5EB
:1002500010BD00F01DFB1146FFF7F5FF13F0EEFD9A
:1002600000F03BFB03B4FFF7F2FF03BC13F080F98F
:1002700040BA7047C0BA704730BF72B6704762B6B6
:10028000704780F30888704709488047094800474D
:10029000FEE7FEE7FEE7FEE7FEE7FEE7FEE7FEE736
:1002A000FEE7FEE704480549054A064B7047000093
:1002B000F990000889010008507C01205086012037
:1002C000507E0120507E0120EFF3108072B67047FF
:1002D00080F310887047264C4FF6FF7525604FF06D
:1002E000000484F30988234C4FF001052570224C4B
:1002F0004FF08055256062B6FEE730B41E4C4FF0DB
:100300008055256030BC704730B41B4C4FF0805591
:10031000256030BC704700BF72B6EFF3098050B162
:100320001EF0100F08BF20ED108A203880E8F00F73
:1003300012490968086000B5114880475DF804EB70
:10034000104811490A7802700C4810490A68026086
:10035000106890E8F00F20301EF0100F08BFB0ECCE
:10036000108A80F309884EF0040E62B6704700BF11
:1003700022ED00E0E600002004ED00E0EC000020AB
:100380007D680008DB000020DC000020F400002075
:10039000704700000FB4044910B503AA029800F09A
:1003A000E1F910BC5DF814FB740000202DE9F04168
:1003B0000E460446002020622046E168884730B39C
:1003C000252805D0D4E901219047206A401CF2E796
:1003D000E168204600278847050018D0A5F14100B4
:1003E000192802D820354FF40067324629462046A6
:1003F0002760FFF723FF40B1012804D0F61D26F047
:1004000007060836D8E7361DD6E72846DAE7206A19
:10041000BDE8F08170B504460D4621461068AFF383
:1004200000802188090502D50F4A7A4402E00E4A6D
:100430007A440E32002104F1240305E000F00F0697
:100440000009965D5E54491C0028F7D120780023EE
:10045000000704D5702D02D009B1022311322046C5
:10046000BDE8704000F025B99E8C010040EA010310
:1004700010B59B070FD1042A0DD310C808C9121F4D
:100480009C42F8D020BA19BA884201D9012010BD87
:100490004FF0FF3010BD1AB1D30703D0521C07E054
:1004A000002010BD10F8013B11F8014B1B1B07D1B8
:1004B00010F8013B11F8014B1B1B01D1921EF1D129
:1004C000184610BD032A40F2308010F0030C00F0F3
:1004D000158011F8013BBCF1020F624498BF11F87E
:1004E00001CB00F8013B38BF11F8013BA2F1040237
:1004F00098BF00F801CB38BF00F8013B11F00303AF
:1005000000F06780083AC0F0088051F8043B083AD0
:1005100051F804CBA0E80810F5E7121D5CBF51F8B4
:10052000043B40F8043BAFF30080D20724BF11F82E
:10053000013B11F801CB48BF11F8012B24BF00F893
:10054000013B00F801CB48BF00F8012B7047431A6C
:1005500028BF9A427FF6B6AF032A1044114440F2F6
:10056000268010F0030F1EBF11F8013D521E00F847
:10057000013D10F0030F7FF4F6AF11F0030300F01C
:100580001681083AC0F00B8051F8043D083A51F842
:1005900004CD40F8043D40F804CDFFF7F3BF121D31
:1005A0005CBF51F8043D40F8043DAFF30080D20732
:1005B00024BF11F8013D11F801CD48BF11F8012CFD
:1005C00024BF00F8013D00F801CD48BF00F8012C20
:1005D000704710B5203AC0F00B80B1E81850203AAF
:1005E000A0E81850B1E81850A0E81850BFF4F5AFD3
:1005F0005FEA027C24BFB1E81850A0E8185044BF5D
:1006000018C918C0BDE810405FEA827C24BF51F8C9
:10061000043B40F8043B08BF7047D20728BF31F8BD
:10062000023B48BF11F8012B28BF20F8023B48BF0E
:1006300000F8012B704702F0FF0343EA032242EA6D
:10064000024200F0E0B84FF0000200B513469446B5
:100650009646203922BFA0E80C50A0E80C50B1F11A
:100660002001BFF4F7AF090728BFA0E80C5048BF2E
:100670000CC05DF804EB890028BF40F8042B08BFCC
:10068000704748BF20F8022B11F0804F18BF00F8C8
:10069000012B7047704770477047704710B500F0E6
:1006A000D3F8006810BD10B5044600F0CDF8046022
:1006B00010BD2DE9F0470D4699469246044600F1DB
:1006C00024080168880604D5E06921F01001216042
:1006D00000E00120A84201DD471B00E00027A169DE
:1006E0007A1902EB0900081AA0612078C00602D42A
:1006F0002046AFF30080002608E0D4E901211AF873
:1007000006009047206A401C761C20624E45F4DBB0
:100710002078C0060AD52046AFF3008006E0D4E971
:10072000012130209047206A401C2062381EA7F12A
:100730000107F4DC07E0D4E9012118F8050090472F
:10074000206A401C2062281EA5F10105F3DC20462A
:10075000AFF300802078000602D50220BDE8F087C4
:100760000120FBE7074B70B50D467B4400F075F8A0
:100770000446284600F084F810B14FF0FF3070BDF9
:10078000204670BD3F360100431A28BF9A427FF6CB
:1007900020AF104410F0030F11441EBF11F8013DAB
:1007A000521E00F8013D10F0030F7FF4F6AF103A2F
:1007B000C0F00A8010B531E91850103A20E91850FD
:1007C000BFF4F9AFBDE81040530724BF31E908106A
:1007D00020E9081044BF51F8043D40F8043D12F0F0
:1007E000030F08BF7047D20728BF31F8023D48BF4A
:1007F00011F8012C28BF20F8023D48BF00F8012C59
:1008000070474FF000020429C0F0128010F0030C72
:100810003FF41BAFCCF1040CBCF1020F18BF00F881
:10082000012BA8BF20F8022BA1EB0C01FFF70DBF95
:100830005FEAC17C24BF00F8012B00F8012B48BF00
:1008400000F8012B7047000000487047EC7B012046
:1008500001694A1C02610878704700B58FB0CDE984
:1008600001310021059105497944CDE90310114674
:100870006846FFF79BFD0FB000BD0000E5FFFFFFDE
:10088000007B00F08000704700487047EC7B01203F
:100890007546FFF7F9FFAE4605006946534620F05E
:1008A0000700854618B020B5FFF7FCFCBDE82040E6
:1008B0004FF000064FF000074FF000084FF0000B1C
:1008C00021F00701AC46ACE8C009ACE8C009ACE8CF
:1008D000C009ACE8C0098D46704710B50446AFF3B7
:1008E00000802046BDE81040FFF7BCBC00BFFEE71B
:1008F00031B52DED068B82B00024002574480078B8
:10090000401C73490870084600780A2190FBF1F2F8
:1009100001FB120018B16E4800780A287EDA012225
:1009200008A9002006F088FC9DF8200000F01F00B8
:10093000002873D09DF8200000F01F0040F0C00098
:10094000644981F82000002486E0624890F8200085
:100950000121A140084000287CD05F4931F81400F3
:10096000042201A906F068FC5A4890F8340000F00F
:100970000100D0B39DF807109DF8062001EB02207E
:1009800013F0A3FD41EC190B9FED540B53EC102B0E
:1009900013F002FE41EC180B13F06AFD81B24D48D2
:1009A000163020F814109DF805109DF8042001EB76
:1009B000022013F08AFD41EC1A0B9FED4A0B53EC19
:1009C000102B13F0E9FD41EC190B9FED480B53EC94
:1009D000102B13F015FF41EC180B13F049FD81B2F9
:1009E0003C480C3020F8141034E0FFE79DF8071065
:1009F0009DF8062001EB022013F067FD41EC190B76
:100A00009FED360B53EC102B13F0C6FD41EC180B89
:100A100013F02EFD81B22F480C3000E02BE020F8BF
:100A200014109DF805109DF8042001EB022013F02E
:100A30004CFD41EC190B9FED2B0B53EC102B13F0DD
:100A4000ABFD41EC180B13F013FD81B221481630B9
:100A500020F81410601CC4B2052CFFF676AF0125F7
:100A60001C48808920B91B48C08A08B9002008901A
:100A70000020174908709DF8200000F01F00D0B931
:100A8000144890F8200000F0800040B1114890F820
:100A9000200020F080000F4981F820000BE04FF685
:100AA000FF700C498881C882084690F8200000F049
:100AB000E00081F8200006480078F02802DD0A20D6
:100AC00003490870284602B0BDEC068B38BD000013
:100AD0000400002008000020306401087B14AE47A9
:100AE000E17AD43FD881734694F6D23F00000000EB
:100AF0000000894010B5052012F02CFE10BD00004A
:100B000010B500200F4908600F48006820F440002D
:100B10000D4908600846006840F480000860FFF74F
:100B2000E9FF00200949C1F8AC02FFF7E3FF01200B
:100B300004490860FFF7DEFF00200549C1F8800284
:100B400010BD0000808240420014024000804242FA
:100B5000008040421CB50121222006F0DBFB012071
:100B600000908DF8040003208DF8050000208DF81A
:100B7000060001208DF807006946084800F0C4FC13
:100B80004FF4006000906946054800F0BDFC01206C
:100B9000044908600449C1F8AC021CBD00040240CD
:100BA00000140240808240420080424210B5002082
:100BB0000F4908600F48006820F440000D490860A4
:100BC0000846006840F480000860FFF793FF0120AA
:100BD0000949C1F8AC02FFF78DFF01200449086004
:100BE000FFF788FF00200549C1F8800210BD000012
:100BF0008082404200140240008042420080404215
:100C000070B5054600241448006820F440001249DD
:100C10000860084600680860002612E000200F49BE
:100C200008601E2012F096FD01200D49C1F88002D7
:100C30006006040E0B48006808B1601CC4B2701C4A
:100C4000C6B2082EEADB15B9FFF7B0FF01E0FFF7E7
:100C500057FF204670BD00000014024080824042D1
:100C6000008040422C82424270B50446134800681E
:100C700020F44000114908600846006840F48000F4
:100C8000086000200E490860FFF734FF002511E0DE
:100C9000E0090C4908606006040E01200A49C1F809
:100CA0008002FFF727FF002005490860FFF722FFB9
:100CB000681CC5B2082DEBDB70BD000000140240BB
:100CC00080824042AC8242420080404210B50F48D0
:100CD000006820F440000D4908600846006840F4B0
:100CE0008000086001200A4908600A49C1F88002B2
:100CF000142012F02FFD002005490860FFF7FAFECE
:100D000000200449C1F8800210BD00000014024018
:100D1000AC8242420080404210B50D48006820F489
:100D200040000B4908600846006840F480000860F5
:100D3000012008490860142012F00CFD002006492B
:100D4000C1F8AC02FFF7D6FE01200449086010BDCF
:100D5000001402408082404200804242AC82424203
:100D600010B500241148006820F440000F490860C5
:100D700008460068086001200D4908600D49C1F867
:100D800080020AE0601CC4B2FA2C03DDFFF7C4FF46
:100D9000012010BD012012F0DDFC054880380068FC
:100DA0000028EFD10449086000BFF2E700140240B8
:100DB000AC824242008040428082404270B50025B1
:100DC0004FF4803400E0641E24B1802006F032FC31
:100DD0000028F8D014B90325284670BD40F2FF5012
:100DE00006F0DAFB2846F8E7014600BF084800682D
:100DF00000F045000028F9D040F2FF50044A121DCF
:100E0000106003482038006808221040C0B27047C4
:100E1000342C014070B500251048046801E00F48EB
:100E2000046804F045000028F9D004F0040028B15B
:100E30000325042006F0B0FB284670BD04F0010035
:100E400028B10125012006F0A7FB2846F5E740F26E
:100E5000FF5006F0A1FB2846EFE70000342C0140CC
:100E600070B500250B48046801E00A48046804F0E6
:100E700045000028F9D004F0040028B1032504201F
:100E800006F08AFB284670BD40F2FF5006F084FB56
:100E90002846F8E7342C01402DE9F04106460F467C
:100EA0004FF000082248056801E02148056805F078
:100EB00045000028F9D005F0040038B14FF00308D0
:100EC000042006F069FB4046BDE8F08105F0010012
:100ED00030B14FF00108012006F05EFB4046F3E719
:100EE00006F0A2FBB04203D04FF010084046EBE7FB
:100EF00040F2FF5006F050FB002006F0AFFB044626
:100F000004F4604018B9200C38804046DCE704F453
:100F1000005008B11320D7E704F4804008B1102036
:100F2000D2E704F4004008B10F20CDE74046CBE7FC
:100F3000342C014070B500264FF480350F4804680A
:100F400002E06D1E0D48046804F0450008B9002D4C
:100F5000F7D115B104F0040028B10326042006F0EF
:100F60001BFB304670BD04F0400028B10026402035
:100F700006F012FB3046F5E73046F3E7342C01402B
:100F800021B1026842F00102026003E0026822F02F
:100F90000102026070470000016821F00101016058
:100FA0000021016041608160C160016121214161D6
:100FB0004A49884204D13D21484A103A91608CE068
:100FC00046491831884205D14FF47461434A103ABA
:100FD000916082E041493031884205D14FF474116B
:100FE0003E4A103A916078E03C494831884205D148
:100FF0004FF07461394A103A91606EE037496031C0
:10100000884204D13649354A103AD16065E0334907
:101010007831884204D13349304A103AD1605CE0DB
:101020002E499031884204D12F492C4A103AD16080
:1010300053E02A49A831884205D14FF03D51274A53
:10104000103AD16049E02949884204D13D21274A1C
:10105000083A116041E025491831884205D14FF422
:101060007461224A083A116037E0204930318842E1
:1010700005D14FF474111D4A083A11602DE01B4947
:101080004831884205D14FF07461184A083A11601E
:1010900023E016496031884204D11149134A121FD6
:1010A00011601AE011497831884204D10D490F4A84
:1010B000121F116011E00D499031884204D10A4994
:1010C0000A4A121F116008E00849A831884204D179
:1010D0004FF03D51054A121F1160704710600240E9
:1010E0003D000020400F002000003D201064024021
:1010F00021B1026842F02002026003E0026822F09F
:10110000200202607047014600200A6802F00102D6
:101110000AB1012000E000207047000010B5002255
:101120000268134B1A40CC680B6823434C69234375
:101130008C692343CC6923430C6A23434C6A2343C1
:101140008C6A23434C6B23438C6B23431A4302600A
:10115000426922F00702D1E90B3423431A4342616A
:101160000B6943604B6883608B68C36010BD0000EF
:101170003F801CF070472DE9F04306460F4690462D
:10118000002445460320A0EB48093CE07A1B91B2BD
:10119000321990B203F066FC3A1B91B2721990B208
:1011A00003F060FC3A1991B2721990B203F05AFC44
:1011B0007A1991B2321990B203F054FC7A1991B2B3
:1011C000321B90B203F04EFC3A1991B2721B90B2EE
:1011D00003F048FC7A1B91B2321B90B203F042FC40
:1011E0003A1B91B2721B90B203F03CFC641CB9F143
:1011F000000F03DAA000801D814404E0601B800022
:101200000A3081446D1EAC42C0DDBDE8F0830000B1
:1012100051B18200A2F1C042126842F00103820083
:10122000A2F1C042136009E08200A2F1C04212683C
:10123000034B1A408300A3F1C0431A6070470000BB
:10124000FEFF0F00D0E901121143C2681143026989
:1012500011434269114382691143C2691143026A11
:101260001143426A1143826A1143C26A1143026BFD
:10127000114302689200A2F1C042116081680829FE
:101280000BD101688900A1F1C041096841F0400219
:1012900001688900A1F1C0410A60416B0968426B95
:1012A000526841EA0211426B926841EA0221426BA4
:1012B000928941EA0241426B128A41EA0251426B31
:1012C000127D41EA0261426B926911430268521C2D
:1012D0009200A2F1C0421160C16AB1F5804F1BD1EA
:1012E000816B0968826B526841EA0211826B9268D5
:1012F00041EA0221826B128A41EA0251826B127D1D
:1013000041EA0261826B9269114302689200A2F184
:10131000C042C2F8041107E06FF070420168890012
:10132000A1F1C041C1F80421704700002DE9FC4142
:1013300007460D460026002400200090019008205A
:101340005D49086010204860402088600020C86027
:101350004FF480600861084606F0BEF91020FFF7E0
:1013600043FD044614B12046BDE8FC815348008883
:101370000004514908603720486040208860002000
:10138000C8604FF480600861084606F0A5F9372070
:10139000FFF72AFD04460CB12046E5E74FF0FF3089
:1013A0004749086008204860302088600220C860F3
:1013B0000020086101204861084606F00FF900206E
:1013C0003D49086033204860402088600020C860A4
:1013D0004FF480600861084606F07EF93320FFF77D
:1013E00003FD04460CB12046BEE70CE04FF40010AC
:1013F00006F020F938B106F069F94DF82600761CA0
:10140000012E00D906E02F48006840F22A6108400A
:101410000028EBD000BF082006F00CF928B1082006
:1014200006F0BAF8042420469EE7022006F002F9EE
:1014300028B1022006F0B0F80224204694E72020CC
:1014400006F0F8F828B1202006F0A6F80624204679
:101450008AE74FF4007006F0EDF830B14FF40070F9
:1014600006F09AF8072420467EE740F2FF5006F087
:1014700093F800980006009901F47F4140EA0120AA
:10148000009901F47F0140EA1120009940EA1160BF
:10149000686001980006019901F47F4140EA01204B
:1014A000019901F47F0140EA1120019940EA11609D
:1014B0002860204658E700004829002050000020FE
:1014C0005C290020342C014010B5002001F090FC74
:1014D0006FF07F4001F097FC012001F0FFFC00203D
:1014E00001F00AFD002001F017FD002001F09CFC36
:1014F0000448006801F0A4FCBDE81040002001F0A1
:10150000BFBC000078020020F0B50A46002100238D
:10151000002400BF3DE0012505FA01F3156805EA46
:1015200003049C4234D105684F000326BE40B543F6
:10153000056015794E00B54006683543056015799C
:10154000012D02D01579022D16D185684F00032692
:10155000BE40B543856055794E00B5408668354339
:101560008560456801268E40B5434560456896799B
:101570008E40B6B235434560C5684F000326BE4075
:10158000B543C560D5794E00B540C6683543C560E2
:10159000491C1029BFD3F0BDF0B5002300244D072E
:1015A000ED0E02FA05F3CE1000F1200555F8265095
:1015B0004E07F70E0F26BE40B543CF1000F12006B0
:1015C00046F82750CE1000F1200555F8265045EA80
:1015D0000304CE1000F1200545F82640F0BD01833C
:1015E000704700002DE9F04FDFF828B191B04FF0BF
:1015F000FF35DBF80030B3F922100691DE69B3F94C
:101600002490F469A189814206D8E289824203D3F9
:10161000471AD4F8008012E0D4E9018100296FD084
:101620000A8882426CD84D88854269D3801A82B27A
:10163000486800EB8200B0F90070B0F90250781CE5
:101640005ED0307EA17C10FB01FA217CCDE908013F
:10165000B3F92A60304603F0F5FFC0B20E90DBF814
:10166000000007FB0A81A37C826B0127CDE90412ED
:10167000CDE90273C069DDE90832C17E807ECDE923
:1016800000014946069803F031F8681C18D046F06E
:10169000020003F0D7FFDBF80000A37C05FB0A8102
:1016A000826BCDE90273CDE90412C069DDE908322D
:1016B000C17E807ECDE900014946069803F016F808
:1016C000DBF800005D46C069417E007E814214D98E
:1016D000022E12D086F0040003F0B4FF2868C0691F
:1016E000027EC37E12FB0391437E857E099A069893
:1016F0004B4402FB050203F07FFA0E9803F0A2FFB1
:10170000DBF80000627C418C1144418411B0BDE8DB
:10171000F08F00007C02002004480068C069C069A6
:1017200009B1027C0A60407C704700007C02002006
:10173000022008807047C06982898A4202D8C28923
:101740008A4210D2806880B102888A420DD84388CC
:101750008B420AD3406800EB8100A0EB8200B0F915
:101760000000002801DB01207047002070470000C6
:101770002DE9F0432F4C034687B020681946B0F995
:101780002A80C069C06900F084F800284ED0416802
:101790000088181A01EBC0054046AE7803F052FFEE
:1017A000814620686A680123816BCDE90236CDE964
:1017B0000421C169CB7E8A7ECDE900230B7EB0F97E
:1017C00024102A78B0F9220002F090FF2068C06946
:1017D000477E067EB7421DD9C07E47434643B8F1D7
:1017E000020F17D000F02DFD804600F0F3FC01F051
:1017F0000AFB21682A78CB69B1F92200DB7E12FB53
:101800000302B1F92410CB19314403F0F5F9404635
:1018100001F0F9FA484603F015FF20686A78C369B9
:10182000B0F922109B7E12FB0311418407B0BDE882
:10183000F08300007C02002030B50F4C05460B46BB
:1018400020682946C069C06900F023F8002811D03B
:101850004168008824682A1A0120E46900EBC2006C
:10186000085CA47E10FB04F0002B03D011F83210AA
:101870006143196030BD00007C0200200120088017
:10188000704700B5C06900F004F8002800D00120BE
:1018900000BD06E002888A4202D842888A4202D20B
:1018A00080680028F6D1704770B500240E4D16E010
:1018B00028690E4900EBC410001D78220968FEF764
:1018C00088FE2869002100EBC410016000F10C01C2
:1018D0008161011D0A1DC0E90F12641C4164A868E2
:1018E0008442E5DB70BD0000E40200207C020020A1
:1018F00070B50D490B480860084602F0C9FC0A4C57
:10190000143CA068C501284600F068F82A4600216A
:10191000206102F0C5FC4FF0FF302060BDE8704050
:1019200001F0E4BE91200108F802002010B5040087
:1019300009D000F041FD20460DF026FE044601F0DE
:101940008DFE204610BD002010BD38B5054600F0C4
:1019500033FD2846FFF7EAFF040009D000F0BAF88B
:101960002A460021009002F09BFC684600F0F0F847
:1019700001F074FE204638BD024A106021F00300D9
:1019800050607047007A012010B5040016D000F0B6
:1019900013FD0B48006B10F8341059B1022909D21D
:1019A000042101EBC401415848680DF0B1FD204607
:1019B00010F076FCBDE8104001F050BE10BD0000F4
:1019C00044790120002805D0034A916B016001B1E0
:1019D0004860906370470000447901202DE9F04190
:1019E000044610F03DFA2648E41C24F00305C16BC0
:1019F0002D1DA94200D90D46846B13E054F8042C28
:101A0000AA420ED184B1216809B162684A60616856
:101A100009B122680A60826BA2422ED121688163DB
:101A20002BE02468002CE9D18046416B80680F18B8
:101A300057F8040C3E1A306838B1002010F098FCBA
:101A400057F8040C3E1A3068B8B97068A84214DB25
:101A50003044441B304610F043FCD8F80810491BB2
:101A6000C8F80810D8F810102944C8F81010706889
:101A70003146401B0DF04CFD20C42046BDE8F081EE
:101A80004479012010B5002410F0EAF90C490F2028
:101A900001EBC002126C1AB101EBC000006C08E04F
:101AA000401EF5D508E04168A14200D90C46806887
:101AB00010B180680028F6D1A4F10C0010BD000020
:101AC0004479012002484169491C41617047000086
:101AD0004479012005498A69521C8A61096B01EB2E
:101AE000C0010A78521C0A7000F04AB844790120FB
:101AF00010B500F061FCFFF7C5FF64220849B0F59E
:101B0000800F04D990FBF2F4C869444303E0C9692B
:101B10004143B1FBF2F401F0A1FD204610BD0000ED
:101B2000447901200549102805D94A68B0EB520FC5
:101B300002D3500800E0102088607047007A01202E
:101B400002484169491E4161704700004479012003
:101B50000A4902680B6B52F8082C03EBC202137897
:101B6000022B03D38B690BB15B1E8B611178491E6D
:101B7000117000210160084670470000447901207F
:101B8000002806D00349042202EBC000096B085864
:101B9000083070474479012070B514460D4606465A
:101BA00000F00AFC204600F059FB0300174804EB44
:101BB000840109D050F8210041688068711A2A1AFE
:101BC000184601F04DF91CE000EB8104A268B24216
:101BD00001D0012200E00022E368AB4201D00123E2
:101BE00000E000231A430CD0236943B150F82100D0
:101BF000816840686A1A311A184601F0B9F8C4E9D8
:101C00000265BDE8704001F029BD0000587B01204D
:101C100010B5C2B2CBB2D21A02D5C2F1000212B2D2
:101C200093B2C0F30722C1F3072403FB03F3121B93
:101C300001D5524212B2000C92B2A0EB114002FB4D
:101C4000023200B2002801DA404200B280B200FB4A
:101C5000002010BD10B50021084600F065FB40F6DD
:101C6000FF725042BDE8104013460146AFF30080BA
:101C70002DE9FC411C4615460E46074600F09CFB2C
:101C8000042003F0DFFC80461248C068C16C006D80
:101C90000F4406440D440444ADF80070ADF8045000
:101CA000ADF80260ADF8064068460CF0F7FF07E0BB
:101CB00023462A463146384602F09EFF0CF0B0FF1C
:101CC0000028F5D1404603F0BDFC01F0C7FCBDE89B
:101CD000FC810000700200202DE9F0411C461646F0
:101CE0000D460746022B02DB0020BDE8F0811C20D8
:101CF000FFF774FE0028F8D00DB105610AE0094A2B
:101D000052F8241009B905E011460A68002AFBD1EF
:101D10000969016184618682002101604160C0E936
:101D20000217E2E79402002070B51D46FFF7D4FFCA
:101D3000040001D000F00EF8E068006820B9034804
:101D4000006800EB85008465204670BD7C020020A1
:101D5000FFF738BE70B590B38269022A30DA1C4CA6
:101D600054F8221019B944F822002FE019464B68A4
:101D7000002BFBD106E0CB68C5681B682D68AB4221
:101D800003DD09680029F6D11AE0C1B1CB68C66845
:101D90001B683668B3420CD1838A012B05D008E05A
:101DA0001946DB681B68AB4203DB0B68002BF7D1DD
:101DB00029B14B6833B118604A68426004E0FFE71C
:101DC000012070BD44F8220048600160002070BD11
:101DD0009402002010B503E00468FFF7BBFF204623
:101DE0000028F9D110BD10F085BF00002DE9F041A9
:101DF0000026DFF834800D4F354600BF58F82540E7
:101E000009E0E0680068385C20B1204610F072FFFD
:101E1000266026462468002CF3D16D1C022DEDDBD4
:101E20003046BDE8F08100009402002010660108F1
:101E3000022801DB00207047054951F8200004E02A
:101E4000C16809680029F6D000680028F8D17047F9
:101E5000940200202DE9F041044601F039FC0619F6
:101E60001EE000BF00F042F9052F00DD052700F05D
:101E7000A3FA11480568FFF725FE2C0017D000BF14
:101E800001F0ECFB641EFBD1384601F007FC1DB1EC
:101E900000F092FA6D1EFBD1FFF752FE01F0DEFB5F
:101EA00001F016FC371A002FDCDCBDE8F081384663
:101EB00001F0F4FBF0E70000F00200202DE9FC4700
:101EC00006005FD000F078FA00F0D2F93C4C814671
:101ED0002068B0F9228000F0F9F9216807468A8C61
:101EE000D01B888441E000BF47F6FF71304602F006
:101EF0008FF882460146304602F060F821680546B8
:101F000091F82C0000F00300012841D002283BD0BA
:101F100000204A8C101A4884ADF800006A1E104454
:101F2000ADF80400888CADF80200A9F10101084465
:101F3000ADF806006A465146304601F07FFD216843
:101F4000BDF8020088845146304601F063FA064429
:101F500030780A281ED00D281CD0BDF8000021685A
:101F600028444884307818B1761C30780028BBD1DA
:101F70002068818C39448184818D21F00301818521
:101F800001F06CFBBDE8FC8705EBD5704010C0E7A5
:101F90002846BEE7206890F82C1001F003010129C3
:101FA0000BD0022909D0018C418431780A29D9D17A
:101FB000828C02EB09018184D4E7A0F82280F4E747
:101FC0007C02002070B514460D46064600F0F4F978
:101FD00005480068458484843046FFF76FFFBDE8FC
:101FE000704001F03BBB00007C0200202DE9F04175
:101FF00007460A4815460E460068B0F92C0040F026
:10200000020000F079FF04462A4631463846FFF7C1
:10201000D9FF2046BDE8F04100F06EBF7C020020F1
:1020200047F6FF73AFF300802DE9FC411F46904651
:102030000D4606004FF000041AD000F0BDF965B15E
:1020400028460CF01FFD040007D0024629466846CA
:1020500002F03DF868460CF015FD3B464246294625
:10206000304601F043FD20460CF00CFD01F0F6FA7D
:10207000BDE8FC812DE9F04F87B09B46DDE9109863
:1020800092460C46054600F097F916480168C86C60
:10209000096D47190E1900EB0A0501EB0B04ADF8A9
:1020A0001070ADF81450ADF81260ADF8164004A8E9
:1020B0000CF0F4FD88B1DFF830B04FF0000ACDE944
:1020C0000098CDE902BA2B462246394630460EF03A
:1020D0004FFE0CF0A5FD0028F1D101F0BFFA07B0CA
:1020E000BDE8F08F7C020020894A000810B500246A
:1020F00000E0012400F004F80028FAD1204610BDC9
:10210000064810B50068002410B1804700B10124D2
:102110000CF038F800B10124204610BD9C020020CC
:1021200008B50B46002805D0009281888268C088D7
:1021300000F001F808BD10B50828029C30D008DC7A
:1021400004FB01F401280AD0022813D0042804D18A
:102150001CE0102828D020282CD0002010BD04EB33
:10216000D30003F00701105CC1F10701C84000F083
:10217000010010BD04EB93000621105C01EA43014D
:10218000C1F10601C84000F0030010BD04EB53008C
:10219000D907105C02D000F00F0010BD000910BD7F
:1021A00004FB0130105C10BD481004FB003032F815
:1021B000100010BD881004FB003052F8200010BD44
:1021C000034951F82000C1688A6A082110470000BD
:1021D0009402002010B500F0EFF802F03DFD02F08F
:1021E000D5FD044601F03AFA204610BD10B504466C
:1021F00000F0E2F8054800210068C0694268204606
:102200009047044601F02AFA204610BD7C020020C7
:1022100070B50C46054600F0CFF806482146006828
:10222000C069426828469047044601F017FA2046E4
:1022300070BD00007C020020002801D00BF0E6BF3A
:10224000704710B500F0B8F802F00EFD02F09EFDE8
:10225000044601F003FA204610BD000000210228C8
:1022600002D2024951F82010084670478C03002022
:1022700010B500F0A1F804480068C069447E01F080
:10228000EDF9204610BD00007C02002070B5144618
:102290000D46064600F090F822462946304602F0E8
:1022A00017FD10B1002028602060BDE8704001F0EB
:1022B000D5B970B50C46054600F07EF82146284693
:1022C00001F0C2FEBDE8704001F0C8B910B50024AD
:1022D00000F072F80B48006890F82C1001F00C0127
:1022E000042904D0082906D00C2907D103E0C069CD
:1022F000047E641E02E0C069007E440801F0AEF96D
:10230000204610BD7C020020024951F820000069DF
:102310000068704794020020024951F820000069CB
:10232000406870479402002070B50D46044600F0E6
:1023300043F820460FF0C8FC044628460FF0CCFCBA
:10234000044301F08BF9204670BD0000144810B51D
:10235000016821F0010101601248012181601249E8
:10236000016000681149884200D0FEE701F04CFB93
:102370000F492E20087001F0AFF90E480FF022FD32
:10238000FFF7B6FA11F092FA04460021084600F071
:1023900085FD0CF045F9FFF787FA204610BD0000D7
:1023A000002000E000300240C2A507F4CDB5E8B53A
:1023B000700200200C7A012070B51F4CE06820B13B
:1023C00001F07EF96168884204D001F09FF901F0C4
:1023D00077F96060E068401CE060012825D10025A5
:1023E0000AE000BF01F06CF9216901EBC511096831
:1023F000814205D0D1B16D1CA0688542F2DB002579
:102400002068854211D000280EDBFFF7EFFC226820
:10241000216901EBC212D067084A01EBC510011D0A
:102420001160C06FFFF7D6FC256070BD216901EB1C
:10243000C5110860E4E70000E40200207C020020EF
:102440001CB5040004D10E480068046E002C16D0A0
:10245000FFF7B2FF2046FFF73DFB00904469684656
:10246000FFF776FB4CB12046FFF734FB0190816803
:102470008968884701A8FFF76BFB01F0EFF81CBDE6
:102480007C02002001490A4600F002B801F0FFFF7B
:102490002DE9F04387B015460C465FEA000846D0A8
:1024A000FFF78AFF002000F0BFFC8146214800684A
:1024B000066E4046FFF70EFB00900068806900F052
:1024C0007FFC074640F6FF70001904D10098B0F970
:1024D0000440B0F906500098611E0289ADF804402E
:1024E0001144ADF808104189681E0844ADF8065043
:1024F000ADF80A000BF0A0FC6846FFF729FB01A825
:102500000CF0CCFB06E02A462146404600F028FBB2
:102510000CF086FB0028F6D1384600F051FC30461E
:1025200000F06AF9484600F07FFC01F097F807B028
:10253000BDE8F0837C0200202DE9FE4F98469146CD
:102540008A46834600270C9EFFF736FF1748184936
:102550000068407C51F82040E1680968042903D0F4
:102560002468002CF8D100E014B9FFF761FC0446A0
:102570000121E068C26A20469047050011D0246915
:10258000A0688047401C02D10A4C46F00106009624
:10259000CDE9015443464A465146584600F0C6F933
:1025A000074601F05BF83846BDE8FE8F7C0200204C
:1025B000940200202890010838B504001CD0FFF7D1
:1025C000FBFE0E480068006EA04201D100F0EAFB5D
:1025D0002046FFF77FFA0090406908B101F027F824
:1025E00000980068FFF7B4FB6846FFF7B1FA204691
:1025F000FFF7CAF901F032F838BD00007C02002074
:102600002DE9FF4F83B0454CDDF840B098468A462F
:1026100007002BD002A901A8FFF74BFEB7F9006015
:10262000002E00DA0026B7F90250002D00DA00254E
:102630002068A146407C02F061FB01990144491EDB
:10264000B7F904000FF0A9FC0446D9F80000407C5B
:1026500002F05AFB02990144491EB7F906000FF037
:102660009CFCA71B7F1C441B641C0BE020680026FD
:102670003546407C02F042FB07462068407C02F071
:1026800043FB0446B8F1000F01D1C4F10008002F4C
:1026900001DD002C03DC002007B0BDE8F08F4346CD
:1026A0003A4629463046CDF800B0FFF745FF5FEACD
:1026B000000909D000F060F88046484600F09CF818
:1026C0000027DFF85CB01FE05146059888470120DD
:1026D000E2E7E11B414502DA484600F071F83FB1FC
:1026E000EA193146484600F0B5F84846FFF7A8FE1B
:1026F000514605988847DBF8001009B1002088474B
:102700004846FFF7BFFE4744A742E2DB4846FFF7D3
:1027100053FF002000F070F8BDE700007C020020AD
:10272000A003002038B505004FF0000411D0FFF7DA
:1027300043FE2846FFF7CEF90090006800698068E4
:10274000804703F017FB04466846FFF701FA00F0E4
:1027500085FF204638BD38B50446FFF72DFE2046DC
:10276000FFF7B8F900F1180400906846FFF7F0F998
:1027700000F074FF204638BD38B504460025FFF749
:102780001BFE1CB908480068046E44B12046FFF7E0
:10279000A1F90090B0F90A506846FFF7D9F900F0A6
:1027A0005DFF284638BD00007C02002010B50DF00A
:1027B00027F8002803D0BDE8104000F07DB810BD18
:1027C00038B50C46050004D10A480068056E002D96
:1027D0000FD0FFF7F1FD2846FFF77CF90090B0F924
:1027E0000A10A14200DD44816846FFF7B1F900F00C
:1027F00035FF38BD7C020020F8B50546FFF7DCFD4B
:10280000134E3068046E65B10CB100F0CBFA0BF0DA
:1028100009FC2846FFF75EF9009031680A6E1AB18C
:1028200006E000F0BFFA0EE0D1E90223C1E9192366
:102830000D660068FFF78EFA6846FFF789F903F026
:1028400071F802F059FE00F009FF2046F8BD0000C3
:102850007C0200207CB515460E46040004D11548C4
:102860000068046E002C24D0FFF7A6FD2046FFF779
:1028700031F92DB20090C58034B2848002F03CFE64
:102880000098406980B1FFF725F9009A0190B2F9EC
:1028900008108180B2F90A20C28011B10AB1048007
:1028A000458001A8FFF754F96846FFF751F900F099
:1028B000D5FE7CBD7C02002001490A4600F002B82A
:1028C00001F0FFFF7FB515460C4606002DD0FFF73F
:1028D00073FD3046FFF7FEF840F6FF7101900919CD
:1028E00003D1B0F90440B0F906500289611E1144C9
:1028F000ADF80840ADF80C104189681E0844ADF8E9
:102900000E00ADF80A5001A8FFF722F902A80CF05A
:10291000C5F906E02A462146304600F009F90CF0D8
:102920007FF90028F6D100F099FE7FBD2DE9FF4F19
:10293000DFF8E0B083B01C46DBF80010DDE9106082
:10294000924600274B7C3A461299FFF7C5F90500DD
:102950005DD028698068804703F00CFA81460AFB45
:1029600009F0C01D4FEAD008FFF7C2F8F10705D102
:10297000C11700EB9170801000EB4000002C06DCCA
:102980001838B0FBF8F06442A04200DC0446F007BF
:1029900007D10090DDE903012346524600F0BAFD5D
:1029A0000746002C03DC2846FFF7D2F92FE004FB92
:1029B00008F01830F10702D0FEF7B8FF01E0FEF78B
:1029C000C4FF06001CD0FFF785F80190056003994D
:1029D00081800499C180A0F808A04481C0F80C80CF
:1029E000C0E9049701A8FFF7B3F81298AE60286118
:1029F000DBF80000407CA861304607B0BDE8F08FEE
:102A00002846FFF7A5F917B13846FEF7BDFF0020AD
:102A1000F3E700007C0200202DE9F74F92B09046CA
:102A20001298FFF757F80B90B0F908100691B0F91B
:102A30000A100D9100680069D0F804B00BA8FFF7E8
:102A400087F8384C384D2068407C55F82000C16824
:102A50008A6A082190478146182801D34FF020093F
:102A60002068407C55F820000069079003C80C904E
:102A70002E48814201D0012000E00020109000206B
:102A800000F056FE002849D10026DDE91207B246C3
:102A90000FAB069C4546761C0193FFF75CFE014692
:102AA00004FB0AF001EB8002234629463846CDF8A4
:102AB00000B001F0BDF8050030D01098D0B1DDE9CC
:102AC00006134A46284600F0E5FE98B9DDE906708F
:102AD0002C46D0F810C0BCF1000F05D029460423C5
:102AE0003A460846E04705E00C992068884701C44B
:102AF0007F1EF9D10020CDE903050590012000904B
:102B0000CDE901094146034608F10108069A1398E8
:102B100001F0ECFD0D98401E0D90B6D115B0BDE84A
:102B2000F08F00007C02002094020020AB4D0008D2
:102B3000F8B515460E460746FEF7CCFF0090006834
:102B40001621C068426A0020904704466846FEF796
:102B5000FFFF002C03D02A4631463846A047F8BD77
:102B6000F8B515460E460746FEF7B4FF00904469D7
:102B70006846FEF7EDFF3846FFF7D4FD0346082808
:102B800000DD2CB12A463146384610F0D3F8F8BDA6
:102B90002A463146384610F065FAF8BD10B50028CF
:102BA00021D009B30AB3B1F90040B2F900309C4218
:102BB00000DA23460380B1F90240B2F902309C42A8
:102BC00000DA23464380B1F90440B2F904309C4254
:102BD00000DD23468380B1F90610B2F90620914248
:102BE00000DC1146C18010BD11460A6802604968C8
:102BF000416010BD00280BD003880B4403808388FC
:102C000019448180418811444180C1881144C180A8
:102C10007047000070B5104D0446D5E900018842A8
:102C20000ED10E49884203D1D0E90F12406C03E067
:102C30000C38D0E9001280682160C4E9012006E068
:102C400090E80E0084E80E000FF05CF82860207A0F
:102C5000002800D0012070BDDC030020807B012013
:102C60000448D0E90010814201D1012070470020C2
:102C700070470000DC030020054A10B503491160CD
:102C80000FF056FFBDE8104000F056B9B5E200085D
:102C9000A002002070B50025FFF78EFB094CD4E997
:102CA000002082420AD0D2E9005610460FF034F8D4
:102CB0002060314628460BF0B3FD012500F0CEFC24
:102CC000284670BD800300202DE9FC41154DDDE94B
:102CD00008742D68B5F90860864200DD3046B5F904
:102CE0000C60964200DA3246824219DBB5F90A607E
:102CF0008E4200DD3146B5F90E509D4200DA2B467A
:102D00008B420DDB00E02C46E5682D6825B1042DD3
:102D100002D02568002DF6D1CDE9007402F06EF9DD
:102D2000BDE8FC817C020020B0F90220B1F9063038
:102D30009A4213DCB1F90220B0F906309A420DDC58
:102D4000B0F90020B1F904309A4207DCB1F9001063
:102D5000B0F90400814201DC012070470020704777
:102D60000146024878220068FDF733BC7C0200204F
:102D700070B515460E4604000AD0FFF71DFB2A4623
:102D8000314620460FF016FDBDE8704000F066BCED
:102D900070BD0000024978220968FDF71ABC0000E6
:102DA0007C02002010B5FFF707FB02F059FB02F090
:102DB000B9FD0BF041F8BDE8104000F04FBC000039
:102DC00070B5094D04462868467CFFF7F5FA022CD9
:102DD00003D228684474FFF7E5FF0448046000F05C
:102DE0003DFC304670BD00007C0200202403002022
:102DF00010B50446FFF7E0FA204602F053FBBDE8A9
:102E0000104000F02BBC10B50446FFF7D5FA204661
:102E100002F080FBBDE8104000F020BC0149886052
:102E2000704700007002002010B50446FFF7C4FA96
:102E3000204602F007FC044600F010FC204610BDBE
:102E400070B50446FFF7B8FA04480068C56904B1D4
:102E5000C46100F003FC284670BD00007C02002025
:102E600070B514460D460646FFF7A6FA22462946D7
:102E7000304602F003FC044600F0F0FB204670BD33
:102E800070B50546FFF798FA03480068847E85769A
:102E900000F0E4FB204670BD7C02002070B50C46BB
:102EA0000546FFF789FA094822460580084804804C
:102EB00008480068417C084850F82100C1680B6A46
:102EC00029469847BDE8704000F0C8BBAC0200201E
:102ED000AE0200207C0200209402002070B505465E
:102EE000FFF76AFA03480068047E057600F0B6FB37
:102EF000204670BD7C02002070B50446FFF75CFAE6
:102F000004480068B0F92C50848500F0A7FB2846DF
:102F100070BD00007C02002070B50446FFF74CFA3B
:102F200004480068B0F92A50448500F097FB284611
:102F300070BD00007C02002002480068002800D01C
:102F4000004770479403002002498A6802B98860EC
:102F5000FFF7F2BF8003002010B504000ED0FFF78A
:102F60002BFA20460FF0D6F920460FF09BFE2046A4
:102F7000FEF70AFDBDE8104000F070BB10BD38B58B
:102F80000C46050011D0FFF717FA2846FEF7A2FD00
:102F900000908089204201D0012400E0002468468E
:102FA000FEF7D6FD00F05AFB00E00124204638BDB4
:102FB00038B50546002028600648046844B120461C
:102FC000FEF788FD0090006928606846FEF7C0FDA6
:102FD000204638BD0404002038B504004FF000003E
:102FE0000D46086011D02046FEF774FD00908468FD
:102FF00044B16846FEF7ACFD2046FEF76BFD00903D
:10300000006928606846FEF7A3FD204638BD000031
:103010002DE9F84FDFF89C800546274F98F81800F7
:103020008B46410738680A9E9946407C924607D4F1
:1030300001F076FE04463868407C01F07DFE06E033
:1030400001F07AFE04463868407C01F069FE0027F2
:1030500095B1A0F1010400BFB9EB060000D54042D4
:10306000142806DB5146BBEB0A0000D54042142869
:1030700004DA0120BDE8F88F641EEDE70A464B46EE
:103080005946384600960EF07DFF0C4F4B4652468F
:1030900047F835005946204600960EF073FF07EBBF
:1030A000C50148600FF060FA01210020C8F81C102B
:1030B000E0E70000B00200207C020020847A0120BA
:1030C0002DE9F047524D534E0024E86978B96868FD
:1030D000346000F00501746010F0060F01D000F0BC
:1030E0000500B460F4600FF03FFA0120E861287831
:1030F000C8B100F0D9F8A846286100F0D3F82969D2
:10310000286A81420BDBD8F824204046914206DC35
:10311000836A42699A4202DBC36A9A420DDD4FF02C
:10312000FF3001466FE000F00FF9686100F0BBF876
:103130002878401C2870BDE8F087326898F818009D
:10314000354F8D1A400700283868407C02DB01F0BB
:10315000E7FD01E001F0F0FD401E4543D6E9002007
:10316000B146801A95FBF0F6D8F81420D9F808106B
:1031700098F81800551A400700283868407C02DB90
:1031800001F0DAFD01E001F0CBFD401E4543D9E935
:103190000201081A95FBF0F598F81800400700287E
:1031A0003868407C18DB01F0BBFD81463868407C04
:1031B00001F0C2FDD8F818200146D00704D0A9EBD1
:1031C0000600A0F1010000E03046920702D5491B3D
:1031D000491E18E0294616E001F0AEFD8146386828
:1031E000407C01F09DFDD8F81820D10704D0A9EB50
:1031F0000601A1F1010100E03146920702D5401B12
:10320000401E00E028460FF0BFFC88F8004092E71F
:10321000B0020020847A01207C02002001498861EC
:1032200070470000B0020020074A002806DB002992
:1032300004DB01231372C2E9000101E000201072D7
:10324000014800F003B80000047B012010B50446DB
:103250000C220749FDF70AF9002808D0044894E831
:103260000E000EC02046BDE81040FFF705BD10BDA2
:10327000C87B012030B40A4C2268831A01D5C3F1FF
:10328000000362688A1A00D552421A44022A04DDF9
:10329000C4E9000130BCFFF7C7BF30BC7047000075
:1032A000000300207047704710B52DED048B82B0ED
:1032B0002048808845F21051884236D101221E49AB
:1032C000002003F0B9FF1C48007800F01F0030B365
:1032D000042201A9900103F0AFFF9DF807109DF8AB
:1032E000062001EB022011F0F0F841EC190B9FEDE4
:1032F000130B53EC102B11F04FF941EC180B11F09C
:10330000B7F81049888108468489B4F5F07F02DB5C
:1033100040F2DF1404E0002C02DA002400E0002474
:10332000204602B0BDEC048B10BDD0200AF05CF941
:10333000F7E700001C290020BC000020D88173465C
:1033400094F6D23F0800002010B52DED048B82B01A
:103350002048808845F21051884237D101221E4909
:10336000002003F069FF1C48007800F01F0030B314
:10337000042201A9900103F05FFF9DF805109DF85C
:10338000042001EB022011F0A0F841EC190B9FED95
:10339000130B53EC102B11F0FFF841EC180B11F04C
:1033A00067F81049C8820846C48AB4F5487F02DB32
:1033B00040F21F3405E0002C03DA002401E040F263
:1033C0001F34204602B0BDEC048B10BD90200AF0E3
:1033D0000BF9F7E71C290020BD0000207B14AE4745
:1033E000E17AD43F080000202DE9F041084E044660
:1033F0000568306801682846884707463068416894
:1034000028468847284420603846BDE8F0810000FF
:10341000800200202DE9F0410C4606460025064FAB
:1034200005E0386841683046884706440544641E14
:10343000F7D22846BDE8F081800200202DE9F04156
:103440001E46069C1746884605463A46A8687F1CD5
:103450003346D0F804C041462846E047641EF4D104
:10346000BDE8F08170B5B0F90040091BB0F9044027
:103470008C422CDD00F11404B0F902500069521B9B
:1034800002FB0040CA1800EBE104521ED010B0EB62
:10349000E10501F007034FF0FF0102F0070221FAF6
:1034A00003F0C2F1070201FA02F1CEB221780FD087
:1034B00001436D1E04F8011B002D05DDFF22294686
:1034C0002046FDF7B8F82C4420783043207070BDBA
:1034D00030400143217070BD10B5B0F90030B0F933
:1034E0000240C91A00F114030069121B02FB0030EC
:1034F00000EBE10001F0070302788021D9400A4384
:10350000027010BDB0F90610026951431430FDF786
:103510009AB800002DE9F843804602F10F0000112F
:10352000470003FB07F01C46154689461430FEF79A
:103530000CFA060018D0FEF73FFF3046FEF7CAFA35
:103540000090A0F80080A0F802908580C480074910
:1035500081600121818107616846FEF7F9FA00F078
:103560007DF83046BDE8F8830020FBE7B490010801
:1035700070B5B0F90660B0F904400B6800F11405AD
:10358000964220DD0069A34202FB005000EBE302FB
:1035900019DAA4F101044FEAE400A0EBE30512F804
:1035A000010B03F0070400FA04F0C4B208E055B1BF
:1035B00012F8014B03F10803A5F1010523F00703FD
:1035C000002CF4D008E0002070BD00BF4FEA44603A
:1035D0004FEA106403F101032006F7D5FF2C0AD04F
:1035E000184605E04FEA44644FEA146400F1010014
:1035F0006606F7D400E0D81DC443640706D007E090
:1036000012F8014BFF2C0FD100F108006D1EF7D509
:10361000A0EB030000F101000B6070BD4FEA4462B3
:103620004FEA126400F101002206F7D4F0E738B542
:103630000546FEF7C1FE2846FEF74CFA0090818948
:10364000491E0CB284816846FEF782FA14B92846F6
:10365000FEF79AF900F002F838BD00000348C1688F
:10366000491EC16001D100F05BB87047E402002040
:1036700010B54FF48031002010F064FD04464FF483
:1036800080312046FEF778F98020FEF74BFA024899
:10369000FFF7C4FB10BD0000C47F010870B50446ED
:1036A0004FF47A7060434FF47A71B0FBF1F528461D
:1036B00003F0E6F870BD10B50120FFF7EFFF10BD75
:1036C0000248006890F8320070470000EC000020CB
:1036D00010B503F041F910BD10B5002002F0B4FCA4
:1036E0000149086010BD0000A800002010B50120AD
:1036F00002F0AAFC03490860002002F02FFC0249F6
:10370000086010BDA0000020A400002008B56A4693
:1037100000210248006802F0BDFC08BDA0000020A6
:1037200010B50248006802F02BFD10BDA00000207B
:103730000EB508B102AA00E00022002301A96846E4
:1037400000F0F4FB0EBD0000074910B5CC6818B1BD
:103750000120C860801E03E00020C8606FF07F4039
:1037600000F0B2FE204610BDE403002010B5082A88
:103770000EDC0346012A1AD0022A58D0042A78D037
:1037800010F8042B03F8012B491EF9D1012010BDBC
:10379000102A0ADC0222022AF8D1024630F8043B41
:1037A00022F8023B491EF9D1F0E7002010BD10F8C5
:1037B000042BD207120E491E34D010F8044B491EB8
:1037C00004F0010442EA84122CD010F8044B491E84
:1037D00004F0010442EA441224D010F8044B491EBC
:1037E00004F0010442EA04121CD010F8044B491EF4
:1037F00004F0010442EAC40214D010F8044B491E3C
:1038000004F0010442EA84020CD010F8044B491E73
:1038100004F0010442EA440204D010F8044B04F01E
:103820000104224303F8012B0029C0D1AEE710F8B0
:10383000042B9207120E491E15D010F8044B491E96
:1038400004F0030442EA04120DD010F8044B491EA0
:1038500004F0030442EA840205D010F8044B04F09B
:1038600003042243491E03F8012B0029DFD18DE711
:10387000FFE710F8042B1207120E491E05D010F8AE
:10388000044B04F00F042243491E03F8012B0029C6
:10389000EFD17BE72DE9F0411E680D460446082A6A
:1038A00009DC0746012A21D0022A62D0042A7CD0F2
:1038B000082A1AD195E0102A03DC02200228F8D148
:1038C00002E00020BDE8F081D3F810C02746BCF12B
:1038D000000F04D00A462146022308468AE001CCA4
:1038E000B04727F8020B6D1EF9D18BE001CCB04731
:1038F000C0074FEA10686D1E36D001CCB04748EAC9
:10390000801000F0FF086D1E2ED001CCB04748EAB1
:10391000401000F0FF086D1E26D001CCB04748EAE9
:10392000001000F0FF086D1E1ED001CCB04748EA21
:10393000C00000F0FF086D1E16D001CCB04748EA69
:10394000800000F0FF086D1E0ED001CCB04748EAA1
:10395000400000F0FF086D1E06D001CCB04740EAE1
:10396000080000F0FF086D1E07F8018B002DBDD187
:1039700048E001CCB04780074FEA10686D1E18D0B0
:1039800001CCB04748EA001000F0FF086D1E10D0CF
:1039900001CCB04748EA800000F0FF086D1E08D057
:1039A00001CCB04740EA080000E007E000F0FF0863
:1039B0006D1E07F8018B002DDBD123E001CCB04751
:1039C00000074FEA10686D1E06D001CCB04740EAF0
:1039D000080000F0FF086D1E07F8018B002DEDD1E7
:1039E00010E0D3F810C0BCF1000F05D00A46014624
:1039F00001233846E04705E001CCB04707F8010B4A
:103A00006D1EF9D101205DE70A4810B581690029D2
:103A10000ED101218161FFF72BFE01F0C1FF0549A5
:103A200005481C310860BDE81040084600F030BC75
:103A300010BD000070020020652001087CB506461C
:103A400028480D46006868B100200BF027F906E011
:103A50006A46294630460CF013F80BF0E1F80028CE
:103A6000F6D17CBD106800901F4C50680190226810
:103A7000BDF8000032F84C1F0844ADF80000BDF856
:103A8000020091880844ADF80200BDF804001188D6
:103A90000844ADF80400BDF8060091880844ADF86C
:103AA000060068460BF0FAF80EE000BF2068BDF88B
:103AB00000106A464184BDF80210818429463046D0
:103AC0000BF0DEFF0BF0ACF80028EFD1206830F8E7
:103AD000221F428D891A01804188C28D891A418036
:103AE0007CBD0000A80200207C0200202DE9FF4FD1
:103AF00085B09A4690460D46FEF7BAFB4FF0000996
:103B0000DDF814B006464C4625B128680090686878
:103B1000019002E06846FEF78FFB18F00C0F02D010
:103B20005546002713E0BDF902402DE07F1C2946D1
:103B3000059800F06DFA01466D1A0598FFF76AFCCA
:103B400005990844059005A800F098FA08B9002DD9
:103B5000ECD108F00C00042804D0082802D00C286E
:103B600012D105E0BDF9060007FB1604641C0BE04A
:103B7000BDF90600BDF90210401A07FB1600401CF3
:103B800000EBD07001EB60045546CDF814B043E073
:103B90002946059800F03CFA07460146ED1B0598BA
:103BA00000F00CFA18F003010ED0012939D00229D7
:103BB0000DD1BDF90410BDF90020891A091A01EBD5
:103BC000D17102EB610101E0BDF900108946174A8D
:103BD000401E484412683946A2F822909484ADF8F9
:103BE0000C00A019401EADF80890ADF80E00ADF81D
:103BF0000A4002AA0598FFF721FF39460598FFF70A
:103C000009FC059908440590FEF732FB044405A819
:103C100000F034FA002801D1002DB9D109B0BDE877
:103C2000F08FBDF90410091A491CCFE77C0200206F
:103C30002DE9FF4F00208BB00446014600901998F3
:103C40001D461646016007AB002203A902A800F03A
:103C50006DF918B100200FB0BDE8F08F07988542CC
:103C600000DD05465C4F0A955C493868407C51F898
:103C70002010049109690691FEF7A2FA05903868B0
:103C8000407CFEF749FB56498146884204D055499D
:103C9000894501D0012000E00020099001CE18994B
:103CA000884782465FEA106B71D0009870BB0B9812
:103CB00000EB040848480068B0F90800404503DDFF
:103CC000A0EB0807804600E000270299049801EB6A
:103CD000840101EB8701CDE90010DDE90A010A1832
:103CE0000C9B0892521E19464046FEF7EDFF01203C
:103CF0000090059818280ADA0298DDE9052300EB00
:103D0000840000EB8700E91B00F070F810E00998D0
:103D100070B1029800EB840000EB87070898A0EBD5
:103D2000080849463868884701C7B8F10108F8D142
:103D30002D48C06960B3DDE9020700EB840007EBA2
:103D40008402CDE90202284C361F2B46E469304636
:103D50000299A047FF203168B0EB116F02D10299A0
:103D6000096804E0029A1268B0EB126F01D1039A5D
:103D700011600299361D091D02910399091D0391D5
:103D80006D1EE8D119990120039708601DE01EE01F
:103D9000FFE7BBF1FF0F0ED00298CBF1FF0250F806
:103DA0002410504600F01AFA039941F8240019999A
:103DB0000120086005E00298039950F8240041F8BA
:103DC0002400641C6D1E7FF469AF039843E70399D8
:103DD00041F824A0EBE700007C02002094020020C0
:103DE000AB4D0008A94D0008B40300202DE9F05F99
:103DF0000C1E16DD5E68014600EB8405082A12DC05
:103E0000611E012A28D0022A48D0042A6AD0082A32
:103E100007D1071917F8010DB04745F8040D641EC6
:103E2000F8D1BDE8F09F102AFBDC0222022AF8D16B
:103E30005F693FB12246BC46BDE8F04F02235DF802
:103E400004EB604701EB440737F8020DB04745F833
:103E5000040D641EF8D1E4E700EBE1002D1F10F81B
:103E600001A9814601F00707802020FA07F800BF6A
:103E70000AEA0800C7F10701C840B04745F804093D
:103E80003FB17F1E4FEA4860000E8046641EEFD1AE
:103E9000C7E7072719F801A90120F6E700EBA10001
:103EA0002D1F01F0030710F801A981467900C020F9
:103EB00020FA01F84FF0060B0AEA0800ABEB4701C5
:103EC000C840B04745F804093FB17F1E4FEA8860FB
:103ED000000E8046641EEFD1A3E7032719F801A95D
:103EE0003846F6E700EB610001272D1FA74310F8C5
:103EF00001A98146B900F02020FA01F84FF0040B27
:103F00000AEA0800ABEB8701C840B04745F804094E
:103F10003FB17F1E4FEA0870000E8046641EEFD14D
:103F20007FE7012719F801A90F20F6E72DE9F047EF
:103F3000204C06461F46A06990468946002540B998
:103F40000120A06104F120011B480860084600F030
:103F50009FF9606910B900F0D4FE606107B1386064
:103F60004EB1A06830B960698000FDF737FDA060F0
:103F700000B901253060B9F1000F0AD0E06830B90E
:103F800060698000FDF72AFDE06000B90125C9F8ED
:103F90000000B8F1000F0AD0206930B960698000D4
:103FA000FDF71CFD206100B90125C8F80000284676
:103FB000BDE8F087B4030020ED20010873B5124A74
:103FC00001A900981268904700240090C8B10F49D9
:103FD00000250968C969496959B10A684AB1019956
:103FE00090477CBD6846FFF7FFF90546FEF7FEF8EF
:103FF00004440198401E0190F4D5284600F032F8A0
:10400000044420467CBD0000E00200207C02002029
:1040100073B50D460098002490B10A490968C96932
:10402000496959B14A684AB1294690477CBD6846FA
:10403000FFF7DAF920B10A2802D0641CAC42F6DBA3
:1040400020467CBD7C020020044AB2F900200260B8
:104050000348B0F90000086070470000AC0200207F
:10406000AE02002038B5002469460094FEF7D0F86F
:104070000099814200DD0C1A204638BD016811F814
:10408000012B12B10A2A02D002E001207047016020
:1040900000207047B0F90030B1F90020934200DAF7
:1040A0000280B0F90230B1F90220934200DA428076
:1040B000B0F90430B1F90420934200DD8280B0F9F8
:1040C0000620B1F906108A4200DDC180704770B544
:1040D000B1F90040B2F900309C4200DD2346038074
:1040E000B1F90250B2F90240A54200DD2C464480ED
:1040F000B1F90460B2F90450AE4200DA3546858069
:10410000B1F90610B2F90620914200DB1146C180D8
:104110009D4201DBA14201DA002070BD012070BD8B
:10412000014602480068407C00F002B87C02002092
:10413000F8B501260F46054602284BDA264C5FB338
:10414000012F02D0022F45D116E054F8250088B97E
:104150002846FDF76DFE0090B8B3C0680D21426A95
:1041600068469047020035D039460098904754F889
:1041700025000026401C2BE0FDF75AFE009020B3DE
:10418000C0680D21426A68469047020022D0394635
:104190000098904700261DE054F8250001280FD113
:1041A0002846FDF745FE009050B1C0680D21426AD7
:1041B00068469047020003D0394600989047002691
:1041C00054F8250010B1012101E003E00021401A5C
:1041D00044F825003046F8BD7803002070B5FF2371
:1041E000B3EB116F2CD0C3B213FB02F500F47F4484
:1041F00000F47F0354435343000E10FB02F6C2F158
:10420000FF00CAB212FB005201F47F4505FB0044D7
:1042100001F47F0505FB0033090E11FB0065C2F3B5
:1042200007204FF47F024FF47F4102EA132201EA94
:1042300014214FF07F43084303EA0543104318431A
:1042400070BD2DE9F04F1546DDE90CB90C46064668
:104250004FF0000818E00B9F4FF0FF0A01CE08CC8A
:10426000AAEB106202FB09F2B2FBFAF1CAB21946DC
:10427000FFF7B4FF20F07F4001C57F1EEED1099803
:1042800008F1010804EB8004D845E4D3BDE8F08FC1
:1042900002494A694260486170470000700200208C
:1042A00010B502E000F8011B521E0AB18307F9D1D4
:1042B000930818D001EB014402F0030204EB04243C
:1042C00005E0046044608460C46010301B1F042B50
:1042D000F7DA01E010C05B1E002BFBD103E000BF4A
:1042E00000F8011B521E002AFAD110BD10B5830739
:1042F00002D520F8021B521E530810D001EB0144D6
:10430000042B08DB046044608460C46010301B1F11
:10431000042BF7DA01E010C05B1E002BFBD1D207A3
:1043200000D0018010BD00BFFEE700007CB5044650
:1043300000250020019000905F48008800045F493C
:1043400008600D204860402088600020C8604FF45D
:1043500080600861084603F0BFF959480068009082
:1043600002E0574800680090009800F045000028DF
:10437000F7D0009800F0040028B10325042003F0D2
:104380000BF928467CBD009800F0010028B10125FA
:10439000012003F001F92846F4E703F045F9009005
:1043A00000980D2802D010252846EBE740F2FF5078
:1043B00003F0F2F8002003F051F901900198C0F3E6
:1043C000432020703F490198084008B92846D9E7A2
:1043D000019800F0004008B11C20D3E7019800F0DC
:1043E000804008B10920CDE7019800F0005008B1E5
:1043F0000A20C7E7019800F0805008B10B20C1E700
:10440000019800F0006008B10C20BBE7019800F0B3
:10441000806008B10D20B5E7019800F0807008B108
:104420000E20AFE7019800F4000008B10F20A9E7C3
:10443000019800F4800008B11020A3E7019800F46F
:10444000001008B111209DE7019800F4801008B118
:10445000122097E7019800F4002008B1132091E79B
:10446000019800F4802008B114208BE7019800F433
:10447000003008B1152085E7019800F4803008B1BC
:1044800016207FE7019800F4004008B1172079E773
:10449000019800F4804008B1182073E7019800F4F7
:1044A000005008B119206DE7019800F0080008B12C
:1044B0001A2067E7284665E75000002048290020B9
:1044C000342C014008E0FFFD02490A6808601046EC
:1044D000704700001804002030B5014601F01F04A9
:1044E000C1F34513CA0AE50205EB43151544A8B20A
:1044F00030BD000070B50446002617480588408886
:1045000045431548808846F60401884216D1124872
:104510008079012812D100200F4988712A20488112
:104520002B2088810021084601F006F801200A4965
:1045300088712B2048812A20888103E000210846C9
:1045400000F0FAFF01F018FA002602E003480480A8
:10455000761CAE42FAD370BD1C2900200000086012
:104560000449054A0968497C52F82110096909681B
:10457000084700007C0200209402002010B5044689
:10458000002C52D158498871F02008804FF4A07057
:1045900048800846808849F2413188420BD0524811
:1045A000808846F60401884205D04F48808845F24D
:1045B000103188421AD12C204B4908812A20488189
:1045C0002B2088810846808846F60401884205D061
:1045D0004548808845F21031884206D14FF4A070DA
:1045E000414908804FF4F070488079E03E48808867
:1045F00045F21051884210D14FF430503A490881A9
:104600004FF4285048814FF42C5088814FF4F070BB
:1046100008804FF44870488062E0222032490881C7
:1046200020204881212088815AE001202E4988716C
:104630004FF4A0700880F02048800846808849F236
:104640004131884205D02848808845F2103188429F
:1046500007D12C20244908812A2048812B208881D9
:104660002BE02148808846F60401884207D12C209F
:104670001D4908812B2048812A2088811DE01A4885
:10468000808845F21051884210D14FF430501649BD
:1046900008814FF4285048814FF42C5088814FF402
:1046A000487008804FF4F070488006E022200E49E0
:1046B000088121204881202088810B48808846F687
:1046C0000401884205D00848808845F210318842AC
:1046D00006D14FF4F070044908804FF4A070488070
:1046E000002000F063FD10BD1C2900202DE9F04FD3
:1046F00005468DB07C48DDF860901A9C00681E4627
:1047000017464FF0000A78B11B9B199ACDF8089014
:104710000593CDE90324DDE91623CDE900230468E0
:1047200033463A46284682E0DDE9160201EB0608E8
:1047300005EB070C1043A8F10108ACF1010C0128AE
:1047400006D0C9F108000590002002910890C8E049
:1047500066480268B2F90A30581A002806DD361A8F
:10476000002E65DD1946199B00FB0344B2F90E00CB
:10477000A8EB0000002802DD361A002E58DDB2F941
:104780000C00ACEB0000002800DD3F1AB2F9083045
:104790000020AB4237DD581B3F1A4B46B9F1080FDA
:1047A00028D007DC012B0DD0022B13D0B9F1040F58
:1047B00029D117E0102B1FD0182B20D0B9F1200FD2
:1047C00021D11CE020F0070304EBE0041D4400F0BD
:1047D000070018E020F0030304EBA0041D4400F0E0
:1047E000030010E020F0010304EB60041D4400F01E
:1047F000010008E0044404E004EB400401E004EBA1
:10480000800405440020002F12DD1B9BDDF864C0EE
:10481000CDE90403CDE902C4CDE90069527C3448F6
:104820003B4650F82200C26854680A462946A04711
:104830000DB0BDE8F08F17990298084409902B49F4
:10484000401E00900A68B2F90A30834241DCB2F996
:104850000E10029881423CDB4FF0000BD8460395C6
:104860000B9434E0BBF1000F05D10B984FF0080B0F
:1048700010F801AB0B900599ABEB090B3AFA01F07C
:104880000AFA09F101F0FF0A04D118490968097C04
:10489000890716D415490968C96B0A680C921B9AD6
:1048A0000AB152F82000086016990398009B42183C
:1048B000521E029900F0A0F90C490C980968C96BC6
:1048C00008600399169808F1010808440390B84558
:1048D000C8DB0898401C0890099802901998044475
:1048E0000898B042A7DBA3E7A80200207C020020C2
:1048F00094020020F0B40C4612490968B1F90A305C
:10490000A3421CDCB1F90E30A34218DBB1F9083028
:10491000834200DD1846B1F90C30934200DA1A46A2
:1049200082420CDB4B7C084951F823501346224647
:10493000E9688E6801462846B446F0BC6047F0BC82
:10494000704700007C020020940200202DE9FF4FF8
:1049500084B081468A460020039002900698A0EB1E
:1049600009050798A0EB0A06CDF80490CDF800A041
:10497000002D01DD012705E00DB9002702E04FF011
:10498000FF376D42002E02DD4FF0010806E016B938
:104990004FF0000802E04FF0FF387642B54201DDEB
:1049A0002C4600E034464FF0000B21E0009A91B213
:1049B000019A90B200F056F80398284403900298A8
:1049C000304402900398A04205DD0398001B039039
:1049D0000198384401900298A04205DD0298001B1E
:1049E00002900098404400900BF101001FFA80FBF8
:1049F000601C8345DADD08B0BDE8F08F0A46174930
:104A000030B40968B1F90A30934225DCB1F90E30AF
:104A1000934221DBB1F9083083421DDCB1F90C303F
:104A2000834219DB0B7C0E4CDB0709D0497C54F820
:104A30002130D968CC690146A44630BC184660478D
:104A4000CB6B497C1B6854F82140E1688D690146B5
:104A50002046AC4630BC604730BC70477C0200202A
:104A60009402002030B504460D462946204600F049
:104A700063FD00F081FF024800880249088030BDD4
:104A80000000002000000860124B30B41B68B3F92E
:104A9000084084421CDCB3F90C40844218DBB3F9B3
:104AA0000A408C4200DD2146B3F90E40944200DA00
:104AB00022468A420CDB5C7C074B53F82440E368B7
:104AC000DD6813460A4601462046AC4630BC6047C6
:104AD00030BC70477C0200209402002070B5044670
:104AE0000D4616464248808849F24131884205D039
:104AF0003F48808845F21031884214D13C494889AA
:104B000000F02EFF201200F01FFFE0B200F01CFFAB
:104B10003749888900F024FF281200F015FFE8B219
:104B200000F012FF5DE03248808845F21051884263
:104B300020D12F49488900F013FF201200F004FF14
:104B40002B494989491C88B200F00AFFE0B200F005
:104B5000FBFE2749888900F003FF281200F0F4FECD
:104B600023498989491C88B200F0FAFEE8B200F0B6
:104B7000EBFE36E01E48808846F6040188421DD1CF
:104B80001B488079012804D119480088401E001B69
:104B900084B21749488900F0E3FE201200F0D4FEE9
:104BA000E0B200F0D1FE1249888900F0D9FE281247
:104BB00000F0CAFEE8B200F0C7FE12E00C488079AF
:104BC000012804D10A480088401E001B84B208490D
:104BD0004889214600F0DAFE05498889294600F017
:104BE000D5FE0348008903490880881C068070BDF3
:104BF0001C290020FEFF076038B5134C2468B4F967
:104C00000850854200DD2846B4F90C50954200DA80
:104C10002A46824217DBB4F90A508D4200DD29464C
:104C2000B4F90E509D4200DA2B468B420BDB009309
:104C3000647C064B53F82440E3681D6913460A461A
:104C400001462046A84738BD7C020020940200207F
:104C500008210CF07BBF000002480068806B0068F0
:104C6000704700007C02002002480068C06B0068AA
:104C7000704700007C020020024809210068407C47
:104C80000CF064BF7C02002009210CF05FBF70B5FE
:104C900000252C462046FDF7CBF800B16D1C641CA6
:104CA000022CF7DB284670BD02480068407C00F00B
:104CB00003B800007C02002010B5FDF7B9F8002809
:104CC00005D0C168CA6ABDE810400221104710BD76
:104CD000F8B515460E460124FDF7AAF8009058B124
:104CE000C0680421426A68469047030004D02A46FF
:104CF00031460098984700242046F8BD03210CF067
:104D000025BF03200CF06ABF04210CF01FBF000078
:104D1000024801210068407C0CF018BF7C02002092
:104D200001210CF013BF0000024802210068407C02
:104D30000CF00CBF7C02002002210CF007BF00F039
:104D400001B800002DE9F041002809D0876837B18B
:104D50000D4E716819B10468B4F5807F02DD002042
:104D6000BDE8F0813068844200DD0446002507E09C
:104D700057F82500FFF7F4FB716841F825006D1C1A
:104D8000A542F5DB7068EBE70C0300200449054AF7
:104D90000968497C52F821100969496808470000F0
:104DA0007C020020940200207047704710B500F08C
:104DB0001F01074A074BC0F34514C0F3C4201B5D15
:104DC000105C515C00EB032000EB014010BD0000C3
:104DD0008C8E0108AC8E010810B50A4C606860B971
:104DE00020688000FCF7FAFD606040B104F1080122
:104DF000054808600846FFF74BFA002010BD012067
:104E000010BD00000C030020A52001082DE9F04191
:104E1000FFF73DFF0746002528E02846FDF708F884
:104E200018B32846FDF7CCFF80462846FFF710FF51
:104E3000082817DC0F48104950F8250000698842FF
:104E400010D02846FFF720FF0646002408E0E0B215
:104E5000FFF79CFF0246E1B2284600F0F9FB641C14
:104E6000B442F4DB4046FDF7ABFF6D1CBD42D4DB22
:104E7000BDE8F081940200201090010810B50246B0
:104E8000012000E050430B1EA1F10104E1B2F9D171
:104E900010BD000008B5034800880090BDF8000070
:104EA00008BD0000000008602DE9F04105460E46EF
:104EB00000240027A0464F480088A84203DD4D4843
:104EC0004088B04202DC0020BDE8F081314628462F
:104ED00000F032FB4748808849F2413188420BD0CC
:104EE0004448808846F60401884205D041488088BD
:104EF00045F21031884203D12E2000F031FD0DE043
:104F00003C48808845F21051884204D14FF4385013
:104F100000F026FD02E0222000F022FD35488088C6
:104F200049F22031884202D102200FF029F932489B
:104F3000008800B1002402200FF022F92E480488D6
:104F40002C48808849F2413188420BD0294880881A
:104F500045F21031884205D02648808845F210512C
:104F600088420AD102200FF00BF92348B0F80080E4
:104F7000E7B24FF6FF7000EA07271E48808849F223
:104F80002531884216D01B48808844F2355188422A
:104F900010D018488088091F88420BD01548808897
:104FA0004BF20551884205D0124880884CF20551D9
:104FB000884201D1204687E70E48808849F2413176
:104FC00088420BD00B48808845F21031884205D0CA
:104FD0000848808845F21051884207D1E012C0028B
:104FE000B91240EA411040EAE8206DE72046FFF799
:104FF00073FA69E71C290020000008602DE9FF4FC3
:1050000083B01646DDE910408B46C0684769426AA6
:105010007AB1012111A8904705000AD00698CDE980
:10502000000433465A4603991198A84707B0BDE8D3
:10503000F08F57480068407CFDF7C2F88246082888
:1050400001DC012005E0BAF1100F01DC022000E0D4
:1050500004208046002596E04046B8F1010F05D0B7
:10506000022871D0B8F1040F25D17CE0BAF1090F04
:1050700021D2DFE80AF08605213F3F5959595900EE
:10508000039815E001465A461198B847C5F1070143
:1050900088404FF67F722178EA40114001436D1C31
:1050A000217004EBE50425F00700054109F101003A
:1050B0008146B042E6DD64E0039817E001465A46B7
:1050C0001198B8470621A1EB450188406B004FF6C7
:1050D0003F722178DA40114001436D1C217004EBCE
:1050E000A50425F00300054109F101008146B04205
:1050F000E4DD46E0039813E001465A461198B847AC
:105100000421A1EB850188402178AB000F229A4051
:105110001140014321702C4485F0010509F1010083
:105120008146B042E8DD2CE0DDF80C9007E0014656
:105130005A461198B847207009F10109444448467D
:10514000B145F4DD1DE0FFE7DDF80C9007E0014616
:105150005A461198B847208009F10109444448464D
:10516000B145F4DD0DE0DDF80C9007E001465A464C
:105170001198B847206009F1010944444846B145F7
:10518000F4DD0BF1010B06998B457FF765AF4DE719
:105190007C02002001B5BDF8000000F0E1FB052015
:1051A0000EF0D8FAFFF776FE08BD0000F0B5054610
:1051B00000240027A948807901281ED1A7488088AB
:1051C00046F60401884218D0082D15D2DFE805F014
:1051D0000406080A0C0E101206250DE007250BE048
:1051E000042509E0052507E0012505E0002503E089
:1051F000032501E0022500BF00BF9848808849F2DE
:105200004131884211D09548808846F60401884291
:105210000BD09248808845F21031884205D08F48E3
:10522000808845F2105188427ED1082D1CD2DFE8DB
:1052300005F00406090C0F12151800BF14E044F025
:10524000800411E044F040040EE044F0C0040BE0A0
:1052500044F0200408E044F0600405E044F0A004B9
:1052600002E044F0E00400BF00BF7C48808845F2C3
:105270001051884202D14FF4585700E03627774842
:10528000808845F21031884207D07448808845F202
:105290001051884201D044F008047048808846F6D6
:1052A0000401884201D144F002042146384600F04E
:1052B0006DFB04F0200018B96848807901280DD1F1
:1052C0006648008865494988884214DA6348068838
:1052D000408862490880084646800CE05F480088A4
:1052E0005E494988884206DD5C48068840885B49FB
:1052F0000880084646805948808845F21051884207
:1053000054D15649488900F02BFB002000F01CFBCB
:1053100052494989491C88B200F022FB002000F064
:1053200013FB4E49498900E06FE0891C88B200F008
:1053300017FB4A490988491EC1F30F2000F004FBFE
:1053400046494989C91C88B200F00AFB43490978DB
:10535000491EC8B200F0F8FA4049888900F000FB05
:10536000002000F0F1FA3D498989491C88B200F01B
:10537000F7FA002000F0E8FA38498989891C88B2D8
:1053800000F0EEFA35494988491EC1F30F2000F0BC
:10539000DBFA32498989C91C88B200F0E1FA2F4949
:1053A0008978491EC8B200F0CFFA55E02B494889E8
:1053B00000F0D6FA002000F0C7FA002000F0C4FA8E
:1053C00026490988491EC1F30F2000F0BDFA234980
:1053D0000978491EC8B200F0B7FA2049888900F060
:1053E000BFFA002000F0B0FA002000F0ADFA1B492F
:1053F0004988491EC1F30F2000F0A6FA17498978A1
:10540000491EC8B200F0A0FA26E0082D1CD2DFE841
:1054100005F004070A0D0F12151844F0300413E0CC
:1054200044F0100410E044F020040DE000BF0BE055
:1054300044F0380408E044F0280405E044F018047F
:1054400002E044F0080400BF00BF032744F4805486
:105450002146384600F09AFAF0BD00001C290020D1
:1054600010B50E4C0E492068407C51F8200050B118
:10547000C1680968042903D000680028F8D102E057
:1054800008B1FCF7B0FC20680021016600F10801BA
:105490004161BDE8104000F02FB800007C02002000
:1054A0009402002001490968496808470803002060
:1054B000044909680A7C520701D5C96B00E0896B71
:1054C000086070477C0200207CB5094C05462068C6
:1054D000417C084850F82100C1680A6B6946904732
:1054E00020686A4629460830FEF7F1FD7CBD0000C1
:1054F0007C020020940200200448016804484A7C91
:10550000083150F82200C268126B10477C0200205C
:10551000940200200149096809680847080300202F
:10552000044909680A7C520701D5896B00E0C96B00
:10553000086070477C02002030B504460D464048A4
:10554000808849F24131884205D03D48808845F243
:105550001031884214D13A49488900F001FA2012EA
:1055600000F0F2F9E0B200F0EFF93549888900F077
:10557000F7F9281200F0E8F9E8B200F0E5F95DE08B
:105580002F48808846F6040188421DD12C48807936
:10559000012804D12A480088401E001B84B22849F3
:1055A000488900F0DDF9201200F0CEF9E0B200F0F9
:1055B000CBF92349888900F0D3F9281200F0C4F907
:1055C000E8B200F0C1F939E01D48808845F2105179
:1055D000884220D11A49488900F0C2F9201200F00F
:1055E000B3F917494989491C88B200F0B9F9E0B20A
:1055F00000F0AAF91249888900F0B2F9281200F0E7
:10560000A3F90F498989491C88B200F0A9F9E8B2C9
:1056100000F09AF912E00A488079012804D108487C
:105620000088401E001B84B205494889214600F0CD
:10563000ADF903498889294600F0A8F930BD00007A
:105640001C290020014909688968084708030020CF
:10565000F8B515460E460124FCF7EAFB009058B158
:10566000C0681021426A68469047030004D02A4669
:1056700031460098984700242046F8BDF8B51546F5
:105680000E460124FCF7D4FB009058B1C0680321FA
:10569000426A68469047030004D02A463146009883
:1056A000984700242046F8BDF8B515460E4601245B
:1056B000FCF7BEFB009058B1C0680B21426A6846F7
:1056C0009047030004D02A463146009898470024AA
:1056D0002046F8BDF8B515460E460124FCF7A8FB98
:1056E000009058B1C0680A21426A6846904703009A
:1056F00004D02A4631460098984700242046F8BD39
:105700002DE9F84F0746884616461C46C3462046F4
:10571000E31704EB5373DB1021464FEAE47C04EB00
:105720005C7C4FEAEC0CA4EBCC0CBCF1000F02D07B
:105730004FF0010C01E04FF0000C6344224604EBF3
:10574000D27C4FEA6C0C03FB0CF3DBB20093A6F1A6
:105750002000C6B2002556E00C2C07D106EB46000F
:105760002B4901EB800010F8059013E0102C05D1B7
:10577000284800EB061010F805900BE0182C07D114
:1057800006EBC600244901EB800010F8059001E00B
:10579000BDE8F88F4FF0000A2FE009F0800030B12B
:1057A0001E48028841463846FFF798F907E00A98F4
:1057B00028B91B48028841463846FFF78FF94FEA5F
:1057C00049604FEA106908F101001FFA80F8154896
:1057D0000088B84200DCDBE7A8EB0B00A04208D150
:1057E000D846781C87B20F480088B84200DCCFE763
:1057F00006E00AF1010000F0FF0ABAF1080FCCDB65
:1058000000BF681CC5B200988542A5DB00BFBFE79A
:10581000704C0108E4500108D45601080000002033
:10582000020000201C2900202DE9FF4F81B007460F
:1058300091461E460E9D4FF0000A002439E0301BB1
:10584000401EC1B20A20FFF719FBB9FBF0F00A2194
:10585000B0FBF1F201FB1208BAF1000F16D1701E75
:10586000A04213DDB8F1000F0ED10020AB4605EBCE
:10587000DB71491001FB0471009088B22B46202295
:105880000299FFF73DFF12E04FF0010A0020AB46FE
:1058900005EBDB71491001FB0471009088B208F13F
:1058A0003001CAB22B460299FFF72AFF00BF601CE5
:1058B000C4B2B442C3DB05B0BDE8F08F2DE9F847B0
:1058C00004460D4690469946DDE9096704F0FF0A53
:1058D00008EB04001FFA80F809EB05001FFA80F9B5
:1058E00016E0444502DB5446A81985B24D4500DB5D
:1058F00014E0002000903A78334629462046FFF70E
:10590000FFFE304606EBD07104EB61018CB27F1CC8
:1059100038787E2802DC38782028E2DA00BFBDE83B
:10592000F887000010B5074C2068006BFEF718FEE2
:10593000FFF7F6FD2068406BFEF712FEBDE8104051
:10594000FFF7B6BD7C02002001B5BDF80000009055
:10595000BDF800000149088008BD00000000086093
:1059600001B5BDF800000090BDF8000001490880B5
:1059700008BD0000FEFF0760024800890249088058
:10598000704700001C290020FEFF076003B5BDF82A
:105990000000024A1080901C01800CBDFEFF0760D1
:1059A00008B500231A4665496548FCF7BDF9654806
:1059B000808845F21051884239D162484288018876
:1059C0000020FFF771FE5F48428801880020FFF742
:1059D00081FE5C48807998B940F2B31000234FF4FF
:1059E000F072194600901846FDF712FB40F21F3086
:1059F0000023421C194600900120FDF709FB9BE0A3
:105A00000620FDF70BFC40F2B31000234FF4F072B8
:105A1000194600901846FDF7FBFA40F21F300023AC
:105A2000421C194600900120FDF7F2FA84E0454837
:105A3000808845F21031884205D04248808846F679
:105A4000040188423BD13F48428801880020FFF78B
:105A50002BFE3C48428801880020FFF73BFE394876
:105A60008079A0B9E22040F65B734FF4A072002168
:105A700000900846FDF7CCFAC42040F6ED634FF4E1
:105A8000F072002100900120FDF7C2FA54E00620D8
:105A9000FDF7C4FBE22040F65B734FF4A0720021D7
:105AA00000900846FDF7B4FAC42040F6ED634FF4C9
:105AB000F072002100900120FDF7AAFA3CE0214895
:105AC000428801880020FFF7EFFD1E4842880188C8
:105AD0000020FFF7FFFD1B488079B8B90120FDF7D2
:105AE0009DFB40F63F700090164802889B230021E2
:105AF0000846FDF78DFA40F65F7000901148428825
:105B0000BC2300210120FDF783FA15E00720FDF7F3
:105B100085FB40F63F709B23F02200210090084651
:105B2000FDF776FA40F65F70BC234FF4A0720021B7
:105B300000900120FDF76CFA08BD0000F065010837
:105B4000606401081C29002010B503461446012991
:105B500001D1002010BD4FF0FF3200BF00BF104642
:105B6000F8E700002DE9FF4F8DB01746674ADDF8D2
:105B700070901E9E209812681D4600248AB11D9BBD
:105B80001F98CDE90293CDE90460DDE91A03CDE960
:105B9000000314682B463A460D98A04711B0BDE8A3
:105BA000F08F0D9A01EB050802EB070CDDE91A23D3
:105BB0001A43A8F10108ACF1010C012A06D0C9F181
:105BC00008004FF0000B029105909CE0504A1268CB
:105BD000B2F90A40631A002B06DDED1A002DDDDD57
:105BE00021461D9C03FB0466B2F90E30A8EB0303AB
:105BF000002B02DDED1A002DD0DDB2F90C30ACEB3C
:105C00000303002B00DDFF1A0D9B1C1AB2F90830AC
:105C1000A3420DDDA3EB040C0CEB0003181A20F0DB
:105C200007000444A7EB0C0706EBE30603F00700AC
:105C3000002FB3DD1F9BDDF874C0CDE9040303968C
:105C40008DE82012527C33483B4650F82200C2684F
:105C500055680A462146A847A0E71B9902980844C0
:105C600009902B49401E03900A68B2F90A3083421A
:105C700043DCB2F90E10029881423EDB4FF0000A7D
:105C80000D980B96D046009035E000BFBAF1000F9A
:105C900005D10B984FF0080A10F8014B0B900599AD
:105CA000AAEB090A34FA01F004FA09F4E4B204D1C7
:105CB00017490968097C890717D415490968C96B10
:105CC0000A680C921F9A0AB152F8200008600099E5
:105CD0001A980A180846DDE90213521EFEF78CFFD7
:105CE0000B490C980968C96B086000991A9808F16B
:105CF000010808440090B845C8DB099802901D9837
:105D00000BF1010B0644AB45A7DB47E7A8020020D7
:105D10007C02002094020020002818D0410817D0EF
:105D2000810817D0C10817D0010917D0410917D031
:105D3000010A17D0410A17D0010B15D0C10B13D09F
:105D4000010C11D0810C11D0000E11D02020704711
:105D500001207047022070470320704704207047DD
:105D600005207047082070471020704712207047A8
:105D70001820704700B50022FFF7CEFF012804D09D
:105D8000811E062903D808220BE0012209E0A0F1B8
:105D90000901072901D8102203E011380F2800D883
:105DA0002022104600BD00001CB50121084601F06C
:105DB000B1FA2220009001208DF8040000208DF817
:105DC000060003208DF8050001208DF807006946C4
:105DD0000348FBF799FB22210148FBF700FC1CBD9F
:105DE0000000024000BFFEE77047000070B50021D0
:105DF00000230F22C4781CB3174C246804F4E06419
:105E0000C4F5E064C4F30721C1F10404E3B20A411C
:105E100044789C40E1B28478144021430C07210E61
:105E20000E4C05786155047804F01F050124AC4040
:105E300005786D11AD0005F1E025C5F8004109E0D8
:105E4000047804F01F050124AC40054D0678761156
:105E500045F8264070BD00000CED00E000E400E0D5
:105E600080E100E002490143024A116070470000EE
:105E70000000FA050CED00E010B500F013F800F09A
:105E8000FDFE00F025FF00F045FF00F0CDFE00F024
:105E90008DFE00F0D9FF00F07DFF00F0A3FF00F0C1
:105EA00002F810BD7047704706480078012808D1F5
:105EB00005480078FF2804D203480078401C0249B6
:105EC00008707047E6000020D900002010B50024BB
:105ED0001A480078012830D1FAF7F6F90446184834
:105EE000007820B116480078401E15490870144803
:105EF0000078F8B913480078E0B901F007F81248C3
:105F00001249097850F82100114908600F480078BB
:105F10001049097888420DD00D480068806B401CFC
:105F20000B49096888630C480068401C0A490860EE
:105F3000FAF7EAF92046FAF7CBF910BDE60000209F
:105F4000D9000020DA000020D0730120DC000020FE
:105F5000F4000020DB000020C000002070B50546E2
:105F600000260F48007808B1002070BDFAF7ACF9A0
:105F700006460C480468006820B10A48006840687A
:105F8000084908603046FAF7A3F93CB101202070B7
:105F9000002020816560204600F0FAFD2046E4E7FD
:105FA000D9000020C400002010B500240B48007860
:105FB000012811D1FAF788F904460948007840B958
:105FC00008480078FF2804D206480078401C05499C
:105FD00008702046FAF77CF910BD0000E6000020AA
:105FE000D9000020DA00002010B500241348007802
:105FF000012821D1FAF768F9044611480078C0B1A8
:106000000F480078401E0E4908700846007860B9B5
:106010000C48007828B92046FAF75AF900F03CFFFE
:106020000AE02046FAF754F906E02046FAF750F95C
:1060300002E02046FAF74CF910BD0000E60000200F
:10604000DA000020D900002070B5054600260F4870
:10605000007808B1002070BDFAF736F906460C4802
:106060000468006820B10A48006840680849086070
:106070003046FAF72DF93CB103202070258100202D
:106080006060204600F084FD2046E4E7D90000204F
:10609000C40000202DE9F04105460E4614460027B5
:1060A0002878032803D001202070BDE8F081314812
:1060B000007810B102202070F7E72F48007810B167
:1060C0000D202070F1E7FAF7FFF80746288940B164
:1060D0002889401E28813846FAF7FAF800202070F7
:1060E000E3E72648006890F8300040F001002349BB
:1060F000096881F8300000202049096881F83100E2
:106100001E480068C662284600F004FD3846FAF7CB
:10611000DFF800F0C1FEFAF7D7F807461748006825
:1061200090F8310020B1012809D0022806D102E000
:10613000002020700BE00E20207008E000BF2946F0
:106140000E48006800F0D0FC0A20207000BF00BF9D
:1061500000200A49096881F830000849096881F877
:10616000310006490968C8613846FAF7B1F800BF3E
:106170009BE70000D9000020DA000020EC0000209E
:1061800070B5044600252078032801D0012070BD99
:10619000FAF79AF80546A07A60B100230122194661
:1061A000204600F05FFC2846FAF792F800F074FEF3
:1061B0000020ECE720894FF6FF71884207D2208942
:1061C000401C20812846FAF783F80020DFE72846A4
:1061D000FAF77EF83320DAE710B50B48007890B96B
:1061E00000F094FE094800780949087009480749F9
:1061F000097850F8210008490860084600680749F6
:106200000860FAF768F810BDE6000020DC00002006
:10621000DB000020D0730120F4000020EC000020FF
:1062200010B50024022000F02BFBFAF74DF80446CD
:1062300000200B4908602046FAF74AF8642000F075
:106240001FFBFAF741F80446054800680549086055
:106250000120054908702046FAF73AF810BD000001
:10626000E8000020D0000020D80000207047000087
:106270002DE9FE4F06460F4690461C464FF000099A
:10628000FAF722F881461F48007828B14846FAF705
:106290001FF83C20BDE8FE8F1B4850F8240060BB6F
:1062A0000120194941F824004846FAF711F8002363
:1062B00042463946304600F0B5F98246002000904B
:1062C00001900346024651460290204600F034FEFB
:1062D000054635B90D48007801280CD100F0DCFDE9
:1062E00009E0F9F7F1FF81460020074941F8240051
:1062F0004846F9F7EDFF2846CCE74846F9F7E8FFAE
:106300002820C7E7D9000020D0730120E600002034
:106310002DE9F04F85B081468A4693461C46DDE95B
:106320000F78129D00200390F9F7CEFF03902348C9
:10633000007830B10398F9F7CBFF3C2005B0BDE8F9
:10634000F08F1F4850F8240088BB01201C4941F8F9
:1063500024000398F9F7BCFF2A464146384600F06E
:1063600007FF2B465A465146484600F05BF9049019
:106370001198CDE9008002953A4620460E9B04997B
:1063800000F0DAFD064636B90E48007801280CD137
:1063900000F082FD09E0F9F797FF0390002008491B
:1063A00041F824000398F9F793FF3046C6E7FFE76A
:1063B0000398F9F78DFF2820C0E70000D9000020DE
:1063C000D0730120E6000020704700002DE9F04165
:1063D000054600274748007810B14020BDE8F0810D
:1063E0003F2D01D13E20F9E7F9F76EFF0746FF2D5B
:1063F00003D14148006890F83250404850F8254099
:1064000024B93846F9F764FF4320E7E7012C04D1AB
:106410003846F9F75DFF3D20E0E714F8340F3849BE
:10642000085C617888432178354A505414F834095F
:106430001146085C30B994F8361032480078884329
:1064400030490870E06918B12046E16900F04CFB62
:10645000666A16B1304600F0D5FB0020E06284F891
:10646000300084F8310028480078FF2804D22648FC
:106470000078401C244908703846F9F729FF00F0DD
:10648000F0FAF9F721FF07461F48007820B11E48AF
:106490000078401E1C490870204600F041F81B4857
:1064A0000078401E194908700020144941F8250061
:1064B000A06930B900206169886115496069086088
:1064C00005E0D4E905014861D4E905108861114867
:1064D000006860610F4804600FA0E0643846F9F777
:1064E000F7FE0E480078012801D100F0D5FC00200D
:1064F00074E70000D9000020EC000020D0730120D8
:10650000DE000020DD000020DA000020E70000208F
:10651000F8000020F00000203F000000E60000200E
:10652000704770472DE9F04106460F4614464FF07C
:1065300000081548007818B112202070BDE8F081DD
:10654000F9F7C2FE8046FF2E03D11048006890F88C
:1065500032600F4850F826502DB94046F9F7B8FE82
:1065600043202070EAE7012D05D14046F9F7B0FE3F
:1065700043202070E2E7EF644046F9F7A9FE0020CF
:10658000207000BFDAE70000D9000020EC000020F6
:10659000D0730120704770472DE9F04707460D463C
:1065A0004FF0000A002028606860F9F78DFE8246EF
:1065B000FF2F03D11948006890F83270184850F83E
:1065C00027402CB95046F9F783FE4320BDE8F087F9
:1065D000012C04D15046F9F77BFE4320F6E7207CDE
:1065E00000F0010020B95046F9F772FE4520EDE7B2
:1065F0000026D4F80C90D4F808805046F9F768FECD
:1066000000E0761C58F8041B0029FAD0B00028607E
:10661000A9EB0600800068600020D7E7EC000020AE
:10662000D073012070B5044610460026051F284689
:106630002E604FF48056051F28462E601526051F34
:1066400028462E601426051F28462E601326051F97
:1066500028462E601226051F28462E601126051F8B
:1066600028462E601026051F28462E600926051F85
:1066700028462E600826051F28462E600726051F7F
:1066800028462E600626051F28462E600526051F73
:1066900028462E600426051F28462E600326051F67
:1066A00028462E600226051F28462E600126051F5B
:1066B00028462E600026051F28462E604FF0807564
:1066C0000560051F28462C60414E051F28462E6098
:1066D0004FF01236051F28462E604FF00336051F77
:1066E00028462E604FF00236051F28462E60761091
:1066F000051F28462E60051F284629603126051FE4
:1067000028462E603026051F28462E602926051FA4
:1067100028462E602826051F28462E602726051F9E
:1067200028462E602626051F28462E602526051F92
:1067300028462E602426051F28462E602326051F86
:1067400028462E602226051F28462E602126051F7A
:1067500028462E602026051F28462E601926051F74
:1067600028462E601826051F28462E601726051F6E
:1067700028462E601626051F28462E604FF011363B
:10678000051F28462E604FF01036051F28462E6044
:106790004FF00936051F28462E604FF00836051FBA
:1067A00028462E604FF00736051F28462E604FF012
:1067B0000636051F28462E604FF00536051F284671
:1067C0002E604FF00436051F28462E6070BD000075
:1067D000957000082DE9F04105464FF00008F9F7E3
:1067E00073FD8046FF2D05D12048006890F8325097
:1067F000012608E01D48006890F83200A84201D147
:10680000012600E000261A4850F825402CB94046E1
:10681000F9F75EFD4820BDE8F081012C04D1404627
:10682000F9F756FD4320F6E794F834701148C05D3F
:1068300094F8351088430F49C8550846C05D30B9F3
:1068400094F836100C48007888430B49087094F887
:10685000300040F0080084F830004046F9F738FD79
:10686000012E01D100F018FB0020D4E7EC0000203D
:10687000D0730120DE000020DD0000207047000002
:1068800070B5054600261748007800B170BD16485F
:10689000007800B1FAE71DB3F9F716FD0646134874
:1068A000006890F834401248005D1049096891F87A
:1068B000351088430E4908550846005D40B90B481D
:1068C000006890F836100B48007888430949087032
:1068D00006480068C5623046F9F7FAFC00F0DCFAB9
:1068E00000BFD3E7D9000020DA000020EC00002030
:1068F000DE000020DD0000202DE9F04105460E46B7
:1069000017461C461248007810B15520BDE8F081AA
:106910001048007808B13220F8E74FF47A706043ED
:106920004FF47A71B0FBF1F14FF461606843C6EB4C
:10693000061200EB8200384400EB4002C2EBC010AC
:1069400001EBC0084046FFF79BFF0020DEE7000098
:10695000D9000020DA00002070B50025F9F7B4FC5A
:106960000546034804682846F9F7B2FC204670BD86
:106970000401002070B5002600F072F8F9F7A4FCBD
:10698000064631480068401C2F4908603046F9F738
:106990009FFC2E480078012853D12D48007820B163
:1069A000012804D0022809D103E001250BE00025CD
:1069B00009E0012501202649087004E00125002096
:1069C0002349087000BF00BF05B970BD21480468A5
:1069D00033E0F9F779FC0646E06A50B3E06A401EFE
:1069E000E062E06A28BB94F8300000F0370040B164
:1069F00014F8300F00F0C800207001206070303CA7
:106A000002E0002084F8310094F8300000F0080023
:106A100078B93434A0781049097808430E490870D1
:106A200020780E49085C6178084314F834190B4A41
:106A3000505464693046F9F74BFC94F832003F2813
:106A4000C7D100BFC1E7000004010020E60000201C
:106A5000FC000020F8000020DD000020DE00002007
:106A6000704770472DE9F04F05460F46904699460E
:106A7000A87A19490E5C05F10B00805D11F800B091
:106A80000BEBC60000F0FF0A144850F82A40002023
:106A90002034E0602760207C20EA0800207484F81D
:106AA0001190207C203C00F0080068B994F8360072
:106AB0000B49097808430A4908700A48805D94F830
:106AC00035100843074988552946204600F00CF840
:106AD0005046BDE8F08F000094640108D073012097
:106AE000DD000020DE00002010B590F8342001F118
:106AF0000B039B5C90F83540A34301F10B04A354B6
:106B000023469B5C23B98B7A90F83640A3438B7263
:106B100010BD000010B51B4A1268D061194A1268F6
:106B200092F8343000F10B02D25C164B1B6893F8DC
:106B300035301A43134B1B6893F8344000F10B03B4
:106B40001A55827A0F4B1B6893F836301A438272BB
:106B50000C4A126892F834100B4A525C094B1B68BD
:106B600093F835309A43084B5A541A46525C42B94E
:106B7000044A126892F83630044A12789A43034B5A
:106B80001A7010BDEC000020DE000020DD000020A7
:106B9000014600228A72002005E0002301F10B0269
:106BA0001354421CD0B20828F7D370472DE9F041A6
:106BB0005021114800F03EF900250DE0681C86B216
:106BC0000D4800EB051400EB0617002020706760ED
:106BD0000AA0E060681C85B2042DEFD3064800EBE4
:106BE000051400202070606004A0E06002480449A1
:106BF0000860BDE8F0810000806F01203F000000C8
:106C0000C800002030B501464A6808682AB9CC6837
:106C1000606028B10025456002E0106000B142606C
:106C20008B6800255D6230BD70B5C821114800F049
:106C300001F900230FE0581C85B203EB83000D49D6
:106C400001EB800405EB850001EB8006002020703D
:106C50006660581C83B2092BEDD303EB8300054912
:106C600001EB800400202070606008460249086043
:106C700070BD0000B86E0120C400002000200A4949
:106C800008600A4908700A4908700A4908700A49E8
:106C900008700A4908600A4908600A4908600A49F8
:106CA00008600A490870704704010020D9000020DC
:106CB000DA000020E7000020E6000020C0000020ED
:106CC000E8000020D4000020D0000020D8000020E0
:106CD00000210A4A1170002004E00021084A1154E2
:106CE000411CC8B20828F8D30021064A1170064A90
:106CF0001170064A1160064A11607047DD000020DD
:106D0000DE000020DB000020DC000020F40000207A
:106D1000EC00002070B54FF47C71194800F08AF83F
:106D20004FF48071174800F085F8002413E0601CD0
:106D3000C5B2C4EBC40000EB4000114901EB800375
:106D4000C5EBC50000EB400001EB80065E610EA0C4
:106D5000D864601CC4B20B2CE9D3C4EBC40000EBB4
:106D60004000074901EB80030020586106A0D86469
:106D700000200649086002480549086070BD00000F
:106D8000D0740120D07301203F000000F8000020E3
:106D9000F000002000B587B00320002180220A4BBC
:106DA000CDE90132CDE903104FF6FF703F23074ACA
:106DB00000900748FFF7ACFA06AA06A13F20FFF7AC
:106DC000B1FB07B000BD0000D0710120CC730120E1
:106DD0006D70000875432F4F532D49492049646C4D
:106DE0006500000000B587B00320002180220A4B17
:106DF000CDE90132CDE903104FF6FE703E23074A7C
:106E000000900748FFF784FA06AA06A13E20FFF784
:106E100089FB07B000BD0000D06F0120CC710120BC
:106E2000AD70000875432F4F532D494920537461AD
:106E30007400000004E0002200F8012B4A1E91B209
:106E40000029F8D1704700002DE9F0417821104861
:106E5000FFF7F0FF00240DE0601C86B204EB440055
:106E60000B4901EBC00506EB460001EBC0072F60A4
:106E7000601C84B2042CEFD304EB4400044901EB02
:106E8000C00500202860084602490860BDE8F0817E
:106E9000C07801200001002010B50024F9F714FA91
:106EA000044613480078F8B912480078E0B900F0B9
:106EB0002DF811481149097850F82100104908604F
:106EC0000E4800780F49097888420DD00C480068B8
:106ED000806B401C0A49096888630B480068401CA5
:106EE00009490860F9F709FA2046F9F7F1F910BDE8
:106EF000D9000020DA000020D0730120DC0000203F
:106F0000F4000020DB000020C00000200649074AF2
:106F10001278885C0649095C034A515C01EBC001A8
:106F2000044A11707047000094640108DD000020DD
:106F3000DE000020DC0000202DE9F84F05460F465A
:106F400090469946DDE90AAB00200090F9F7BCF9BC
:106F500000903F480468002C74D0183454F8040C96
:106F60003B4908600098F9F7B3F944F8187CA57616
:106F7000002020766076606144F814BC44F80CACC4
:106F800044F8108C0C9824F8080C24F8069C002077
:106F9000E077E810207705F00700E076217F0120F8
:106FA0008840A077E17E0120884060770020606003
:106FB000E060A0602062A0626062E062206325A0C1
:106FC0006063183C002606E0002104F1500040F800
:106FD0002610701CC6B2002EF6D02046FFF746F9E8
:106FE0002046FFF7F1F9F9F76FF900901A4840F8D9
:106FF00025401A48006860610020A06117480068B9
:1070000010B1164800688461144804603434A078D4
:107010001349097808431249087020781149085C1F
:107020006178084314F834190E4A50540E48007819
:10703000401C0D4908700098F9F74AF90020BDE896
:10704000F88FFFE70098F9F743F94220F7E70000CF
:10705000F00000203F000000D0730120F800002065
:10706000DD000020DE000020E7000020002400BF3B
:1070700000BFF9F729F9044605480068401C044997
:1070800008602046F9F724F9FFF74BFAF1E7000012
:10709000E800002010B504480068FFF77BFAFF20E5
:1070A000FFF794F910BD0000EC000020002400BFA1
:1070B00002E0C820FFF7E4FB194800780028F8D068
:1070C000184800686421B0FBF1F0164908600846D2
:1070D000006828B9002014490870FF20FFF77AFBE8
:1070E00000BFF9F7F1F8044610480068104908603D
:1070F00000200E4908602046F9F7EAF80C480068BD
:1071000008490968B0FBF1F0C0F164000649087055
:10711000FFF741FA00F00EF86420FFF7B1FBE0E75B
:10712000D8000020D0000020CC000020E800002083
:10713000D40000207CB5002514E069462846FFF7FE
:107140002BFA064666B9094850F8254044B1012C8F
:1071500006D0D4E9020100EB810060640198A064CC
:10716000681CC5B23F2DE8D97CBD0000D07301205A
:1071700002F0010343B102F002032BB102E0491E09
:10718000002308C00029FAD1704700000EB5002086
:1071900002900121062000F0BDF80220009000209E
:1071A0008DF8040001208DF8070069461B48FAF7A6
:1071B000ABF94FF40050009001208DF8040003203B
:1071C0008DF8050000208DF8060069461448FAF78E
:1071D0009BF9F9F7BFFC00201249086064200CF00D
:1071E00091FA01201049C1F8B40264200CF08AFA27
:1071F000012000F052F8012202A94FF4506000F083
:107200001BF89DF8081009A0F9F7C4F89DF80800CC
:10721000802801D100200EBD0120FCE700040240BF
:1072200000080240B4024142000041424354502051
:1072300049443A25780D0A002DE9F04105460F46EC
:107240001646F9F743FDB220F9F70EFDF9F788FD70
:107250002812F9F709FDF9F783FDE8B2F9F704FD03
:10726000F9F77EFDF9F732FDB320F9F7FDFCF9F7E8
:1072700077FD00240BE0711EA14201D0012100E046
:1072800000210846F9F7BCFC3855601CC4B2B44272
:10729000F1DBF9F741FDBDE8F08138B50446002087
:1072A00000900CB180200090012269464FF450609C
:1072B00000F001F838BD2DE9F04104460E461746AE
:1072C0004FF00008F9F702FDB220F9F7CDFCF9F70D
:1072D00047FD2012F9F7C8FCF9F742FDE0B2F9F7D3
:1072E000C3FCF9F73DFD00250BE0705DF9F7BCFC30
:1072F000F9F736FD8046B8F1000F00D003E0681CB6
:10730000C5B2BD42F1DB00BFF9F706FD4046BDE85E
:10731000F081000029B1064A12680243044B1A604A
:1073200004E0034A12688243014B1A607047000070
:107330003038024029B1064A12680243044B1A60F1
:1073400004E0034A12688243014B1A607047000050
:107350003838024029B1064A12680243044B1A60C9
:1073600004E0034A12688243014B1A607047000030
:107370004438024029B1064A12680243044B1A609D
:1073800004E0034A12688243014B1A607047000010
:1073900024380240F0B500210022002402250026F6
:1073A0000223324F3F6807F00C0121B1042905D0B8
:1073B000082937D105E02E4F076036E02D4F0760D2
:1073C00033E02A4F3F1F3F68C7F38056274F3F1FC8
:1073D0003F6807F03F036EB1264FB7FBF3F7DFF8C6
:1073E0008CC0ACF1040CDCF800C0CCF3881C07FBAB
:1073F0000CF40CE01E4FB7FBF3F7DFF870C0ACF1F4
:10740000040CDCF800C0CCF3881C07FB0CF4174F0D
:107410003F1F3F68C7F301477F1C7D00B4FBF5F7B2
:10742000076002E0124F076000BF00BF0F4F3F68C8
:1074300007F0F0010909104F7A5C0768D7404760F0
:107440000A4F3F6807F4E051890A0B4F7A5C47689E
:10745000D7408760054F3F6807F46041490B064FEE
:107460007A5C4768D740C760F0BD0000083802402A
:107470000024F40000127A005E0000207CB505466E
:10748000002400200090019000F0E8F800F0007067
:1074900010B10E2420467CBD3D49098888B269465A
:1074A000F9F744FF04460CB12046F4E7012D36D12C
:1074B000019800F4802000282ED035480088000470
:1074C0003449086037204860402088600020C86048
:1074D000A8020861084600F0FFF83720F9F784FC9D
:1074E00004460CB12046D6E702202A49086006204F
:1074F0004860402088600020C8604FF480600861C8
:10750000084600F0E9F80620F9F76EFC04460CB1D5
:107510002046C0E72046BEE725242046BBE7019869
:1075200000F4803078B31A480088000419490860D4
:1075300037204860402088600020C8604FF4806099
:107540000861084600F0C8F83720F9F74DFC0446FA
:107550000CB120469FE700200E49086006204860D5
:10756000402088600020C8604FF4806008610846B1
:1075700000F0B2F80620F9F737FC04460CB12046BB
:1075800089E7204687E7FFE72524204683E70000B8
:107590005000002048290020014908607047000081
:1075A000382C01400149086070470000382C014028
:1075B0000149086070470000A08025420146034A47
:1075C000106820F0FF00084310607047042C014051
:1075D00001490860704700008C85254200210B4B53
:1075E00002681A601B1D42681A601A1D116821F09A
:1075F000F701D0E902231A4303691A4343691A4386
:107600001143024A0832116070470000242C0140E7
:1076100010B50121C802FFF7ADFE00214FF4006054
:10762000FFF7A8FE10BD000001480068C0B2704717
:10763000102C014001460020034A12680A400AB19A
:10764000012000E000207047342C0140024800680F
:1076500000F0030070470000002C014008B501460F
:10766000002000900248084400900098006808BD7F
:10767000142C014010B500F049FC10BD29B1064A98
:1076800012680243044B1A6004E0034A1268824302
:10769000014B1A60704700003C2C014000210A4A4F
:1076A000116847F6FF629143027D83681A4343687D
:1076B0001A43C3681A4303681A4303691A43114300
:1076C000014A116070470000042C01400148006825
:1076D00070470000802C01400021094B02681A60AD
:1076E0001A1D11686FF30A01D0E901231A43C36818
:1076F0001A4303691A431143014A121D116070476E
:10770000082C01400149086070470000002C01402E
:1077100070B590B004460E46154600BF1A48F9F7FA
:10772000F2FC0028FAD11848F9F736FC4FF0006057
:10773000019016480290039404950020059006904D
:107740004FF480600790800008908000099000202E
:107750000A904FF440300B9004200C9003200D90C1
:107760004FF400000E9080100F9001A90648F9F721
:10777000D5FC20210448F9F7BBFC01210248F9F7A8
:10778000FFFB10B070BD000058640240802C014027
:1077900070B50446002520480078032802D127252B
:1077A000284670BD1C48007838B11B480078012875
:1077B00003D01948007802282CD1B4F5805F02D19B
:1077C00027252846EDE7B4F5006F13D10120FFF718
:1077D00055FE0546F5B90020104908750860486057
:1077E00088604FF40060C860002008610846FFF719
:1077F00055FF0FE00020FFF741FE054655B9002078
:1078000006490875086048608860C86008610846D5
:10781000FFF744FF2846C4E74C0000203029002031
:10782000F0B5014600200022BE4B1B7881F856308F
:10783000BD4B1B88A1F85430BC4B1B681A0E930932
:107840000B70C2F383034B7002F003038B70B74BD2
:107850001B68C3F30742CA70B44B1B88C3F30722EB
:107860000A71B24B1A784A715B681A0E1301CB8009
:10787000AE4B5B68C3F30742CB8843EA1213CB805D
:1078800002F00F030B72A94B9B88C3F30722D309A5
:107890004B72C2F380138B72C2F34013CB72C2F3EC
:1078A00000130B7300234B739E4B1B783BB19D4B16
:1078B0001B78012B03D09B4B1B78032B4FD19307D5
:1078C0001B0D0B61994B1A790B6943EA82030B611B
:1078D000964B9B681A0E0B6943EA92130B61C2F335
:1078E000C2030B7502F007034B75904B9B68C3F303
:1078F000074253098B75C2F38203CB7593075B0F65
:107900000B768A4B1B89C3F307220B7E43EAD21303
:107910000B760B695B1C0024C1E912340B7ED1E9A4
:1079200012569B1C012404FA03F3DC17A5FB037C0D
:1079300006FB03C305FB0433C1E912730C7A012370
:10794000A3400B650024D1E912650B6DA6FB037CF7
:1079500005FB03C306FB0433C1E912732EE0714B30
:107960001B78022B2AD1714B1A7993069B0A0B6163
:107970006E4B9B681A0E0B6943EA02230B616B4B3B
:107980009B68C3F307420B6913430B61674B1B8969
:10799000C3F307220B695B1C4FF40074A3FB04467E
:1079A0004FF480630025A4FB037C06FB03C304FBA8
:1079B0000533C1E912734FF400730B65C2F38013F2
:1079C00001F8193F93065B0E4B70584B1A7A4B78AF
:1079D00043EAD2134B7002F07F038B70534BDB688A
:1079E0001A0ED309CB70C2F341130B71C2F3820399
:1079F0004B7193071B0F8B714C4BDB68C3F3074232
:107A00008B7943EA92138B71C2F34013CB7100233D
:107A10000B7202F001034B72444B9B89C3F30722A4
:107A2000D3098B72C2F38013CB72C2F340130B7372
:107A3000C2F300134B73C2F381038B7302F0030391
:107A4000CB733A4B1A7B53080B7401234B74384B9E
:107A50001B681A0ECA741939354B1B68C3F30742E9
:107A60001402CC85324B1B88C3F30722CB8D134302
:107A7000CB852F4B1A7814060C635B681A0E0B6BC0
:107A800043EA02440C632A4B5B68C3F307420B6B67
:107A900043EA02240C63264B9B88C3F307220B6B3B
:107AA00013430B63224B1A7934235A54204B9B689F
:107AB0001A0E35235A541E4B9B68C3F30742140613
:107AC0008C631B4B1B89C3F307228B6B43EA024475
:107AD0008C63174B1A7A8B6B43EA02248C63144B2A
:107AE000DB681A0E8B6B13438B63114BDB68C3F39C
:107AF00007423C235B5C43EA12143C235C541307AB
:107B00001C0DCC870A4B9B89C3F30722CB8F1343F1
:107B1000CB87074B1A7B540840235C540124412334
:107B20005C54F0BD4C00002050000020742900205F
:107B3000842900203EB5002401213E48FFF7EAFBDE
:107B40000121C802FFF706FC0121C802FFF712FC61
:107B50004FF47C50019002208DF808008DF8090048
:107B600001208DF80B0001A93348F9F7CDFC042062
:107B7000019001A93148F9F7C7FC0C2208212E48D1
:107B8000F9F70AFD0C2209212B48F9F705FD0C2213
:107B90000A212948F9F700FD0C220B212648F9F7A4
:107BA000FBFC0C2211462448F9F7F6FC0C220221BA
:107BB0002248F9F7F1FC00214FF40060FFF7DAFBEF
:107BC00000F00AFDFFF724FD31208DF800000020B1
:107BD0008DF801008DF8020001208DF80300684641
:107BE000FEF704F900F0CEF8044614B900F02CF8C2
:107BF00004461CB91248FFF713FE044634B9104975
:107C0000B1F85410080400F003FD044624B94FF401
:107C10000060FFF7BDFD04461CB10A480078032848
:107C200006D10020FFF7CAFC002000F00BFD04463F
:107C300020463EBD0C00400000080240000C0240FF
:107C4000982900204C00002038B500240120009025
:107C5000FFF7FCFC10B92524204638BD44480078C5
:107C6000042828D000204349086002204860C02032
:107C700088600020C8604FF4806008610846FFF704
:107C80002BFDF9F7C7F804460CB12046E5E70020C4
:107C9000FFF7E4FC384908600420FFF7DFFC3649B1
:107CA00048600820FFF7DAFC334988600C20FFF7B2
:107CB000D5FC3149C8602E48007858B12C4800786E
:107CC000012807D02A480078062803D028480078E1
:107CD000022816D100202749086003204860402070
:107CE00088600020C8604FF4806008610846FFF794
:107CF000F3FC69460320F9F7CFF804460CB120469F
:107D0000ABE71B48007804282ED0BDF800001B49C3
:107D10000860BDF8000000041649086009204860AA
:107D2000C02088600020C8604FF480600861084669
:107D3000FFF7D2FCF9F76EF804460CB120468CE749
:107D40000020FFF78BFC0E4908600420FFF786FC3B
:107D50000B4948600820FFF781FC094988600C2026
:107D6000FFF77CFC0649C8600024204675E7000048
:107D70004C000020482900208429002050000020C9
:107D8000742900202DE9F041002400260025002759
:107D9000A046762059490875002008604860886030
:107DA000C86008610846FFF779FC0320FFF7AAFCCA
:107DB0000120FFF7FDFB0020514908604860886002
:107DC000C8604FF4806008610846FFF785FCF8F74B
:107DD000F5FF044614B12046BDE8F0814FF4D5709C
:107DE0004749086008204860402088600020C8603B
:107DF0004FF4806008610846FFF76EFCF9F79AF8C7
:107E000004462CB901203F4908704FF0804812E029
:107E100000203B49086037204860402088600020EF
:107E2000C8604FF4806008610846FFF755FC3720B2
:107E3000F8F7DAFF0446002031490860372048602F
:107E4000402088600020C8604FF4806008610846C8
:107E5000FFF742FC3720F8F7C7FF0446002C4AD151
:107E600036E00020264908603720486040208860BE
:107E70000020C8604FF4806008610846FFF72CFCC2
:107E80003720F8F7B1FF04460CB12046A4E71E489E
:107E900048EA00001A4908602920486040208860AC
:107EA0000020C8604FF4806008610846FFF714FCAA
:107EB000F8F7D6FF04460CB120468DE70020FFF707
:107EC000CDFB0646012080EAD67080F001076D1CCC
:107ED0001FB94FF6FF708542C3D34FF6FF7085423E
:107EE00002D31B24204677E706F08040061E02D00E
:107EF00002200449087020466EE700003029002067
:107F0000482900204C0000200000108010B51148C6
:107F1000007801280CD100200F49086040F24C4045
:107F2000091D08600C20F8F75FFF0C49087002E09B
:107F300000200A4908704FF48070FFF733FB0021DE
:107F40004FF48070FFF79AFB012005490870034841
:107F5000007810BD55000020082C0140560000207C
:107F6000570000202DE9F84F8146174698460A9C95
:107F70004FF0000AD3464D464FF0FF36B9F1000FDF
:107F800002D12620BDE8F88F002095490860954869
:107F90000078022805D10402780A40EAC8574FEA5F
:107FA00068280020904988604860401E08600120D1
:107FB00048610020C86008610846FFF70FFB884849
:107FC0001838006800F0007008B10E20DAE7002CC5
:107FD00021DDB4F5006F1EDC601E2040D8B92046BC
:107FE0000BF05CFB00908148046010207F494860E2
:107FF000402088600020C8604FF480600861084617
:10800000FFF76AFB1020F8F7EFFE8246BAF1000F87
:1080100003D05046B6E72620B4E700980001724925
:108020008860084644604FF0FF30086001204861D6
:108030000220C860002008610846FFF7CFFA6B48AD
:108040000760112069494860402088600020C860AE
:108050004FF4806008610846FFF73EFB1120F8F7F7
:10806000C3FE8246BAF1000F01D050468AE760484D
:10807000007800287AD1F8F700F919E0584808305C
:10808000006800F4004078B14FF0000B06E054485F
:108090005430006845F82B000BF1010BBBF1080FC1
:1080A000F5D32035534E03E00EB904206AE7761E5F
:1080B0004B480830006840F22A6108400028DDD0B3
:1080C00047480830006800F0080048B144480C30C8
:1080D000006840F0080042490C310860042051E774
:1080E0003F480830006800F0020048B13C480C30BE
:1080F000006840F002003A490C310860022041E774
:1081000037480830006800F0200048B134480C308F
:10811000006840F0200032490C310860062031E749
:108120002F480830006800F4007048B12C480C302B
:10813000006840F400702A490C310860072021E7EC
:1081400004E027485430006828602D1D244808307A
:10815000006800F400100028F3D1F8F790F840F21E
:10816000FF501F490C31086037E0FFE720480078D6
:10817000012832D100202049087020490870204988
:10818000087017481030006840F22A31084314493B
:10819000103108601248006840F00800104908607B
:1081A000002221464846FFF7B3FA00E0761E154844
:1081B000006800F0006038B91148007820B90E4816
:1081C000007808B9002EF1D10EB90420DAE60A4889
:1081D000007810B1084890F800A05046D2E60000A0
:1081E0002C2C01404C0000205C2900204829002054
:1081F00054000020FFFF070056000020550000201B
:1082000057000020006402402DE9FE4F83460E46D1
:10821000914600200290002534462148007818B18C
:10822000680240EAD45564020BF00300F0B14FF04D
:10823000000A18E04FF4007000904FEA4A20071936
:1082400045EBE0733A461748FFF78CFE02904FF477
:10825000007214495846F8F735F90BF5007B0AF11E
:10826000010000F0FF0ACA45E4DB16E0B9F1010F96
:1082700009D14FF4007022462B4600905846FFF774
:1082800071FE029009E04FF4007022462B46CDE9C2
:108290000009584600F008F802900298BDE8FE8FE9
:1082A0004C000020F02900202DE9FF5F174698467A
:1082B000DDE90E464FF00009CA464FF0FF35BB49D5
:1082C000009808600020BA490860BA48007802287F
:1082D00005D10402780A40EAC8574FEA682800200E
:1082E000B54988604860401E086001204861002050
:1082F000C86008610846FFF771F9AD481838006892
:1083000000F0007018B10E2004B0BDE8F09F002C02
:1083100021DDB4F5006F1EDC601E2040D8B9204678
:108320000BF0BCF98346A54804601020A3494860BF
:10833000402088600020C8604FF4806008610846D3
:10834000FFF7CAF91020F8F74FFD8146B9F1000F89
:1083500003D04846D8E72620D6E7012E70D906FB81
:1083600004F0B0F1007F01D32620CDE74FEA0B10D7
:108370009149886006FB04F048604FF0FF300860C8
:10838000012048610220C860002008610846FFF70C
:1083900025F98A4807601220884948604020886093
:1083A0000020C8604FF4806008610846FFF794F928
:1083B0001220F8F719FD8146B9F1000F01D04846A7
:1083C000A2E77F48007800287ED1F7F756FF1FE02C
:1083D00077480830006800F40040A8B14FF0000A68
:1083E00008E07348543000687049096841F82A0071
:1083F0000AF1010ABAF1080FF3D36C480068203083
:108400006A4908606F4D03E00DB904207CE76D1EDA
:1084100067480830006840F22A3108400028D7D069
:1084200063480830006800F0080050B160480C3024
:10843000006840F008005E490C310860042063E7E2
:10844000B1E05B480830006800F0020048B15848CD
:108450000C30006840F0020055490C3108600220E1
:1084600052E753480830006800F0200048B15048F7
:108470000C30006840F020004D490C3108600620A7
:1084800042E74B480830006800F4007048B14848A3
:108490000C30006840F4007045490C31086007203A
:1084A00032E70AE0424854300068404909680860F1
:1084B0003E480068001D3D4908603D48083000689E
:1084C00000F40010002800E031E0EBD1384808301B
:1084D000006800F4807010B33648007838B1354831
:1084E0000078012803D033480078022817D10020F3
:1084F000324908600C204860402088600020C86035
:108500004FF4806008610846FFF7E6F80C20F8F7A2
:108510006BFC8146B9F1000F01D04846F4E6F7F74D
:10852000AEFE40F2FF5022490C3108603BE0244887
:108530000078012837D10020234908700120234901
:10854000087000202249087019481030006840F275
:108550002A3108431649103108601548006840F078
:1085600008001349086006FB04F100220098FFF799
:10857000CFF800E06D1E1748006800F0006008B9F1
:10858000002DF7D10DB90420BEE600BF10480078D9
:1085900018B90D4800780028F8D00B48007810B1C1
:1085A000094890F800904846AEE6000058000020C8
:1085B0002C2C01404C0000205C2900204829002080
:1085C00054000020FFFF0700560000205500002047
:1085D000570000200064024000200B490860091D7C
:1085E0000860091D0860091D0860074924310860FA
:1085F000091D0860091D08600448034938310860F6
:108600000020091D08607047002C0140FF07C000D2
:1086100070B5044600250A480460072008494860F0
:10862000402088600020C8604FF4806008610846E0
:10863000FFF752F80720F8F7D7FB0546284670BD2C
:108640004829002001460020012900D011B9024B21
:10865000197000E026207047540000202DE9FF5FCC
:1086600086B017469846149D002600200590049079
:10867000002481460390824602900195DDF818B0EF
:10868000DDF818B0BBF1000F03D126200AB0BDE819
:10869000F09F0020C5490860C54988604860401EB9
:1086A0000860012048610020C86008610846FEF7A4
:1086B00095FFBE481838006800F0007008B10E2021
:1086C000E4E7BC480078022805D10502780A40EAB0
:1086D000C8574FEA6828002D1FDDB5F5006F1CDC78
:1086E000681E2840C8B928460AF0D8FF0590B2484D
:1086F00005601020B0494860402088600020C860B4
:108700004FF4806008610846FEF7E6FF1020F8F796
:108710006BFB06461EB13046B8E72620B6E7A748F1
:1087200000880004A44908600D204860402088604B
:108730000020C8604FF4806008610846FEF7CCFF57
:108740000D20F8F751FB06460EB130469EE79748DC
:108750001838006803904FF0FF341CE0641E9748FF
:1087600000880004944908600D204860402088601B
:108770000020C8604FF4806008610846FEF7ACFF37
:108780000D20F8F731FB06460EB130467EE78748EC
:10879000183800680390039800F4807008B9002C22
:1087A000DCD10CB9292071E7834807601820824981
:1087B0004860402088600020C8604FF480600861F5
:1087C0000846FEF789FF1820F8F70EFB06460EB1A3
:1087D00030465BE700207A4908700598000174492B
:1087E0008860084645604FF0FF300860012048610E
:1087F0000020C86008610846FEF7F0FE4FF0FF3425
:108800007048007800287ED1F7F737FD45E06748CB
:108810000830006800F48040D0B30198A0EB090054
:10882000202822D20198A0EB090000F0030020B913
:108830000198A0EB0900800804E00198A0EB090072
:108840008008401C02904FF0000A0AE0574954315A
:10885000DBF8000008600AF1010A0BF1040B09F1D2
:10886000040902988245F1D310E04FF0000A06E0B7
:108870005BF82A004D49543108600AF1010ABAF147
:10888000080FF5D30BF1200B09F120094E4C04E041
:10889000FFE70CB90420F9E6641E4448083000687C
:1088A00040F21A6108400028B1D00820FEF7C2FE4D
:1088B00020B10820FEF770FE0420E7E60220FEF754
:1088C000B9FE20B10220FEF767FE0220DEE610208E
:1088D000FEF7B0FE20B11020FEF75EFE0520D5E6C3
:1088E0004FF40070FEF7A6FE30B14FF40070FEF7B3
:1088F00053FE0720CAE606E0F7F7C1FC40F2FF503E
:10890000FEF74AFE3AE02F480078012836D10020D1
:108910002E4908702A4908702D490870012140F23B
:108920001A30FEF7ABFE402229460698FEF7F0FE0D
:108930000120FEF74DFE00E0641E2648006800F0AE
:10894000006008B9002CF7D11CB9FFF7F3F8042038
:108950009CE64FF0FF3400E0641E1D48007820B90B
:108960001A48007808B9002CF6D10CB904208DE61D
:108970001648007810B11548007887E640F2FF509D
:10898000FEF70AFE04A8FBF7D1FC064603E004A8A4
:10899000FBF7CCFC06463EB99DF810000728F6D040
:1089A0009DF810000628F2D030466FE62C2C0140CE
:1089B0005C2900204C0000204829002050000020A5
:1089C0005500002054000020FFFF07005600002043
:1089D00057000020006402402DE9FE4F06468946FC
:1089E00092460020029000254C462148007818B19C
:1089F000680240EAD455640206F00300F0B14FF07B
:108A0000000B18E04FF4007231461A48F7F75AFD90
:108A10004FF4007000904FEA4B20071945EBE073CC
:108A20003A461448FFF71AFE029006F500760BF15D
:108A3000010000F0FF0BD345E4DB16E0BAF1010FB3
:108A400009D14FF4007022462B4600903046FFF7C4
:108A500005FE029009E04FF4007022462B46CDE956
:108A6000000A304600F008F802900298BDE8FE8F38
:108A70004C000020F02900202DE9FF5F84B0DDE9E3
:108A80001247002600200390029000258046814670
:108A9000019007FB04FBDDF810A0DDF810A0BAF18F
:108AA000000F03D1262008B0BDE8F09F0020D84970
:108AB0000860D84988604860401E0860012048610D
:108AC0000020C86008610846FEF788FDD0481838C5
:108AD000006800F0007008B10E20E4E7CE4800788E
:108AE000022808D10402DDE90601400A40EAC1502B
:108AF0004912CDE90601002C1FDDB4F5006F1CDC26
:108B0000601E2040C8B920460AF0C8FD0390C34843
:108B100004601020C1494860402088600020C8607F
:108B20004FF4806008610846FEF7D6FD1020F8F784
:108B30005BF906461EB13046B5E72620B3E7012FA4
:108B40006FD907FB04F0B0F1007F01D32620AAE71C
:108B5000B148007838B1B0480078012803D0AE4859
:108B6000007802282DD1AE4800880004AB49086087
:108B700037204860402088600020C8604FF4806043
:108B800008610846FEF7A8FD3720F8F72DF90646DC
:108B90000EB1304687E7A148076017209F4948601B
:108BA000402088600020C8604FF48060086108465B
:108BB000FEF792FD1720F8F717F906460EB130467A
:108BC00071E796490698086019204860402088603F
:108BD0000020C8604FF4806008610846FEF77CFD05
:108BE0001920F8F701F906460EB130465BE7039805
:108BF00000018849886007FB04F048604FF0FF30AF
:108C00000860012048610020C86008610846FEF73E
:108C1000E5FC84480078002874D1451EF7F72DFB49
:108C200042E0DDE07A480830006800F48040B0B3EC
:108C3000ABEB080020281FD2ABEB080000F00300CC
:108C400018B9ABEB0800800803E0ABEB0800800824
:108C5000401C01904FF000090AE06D495431DAF8E8
:108C60000000086009F101090AF1040A08F104088A
:108C700001988145F1D310E04FF0000906E05AF861
:108C8000290063495431086009F10109B9F1080F5D
:108C9000F5D30AF1200A08F12008634D04E0FFE74C
:108CA0000DB90420FFE66D1E59480830006840F2F7
:108CB0001A3108400028B5D00820FEF7BBFC20B1CF
:108CC0000820FEF769FC0420EDE60220FEF7B2FC66
:108CD00020B10220FEF760FC0220E4E61020FEF73F
:108CE000A9FC20B11020FEF757FC0520DBE64FF46D
:108CF0000070FEF79FFC30B14FF40070FEF74CFCA3
:108D00000720D0E62CE04FF48070FEF793FC00B310
:108D10004148007838B140480078012803D03E48E7
:108D20000078022815D100203C4908600C204860DA
:108D3000402088600020C8604FF4806008610846C9
:108D4000FEF7CAFC0C20F8F74FF806460EB1304685
:108D5000A9E6F7F794FA40F2FF50FEF71DFC3FE05A
:108D60003048007801283BD10020304908700120AC
:108D70002F49087000202F490870012140F21A3055
:108D8000FEF77CFC07FB04F140220498FEF7C0FCD0
:108D90000120FEF71DFC4FF0FF3500E06D1E264858
:108DA000006800F0006008B9002DF7D11DB9FEF78A
:108DB000C1FE042077E64FF0FF3500E06D1E1D4830
:108DC000007820B91948007808B9002DF6D10DB9FE
:108DD000042068E61548007810B11448007862E66F
:108DE00040F2FF50FEF7D8FB02A8FBF79FFA0646B9
:108DF00003E002A8FBF79AFA06463EB99DF8080080
:108E00000728F6D09DF808000628F2D030464AE63A
:108E10002C2C01405C2900204C0000204829002017
:108E20005000002054000020FFFF070056000020E3
:108E300055000020570000200064024000B587B0B4
:108E400001210846FEF766FA01210803FEF782FABF
:108E50003820059002208DF8180000208DF81A00A7
:108E600003208DF8190001208DF81B0005A9224868
:108E7000F8F74AFB052203211F48F8F78DFB05226E
:108E800004211D48F8F788FB052211461A48F8F717
:108E900083FB01210803FEF76DFA00214FF4805097
:108EA000FEF768FA0020ADF800004FF48270ADF8CC
:108EB00002000020ADF804000220ADF806000120F9
:108EC000ADF808004002ADF80A003820ADF80C00FB
:108ED0000020ADF80E000720ADF8100069460748E5
:108EE00000F058F80121054800F03AF8FF2000F0A2
:108EF00007F807B000BD0000000402400030014048
:108F000010B5044600BF02210A4800F035F80028D9
:108F1000F9D02146074800F03BF800BF0121054881
:108F200000F02AF80028F9D0024800F02EF8C0B26C
:108F300010BD00000030014010B50446074800880D
:108F40004FF6C7710840054908800846008820434D
:108F500008800121014800F003F810BD00300140F5
:108F600021B1028842F04002028004E002884FF6FC
:108F7000BF731A40028070470246002013890B40DD
:108F80000BB1012000E0002070470146888970473E
:108F90008181704710B50022028802F441520B888B
:108FA0004C8823438C882343CC8823430C89234358
:108FB0004C8923438C892343CC8923431A43028061
:108FC000838B4FF2FF74234083830B8A038210BD8F
:108FD000704700000CB500200190009034480068F4
:108FE00040F480303249086000BF3148006800F426
:108FF000003000900198401C0190009818B9019829
:10900000B0F5A04FF1D12A48006800F4003010B14B
:109010000120009001E0002000900098012846D136
:1090200023484030006840F08050214940310860BA
:109030002048006840F440401E4908601C48083041
:1090400000681B49083108600846006840F4004089
:1090500008600846006840F4A05008601648091FE0
:109060000860081F006840F08070091F086000BF9A
:109070000F48006800F000700028F9D040F2057039
:109080000E4908600A480830006820F003000849CB
:10909000083108600846006840F00200086000BF20
:1090A00003480830006800F00C000828F8D10CBD17
:1090B000003802400070004008544007003C024065
:1090C000042808D14FF0E021096941F004014FF074
:1090D000E022116107E04FF0E021096921F004016D
:1090E0004FF0E0221161704710B5FCF7DDFEFDF78F
:1090F00041FCFCF7EBFE10BD10B51548006840F4CC
:109100007000134908601348006840F001001149DD
:10911000086000200F49083108600E4800680E49B9
:1091200008400C4908600D48091D0860081F0068C8
:1091300020F48020091F0860002006490C310860D7
:10914000FFF748FF4FF0006001498039086010BD0B
:1091500088ED00E000380240FFFFF6FE10300024EA
:1091600000B5A1B00020209001217A20FEF7D2F8AE
:1091700001210846FEF7DEF802201E9001208DF83E
:109180007C0000208DF87E0002208DF87D000120FB
:109190008DF87F001EA9FE48F8F7B6F94EF2B370BD
:1091A0001E9002208DF87C0000208DF87E000320A8
:1091B0008DF87D0001208DF87F001EA9F548F8F795
:1091C000A3F94FF680701E9002208DF87C000020DD
:1091D0008DF87E0003208DF87D0001208DF87F0042
:1091E0001EA9ED48F8F790F90C220021E948F8F79C
:1091F000D3F90C220121E748F8F7CEF90C2204211B
:10920000E448F8F7C9F90C220521E248F8F7C4F957
:109210000C220721DF48F8F7BFF90C220821DD48AE
:10922000F8F7BAF90C220921DA48F8F7B5F90C2257
:109230000A21D848F8F7B0F90C220D21D548F8F7E3
:10924000ABF90C220E21D348F8F7A6F90C220F2116
:10925000D048F8F7A1F90C220721CF48F8F79CF97C
:109260000C220821CC48F8F797F90C220921CA48AA
:10927000F8F792F90C220A21C748F8F78DF90C2269
:109280000B21C548F8F788F90C221146C248F8F7B7
:1092900083F90C220D21C048F8F77EF90C220E212B
:1092A000BD48F8F779F90C220F21BB48F8F774F99B
:1092B0000F2008900020099018200A9000200B90A1
:1092C0000C900D900E900820019000200290082034
:1092D0000390002004900590069007900F90109046
:1092E0001190102012900020139014901590169059
:1092F00017904FF480501890002019904FF4804040
:109300001A9000201B9008A81C9001A81D900FA87F
:10931000F7F798FF01210020F7F77AFF32200AF0D3
:10932000F1F901210020FCF731FB32200AF0EAF9C3
:109330000020FBF72FFF9949888008468088FF2886
:109340000ADB084680884FF6FF71884204D09348B4
:109350008088B0F5134F7CD1D320FCF701FBFBF7DD
:1093600099FD8E498880FBF795FD8C498880FBF735
:1093700091FD8A498880084680884FF6FF7101EA8E
:10938000002086498880FBF785FD84498988084349
:10939000824988800846808849F24131884278D0E5
:1093A000BF20FCF7DDFAFBF775FD7C498880FBF7F1
:1093B00071FD7A498880FBF76DFD78498880FBF75D
:1093C00069FD76498880084680884FF6FF7101EA7A
:1093D000002072498880FBF75DFD70498988084349
:1093E0006E4988800846808846F60401884250D03D
:1093F000D420FCF7B5FAFBF74DFD68498880FBF7F0
:1094000049FD66498880FBF745FD64498880084628
:1094100080884FF6FF7101EA002060498880FBF7E1
:1094200039FD5E49898808435C4988800846808800
:1094300045F2103188422CD04FF45A40FCF790FA94
:10944000FBF728FD554988804FF45B40FCF788FA0C
:1094500000E01EE0FBF71EFD50498880084680882A
:109460004FF6FF7101EA00204C4988804FF45C40C0
:10947000FCF776FAFBF70EFD48498988084347490F
:10948000888008468088B0F5004F02D145F2105020
:1094900088804248808849F2413188420BD03F4859
:1094A000808845F21031884205D03C48808845F2DA
:1094B0001051884208D1032001900220039001211D
:1094C0000620F7F7A5FE13E03448808846F604012D
:1094D000884205D0314880884CF20551884207D136
:1094E0000A2001900C20039001210620F7F790FE3E
:1094F0002A4881882AA0F6F74DFF2848808849F23B
:10950000413188427DD1CF20FCF72AFA0020FCF7B8
:109510001BFA2098401C2090C120FCF715FA30203F
:10952000FCF712FAED20FCF71BFA6420FCF70CFAAA
:109530000320FCF709FA1220FCF706FA8120FCF759
:1095400003FAE820FCF70CFA8520FCF7FDF910205F
:10955000FCF7FAF97A20FCF7F7F9CB20FCF700FAD0
:109560003920FCF7F1F92C20FCF7EEF90020FCF78C
:10957000EBF93420FCF7E8F90220FCF7E5F9F720D5
:10958000FCF7EEF92020FCF7DFF9EA200EE00000FE
:1095900000040240000C0240001002401C29002080
:1095A0004C43442049443A25780D0A00FCF7D8F989
:1095B0000020FCF7C9F90020FCF7C6F9C020FCF731
:1095C000CFF91B20FCF7C0F9C120FCF7C9F9012035
:1095D000FCF7BAF9C520FCF7C3F93020FCF7B4F961
:1095E0003020FCF7B1F9C720FCF7BAF9B720FCF737
:1095F000ABF93620FCF7B4F94820FCF7A5F93A207E
:1096000000E0ABE0FCF7ACF95520FCF79DF9B12088
:10961000FCF7A6F90020FCF797F91A20FCF794F95B
:10962000B620FCF79DF90A20FCF78EF9A220FCF782
:109630008BF9F220FCF794F90020FCF785F926203D
:10964000FCF78EF90120FCF77FF9E020FCF788F9A0
:109650000F20FCF779F92A20FCF776F92820FCF78F
:1096600073F90820FCF770F90E20FCF76DF908205B
:10967000FCF76AF95420FCF767F9A920FCF764F9B4
:109680004320FCF761F90A20FCF75EF90F20FCF794
:109690005BF90020FCF758F90020FCF755F9002091
:1096A000FCF752F90020FCF74FF9E120FCF758F9DC
:1096B0000020FCF749F91520FCF746F91720FCF7C4
:1096C00043F90720FCF740F91120FCF73DF906208B
:1096D000FCF73AF92B20FCF737F95620FCF734F960
:1096E0003C20FCF731F90520FCF72EF91020FCF79F
:1096F0002BF90F20FCF728F93F20FCF725F93F2034
:10970000FCF722F90F20FCF71FF92B20FCF728F9B2
:109710000020FCF719F90020FCF716F90120FCF7EE
:1097200013F93F20FCF710F92A20FCF719F9002063
:10973000FCF70AF90020FCF707F90020FCF704F910
:10974000EF20FCF701F91120FCF70AF9782009F065
:10975000D9FF2920FCF704F903F05CB8FE488088A3
:1097600046F6040188427CD11120FCF7F9F8142058
:1097700009F0C8FFD020FCF7F3F80720FCF7E4F865
:109780004220FCF7E1F81D20FCF7DEF8D120FCF7C1
:10979000E7F80020FCF7D8F81A20FCF7D5F80920E4
:1097A000FCF7D2F8D220FCF7DBF80120FCF7CCF86C
:1097B0002220FCF7C9F8C020FCF7D2F81020FCF7F3
:1097C000C3F83B20FCF7C0F80020FCF7BDF80220EE
:1097D000FCF7BAF81120FCF7B7F8C520FCF7C0F881
:1097E0000320FCF7B1F8C820FCF7BAF80020FCF71A
:1097F000ABF82520FCF7A8F82120FCF7A5F80520F8
:10980000FCF7A2F80020FCF79FF80A20FCF79CF870
:109810006520FCF799F82520FCF796F87720FCF7EF
:1098200093F85020FCF790F80F20FCF78DF80020FB
:10983000FCF78AF8F820FCF793F80120FCF784F88D
:10984000FE20FCF78DF80020FCF77EF80220FCF7E4
:109850007BF82020FCF784F83620FCF781F80820FC
:1098600000E02CE0FCF770F83A20FCF779F855207E
:10987000FCF76AF82B20FCF773F80020FCF764F87B
:109880000020FCF761F80120FCF75EF83F20FCF7B0
:109890005BF82A20FCF764F80020FCF755F800205C
:1098A000FCF752F80120FCF74FF8DF20FCF74CF8EA
:1098B000782009F027FF2920FCF752F84CE7A6484A
:1098C000808845F21031884240F07C87ED20FCF71B
:1098D00047F80120FCF738F8FE20FCF735F8EE20B9
:1098E000FCF73EF8DE20FCF72FF82120FCF72CF8DF
:1098F000F120FCF735F80120FCF726F8DF20FCF713
:109900002FF81020FCF720F8C420FCF729F88F204E
:10991000FCF71AF8C620FCF723F80020FCF714F82F
:10992000E220FCF711F8E220FCF70EF8E220FCF749
:109930000BF8BF20FCF714F8AA20FCF705F8B020BC
:10994000FCF70EF80D20FBF7FFFF0020FBF7FCFFF4
:109950000D20FBF7F9FF0020FBF7F6FF1120FBF7C6
:10996000F3FF0020FBF7F0FF1920FBF7EDFF0020CD
:10997000FBF7EAFF2120FBF7E7FF0020FBF7E4FFFE
:109980002D20FBF7E1FF0020FBF7DEFF3D20FBF77A
:10999000DBFF0020FBF7D8FF5D20FBF7D5FF0020A1
:1099A000FBF7D2FF5D20FBF7CFFF0020FBF7CCFFDA
:1099B000B120FBF7D5FF8020FBF7C6FF0020FBF7A7
:1099C000C3FF8B20FBF7C0FF0020FBF7BDFF9620F5
:1099D000FBF7BAFF0020FBF7B7FFB220FBF7C0FF91
:1099E0000020FBF7B1FF0020FBF7AEFF0220FBF7E2
:1099F000ABFF0020FBF7A8FF0320FBF7A5FF00202B
:109A0000FBF7A2FFB320FBF7ABFF0020FBF79CFFA7
:109A10000020FBF799FF0020FBF796FF0020FBF7E3
:109A200093FF0020FBF790FF0020FBF78DFF002045
:109A3000FBF78AFF0020FBF787FF0020FBF784FF7E
:109A40000020FBF781FF0020FBF77EFF0020FBF7E3
:109A50007BFF0020FBF778FF0020FBF775FF00205D
:109A6000FBF772FF0020FBF76FFF0020FBF76CFF96
:109A70000020FBF769FF0020FBF766FF0020FBF7E3
:109A800063FF0020FBF760FF0020FBF75DFF002075
:109A9000FBF75AFF0020FBF757FFB420FBF760FFEE
:109AA0008B20FBF751FF0020FBF74EFF9620FBF7C2
:109AB0004BFF0020FBF748FFA120FBF745FF0020EC
:109AC000FBF742FFB520FBF74BFF0220FBF73CFF03
:109AD0000020FBF739FF0320FBF736FF0020FBF7E0
:109AE00033FF0420FBF730FF0020FBF72DFFB620EB
:109AF000FBF736FF0020FBF727FF0020FBF724FFD2
:109B0000B720FBF72DFF0020FBF71EFF0020FBF71F
:109B10001BFF3F20FBF718FF0020FBF715FF5E201F
:109B2000FBF712FF0020FBF70FFF6420FBF70CFF91
:109B30000020FBF709FF8C20FBF706FF0020FBF756
:109B400003FFAC20FBF700FF0020FBF7FDFEDC204D
:109B5000FBF7FAFE002001E01C290020FBF7F4FED1
:109B60007020FBF7F1FE0020FBF7EEFE9020FBF7E4
:109B7000EBFE0020FBF7E8FEEB20FBF7E5FE002004
:109B8000FBF7E2FEDC20FBF7DFFE0020FBF7DCFE4C
:109B9000B820FBF7E5FE0020FBF7D6FE0020FBF720
:109BA000D3FE0020FBF7D0FE0020FBF7CDFE002007
:109BB000FBF7CAFE0020FBF7C7FE0020FBF7C4FE40
:109BC0000020FBF7C1FEBA20FBF7CAFE2420FBF7FA
:109BD000BBFE0020FBF7B8FE0020FBF7B5FE00201F
:109BE000FBF7B2FEC120FBF7BBFE2020FBF7ACFE6B
:109BF0000020FBF7A9FE5420FBF7A6FE0020FBF790
:109C0000A3FEFF20FBF7A0FE0020FBF79DFEC22075
:109C1000FBF7A6FE0A20FBF797FE0020FBF794FE59
:109C20000420FBF791FE0020FBF78EFEC320FBF71C
:109C300097FE3C20FBF788FE0020FBF785FE3A20CC
:109C4000FBF782FE0020FBF77FFE3920FBF77CFE4E
:109C50000020FBF779FE3720FBF776FE0020FBF7AC
:109C600073FE3C20FBF770FE0020FBF76DFE3620F4
:109C7000FBF76AFE0020FBF767FE3220FBF764FE6D
:109C80000020FBF761FE2F20FBF75EFE0020FBF7B4
:109C90005BFE2C20FBF758FE0020FBF755FE292029
:109CA000FBF752FE0020FBF74FFE2620FBF74CFE91
:109CB0000020FBF749FE2420FBF746FE0020FBF7BF
:109CC00043FE2420FBF740FE0020FBF73DFE23204F
:109CD000FBF73AFE0020FBF737FE3C20FBF734FE93
:109CE0000020FBF731FE3620FBF72EFE0020FBF7AD
:109CF0002BFE3220FBF728FE0020FBF725FE2F204D
:109D0000FBF722FE0020FBF71FFE2C20FBF71CFEBA
:109D10000020FBF719FE2920FBF716FE0020FBF7B9
:109D200013FE2620FBF710FE0020FBF70DFE24207B
:109D3000FBF70AFE0020FBF707FE2420FBF704FEDA
:109D40000020FBF701FE2320FBF7FEFD0020FBF7C0
:109D5000FBFDC420FBF704FE6220FBF7F5FD0020AD
:109D6000FBF7F2FD0520FBF7EFFD0020FBF7ECFD14
:109D70008420FBF7E9FD0020FBF7E6FDF020FBF770
:109D8000E3FD0020FBF7E0FD1820FBF7DDFD0020E0
:109D9000FBF7DAFDA420FBF7D7FD0020FBF7D4FD8D
:109DA0001820FBF7D1FD0020FBF7CEFD5020FBF77C
:109DB000CBFD0020FBF7C8FD0C20FBF7C5FD002004
:109DC000FBF7C2FD1720FBF7BFFD0020FBF7BCFD32
:109DD0009520FBF7B9FD0020FBF7B6FDF320FBF75C
:109DE000B3FD0020FBF7B0FDE620FBF7ADFD002042
:109DF000FBF7AAFDC520FBF7B3FD3220FBF7A4FD5E
:109E00000020FBF7A1FD4420FBF79EFD0020FBF79F
:109E10009BFD6520FBF798FD0020FBF795FD762064
:109E2000FBF792FD0020FBF78FFD8820FBF78CFDF0
:109E30000020FBF789FDC620FBF792FD2020FBF7F1
:109E400083FD0020FBF780FD1720FBF77DFD002040
:109E5000FBF77AFD0120FBF777FD0020FBF774FD8F
:109E6000C720FBF77DFD0020FBF76EFD0020FBF710
:109E70006BFD0020FBF768FD0020FBF765FDC820A7
:109E8000FBF76EFD0020FBF75FFD0020FBF75CFD9C
:109E90000020FBF759FD0020FBF756FDC920FBF71A
:109EA0005FFD0020FBF750FD0020FBF74DFD00207B
:109EB000FBF74AFD0020FBF747FD0020FBF744FDC0
:109EC0000020FBF741FD0020FBF73EFD0020FBF7E3
:109ED0003BFD0020FBF738FD0020FBF735FD00209F
:109EE000FBF732FD0020FBF72FFD0020FBF72CFDD8
:109EF0000020FBF729FD0020FBF726FD0020FBF7E3
:109F000023FDE020FBF72CFD1620FBF71DFD0020B4
:109F1000FBF71AFD1C20FBF717FD0020FBF714FDD3
:109F20002120FBF711FD0020FBF70EFD3620FBF78B
:109F30000BFD0020FBF708FD4620FBF705FD002088
:109F4000FBF702FD5220FBF7FFFC0020FBF7FCFCB7
:109F50006420FBF7F9FC0020FBF7F6FC7A20FBF706
:109F6000F3FC0020FBF7F0FC8B20FBF7EDFC00205E
:109F7000FBF7EAFC9920FBF7E7FC0020FBF7E4FC89
:109F8000A820FBF7E1FC0020FBF7DEFCB920FBF783
:109F9000DBFC0020FBF7D8FCC420FBF7D5FC00203D
:109FA000FBF7D2FCCA20FBF7CFFC0020FBF7CCFC70
:109FB000D220FBF7C9FC0020FBF7C6FCD920FBF739
:109FC000C3FC0020FBF7C0FCE020FBF7BDFC002039
:109FD000FBF7BAFCF320FBF7B7FC0020FBF7B4FC5F
:109FE000E120FBF7BDFC1620FBF7AEFC0020FBF7E1
:109FF000ABFC1C20FBF7A8FC0020FBF7A5FC2220F3
:10A00000FBF7A2FC0020FBF79FFC3620FBF79CFC33
:10A010000020FBF799FC4520FBF796FC0020FBF79E
:10A0200093FC5220FBF790FC0020FBF78DFC642092
:10A03000FBF78AFC0020FBF787FC7A20FBF784FC07
:10A040000020FBF781FC8B20FBF77EFC0020FBF758
:10A050007BFC9920FBF778FC0020FBF775FCA8201F
:10A06000FBF772FC0020FBF76FFCB920FBF76CFCE0
:10A070000020FBF769FCC420FBF766FC0020FBF71F
:10A0800063FCCA20FBF760FC0020FBF75DFCD220DC
:10A09000FBF75AFC0020FBF757FCD820FBF754FCD9
:10A0A0000020FBF751FCE020FBF74EFC0020FBF703
:10A0B0004BFCF320FBF748FC0020FBF745FCE220BB
:10A0C000FBF74EFC0520FBF73FFC0020FBF73CFCB8
:10A0D0000B20FBF739FC0020FBF736FC1B20FBF7BD
:10A0E00033FC0020FBF730FC3420FBF72DFC002074
:10A0F000FBF72AFC4420FBF727FC0020FBF724FC9D
:10A100004F20FBF721FC0020FBF71EFC6120FBF732
:10A110001BFC0020FBF718FC7920FBF715FC002046
:10A12000FBF712FC8820FBF70FFC0020FBF70CFC70
:10A130009720FBF709FC0020FBF706FCA620FBF7A5
:10A1400003FC0020FBF700FCB720FBF7FDFB002021
:10A15000FBF7FAFBC220FBF7F7FB0020FBF7F4FB51
:10A16000C720FBF7F1FB0020FBF7EEFBD120FBF74C
:10A17000EBFB0020FBF7E8FBD620FBF7E5FB00201C
:10A18000FBF7E2FBDD20FBF7DFFB0020FBF7DCFB4E
:10A19000F320FBF7D9FB0020FBF7D6FBE320FBF70E
:10A1A000DFFB0520FBF7D0FB0020FBF7CDFB0A20EF
:10A1B000FBF7CAFB0020FBF7C7FB1C20FBF7C4FB27
:10A1C0000020FBF7C1FB3320FBF7BEFB0020FBF7B1
:10A1D000BBFB4420FBF7B8FB0020FBF7B5FB50208E
:10A1E000FBF7B2FB0020FBF7AFFB6220FBF7ACFBF9
:10A1F0000020FBF7A9FB7820FBF7A6FB0020FBF76C
:10A20000A3FB8820FBF7A0FB0020FBF79DFB97201A
:10A21000FBF79AFB0020FBF797FBA620FBF794FBCC
:10A220000020FBF791FBB720FBF78EFB0020FBF72C
:10A230008BFBC220FBF788FB0020FBF785FBC720C8
:10A24000FBF782FB0020FBF77FFBD120FBF77CFBB9
:10A250000020FBF779FBD520FBF776FB0020FBF70E
:10A2600073FBDD20FBF770FB0020FBF76DFBF32099
:10A27000FBF76AFB0020FBF767FBE420FBF770FBB2
:10A280000120FBF761FB0020FBF75EFB0120FBF7E1
:10A290005BFB0020FBF758FB0220FBF755FB00207F
:10A2A000FBF752FB2A20FBF74FFB0020FBF74CFB90
:10A2B0003C20FBF749FB0020FBF746FB4B20FBF75C
:10A2C00043FB0020FBF740FB5D20FBF73DFB00203C
:10A2D000FBF73AFB7420FBF737FB0020FBF734FB5E
:10A2E0008420FBF731FB0020FBF72EFB9320FBF7CC
:10A2F0002BFB0020FBF728FBA220FBF725FB00200F
:10A30000FBF722FBB320FBF71FFB0020FBF71CFB36
:10A31000BE20FBF719FB0020FBF716FBC420FBF760
:10A3200013FB0020FBF710FBCD20FBF70DFB0020FB
:10A33000FBF70AFBD320FBF707FB0020FBF704FB2E
:10A34000DD20FBF701FB0020FBF7FEFAF320FBF713
:10A35000FBFA0020FBF7F8FAE520FBF701FB0020F1
:10A36000FBF7F2FA0020FBF7EFFA0020FBF7ECFA1C
:10A370000020FBF7E9FA0220FBF7E6FA0020FBF7E2
:10A38000E3FA2920FBF7E0FA0020FBF7DDFA3C2096
:10A39000FBF7DAFA0020FBF7D7FA4B20FBF7D4FAE9
:10A3A0000020FBF7D1FA5D20FBF7CEFA0020FBF787
:10A3B000CBFA7420FBF7C8FA0020FBF7C5FA84201B
:10A3C000FBF7C2FA0020FBF7BFFA9320FBF7BCFAB9
:10A3D0000020FBF7B9FAA220FBF7B6FA0020FBF742
:10A3E000B3FAB320FBF7B0FA0020FBF7ADFABE20BA
:10A3F000FBF7AAFA0020FBF7A7FAC420FBF7A4FAA0
:10A400000020FBF7A1FACD20FBF79EFA0020FBF716
:10A410009BFAD320FBF798FA0020FBF795FADC2093
:10A42000FBF792FA0020FBF78FFAF320FBF78CFA88
:10A430000020FBF789FAE620FBF792FA1120FBF7E0
:10A4400083FA0020FBF780FA3420FBF77DFA002026
:10A45000FBF77AFA5620FBF777FA0020FBF774FA3D
:10A460007620FBF771FA0020FBF76EFA7720FBF7F6
:10A470006BFA0020FBF768FA6620FBF765FA00200C
:10A48000FBF762FA8820FBF75FFA0020FBF75CFA23
:10A490009920FBF759FA0020FBF756FABB20FBF78F
:10A4A00053FA0020FBF750FA9920FBF74DFA0020F1
:10A4B000FBF74AFA6620FBF747FA0020FBF744FA5D
:10A4C0005520FBF741FA0020FBF73EFA5520FBF739
:10A4D0003BFA0020FBF738FA4520FBF735FA00205D
:10A4E000FBF732FA4320FBF72FFA0020FBF72CFA98
:10A4F0004420FBF729FA0020FBF726FAE720FBF7B8
:10A500002FFA3220FBF720FA0020FBF71DFA552026
:10A51000FBF71AFA0020FBF717FA7620FBF714FA7C
:10A520000020FBF711FA6620FBF70EFA0020FBF77C
:10A530000BFA6720FBF708FA0020FBF705FA672003
:10A54000FBF702FA0020FBF7FFF98720FBF7FCF985
:10A550000020FBF7F9F99920FBF7F6F90020FBF74B
:10A56000F3F9BB20FBF7F0F90020FBF7EDF9992098
:10A57000FBF7EAF90020FBF7E7F97720FBF7E4F9AE
:10A580000020FBF7E1F94420FBF7DEF90020FBF7A0
:10A59000DBF95620FBF7D8F90020FBF7D5F923208B
:10A5A000FBF7D2F90020FBF7CFF93320FBF7CCF90A
:10A5B0000020FBF7C9F94520FBF7C6F90020FBF79F
:10A5C000C3F9E820FBF7CCF90020FBF7BDF9002028
:10A5D000FBF7BAF99920FBF7B7F90020FBF7B4F9BC
:10A5E0008720FBF7B1F90020FBF7AEF98820FBF7D5
:10A5F000ABF90020FBF7A8F97720FBF7A5F90020BD
:10A60000FBF7A2F96620FBF79FF90020FBF79CF906
:10A610008820FBF799F90020FBF796F9AA20FBF7B1
:10A6200093F90020FBF790F9BB20FBF78DF9002090
:10A63000FBF78AF99920FBF787F90020FBF784F9EB
:10A640006620FBF781F90020FBF77EF95520FBF728
:10A650007BF90020FBF778F95520FBF775F900200E
:10A66000FBF772F94420FBF76FF90020FBF76CF958
:10A670004420FBF769F90020FBF766F95520FBF74A
:10A6800063F90020FBF760F9E920FBF769F9AA20DC
:10A69000FBF75AF90020FBF757F90020FBF754F9B4
:10A6A0000020FBF751F90020FBF75AF9AA20FBF72D
:10A6B0004BF9CF20FBF754F90020FBF745F90020B8
:10A6C000FBF742F90020FBF73FF90020FBF73CF9CC
:10A6D0000020FBF739F90020FBF736F90020FBF7E3
:10A6E00033F90020FBF730F90020FBF72DF90020AB
:10A6F000FBF72AF90020FBF727F90020FBF724F9E4
:10A700000020FBF721F90020FBF71EF90020FBF7E2
:10A710001BF90020FBF718F90020FBF715F9F020D2
:10A72000FBF71EF90020FBF70FF95020FBF70CF99F
:10A730000020FBF709F90020FBF706F90020FBF7E2
:10A7400003F9F320FBF70CF90020FBF7FDF8F920E3
:10A75000FBF706F90620FBF7F7F81020FBF7F4F8F3
:10A760002920FBF7F1F80020FBF7EEF83A20FBF781
:10A77000F7F85520FBF7E8F81120FBF7F1F8642013
:10A7800008F0C0FF2920FBF7EBF83520FBF7E8F8CD
:10A790000020FBF7D9F85120FBF7E2F8FF20FBF788
:10A7A000D3F85320FBF7DCF82C20FBF7CDF855202D
:10A7B000FBF7D6F88220FBF7C7F82C20FBF7D0F880
:10A7C00002F028B8FE48808845F2105188427DD1B9
:10A7D00055214FF47040FBF7D9F8AA214FF2010040
:10A7E000FBF7D4F852214FF20200FBF7CFF8082113
:10A7F0004FF20300FBF7CAF801214FF20400FBF708
:10A80000C5F80D214FF43040FBF7C0F80D214BF295
:10A810000100FBF7BBF80D214BF20200FBF7B6F885
:10A8200034214FF43640FBF7B1F834214BF201608C
:10A83000FBF7ACF834214BF20260FBF7A7F80D21CF
:10A840004FF43140FBF7A2F80D214BF20110FBF75A
:10A850009DF80D214BF20210FBF798F834214FF4CC
:10A860003740FBF793F834214BF20170FBF78EF879
:10A8700034214BF20270FBF789F800214FF432408B
:10A88000FBF784F800214BF20120FBF77FF8002151
:10A890004BF20220FBF77AF824214FF43840FBF703
:10A8A00075F824214BF60100FBF770F824214BF6D4
:10A8B0000200FBF76BF801214FF43F40FBF766F80D
:10A8C0000F214FF43340FBF761F800E0FDE30F2167
:10A8D0004BF20130FBF75AF80F214BF20230FBF735
:10A8E00055F834214FF43940FBF750F834214BF63A
:10A8F0000110FBF74BF834214BF60210FBF746F83A
:10A9000008214FF43540FBF741F808214BF2015084
:10A91000FBF73CF808214BF20250FBF737F8032114
:10A920004FF44240FBF732F824214FF43A40FBF752
:10A930002DF824214BF60120FBF728F824214BF6B3
:10A940000220FBF723F800214FF43C40FBF71EF8F0
:10A9500078214BF60140FBF719F800214BF6024035
:10A96000FBF714F800214FF43D40FBF70FF8782176
:10A970004BF60150FBF70AF800214BF60250FBF7AB
:10A9800005F800214FF43E40FBF700F864214BF638
:10A990000160FAF7FBFF00214FF45140FAF7F6FF90
:10A9A00033214DF20110FAF7F1FF00214DF20210B0
:10A9B000FAF7ECFF34214DF20310FAF7E7FF00211C
:10A9C0004DF20410FAF7E2FF3A214DF20510FAF7C2
:10A9D000DDFF00214DF20610FAF7D8FF4A214DF2B3
:10A9E0000710FAF7D3FF00214DF20810FAF7CEFF57
:10A9F0005C214DF20910FAF7C9FF00214DF20A104F
:10AA0000FAF7C4FF81214DF20B10FAF7BFFF0021C6
:10AA10004DF20C10FAF7BAFFA6214DF20D10FAF71D
:10AA2000B5FF00214DF20E10FAF7B0FFE5214DF20F
:10AA30000F10FAF7ABFF01214DF21010FAF7A6FF45
:10AA400013214DF21110FAF7A1FF01214DF212105E
:10AA5000FAF79CFF54214DF21310FAF797FF0121EA
:10AA60004DF21410FAF792FF82214DF21510FAF709
:10AA70008DFF01214DF21610FAF788FFCA214DF221
:10AA80001710FAF783FF02214DF21810FAF77EFF34
:10AA900000214DF21910FAF779FF02214DF21A1038
:10AAA000FAF774FF01214DF21B10FAF76FFF022134
:10AAB0004DF21C10FAF76AFF34214DF21D10FAF71F
:10AAC00065FF02214DF21E10FAF760FF67214DF27B
:10AAD0001F10FAF75BFF02214DF22010FAF756FF24
:10AAE00084214DF22110FAF751FF02214DF222107C
:10AAF000FAF74CFFA4214DF22310FAF747FF022189
:10AB00004DF22410FAF742FFB7214DF22510FAF763
:10AB10003DFF02214DF22610FAF738FFCF214DF20A
:10AB20002710FAF733FF02214DF22810FAF72EFF13
:10AB3000DE214DF22910FAF729FF02214DF22A10E9
:10AB4000FAF724FFF2214DF22B10FAF71FFF022132
:10AB50004DF22C10FAF71AFFFE214DF22D10FAF7E4
:10AB600015FF03214DF22E10FAF710FF10214DF2C0
:10AB70002F10FAF70BFF03214DF23010FAF706FF02
:10AB800033214DF23110FAF701FF03214DF232105B
:10AB9000FAF7FCFE6D214DF23310FAF7F7FE0021B3
:10ABA0004FF45240FAF7F2FE33214DF20120FAF74A
:10ABB000EDFE00214DF20220FAF7E8FE342101E01B
:10ABC0001C2900204DF20320FAF7E0FE00214DF28F
:10ABD0000420FAF7DBFE3A214DF20520FAF7D6FE03
:10ABE00000214DF20620FAF7D1FE4A214DF207204E
:10ABF000FAF7CCFE00214DF20820FAF7C7FE5C21DF
:10AC00004DF20920FAF7C2FE00214DF20A20FAF7B0
:10AC1000BDFE81214DF20B20FAF7B8FE00214DF266
:10AC20000C20FAF7B3FEA6214DF20D20FAF7AEFE86
:10AC300000214DF20E20FAF7A9FEE5214DF20F207A
:10AC4000FAF7A4FE01214DF21020FAF79FFE13211E
:10AC50004DF21120FAF79AFE01214DF21220FAF777
:10AC600095FE54214DF21320FAF790FE01214DF28A
:10AC70001420FAF78BFE82214DF21520FAF786FE9A
:10AC800001214DF21620FAF781FECA214DF217205C
:10AC9000FAF77CFE02214DF21820FAF777FE002128
:10ACA0004DF21920FAF772FE02214DF21A20FAF73E
:10ACB0006DFE01214DF21B20FAF768FE02214DF2D4
:10ACC0001C20FAF763FE34214DF21D20FAF75EFED8
:10ACD00002214DF21E20FAF759FE67214DF21F2086
:10ACE000FAF754FE02214DF22020FAF74FFE84219C
:10ACF0004DF22120FAF74AFE02214DF22220FAF706
:10AD000045FEA4214DF22320FAF740FE02214DF228
:10AD10002420FAF73BFEB7214DF22520FAF736FE44
:10AD200002214DF22620FAF731FECF214DF22720E5
:10AD3000FAF72CFE02214DF22820FAF727FEDE2139
:10AD40004DF22920FAF722FE02214DF22A20FAF7CD
:10AD50001DFEF2214DF22B20FAF718FE02214DF2D2
:10AD60002C20FAF713FEFE214DF22D20FAF70EFEED
:10AD700003214DF22E20FAF709FE10214DF22F206B
:10AD8000FAF704FE03214DF23020FAF7FFFD3321DC
:10AD90004DF23120FAF7FAFD03214DF23220FAF795
:10ADA000F5FD6D214DF23320FAF7F0FD00214FF44F
:10ADB0005340FAF7EBFD33214DF20130FAF7E6FD8F
:10ADC00000214DF20230FAF7E1FD34214DF203305B
:10ADD000FAF7DCFD00214DF20430FAF7D7FD3A21F5
:10ADE0004DF20530FAF7D2FD00214DF20630FAF7A8
:10ADF000CDFD4A214DF20730FAF7C8FD00214DF292
:10AE00000830FAF7C3FD5C214DF20930FAF7BEFDB8
:10AE100000214DF20A30FAF7B9FD81214DF20B30D5
:10AE2000FAF7B4FD00214DF20C30FAF7AFFDA62180
:10AE30004DF20D30FAF7AAFD00214DF20E30FAF76F
:10AE4000A5FDE5214DF20F30FAF7A0FD01214DF2ED
:10AE50001030FAF79BFD13214DF21130FAF796FDF1
:10AE600001214DF21230FAF791FD54214DF21330C9
:10AE7000FAF78CFD01214DF21430FAF787FD82219B
:10AE80004DF21530FAF782FD01214DF21630FAF736
:10AE90007DFDCA214DF21730FAF778FD02214DF2FF
:10AEA0001830FAF773FD00214DF21930FAF76EFDF4
:10AEB00002214DF21A30FAF769FD01214DF21B30E3
:10AEC000FAF764FD02214DF21C30FAF75FFD3421E0
:10AED0004DF21D30FAF75AFD02214DF21E30FAF7FD
:10AEE00055FD67214DF21F30FAF750FD02214DF25A
:10AEF0002030FAF74BFD84214DF22130FAF746FD60
:10AF000002214DF22230FAF741FDA4214DF2233007
:10AF1000FAF73CFD02214DF22430FAF737FDB72154
:10AF20004DF22530FAF732FD02214DF22630FAF7C4
:10AF30002DFDCF214DF22730FAF728FD02214DF2E9
:10AF40002830FAF723FDDE214DF22930FAF71EFDF5
:10AF500002214DF22A30FAF719FDF2214DF22B3081
:10AF6000FAF714FD02214DF22C30FAF70FFDFE2105
:10AF70004DF22D30FAF70AFD03214DF22E30FAF78B
:10AF800005FD10214DF22F30FAF700FD03214DF29F
:10AF90003030FAF7FBFC33214DF23130FAF7F6FC92
:10AFA00003214DF23230FAF7F1FC6D214DF23330CE
:10AFB000FAF7ECFC00214FF45440FAF7E7FC332198
:10AFC0004DF20140FAF7E2FC00214DF20240FAF79F
:10AFD000DDFC34214DF20340FAF7D8FC00214DF29C
:10AFE0000440FAF7D3FC3A214DF20540FAF7CEFCC3
:10AFF00000214DF20640FAF7C9FC4A214DF2074004
:10B00000FAF7C4FC00214DF20840FAF7BFFC5C21BE
:10B010004DF20940FAF7BAFC00214DF20A40FAF766
:10B02000B5FC81214DF20B40FAF7B0FC00214DF246
:10B030000C40FAF7ABFCA6214DF20D40FAF7A6FC46
:10B0400000214DF20E40FAF7A1FCE5214DF20F4030
:10B05000FAF79CFC01214DF21040FAF797FC1321FE
:10B060004DF21140FAF792FC01214DF21240FAF72D
:10B070008DFC54214DF21340FAF788FC01214DF26A
:10B080001440FAF783FC82214DF21540FAF77EFC5A
:10B0900001214DF21640FAF779FCCA214DF2174012
:10B0A000FAF774FC02214DF21840FAF76FFC002108
:10B0B0004DF21940FAF76AFC02214DF21A40FAF7F4
:10B0C00065FC01214DF21B4000E006E3FAF75EFC4F
:10B0D00002214DF21C40FAF759FC34214DF21D407B
:10B0E000FAF754FC02214DF21E40FAF74FFC67219B
:10B0F0004DF21F40FAF74AFC02214DF22040FAF7C8
:10B1000045FC84214DF22140FAF740FC02214DF22A
:10B110002240FAF73BFCA4214DF22340FAF736FC1B
:10B1200002214DF22440FAF731FCB7214DF22540BF
:10B13000FAF72CFC02214DF22640FAF727FCCF212A
:10B140004DF22740FAF722FC02214DF22840FAF78F
:10B150001DFCDE214DF22940FAF718FC02214DF2C8
:10B160002A40FAF713FCF2214DF22B40FAF70EFCBD
:10B1700002214DF22C40FAF709FCFE214DF22D4040
:10B18000FAF704FC03214DF22E40FAF7FFFB1021E1
:10B190004DF22F40FAF7FAFB03214DF23040FAF757
:10B1A000F5FB33214DF23140FAF7F0FB03214DF26C
:10B1B0003240FAF7EBFB6D214DF23340FAF7E6FB34
:10B1C00000214FF45540FAF7E1FB33214DF20150D5
:10B1D000FAF7DCFB00214DF20250FAF7D7FB3421DD
:10B1E0004DF20350FAF7D2FB00214DF20450FAF76A
:10B1F000CDFB3A214DF20550FAF7C8FB00214DF284
:10B200000650FAF7C3FB4A214DF20750FAF7BEFB8E
:10B2100000214DF20850FAF7B9FB5C214DF20950BC
:10B22000FAF7B4FB00214DF20A50FAF7AFFB812187
:10B230004DF20B50FAF7AAFB00214DF20C50FAF731
:10B24000A5FBA6214DF20D50FAF7A0FB00214DF20F
:10B250000E50FAF79BFBE5214DF20F50FAF796FBE3
:10B2600001214DF21050FAF791FB13214DF21150CC
:10B27000FAF78CFB01214DF21250FAF787FB5421AB
:10B280004DF21350FAF782FB01214DF21450FAF7F8
:10B290007DFB82214DF21550FAF778FB01214DF22A
:10B2A0001650FAF773FBCA214DF21750FAF76EFBEE
:10B2B00002214DF21850FAF769FB00214DF21950A6
:10B2C000FAF764FB02214DF21A50FAF75FFB0121F5
:10B2D0004DF21B50FAF75AFB02214DF21C50FAF7BF
:10B2E00055FB34214DF21D50FAF750FB02214DF26F
:10B2F0001E50FAF74BFB67214DF21F50FAF746FB41
:10B3000002214DF22050FAF741FB84214DF22150E9
:10B31000FAF73CFB02214DF22250FAF737FBA42149
:10B320004DF22350FAF732FB02214DF22450FAF786
:10B330002DFBB7214DF22550FAF728FB02214DF2E3
:10B340002650FAF723FBCF214DF22750FAF71EFBC8
:10B3500002214DF22850FAF719FBDE214DF2295057
:10B36000FAF714FB02214DF22A50FAF70FFBF221F3
:10B370004DF22B50FAF70AFB02214DF22C50FAF74E
:10B3800005FBFE214DF22D50FAF700FB03214DF293
:10B390002E50FAF7FBFA10214DF22F50FAF7F6FA79
:10B3A00003214DF23050FAF7F1FA33214DF23150CA
:10B3B000FAF7ECFA03214DF23250FAF7E7FA6D2171
:10B3C0004DF23350FAF7E2FA00214FF45640FAF703
:10B3D000DDFA33214DF20160FAF7D8FA00214DF27F
:10B3E0000260FAF7D3FA34214DF20360FAF7CEFA8D
:10B3F00000214DF20460FAF7C9FA3A214DF20560D6
:10B40000FAF7C4FA00214DF20660FAF7BFFA4A21B2
:10B410004DF20760FAF7BAFA00214DF20860FAF728
:10B42000B5FA5C214DF20960FAF7B0FA00214DF24D
:10B430000A60FAF7ABFA81214DF20B60FAF7A6FA2F
:10B4400000214DF20C60FAF7A1FAA6214DF20D6031
:10B45000FAF79CFA00214DF20E60FAF797FAE5210F
:10B460004DF20F60FAF792FA01214DF21060FAF7EF
:10B470008DFA13214DF21160FAF788FA01214DF28D
:10B480001260FAF783FA54214DF21360FAF77EFA4C
:10B4900001214DF21460FAF779FA82214DF215601C
:10B4A000FAF774FA01214DF21660FAF76FFACA2121
:10B4B0004DF21760FAF76AFA02214DF21860FAF7B6
:10B4C00065FA00214DF21960FAF760FA02214DF297
:10B4D0001A60FAF75BFA01214DF21B60FAF756FA8F
:10B4E00002214DF21C60FAF751FA34214DF21D6031
:10B4F000FAF74CFA02214DF21E60FAF747FA67217B
:10B500004DF21F60FAF742FA02214DF22060FAF77D
:10B510003DFA84214DF22160FAF738FA02214DF20A
:10B520002260FAF733FAA4214DF22360FAF72EFADB
:10B5300002214DF22460FAF729FAB7214DF2256075
:10B54000FAF724FA02214DF22660FAF71FFACF210A
:10B550004DF22760FAF71AFA02214DF22860FAF745
:10B5600015FADE214DF22960FAF710FA02214DF2A8
:10B570002A60FAF70BFAF2214DF22B60FAF706FA7D
:10B5800002214DF22C60FAF701FAFE214DF22D60F6
:10B59000FAF7FCF903214DF22E60FAF7F7F91021C2
:10B5A0004DF22F60FAF7F2F903214DF23060FAF70D
:10B5B000EDF933214DF23160FAF7E8F903214DF24C
:10B5C0003260FAF7E3F96D214DF23360FAF7DEF9F4
:10B5D00055214FF47040FAF7D9F9AA214FF2010032
:10B5E000FAF7D4F952214FF20200FAF7CFF9082105
:10B5F0004FF20300FAF7CAF900214FF20400FAF7FC
:10B60000C5F9CC214FF43140FAF7C0F900214BF2D3
:10B610000110FAF7BBF905214FF43640FAF7B6F9F5
:10B6200070214FF43740FAF7B1F970214BF20170F5
:10B63000FAF7ACF901214FF43840FAF7A7F90321E2
:10B640004BF60100FAF7A2F903214BF60200FAF7D4
:10B650009DF903214BF60300FAF798F902214FF404
:10B660003C40FAF793F900214BF60140FAF78EF9C6
:10B6700000214BF60240FAF789F9D0214FF44940F6
:10B68000FAF784F902214CF60110FAF77FF95021FC
:10B690004CF60210FAF77AF950214CF60310FAF73B
:10B6A00075F950214CF60410FAF770F900214FF4A7
:10B6B0005450FAF76BF955214FF46850FAF766F9D0
:10B6C0004FF48850FAF74CF9782008F043F84FF41B
:10B6D0002450FAF745F901F09DB8FE48808849F2F8
:10B6E000253188427ED147F6F001E520FAF74EF980
:10B6F0004FF480710120FAF749F94FF4E06102201C
:10B70000FAF744F941F230010320FAF73FF900213A
:10B710000420FAF73BF940F202210820FAF736F943
:10B7200000210920FAF732F900210A20FAF72EF950
:10B7300000210C20FAF72AF900210D20FAF726F94A
:10B7400000210F20FAF722F900211020FAF71EF944
:10B7500007211120FAF71AF900211220FAF716F939
:10B7600000211320FAF712F900210720FAF70EF949
:10B7700041F290611020FAF709F940F227211120D7
:10B78000FAF704F99D211220FAF700F94FF4C85195
:10B790001320FAF7FBF825212920FAF7F7F80D21F5
:10B7A0002B20FAF7F3F807213020FAF7EFF840F2F0
:10B7B00003313120FAF7EAF803213220FAF7E6F8EC
:10B7C00040F206213520FAF7E1F808213620FAF791
:10B7D000DDF840F206413720FAF7D8F84FF441710E
:10B7E000382000E057E0FAF7D1F807213920FAF7BE
:10B7F000CDF840F202613C20FAF7C8F808213D205C
:10B80000FAF7C4F800215020FAF7C0F8EF215120D0
:10B81000FAF7BCF800215220FAF7B8F840F23F11CD
:10B820005320FAF7B3F84FF427416020FAF7AEF847
:10B8300001216120FAF7AAF800216A20FAF7A6F898
:10B8400000218020FAF7A2F800218120FAF79EF863
:10B8500000218220FAF79AF800218320FAF796F85F
:10B8600000218420FAF792F800218520FAF78EF85B
:10B8700010219020FAF78AF84FF4C0619220FAF76D
:10B8800085F840F233110720FAF780F822210020D2
:10B89000FAF77CF81FE78F48808849F22831884200
:10B8A0007ED141F28F01EC20FAF770F841F2342199
:10B8B000EF20FAF76BF84FF480710120FAF766F881
:10B8C0004FF4E0610220FAF761F841F23001032001
:10B8D000FAF75CF800210420FAF758F840F2022148
:10B8E0000820FAF753F800210920FAF74FF8002151
:10B8F0000A20FAF74BF801210C20FAF747F800214B
:10B900000D20FAF743F800210F20FAF73FF8002145
:10B910001020FAF73BF807211120FAF737F8002139
:10B920001220FAF733F800211320FAF72FF801213B
:10B930000720FAF72BF8322007F0E4FE41F290419D
:10B940001020FAF723F840F227211120FAF71EF809
:10B95000322007F0D7FE8A211220FAF717F832209A
:10B9600007F0D0FE4FF4D0511320FAF70FF806215C
:10B970002920FAF70BF80D212B20FAF707F83220CF
:10B9800007F0C0FE00212020FAF700F80021212056
:10B99000F9F7FCFF322007F0B5FE0021302000E06F
:10B9A00074E0F9F7F3FF40F204613120F9F7EEFF9C
:10B9B00040F205313220F9F7E9FF00213520F9F78F
:10B9C000E5FF40F609413620F9F7E0FF4FF4017139
:10B9D0003720F9F7DBFF40F201313820F9F7D6FFC5
:10B9E00040F207713920F9F7D1FF00213C20F9F727
:10B9F000CDFF40F60A213D20F9F7C8FF322007F0BD
:10BA000081FE00215020F9F7C1FFEF215120F9F705
:10BA1000BDFF00215220F9F7B9FF40F23F1153203A
:10BA2000F9F7B4FF4FF427416020F9F7AFFF012188
:10BA30006120F9F7ABFF00216A20F9F7A7FF002189
:10BA40008020F9F7A3FF00218120F9F79FFF002153
:10BA50008220F9F79BFF00218320F9F797FF00214F
:10BA60008420F9F793FF00218520F9F78FFF10213B
:10BA70009020F9F78BFF4FF4C0619220F9F786FF11
:10BA800040F233110720F9F781FF24E6114880883E
:10BA900049F2203188427DD100210846F9F776FF2E
:10BAA0004FF480710120F9F771FF4FF4E06102203B
:10BAB000F9F76CFF41F230010320F9F767FF00212D
:10BAC0000420F9F763FF40F202210820F9F75EFF36
:10BAD000002101E01C2900200920F9F757FF00216F
:10BAE0000A20F9F753FF01210C20F9F74FFF00213D
:10BAF0000D20F9F74BFF00210F20F9F747FF322007
:10BB000007F000FE40F201110720F9F73FFF322055
:10BB100007F0F8FD4FF486511020F9F737FF0721A1
:10BB20001120F9F733FF4FF488711220F9F72EFF37
:10BB30004FF430611320F9F729FF00212920F9F78C
:10BB400025FF44F210012B20F9F720FF002150209F
:10BB5000F9F71CFFEF215120F9F718FF00215220BF
:10BB6000F9F714FF40F23F115320F9F70FFF4FF49C
:10BB70001C516020F9F70AFF01216120F9F706FF47
:10BB800000216A20F9F702FF00218020F9F7FEFE6C
:10BB9000002100E031E08120F9F7F8FE0021822049
:10BBA000F9F7F4FE00218320F9F7F0FE002184204C
:10BBB000F9F7ECFE00218520F9F7E8FE102190202E
:10BBC000F9F7E4FE00219220F9F7E0FE012193202D
:10BBD000F9F7DCFE4FF488719520F9F7D7FE0021C4
:10BBE0009720F9F7D3FE00219820F9F7CFFE40F215
:10BBF00073110720F9F7CAFE6DE5FE48808849F207
:10BC0000313188427DD141F21401E720F9F7BEFEBF
:10BC10004FF480710120F9F7B9FE4FF40071022052
:10BC2000F9F7B4FE41F238010320F9F7AFFE40F214
:10BC300002210820F9F7AAFE00210920F9F7A6FE43
:10BC400000210A20F9F7A2FE00210C20F9F79EFE40
:10BC500000210D20F9F79AFE00210F20F9F796FE3A
:10BC600000211020F9F792FE07211120F9F78EFE2E
:10BC700000211220F9F78AFE00211320F9F786FE31
:10BC8000C82007F03FFD41F290611020F9F77EFED9
:10BC900040F227211120F9F779FE322007F032FD1A
:10BCA0000C211220F9F772FE322007F02BFD4FF421
:10BCB00000611320F9F76AFE11212920F9F766FEC9
:10BCC0000B212B20F9F762FE322007F01BFD00212B
:10BCD0002020F9F75BFE40F23F112120F9F756FED4
:10BCE00000213020F9F752FE4FF483713120F9F72B
:10BCF0004DFE00213220F9F749FE4FF40171352045
:10BD000000E064E0F9F742FE41F20A613620F9F7FB
:10BD10003DFE40F207713720F9F738FE4FF483718A
:10BD20003820F9F733FE40F207713920F9F72EFE7B
:10BD300040F202413C20F9F729FE40F60F413D2038
:10BD4000F9F724FE00215020F9F720FEEF215120C1
:10BD5000F9F71CFE00215220F9F718FE40F23F11BE
:10BD60005320F9F713FE4FF41C516020F9F70EFE33
:10BD700001216120F9F70AFE00216A20F9F706FE89
:10BD800000218020F9F702FE00218120F9F7FEFD55
:10BD900000218220F9F7FAFD00218320F9F7F6FD52
:10BDA00000218420F9F7F2FD00218520F9F7EEFD4E
:10BDB00010219020F9F7EAFD4FF4C0619220F9F7C5
:10BDC000E5FD40F233110720F9F7E0FD83E48948EF
:10BDD000808845F2084188427ED14FF4807101206D
:10BDE000F9F7D4FD4FF4E0610220F9F7CFFD41F2FD
:10BDF00030010320F9F7CAFD00210420F9F7C6FD40
:10BE000040F207210820F9F7C1FD00210920F9F7C8
:10BE1000BDFD00210A20F9F7B9FD00210C20F9F73A
:10BE2000B5FD00210D20F9F7B1FD00210F20F9F734
:10BE3000ADFD142007F066FC41F2B0611020F9F767
:10BE4000A5FD01211120F9F7A1FD01211720F9F726
:10BE50009DFD4FF49C711220F9F798FD4FF400619D
:10BE60001320F9F793FD09212920F9F78FFD092106
:10BE70002A20F9F78BFD0021A420F9F787FD002186
:10BE80005020F9F783FDEF215120F9F77FFD0021C4
:10BE90005220F9F77BFD40F23F115320F9F776FD70
:10BEA0004FF41C516020F9F771FD01216120F9F771
:10BEB0006DFD00216A20F9F769FD00218020F9F766
:10BEC00065FD00218120F9F761FD00218220F9F74D
:10BED0005DFD0021832000E023E0F9F757FD0021FC
:10BEE0008420F9F753FD00218520F9F74FFD132138
:10BEF0009020F9F74BFD00219220F9F747FD03212F
:10BF00009320F9F743FD4FF488719520F9F73EFD32
:10BF100040F273110720F9F739FD322007F0F2FBE8
:10BF2000B8E43448808841F2055188427ED100212E
:10BF30000720F9F72BFD322007F0E4FB4FF48E7158
:10BF40001220F9F723FD0121A420F9F71FFD0F218D
:10BF50000820F9F71BFD08210A20F9F717FD082131
:10BF60000D20F9F713FD40F207713020F9F70EFDAF
:10BF700007213120F9F70AFD40F203613220F9F779
:10BF800005FD4FF4E0613320F9F700FD40F2022196
:10BF90003420F9F7FBFC02213520F9F7F7FC41F6D4
:10BFA0000F713620F9F7F2FC40F207713720F9F7EC
:10BFB000EDFC00213820F9F7E9FC00213920F9F7E0
:10BFC000E5FC40F207713A20F9F7E0FC00213B2044
:10BFD000F9F7DCFC07213C20F9F7D8FC00213D20D3
:10BFE000F9F7D4FC322007F08DFB01210720F9F787
:10BFF000CDFC01E01C29002001211720F9F7C6FC27
:10C00000322007F07FFB4FF4BD511020F9F7BEFC42
:10C0100040F217211120F9F7B9FC4FF48F7112206B
:10C02000F9F7B4FC4FF47061132000E097E0F9F7E2
:10C03000ADFC00212A20F9F7A9FC0A212920F9F7F3
:10C04000A5FC4FF49F711220F9F7A0FC00215020AD
:10C05000F9F79CFCEF215120F9F798FC00215220C0
:10C06000F9F794FC40F23F115320F9F78FFC4FF49D
:10C070001C516020F9F78AFC01216120F9F786FC48
:10C0800000216A20F9F782FC00218020F9F77EFC6C
:10C0900000218120F9F77AFC00218220F9F776FC53
:10C0A00000218320F9F772FC00218420F9F76EFC4F
:10C0B00000218520F9F76AFC13219020F9F766FC2E
:10C0C0004FF440719220F9F761FC05219320F9F7B4
:10C0D0005DFC00219520F9F759FC00219720F9F724
:10C0E00055FC00219820F9F751FC4FF48071012094
:10C0F000F9F74CFC4FF4E0610220F9F747FC41F2FC
:10C1000038010320F9F742FC00210420F9F73EFC36
:10C1100000210C20F9F73AFC00210F20F9F736FC3A
:10C1200000212020F9F732FC00212120F9F72EFC14
:10C1300021210720F9F72AFC142007F0E3FA6121F6
:10C140000720F9F723FC142007F0DCFA40F2731102
:10C150000720F9F71BFC142007F0D4FA5AE3FE4835
:10C1600080884BF2055188427ED100210846F9F7BC
:10C170000DFC00210846F9F709FC00210846F9F7F3
:10C1800005FC00210846F9F701FC0121A420F9F77C
:10C19000FDFB142007F0B6FA4FF41C516020F9F7AC
:10C1A000F5FB40F202210820F9F7F0FB4FF405718E
:10C1B0003020F9F7EBFB43F215713120F9F7E6FB7C
:10C1C00040F204613220F9F7E1FB40F616613320BA
:10C1D000F9F7DCFB42F211213420F9F7D7FB4FF4D9
:10C1E000A8513520F9F7D2FB48F207513620F9F76C
:10C1F000CDFB41F207413720F9F7C8FB41F203417B
:10C200003820F9F7C3FB20213920F9F7BFFB1A21A9
:10C210009020F9F7BBFB00211020F9F7B7FB0721AD
:10C220001120F9F7B3FB00211220F9F7AFFB002131
:10C230001320F9F7ABFB142007F064FA4FF4E66122
:10C240001020F9F7A3FB40F237111120F9F79EFBFC
:10C25000142007F057FA4FF4DC711220F9F796FB1F
:10C26000142007F04FFA00E083E04FF470611320D0
:10C27000F9F78CFB80212A20F9F788FB4821292037
:10C28000F9F784FB142007F03DFA4FF48071012088
:10C29000F9F77CFB4FF4E0610220F9F777FB41F2FC
:10C2A00038010320F9F772FB40F202210820F9F768
:10C2B0006DFB00210A20F9F769FB00210C20F9F73A
:10C2C00065FB00210D20F9F761FB30210E20F9F705
:10C2D0005DFB00215020F9F759FBEF215120F9F7C0
:10C2E00055FB00215220F9F751FB40F23F1153203A
:10C2F000F9F74CFB4FF41C516020F9F747FB012183
:10C300006120F9F743FB00216A20F9F73FFB112177
:10C310009020F9F73BFB4FF4C0619220F9F736FB10
:10C3200040F202419320F9F731FB02219420F9F702
:10C330002DFB142007F0E6F901210720F9F726FB71
:10C34000142007F0DFF961210720F9F71FFB40F205
:10C3500073110720F9F71AFB00212020F9F716FBCB
:10C3600000212120F9F712FB22210020F9F70EFB12
:10C3700050E2794880884CF2055188427ED10021F4
:10C380000846F9F703FB00210846F9F7FFFA1420E5
:10C3900007F0B8F900210846F9F7F8FA0021084635
:10C3A000F9F7F4FA00210846F9F7F0FA00210846F7
:10C3B000F9F7ECFA0121A420F9F7E8FA142007F0C4
:10C3C000A1F94FF41C516020F9F7E0FA40F606019C
:10C3D0000820F9F7DBFA40F203713020F9F7D6FABA
:10C3E00001213120F9F7D2FA04213220F9F7CEFAEF
:10C3F0004FF481713320F9F7C9FA4FF440713420BA
:10C40000F9F7C4FA40F203113520F9F7BFFA1F21FA
:10C410003620F9F7BBFA40F203713720F9F7B6FA84
:10C4200001213820F9F7B2FA04213920F9F7AEFAE0
:10C4300015219020F9F7AAFA4FF482611020F9F73C
:10C44000A5FA40F247211120F9F7A0FA4FF4DE7166
:10C450001220F9F79BFA4FF460611320F9F796FA6E
:10C46000782007F04FF94FF480710120F9F78EFA28
:10C470004FF400710220F9F789FA00E050E041F230
:10C4800030010320F9F782FA08210A20F9F77EFA31
:10C4900000210C20F9F77AFA20210E20F9F776FA1C
:10C4A00000210F20F9F772FA00212020F9F76EFA27
:10C4B00000212120F9F76AFA3D212A20F9F766FACE
:10C4C000142007F01FF92D212920F9F75FFA002128
:10C4D0005020F9F75BFA4DF2EF015120F9F756FAC7
:10C4E00000215220F9F752FA40F23F115320F9F798
:10C4F0004DFA00216120F9F749FA00216A20F9F785
:10C5000045FA4FF440719220F9F740FA0521932043
:10C51000F9F73CFA4FF480710720F9F737FA79E11F
:10C520000D48808844F2315188427CD1012100209D
:10C53000F9F72CFA0A2007F0E5F841F228611020FB
:10C54000F9F724FA0E211220F9F720FA40F63921E2
:10C550001320F9F71BFA01E01C2900200A2007F03C
:10C56000D1F840211120F9F711FA50211520F9F7DF
:10C570000DFA0A2007F0C6F81E211220F9F706FA74
:10C580000A2007F0BFF84FF4B1511020F9F7FEF977
:10C5900042F639211320F9F7F9F90A2007F0B2F829
:10C5A0004FF480710120F9F7F1F94FF44071022046
:10C5B000F9F7ECF941F238010320F9F7E7F940F215
:10C5C00002210820F9F7E2F908210A20F9F7DEF93B
:10C5D00000213020F9F7DAF940F202413120F9F771
:10C5E000D5F94FF483713220F9F7D0F940F20351B5
:10C5F0003320F9F7CBF94FF482713420F9F7C6F9FB
:10C6000040F201313520F9F7C1F940F207713620C7
:10C61000F9F7BCF940F205313720F9F7B7F94FF4D3
:10C620000271382000E040E0F9F7B0F940F60B71F4
:10C630003920F9F7ABF902214120F9F7A7F94FF4B6
:10C640001C516020F9F7A2F901216120F9F79EF948
:10C650004FF404719020F9F799F94FF48571922005
:10C66000F9F794F904219320F9F790F94FF48071C8
:10C67000A020F9F78BF901210720F9F787F921218B
:10C680000720F9F783F923210720F9F77FF93321F0
:10C690000720F9F77BF940F233110720F9F776F913
:10C6A0000021A020F9F772F9B4E06048808844F2D4
:10C6B00035518842F8D130211520F9F767F910215A
:10C6C0009A20F9F763F920211120F9F75FF943F275
:10C6D00028411020F9F75AF902211220F9F756F9EA
:10C6E00041F238011320F9F751F9282007F00AF830
:10C6F00012210846F9F74AF9282007F003F843F217
:10C7000020411020F9F742F943F238011320F9F7DC
:10C710003DF9462006F0F6FF00213020F9F736F902
:10C7200040F202413120F9F731F940F2073132206D
:10C73000F9F72CF94FF441713320F9F727F9042167
:10C740003420F9F723F940F201413520F9F71EF9B9
:10C7500040F207713620F9F719F940F20531372018
:10C76000F9F714F94FF4C2613820F9F70FF94FF4D3
:10C77000C2613920F9F70AF94FF480710120F9F705
:10C7800005F94FF440710220F9F700F941F2300148
:10C790000320F9F7FBF840F608010820F9F7F6F84E
:10C7A00008210A20F9F7F2F84FF41C516020F9F73C
:10C7B000EDF801216120F9F7E9F84FF49F7190201D
:10C7C000F9F7E4F84FF480719220F9F7DFF84FF4AD
:10C7D00080719320F9F7DAF84FF44051A020F9F76F
:10C7E000D5F81021A320F9F7D1F801210720F9F796
:10C7F000CDF821210720F9F7C9F823210720F9F7FF
:10C80000C5F833210720F9F7C1F840F233110720AA
:10C81000F9F7BCF80120F7F7B1FE012004490860E0
:10C820004FF6FF70F7F766FE21B000BD1C2900200F
:10C830008482404210B50121034800F01AF801211A
:10C84000014800F013F810BD0004004010B50121AC
:10C85000054800F00EF8012805D10121024800F03A
:10C8600005F8F6F72DFC10BD00080040CA4302820F
:10C87000704730B50246002000230024158A05EADF
:10C880000103958905EA010413B10CB1012000E010
:10C89000002030BD2DE9FC5F04460D4617461E46BC
:10C8A000DDE90EABDDE90C894FF47840574908808B
:10C8B00057A01021CDE90010564843880288A021D6
:10C8C0002820F8F7FBFF54A01021CDE900105148B3
:10C8D00043880288A0217820F8F7F0FF4FA01021AC
:10C8E000CDE900104B4843880288B4212820F8F78E
:10C8F000E5FF4BA01021CDE900104648438802888F
:10C90000B4217820F8F7DAFF46A01021CDE9001015
:10C91000404843880288C8212820F8F7CFFF42A06A
:10C920001021CDE900103B4843880288C8217820B7
:10C93000F8F7C4FF3DA01021CDE900103548438829
:10C940000288DC212820F8F7B9FF39A01021CDE9B1
:10C950000010304843880288DC217820F8F7AEFFC9
:10C9600034A01021CDE900102A4843880288F02124
:10C970002820F8F7A3FF102004232246A0210090CE
:10C980004020F8F751FF102004232A46A0210090F0
:10C990009020F8F749FF102004233A46B421009074
:10C9A0004020F8F741FF102004233246B4210090C4
:10C9B0009020F8F739FF102004234246C821009048
:10C9C0004020F8F731FF102004234A46C821009088
:10C9D0009020F8F729FF102004235246DC21009014
:10C9E0004020F8F721FF102004235A46DC21009054
:10C9F0009020F8F719FF10200090064801880323C3
:10CA00006020109AF8F710FFBDE8FC9F000000209E
:10CA100078313A001C29002079313A0078323A0006
:10CA200079323A0078333A0079333A0078343A0070
:10CA300079343A006661632069733A0000B597B0B3
:10CA4000002012900B9012901F21FE4801804FF69B
:10CA5000FF70FD490880F7F74DFD4FF47841F94824
:10CA600001804FF6FF70F7F745FD0020F54908807B
:10CA7000F648006810216423A022CDE90010282187
:10CA80000846F8F71BFF4FF478421421084600F0DF
:10CA90004BFC0021EE4880F820109FEDEE0A80ED5F
:10CAA000090A49E2EA4840680A9001200A99884741
:10CAB000E74890F8200000F0C000402870D1002026
:10CAC0000B90E34890F8200020F04000E04981F806
:10CAD00020000846828913A9129821F82020DC48FA
:10CAE000C18A13AA129802EB800041801298401C60
:10CAF000C0B212901298012806D0022815D003283F
:10CB000029D0042810D141E04FF6FF7214210846C5
:10CB100000F00AFCD0480088143880B24FF4784204
:10CB200014210A9000F000FCE8E3CB480088143898
:10CB300080B24FF6FF7214210A9000F0F5FBC64850
:10CB40004088143880B24FF4784201460A9014208D
:10CB500000F0EAFBD2E3C0484088143880B24FF6B8
:10CB6000FF7201460A90142000F0DEFBBA484088AC
:10CB7000143880B20A90B8480088143880B24FF454
:10CB8000784209900A9900F0CFFBB7E3BDF84C104A
:10CB9000BDF85000081A0A90002802DB0A9802E04B
:10CBA000ADE30A9840420F90BDF84E1013A8C0881C
:10CBB000081A0A90002801DB0A9801E00A9840420E
:10CBC0000E900F9840430F900E9840430E90DDE971
:10CBD0000E100844059007F08FFCCDE906019DED8D
:10CBE000060B06F065FC8DED080B9DED080B51EC76
:10CBF000100B07F03DFC80B21190BDF85400BDF859
:10CC00005810401A0A90002801DB0A9801E00A989F
:10CC100040420F9013A84189C089081A0A90002841
:10CC200001DB0A9801E00A9840420E900F984043B9
:10CC30000F900E9840430E90DDE90E1008440590C9
:10CC400007F05AFCCDE906019DED060B06F030FC1D
:10CC50008DED080B9DED080B51EC100B07F008FC57
:10CC600080B210909DED110AF8EE400A9DED100A79
:10CC7000B8EE401A80EE810A8DED0A0A0A9807F094
:10CC800081FFCDE90C019FED750B53EC102B9DED51
:10CC90000C0B51EC100B07F043FC0ED39FED710B06
:10CCA00053EC102B9DED0C0B51EC100B07F072FDAB
:10CCB00003D3119808B11098F0BB00201290664879
:10CCC0004088143880B20A9063480088143880B2D3
:10CCD0004FF6FF7209900A9900F026FB4FF4784254
:10CCE0001421084600F020FB9FED600B53EC102B45
:10CCF0009DED0C0B51EC100B07F04EFCCDE908013B
:10CD00009DED080B51EC100B07F0B2FB80B213A99C
:10CD10000A90C989BDF8582013AB5B89CDE901326F
:10CD2000CDE90310BDF85400009013A8C088099005
:10CD3000BDF85000089000E00AE0BDF84E000790F2
:10CD4000BDF84C00069007A90EC9FFF7A3FDE5E268
:10CD5000BDF84C10BDF85400081A0A90002801DBF9
:10CD60000A9801E00A9840420F90BDF84E1013A8AF
:10CD70004089081A0A90002801DB0A9801E00A9805
:10CD800040420E900F9840430F900E9840430E90F3
:10CD9000DDE90E100844059007F0AEFBCDE9060171
:10CDA0009DED060B06F084FB8DED080B9DED080B49
:10CDB00051EC100B07F05CFB80B21190BDF85000F5
:10CDC000BDF85810401A0A90002801DB0A9801E0CB
:10CDD0000A9840420F9013A8C188C089081A0A9087
:10CDE000002801DB0A9801E00A9840420E900F9853
:10CDF00040430F900E9840430E90DDE90E1008441A
:10CE0000059007F079FBCDE906019DED060B06F0D4
:10CE10004FFB8DED080B9DED080B51EC100B07F04F
:10CE200027FB80B210909DED110AF8EE400A9DEDAF
:10CE3000100AB8EE401A80EE810A8DED0A0A0A98AF
:10CE400018E0000000000020020000204800002040
:10CE500008000020000000001C29002066666666AD
:10CE60006666EE3FCDCCCCCCCCCCF03F00000000D1
:10CE70000000594007F086FECDE90C011FED090BBB
:10CE800053EC102B9DED0C0B51EC100B07F048FBF5
:10CE90000AD31FED0C0B53EC102B9DED0C0B51EC3A
:10CEA000100B07F077FC48D200201290FE48408813
:10CEB000143880B20A90FC480088143880B24FF6CB
:10CEC000FF7209900A9900F02FFA4FF4784214216A
:10CED000084600F029FA1FED1B0B53EC102B9DEDBB
:10CEE0000C0B51EC100B07F057FBCDE908019DED41
:10CEF000080B51EC100B07F0BBFA80B213A90A9093
:10CF0000CA89BDF8581013AB5B89CDE90131CDE971
:10CF10000320BDF85400009013A8C0880990BDF804
:10CF200050000890BDF84E000790BDF84C000690E8
:10CF300007A90EC9FFF7AEFCF0E1BDF85000BDF83F
:10CF40005410401A0A90002801DB0A9801E00A9860
:10CF500040420F9013A8C1884089081A0A900028FF
:10CF600001DB0A9801E00A9840420E900F98404376
:10CF70000F900E9840430E90DDE90E100844059086
:10CF800007F0BAFACDE906019DED060B06F090FA1E
:10CF90008DED080B9DED080B51EC100B07F068FAB6
:10CFA00080B21190BDF84C00BDF85810401A0A909C
:10CFB000002801DB0A9801E00A9840420F90BDF872
:10CFC0004E1013A8C089081A0A90002801DB0A989D
:10CFD00001E00A9840420E900F9840430F900E983F
:10CFE00040430E90DDE90E100844059007F084FAE6
:10CFF000CDE906019DED060B06F05AFA8DED080B02
:10D000009DED080B51EC100B07F032FA80B2109036
:10D010009DED110AF8EE400A9DED100AB8EE401A97
:10D0200080EE810A8DED0A0A0A9807F0ABFDCDE982
:10D030000C011FED760B53EC102B9DED0C0B51ECFE
:10D04000100B07F06DFA0AD31FED7A0B53EC102B7F
:10D050009DED0C0B51EC100B07F09CFB49D200200E
:10D06000129091484088143880B20A908E48008807
:10D07000143880B24FF6FF7209900A9900F054F903
:10D080004FF478421421084600F04EF91FED890B49
:10D0900053EC102B9DED0C0B51EC100B07F07CFAB0
:10D0A000CDE908019DED080B51EC100B07F0E0F9FC
:10D0B00080B202460A9013A8C089BDF8581013AB7D
:10D0C0005B89CDE90131CDE90302BDF85400009040
:10D0D00013A8C0880990BDF850000890BDF84E0014
:10D0E0000790BDF84C00069007A90EC9FFF7D2FBC8
:10D0F00014E1BDF85000BDF84C10401A00EE100AC3
:10D10000F8EEC00A68480088283800EE100AB8EE29
:10D11000C00A80EE201A654880ED091ABDF850005B
:10D12000BDF84C10084400EE100AF8EEC00A5E4844
:10D13000008800EE100AB8EE400A5C4890ED091A2B
:10D1400001EE600AF0EE000A80EE201A80ED0B1A64
:10D1500013A84089BDF84E10401A00EE100AF8EEF0
:10D16000C00A51484088283800EE100AB8EEC00ABC
:10D1700080EE201A4D4880ED0A1A13A84089BDF8A8
:10D180004E10084400EE100AF8EEC00A46484088E7
:10D1900000EE100AB8EE400A444890ED0A1A01EE7B
:10D1A000600AF0EE000A80EE201A80ED0C1A90ED75
:10D1B000090ABDEEC00A8DED090A0998002801DBB5
:10D1C000099801E00998404202280FDC374890EDA9
:10D1D0000A0ABDEEC00A8DED0A0A0A98002801DB92
:10D1E0000A9801E00A984042022842DD002012908D
:10D1F0002D484088143880B20A902B480088143893
:10D2000080B24FF6FF7209900A9900F08DF84FF442
:10D2100078421421084600F087F825A01021CDE9B6
:10D220000010214840880A901F4800880990024653
:10D230001A2128200A9BF8F741FB1C4890F834007B
:10D2400008B9012000E00020184981F834000846A0
:10D2500090F8340030B190201A490870D0201A4953
:10D26000087005E0D0201749087090201649087012
:10D2700054E01F21154801804FF6FF70F7F73AF987
:10D2800013A01021CDE90010074840880A900648F5
:10D290000088099002466E2123200A9BF8F70EFBB6
:10D2A0004FF47A7020E000001C29002008000020C4
:10D2B0005450204E65656420726561646A757374AC
:10D2C000210000004000002041000020000000205C
:10D2D000546F7563682053637265656E2041646A9C
:10D2E000757374204F4B210006F00CFA00F030FAF1
:10D2F0004FF6FF70F7F7FEF817B000BD00BF0A2029
:10D3000006F000FA0B98401C80B20B900B98B0F519
:10D310007A7F02DD00F040F802E000BFFFF7C2BBF9
:10D3200000BF00BFE8E7000070B504460D46164692
:10D330001848068004F10D018AB2193988B22B46CB
:10D340002946F7F703FB05F10D0083B2193881B2C6
:10D3500022462046F7F7FAFA6A1C91B2621C90B294
:10D36000F7F780FB6A1C91B2621E90B2F7F77AFB66
:10D370006A1E91B2621C90B2F7F774FB6A1E91B2FA
:10D38000621E90B2F7F76EFB062229462046F3F79D
:10D39000F2FE70BD0000002010B586B018220021FA
:10D3A000684600F023FC9DF80E400A2C4CD127481B
:10D3B00000990160046800EE104AB8EEC00ADFED83
:10D3C000240A80EE201A234880ED091A1F4801998B
:10D3D0000160046800EE104AB8EEC00ADFED1C0AD6
:10D3E00080EE201A1B4880ED0A1A18480299016045
:10D3F000046800EE104AB8EEC00A164880ED0B0A29
:10D40000124803990160046800EE104AB8EEC00AA1
:10D41000104880ED0C0A9DF80D000E4981F834008B
:10D42000084690F8340030B190200B490870D020A5
:10D430000A49087005E0D020074908709020074984
:10D440000870012006B010BD0020FBE7440000205A
:10D4500020BCBE4C080000204000002041000020FD
:10D460001CB53748808845F21051884218D1F9F729
:10D470008DFE344834494860084690F8340040F046
:10D48000800081F83400084690F834002C498979EE
:10D4900001F0010108432C4981F8340000201CBD33
:10D4A00001212620F9F736FF4FF48040009000203C
:10D4B0008DF804008DF8060003208DF8050001208A
:10D4C0008DF8070069462148F4F71EF820200090E7
:10D4D00000208DF804008DF8060003208DF805006B
:10D4E00001208DF8070069461948F4F70DF84FF44C
:10D4F0003040009001208DF8040069461348F4F78D
:10D5000003F811491631A1F10A0000F0A9F80E49FB
:10D510001631A1F10A0000F0A3F8FFF73DFF08B1B2
:10D520000020BCE70B480088F6F7E4FFFFF786FA17
:10D5300000F00EF9FFF730FF00BF0120AFE7000059
:10D540001C290020F1080008080000200004024007
:10D55000000802400200002070B5064600250024A5
:10D5600000201F4908601F49C1F8BC021C49091F5F
:10D570000860304600F0A6F9062006F0EBF800201F
:10D580001849C1F8B402012006F0E4F8012014495A
:10D59000086006F0DFF800201249C1F8B40200BFAD
:10D5A00015E04FF6FF7000EA440400200C490860C3
:10D5B000012006F0CFF801200A49C1F8B40208485A
:10D5C0007C38006808B1601C84B2681CC5B2102D9C
:10D5D000E7DB241101200249091F0860204670BDC5
:10D5E000B4824042008040422DE9FE43804600273D
:10D5F000002406E04046FFF7AFFF2DF81400601C42
:10D6000084B2052CF6DB002416E0601C85B20FE026
:10D610003DF814003DF81510884207DD3DF8146010
:10D620003DF815002DF814002DF81560681C85B222
:10D63000052DEDDB601C84B2042CE6DB0027012401
:10D6400005E03DF81400384487B2601C84B2042C15
:10D65000F7DB032097FBF0F086B23046BDE8FE838F
:10D660002DE9F04104460D4607480078FFF7BCFF5E
:10D67000064606480078FFF7B7FF074626802F804A
:10D680000120BDE8F08100004000002041000020A2
:10D690007FB504460D4602A903A8FFF7E1FF064641
:10D6A00016B9002004B070BD694601A8FFF7D8FF85
:10D6B00006460EB90020F5E7BDF80400BDF80C10D1
:10D6C000884206DCBDF80C10BDF8040032308142FF
:10D6D0000CDBBDF80C00BDF80410884236DCBDF848
:10D6E0000410BDF80C00323081422FDABDF8000082
:10D6F000BDF80810884206DCBDF80810BDF800002F
:10D70000323081420CDBBDF80800BDF800108842C1
:10D710001CDCBDF80010BDF808003230814215DA7B
:10D72000BDF80C10BDF80420881800EBD071C1F3CF
:10D730004F012180BDF80810BDF80020881800EBCB
:10D74000D071C1F34F0129800120ABE70020A9E788
:10D7500000B587B01F4890ED090ADFED1F0A20EEE3
:10D76000200ABDEEC00A1D4880ED000A0068019045
:10D77000184890ED0A0ADFED180A20EE200ABDEEE7
:10D78000C00A164880ED000A00680290114890ED2A
:10D790000B0ABDEEC00A114880ED000A0068039034
:10D7A0000C4890ED0C0ABDEEC00A0C4880ED000A52
:10D7B00000680490074890F834008DF811000A20A2
:10D7C0008DF812001822002101A800F07BFA07B0A2
:10D7D00000BD00000800002020BCBE4C440000201A
:10D7E00010B5044635480068002843D12CB13449AF
:10D7F000A1F10A00FFF74CFF2AE03149A1F10A002C
:10D80000FFF746FF20B32E48163890ED0B0A90ED37
:10D81000091A808900EE900AF8EE600A01EE200AEB
:10D82000BCEEC00A10EE100A254916398881084658
:10D8300090ED0C0A90ED0A1AC08A00EE900AF8EEFC
:10D84000600A01EE200ABCEEC00A10EE100AC8827F
:10D850001B48163890F8200000F0800038BBC0202C
:10D860001749163981F82000084681898182C18ACA
:10D87000C1831CE01248163890F8200000F08000A8
:10D8800050B10F48163890F8200020F080000C4965
:10D89000163981F820000AE00021094816388182F3
:10D8A000C1834FF6FF70064916398881C882044843
:10D8B000163890F8200000F0800010BD140241429C
:10D8C0001E000020002100BF15E000F080021AB108
:10D8D00001220A4B1A6002E00022084B1A6042063D
:10D8E000100E0022054B083B1A600122044BC3F8BE
:10D8F000B4224A1CD1B20829E7DB7047BC824042FF
:10D900000080404210B5F8F7CFFA40F225511E488A
:10D9100000F055F810B31C4800F00AF9C4B21B48D7
:10D92000008800F40040C8B91848008800F480401E
:10D9300060B10A2C03D000201449088020E013486D
:10D94000008840F400401149088019E00D2C06D1F0
:10D950000E48008840F480400C49088010E00B48D5
:10D960000088C0F30D000A490C5408480088401C88
:10D970000649088008460088C72801DD0020088085
:10D98000F8F7A4FA10BD0000001001407800002054
:10D99000F03B002001F40072B2F5007F00D100BF1F
:10D9A000CA430280704721B1828942F400528281C9
:10D9B00004E082894DF6FF731A408281704770B58A
:10D9C0000246002400230025002040F66A16B142DA
:10D9D00000D100BFC1F3421501F01F03012606FA72
:10D9E00003F3012D02D19689334006E0022D02D1C6
:10D9F000168A334001E0968A33400C12012606FA5B
:10DA000004F41688344013B10CB1012000E000206A
:10DA100070BDF0B50346002400260025002040F626
:10DA20006A17B94200D100BF1846C1F3421401F091
:10DA30001F06012707FA06F5012C01D10C3004E07E
:10DA4000022C01D1103000E014301AB107682F43C6
:10DA5000076002E00768AF430760F0BD2DE9FF47AC
:10DA600005460E460024A14600BFA046B08900B17D
:10DA700000BF2C8A24F44054F08804432C82AC89E3
:10DA800041F20C608443B0883189084371890843AE
:10DA90000443AC81AC8A24F44074B0890443AC8262
:10DAA0006846F9F777FC2048854202D01F48854236
:10DAB00002D1DDF80C9001E0DDF80890A88900F4AF
:10DAC000004040B109EBC90000EB09103168490082
:10DAD000B0FBF1F707E009EBC90000EB0910316872
:10DAE0008900B0FBF1F76420B7FBF0F004012009D6
:10DAF000642101FB1078A88900F4004040B1322075
:10DB000000EBC800B0FBF1F000F00700044308E0B0
:10DB1000322000EB08106421B0FBF1F000F00F00A0
:10DB200004432C81BDE8FF87001001400014014030
:10DB300001468888C0F30800704700BFFEE7000078
:10DB400010B50446214610A0F2F724FC240300F08F
:10DB500015F900F0ADF800200D4908602020FBF712
:10DB6000CFF9C4F30740FBF7CBF9C4F30720FBF769
:10DB7000C7F9E0B2FBF7C4F901200649C1F88002F9
:10DB800000F096F810BD000066653A25780D0A0091
:10DB900080824042008040421CB501210220F9F7FA
:10DBA000B9FB012000908DF8040000208DF80600DC
:10DBB00003208DF8050001208DF80700694608480C
:10DBC000F3F7A2FC012007490860FBF737F90020B2
:10DBD000FBF7B2F900F032F8034908801CBD0000E1
:10DBE00000040240808240425C0000202DE9F041A8
:10DBF00006460C46174600200F4908600320FBF735
:10DC00007FF9C4F30740FBF77BF9C4F30720FBF768
:10DC100077F9E0B2FBF774F9002505E0FF20FBF788
:10DC20006FF97055681C85B2BD42F7DB01200249CF
:10DC30000860BDE8F08100008082404210B50024F9
:10DC400000200E4908609020FBF75AF90020FBF7EE
:10DC500057F90020FBF754F90020FBF751F9FF209A
:10DC6000FBF74EF944EA0024FF20FBF749F904438F
:10DC700001200349C1F88002204610BD8082404245
:10DC80000080404210B500240020074908600520AC
:10DC9000FBF736F9FF20FBF733F90446012003496F
:10DCA000C1F88002204610BD808240420080404280
:10DCB00010B500BFFFF7E6FF00F001000028F9D122
:10DCC00010BD00002DE9F05F81460F461646DFF8D3
:10DCD000A8B04FEA1738C7F30B0ACAF58054A6421A
:10DCE00000DC344644E04FEA08314FF48052584695
:10DCF000FFF77CFF002508E00AEB05001BF8000099
:10DD0000FF2800D003E0681C85B2A542F4DB00BF09
:10DD1000A54216DA4046FFF713FF002507E019F881
:10DD2000050005EB0A010BF80100681C85B2A5424D
:10DD3000F5DB4FEA08314FF48052584600F02EF8D8
:10DD400004E022463946484600F028F8A64200D1B1
:10DD50000FE008F101084FF0000AA1442744301BEE
:10DD600086B2B6F5805F02DD4FF4805400E03446A1
:10DD7000B9E700BFBDE8F09FF02B002010B50020F0
:10DD8000044908600620FBF7BBF801200249C1F8EE
:10DD9000800210BD80824042008040422DE9F04167
:10DDA00007460E461446F0B2C0F58075AC4200DC62
:10DDB000254612E02A463146384600F013F8AC42B8
:10DDC00000D10BE02F442E44601B84B2B4F5807F59
:10DDD00002DD4FF4807500E02546EBE700BFBDE8AB
:10DDE000F08100002DE9F04106460C461746FFF78A
:10DDF000C5FF00200F4908600220FBF781F8C4F33B
:10DE00000740FBF77DF8C4F30720FBF779F8E0B291
:10DE1000FBF776F8002504E0705DFBF771F8681CED
:10DE200085B2BD42F8DB012002490860FFF740FFE0
:10DE3000BDE8F0818082404202490120096881F8F2
:10DE4000540070477C0200202DE9F0418AB004465E
:10DE5000F4F7B2FABCB32046F3F73CFE0190D0E9E8
:10DE60000012CDE90412876A056A01A8F3F770FE73
:10DE7000204600F0F5FE060025D0204600F00DFA01
:10DE80008046B80704D52A46414604A801F046F862
:10DE90002046F3F71FFE01904046F3F71BFE069065
:10DEA0003046F3F717FE039005620698019AC169A0
:10DEB0001162C46101A8F3F74BFE06A8F3F748FE10
:10DEC00003A8F3F745FEF5F7C9FB0AB0BDE8F081FA
:10DED0002DE9FC5F9846DDE90C5491460E46074655
:10DEE000DDF83CB0F4F768FADFF82CA1DAF814009A
:10DEF00004434DB9BAF8020048B348480AF1380162
:10DF00000068407C51F82050681C0ED0FDB12846B6
:10DF1000F3F7E0FD0190B0F90010B0F902200F44D2
:10DF20001644B9F1000F02D006E000250FE0B0F969
:10DF30000430591A01F10109B8F1000F04D1B0F908
:10DF40000600801A00F1010801A8F3F701FE0BF1A9
:10DF50002C00F3F7FAFC5FEA000B57D0BAF8020086
:10DF6000401CAAF802005846F3F7B4FD0090078061
:10DF700007EB09014680491E818006EB0801491E16
:10DF8000C1800E990161264A816A22401143816253
:10DF90006846F3F7DDFDDAF80C005E4650B1F3F7A2
:10DFA000EFFD07463046F3F7EBFD0146786948611F
:10DFB0007E6101E0CAF80CB02946584600F0E6FE42
:10DFC000A00602D5584600F0EDFCE00705D0DAF8CF
:10DFD000201001F10101CAF82010600602D5584650
:10DFE000FFF732FFA0070DD55846F3F773FD0090F9
:10DFF000816A41F0020181626846F3F7A9FD584643
:10E0000000F0B8FB0121584601F0D3F9F5F726FBE3
:10E010005846BDE8FC9F00001C0300207C02002045
:10E020009F3F0700064910B50968002081F8540099
:10E03000F4F7C2F9F7F760FABDE81040F5F70EBB48
:10E040007C02002010B50446C168D4E90020172ADC
:10E050000DD004DC0E2A0CD0142A07D104E0222AA9
:10E060000CD0282A02D10CE000F0B4FD0020E060C2
:10E0700010BD2146BDE8104000F0C3BC6FF07040F9
:10E08000F5E7BDE8104000F075BB38B5040010D0CE
:10E09000F4F792F92046F3F71DFD00900068F4F7BD
:10E0A0005BFF6846F3F754FD2046F3F76DFCF5F788
:10E0B000D5FA38BDF8B5050061D0F4F77DF92846EA
:10E0C00000F088FF002858D0284600F0DBFD064607
:10E0D0000B21284601F06DF9284600F03EFD284648
:10E0E000F3F7F8FC0090406A08B1F4F765FA244CA5
:10E0F000002104F15002A162A06852F82030AB4226
:10E1000001D142F820101E4A483252F82030AB426A
:10E1100001D142F82010206904E04368AB4200D1ED
:10E12000416000680028F8D10721284600F06FFB05
:10E13000009801F0FFFB284600F038FD284601F06A
:10E14000B7F80098806AC10703D0216AA1F10101E4
:10E150002162800602D5A088401EA0806846F3F7A1
:10E16000F7FC6088401E60802846F3F70DFC0448E9
:10E17000383050F8260000F015FCF5F76FFAF8BDBE
:10E180001C0300202DE9F0410025F4F715F900E00B
:10E19000012502F0FDFF0028FAD11A4E1A4C306812
:10E1A00090F8540038B1A08828B1E069012720B167
:10E1B0000068804704E0002702E00120F5F7B0FF87
:10E1C000F5F74CFA306890F8540058B1A08848B17F
:10E1D000F4F7F2F802F0A0FEF5F740FAA08808B1D3
:10E1E0000125EFE7F4F7E8F83FB1E06910B14068C6
:10E1F000804702E00020F5F793FFF5F72FFA284655
:10E20000BDE8F0817C0200201C03002010B504460C
:10E21000F4F7D2F80648006810B906480068806C28
:10E22000214600F009F8BDE81040F5F717BA0000E4
:10E23000400300207C02002070B50C460546F4F730
:10E24000BBF82146284600F0C5FCBDE87040F5F754
:10E2500005BA0000034804490068407C51F82000DA
:10E26000704700007C020020540300200021022897
:10E2700002D2024951F8201008467047540300208A
:10E2800010B5040007D0F4F797F82046F3F778FCB0
:10E29000C469F5F7E3F9204610BD10B5040007D0B6
:10E2A000F4F78AF82046F3F76BFC8469F5F7D6F9A2
:10E2B000204610BD2DE9F04F9BB04FF0000B5E469D
:10E2C000CDF820B0CDF824B0CDF828B0F4F7C8FCD4
:10E2D00018B100201BB0BDE8F08F6846F4F79AFC37
:10E2E0000098C84DC84C401C0ED10198401C0BD161
:10E2F00020689DF8081000EB400005EB8000007AD4
:10E30000884201D15846E5E7F4F756F8009800280E
:10E310000EDB019800280BDBBC490098B1F9001016
:10E320000844BB4900900198B1F9001008440EE080
:10E330000098401C0CD10198401C09D1206800EBCA
:10E34000400055F8201005EB8000009140680190D6
:10E3500005A800F0CBFB9DF80900022800D2206040
:10E3600007AA12A92068F3F791FF12990098401AA2
:10E37000009007990198009A401A0190206800EBDC
:10E38000400055F8201091420AD105EB8000019A17
:10E390004168914204D1007A9DF8081088427CD0EF
:10E3A000DDE900019DF80920F3F7F6FB994F396884
:10E3B00009B1684688479848216850F8210018B983
:10E3C000DDE9000100F0DEFA06907A6812B10699E4
:10E3D000684690478B4F2068383707EBC001486884
:10E3E000069A824201D0012200E000220DF12009AC
:10E3F000F0B1EAB1486800F0B1FDC8B1206807EBA0
:10E40000C000406800F09FFD90B19DE8070008AB98
:10E4100007C31220CDF844900E90206807EBC0008F
:10E4200040680EA900F0EBFF206807EBC0004660D3
:10E43000069800F093FD00287ED00699206807EB2F
:10E44000C002516000EB400005EB80009DF8081011
:10E45000007ADFF8B0A188420AF1280A5DD0069858
:10E46000C0B30698F3F736FB9DF8081013908DF8AB
:10E470003410216801EB410105EB8101097A8DF827
:10E480003510B0F900200099891A0B91B0F90200FB
:10E490000199081A0C9013A800E0ACE0F3F758FBC0
:10E4A0000BA8119011200E90206800EB400105EBA5
:10E4B000810191E88C000492CDE914379DF8082081
:10E4C0000A729DF8281031B10AEBC0014F68069A14
:10E4D0004A6001E021E000270AEBC000D0F8048088
:10E4E00006980EA900F044FF21680AEBC1004368BA
:10E4F000434501D04068069001EB410005EB8003E5
:10E50000DDE91412049807C33FB1384600F064F9FE
:10E5100018B121680AEBC100476020689DF8081017
:10E5200000EB400805EB8802137A0B434BD00C2319
:10E530004FF0010B574600E052E00AEBC0000E938B
:10E540004368DDF818C09C4515D043689BB109B1FC
:10E55000119608E055F828100891516809918DF836
:10E560002860CDF8449040680EA900F048FF20686C
:10E5700007EBC000466020689DF8081000EB4002E1
:10E5800005EB82021172069951B39DE80E000DF160
:10E590002008A8E80E009DF8281021B1069907EB85
:10E5A000C000416008E01D48007808B100F066F93D
:10E5B000206807EBC00046600698CDF844900EA98D
:10E5C00000F01DFF0CE0069850B1069800F0BBFC6F
:10E5D00030B19DE8070008AB07C310200E90EBE7B1
:10E5E00021689DE81C0001EB410005EB80001CC088
:10E5F000684600F035F905A800F044FEF5F72EF85E
:10E6000080E60000107B012024030020AC020020E3
:10E61000AE020020AC03002064030020740300203D
:10E620002DE9FF5F2C4D6878002853D100272B4837
:10E63000EF60AF620068DFF8A8903C464764AF80A7
:10E640006F804FF0020A4FF0FF3B40F6FF7805F174
:10E6500038062046F3F7ECFB98B1CDE90297CDE9F7
:10E6600000BA0021424643460846FFF731FC1A4AE9
:10E6700046F8240040326FF0704142F8241000F058
:10E6800079F8641C022CE4DB164FDFF85C80DFF8BD
:10E690005C90002407EBC40000F028FA08EBC400EB
:10E6A00000F024FA09EBC40000F020FA641C022CEC
:10E6B000F0DB306800F076F9FFF7BEFB0120064979
:10E6C000687030310A48086004B00846BDE8F05F61
:10E6D000F5F7DEBDBDE8FF9F1C0300207C02002093
:10E6E00075350108287B0120387B0120487B0120FB
:10E6F000B920010870B586B00D46060031D0F3F799
:10E700005BFE3046F3F7E6F90090846AA10723D553
:10E71000D0E90010CDE90110E00302D5304600F049
:10E720008AFB5DB1286803906868049003A900988B
:10E7300000F0E4F903A901A8F5F7ACFC314601A803
:10E7400000F0E4F940B140F601000440012C0AD089
:10E7500001A9304600F06CFB6846F3F7F9F9F4F7CD
:10E760007DFF06B070BD0098026A816901A800F0C3
:10E77000D5FBF1E70021FFF7BDBFFEB515460E46FC
:10E7800004001CD0F3F7A6F90246009090F8280088
:10E79000800711D5314601A8F5F799FC60B16846AC
:10E7A000F3F7D6F92A4601A9204603F0ABFB204631
:10E7B000FFF766FD04460CE06846F3F7C9F9FEBDB5
:10E7C0002A4601A92046FFF7D8FF2046F3F7D8F9DB
:10E7D000046A002CF4D1FEBD10B50446F3F7ECFD3D
:10E7E000204600F0F7FB0446F4F738FF204610BD42
:10E7F00070B514460D460646F3F7DEFD224629465F
:10E80000304600F0F9FBBDE87040F4F727BF1FB5B4
:10E81000262203910092694600F0F3F81FBD000024
:10E8200070B586B00D4606460024F3F7C5FD0B49CA
:10E830000948096850F8210048B10E21059500915A
:10E8400004A9CDE90316694600F074FD0124F4F72C
:10E8500005FF06B0204670BD6C0300202403002095
:10E86000054A01EB410102EB8101D0E900238068F8
:10E870000A60C1E901307047D47B012010B5F3F77D
:10E880009BFD00F0E9FCBDE81040F4F7E7BE70B571
:10E89000154606468AB00C4651EA050070D0002E97
:10E8A0006ED0F3F789FD3046F3F714F90590D0E9FF
:10E8B0000012CDE90212CDE9061284B1816A0A067E
:10E8C00008D5890506D4BDF81810A1EB0401ADF8F0
:10E8D000181004E0BDF81C102144ADF81C1085B1DF
:10E8E000816ACA0508D5490506D4BDF81A10A1EBFE
:10E8F0000501ADF81A1004E0BDF81E102944ADF86A
:10E900001E10806AC00302D5304600F094FA05ABB1
:10E9100007CBC0E9001290F8280080070AD506AAA4
:10E9200002A908A8F4F73AF90598026A816908A8CB
:10E9300000F0F4FABDF91E00BDF90E10401A009067
:10E94000BDF91C00BDF90C10431ABDF91A00BDF940
:10E950000A10421ABDF91800BDF90810411A0598AD
:10E9600000F068FD059901F10800F5F793FB05211A
:10E97000304600F01EFD05A8F3F7EAF8F4F76EFE46
:10E980000AB070BD70B50C460546F3F715FD22467A
:10E990002946002003F06AFD0446F4F75FFE204696
:10E9A00070BD000070B50446F3F706FD0C4D2868F5
:10E9B000866C0CB90B49CC688464204600F0B0FC2E
:10E9C000F6F79AFD2046F3F7DBF82968B0F9002046
:10E9D000CA64B0F902000865F4F740FE304670BD25
:10E9E0007C0200201C03002070B50C460546F3F79E
:10E9F000E3FC2146284600F0C9FCBDE87040F4F76E
:10EA00002DBE70B50C0005460DD0F3F7D5FC284699
:10EA1000FFF743FC18B12146A56000F08BFCBDE870
:10EA20007040F4F71BBE70BD10B5F2F74DFD024902
:10EA300000200968486410BD7C020020F8B5164625
:10EA40000C4605001DD0F3F7B7FC2846F3F742F853
:10EA50000090B0F90410B0F90020891A641AB0F9D6
:10EA60000610B0F90200641E081A361A761E6846AF
:10EA7000F3F76EF8324621462846FFF708FFF4F711
:10EA8000EDFDF8BD70B50546F3F796FC0448006847
:10EA9000446C456400F006F8F4F7E0FD204670BDD4
:10EAA0007C0200200EB50E48006890F8541009B1A1
:10EAB0000C4811E0806CF3F70DF80090D0E90010DD
:10EAC000CDE901106846F3F743F80748416A11B1F0
:10EAD00001A800F01BF801A803F0EAFC0EBD00003D
:10EAE0007C0200209C7A01201C03002002490A6855
:10EAF00002600860704700002C0300200B46B0F94C
:10EB00000220B0F900101846F4F774B838B50C4676
:10EB100005462046F2F7DEFF0146009090F82800F7
:10EB2000800703D46846F3F713F812E02846F5F798
:10EB3000B1FA0098806920B104466846F3F708F8F6
:10EB4000E7E76846F3F704F8204600F089FF00285D
:10EB500001DA002038BD012038BDF8B50546F3F7CD
:10EB60002BFC6846F4F724FA1AE001212046F4F75A
:10EB700006FA009981B178B10846F3F701F84068C8
:10EB8000A84209D169462046009EF4F725FA0446BA
:10EB90003046FFF77AFA04E069462046F4F71CFA9B
:10EBA0000446002CE1D1F4F759FDF8BD38B5044610
:10EBB000F2F790FF0090816941B1026A00F0AEF96E
:10EBC000204600F08DFB0099002088616846F2F72E
:10EBD000BFFF38BD38B50C4600280AD0002C08D03D
:10EBE000F2F778FF2146009000F004F86846F2F74B
:10EBF000AFFF38BD00224A800A8082880388D21A7B
:10EC00008A80C2884088101AC880704710B5FFF704
:10EC100044FB002802D0F2F7B3FFC06910BD00002A
:10EC20000D4810B5006890F85400002806D00B4C31
:10EC30006069012803DD401E6061002010BD20696D
:10EC4000401C206102F024FD18B1FFF72BFF0120CA
:10EC500010BD6069EFE700007C020020947A01207B
:10EC600070B50546FFF7D2FF08E0AC4201D10024A1
:10EC700006E0F2F785FF006AA84201D00400F4D153
:10EC8000204670BD10B50446F2F77AFF806900286F
:10EC9000F9D12046BDE8104000F0E2BEF0B5384E94
:10ECA000074687B0306890F8541041B1354C61691F
:10ECB000491C6161012905DD012007B0F0BDFFF7A6
:10ECC000F1FEF9E7806CF2F705FF2F4D4FF0FF31B1
:10ECD00000902161297821B181680291C068039078
:10ECE00007E090F8281089073CD5D0E90010CDE95D
:10ECF00002101FB1394602A8F5F7CCF93068406C14
:10ED000078B3009804903068406C016805914068C1
:10ED10000690686A30B104A8F2F71AFF686AF2F741
:10ED2000D9FE049005A90498FFF7E8FE05A902A8FA
:10ED3000F5F7B0F90DF11000F2F70AFF696A19B1A1
:10ED400002A8FFF7E3FEB0B13068816C02A8FFF7BC
:10ED5000DDFE80B1DDE90201C4E90001FFF760FFDB
:10ED6000ABE706E06069401E60616846F2F7F0FEBE
:10ED700004E06846E0E76069401E606100209CE7AF
:10ED80007C020020947A01201C030020FEB50D00B7
:10ED9000044647D0F2F79EFE009000218561016293
:10EDA0002846F2F797FE00990290C56991F828105D
:10EDB00001F008062DB12846F2F78CFE019036B11D
:10EDC00015E0C4616846F2F7C3FE02A828E090F897
:10EDD000280000070BD5009805620298C4616846B8
:10EDE000F2F7B6FE02A8F2F7B3FE01A818E002A8F7
:10EDF000F2F7AEFE01A8F2F7ABFE2846F2F7C0FE2E
:10EE000011E004620BE02846F2F7BAFE5EB990F812
:10EE10002810090707D50198046200980562684622
:10EE2000F2F796FEFEBD0190056A002DEBD1E8E7F2
:10EE3000202203F067B838B504001ED0F2F74AFE6E
:10EE4000009090F82810890714D5406A20B1F3F794
:10EE5000B3FB0099002048622046FFF711FA0446F0
:10EE600006E02046FFF7E7FF2046F2F789FE046A36
:10EE7000002CF6D16846F2F76BFE38BD70B5064639
:10EE800015460C460846F2F77BFE806AC00302D5A1
:10EE90004FF4804300E020232A4621463046BDE857
:10EEA0007040AFF300802DE9FF41984616460746B3
:10EEB0000D0031D00846F2F70DFE0090846A02463C
:10EEC000A00726D5394601A8F5F701F908B340F6A1
:10EED00001000440012C07D0424601A9284603F056
:10EEE00011F80098C46912E000984346026A8169EB
:10EEF00001A8FFF7D8FFF4E7B4420AD0424601A9BF
:10EF00002046FFF73AFC2046F2F73AFE046A002C4E
:10EF1000F2D16846F2F71CFEBDE8FF812023FFF71F
:10EF2000C2BF000070B50C46002550B14CB100BF07
:10EF3000F2F726FE8069A04201D1012501E00028F8
:10EF4000F6D1284670BD10B50124F2F719FE90F8ED
:10EF50002800C00600D50024204610BD70B5104D15
:10EF600006460E4C286804EBC00041683046FFF7A7
:10EF7000D9FF296804EBC102516829B10021526808
:10EF8000B24203D1012202E00121F8E7002201434D
:10EF9000114301D0012070BD002070BD287B0120ED
:10EFA0002403002090F828309B0711D5B0F90030D9
:10EFB0008B420DDCB0F904308B4209DBB0F9021052
:10EFC000914205DCB0F90600904201DB0120704758
:10EFD0000020704710B504460648C06806E0A0420D
:10EFE00001D1012010BDF2F7CBFD40690028F6D118
:10EFF00010BD00001C030020F0B58BB006004FF0E0
:10F00000000015460C4604900590069007903DD0F0
:10F0100054EA05003AD03046F2F75CFD0090D0E9A2
:10F020000012CDE902122A462146F3F7E3FD0098CB
:10F030002A4621460830F3F7DDFD0098C769684687
:10F04000F2F786FD2A462146384602F0AAFF3046EE
:10F05000F2F740FD009090F8281089070AD58169E1
:10F0600041B1026AFFF70AFF0098026A816902A8AB
:10F07000FFF704FF6846F2F76BFD0320049007AA30
:10F0800008A831C204A9304600F054F90BB0F0BD15
:10F090002DE9F14187B000250798F2F71BFD01909B
:10F0A000D0E90212CDE9031207698669846A01A8D2
:10F0B000F2F74EFD44F2200814EA080F30D0DFB119
:10F0C00003A80799FFF722FDB0B10798FFF76AFC84
:10F0D00060070DD556B144F30000401C009000239A
:10F0E00007AA114903A8F3F78BFA05E00120F5E719
:10F0F000079800F065F801250798F2F7EBFC0190FE
:10F10000816A21EA080181628A0402D541F0040182
:10F11000816201A8F2F71CFD04498888401E88809E
:10F1200008B02846BDE8F0812D3501081C030020F9
:10F13000F0B589B00546F2F7CDFC0290866A046905
:10F14000D0E90210CDE9001002A8F2F701FD002C71
:10F1500031D0B0072FD52E212846FFF745FC174C9C
:10F160006F46207800F101002070F0044FF00F0688
:10F1700009D5CDE904650797FFF756FC04A9284691
:10F1800000F0D8F810E03846FFF788FD0AE0CDE936
:10F1900004650797FFF748FC04A9284600F0CAF861
:10F1A000FFF73EFD0028F2D120782F21401E20706D
:10F1B0002846FFF719FC09B0F0BD00001C03002031
:10F1C00038B50446F2F786FC0090806A40F60101EB
:10F1D0000840012805D06846F2F7BAFC204602F044
:10F1E00099FF1448006A002823D0204602F0EAFF65
:10F1F0002046F2F7C5FC8569046A18E02046F2F75C
:10F20000BFFC90F82800C043800702D1204602F0DE
:10F2100093FF204602F0D6FF2046F2F7B1FC046AC5
:10F22000002CEBD12846F2F7ABFC8569046A002D6F
:10F23000F6D138BD1C030020B0F90010B0F904204D
:10F24000914205DCB0F90210B0F90600814201DDFF
:10F2500000207047012070477FB5094D074C286892
:10F2600054F82000002808D018210091694600F0C9
:10F2700061F82968002044F821007FBD6403002064
:10F2800024030020094B1968002905D0002281427F
:10F2900006D108680AB110607047002818607047EE
:10F2A0000A4609680029F2D1704700002C030020AB
:10F2B00070B505460948C0680CE000BFF2F760FC75
:10F2C00004464069A84205D12846F2F759FC406936
:10F2D000606170BD0028F1D170BD00001C030020EA
:10F2E00070B50646F2F74CFC05468069002809D047
:10F2F000F2F746FC0446C069B0420ED1F2F740FC7A
:10F30000006AE06170BD00BFF2F73AFC0146006A96
:10F31000B04202D1286A086270BD0028F4D170BDE5
:10F3200010B5FFF7AFFC002803DBBDE81040F3F792
:10F3300047BD10BD70B50D4C06460D46206814281B
:10F340000DDA3046F2F71CFC01696E6041B12068AD
:10F35000401C2060284688472068401E206070BD01
:10F360002846BDE87040FEF76DBE0000A8030020EF
:10F3700070B50C460546FFF7E6FD002805D021468E
:10F380002846BDE87040FFF7D5BF70BD7FB5054684
:10F39000002000900190029003900C462846F2F75E
:10F3A000EFFB0269002A03D06846CDE9004590478B
:10F3B0007FBD1FB5CDE900106946FFF7BBFF1FBD3C
:10F3C0007FB505460E464868C9680391CDE9010539
:10F3D0000D202C46009008E02046FEF75EFF04005A
:10F3E00003D069460396FFF7C3FF2046FFF7F4F901
:10F3F0000028F1D131462846FFF7BAFF7FBDF8B5A6
:10F40000CC680D46064684B1F2F764FB0090B0F973
:10F4100000002168081A206000996068B1F90210A4
:10F42000401A60606846F2F793FB29463046FFF7C2
:10F43000C7FFF8BD2DE9FF4F81B09B46C66962E06A
:10F440003046F2F747FB01460090D1E90004896A93
:10F45000254601F420730246802B09D0B3F5207FA6
:10F46000029B134406D063F30F02029B234405E082
:10F4700002EB0B0363F30F0204EB0B0301F4A06137
:10F4800063F30F04B1F5807F0BD0B1F5A06F039942
:10F490004FEA224307D0194461F31F422314039912
:10F4A00006E00E991314194461F31F420E992314B8
:10F4B00019440FFA82FA61F31F440FFA80F9171406
:10F4C0004FEA2048AAEB0901A7EB080251EA020023
:10F4D00002D03046FFF78CF92AB221B2A2EB090024
:10F4E000A1EB0A01091AC7EB2440C8EB2542821A96
:10F4F00051EA020002D03046FFF7C9F90098066AC7
:10F500006846F2F725FB002E9AD105B0BDE8F08FD2
:10F510002DE9F0411B4D0C460646A968686B014475
:10F52000491EA019884205D8016819B941680E44DE
:10F5300002F0D6FE686BA0420AD254F8040C271AD7
:10F54000386828B978680644384602F0C9FE3C4657
:10F55000304602F053FB05EBC0073246002120463F
:10F560003B6C03F0DFFB57F8400F083400B14460F8
:10F570002060002060603C6028683044286030468D
:10F58000BDE8F081447901202DE9F041054602F003
:10F5900067FC2B48C46BAC4202D8ED1C25F0030479
:10F5A000804600680C34A04202D20020BDE8F08101
:10F5B00002F056FE0600F9D0204602F01FFB42463C
:10F5C00011E000BF02EBC001096C59B18D686B6896
:10F5D000A3420BD2A96829B18D686B68A34205D2FA
:10F5E000002DF7D1401C1028ECD31FE0F5B1D8F85E
:10F5F0003C00191B0C301F46814200D23C46284675
:10F6000002F06EFE0421D8F8300001EBC6010023A1
:10F61000455022463146284603F084FBA74203DDCD
:10F620002919381BFFF774FF3046BFE7204602F068
:10F630009FFE0028C0D0304602F032FEB5E7000041
:10F640004479012001207047F0B40F4C246814B1B4
:10F65000A446F0BC60470D4DDFF834C010C855FA21
:10F6600084F63778C4F30726C4F307441CF8066011
:10F670002C5D521E04EB461404EBC7240C80194485
:10F68000ECD1F0BC70470000600200208C8C0108B7
:10F690008C8D010810B510C80C601944521EFAD1A7
:10F6A00010BD00002DE9F0478146F5F7E5FA4FF06F
:10F6B000000807466FF07F444546F5F7F5FA060067
:10F6C00018D000BF56F82510494502D12846BDE89C
:10F6D000F0876D1CBD42F5DB5FF00005484656F82B
:10F6E0002510F2F795FAA04201D20446A8466D1CF7
:10F6F000BD42F3DB4046EAE77047000010B5084A18
:10F7000052FA80F1074BC0F30724C0F307401B5D9A
:10F71000105C097800EB431000EBC12010BD000025
:10F720008C8C01088C8D01082DE9F05F9A46DDE98B
:10F730000A8791460C4605468B46164635F8020B5D
:10F7400041468847B84701C4761EF7D15046BAF102
:10F75000200F06D2024649465846BDE8F05FF4F74E
:10F7600005B8BDE8F09F2DE9F041054640690E4619
:10F770003421008801EB8000F2F7D8F80746F2F751
:10F78000A9F9044628688069F2F752FBC1688A6AC1
:10F7900008219047032810DB04280DDD082809DD27
:10F7A000102803DD20200421A06108E010200221A0
:10F7B000A06104E0082000E004200121A061216193
:10F7C00068690088E06148436061F2F75BF961694C
:10F7D000814200DD606104F1340000212060C4E951
:10F7E000027184F83060012E05D0E1696FF00302E8
:10F7F00002EB8101084460602046BDE8F081000012
:10F800002DE9F04385B08146F2F764F90390B0F931
:10F810000080B0F90270B0F90440B0F90650466AB1
:10F8200003A8F2F795F9A4EB0804ED1B641C6D1C0A
:10F83000002C01DD002D03DC002005B0BDE8F083C5
:10F84000AEB13046F2F746F90490B0F90440B0F991
:10F85000065004A8F2F77CF94046444501D1BD4268
:10F860004FD001463A463046F2F7F4FF49E0FEF742
:10F87000F1FC814513D1F5F74BFA0646F5F754FA3A
:10F88000B44201DC85420ADDB44200DD34468542E3
:10F8900000DD05462A4621464846FFF7CFF81D4AB7
:10F8A0001D4901208DE807002B4622463946404677
:10F8B000F3F73CF806464846F2F70CF90390466227
:10F8C0000EB3816A41F48031816203A8F2F740F9F6
:10F8D0003046F2F791FF07460120F3F735FF304637
:10F8E000F2F739FF0D496C43A2000978F4F7D8FC10
:10F8F0004846FFF71DFC0020F3F726FF3846F2F7D5
:10F900007BFF304699E703A8F2F722F94846FFF754
:10F910000FFC91E72890010880900108A4030020C3
:10F920000349884202D101F13C0070470C3870470E
:10F93000807B012010B50446E069FEF7BBFBE0695F
:10F940000028F9D110BD00002DE9FF47F5F7E0F9D7
:10F950008146F5F7E9F982460727002080460446EC
:10F96000804606E004EB44003A4951F82000804408
:10F97000641CBC42F6DBAAF1280090FBF8F50020DD
:10F98000ADF808003B20ADF80C002820ADF80A00C7
:10F990003148F3F755FA00241CE0BDF90A0004EBE6
:10F9A00044012C4A52F8211005FB0100401E00B210
:10F9B000ADF80E0004EB440102EB81010C228868D3
:10F9C00002A9F2F72DFBBDF80E00401C00B2ADF805
:10F9D0000A00641CBC42E0DB3C20ADF80800A9F141
:10F9E000010000B2ADF80C002820ADF80A00002498
:10F9F0002CE0002622E0BDF80A002844401E00B298
:10FA0000ADF80E0004EB4400124901EB80004068A1
:10FA1000124951F82610CDE90010BDF90E30BDF99C
:10FA20000C20BDF90A10BDF90800F2F723FBBDF860
:10FA30000E00401C00B2ADF80A00761C04EB440036
:10FA4000044951F82000B042D5DC641CBC42D0DB34
:10FA5000BDE8FF8794650108F48B0108E86501089B
:10FA60000146064A002000BF52F820308B4204D0E5
:10FA7000401C0228F8DB4FF0FF3070475403002091
:10FA8000F7B51546184A01A9009812689047174C17
:10FA900000902068406920B12946F3F745F9002815
:10FAA00021D00120F4F73CFB2068C069406920B1F7
:10FAB0008268DDE90001904712E00D4D0CE06846D8
:10FAC000F3F792FC06462068C06901683046884713
:10FAD000296809B1304688470198401E0190EED54B
:10FAE0000020F4F71DFBFEBDE00200207C02002098
:10FAF000A40200202DE9F04781460C4617461D461A
:10FB0000DDF82080B9B2A0B2F5F716FD09480089EA
:10FB100009490968088007E02E88084800680680BF
:10FB2000A8F10108641CAD1CB8F1000FF4DCBDE8BD
:10FB3000F08700001C290020B4000020B80000203D
:10FB40002DE9FF4F83B081460E461C46DDE9117A50
:10FB5000109DDAF800000290DAF8040001902E44BB
:10FB600032480068007C00F0030030B1012836D034
:10FB700002281CD0032855D130E000BF2078802215
:10FB80002A41104008B1019800E00298034631462E
:10FB9000761C4846059A02F019FD681C054608289F
:10FBA00001D10025641C781E071EE7D13AE000BF92
:10FBB000207880212941084028B131464846019BE0
:10FBC000059A02F003FD761C681C0546082801D141
:10FBD0000025641C781E071EEAD123E000BFD9F877
:10FBE000101088688047804600BF20788021294116
:10FBF000084060B131464846059A02F00DF8834648
:10FC00008BEA080331464846059A02F0DFFC761C71
:10FC1000681C0546082801D10025641C781E071EB3
:10FC2000E3D100BF00BF07B0BDE8F08F7C02002029
:10FC30002DE9FF5F9046DDE90E924B4B99F800509D
:10FC4000C2F108048A465D5DDDE91071D540474A7E
:10FC5000139E1268127C12F0030225D0012A03D0F1
:10FC6000022A37D0032A7DD10069806880471FFAB5
:10FC700080FBBC4200D93C463F1BBAF1000F65D067
:10FC8000E8070AD0DAF808004146039A03685046AC
:10FC90009847318881EA0B013180B61C6D0808F164
:10FCA0000108641EECD15BE02F4ABC4200D93C46FF
:10FCB000B7EB040705F001006D0831F8200026F8C5
:10FCC000020B641EF6D1002F4CD019F8010F082446
:10FCD000155CEAE788881FFA80FBBC4200D93C46E5
:10FCE0003F1BBAF1000F16D08DB1E80708D0DAF843
:10FCF00008004146039A036850469847A6F800B0AA
:10FD0000B61C08F10108641E11D06D08ECE706EB83
:10FD10004406A0440BE045B1E80701D0A6F800B0C6
:10FD2000B61C641E03D06D08F5E706EB4406002FF1
:10FD300018D019F8011F0C480824455CCDE719F8C4
:10FD4000011F09480824455C93E70BE0E80703D04E
:10FD5000308880EA0B003080B61C6D08641EF5D137
:10FD6000002FECD1BDE8FF9F088F01087C02002026
:10FD70002DE9FF4F81B08A46DDF8388011ACDFF8FD
:10FD8000FCB098F800509146DDE90F1745CC1BF800
:10FD90000550C1F10804CD4039495B460968097C2A
:10FDA00011F003011ED0012903D002292FD003290D
:10FDB00061D110680069806880475946BC4200D90B
:10FDC0003C463F1BEA0702D0326842403260361D93
:10FDD0006D08641EF6D1002F4DD018F8012F0824AD
:10FDE0008D5CEBE71946BC4200D93C46B7EB0407F3
:10FDF00005F001026D0850F82220641E04C6F7D1F8
:10FE0000002F38D018F8012F08248D5CEBE74068EC
:10FE10000090BC4200D93C463F1BBAF1000F16D0FF
:10FE20008DB1E80708D0DAF808004946049A03685B
:10FE30005046984700983060361D09F10109641E4C
:10FE400011D06D08ECE706EB8406A1440BE045B148
:10FE5000E80701D000983060361D641E03D06D089D
:10FE6000F5E706EB8406002F05D018F8011F0824DB
:10FE70001BF80150CDE705B0BDE8F08F088F0108F1
:10FE80007C0200202DE9FF4F81B00F469846DDE946
:10FE90000F9A98F800B00E9D0E9D2F4453480068AD
:10FEA000007C00F0030010B102284BD14BE0BAF106
:10FEB000000F25D000BFC5F103004400C4F10601C6
:10FEC000C020084100EA0B0020FA04F65AF8260088
:10FED000009039467F1CDDE90030039A02F076FB82
:10FEE000681C0546042805D1002508F1010080465C
:10FEF00090F800B0A9F10100B0F10009DBD121E0D8
:10FF000000BFC5F103004400C4F10601C020084150
:10FF100000EA0B0020FA04F639467F1C3346039AA8
:10FF2000019802F053FB681C0546042805D1002502
:10FF300008F10100804690F800B0A9F10100B0F18D
:10FF40000009DED14DE0BAF1000F26D000BFC5F1A7
:10FF500003004400C4F10601C020084100EA0B0080
:10FF600020FA04F646B15AF8260000903946DDE939
:10FF70000030039A02F02AFB7F1C681C0546042807
:10FF800005D1002508F10100804690F800B0A9F1E4
:10FF90000100B0F10009DAD122E000BFC5F1030091
:10FFA0004400C4F10601C020084100EA0B0020FA19
:10FFB00004F62EB133463946039A019802F006FB47
:10FFC0007F1C681C0546042805D1002508F10100A6
:10FFD000804690F800B0A9F10100B0F10009DDD130
:10FFE00000BF00BF05B0BDE8F08F00007C0200201C
:10FFF0002DE9FF5F8B460FA9DDF83880B1E82104B9
:020000040801F1
:10000000C0F10401CCB298F80010400081402F48A4
:10001000129F91460068CEB2007C10F0030004D01D
:1000200001283AD002284FD114E0AC4200DDECB2F6
:100030002D1BB1093AF8210027F8020BB006060E75
:10004000641E14F0FF04F4D1002D3DD0042418F8F0
:10005000016FEAE7AC4200DDECB22D1BB0090DD018
:10006000B109BBF1000F3AF82100388006D0DBF867
:1000700008004946039A036858469847B006BF1CD3
:10008000060E641E09F1010914F0FF04E6D1002DEB
:100090001AD0042418F8016FDCE7AC4200DDECB2A2
:1000A0002D1BB00903D0388880F0FF003880B006DF
:1000B000BF1C060E641E14F0FF04F2D1002D03D005
:1000C000042418F8016FE8E7BDE8FF9F7C020020D8
:1000D0002DE9FF5F8B460FA9DDF83880B1E82104D8
:1000E000C0F10401CCB298F80010400081402F48C4
:1000F000129F91460068CEB2007C10F0030004D03D
:10010000012839D002284ED113E0AC4200DDECB218
:100110002D1BB1095AF8210001C7B006060E641E56
:1001200014F0FF04F5D1002D3DD0042418F8016F20
:10013000EBE7AC4200DDECB22D1BB0090DD0B109EC
:10014000BBF1000F5AF82100386006D0DBF8080038
:100150004946039A036858469847B0063F1D060E65
:10016000641E09F1010914F0FF04E6D1002D1AD034
:10017000042418F8016FDCE7AC4200DDECB22D1B63
:10018000B00903D0386880F0FF003860B0063F1D2A
:10019000060E641E14F0FF04F2D1002D03D00424D7
:1001A00018F8016FE8E7BDE8FF9F00007C0200201F
:1001B0002DE9F04107460D4690461C46069E08E094
:1001C000424629463846236802F000FA761E6D1C26
:1001D000241D002EF4DCBDE8F0812DE9F04799469E
:1001E000DDE908540A9F92465FEA0108064608D0F6
:1001F000D8F8080023464A46D0F804C05146404685
:10020000E0473069C06830B1A20029463846BDE8F1
:10021000F047F0F7DEB928462146002604C8120E42
:1002200002D1761C491EF9D156B1B2002946384692
:10023000F0F7CFF907EB860705EB8605A41B0CE06A
:100240002868010EFF2905D2C1F1FF023968F3F7D2
:10025000C5FF38603F1D2D1D641E002CDBD1BDE89D
:10026000F08700002DE9FF4F81B00F469846DDE989
:100270000F9A98F800B00E9D0E9D2F4453480068C9
:10028000007C00F0030010B102284BD14BE0BAF122
:10029000000F25D000BFC5F101008400C4F10401A6
:1002A000F020084100EA0B0020FA04F65AF8260074
:1002B000009039467F1CDDE90030039A02F086F990
:1002C000681C0546022805D1002508F1010080467A
:1002D00090F800B0A9F10100B0F10009DBD121E0F4
:1002E00000BFC5F101008400C4F10401F020084101
:1002F00000EA0B0020FA04F639467F1C3346039AC5
:10030000019802F063F9681C0546022805D1002512
:1003100008F10100804690F800B0A9F10100B0F1A9
:100320000009DED14DE0BAF1000F26D000BFC5F1C3
:1003300001008400C4F10401F020084100EA0B0030
:1003400020FA04F646B15AF8260000903946DDE955
:100350000030039A02F03AF97F1C681C0546022817
:1003600005D1002508F10100804690F800B0A9F100
:100370000100B0F10009DAD122E000BFC5F10100AF
:100380008400C4F10401F020084100EA0B0020FAC7
:1003900004F62EB133463946039A019802F016F955
:1003A0007F1C681C0546022805D1002508F10100C4
:1003B000804690F800B0A9F10100B0F10009DDD14C
:1003C00000BF00BF05B0BDE8F08F00007C02002038
:1003D0002DE9F05F92460BAA8946B2E842010A9FD6
:1003E0009B468B003A78C1F102009A40D5B24D4A43
:1003F0000E9CC0B21268127C12F003021AD0012ABD
:1004000079D0022A38D100295FD028090DD02909D6
:10041000B9F1000F38F82100208006D0D9F8080083
:100420005A465146036848469847A41C0AF1010AF7
:10043000761E48E039B12909761E38F8210024F8E3
:10044000020B17F8015F022E10DB701006F0010698
:100450002A0938F8221005F00F02218038F82210FE
:100460006180241D17F8015F401EF1D1002E03D0DA
:10047000290938F821002080BDE8F09F28090DD017
:100480002909B9F1000F38F82100208006D0D9F8E9
:1004900008005A46514603684846984715F00F0031
:1004A0000DD038F820006080B9F1000F07D0D9F8DE
:1004B00008005A460AF10101036848469847241D7E
:1004C0000AF1020AB61E17F8015F022ED6DA002ED4
:1004D000D2D02809D0D038F820002080B9F1000F00
:1004E000CAD0D9F808005A46514603684846BDE8C4
:1004F000F05F1847FFE7B04200DDF0B2361AA909F5
:1005000003D0218881F0FF0121802907A41C0D0E52
:10051000401E10F0FF00F2D1002EADD0022017F8DF
:10052000015FE8E77C0200202DE9F05F92460BAA0C
:100530008946B2E842010A9F9B468B003A78C1F196
:1005400002009A40D5B24D4A0E9CC0B21268127C8D
:1005500012F003021AD0012A78D0022A37D10029DA
:100560005ED028090DD02909B9F1000F58F82100F3
:10057000206006D0D9F808005A465146036848461C
:100580009847241D0AF1010A761E47E031B1290976
:10059000761E58F8210001C417F8015F022E10DB07
:1005A000701006F001062A0958F8221005F00F0213
:1005B000216058F822106160083417F8015F401E6E
:1005C000F1D1002E03D0290958F821002060BDE8A0
:1005D000F09F28090DD02909B9F1000F58F8210022
:1005E000206006D0D9F808005A46514603684846AC
:1005F000984715F00F000DD058F820006060B9F151
:10060000000F07D0D9F808005A460AF10101036823
:100610004846984708340AF1020AB61E17F8015FE7
:10062000022ED6DA002ED2D02809D0D058F82000D9
:100630002060B9F1000FCAD0D9F808005A465146D7
:1006400003684846BDE8F05F1847FFE7B04200DDA9
:10065000F0B2361AA90903D0216881F0FF012160A8
:100660002907241D0D0E401E10F0FF00F2D1002EB0
:10067000ADD0022017F8015FE8E700007C020020FF
:100680002DE9F04781460F4692461C46DDE90858A1
:1006900026480068007C00F0030010B1022841D118
:1006A0001EE0B8F1000F0ED00AE0267858F8263088
:1006B00052463946484601F089FF6D1E7F1C641C76
:1006C000002DF2DC0BE008E023785246394648461C
:1006D00001F07CFF6D1E7F1C641C002DF4DC21E00A
:1006E000B8F1000F0FD00BE0267836B158F826305D
:1006F00052463946484601F069FF6D1E7F1C641C56
:10070000002DF1DC0DE00AE026782EB1334652468A
:100710003946484601F05AFF6D1E7F1C641C002DAF
:10072000F2DC00BF00BFBDE8F08700007C020020C3
:100730002DE9FF4F83B015461E46DDE914BADDE909
:100740001297DDF84080119808283FD006DC012878
:1007500009D0022818D0042863D126E0102844D0FC
:1007600020285ED14FE000240BE062193B46CDE922
:1007700000B6CDF808A0DDE90301FFF7E1F94F4429
:10078000641C4445F1DB4CE000240BE062193B465D
:10079000CDE900B6CDF808A0DDE90301FFF772FB53
:1007A0004F44641C4445F1DB3BE000240BE062193C
:1007B0003B46CDE900B6CDF808A0DDE90301FFF71F
:1007C00051FD4F44641C4445F1DB2AE0002409E05C
:1007D00062193B46CDE9006ADDE90301FFF750FFEE
:1007E0004F44641C4445F3DB1BE0002408E062191D
:1007F0003B460096DDE90301FFF77CF94F44641C9A
:100800004445F4DB0DE0002408E062193B46009605
:10081000DDE90301FFF7CCFC4F44641C4445F4DBE5
:1008200000BF00BF07B0BDE8F08F00002DE9FF4F0B
:100830008DB0A848DDE91D860068DDE91A970C46F1
:10084000006EF1F747F90690406908B1F1F742F9F7
:100850000A900698C068089006A8F1F779F9A019DF
:100860000E900A9850B19B490968097C890705D107
:100870000EACCDF800900ECCF2F7E0FDDDE90E01F4
:1008800002F06CFD0446102F03D0182F5CDB002013
:1008900056E000251FE000BFDDE90EB02844DDF87A
:1008A00028A0109E02905FEA08010FD020000DD012
:1008B0007200EFF707FEBAF1000F07D0DAF8080070
:1008C0003346594647685046029AB8471C986D1CF3
:1008D0008044089804444D45DEDBF1E00A9803901B
:1008E000DDE90EB10B985FEA080508440190DDF8D8
:1008F00040A026461ED0EEB1039830B18068534622
:1009000059464768019A0398B8470D9928680969BC
:10091000096888473080039828B180685946019A51
:10092000036803989847B61C2D1D0BF1010BBAF113
:10093000010AEAD108981C9904440B988844401C89
:100940000B904845CADBBBE0082F03D01F98002856
:100950006CD06DE0002065E01F9800280A9832D026
:10096000DDE90EA102900BEB010000901F980490AE
:100970005848109F454600682646007C10F003004A
:1009800002D0022848D109E015F8011B04987F1E07
:1009900030F8210026F8020BF6D13DE0287858B156
:1009A000049931F820003080029828B180685146BF
:1009B000009A036802989847B61C6D1C0AF1010A58
:1009C0007F1EEBD128E0DDE90EA101900BEB0100C9
:1009D00002904048109F464600682546007C10F073
:1009E000030002D0022817D105E03A4641462046CE
:1009F000EFF768FD10E0307840B12880019828B109
:100A0000806851460368DDE901029847AD1C761CF9
:100A10000AF1010A7F1EEED108981C99044488440B
:100A20000BF101008346484596DB49E02A481F90B8
:100A3000002543E03846012F04D002281CD0042FA3
:100A400037D128E023480068006EF1F743F806909C
:100A5000CDF80080109A1F990594CDE90310CDE9D7
:100A600001620F980A992B18DDE90D02FFF7E0F8F3
:100A700006A8F1F76DF81CE010991F98CDE90086E3
:100A8000CDE902100F9804942B18DDE90D020A99A4
:100A9000FFF7AEFA0DE010991F98CDE90086CDE979
:100AA00002100F9804942B18DDE90D020A99FFF744
:100AB0008FFC1C990898884404446D1C4D45B9DB93
:100AC0000A98002802D00AA8F1F742F811B0BDE850
:100AD000F08F00007C020020188C01082DE9FF4FE8
:100AE0008FB0A148DDE91C960068DDE91F870C4640
:100AF000006EF0F7EFFF0690406908B1F0F7EAFFEB
:100B00000A900698C068089006A8F1F721F804EB4F
:100B1000070010900A9850B193490968097C890729
:100B200005D410ACCDF800900ECCF2F787FCDDE9CF
:100B3000100102F031FC0446182E15DB002510E0F0
:100B40001298CDF80080CDE9010411980A992B186C
:100B5000DDE90F02FFF741FB1E9908988844044421
:100B60006D1C4D45ECDBF6E0102E05D0082E3ED076
:100B70002198002873D0A7E0002034E0109802905C
:100B800011990B98DDF828A00844DDF848B04646D6
:100B900001902546BAF1000F07D0DAF80800DDE928
:100BA000012147685B465046B8470F99308809696C
:100BB000496888472860BAF1000F06D0DAF80800C3
:100BC000DDE9012103685046984702982D1D401C1D
:100BD000B61C0290BBF1010BE7D108981E990444A2
:100BE0000B988844401C0B904845C7DBB3E00020BD
:100BF00064E0219800280A9832D0DDE910A1039022
:100C00000BEB01000190219800905748129F454638
:100C100000682646007C10F0030002D0022847D16D
:100C200008E015F8011B00987F1E50F8210001C64E
:100C3000F7D13DE0287858B1009951F82000306094
:100C4000039828B180685146019A03680398984731
:100C5000361D6D1C0AF1010A7F1EEBD128E031E040
:100C60000490DDE910A0584402903F48129F454689
:100C700000682646007C10F0030002D0022817D13D
:100C800005E03A4641462046EFF71CFC10E0287884
:100C900040B13060049828B180685146029A0368D8
:100CA00004989847361D6D1C0AF1010A7F1EEED18B
:100CB00008981E99044488440BF101008346484576
:100CC00097DB48E029482190002542E0012E04D01E
:100CD000022E1CD0042E37D128E023480068006E75
:100CE000F0F7F8FECDF800800690219A129905944D
:100CF000CDE90320CDE9017111980A992B18DDE99E
:100D00000F02FFF735F806A8F0F722FF1CE0219844
:100D10001299CDE90210CDE90087119804942B189F
:100D2000DDE90F020A99FFF7D3F90DE02198129936
:100D3000CDE90210CDE90087119804942B18DDE964
:100D40000F020A99FFF7F0FB1E986D1C804408986B
:100D500004444D45BADB0A98002802D00AA8F0F7EF
:100D6000F7FE13B0BDE8F08F7C0200204090010830
:100D70002DE9FF4F89B01F46DDE916848946DDF86D
:100D800064A0F1F75EFA0790A0450ED14046F4F753
:100D9000C1FBBAF1000F03D03B4649460B9A8AE0EB
:100DA0003A4648460B9B09998CE0A7EB0906761C4E
:100DB000012E00D0761E08F0FF000290C8F3072035
:100DC0000190C8F307400090E0B20590C4F30720FB
:100DD0000490C4F307400390200E06904FEA186B6E
:100DE000012540464C4658E0029B059AA4EB0901B8
:100DF000D21A4A4392FBF6F3029ADDF804C01A4471
:100E0000D3B2049AA2EB0C024A4392FBF6FC019A7D
:100E1000624402F0FF0EDDF800C0039A43EA0E239D
:100E2000A2EB0C024A4392FBF6FC009A4C4562444A
:100E3000DDF818C0D2B2ACEB0B0C0CFB01FC9CFB38
:100E4000F6FC0CEB0B0143EA024242EA016822DDA8
:100E5000804501D16D1C1EE0F4F75CFB012D0EDD19
:100E6000BAF1000F04D0611B631E0B9A099803E0CE
:100E7000601B621E0B9B0999F3F7BEFE0AE00B9AFA
:100E8000BAF1000F02D0611E099801E00999601EB5
:100E9000189B984701254046641CBC42A4DDF4F72A
:100EA00039FB3846012D10DDBAF1000F05D0411B8A
:100EB0000B9A491C3B46099804E0441B601C3A46C7
:100EC0000B9B0999F3F798FE09E00B9ABAF1000F12
:100ED00002D03946099800E00999189B984707986D
:100EE0000DB0BDE8F04FF4F715BBF8B505460E465A
:100EF00014461F463B46224631462846009400F0E1
:100F000083F9F8BD08B5009200F01AFB08BD08B5DA
:100F1000009200F06BFB08BD2DE9F041134E9EB02E
:100F20000125B46A04B9F4686846F1F733FF104844
:100F30000068D0E90C875CB12046FEF7A9F800B143
:100F40006D1E2046F0F71CFE44690CB1002DF3D154
:100F50004046B462F1F757FF3846F1F749FF68465B
:100F6000F1F7FEFE1EB0BDE8F08100001C0300207A
:100F70007C020020F8B506460C4617461D4623465F
:100F80003A4621463046009500F03EF9F8BD000093
:100F90002DE9FC47DFF8AC8081461E46D8F80000FA
:100FA00015468A46006EF0F795FD0190406908B13C
:100FB000F0F790FD00902946504602F0CFF9044624
:100FC0000198C768D8F80000017CC90715D0D9F886
:100FD00010008068804787B2009820B181682A4657
:100FE0000B685146984720886D1C784020800198F6
:100FF000B542C0680444EFDD19E0C06B0168009899
:1010000070B11FFA81F800982A4681680B68514632
:101010009847A4F800806D1C3C44B542F3DD06E01F
:10102000701B401C89B221803C44401EFBD101A8AA
:10103000F0F78EFD0098002802D06846F0F788FD92
:10104000BDE8FC877C0200202DE9FC47284F1E46A6
:10105000154638688946006EF0F73CFD01904069FE
:1010600008B1F0F737FD00902946484602F094F9A0
:10107000396804460198CA6B097CD0F80C8017685F
:10108000C90715D000680069806880470746009846
:1010900020B181682A460B684946984720686D1C34
:1010A000784020600198B542C0680444EFDD13E049
:1010B000009858B100982A4681680B6849469847BD
:1010C00027606D1C4444B542F4DD05E0701B401CF4
:1010D00027604444401EFBD101A8F0F739FD009879
:1010E000002802D06846F0F733FDBDE8FC87000019
:1010F0007C02002001700120704700002DE9F047BC
:10110000224C0426A06AE0B1E06806EBD001451845
:10111000E800FEF739FA070036D0216B06EBC7006E
:10112000B1460E58E0680836C2003046D4F8288030
:10113000EFF74FFAA7622663E0684B4601466A1E46
:101140000EE01248BC30D0E901100830B1FBF0F5D8
:10115000AD1CDDE7471C03EBC00C401C46F80C70CF
:101160009042F7D309EBC000002232502162606840
:10117000691A0844E56060605FEA080001D0F0F792
:1011800003FC0020BDE8F0870120FBE74479012043
:10119000F8B51A4DE86AE8B1F1F70EF9EC6813E01A
:1011A0002046F0F797FC0090018D090408D52646EB
:1011B00044696846F0F7CCFC3046FCF77BFF03E05F
:1011C00044696846F0F7C4FC002CE9D10020E862CD
:1011D000F2F744FAA86900B180470948006808B1ED
:1011E000804738B90748006890F8540020B1F1F7FB
:1011F00051FD08B10120F8BD0020F8BD1C030020FE
:10120000A00200207C020020F0B50646059CC84DD7
:10121000AD8849F24137BD420BD0C54DAD8845F28E
:101220001037BD4205D0C24DAD8846F60407BD4219
:101230007ED1BF4D6D89BF4F3F683D80C1F30F2503
:10124000BD4F3F683D80CDB2BB4F3F683D80C3F38B
:101250000F25B94F3F683D80DDB2B74F3F683D80F5
:10126000B34DAD89B34F3F683D80C2F30F25B24FF8
:101270003F683D80D5B2B04F3F683D80C4F30F2535
:10128000AD4F3F683D80E5B2AB4F3F683D80A84D14
:101290006D89A84F3F683D80C1F30F25A64F3F6879
:1012A0003D80CDB2A44F3F683D80A14DAD89A14F97
:1012B0003F683D80C2F30F259F4F3F683D80D5B208
:1012C0009D4F3F683D80A51A6D1C5F1A7F1C05FB72
:1012D00007F0974D2D89974F3F683D8006E0974D69
:1012E0002D68ED6B2D88944F3F683D80051EA0F161
:1012F0000100F4D18E4D6D898E4F3F683D800025F1
:101300008D4F3F683D808C4F3F683D80884D2D88D4
:101310002D12894F3F683D80854D2D78864F3F685F
:101320003D80834DAD89834F3F683D80002500E0BF
:1013300011E0814F3F683D807F4F3F683D807C4D8D
:101340006D882D127C4F3F683D80794DAD787A4F86
:101350003F683D80EAE0764DAD8845F21057BD42CA
:10136000F8D1734D6D89734F3F683D80C1F30F25F0
:10137000714F3F683D806E4D6D896D1C6D4F3F68AC
:101380003D80CDB26C4F3F683D80694D6D89AD1C8D
:10139000684F3F683D80C3F30F25674F3F683D802E
:1013A000634D6D89ED1C634F3F683D80DDB2624F38
:1013B0003F683D805E4DAD895E4F3F683D80C2F322
:1013C0000F255D4F3F683D80594DAD896D1C594FCC
:1013D0003F683D80D5B2584F3F683D80544DAD8940
:1013E000AD1C544F3F683D80C4F30F25524F3F68FA
:1013F0003D804F4DAD89ED1C4E4F3F683D80E5B2BD
:101400004D4F3F683D804A4D6D894A4F3F683D8052
:10141000C1F30F25484F3F683D80454D6D896D1CD8
:10142000444F3F683D80CDB2434F3F683D80404DC3
:10143000AD89404F3F683D80C2F30F253E4F3F6866
:101440003D803B4DAD896D1C3A4F3F683D80D5B224
:10145000394F3F683D80A51A6D1C5F1A7F1C05FB44
:1014600007F0334D2D89334F3F683D8006E0334D03
:101470002D68ED6B2D88304F3F683D80051EA0F133
:101480000100F4D12A4D6D892A4F3F683D80002527
:10149000294F3F683D80264D6D896D1C254F3F6863
:1014A0003D800025244F3F683D80214D6D89AD1C56
:1014B000204F3F683D801E4D2D882D121E4F3F68E6
:1014C0003D801B4D6D89ED1C1A4F3F683D80184DC6
:1014D0002D78194F3F683D80154DAD89154F3F68F8
:1014E0003D800025144F3F683D80114DAD896D1C36
:1014F000104F3F683D8000250F4F3F683D800C4DE9
:10150000AD89AD1C0B4F3F683D80094D6D882D1294
:10151000094F3F683D80064DAD89ED1C054F3F6882
:101520003D80034DAD78044F3F683D80F0BD000025
:101530001C290020B4000020B80000207C020020FC
:101540002DE9FF4FDFF8A0A00C4685B0DAF80000C7
:10155000DDF848801F46C16B154609680391006E8F
:10156000F0F7B8FA01902946204601F0F7FE06464A
:101570000198391B01F1010BD0F80C90406950B370
:10158000F0F7A8FAA8EB0501491C00915B462A4632
:1015900002902146F1F752FF02A8F0F7D9FA1AE0BB
:1015A000DAF80000007CC0070DD005985F4634468D
:1015B00000698068804780B22188414024F8021B7E
:1015C0007F1EF9D105E003985A4681B23046F2F702
:1015D0008DFE4E446D1C4545E2DD01A8F0F7B8FADA
:1015E00009B0BDE8F08F00007C0200202DE9FE4F1D
:1015F000264E1F46144630680D46DDF83090006ECA
:10160000F0F768FA01902146284601F0C5FE791BE3
:1016100001F1010A316880460198C96BD0F80CB01D
:101620000E68406958B3F0F755FAA9EB0401491C5C
:1016300000915346224602902946F1F7FFFE02A888
:10164000F0F786FA1BE011480068007CC0070CD058
:1016500001985746454600680069806880472968B8
:10166000414002C57F1EFAD107E0BAF1000004DD57
:1016700001464046491E40C0FCD1D844641C4C453C
:10168000E1DD01A8F0F764FABDE8FE8F7C020020DE
:10169000FEB54F4CD4E90201CDE90001206970B3D9
:1016A000A089401C00B2ADF800006189ADF80210BD
:1016B000B4F90410884207DD2088ADF80000E08905
:1016C00010F10100ADF80200BDF90200B4F90610F6
:1016D000884274DC3F4D2868806CF0F7FBF902907B
:1016E000BDF90000B4F90010884220D1E088ADF8BF
:1016F0000600A088ADF804002868806C0FE0FFE7C2
:101700002088ADF800006088DCE700BFF0F738FA09
:101710000646006A0022694600F0D5F8B069002844
:10172000F4D1029800226946C06900F0CCF8BDF8F7
:101730000000ADF804002868806C0AE0F0F720FA99
:101740000646006A0022694600F046F80028EED1FD
:10175000B0690028F2D1029800226946C06900F001
:101760003BF80028E3D1B4F90400BDF90010ADF84E
:101770000400884207DADDE90001C4E9020102A899
:10178000F0F7E6F998E72868806C08E0F0F7F8F9D8
:101790000546006A0022694600F05CF8A869002846
:1017A000F4D1029800226946C06900F053F802A8FB
:1017B000F0F7CEF9206944F62061884201DD00206F
:1017C000FEBDDDE90001C4E902010120FEBD00000B
:1017D000947A01207C020020FEB517460E4605468D
:1017E000002433E02846F0F775F90090856A014639
:1017F000A80726D527B13A4601A8F2F768FC03E00E
:10180000D1E90001CDE9010101A93046F1F78CFAD7
:10181000B8B1E80702D00098C56910E0BDF808002B
:10182000401C308001240CE001AA31462846FFF715
:10183000D3FF00B101242846F0F7A2F9056A002D74
:10184000F2D10098056A6846F0F782F9002DC9D1F7
:101850002046FEBDFEB516460D46044630E0204645
:10186000F0F738F90090846A0146A00723D526B125
:10187000324601A8F2F72BFC03E0D1E90001CDE9E3
:10188000010101A92846F1F74FFAA0B1E00702D003
:101890000098C4690DE0BDF80400401EA8800AE06D
:1018A00001AA29462046FFF7D5FF2046F0F768F940
:1018B000046A002CF4D10098046A6846F0F748F9ED
:1018C000002CCCD1FEBDFEB516460D46044648E0C0
:1018D0002046F0F7FFF80090846A0146A0073BD548
:1018E00026B1324601A8F2F7F2FB03E0D1E900018C
:1018F000CDE9010101A92846F1F716FA00B3E00786
:1019000002D00098C46925E000983EB1B0F90210F9
:10191000B6F90200814203DD084601E0B0F9020099
:10192000B5F90210814205DABDF90600401E03E058
:10193000E88011E0BDF90A00B5F906108842F7DB2E
:101940000AE001AA29462046FFF7BDFF2046F0F72E
:1019500017F9046A002CF4D10098046A6846F0F77D
:10196000F7F8002CB4D1FEBD2DE9F0410C46C96852
:1019700086B049B306685EB394F83000012829D0D8
:10198000E2696FF00303206803EB8202656810448C
:101990006060276A2D1D2846A269F1F7E7FE61699C
:1019A0004FF000080291CDE90358CDF81480A169E9
:1019B0000120CDE90001F068E368E26A4568394634
:1019C0003046A847C4F80C80002006B0BDE8F0817E
:1019D0000120FAE725686560A76ADCE7EFF7D4BF66
:1019E0002DE9F0470D46B3F9041006461C46914612
:1019F000B14220DCB4F90800B0421CDBB4F90600A7
:101A0000A84218DCB4F90A20AA4214DB2F1A711A72
:101A100088463A466069F0F783FB60B1B4F9080084
:101A2000B4F90410401A401C00FB0780203454F81D
:101A30002000BDE8F087D9F800000028F9D0C1687F
:101A40002A464B693146BDE8F04718470078704791
:101A5000012070470246012901D102487047002049
:101A6000FCE70000588C0108012901D000207047D4
:101A700000487047588C0108012901D000207047A8
:101A800000487047809001080246A1F1090008282B
:101A900013D2DFE800F00406080A120C0E10084802
:101AA00070470848FCE70848FAE70848F8E708489C
:101AB000F6E70848F4E70848F2E70020F0E70000FE
:101AC000E92A01080F2B0108612A0108A71D010856
:101AD000212001081120010849250108162901D0FB
:101AE0000020704700487047612B0008162901D07C
:101AF0000020704700487047192A000803460A462C
:101B000099680F2A1FD2DFE802F01E080A0C0E1E89
:101B10001E1E10121416181A1C0048687047886898
:101B2000FCE7C868FAE70869F8E78869F6E7002083
:101B3000F4E70120F2E70120F0E70020EEE70020C3
:101B4000ECE70020EAE74FF0FF30E7E770B500244C
:101B50000D46022807DAF0F76BF920B1C1688A6AEE
:101B6000294690470446204670BD0068C268926AC4
:101B70001047082901D0002070472020704710B579
:101B8000F3F77AF8B0F5807F03D0802803D30721DC
:101B90001AE0082118E0402801D3062114E020288B
:101BA00001D3052110E0102801D304210CE00828FE
:101BB00001D3032108E0042801D3022104E0022814
:101BC00001D3012100E0002101208840401E10BD0A
:101BD0004FF0FF3070474FF6FF70704770B500242C
:101BE0000646012531462846FFF7B0FF844200DA59
:101BF00004466D1EF6D5204670BD00000146054A1C
:101C00000F2000BF02EBC003DB6B8B4201D9401EEB
:101C1000F8D57047447901202DE9F04107460C467C
:101C20001546A9B2A0B2F3F73FF906463046BDE823
:101C3000F08110B50846114601F090FB008810BDF8
:101C400010B50846114601F0A7FB006810BD826878
:101C500000230B804B8093895B1E1BB28B80138A01
:101C60005B1E1BB2CB80704738B50C468068EFF71F
:101C700031FF009081882180C1886180818802893C
:101C80001144491EA180C18840890844401EE0805B
:101C90006846EFF75DFF38BD38B50C468068EFF752
:101CA00019FF009081882180C18861808188028924
:101CB0001144491EA180C18840890844401EE0802B
:101CC0006846EFF745FF38BD02490968488400209F
:101CD000704700007C0200200249096888840020C7
:101CE000704700007C020020054A904201D1503A22
:101CF00001E000F1080209B18A4200D010467047A5
:101D0000FC7A01200349884202D1A1F13C007047CE
:101D10000C307047BC7B01200021FFF7E5BF0000BD
:101D2000F0B4124C646814B1A446F0BC6047541E71
:101D300004FB030401EB82000D4DDFF838C0001FE7
:101D40002188E41A01F01F06521EAF5DC1F345164B
:101D500005EBD1211CF80660097801EB062101EBA7
:101D6000074140F80419EBD1F0BC70476002002035
:101D70008C8E0108AC8E010810B50468184410C19F
:101D8000521EFAD110BD70B50446F2F775FF054634
:101D9000F2F78AFFAC4201D3002070BD0028FCD0CE
:101DA00050F8240070BD70B50446204600F042F89B
:101DB000054600220121A069F3F7C6FE0543284627
:101DC00070BD000070B5184D0446E868011DC0E9FB
:101DD0000E01091D00646161417C05F1240050F889
:101DE0002100C1680A6B04F1080190470F48E066C2
:101DF000A868E061E8680830606101202076FCF79F
:101E000029FAA064032084F870006FF0704020630A
:101E100060630020F3F746FB6FF07F40F3F77AFB37
:101E20000348286170BD00007002002008660108A8
:101E3000EC8E010870B50446A06858B91C20EFF775
:101E4000CDFDA060A5682169886880470646F3F744
:101E500063FFA861A06808B9012070BD0020FCE7FD
:101E60002DE9F041244C94F82400002841D10125AB
:101E700004F1BC0684F8245071684FF4205081426C
:101E800000D90146306800F097FEB06810B970685C
:101E90008008B0601A49194808600846F2F7F8F956
:101EA0005A20E0610020102101FA00F204EBC00387
:101EB000401CDA631028F7D3D6E900100223C4E9E6
:101EC00002030E18143EC4E90C6100224FF0040C0A
:101ED0005B1E05E0571C0CEBC20E521C46F80E7040
:101EE0009342F7D825626360FDF712FBFFF706F90E
:101EF000E562BDE8F081000044790120312001084D
:101F000068020020FEB514460D460646EFF738FE7F
:101F10000090836A980731D52846FDF78DF900288F
:101F20002CD040F601000340012B27D03046EFF7BC
:101F3000D1FD02460090294601A8F2F7C8F801A891
:101F4000FDF77AF9B8B1009944F22002886A10428C
:101F500005D0083101AA0846F0F720FE0BE0DDE9C4
:101F6000012320438862C1E9022305498888401C77
:101F70008880F0F7E1FF6846EFF7EAFDFEBD00005C
:101F80001C03002010B5401A029CE41A4443501A66
:101F900094FBF0F0184410BD7047884200DD0846FD
:101FA00070472DE9F0478AB00446002091468A46E2
:101FB00001900290039006AE4FF00308049022E0D7
:101FC0002046EFF787FD4A4651460090F0F712FE93
:101FD00000984A4651460830F0F70CFE0098D0E9C8
:101FE00007576846EFF7B4FD4A4651462846FFF7C3
:101FF000D8FFCDF80480CDE906A901A920460496B2
:10200000FDF798F93C46002CDAD10AB0BDE8F0871C
:1020100010B5044600220621A069F3F795FD10BD16
:1020200010B5044600220521A069F3F78DFD10BD0F
:102030000B4910B5002081F8240001460848802291
:102040003C30F2F72DF9BC2200210548F2F728F9BF
:1020500003480C220021BDE81040BC30F2F720B943
:1020600044790120084910B5002088610146782292
:102070000648F2F715F9044808220021BDE810408F
:102080002430F2F70DB90000700200200C7A012014
:1020900010B5034C2069EFF795FC0020206110BDBE
:1020A000E402002010B5034C6068EFF78BFC0020C1
:1020B000606010BD0C0300200B4A10B50021517068
:1020C000D162084602F1500402F14803C2F8101030
:1020D00044F8201043F82010401C0228F8D3116265
:1020E00051625161D16110BD1C03002010B5084C34
:1020F000A068EFF767FCE068EFF764FC2069EFF792
:1021000061FC00202061E060A0606061A06110BD02
:10211000B403002010B50446EFF732FD806AC00317
:1021200001D5034900E003492046BDE810400847B7
:10213000AD27000831F100082DE9FC411F4C804615
:102140002068806CEFF7C6FC00904046EFF7C2FCB9
:102150000146019000980830F0F7E6FD28B32068AA
:10216000009A0199D0E91356083201F10800F1F7FD
:10217000AEFF6846EFF7ECFC114FC7F824800199D9
:102180002068B1F90020C264B1F90210016501A80C
:10219000EFF7DEFC4046FFF7BDFF002078622068C5
:1021A000C0E913560120BDE8FC816846EFF7D0FC7A
:1021B00001A8EFF7CDFC0020F5E700007C0200202D
:1021C0001C0300202DE9FC410546EFF783FC00903D
:1021D00090F8281089073DD5C46939E02046EFF70B
:1021E00079FC019090F82810C94389072BD10099F8
:1021F0000831F0F799FD30B30098D0E902676846DE
:10220000EFF7A6FC01A8EFF7A3FC2046FFF794FF29
:1022100070B12046EFF7B4FC01902046FFF7D2FFE3
:102220002046EFF7ADFC01902846EFF7A9FC00909F
:102230002846EFF74FFC00902046EFF74BFC01904B
:102240000098C0E902670198046A01A8EFF780FCD2
:10225000002CC3D16846EFF77BFCBDE8FC81000091
:1022600010B50E4C6168E06A814209D8401EE062F8
:10227000FEF744FFE16A491CE16208B1002010BD8D
:1022800060680422401E6060206A216B02EBC0027D
:102290008A582262012201F8302010BD44790120C1
:1022A000074910B54A680424521C4A600A6B04EBC3
:1022B000C0040B6A1351002302F83030086210BDCD
:1022C0004479012013B500680199FFF74DFB01988F
:1022D000846801A8EFF73CFC2046EFF755FB1CBDD6
:1022E00010B504464068FFF789FC0146084863685A
:1022F0000268D21A026000EBC102D4E90201403246
:1023000000B1416009B1086010BD106010BD00004F
:10231000447901207CB5050025D0144C2068A842E2
:1023200006D1EFF7D7FB009080682060684611E087
:1023300004462046EFF7CEFB01908068A8420DD1FD
:10234000EFF7C8FB01990090806888606846EFF756
:10235000FFFB01A8EFF7FCFB00207CBD044601A8B1
:10236000EFF7F6FBE5E701207CBD00000404002048
:102370002DE9F05FDFF894808346D8F83440D8F830
:102380000810601E0F182046D0E90015B9BB661969
:10239000BE4236D2D6E9001989B3D8F8303013F8E6
:1023A0003130012B2DD1D8F82820914201D10121C3
:1023B00000E000218A46FFF793FF3068D8F830101C
:1023C000042202EBC0004A460C5031462046EEF78C
:1023D000BEF8BAF1000F05D0D8F83010321B891AB8
:1023E000C8F8301004EB09012846FDF791F8BBF15D
:1023F000000F05D0834503D80020BDE8F09F00E022
:102400004D462C44BC42BED30120F6E7447901205E
:102410002DE9F8431F4690460E4605000AD0EFF717
:1024200059FB3A4641460090FCF7BCFD28B10098A4
:10243000C46912E00020BDE8F8836846EFF788FB26
:10244000F8E73B46424631462046FFF7E1FF00B140
:1024500005462046EFF794FB046A0CB1B442F0D174
:102460006846EFF775FB2846E5E7000070B50646BD
:10247000064814460D460068FBF7F8FE23462A4638
:102480003146BDE87040FFF7C3BF000024030020C1
:10249000064910B509684A6B824206D04863F2F7D4
:1024A0005FF8BDE81040F3F703B810BD7C020020D0
:1024B0001FB504460F480168486C38B102680292A3
:1024C000406803900C48406A18B901E020460EE0CD
:1024D000886CEFF7FFFA02A90090FCF70FFB684643
:1024E000EFF736FB214602A8F1F7D4FD02A8F2F778
:1024F000EBFF1FBD7C0200201C030020064910B525
:1025000009680A6B824206D00863F2F729F8BDE831
:102510001040F3F705B810BD7C02002030B5094922
:102520000B681A7C82EA0004640707D59C6BDB6B9E
:1025300025681B6823600B68DB6B1D6009680874E5
:10254000104630BD7C0200207CB504460D46164680
:102550000020009001908DF8045000966A460421F6
:10256000A069F3F7F1FA7CBD0A490B48D1E90032C2
:10257000934202DAC0E9083201E0C0E90823D1E958
:1025800002218A4202DAC0E90A217047C0E90A1230
:1025900070470000847A0120B00200207CB5044618
:1025A0000D461646002000900190009501966A465F
:1025B0000321A069F3F7C8FA7CBD0068C3681B6AF1
:1025C00018470068C3681B6A1847000030B5524CB2
:1025D000A48849F24135AC4205D04F4CA48845F25D
:1025E0001035AC421CD14C4C64894C4D2D682C806C
:1025F000C1F30F244A4D2D682C80CCB2484D2D6874
:102600002C80454CA489454D2D682C80C2F30F24A5
:10261000434D2D682C80D4B2414D2D682C8071E043
:102620003D4CA48846F60405AC4224D13A4CA4881B
:10263000012C03D1384C2488641E611A364C6489FD
:10264000364D2D682C80C1F30F24354D2D682C801C
:10265000CCB2334D2D682C802F4CA4892F4D2D6882
:102660002C80C2F30F242E4D2D682C80D4B22C4D1B
:102670002D682C8046E0284CA48845F21055AC42C9
:1026800028D1254C6489254D2D682C80C1F30F2459
:10269000234D2D682C80204C6489641C1F4D2D68AF
:1026A0002C80CCB21E4D2D682C801B4CA4891B4D58
:1026B0002D682C80C2F30F24194D2D682C80164CE8
:1026C000A489641C154D2D682C80D4B2144D2D683E
:1026D0002C8017E0104CA488012C03D10E4C2488C8
:1026E000641E611A0C4C64890C4D2D682C800C4DB5
:1026F0002D682980084CA489084D2D682C80084D30
:102700002D682A80044C2489044D2D682C80044DAA
:102710002D682B8030BD00001C290020B400002053
:10272000B80000207CB510481C46154600680E46CF
:10273000006EEFF7CFF901902946304600F00EFE0B
:1027400004800198406950B1EFF7C4F900908168A6
:102750002A460B68314698476846EFF7F9F901A811
:10276000EFF7F6F97CBD00007C0200207CB5104834
:102770001E46144600680D46006EEFF7ABF9019057
:102780002146284600F008FE06600198406950B1D5
:10279000EFF7A0F90090816822460B682946984718
:1027A0006846EFF7D5F901A8EFF7D2F97CBD000034
:1027B0007C0200202DE9F74FA8B0EFF78BF90390CA
:1027C00001680891B0F9042029998A420AD1B0F928
:1027D00006002A99884205D103A8EFF7B9F92BB072
:1027E000BDE8F08F0020F0F707F82590089882697F
:1027F0009A4818920168487C1790824200D04A7427
:102800000398B0F904100991B0F90820B0F906B0A6
:10281000A2EB0101B0F90A2001F1010AA2EB0B01C0
:1028200001F101012491017C89077DD541690C9159
:1028300000F120011B91099A2999A1EB02082A991C
:10284000B8F1000FA1EB0B074FF0FF3109DD0122BA
:1028500010920022554616926A1ECDF838801E92BC
:1028600009E0AAF10102169200220E92169A0D4674
:10287000424410911E92002F09DD0121DDF8909055
:102880001D91A9F101011F9700240B9107E01D91F3
:10289000249C89460021641E1F91E1190B91C06898
:1028A000EFF718F92190089804A9C068026B0898FE
:1028B000904710990398FCF756FF1A9010990398C7
:1028C000FCF751FF2290A1E01F98844204DB0B9893
:1028D000844201DC012000E0002026900BEB040084
:1028E00038440790169E8CE0002023902246314603
:1028F0000C98EFF715FC209000287DD01B9800EB7A
:10290000860104FB0AF001EB80000F900998811901
:1029100001EB080006900E98864208DB1E9886425E
:1029200005DC269818B100E07EE0012000E00020E0
:102930000090BDF910100698814215DCBDF9121007
:102940000798814210DCBDF91410069881420BDB18
:10295000BDF916100798814206DB0146039B089AD1
:102960000698FFF73DF82390009840B1B6EB0801B8
:1029700020D4E21B1ED40C98EFF7D2FBD0B90998F3
:10298000BDF91020304404EB0B01824212DCBDF98A
:1029900012208A420EDCBDF9142082420ADBBDF906
:1029A00016208A4206DB229A00920F9A089B126830
:1029B00000F075F8BDF91010069881421ADCBDF9D7
:1029C00012100798814215DCBDF914100698814257
:1029D00010DBBDF91610079881420BDBDDE9200101
:1029E0000DF1180C51F820201A980090BCE80B004B
:1029F00000F055F80F9900E001E023980860109866
:102A00000644AE427FF470AF1D9804444C457FF4F9
:102A10005BAF1A990398FFF755FC22990398FFF7CB
:102A200051FC21A8EFF794F80398299981802A99FD
:102A3000C18029995144491E0181249A2A9911443F
:102A4000491E4181DDE91710884203D00846034939
:102A5000096848742598EFF7CFFEBDE67C02002098
:102A60002DE9FC4105460E461746002000900190D6
:102A70002846FFF7DFF9A86878B1AC68606908B943
:102A8000304600E0606960616660A760009601976B
:102A90006A460721A869F3F757F8BDE8FC812DE9DC
:102AA000F0410646069C0D461746606AA84205D1CD
:102AB00094F93010206A0844B04203D021461846E9
:102AC000FEF752FF6068076094F93010606800EB11
:102AD00081006060E06808B9C4E90A65401CE060F4
:102AE000C4E90865BDE8F081F8B504460D4600204C
:102AF00000902046FFF79EF9A06838B1A6683560BF
:102B000000956A460221A069F3F71EF8F8BD2DE989
:102B1000F04105460E4617462846FFF78BF9A86890
:102B200018B1AC68E66027616661BDE8F08100001D
:102B300070B5144C0546D4E90010814212D0FCF760
:102B4000EFFE297A027A91420CD12168814209D0A4
:102B5000FCF7E6FE297A007A814203D16068FCF72F
:102B6000DFFE60600ECD606880E80E00FFF7CAF8F7
:102B700060602168814203D10846FFF7C3F82060F6
:102B800070BD0000DC03002030B40446094A0B4647
:102B9000401C07D0581C05D09068411C02D0D16859
:102BA0004D1C02D14FF0FF300146C2E9024330BC58
:102BB000F0F760BBB0020020F0B58E080023FF22C2
:102BC0000546002406E0E718B7FBF2FC02FB1C7781
:102BD00080C5641CB442F6D3054600240BE004EB28
:102BE000030CBCFBF2FE80CD02FB1ECCBC4501D029
:102BF0000320F0BD641CB442F1D35B1C022BDFD375
:102C00004E0800230546002407E0E718B7FBF2FC56
:102C100002FB1C7725F8027B641CB442F5D3054601
:102C200000240CE004EB030CBCFBF2FE35F8027B45
:102C300002FB1ECCBC4501D00220F0BD641CB44296
:102C4000F0D35B1C022BDDD300230546002407E0F4
:102C5000E618B6FBF2F702FB176605F8016B641C79
:102C60008C42F5D3054600240CE000BFE718B7FB03
:102C7000F2FC15F8016B02FB1C77B74201D0012072
:102C8000F0BD641C8C42F1D35B1C022BDDD300220F
:102C9000134602E000F8013B521C8A42FAD300209E
:102CA000F0BD00007CB5050020D0EEF713FF104901
:102CB00000904C68AC4214D14068486013E0204654
:102CC000EEF708FF01904468AC4207D100980199E3
:102CD0004068486001A8EEF73BFF04E001A8EEF76A
:102CE00037FF002CEBD16846EEF732FF7CBD0000C9
:102CF000040400200A4A816952F82130834202D13B
:102D0000036842F82130416809B102680A6001682D
:102D100009B142684A6000210160416070470000CB
:102D200094020020006180E80E00104440F8042C5A
:102D3000704700002DE9F74FC8488B469CB0D0E99A
:102D40000010CDE9191092461C98EEF7C3FE1190C1
:102D5000D0E90454B0F90810D0F80C800A91DFF8DB
:102D60000093B0F90A001390D9F800004E46407C59
:102D7000EFF726FA109011980068006940681790E4
:102D80003068407CEFF7C8FA064611A8EEF7E0FE7F
:102D9000082D01D8012004E0102D01D8022000E008
:102DA00004200F90012D21D000271098082871D3FE
:102DB000082D6FD91798B0426CD0D9F80000407C2C
:102DC000EFF7A2FA12900A988000EEF7AFFD1B9081
:102DD00000287DD01C98EFF7BEFC8146002C78D0EF
:102DE0002046EEF777FE002618908AE019AFDCE760
:102DF00000200C901898324681684B690CA99847BE
:102E00000A990446884221D11B98EEF763FE129B73
:102E1000179ACDE900230146169048462246109B9A
:102E2000FCF782FC03AB0020169A109985C30120A1
:102E30000090CDE9010103460AEB060158460A9AC3
:102E4000F1F754FC16A8EEF783FE58E0012D1ED0D2
:102E500053E00C9801AB09EBE00200F0070104928B
:102E6000CDE9057101210091A3E822010AEB0601D9
:102E7000584401232246F2F775FE0C98324620444E
:102E80000C90189881684B690CA998470446002C4F
:102E9000DFD134E04FE01B98EEF71CFE16900146A0
:102EA0000C9B0F98179A03FB0090129BCDE900230F
:102EB0002246109BFCF738FC02AB10980021169AB2
:102EC00087C3012000900AEB060101900C9A01E0F3
:102ED0002EE01EE00BEB020001232246F1F706FC78
:102EE00016A8EEF735FE0C98324620440C90189840
:102EF00081684B690CA998470446002CCBD1C1448A
:102F0000761C13988642FFF673AF18A8EEF720FEE2
:102F10000BE0012001A905970090A1E8210351468B
:102F20005846139B0A9AF1F7E1FB1B98EEF72CFD2C
:102F30001FB0BDE8F08F1C98EFF70DFC8146002C08
:102F40007ED02046EEF7C6FD0024189070E00020E9
:102F50000C901898224681684B690CA998470A99E9
:102F6000064688421DD1069400E0641C1898621C35
:102F700081684B690CA99847B042F6D0012001A99D
:102F800005970090A1E8210306980A9A261A0AEBF1
:102F90000001731C5846F1F7A9FB761C06FB08904C
:102FA00044E0012D1ED03DE00C9801AB09EBE0029E
:102FB00000F007010492CDE9057101210091A3E819
:102FC00022010AEB0401584401233246F2F7CAFDFC
:102FD0000C98224630440C90189881684B690CA9D3
:102FE00098470646002EDFD11EE00C9A0F9901ABE0
:102FF00002FB0190CDE9040701200090A3E8210124
:103000000BEB02000AEB040101233246F1F76EFBE1
:103010000C98224630440C90189881684B690CA992
:1030200098470646002EE0D109EB08008146641C53
:10303000139884428BDB18A8EEF78AFD78E7FFE748
:10304000012001A905970090A1E8210351465846A7
:10305000139B0A9AF1F74AFB6AE7000008900108FF
:103060007C0200202DE9FF4F8DB01F4690460D9841
:10307000EEF730FD0890B74EB0F90AB000F1180431
:10308000D0F80C903068407CEFF79AF8082801D807
:10309000012504E0102801D8022500E00425089845
:1030A000AD4A0168096907913168497C52F82110DD
:1030B0000A69079906921668D1F804A091420FD1C7
:1030C0000021CDE90441012101AA0091A2E8820278
:1030D000B0F908205B4641460E98F1F707FB30E156
:1030E000202F02D0102F74D02BE1B0F9084008A88F
:1030F000EEF72EFD05FB04F0EEF718FC5FEA000A80
:10310000EDD0EEF7E7FC09900D98EEF7E3FC00F147
:10311000180408900898012DB0F9087004D0022D09
:1031200013D0042D38D121E00698DDF82490D0F892
:1031300010C0BCF1000F01D0012320E001CCB0474A
:1031400009F8010B7F1EF9D126E00698DDF82490DE
:10315000D0F810C0BCF1000F01D002230FE001CC69
:10316000B04729F8020B7F1EF9D115E00698DDF86B
:103170002490D0F810C0BCF1000F07D004233A46C9
:1031800049462046E04704EB870405E001CCB04700
:1031900049F8040B7F1EF9D10020E900099ACDE916
:1031A0000210CDE9042001200090019008984146CA
:1031B00008F10108B0F9082001230E98F1F796FAFA
:1031C000BBF1010BA6D109A8EEF7C2FC5046B6E050
:1031D000FFE7B0F9084008A8EEF7BAFC05FB04F0D9
:1031E000EEF7A4FB0C9000287BD0EEF773FC09905F
:1031F0000D98EEF76FFC00F118040890B0F9080084
:103200008000EEF793FB0B9010B1EEF763FC0A9091
:103210000898012DB0F9087004D0022D23D0042D98
:1032200069D141E00698DDF82490006988B10798DB
:10323000D0F814C0BCF1000F0BD00B9848B102239A
:103240003A4620460A99E04706980123D0F810C074
:1032500040E034F8020B51468847B04709F8010BAB
:103260007F1EF6D147E00698DDF82490006988B10A
:103270000798D0F814C0BCF1000F0BD00B9848B1E0
:1032800002233A4620460A99E04706980223D0F8DE
:1032900010C01FE034F8020B51468847B04729F8A8
:1032A000020B7F1EF6D126E00698DDF82490006917
:1032B000C0B10798D0F814C0BCF1000F12D00B9821
:1032C00080B102233A4620460A99E0470698042333
:1032D000D0F810C03A4649460A98E04704EB470444
:1032E00009E02EE034F8020B51468847B04749F810
:1032F000040B7F1EF6D10020E900099ACDE90210E7
:10330000CDE904200120009001900898414608F181
:103310000108B0F9082001230E98F1F7E7F9BBF195
:10332000010B7FF475AF0B9828B10AA8EEF710FCDB
:103330000B98EEF729FB09A8EEF70AFC0C98EEF7BC
:1033400023FB0898002802D008A8EEF701FC11B072
:10335000BDE8F08F7C0200209402002038B50546BD
:103360000C480C460068006EEEF7B4FB0090B0F914
:103370000620C36800F11801A21A02FB0311B0F97C
:10338000040001EB4501A1EB40046846EEF7E0FBC9
:10339000204638BD7C02002038B505460C480C4656
:1033A0000068006EEEF796FB0090B0F90620C36847
:1033B00000F11801A21A02FB0311B0F9040001EB9D
:1033C0008501A1EB80046846EEF7C2FB204638BDBC
:1033D0007C0200202DE9F04104460D461646324697
:1033E00029462046FEF718FC074621698868804771
:1033F000804687EA0803324629462046FFF7E6F86A
:10340000BDE8F081FEB50746124815460E46006835
:10341000006EEEF75FFB019029463046FFF79EFFF6
:10342000044638698068804721884140218001989E
:10343000406950B1EEF74EFB009081682A460B6858
:10344000314698476846EEF783FB01A8EEF780FB0C
:10345000FEBD00007C020020FEB5144815460E4655
:103460000068006EEEF736FB019029463046FFF704
:1034700093FF044601980068006980688047014610
:103480002068484020600198406950B1EEF722FB67
:10349000009081682A460B68314698476846EEF7E7
:1034A00057FB01A8EEF754FBFEBD00007C02002094
:1034B00000B52DED048BB0EE409AF0EE609A83B02B
:1034C00051EC190B01F0A8F941EC180B18EE100A99
:1034D00018EE901A8DED008B002818BF01200843CC
:1034E00020F00040C0F17F6000F1E040C00F14D038
:1034F00019EE101A19EE900A8DED009B002918BFE5
:103500000121084320F00040C0F17F6000F1E0405D
:10351000C00F04BF0120EDF7C6F8B0EE480A03B0B3
:10352000F0EE680ABDEC048B00BD0000F8B50F4C4E
:1035300007462068806CEEF7CDFA00902268D0E94B
:103540000256D2E90212C0E902126846EEF700FB09
:103550003868FBF735FE2068806CEEF7BBFA009008
:10356000C0E902566846EEF7F3FAF8BD7C02002087
:1035700000BF704710B5044600680E2802D00F281F
:1035800017D108E0E0684168012917D10068BDE85B
:103590001040EFF7D9BC6068FCF762FA084951F8AF
:1035A00020006FF07041884203D0EFF721FCEEF766
:1035B00051FB2046BDE81040FAF744BD10BD0000A5
:1035C0005C03002070B504460D4600202071401EAB
:1035D000E0622946204600F09BFD08B1032070BD43
:1035E00094F82E1294F82F0241EA00204AF6552151
:1035F000884201D00220F2E794F86900010694F8AD
:10360000680041EA004194F8670041EA002094F81C
:103610006610084320F07F400D49884201D1002008
:10362000DDE794F88500010694F8840041EA004142
:1036300094F8830041EA002094F88210084320F0B7
:103640007F400349884201D10020C8E70120C6E736
:103650004641540010B54FF47F00EFF7C9FB4FF619
:10366000FF70EFF7D0FBEEF7F5FA0748EFF7E8FB4E
:103670000220EFF751FC0022642104A0EEF7B6FC13
:10368000FCF762F910BD0000AC780108434F4C4FC5
:10369000525F4241522054455354210001460020BC
:1036A00002E04910421CD0B20129FAD17047000053
:1036B00070B504466FF00400F5F702FDE11704EB66
:1036C0005171C1F3C7010D4A1170E11704EB51713B
:1036D000CD104FF47A7045430120094908804FF01E
:1036E000E020006940F002004FF0E0210861084648
:1036F0004561006940F00100086170BD6E00002066
:103700007000002070B504460F480078012814D1DD
:103710000E48007888B90E480088844206DB0C48C1
:10372000008894FBF0F52846F3F7AAF808480088CB
:1037300094FBF0F100FB114084B24FF47A7104FB6A
:1037400001F000F007F870BDE6000020DA0000206C
:10375000700000202DE9F047074600264FF0E020DA
:10376000D0F814901148007807FB00F800BFF2F77A
:103770001BFC4FF0E020856911E04FF0E0208469E8
:10378000AC420CD0AC4202D2281B064403E0A9EBA9
:103790000400284406442546464500D300E0ECE7F3
:1037A00000BFF2F721FCBDE8F08700006E000020AA
:1037B00070B50446002514B1012C0BD103E0F4F7D9
:1037C000B9F9054608E0FAF7E7F94FF4A0400549D2
:1037D000088001E0012500BF00BF0DB1012070BDD0
:1037E0000020FCE75C0200202DE9F04107460E4670
:1037F00015461C464FF0000814B90420BDE8F081BE
:1038000017B1012F16D106E0E2B229463046F4F78F
:10381000FBFC804611E009E069024FF4007230467B
:10382000FAF7E4F96D1C06F50076641E002CF3D15E
:10383000A04602E04FF0010800BF00BFB8F1000F42
:1038400001D10020DAE70120D8E7014600207047C7
:103850002DE9F04107460E4614461D464FF000087C
:1038600017B1012F16D106E0EAB221463046F5F72E
:10387000B3F8804611E009E061024FF4007230466F
:10388000FAF720FA641C06F500766D1E002DF3D1C0
:10389000A84602E04FF0010800BF00BFB8F1000FDA
:1038A00002D10020BDE8F0810120FBE7F8B5F1F777
:1038B00023FEF1F791FA04003BD100252846EEF7EC
:1038C000B7FA009048B1C0680C21426A6846904738
:1038D000010007D00098884704436D1C022DEDDBE2
:1038E00014B126E00120F8BDF1F790FA012540F669
:1038F000FF762846EEF79CFA0090C0B12846EFF715
:103900005FFA0420F1F79EFE002132463346084656
:10391000F1F772F90020F1F795FE00980E21C068CA
:10392000426A68469047010001D0009888476D1EA2
:10393000DFD52046F8BDFFF78DFE03E04FF4FA70A7
:10394000EEF788FAFAE7000010B54FF40C7100208A
:1039500000F0F8FB184908604FF40C71002000F0EB
:10396000F1FB154948604FF40A71002000F0EAFBB2
:10397000124908604FF40A71002000F0E3FB10497F
:1039800008604FF40071002000F0DCFB0D49086076
:103990000948006868B10848406850B107480068A5
:1039A00038B10748006820B10846006808B1002017
:1039B00010BD0120FCE7000040020020480200206A
:1039C0004C02002058020020F7B582B0164603983A
:1039D000019001A800F0F8F90546002D02DA0B204D
:1039E00005B0F0BD0E4850F825400CB10020207005
:1039F000029810B10020029908700949029841F814
:103A00002500029808B1012E01D00020E8E700222D
:103A100003A902A800F006F807463846E0E70000D0
:103A2000387901202DE9F74F88B00021089801600E
:103A3000099800F0C9F907900798002803DA0B20CD
:103A40000BB0BDE8F08FD549079851F820400CB96C
:103A50000C20F5E708980460207878B16078FFF7CB
:103A6000F4FE804608F0010040B90A9820B108F041
:103A7000040008B10A20E3E70020E1E700202070FD
:103A8000079860706078FFF793FE804608F00100A9
:103A900008B10320D4E70A9820B108F0040008B167
:103AA0000A20CDE7002739462046FFF78BFD054663
:103AB000012D01D06DBB2CE0002614E004F5F77158
:103AC00001EB0610017951B1C17A0A06817A42EA06
:103AD0000142417A42EA0121027A114300E00021C9
:103AE0004DF82610761C042EE8D3002606B1761E6B
:103AF00000BF5DF8267027B139462046FFF762FD0A
:103B000000E0022005461DB1701C06460428F0D3D3
:103B100000BF032D01D1012092E70DB10D208FE7E9
:103B20003B20015D94F83C0041EA0020B0F5007FA5
:103B300001D00D2084E74620015D94F8470041EA5A
:103B40000029B9F1000F0ED194F85700010694F83E
:103B5000560041EA004194F8550041EA002094F8EB
:103B6000541040EA0109C4F818904020005DE0704C
:103B7000E078012804D0E078022801D00D205FE72A
:103B8000E07809FB00F93D20005DA070A07818B135
:103B9000A078411E084008B10D2051E74120015D89
:103BA00094F8420041EA00202081207A00F00F00C2
:103BB00008B10D2044E74320015D94F8440041EA38
:103BC000002BBBF1000F0ED194F85300010694F8BE
:103BD000520041EA004194F8510041EA002094F873
:103BE000501040EA010B3E20015D94F83F0041EA8D
:103BF00000200490049808B90D2021E70498484457
:103C0000218900EB111006900698834501D20D2002
:103C100016E70698ABEB0000A178B0FBF1FABAF119
:103C2000000F01D10D200BE7012540F6F67082450B
:103C300000D302254FF6F670824500D303250AF122
:103C400002006061E76104983844206206983844B5
:103C5000A062032D16D1208908B10D20F0E694F85A
:103C60005F00010694F85E0041EA004194F85D00AF
:103C700041EA002094F85C100843606260698000AB
:103C8000059014E0208908B90D20D9E6206A48443F
:103C90006062022D02D16069400007E0207D00F0E3
:103CA0000100616901EB410100EB51000590A16940
:103CB000059800F2FF10B1EB502F01D20D20BFE6A6
:103CC0004FF0FF302061E06080206071032D5AD1F9
:103CD00094F8601094F8610041EA0020012852D164
:103CE000791C204600F014FAE8BB0020607194F8BB
:103CF0002E1294F82F0241EA00204AF655218842FC
:103D000041D13320005D01063220005D41EA0041CF
:103D10003120005D41EA002094F83010084320492A
:103D2000884230D194F81702010694F8160241EA4D
:103D3000004194F8150241EA002094F81412084357
:103D4000184988421FD194F81B02010694F81A0200
:103D500041EA004194F8190241EA002094F818124F
:103D60000843206100E00EE094F81F02010694F879
:103D70001E0241EA004194F81D0241EA002094F835
:103D80001C120843E060257007480088401C80B280
:103D900005490880E080002052E6000038790120C3
:103DA00052526141727241615E02002000BF054AB9
:103DB000128802F04002002AF9D0C2B2014B9A8068
:103DC000704700000010014070B502464FF0FF3010
:103DD0001568E5B1116800E0491C0D78202D02D36B
:103DE0000D783A2DF8D10D783A2D0FD1146814F8CA
:103DF000015BA5F130030A2B07D28C4205D1032BBE
:103E000003D218464D1C2946156070BD002000BF26
:103E1000FBE700000EE00848006808B9012000E058
:103E20000020054908604FF4FA730022114610463D
:103E3000F2F762FDEFE70000940240421CB5A820B3
:103E4000FFF736FC4FF4A060F2F70CF84FF4E130C6
:103E500000F000FAF5F784F9F9F79EFE4FF4784088
:103E60003C4908803CA010210B46C822CDE9001037
:103E700032211E20F1F722FD3BA010210B46C82263
:103E8000CDE9001046211E20F1F718FD39A01021C0
:103E90000B46C822CDE900105A211E20F1F70EFD75
:103EA00023E039A010210B46C822CDE9001096214D
:103EB0001E20F1F703FD4FF4FA70FFF723FC38A042
:103EC00010210B46C822CDE9001096211E20F1F7E3
:103ED000F5FC4FF4FA70FFF715FC3648006808B996
:103EE000012000E0002033490860F9F7A7FE4EF6F4
:103EF00014718842D5D130A010210B46C822CDE9DB
:103F0000001096211E20F1F7D9FCF9F7A9FAF1F774
:103F10004BFF002000F062F8022000F05FF8FFF78E
:103F200013FD29490122086828A1FFF74DFD264904
:103F30000122486826A1FFF747FDF1F79DFF002306
:103F4000244A19462448F2F793F9F2F745F900207C
:103F50001CBD0000000000206D6375646576205371
:103F6000544D333246340000535049205445535485
:103F7000000000006D63756465762E74616F626188
:103F80006F2E636F6D00000057323551313620437C
:103F90006865636B204661696C6564210000000000
:103FA000506C6561736520436865636B2120202038
:103FB00020202000940240425732355131362052A1
:103FC000656164792100000040020020303A000061
:103FD000313A0000180600209141010810B504464E
:103FE0000C4951F824104A000B4951F824000021D3
:103FF00000F0BCF8094951F8242007490C3951F860
:104000002400002100F0B2F8012103480C300155D2
:1040100010BD00003C6401089000002054640108B9
:104020002DE9F04704460F460025A9462548005DC6
:1040300020B9244820380168204688471FB94FF02E
:10404000FF30BDE8F087204850F82400B7FBF0F0BF
:1040500086B21D4850F82400B7FBF0F100FB117048
:1040600008B1701C86B2194850F82400451E24E09F
:1040700014480C3850F8240030F8150020B909F124
:1040800001001FFA80F901E04FF00009B14513D19A
:104090004FF0000809E00B480C3850F8240005EBFD
:1040A000080120F8116008F10108B045F3D3064873
:1040B00050F824006843C4E76D1E002DD8DA4FF095
:1040C000FF30BEE79C000020486401083C64010802
:1040D00010B501460023002207E00B4850F82100EC
:1040E00030F8120000B15B1C521C084850F8210047
:1040F0009042F2D864205843044C54F82140B0FB5D
:10410000F4F0C0B210BD0000900000203C64010833
:1041100070B504460D46E06AA84210D0204600F073
:1041200069F808B1012070BD607801232A4604F1C6
:104130003001FFF759FB08B10120F4E7E5620020E8
:10414000F1E7000070B504460E4631462046FFF701
:1041500067FF0546681C08B9002070BD024850F88A
:1041600024002844F9E700008400002030B503460D
:1041700001E003F8011B141EA2F10102F9D130BDC8
:1041800000BF011EA0F10102D0B2FAD170470000B9
:1041900070B5054601210803F3F7BCF8EEF7D6F831
:1041A000F2F73EF8ECF790F8044604230B4A00219E
:1041B0000B48F2F75DF802230A4A00210A48F2F799
:1041C00057F80323094A00210948F2F751F8FF2064
:1041D000F2F700FB2046ECF77BF870BD18290020B1
:1041E0003739010818080020414201081809002049
:1041F000153E010870B504462079F8B1E56A60788B
:1042000001232A4604F13001FFF722FB08B1012007
:1042100070BD00202071206A281AA16988420DD241
:10422000E67809E0A0690544607801232A4604F194
:104230003001FFF70DFB761E022EF3D20020E7E7D8
:1042400007E0EEF73DFF0523002211461046F2F786
:1042500053FBF6E710B588B0044601210846F3F792
:1042600059F801211020F3F775F807220921244895
:10427000EDF792F907220A212148EDF78DF94FF465
:10428000C060069002208DF81C008DF81D000020F3
:104290008DF81E0001208DF81F0006A91848EDF7C3
:1042A00033F902940020ADF80C00ADF80E00ADF823
:1042B0001000ADF814000C20ADF8120002A911484E
:1042C000F9F7CCFB01210F48F9F76DFB40210D48B0
:1042D000F9F760FB012240F225510A48F9F799FBF2
:1042E00025208DF8040003208DF805008DF80600C8
:1042F00001208DF8070001A8F1F778FD08B010BD86
:10430000000002400010014010B591EA030F48BFC1
:1043100083F0004300F15483841A71EB030C05D23F
:10432000121943EB0C03001B61EB0C01DFF824E1D5
:104330004FEA1154A4EB135C1EEA430F18BF9EEA28
:10434000445F73D023EA0E03DCF1200E21EA04510E
:1043500043F4801332D322FA0CFE10EB0E0023FA42
:104360000CFE41EB0E01CCF1200E03FA0EFE10EB19
:104370000E0051F10001B1F5801FCCF1200E32D2B8
:1043800001EB045112FA0EF2BDE8104058BF70471D
:10439000401C38BF5FEA420218BF7047002814BFB4
:1043A00020F0010041F100014FEA410313F5001F25
:1043B00038BF7047A1F1C04100F0E6B9012A43EBD4
:1043C0000302ACF1200CDCF11F0E32BF4FF0000EE7
:1043D00023FA0CF310EB030041EB0451B4EB115F33
:1043E000D0D0A1EB045101F5801149085FEA3000FB
:1043F00001EB04510ED350F1000038BF12FA0EFE4B
:1044000008D1BDE81040C9E7401C38BF5FEA42024E
:10441000CAD1C3E7BDE810404FEA410313F5001FBE
:1044200038BF7047A1F1C04100F0AEB99EEA445FC9
:1044300008D011EA5E0FBDE8104004BF01F0004152
:1044400000207047BDE8104070B500F04FF900BF84
:1044500064FBBE3E0000E0FF491058BFC1F140417F
:104460005B1058BFC3F140438B42EFF300807047AD
:104470004FEA1153A3F58063D3F11E03A8BFD3F114
:10448000200C08DB4FF0004242EAC12252EA5052AF
:1044900032FA03F0704709420BD4102BC4BF00203E
:1044A000704703F5787CBCF1FF3F05D04FF0FF303B
:1044B00070474FF00000704770B500F017F900BF6B
:1044C0004992248000207047F0E710F0004248BF76
:1044D0004042B0FA80F310FA03F10AD0C3F11D0391
:1044E00003F580634FEA415002EB035202EBD12106
:1044F00070474FF000007047B0FA80F310FA03F1F4
:104500000AD0C3F11D0303F580634FEA41504FEA1F
:10451000035202EBD12170474FF0000070470000BA
:1045200051EA030C17D41CF5801F58BFBCF5801F3F
:1045300000F10680994218BF704708BF904270474B
:1045400007D711F5801F58BF13F5801F19D4994262
:104550007047894270471CF5801F08D5BCF5801F45
:10456000F7D58B4218BF704708BF824270474FF49F
:10457000001C1CEB410F38BF1CEB430F01D28B42D8
:10458000704770B500F0B2F8922449004FF0005126
:104590004FF08053FFF760BFDFF848C170B51CEAE9
:1045A000111E1EBF1CEA13159EEA0C0F95EA0C0F94
:1045B00000F06F8081EA030423EA4C134EEAD47EB4
:1045C00021EA4C1141F4801143F48013AE44A1FB65
:1045D000024CA0FB0365AEF17F7E361955EB0C054E
:1045E000A1FB034C4CF10003A0FB021C16EB0C06D4
:1045F000654153F10003094218BF46F0010613F468
:10460000007F0BD14FEA03314FEA0530340341EA12
:10461000155140EA16506FF003020AE04FEAC32139
:104620004FEAC520F40241EA555140EA56506FF076
:10463000020202EB2E4201EB025585EACE710AD04E
:104640005FEA440C18BF24F0004450F1000041F12F
:10465000000120EAD47040F2FE7C624500D270BDB9
:10466000A84214BF4FF080444FF04044002E08BFD2
:104670000024BEF1806FA8BFA1F1C041BDE8704029
:1046800080F282804FF0000001F1C04101F0004152
:1046900070479EEA0C0F0CEA131518BF95EA0C0F31
:1046A00006D04FF0000081EA030E0EF0004170BD0D
:1046B00000F01CF88900013E00F007B800F009B8CE
:1046C0004FEA430C5FEA5C5C08D081EA030100F02A
:1046D0005BB84FEA410C5FEA5C5CF6D14FF000003A
:1046E000014970470000FF070000F87F0EF1020E3D
:1046F0002EF0030E5EF8046B364205D4012A43EB1C
:10470000030515F5001F12D8012841EB010C1CF51B
:10471000001F0CD80ED14FEAD17C15F5001F0CEB11
:104720004C0C0CF1020C08BF4CEBD37C04E04FF0B6
:10473000080C01E04FEAD37C0CEB4C0526FA05F699
:1047400006F00706B6F1040C06D20EEB860CBDE8A7
:1047500070404CF0010C6047DFE80CF0090B0202DE
:104760004FF000414FF00000A1F5002170BD194647
:104770001046012851EB010418BFD4F5001484BF82
:10478000002001F0004170BD0808A0F500114FEABB
:104790003101704753EA010C17D41CF5801F58BF34
:1047A000BCF5801F00F106808B4218BF704708BF20
:1047B0008242704707D713F5801F58BF11F5801F3D
:1047C00019D48B4270479B4270471CF5801F08D557
:1047D000BCF5801FF7D5994218BF704708BF9042BB
:1047E00070474FF4001C1CEB430F38BF1CEB410F0C
:1047F00001D2994270470FB40CBC03BCFFF7C1BE95
:1048000091EA030F10B581F000413FF585AD83F0CB
:10481000004300F0D5B800002DE9F04101F5801CFF
:10482000BCF5001FC0F2A9804FEA115C21EA0C51CF
:104830000CF1FD0C41F480115FEA5C0C0CF5C07CBE
:1048400001D34000494130A4890241EA90518702D6
:104850008E0E0A0CA45D04FB04F602FB06F6C6F1FC
:104860004046A4FB0662F60D46EA422606FB06F425
:10487000A4FB01235242C3F1404338BF5B1EA6FB99
:1048800002420024E6FB0324D20B42EA4446A6FB84
:104890000623A1FB02E2A3FB07E4E3FB61426442BF
:1048A000C2F1404E38BFAEF1010EA6FB04234FF01B
:1048B0000002E6FB0E32A2FB03463400E2FB626418
:1048C000A1FB06E6A4FB07E8E4FB61687642C8F1B9
:1048D000405838BFA8F10108A2FB06E4A3FB08E595
:1048E000E2FB6854A1FB05E6A7FB04E8E1FB648654
:1048F00018F1200556F10006A809A8F11B08B10916
:1049000008F03F08B8F10A0F40EA86601CD901EBB5
:104910000C51BDE8F08100BFFCF5EEE8E2DDD8D334
:10492000CFCBC7C3C0BDB9B6B4B1AEACA9A7A5A320
:10493000A19F9D9B9A9896959392908F8D8C8B8931
:104940008887868584838281A0FB006800FB01F252
:1049500008EB4208B8EB872807D5341858EB010458
:10496000D5D5401C51F10001D1E7341A78EB010490
:10497000CDD4401E71F10001C9E75FEA4C0C5FEA3B
:104980009C5C0DD105D34FF0000001F00041BDE863
:10499000F081BDE8F04170B5FFF7A8FE6DDBFFBE0A
:1049A000BDE8F0414FF00000004970470000F87F7B
:1049B00010B591EA030F48BF83F000433FF5ACAC5C
:1049C000841A71EB030C07D212198CF0004C43EBE4
:1049D0000C03001B61EB0C01DFF8A4E14FEA11545A
:1049E000A4EB135C1EEA430F18BF9EEA445F00F07D
:1049F000B08023EA6E03524221EA0451C3EB6E03F6
:104A000038BF5B1EDCF1200E25D322FA0CFE10EB22
:104A10000E0043FA0CFE41EB0E01CCF1200E03FA1E
:104A20000EFE10EB0E0051F10001CCF1200E29D446
:104A300012FA0EF201EB0451BDE8104058BF704766
:104A4000401C1CBFB2F1004F704700280CBF491C2E
:104A500020F00100704712EB020E43EB030218BF77
:104A60004FF0010E4EEA4202ACF1200CDCF11E0EBA
:104A700054D943FA0CFE10EB0E0051F1FF31CCF18A
:104A80001E0ED5D50EF1010E12FA0EFE404141EB7D
:104A9000010101EB445C5FEA5C5C10D910EBDE7055
:104AA00001EB045138BFBEF1004FBDE8104018BF04
:104AB000704700280CBF491C20F00100704730D21D
:104AC0004FEAD42C11F5001124F400641BD0B1FA84
:104AD00081F20B3AA41AA41ED2F12003914030FABD
:104AE00003F31943904001EBCC71002C01EB04510E
:104AF000BDE81040A8BF704701F1C0414FF0000071
:104B000001F000417047B0FA80F310FA03F100D1D0
:104B100010BDE41A173C4805C90AE4E701EB04514B
:104B200010BD491001EB0451BDE810404FEA3000C0
:104B300002E04FF0000170474A0008BF0042F8D081
:104B4000B2F5001F28BF704701F000414FF0000090
:104B500070479EEA445F07D011EA5E0FBDE810403F
:104B600004BF002100207047BDE8104070B5FFF77A
:104B7000BDFD00BF40DFF63E83F0004110467047A8
:104B80000000E0FF43004FEAD30C4FEA3C0C4340E7
:104B90001FBF40070CF1605113F0FE4F70471CF02F
:104BA000006F03D100200CF0004170470CF000436F
:104BB00043EA507010B540EACC0000F00EF800BF98
:104BC000000000924FEA0001FFF7DEBD4FF0004108
:104BD0004FF00000A1F5002170470EF1020E2EF0FB
:104BE000030E5EF8044B244204D44FEA4102B2F1B2
:104BF0007F4F11D84FEA4003B3F17F4F0CD80ED14D
:104C00004FEAD07CB2F17F4F0CEB4C0C0CF1020C54
:104C100008BF4CEBD17C04E04FF0080C01E04FEAF8
:104C2000D17C0CEB4C0324FA03F404F00704B4F138
:104C3000040C06D20EEB840CBDE810404CF0010CC5
:104C40006047DFE80CF0070802024FF00040A0F5D3
:104C5000800010BD0846420018BFD2F1807288BFA4
:104C600000F0004010BD4FF04070E1EE100A7047B8
:104C70000000000000000000000000000000000034
:104C80003F40000000000000000030004000300005
:104C90004000000009000BC03D000BC03D000900B2
:104CA00018C024407FE0224031800000180024C05A
:104CB0001B000D803240018003801C4027401C8077
:104CC00007400040100060000000000000000000ED
:104CD0000000000000001F80204040200000402015
:104CE00020401F8000000000090006001F80060011
:104CF00009000000040004003F80040004000000DC
:104D0000001000600000000000000000040004002B
:104D10000400040004000000000000400000000047
:104D200000000000002001C0060038004000000024
:104D30001F802040204020401F80000000001040C5
:104D40003FC000400000000018C021402240244025
:104D50001840000010802040244024401B800000A8
:104D600002000D0011003FC0014000003C802440C3
:104D700024402440238000001F80244024403440ED
:104D8000038000003000200027C038002000000011
:104D90001B802440244024401B8000001C0022C0B3
:104DA000224022401F800000000000000840000058
:104DB000000000000000000004600000000000008F
:104DC000000004000A001100208040400900090092
:104DD0000900090009000000000040402080110087
:104DE0000A000400180020002340240018000000DE
:104DF0001F802040274029401F400000004007C07E
:104E000039000F0001C0004020403FC02440244032
:104E10001B8000001F802040204020403080000088
:104E200020403FC0204020401F80000020403FC065
:104E300024402E4030C0000020403FC024402E00BF
:104E4000300000000F00108020402240338002001C
:104E500020403FC0040004003FC0204020402040CC
:104E60003FC02040204000000060202020203FC0A4
:104E70002000200020403FC024400B0030C02040D4
:104E800020403FC020400040004000C03FC03C00E8
:104E900003C03C003FC0000020403FC00C40230046
:104EA0003FC020001F802040204020401F80000085
:104EB00020403FC024402400180000001F802140F3
:104EC000214020E01FA0000020403FC024402600D9
:104ED00019C0004018C02440244022403180000006
:104EE000300020403FC020403000000020003F80C4
:104EF000004000403F80200020003E0001C007002D
:104F000038002000380007C03C0007C0380000000F
:104F1000204039C0060039C0204000002000384041
:104F200007C0384020000000304021C026403840F3
:104F300020C00000000000007FE040204020000072
:104F4000000070000C0003800040000000004020C2
:104F500040207FE000000000000020004000200012
:104F600000000000001000100010001000100010E1
:104F7000000000004000000000000000000002806F
:104F80000540054003C0004020003FC004400440ED
:104F9000038000000000038004400440064000003D
:104FA00000000380044024403FC000400000038014
:104FB0000540054003400000000004401FC024409D
:104FC00024402000000002E0055005500650042057
:104FD00020403FC00440040003C0004000000440E3
:104FE00027C000400000000000100010041027E05F
:104FF0000000000020403FC00140070004C0044002
:10500000204020403FC000400040000007C0040096
:1050100007C0040003C00000044007C004400400AF
:1050200003C00040000003800440044003800000EF
:10503000041007F0045004400380000000000380C7
:105040000440045007F00010044007C00240040070
:1050500004000000000006400540054004C00000B8
:10506000000004001F80044000400000040007808E
:105070000040044007C000400400070004C0018055
:1050800006000400060001C0070001C00600000081
:10509000044006C0010006C00440000004100710D0
:1050A00004E00180060004000000044005C0064042
:1050B000044000000000000004007BE040200000ED
:1050C000000000000000FFF0000000000000402091
:1050D0007BE0040000000000400080004000200051
:1050E0002000400000000000000000000000000060
:1050F000000000000000000000001FCC000C0000B9
:1051000000000000000008003000600008003000CF
:1051100060000000022003FC1E20022003FC1E2071
:105120000220000000000E1811043FFF10840C78CC
:10513000000000000F0010840F3800C007781884AA
:105140000078000000780F8410C411240E9800E449
:1051500000840008080068007000000000000000E3
:105160000000000000000000000007E01818200404
:1051700040020000000040022004181807E0000070
:10518000000000000240024001800FF00180024058
:10519000024000000080008000800FF80080008046
:1051A000008000000001000D000E00000000000063
:1051B000000000000000008000800080008000806F
:1051C000008000800000000C000C000000000000C7
:1051D00000000000000000060018006001800600CA
:1051E00018002000000007F0080810041004080848
:1051F00007F000000000080408041FFC000400047D
:105200000000000000000E0C101410241044118443
:105210000E0C000000000C18100411041104128878
:105220000C700000000000E00320042408241FFC90
:105230000024000000001F9810841104110410883D
:1052400010700000000007F008881104110418888D
:105250000070000000001C00100010FC13001C0077
:105260001000000000000E38114410841084114416
:105270000E38000000000700088C10441044088815
:1052800007F00000000000000000030C030C000009
:105290000000000000000000000101060000000006
:1052A00000000000000000800140022004100808F7
:1052B000100400000220022002200220022002200E
:1052C0000220000000001004080804100220014021
:1052D0000080000000000E001200100C106C108006
:1052E0000F00000003E00C1813E4142417C408286E
:1052F00007D000000004003C03C41C40074000E449
:10530000001C000410041FFC1104110411040E8879
:105310000070000003E00C181004100410041008C2
:105320001C10000010041FFC1004100410040808D6
:1053300007F0000010041FFC1104110417C410042E
:105340000818000010041FFC1104110017C0100001
:105350000800000003E00C181004100410441C782E
:105360000040000010041FFC1084008000801084A6
:105370001FFC10040000100410041FFC1004100493
:105380000000000000030001100110011FFE1000CA
:105390001000000010041FFC110403801464181C8A
:1053A0001004000010041FFC10040004000400049A
:1053B000000C000010041FFC1F0000FC1F001FFC5D
:1053C0001004000010041FFC0C04030000E010187F
:1053D0001FFC100007F0080810041004100408084F
:1053E00007F0000010041FFC108410801080108053
:1053F0000F00000007F0081810241024101C080AE1
:1054000007F2000010041FFC1104110011C011303C
:105410000E0C000400000E1C1104108410841044B3
:105420001C3800001800100010041FFC10041000AD
:105430001800000010001FF81004000400041004FD
:105440001FF8100010001E0011E0001C00701380F7
:105450001C0010001FC0103C00E01F0000E0103CCA
:105460001FC000001004180C163401C001C016340F
:10547000180C100410001C00130400FC13041C0082
:10548000100000000804101C1064108413041C0495
:10549000101800000000000000007FFE40024002E3
:1054A00040020000000030000C0003800060001C7F
:1054B0000003000000004002400240027FFE0000A6
:1054C00000000000000000002000400040004000FC
:1054D00020000000000100010001000100010001A6
:1054E000000100010000400040002000000000001A
:1054F0000000000000000098012401440144014420
:1055000000FC000410001FFC008801040104008856
:105510000070000000000070008801040104010414
:1055200000880000000000700088010401041108D8
:105530001FFC0004000000F8014401440144014440
:1055400000C800000000010401040FFC1104110454
:1055500011001800000000D601290129012901C904
:105560000106000010041FFC00840100010001047A
:1055700000FC000400000104190419FC00040004EC
:10558000000000000000000300010101190119FEE4
:105590000000000010041FFC0024004001B4010CB6
:1055A000010400000000100410041FFC00040004AB
:1055B00000000000010401FC0104010001FC0104E1
:1055C000010000FC010401FC008401000100010451
:1055D00000FC0004000000F80104010401040104BF
:1055E00000F80000010101FF0085010401040088AA
:1055F0000070000000000070008801040104010533
:1056000001FF00010104010401FC00840104010008
:1056100001800000000000CC0124012401240124A9
:105620000198000000000100010007F801040104D6
:1056300000000000010001F800040004000401085B
:1056400001FC0004010001800170000C00100160E9
:105650000180010001F0010C003001C00030010C9C
:1056600001F0010000000104018C00740170018C44
:1056700001040000010101810171000E00180160A8
:105680000180010000000184010C01340144018407
:10569000010C0000000000000000000001003EFCC2
:1056A000400240020000000000000000FFFF000078
:1056B000000000000000400240023EFC010000002B
:1056C00000000000000060008000800040004000FA
:1056D000200020000000000000000000000000008A
:1056E00000000000000000000000000000000000BA
:1056F00000000000000000000000000000000000AA
:10570000000000000000000F80380FFE380F8038C6
:105710000000000000000000000000000000000089
:1057200000000100000600000C00003800003100FD
:10573000000600000C0000380000300000000000EF
:105740000000000061800067F807F98000618000B8
:1057500061800061800061800067F807F980006166
:105760008000000000000000000001C0E003E0F045
:105770000630080418081FFFFE040E080787F00310
:1057800081E000000000000001F000060C000404AD
:1057900008060C7001F9C0000E00003BE000EC1898
:1057A000070808040C180003E00000000001E000F6
:1057B00007F003F818041C0804170807E1D003C019
:1057C000E00023B0003C08002008000010000000AA
:1057D0000000000100003100003200001C00000049
:1057E00000000000000000000000000000000000B9
:1057F00000000000000000000000000000000000A9
:10580000000000007F0001FFC00780F00C001810AE
:105810000004200002000000000000200002100030
:10582000040C00180780F001FFC0007F000000009A
:105830000000000000000000000000000000000068
:105840004200006600006600003C0000180003FFF4
:10585000C0001800003C0000660000660000420026
:105860000000000008000008000008000008000018
:10587000080001FFC0000800000800000800000840
:1058800000000800000000000001000031000032AC
:1058900000001C00000000000000000000000000EC
:1058A00000000000000000000000000008000008E8
:1058B00000000800000800000800000800000800C0
:1058C00000080000080000080000000000000000C0
:1058D0000000000038000038000038000000000020
:1058E00000000000000000000000000000000000B8
:1058F00000000000000600001C0000700001800095
:105900000E0000380000C0000700001C000030003E
:1059100000000000000000007F8001FFE0038070B5
:10592000060018040008040008060018038070012F
:10593000FFE0007F80000000000000000000010088
:105940000801000801000803FFF807FFF80000083D
:105950000000080000080000000000000000000136
:10596000C03802C058040098040118040218040446
:1059700018061C1803F81801E0F8000000000000E9
:1059800000000001C0E003C0F0040008040808049F
:10599000080806180803F41801E7F00001E0000009
:1059A00000000000000000000300000D00001100D6
:1059B00000610000810803010807FFF80FFFF800ED
:1059C00001080001080000000000000000E007FCE2
:1059D000D006080806100806100806100806183831
:1059E000060FF00607C000000000000000000000E5
:1059F0003F8001FFE00384300208180410080410FF
:105A000008041008071810030FF00007C00000007A
:105A100000000000000003C00007000006000006B0
:105A200000F80607F806180006E000070000060068
:105A30000000000000000001E1E003F7F006341070
:105A4000041808041808040C08040C0806161803A7
:105A5000F3F001C1E000000000000000F80003FCCA
:105A60003003063804020804020804020804041083
:105A70000308F001FFC0007F0000000000000000EC
:105A800000000000000000000000000070380070FE
:105A90003800703800000000000000000000000026
:105AA00000000000000000000000000000000000F6
:105AB000301A00301C000000000000000000000050
:105AC00000000000000000000000000800001400BA
:105AD00000220000410000808001004002002004FC
:105AE0000010080008000000000000002100002154
:105AF0000000210000210000210000210000210001
:105B00000021000021000021000000000000000032
:105B1000000008000804001002002001004000807E
:105B20008000410000220000140000080000000076
:105B300000000003C00004C0000400000800380892
:105B40000F380808380810000C300007E00003C0C8
:105B500000000000000000003F8000FFE0038070B4
:105B6000020F1006708804C088048308047F88022E
:105B7000C09003012000FE40000008000018000152
:105B8000F8003E0801C20007020007E20000FE0024
:105B9000001FC80001F800003800000804000807D2
:105BA000FFF807FFF80408080408080408080408B8
:105BB0000806180803F41801E7F00001E0000000EF
:105BC000000000003F8001FFE00380700200180425
:105BD00000080400080400080400100600200780E4
:105BE000C000000004000807FFF807FFF8040008E1
:105BF000040008040008040018020010038070016B
:105C0000FFE0007F8000000004000807FFF807FFA6
:105C1000F8040808040808040808040808043E08F2
:105C200004000806001801006000000004000807D6
:105C3000FFF807FFF8040808040800040800040837
:105C400000043E0006000006000001800000000085
:105C5000000000003F8001FFE00380700600180490
:105C600000080402080402080203F00783F000029F
:105C70000000020004000807FFF807FFF804080806
:105C800000080000080000080000080004080807D9
:105C9000FFF807FFF80400080000000000000400FF
:105CA0000804000804000807FFF807FFF8040008CC
:105CB00004000804000800000000000000000000CC
:105CC00000060000070000010400010400010400B8
:105CD0000307FFFE07FFFC040000040000040000AF
:105CE00004000807FFF807FFF8040C08001800007C
:105CF0003E0004C7800503C80600F804003804000D
:105D00001800000804000807FFF807FFF80400085F
:105D1000000008000008000008000008000008005B
:105D2000001800006000000004000807FFF807806A
:105D30000807FC00007FC00003F80007C0007800DF
:105D400007800807FFF807FFF804000804000807A9
:105D5000FFF807000803C00000E000003800001E44
:105D6000000007000001C00400F007FFF804000075
:105D7000000000007F8001FFE0038070060018042F
:105D8000000804000806001803003001FFE0007F4F
:105D90008000000004000807FFF807FFF80404086B
:105DA000040400040400040400040400060C0003BE
:105DB000F80001F000000000000000007F8001FFFB
:105DC000E00380700600880400880400C806003CD8
:105DD00003003E01FFE6007F840000000400080786
:105DE000FFF807FFF8040808040800040C00040F7B
:105DF00000040BC00610F003F03801E008000008B2
:105E000000000001E0F803F0300630100418080428
:105E10001808040C08040C080206180207F0078191
:105E2000E000000001800006000004000004000003
:105E300004000807FFF807FFF80400080400000446
:105E4000000006000001800004000007FFE007FFDB
:105E5000F004001800000800000800000800000816
:105E600000000804001007FFE00400000400000622
:105E7000000007E00007FE00041FE00001F800003A
:105E8000380001E0043E0007C000060000040000E6
:105E900004000007E00007FFC0041FF80007C00768
:105EA000F80007FF80043FF80007C004F80007006F
:105EB0000004000000000004000806001807C07875
:105EC00005F1C8003E00001F800463E80780F80663
:105ED000001804000800000004000006000007800D
:105EE0000007E008047C08001FF80007F800180805
:105EF00004E00807000006000004000000000001A4
:105F000000080600380400F80403E8040F08047CC5
:105F10000805F00807C0080700180400600000002A
:105F20000000000000000000000000000000003F32
:105F3000FFFE2000022000022000022000022000BC
:105F40000200000000000000000008000007000040
:105F500000C0000038000006000001C00000300052
:105F6000000E000001000000000000000000200002
:105F7000022000022000022000022000023FFFFE5B
:105F80000000000000000000000000000000000011
:105F90000000000000080000100000300000200099
:105FA00000300000100000080000000000000000A9
:105FB00000000100000100000100000100000100DC
:105FC00000010000010000010000010000010000CC
:105FD000010000010000000000000000002000009F
:105FE0002000001000001000000000000000000071
:105FF00000000000000000000000000000F0001998
:10600000F8001B18002208002608002408002410AD
:10601000003FF8001FF8000008000018000000040E
:10602000000007FFF80FFFF000181800100800200C
:1060300008002008003018001FF0000FC00000000A
:106040000000000007C0001FF0001830002008000A
:106050002008002008003C08001C10000060000020
:10606000000000000000000007C0001FF00038180A
:1060700000200800200800200804101007FFF80F77
:10608000FFF000001000000000000000000000070A
:10609000C0001FF000123000221800220800220861
:1060A000003208001E10000E20000000000000005A
:1060B000200000200800200801FFF803FFF8062058
:1060C0000804200804200807200003000000000046
:1060D00000000000000E000E6E001FF30031B10042
:1060E00020B10020B1003191001F13002E1E0020AE
:1060F0000E00300000000004000807FFF80FFFF852
:10610000001008002000002000002008003FF800D8
:106110001FF8000008000000000000000000002040
:1061200008002008002008063FF8063FF800000895
:10613000000008000008000000000000000000004F
:1061400000000000030000030020010020010020E7
:1061500003063FFE063FFC000000000000000000B8
:1061600000000004000807FFF80FFFF80001880096
:106170000300002FC00038F800203800200800007D
:1061800008000000000000000000040008040008EF
:1061900004000807FFF80FFFF800000800000800DF
:1061A0000008000000000000002008003FF8003F49
:1061B000F8001008002000003FF8003FF800100829
:1061C000002000003FF8003FF80000080000000039
:1061D0002008003FF8003FF80010080010000020E1
:1061E00000002008003FF8001FF800000800000031
:1061F0000000000007C0000FF00018300030080059
:106200002008002008003008001830000FF00007B8
:10621000C0000000000000002001003FFF003FFF21
:10622000001011002009002008002008003038006C
:106230001FF0000FC00000000000000007C0001F9A
:10624000F000381800200800200800200900101174
:10625000001FFF003FFF00000100000000200800B9
:106260002008002008003FF8003FF8000808001050
:10627000080020080020000030000030000000006E
:10628000000000000000000C78001E180033080019
:1062900023080021080021880021980030F00038F0
:1062A000600000000000000020000020000020002E
:1062B00000FFF003FFF8002008002008002008007D
:1062C0000030000000000000000000002000003F3F
:1062D000F0007FF8000018000008000008002010FF
:1062E000003FF8007FF000001000000000000000F8
:1062F0002000003000003C00003F800023F0000040
:1063000078000070002380003C0000300000200076
:10631000002000003C00003FE00023F80000E00007
:106320002700003E00003FE00021F80001E0003EB1
:10633000000020000000000020080020080038387D
:10634000003E680027800003C8002CF800383800A1
:10635000201800200800000000000000200000308D
:1063600003003C01003F830023EC00007000238009
:10637000003C0000200000200000000000000000A1
:1063800000000038080020380020F80023E8002F23
:1063900088003E0800380800201800007000000047
:1063A00000000000000000000000000000000000ED
:1063B00008000014001FF7FC300006200002000057
:1063C00000000000000000000000000000000000CD
:1063D000000000000000FFFFFF00000000000000C0
:1063E000000000000000000000000000000020008D
:1063F000023000061FF7FC00140000080000000037
:106400000000000000000000000000000000001874
:10641000000060000040000040000020000010006C
:10642000000800000400000400000C000010000040
:106430000001000500100014001800000009000011
:106440004001000080070000200000002000000044
:1064500020000000002001000028000000F00000E3
:106460000000000031070108EB0E0108750F01085C
:1064700009120108191C0108CD250108D5330108AE
:106480009D250108891A0108FD1A0108551A0108FD
:106490004F1C010800000100020001000300010080
:1064A00002000100040001000200010003000100DD
:1064B00002000100050001000200010003000100CC
:1064C00002000100040001000200010003000100BD
:1064D00002000100060001000200010003000100AB
:1064E000020001000400010002000100030001009D
:1064F000020001000500010002000100030001008C
:10650000020001000400010002000100030001007C
:106510000200010007000100020001000300010069
:10652000020001000400010002000100030001005C
:10653000020001000500010002000100030001004B
:10654000020001000400010002000100030001003C
:10655000020001000600010002000100030001002A
:10656000020001000400010002000100030001001C
:10657000020001000500010002000100030001000B
:1065800002000100040001000200010003000100FC
:106590000200010002000000FF000000DC91010881
:1065A0000200000000FF0000F0910108020000005E
:1065B0000000FF00E091010801000000FFFFFF0064
:1065C0000092010802000000FFFF0000F89101089E
:1065D0000200000000FFFF00E89101080200000037
:1065E000FF00FF00D491010800000000FFFFFF0042
:1065F000FDF60008AD4D0008D71B010801000000A2
:1066000049F60008211D0108F5480008FD49000869
:106610000000000001010101000000000000000076
:10662000000000000000000000000000000000006A
:10663000000000003030303030303030303030004A
:106640000030300000000000000000006666666652
:1066500066000000000000000000000000000000D4
:1066600000000000000000000C600C600CE018C08E
:10667000FFF0FFF018C031803180FFF0FFF0318073
:1066800073006300630000000000000000000000D1
:1066900000000000000004001F003F8075C064C0BF
:1066A000640074003E000F8005C004C004C064C0D4
:1066B00075C03F801F0004000400000000000000BF
:1066C0000000000000000000000000001C06003672
:1066D0000C00630C00631800631800633000366020
:1066E000001C670000CD8000D8C00198C00198C090
:1066F0000318C0060D80060700000000000000001F
:106700000000000000000000000000000000000089
:1067100007800FC01860186018C00D800F001F00A0
:10672000339861D860F0606070F03FD81F080000B7
:1067300000000000000000000000000060606060D9
:1067400060000000000000000000000000000000E9
:106750000000000004081810303060606060606065
:106760006030301018080400000000004020301095
:1067700018180C0C0C0C0C0C0C18181030204000C5
:10678000000000001818FF183C6600000000000020
:1067900000000000000000000000000000000000F9
:1067A00000000000000006000600060006007FE072
:1067B0007FE0060006000600060000000000000062
:1067C00000000000000000000000000000000000C9
:1067D0000000000000000000003030101020000019
:1067E000000000000000000000000000FCFC0000B1
:1067F0000000000000000000000000000000000099
:106800000000000000000000003030000000000028
:10681000000000000C0C1818181830303060606050
:1068200060C0C00000000000000000000000000088
:106830001F003FC030C0606060606060606060608A
:10684000606060606060606030C03FC00F800000CA
:106850000000000000000000000000000000000038
:10686000030003000F001F003300030003000300B8
:106870000300030003000300030003000300000003
:106880000000000000000000000000000000000008
:106890001F803FC070E060600060006000C000C00A
:1068A000018007000E00180030007FE07FE000004C
:1068B00000000000000000000000000000000000D8
:1068C0001F003F8071C060C000C00180070007C08A
:1068D00000E000600060606070C03FC01F0000000A
:1068E00000000000000000000000000000000000A8
:1068F00000800180038007800D800D801980318029
:1069000061807FE07FE001800180018001800000E4
:106910000000000000000000000000000000000077
:106920001FC01FC030003000300037807FC060E0E3
:10693000006000600060606070C03FC01F00000029
:106940000000000000000000000000000000000047
:106950000F801FC030E03060600067807FC070E053
:10696000606060606060606030C01FC00F00000049
:106970000000000000000000000000000000000017
:106980007FE07FE000C0018001800300030006007B
:1069900006000C000C000C00180018001800000085
:1069A00000000000000000000000000000000000E7
:1069B0000F001F8030C030C030C030C01F801F802B
:1069C00030C060606060606070E03FC01F800000A9
:1069D00000000000000000000000000000000000B7
:1069E0000F003F8030C0606060606060606030E0D9
:1069F0003FE01E60006060C070C03F801F0000006C
:106A00000000000000000000000000000000000086
:106A100030300000000000000030300000000000B6
:106A20000000000000000000303000000000000006
:106A300000303010102000000000000000000000B6
:106A400000000000002000E003C00F0038006000DC
:106A500038000F0003C000E000200000000000002C
:106A60000000000000000000000000000000000026
:106A700000000000000000007FE07FE00000000058
:106A800000007FE07FE00000000000000000000048
:106A900000000000000000000000000000000000F6
:106AA00000000000400070003C000F0001C00060CA
:106AB00001C00F003C00700040000000000000001A
:106AC00000000000000000000000000000000000C6
:106AD0001F803FC070E06060006000C001C00380A4
:106AE0000700060006000000000006000600000087
:106AF0000000000000000000000000000000000096
:106B00000000000000FE0007FF800F03C01C00E033
:106B100018736031FB70338E306306306606306662
:106B20000630660470660C60671CC033FF8039EF66
:106B3000301C00600F01C007FF8001FE0000000054
:106B40000000000000000000070007000D800D801D
:106B50000D8018C018C018C03FE03FE060306030C2
:106B60006030C018C01800000000000000000000E5
:106B700000000000000000003FC03FE030703030F7
:106B8000303030703FE03FE030303018301830188F
:106B900030383FF03FE0000000000000000000003F
:106BA000000000000000000007E01FF01C38301C4F
:106BB000700C60006000600060006000700C3018B5
:106BC0003C381FF007E0000000000000000000005B
:106BD00000000000000000003FC03FF030383018D7
:106BE000300C300C300C300C300C300C300C3018B9
:106BF00030383FF03FC000000000000000000000FF
:106C000000000000000000003FF83FF830003000B6
:106C1000300030003FF03FF03000300030003000F6
:106C200030003FF83FF800000000000000000000C6
:106C300000000000000000003FF03FF03000300096
:106C4000300030003FE03FE03000300030003000E6
:106C500030003000300000000000000000000000A4
:106C6000000000000000000007F00FF81C1C300EB0
:106C700030046000600060FE60FE60063006300692
:106C80001C1E0FFC03F000000000000000000000CC
:106C90000000000000000000601860186018601814
:106CA000601860187FF87FF8601860186018601826
:106CB000601860186018000000000000000000006C
:106CC0000000000030303030303030303030303084
:106CD0003030300000000000000000000000000024
:106CE000018001800180018001800180018001809C
:106CF000018001806180618073803F001E00000080
:106D00000000000000000000000000000000000083
:106D10003038307030E031C03380370037003F000A
:106D20003B8031C030E0306030703038301C0000C3
:106D30000000000000000000000000000000000053
:106D400030003000300030003000300030003000C3
:106D5000300030003000300030003FE03FE0000005
:106D60000000000000000000000000000000000023
:106D700000000000700700780F00780F00680B001B
:106D80006C1B006C1B0064130066330066330062EA
:106D9000230063630063630061430061C30061C358
:106DA00000000000000000000000000000000000E3
:106DB00000000000000000006018701878187818B3
:106DC0006C186618661863186198619860D86078C6
:106DD00060786038601800000000000000000000CB
:106DE000000000000000000007E00FF01C38300C2D
:106DF000700E60066006600660066006700E300C5D
:106E00001C380FF007E00000000000000000000048
:106E100000000000000000003FE03FF03038301874
:106E20003018301830383FF03FE03000300030008C
:106E300030003000300000000000000000000000C2
:106E4000000000000000000007E00FF81C3C300CC0
:106E5000700E60066006600660066006700C30EC1E
:106E60001C380FFC07EE00020000000000000000CC
:106E700000000000000000003FE03FF03038301814
:106E8000301830383FF03FE030C030E030603070D4
:106E900030383018301C00000000000000000000F6
:106EA000000000000000000007C01FF03838301854
:106EB000300038001F8007E000700018601870185C
:106EC00038381FF00FC00000000000000000000074
:106ED0000000000000000000FFF0FFF006000600C8
:106EE0000600060006000600060006000600060072
:106EF0000600060006000000000000000000000080
:106F000000000000000000006018601860186018A1
:106F10006018601860186018601860186018703881
:106F200038701FE00FC000000000000000000000EB
:106F30000000000000000000C018E0386030603041
:106F400070703060306038E018C018C01DC00D800F
:106F50000D800F800700000000000000000000000E
:106F6000000000000000000000000000C07018C019
:106F7000701860D83060D83060D83070C870318CEC
:106F800060318C60318C601B06C01B06C01B06C0C4
:106F90001B06C00E03800E038000000000000000EE
:106FA00000000000000000000000000000000000E1
:106FB0007038387018600CC00CC007800300078060
:106FC00007800DC01CE0186030307038E01C0000F5
:106FD00000000000000000000000000000000000B1
:106FE000E01C6018303038701CE00CC0078007804F
:106FF000030003000300030003000300030000007C
:107000000000000000000000000000000000000080
:107010007FF07FF0006000C0018001800300060067
:107020000C001800180030006000FFF0FFF00000B6
:1070300000000000000000000000000078786060A0
:107040006060606060606060606060606078780070
:1070500000000000C0C06060606030303018181858
:10706000180C0C00000000000000000078781818D0
:1070700018181818181818181818181818787800E8
:1070800000000000183C3C3C666666C3000000003F
:1070900000000000000000000000000000000000F0
:1070A00000000000000000000000000000000000E0
:1070B00000000000000000000000000000000000D0
:1070C0000000FFF0FFF00000000000006030100042
:1070D00000000000000000000000000000000000B0
:1070E00000000000000000000000000000000000A0
:1070F0001F807FC060C000C007C03FC078C060C0B4
:1071000061C07FC03E600000000000000000000081
:1071100000000000000000006000600060006000EF
:107120006F007F80718060C060C060C060C060C060
:1071300071807F806F0000000000000000000000F0
:10714000000000000000000000000000000000003F
:107150000F003F8031C060C060006000600060C010
:1071600031C03F801F000000000000000000000050
:10717000000000000000000000C000C000C000C00F
:107180001EC03FC031C060C060C060C060C060C091
:1071900031C03FC01EC00000000000000000000021
:1071A00000000000000000000000000000000000DF
:1071B0000F003FC030C060607FE07FE06000600093
:1071C00030E03FC00F800000000000000000000021
:1071D000000000001C3C3030FCFC303030303030DF
:1071E000303030000000000000000000000000000F
:1071F00000000000000000001EC03FC031C060C0A1
:1072000060C060C060C060C031C03FC01EC000C070
:1072100061C07F801F00000000000000000000002F
:1072200060006000600060006F007F8071C060C01F
:1072300060C060C060C060C060C060C060C000006E
:10724000000000000000000000000000606000007E
:10725000606060606060606060606000000000000E
:10726000000000006060000060606060606060605E
:107270006060606060E0C00000000000000000008E
:10728000600060006000600061C0638067006E00A5
:107290007C007E00660063006380618061C0000046
:1072A000000000000000000000000000606060605E
:1072B00060606060606060606060600000000000AE
:1072C00000000000000000000000000000000000BE
:1072D0006F3C7F7E71C6618661866186618661864C
:1072E00061866186618600000000000000000000E9
:1072F000000000000000000000000000000000008E
:107300006F007F8071C060C060C060C060C060C03E
:1073100060C060C060C0000000000000000000000D
:10732000000000000000000000000000000000005D
:107330000F003FC030C0606060606060606060608F
:1073400030C03FC00F00000000000000000000003F
:10735000000000000000000000000000000000002D
:107360006F007F80718060C060C060C060C060C01E
:1073700071807F806F00600060006000600000002E
:1073800000000000000000000000000000000000FD
:107390001EC03FC031C060C060C060C060C060C07F
:1073A00031C03FC01EC000C000C000C000C000000F
:1073B00000000000000000006E7E70606060606091
:1073C000606060000000000000000000000000009D
:1073D00000000000000000001F003F8060C060004F
:1073E0007C003F8003C000C060C03F801F000000E1
:1073F000000000000000000000000000206060604D
:10740000F8F860606060606060783800000000003C
:10741000000000000000000000000000000000006C
:1074200060C060C060C060C060C060C060C060C05C
:1074300071C03FC01EC0000000000000000000003E
:10744000000000000000000000000000000000003C
:10745000C060C06060C060C0318031801B001B0014
:107460000E000E00040000000000000000000000FC
:10747000000000000000000000000000000000000C
:10748000C106C3864384628C66CC36D836D8145085
:107490001C701C700C600000000000000000000068
:1074A00000000000000000000000000000000000DC
:1074B000E1C06180330033001E000C001E00330069
:1074C00033006180E1C00000000000000000000007
:1074D00000000000000000000000000000000000AC
:1074E00060C060C031803180398019801B000F007E
:1074F0000F000600060006000C007C00780000006B
:10750000000000000000000000000000000000007B
:107510007F807F80038007000E001C003800700011
:10752000E000FF80FF80000000000000000000007D
:10753000000000001C3C303030303070E0E0603043
:1075400030303030303C1C00000000003030303033
:10755000303030303030303030303030303030302B
:1075600000000000707818181818181C0E0E1C184F
:1075700018181818187870000000000000000000AB
:1075800000000000000000000000000038007E2025
:1075900047E001C000000000000000000000000003
:1075A0000000000000000000060601001866010847
:1075B0000606010030660108070701004866010859
:1075C0000C0C0200606601080C0C020090660108B9
:1075D00013130300C06601080E0E020008670108BD
:1075E000040401003867010807070100506701081B
:1075F00007070100686701080808010080670108A3
:107600000C0C02009867010806060100C867010813
:1076100007070100E067010806060100F867010896
:1076200006060100106801080C0C02002868010819
:107630000C0C0200586801080C0C02008868010854
:107640000C0C0200B86801080C0C0200E868010884
:107650000C0C0200186901080C0C020048690108B2
:107660000C0C0200786901080C0C0200A8690108E2
:107670000C0C0200D869010806060100086A01081E
:1076800006060100206A01080C0C0200386A010895
:107690000C0C0200686A01080C0C0200986A0108D0
:1076A0000C0C0200C86A010815150300F86A0108ED
:1076B0000D0D0200406B01080E0E0200706B0108F8
:1076C0000F0F0200A06B01080F0F0200D06B010822
:1076D0000E0E0200006C01080D0D0200306C010856
:1076E00010100200606C01080E0E0200906C010880
:1076F00006060100C06C01080B0B0200D86C0108E3
:107700000E0E0200086D01080C0C0200386D010815
:1077100011110300686D01080E0E0200B06D010822
:1077200010100200E06D01080E0E0200106E01083C
:1077300010100200406E01080F0F0200706E010869
:107740000E0E0200A06E01080C0C0200D06E0108A3
:107750000E0E0200006F01080D0D0200306F0108CF
:1077600015150300606F01080E0E0200A86F0108D6
:107770000E0E0200D86F01080D0D020008700108FE
:107780000606010038700108060601005070010865
:1077900006060100687001080808010080700108F1
:1077A0000C0C02009870010807070100C87001085E
:1077B0000C0C0200E07001080B0B020010710108B4
:1077C0000B0B0200407101080B0B020070710108E5
:1077D0000C0C0200A071010806060100D07101081E
:1077E0000B0B0200E87101080B0B02001872010874
:1077F00005050100487201080404010060720108D7
:107800000A0A02007872010804040100A872010843
:1078100010100200C07201080B0B0200F072010888
:107820000C0C0200207301080B0B020050730108BE
:107830000B0B02008073010807070100B0730108F9
:107840000B0B0200C873010806060100F87301085B
:107850000B0B0200107401080B0B020040740108AE
:107860000F0F0200707401080A0A0200A0740108D8
:107870000B0B0200D0740108090902000075010811
:107880000707010030750108060601004875010868
:1078900007070100607501080C0C020078750108EB
:1078A00020007E00A8750108000000007117000884
:1078B000391800087D18000883180008000000002F
:1078C0000000000018180101A0780108130B0F0038
:1078D00000000000000000002020202020002000E8
:1078E00048484800000000005050F850F850500040
:1078F0002078A07028F02000C0C810204098180000
:107900006090A040A8906800602040000000000047
:107910001020404040201000402010101020400057
:10792000005020F820500000002020F82020000007
:107930000000000000602040000000F8000000008F
:10794000000000000060600000081020408000007F
:10795000708898A8C88870002060202020207000BF
:10796000708808304080F8007088083008887000FF
:1079700010305090F8101000F880F008088870005F
:10798000304080F088887000F808102040404000A7
:107990007088887088887000708888780810600007
:1079A00000606000606000000000606000602040D7
:1079B00010204080402010000000F800F800000077
:1079C0008040201020408000708808102000200097
:1079D00070880868A8A87000708888F8888888006F
:1079E000F08888F08888F000708880808088700037
:1079F000E09088888890E000F88080F08080F8002F
:107A0000F88080F08080800070888080988878007E
:107A1000888888F8888888007020202020207000BE
:107A200038101010109060008890A0C0A0908800BE
:107A3000808080808080F80088D8A8A88888880006
:107A40008888C8A898888800708888888888700086
:107A5000F08888F08080800070888888A89068000E
:107A6000F08888F0A0908800708880700888700086
:107A7000F8202020202020008888888888887000AE
:107A80008888888888502000888888A8A8A85000FE
:107A900088885020508888008888885020202000BE
:107AA000F80810204080F8007040404040407000CE
:107AB000008040201008000070101010101070009E
:107AC000205088000000000000000000000000F8C6
:107AD0004020100000000000000070087888780046
:107AE0008080B0C88888F0000000708080887000B6
:107AF000080868988888780000007088F88070000E
:107B0000304840E0404040000000788888780870A5
:107B10008080B0C888888800200060202020700005
:107B20001000301010109060808090A0C0A09000D5
:107B300060202020202070000000D0A888888800C5
:107B40000000B0C8888888000000708888887000AD
:107B50000000F08888F08080000078888878080825
:107B60000000B0C880808000000078807008F000BD
:107B70004040E04040483000000088888898680015
:107B8000000088888850200000008888A8A850003D
:107B9000000088502050880000008888887808708D
:107BA0000000F8102040F800102020402020100095
:107BB00020202020202020004020201020204000D5
:107BC0006890000000000000182000000000000085
:107BD000C0200000000000007088000000000000CD
:107BE000500000000000000068900000000000004D
:107BF0000000006020207000006090F08888B08055
:107C000020007088F8888800200070087888780044
:107C10003860A0B8E0A0B800704848E84848700054
:107C2000E0407048487040E00000D02878A058003C
:107C3000A040A010788870006020302830207000AC
:107C4000708898A8C888700000007098A8C8700054
:107C500000007088F88888000000F880E080F80054
:107C6000000070202020700000007088888870005C
:107C70000000888888887000000088C8A89888005C
:107C8000200020202020200020002040808870003C
:107C90001820000000000000C020000000000000CC
:107CA0002050000000000000500000000000000014
:107CB00068900000000000000000000000000020AC
:107CC0000000000000000000002070A0A0A87020AC
:107CD000304040E04048B00000008870507088009C
:107CE0008850F820F82020002020200020202000AC
:107CF0003048205020906000880000000000000004
:107D0000F888A8B8A888F800700878887000000083
:107D1000002850A050280000000000F808080000CB
:107D20000000007000000000F888A88898A8F800FB
:107D3000F8000000000000002050200000000000BB
:107D4000002070200070000060902040F0000000D3
:107D5000E0106010E00000001820000000000000AB
:107D60000000888888C8B08078989878181818001B
:107D7000000000303000000040C04040E000000043
:107D8000708888887000000000A0502850A0000073
:107D90008890A050B05078108890A040B808103853
:107DA000C040C048D82838080088502050880000BB
:107DB000002000F800200000103070FC703010002F
:107DC000203038FC38302000002070F820200000DF
:107DD000002020F87020000000082868F8602000CB
:107DE00000040408089050209D00FFFF9E00FFFF44
:107DF0009F00FFFFA000FFFFA100FFFFA200FFFF09
:107E0000FFFFFFFFFFFFFFFFFFFFFFFFFFFFFFFF82
:107E1000FFFFFFFFFFFFFFFFFFFFFFFFFFFFFFFF72
:107E2000FFFFFFFFFFFFFFFF7E00FFFF7600FFFF6A
:107E30007F00FFFF8000FFFF8100FFFF8200FFFF48
:107E40008300FFFF8400FFFF8500FFFF8600FFFF28
:107E50008700FFFF8800FFFF8900FFFF8A00FFFF08
:107E60008B00FFFF8C00FFFF8D00FFFF8E00FFFFE8
:107E70008F00FFFF9000FFFF9100FFFF9200FFFFC8
:107E80009300FFFF9400FFFF7D00FFFF9500FFFFC1
:107E90009600FFFF9700FFFF9800FFFF9900FFFF8C
:107EA0009A00FFFF7700FFFF7000790070007800F4
:107EB00070007A0070007C0070007B006600FFFF9D
:107EC0006800FFFF23007D007100790071007800D9
:107ED00071007A0071007B007200790072007800F6
:107EE00072007A0072007B006900FFFF75007C0061
:107EF000730079007300780073007A0073007C00CF
:107F000073007B009B00FFFF6E00FFFF7400790091
:107F10007400780074007A0074007B0039007800E7
:107F20006A00FFFF6500FFFF4100600041005F0045
:107F30004100610041006300410062006700FFFFF3
:107F40006B00FFFF43007D004500600045005F00BF
:107F500045006100450062006400600064005F004D
:107F600064006100640062006C00FFFF4E0063006B
:107F70004F0060004F005F004F0061004F00630042
:107F80004F0062009C00FFFF6F00FFFF5500600084
:107F900055005F00550061005500620059005F0008
:107FA0006D00FFFF590062009000FF00E87D0108AE
:107FB000D0780108D0780108A87F010820007E0051
:107FC00006060100E515000819170008311700081A
:107FD0003717000800000000000000000808010139
:107FE000B07F010807050700000000000000000046
:107FF00000000000000000000000183C3C3C181885
:1080000018001818000000000066666624000000D2
:1080100000000000000000000000006C6CFE6C6CB2
:108020006CFE6C6C0000000018187CC6C2C07C0698
:108030000686C67C1818000000000000C2C60C1896
:108040003060C686000000000000386C6C3876DCBA
:10805000CCCCCC7600000000003030306000000056
:10806000000000000000000000000C18303030302C
:108070003030180C00000000000030180C0C0C0C04
:108080000C0C1830000000000000000000663CFFEF
:108090003C66000000000000000000000018187E90
:1080A00018180000000000000000000000000000A0
:1080B000001818183000000000000000000000FE4A
:1080C00000000000000000000000000000000000B0
:1080D00000001818000000000000000002060C1844
:1080E0003060C080000000000000386CC6C6C6C604
:1080F000C6C66C3800000000000018387818181840
:108100001818187E0000000000007CC6060C18300D
:1081100060C0C6FE0000000000007CC606063C06EB
:108120000606C67C0000000000000C1C3C6CCCFE67
:108130000C0C0C1E000000000000FEC0C0C0FC06BD
:108140000606C67C0000000000003860C0C0FCC607
:10815000C6C6C67C000000000000FEC606060C185D
:10816000303030300000000000007CC6C6C67CC63F
:10817000C6C6C67C0000000000007CC6C6C67E06DF
:1081800006060C780000000000000000181800002F
:10819000001818000000000000000000181800007F
:1081A0000018183000000000000000060C183060B5
:1081B00030180C060000000000000000007E0000E7
:1081C0007E000000000000000000006030180C0677
:1081D0000C1830600000000000007CC6C60C1818A7
:1081E00018001818000000000000007CC6C6DEDE83
:1081F000DEDCC07C00000000000010386CC6C6FE4B
:10820000C6C6C6C6000000000000FC6666667C6646
:10821000666666FC0000000000003C66C2C0C0C08C
:10822000C0C2663C000000000000F86C666666662E
:1082300066666CF8000000000000FE666268786800
:10824000606266FE000000000000FE6662687868FA
:10825000606060F00000000000003C66C2C0C0DE4C
:10826000C6C6663A000000000000C6C6C6C6FEC606
:10827000C6C6C6C60000000000003C181818181832
:108280001818183C0000000000001E0C0C0C0C0C10
:10829000CCCCCC78000000000000E666666C7878F4
:1082A0006C6666E6000000000000F06060606060E0
:1082B000606266FE000000000000C6EEFEFED6C64C
:1082C000C6C6C6C6000000000000C6E6F6FEDECE4A
:1082D000C6C6C6C60000000000007CC6C6C6C6C62C
:1082E000C6C6C67C000000000000FC6666667C60B6
:1082F000606060F00000000000007CC6C6C6C6C614
:10830000C6D6DE7C0C0E00000000FC6666667C6C47
:10831000666666E60000000000007CC6C660380C99
:1083200006C6C67C0000000000007E7E5A181818A1
:108330001818183C000000000000C6C6C6C6C6C615
:10834000C6C6C67C000000000000C6C6C6C6C6C6BB
:10835000C66C3810000000000000C6C6C6C6D6D6DF
:10836000D6FEEE6C000000000000C6C66C7C3838FB
:108370007C6CC6C6000000000000666666663C189D
:108380001818183C000000000000FEC6860C1830CB
:1083900060C2C6FE0000000000003C3030303030CB
:1083A0003030303C0000000000000080C0E0703839
:1083B0001C0E06020000000000003C0C0C0C0C0C13
:1083C0000C0C0C3C0000000010386CC600000000D3
:1083D000000000000000000000000000000000009D
:1083E0000000000000FF00000030180C000000003A
:1083F00000000000000000000000000000780C7C7D
:10840000CCCCCC76000000000000E06060786C66A8
:108410006666667C0000000000000000007CC6C0AC
:10842000C0C0C67C0000000000001C0C0C3C6CCCE2
:10843000CCCCCC760000000000000000007CC6FE22
:10844000C0C0C67C0000000000001C36323078300E
:108450003030307800000000000000000076CCCC06
:10846000CCCCCC7C0CCC78000000E060606C7666F4
:10847000666666E60000000000001818003818184C
:108480001818183C0000000000000606000E060642
:108490000606060666663C000000E06060666C78D2
:1084A000786C66E6000000000000381818181818EC
:1084B0001818183C000000000000000000ECFED678
:1084C000D6D6D6C6000000000000000000DC6666BC
:1084D000666666660000000000000000007CC6C6FC
:1084E000C6C6C67C000000000000000000DC666616
:1084F0006666667C6060F000000000000076CCCC10
:10850000CCCCCC7C0C0C1E000000000000DC76669D
:10851000606060F00000000000000000007CC660A9
:10852000380CC67C000000000000103030FC3030F9
:108530003030361C000000000000000000CCCCCC25
:10854000CCCCCC76000000000000000000C6C6C6FF
:10855000C6C66C38000000000000000000C6C6D689
:10856000D6D6FE6C000000000000000000C66C388B
:1085700038386CC6000000000000000000C6C6C607
:10858000C6C6C67E060CF8000000000000FECC182F
:108590003060C6FE0000000000000E1818187018A9
:1085A0001818180E000000000000181818181818E5
:1085B00018181818000000000000701818180E187D
:1085C00018181870000000000076DC0000000000A1
:1085D000000000000000000000001C30000000004F
:1085E0000000000000000000000070180000000003
:1085F00000000000000000000010386C00000000C7
:10860000000000000000000000C6C60000000000DE
:1086100000000000000000000076DC000000000008
:1086200000000000000000000000000000381818E2
:108630001818183C000000000000386C6C6C786C56
:108640006666666C60C00000102810007CC6C6FE1E
:10865000C6C6C6C6000000000030483000780C7C5A
:10866000CCCCCC760000000000001E7AD8D8D8FE12
:10867000D8D8DADE000000000000FC666666F6F678
:10868000666666FC000000000000F0607C666666BE
:10869000667C60F0000000000000000000CC323E6C
:1086A00070B0B26C000000000000D060B0187CC652
:1086B000C6C6C67C000000000000E06060786C6CFC
:1086C000786060F00000000000007CC6CECED6D6F8
:1086D000E6E6C67C0000000000000000003A44CE40
:1086E000D6E644B800000000000000386CC6C6FEA4
:1086F000C6C6C6C600000000000000FE66626878BC
:10870000686266FE000000000000003C181818189F
:108710001818183C000000000000007CC6C6C6C641
:10872000C6C6C67C00000000000000C6C6C6C6C69D
:10873000C6C6C67C00000000000000C6E6F6FEDEED
:10874000CEC6C6C600000000000018180018181891
:108750003C3C3C180000000000003030003030305D
:1087600060C6C67C000000001C3000000000000055
:108770000000000000000000701800000000000071
:108780000000000000000000386C00000000000045
:108790000000000000000000C6C60000000000004D
:1087A000000000000000000076DC00000000000077
:1087B00000000000000000000000000000000000B9
:1087C0000000000018300000000000000000000061
:1087D000000000000000000000000010107CD0D05D
:1087E000D0D0D67C1010000000001C303030783023
:1087F0003030325C0000000000000000423C2424C5
:108800003C420000000000000000663C187E181882
:108810007E18181800000000000018181818000032
:10882000181818180000000000003C646038444428
:10883000380C4C780000000000C6C60000000000A4
:108840000000000000000000000000007E425A5EB0
:108850005A427E000000000000007008788888748A
:1088600000000000000000000000000000366CD88E
:108870006C3600000000000000000000000000FC5A
:108880000404000000000000000000000000007C64
:108890000000000000000000000000007C44544480
:1088A0004C547C0000000000FE00000000000000AE
:1088B00000000000000000000070D888D8700000A0
:1088C00000000000000000000000000010107C10FC
:1088D00010007C0000000000788C0C183060FC0058
:1088E0000000000000000000788C0C780C8C7800F0
:1088F0000000000000000000000E18200000000032
:108900000000000000000000000000000066666635
:108910006666667C6060C00000007ED4D4D47414A7
:108920001414143E0000000000000000000038385D
:10893000380000000000000060E060606060F0004F
:10894000000000000000000000003C6666663C007D
:1089500000000000000000000000000000D86C369D
:108960006CD8000000000000000040C04448102403
:108970004C941E0400000000000040C04448102C2D
:108980005284081E000000000000C0204428D024AB
:108990004C941E04000000000000000000663C181B
:1089A0003C66000000000000000000001818007E77
:1089B000001818000000000000000000000818382F
:1089C0007FFF7F3818080000000000000010181C0E
:1089D000FEFFFE1C18100000000000000000103810
:1089E0007CFE3838383800000000000000003838BD
:1089F0003838FE7C38100000000000060606061617
:108A0000367EFE7C301000000000000000000303F2
:108A100006060CCC783800009D00FFFF9E00FFFF8B
:108A20009F00FFFFA000FFFFA100FFFFA200FFFFCC
:108A3000FFFFFFFFFFFFFFFFFFFFFFFFFFFFFFFF46
:108A4000FFFFFFFFFFFFFFFFFFFFFFFFFFFFFFFF36
:108A5000FFFFFFFFFFFFFFFF7E00FFFF7600FFFF2E
:108A60007F00FFFF8000FFFF8100FFFF8200FFFF0C
:108A70008300FFFF8400FFFF8500FFFF8600FFFFEC
:108A80008700FFFF8800FFFF8900FFFF8A00FFFFCC
:108A90008B00FFFF8C00FFFF8D00FFFF8E00FFFFAC
:108AA0008F00FFFF9000FFFF9100FFFF9200FFFF8C
:108AB0009300FFFF9400FFFF7D00FFFF9500FFFF85
:108AC0009600FFFF9700FFFF9800FFFF9900FFFF50
:108AD0009A00FFFF7700FFFF7000790070007800B8
:108AE00070007A0070007C0070007B006600FFFF61
:108AF0006800FFFF23007D0071007900710078009D
:108B000071007A0071007B007200790072007800B9
:108B100072007A0072007B006900FFFF75007C0024
:108B2000730079007300780073007A0073007C0092
:108B300073007B009B00FFFF6E00FFFF7400790055
:108B40007400780074007A0074007B0039007800AB
:108B50006A00FFFF6500FFFF4100600041005F0009
:108B60004100610041006300410062006700FFFFB7
:108B70006B00FFFF43007D004500600045005F0083
:108B800045006100450062006400600064005F0011
:108B900064006100640062006C00FFFF4E0063002F
:108BA0004F0060004F005F004F0061004F00630006
:108BB0004F0062009C00FFFF6F00FFFF55005F0049
:108BC00055006000550061005500620059005F00CB
:108BD0006D00FFFF590062009000FF00188A010835
:108BE000E87F0108E87F0108D88B010820007F009A
:108BF00008080100E51500081917000831170008DA
:108C000037170008000000000000000010100101EC
:108C1000E08B01080C070A000000000001000000C2
:108C20000200000003000000040000000500000036
:108C30000600000007000000080000000900000016
:108C40000A0000000B0000000C0000000D000000F6
:108C50000E0000000F000000040000002D080108B5
:108C6000050F0108910F010841150108331C010887
:108C70002527010805340108BB250108DD1A010874
:108C80006B1B0108691A0108691C0108000000003B
:108C900000010101010101010102020202020202BE
:108CA000020303030303030303040404040404048E
:108CB000040505050505050505050606060606065F
:108CC0000606070707070707070708080808080830
:108CD00008080909090909090909090A0A0A0A0A01
:108CE0000A0A0A0B0B0B0B0B0B0B0B0C0C0C0C0CD2
:108CF0000C0C0C0D0D0D0D0D0D0D0D0D0E0E0E0EA3
:108D00000E0E0E0E0F0F0F0F0F0F0F0F1010101073
:108D10001010101011111111111111111212121243
:108D20001212121212131313131313131314141415
:108D300014141414141515151515151515161616E5
:108D400016161616161617171717171717171818B7
:108D500018181818181819191919191919191A1A87
:108D60001A1A1A1A1A1A1B1B1B1B1B1B1B1B1B1C58
:108D70001C1C1C1C1C1C1C1D1D1D1D1D1D1D1D1E29
:108D80001E1E1E1E1E1E1E1F1F1F1F1F0000000175
:108D900001010102020202030303030404040405A7
:108DA0000505050606060607070707080808080957
:108DB0000909090A0A0A0A0B0B0B0B0C0C0C0C0D07
:108DC0000D0D0D0E0E0E0E0F0F0F0F1010101011B7
:108DD0001111111212121213131313141414141567
:108DE000151515151616161617171717181818181B
:108DF000191919191A1A1A1A1B1B1B1B1C1C1C1CCB
:108E00001D1D1D1D1E1E1E1E1F1F1F1F202020207A
:108E1000212121212222222223232323242424242A
:108E200025252525262626262727272728282828DA
:108E3000292929292A2A2A2A2A2B2B2B2B2C2C2C8C
:108E40002C2D2D2D2D2E2E2E2E2F2F2F2F3030303E
:108E500030313131313232323233333333343434EE
:108E6000343535353536363636373737373838389E
:108E700038393939393A3A3A3A3B3B3B3B3C3C3C4E
:108E80003C3D3D3D3D3E3E3E3E3F3F3F00081019CC
:108E90002129313A424A525B636B737B848C949CE8
:108EA000A5ADB5BDC5CED6DEE6EFF7FF0004080CD4
:108EB0001014181C2024282D3135393D4145494DC9
:108EC0005155595D6165696D7175797D82868A8EAE
:108ED00092969A9EA2A6AAAEB2B6BABEC2C6CACE92
:108EE000D2D7DBDFE3E7EBEFF3F7FBFF4D1A010827
:108EF000511A010845F60008F5100108FD24010883
:108F0000912401081D250108008040C020A060E0D8
:108F1000109050D030B070F0088848C828A868E891
:108F2000189858D838B878F8048444C424A464E461
:108F3000149454D434B474F40C8C4CCC2CAC6CEC31
:108F40001C9C5CDC3CBC7CFC028242C222A262E231
:108F5000129252D232B272F20A8A4ACA2AAA6AEA31
:108F60001A9A5ADA3ABA7AFA068646C626A666E601
:108F7000169656D636B676F60E8E4ECE2EAE6EEED1
:108F80001E9E5EDE3EBE7EFE018141C121A161E1E9
:108F9000119151D131B171F1098949C929A969E901
:108FA000199959D939B979F9058545C525A565E5D1
:108FB000159555D535B575F50D8D4DCD2DAD6DEDA1
:108FC0001D9D5DDD3DBD7DFD038343C323A363E3A1
:108FD000139353D333B373F30B8B4BCB2BAB6BEBA1
:108FE0001B9B5BDB3BBB7BFB078747C727A767E771
:108FF000179757D737B777F70F8F4FCF2FAF6FEF41
:109000001F9F5FDF3FBF7FFF0000000001000000E7
:10901000A5F60008871D01087F1B0108000000005D
:109020000000000000000000F9F60008AB4D000849
:10903000D11B01080000000095F60008791D010809
:10904000000000000100000002000000030000001A
:1090500004000000050000000600000007000000FA
:1090600008000000090000000A0000000B000000DA
:109070000C0000000D0000000E0000000F000000BA
:1090800004000000DD0A01080F0F01084910010863
:10909000ED150108411C01086D270108593401082C
:1090A000C3250108ED1A0108731B0108791A01088C
:1090B000991C0108D93400086534000805350008FA
:1090C00000000000DD19010871350008303132332D
:1090D00034353637383941424344454640305800EC
:1090E000303132333435363738396162636465661E
:1090F00040307800506C656173652075736520742D
:109100006865207374796C757320636C69636B2078
:109110007468652063726F7373206F6E2074686566
:109120002073637265656E2E5468652063726F7379
:10913000732077696C6C20616C77617973206D6F37
:10914000766520756E74696C20746865207363722F
:1091500065656E2061646A7573746D656E742069EF
:109160007320636F6D706C657465642E0000000081
:109170004D503100334732004D5032004D503300D6
:109180004D5034004D344100574D4100464C414351
:1091900000000000414343004C52430043000000E4
:1091A0004D494400474946004A50454700000000E9
:1091B0004F4747004A5047004800000042494E00D0
:1091C00033475000424D50004E4553005458540010
:1091D000574156004D6167656E74610052656400C9
:1091E000426C7565000000004379616E000000006C
:1091F000477265656E00000059656C6C6F77000002
:1092000047726579000000002892010800000020E4
:109210001C040000C4010008149301081C04002071
:1092200034820100200200082143FFFF1361D4149F
:1092300008E1D714083DCA022C0863D0907CF49052
:10924000013872013B14EF0E2C02030404E50607FB
:109250000809100BDD3F0108D1400108B83C32205D
:1092600032681610B85C01201A280C12F00218108F
:1092700025FEFF07601A0804014A8BBC91C0012833
:109280000A3198340A31C8341ACC341A9C040A2999
:10929000B83C1A702C1A78041A7C041A80041A84B8
:1092A000041AC0041A74041AB0041A94041A880424
:1092B0001AD0041AA0041A8C041AC4041AB4041A8A
:1092C000A8040A31A4A80111021650133F4D000A48
:1092D0003808C47F01080C7A01205AFF0101206D73
:1092E000991F010828021B041BFC8EF00272012D3D
:1092F000AC7A012004011013B7367A08ECF113DDC3
:10930000418C0843422001182D807B012004013448
:0493100014FFFFFF48
:040000050800018965
:00000001FF
