:020000040800F2
:1000000070870120C9020008416B00088150000878
:100010003D6B00081D0A000803E600080000000010
:10002000000000000000000000000000999A000895
:10003000A51200080000000059030008B19B000849
:10004000E3020008E3020008E3020008E3020008FC
:10005000E3020008E3020008E3020008E3020008EC
:10006000E3020008E3020008E3020008E3020008DC
:10007000E3020008E3020008E3020008E3020008CC
:10008000E3020008E3020008E3020008E3020008BC
:10009000E3020008E3020008E3020008E3020008AC
:1000A000E3020008E3020008E3020008E30200089C
:1000B000E3020008FDD2000815D30008E30200089F
:1000C000E3020008E3020008E3020008E30200087C
:1000D000E3020008CDE30008E3020008E3020008A1
:1000E000E3020008E3020008E3020008E30200085C
:1000F000E3020008E3020008E3020008E30200084C
:10010000E30200083D810008E3020008E302000862
:10011000E3020008E3020008E3020008E30200082B
:10012000E3020008E3020008E3020008E30200081B
:10013000E3020008E3020008E3020008E30200080B
:10014000E3020008E3020008E3020008E3020008FB
:10015000E3020008E3020008E3020008E3020008EB
:10016000E3020008E3020008E3020008E3020008DB
:10017000E3020008E3020008E3020008E3020008CB
:10018000E3020008E302000800F002F800F066F85D
:100190000AA090E8000C82448344AAF10107DA45E2
:1001A00001D100F05BF8AFF2090EBAE80F0013F0CE
:1001B000010F18BFFB1A43F001031847C41A0200CD
:1001C000E41A02000A444FF0000C10F8013B13F04F
:1001D000070408BF10F8014B1D1108BF10F8015BA0
:1001E000641E05D010F8016B641E01F8016BF9D193
:1001F00013F0080F1EBF10F8014BAD1C0C1B09D1EA
:100200006D1E58BF01F801CBFAD505E014F8016B5B
:1002100001F8016B6D1EF9D59142D6D370470000ED
:100220000023002400250026103A28BF78C1FBD8FF
:10023000520728BF30C148BF0B607047642900F0E7
:100240001D81782900F05681002070471FB517F0F6
:1002500040FF00F090F91FBD10B510BD00F0ACFBE1
:100260001146FFF7F3FF16F059FE00F0CAFB03B486
:10027000FFF7F2FF03BC15F0F3FE000040BA704731
:10028000C0BA704730BF72B6704762B6704780F32D
:10029000088870470B49D1F800C04A685CF8043BF5
:1002A0001068184442F8040B8C4528BFA1F1DC0CFF
:1002B0008A4228BFA1F1DC02C1F800C04A6020F0E8
:1002C00000407047087D01200948804709480047E1
:1002D000FEE7FEE7FEE7FEE7FEE7FEE7FEE7FEE7F6
:1002E000FEE7FEE704480549054A064B7047000053
:1002F000C19B000889010008707D012070870120E2
:10030000707F0120707F0120EFF3108072B670477C
:1003100080F310887047264C4FF6FF7525604FF02C
:10032000000484F30988234C4FF001052570224C0A
:100330004FF08055256062B6FEE730B41E4C4FF09A
:100340008055256030BC704730B41B4C4FF0805551
:10035000256030BC704700BF72B6EFF3098050B122
:100360001EF0100F08BF20ED108A203880E8F00F33
:1003700012490968086000B5114880475DF804EB30
:10038000104811490A7802700C4810490A68026046
:10039000106890E8F00F20301EF0100F08BFB0EC8E
:1003A000108A80F309884EF0040E62B6704700BFD1
:1003B00022ED00E0E200002004ED00E0E800002073
:1003C00045740008D7000020D8000020F00000206D
:1003D000704700000FB4044910B503AA029800F05A
:1003E0006DFA10BC5DF814FB740000200FB41CB54E
:1003F000074B06AA7B4469460090059800F045FA31
:100400000020694600F054FA1CBC5DF814FB0000A3
:10041000B90400002DE9F0410E4604460020206298
:100420002046E168884730B3252805D0D4E901216A
:100430009047206A401CF2E7E16820460027884781
:10044000050018D0A5F14100192802D820354FF435
:1004500000673246294620462760FFF7EFFE40B18D
:10046000012804D0F61D26F007060836D8E7361D09
:10047000D6E72846DAE7206ABDE8F0812DE9F041A9
:100480000646002410687529314616A510D0AFF332
:100490000080002802DA404213A507E031688A078D
:1004A00001D512A502E0490704D511A5012401E0F8
:1004B000AFF3008000210A2206F1240709E0B0FB17
:1004C000F2FCB0FBF2F302FB1C003030785418460B
:1004D000491C0028F3D123462A463046BDE8F041A6
:1004E00000F075B9000000002D0000002B00000096
:1004F0002000000070B504460D4621461068AFF399
:1005000000802188090502D50F4A7A4402E00E4A8C
:100510007A440E32002104F1240305E000F00F06B6
:100520000009965D5E54491C0028F7D1207800230D
:10053000000704D5702D02D009B1022311322046E4
:10054000BDE8704000F043B9461502000B4910B5F4
:10055000A1F17C020A4CC2E93712372106E000EB18
:10056000104342F82130074B00FB03400B1EA1F162
:100570000101F4DC10BD0120E8E70000A87C0120A7
:10058000E119D666CD0D010040EA010310B59B07C5
:100590000FD1042A0DD310C808C9121F9C42F8D0ED
:1005A00020BA19BA884201D9012010BD4FF0FF309E
:1005B00010BD1AB1D30703D0521C07E0002010BDB4
:1005C00010F8013B11F8014B1B1B07D110F8013B40
:1005D00011F8014B1B1B01D1921EF1D1184610BD21
:1005E000032A40F2308010F0030C00F0158011F85F
:1005F000013BBCF1020F624498BF11F801CB00F837
:10060000013B38BF11F8013BA2F1040298BF00F88A
:1006100001CB38BF00F8013B11F0030300F0678005
:10062000083AC0F0088051F8043B083A51F804CB6E
:10063000A0E80810F5E7121D5CBF51F8043B40F834
:10064000043BAFF30080D20724BF11F8013B11F83F
:1006500001CB48BF11F8012B24BF00F8013B00F883
:1006600001CB48BF00F8012B7047431A28BF9A42BC
:100670007FF6B6AF032A1044114440F2268010F0F2
:10068000030F1EBF11F8013D521E00F8013D10F08E
:10069000030F7FF4F6AF11F0030300F03481083A42
:1006A000C0F00B8051F8043D083A51F804CD40F8F1
:1006B000043D40F804CDFFF7F3BF121D5CBF51F8B5
:1006C000043D40F8043DAFF30080D20724BF11F889
:1006D000013D11F801CD48BF11F8012C24BF00F8ED
:1006E000013D00F801CD48BF00F8012C704710B55E
:1006F000203AC0F00B80B1E81850203AA0E818501A
:10070000B1E81850A0E81850BFF4F5AF5FEA027CDA
:1007100024BFB1E81850A0E8185044BF18C918C049
:10072000BDE810405FEA827C24BF51F8043B40F8EA
:10073000043B08BF7047D20728BF31F8023B48BFCF
:1007400011F8012B28BF20F8023B48BF00F8012B0D
:10075000704702F0FF0343EA032242EA024200F03C
:10076000FEB84FF0000200B5134694469646203975
:1007700022BFA0E80C50A0E80C50B1F12001BFF45A
:10078000F7AF090728BFA0E80C5048BF0CC05DF8C0
:1007900004EB890028BF40F8042B08BF704748BF0E
:1007A00020F8022B11F0804F18BF00F8012B704782
:1007B000704770477047704710B500F0F1F8006857
:1007C00010BD10B5044600F0EBF8046010BD2DE933
:1007D000F0470D4699469246044600F12408016808
:1007E000880604D5E06921F01001216000E00120B5
:1007F000A84201DD471B00E00027A1697A1902EB3E
:100800000900081AA0612078C00602D42046AFF380
:100810000080002608E0D4E901211AF8060090477C
:10082000206A401C761C20624E45F4DB2078C0060E
:100830000AD52046AFF3008006E0D4E9012130203C
:100840009047206A401C2062381EA7F10107F4DCA3
:1008500007E0D4E9012118F805009047206A401C00
:100860002062281EA5F10105F3DC2046AFF30080CD
:100870002078000602D50220BDE8F0870120FBE7C2
:1008800001694A1C02610878704700B58FB0CDE954
:1008900001310021059105497944CDE90310114644
:1008A0006846FFF7B7FD0FB000BD0000E5FFFFFF92
:1008B0000A6802F8010B0A6070470000074B70B528
:1008C0000D467B44FFF7E1FF0446284600F06CF834
:1008D00010B14FF0FF3070BD204670BDC7650100FC
:1008E000431A28BF9A427FF602AF104410F0030F5C
:1008F00011441EBF11F8013D521E00F8013D10F0D9
:10090000030F7FF4F6AF103AC0F00A8010B531E95A
:100910001850103A20E91850BFF4F9AFBDE8104064
:10092000530724BF31E9081020E9081044BF51F8EB
:10093000043D40F8043D12F0030F08BF7047D20792
:1009400028BF31F8023D48BF11F8012C28BF20F81C
:10095000023D48BF00F8012C70474FF00002042907
:10096000C0F0128010F0030C3FF4FDAECCF1040C8B
:10097000BCF1020F18BF00F8012BA8BF20F8022B12
:10098000A1EB0C01FFF7EFBE5FEAC17C24BF00F8CA
:10099000012B00F8012B48BF00F8012B7047000025
:1009A00000487047107D0120007B00F080007047F8
:1009B00000487047107D01207546FFF7F9FFAE46ED
:1009C00005006946534620F00700854618B020B55B
:1009D000FFF788FCBDE820404FF000064FF000070D
:1009E0004FF000084FF0000B21F00701AC46ACE8D7
:1009F000C009ACE8C009ACE8C009ACE8C0098D4644
:100A0000704710B50446AFF300802046BDE81040A3
:100A1000FFF72DBC002800DC4042704700BFFEE716
:100A200031B52DED068B82B0002400257448007886
:100A3000401C73490870084600780A2190FBF1F2C7
:100A400001FB120018B16E4800780A287EDA0122F4
:100A500008A9002007F054F99DF8200000F01F00BD
:100A6000002873D09DF8200000F01F0040F0C00067
:100A7000644981F82000002486E0624890F8200054
:100A80000121A140084000287CD05F4931F81400C2
:100A9000042201A907F034F95A4890F8340000F014
:100AA0000100D0B39DF807109DF8062001EB02204D
:100AB00016F041FF41EC190B9FED540B53EC102B3A
:100AC00016F0A0FF41EC180B16F008FF81B24D485C
:100AD000163020F814109DF805109DF8042001EB45
:100AE000022016F028FF41EC1A0B9FED4A0B53EC45
:100AF000102B16F087FF41EC190B9FED480B53ECC0
:100B0000102B17F0B3F841EC180B16F0E7FE81B28A
:100B10003C480C3020F8141034E0FFE79DF8071033
:100B20009DF8062001EB022016F005FF41EC190BA1
:100B30009FED360B53EC102B16F064FF41EC180BB5
:100B400016F0CCFE81B22F480C3000E02BE020F8EC
:100B500014109DF805109DF8042001EB022016F0FA
:100B6000EAFE41EC190B9FED2B0B53EC102B16F00A
:100B700049FF41EC180B16F0B1FE81B22148163046
:100B800020F81410601CC4B2052CFFF676AF0125C6
:100B90001C48808920B91B48C08A08B900200890E9
:100BA0000020174908709DF8200000F01F00D0B900
:100BB000144890F8200000F0800040B1114890F8EF
:100BC000200020F080000F4981F820000BE04FF654
:100BD000FF700C498881C882084690F8200000F018
:100BE000E00081F8200006480078F02802DD0A20A5
:100BF00003490870284602B0BDEC068B38BD0000E2
:100C00000400002008000020A69801087B14AE47CD
:100C1000E17AD43FD881734694F6D23F00000000B9
:100C20000000894010B5052015F056FB10BD0000EE
:100C300010B500200F4908600F48006820F44000FC
:100C40000D4908600846006840F480000860FFF71E
:100C5000E9FF00200949C1F8AC02FFF7E3FF0120DA
:100C600004490860FFF7DEFF00200549C1F8800253
:100C700010BD0000808240420014024000804242C9
:100C8000008040421CB50121222007F0A7F8012076
:100C900000908DF8040003208DF8050000208DF8E9
:100CA000060001208DF807006946084801F048F960
:100CB0004FF4006000906946054801F041F90120B9
:100CC000044908600449C1F8AC021CBD000402409C
:100CD00000140240808240420080424210B5002051
:100CE0000F4908600F48006820F440000D49086073
:100CF0000846006840F480000860FFF793FF012079
:100D00000949C1F8AC02FFF78DFF012004490860D2
:100D1000FFF788FF00200549C1F8800210BD0000E0
:100D200080824042001402400080424200804042E3
:100D300070B5054600241448006820F440001249AC
:100D40000860084600680860002612E000200F498D
:100D500008601E2015F0C0FA01200D49C1F880027C
:100D60006006040E0B48006808B1601CC4B2701C19
:100D7000C6B2082EEADB15B9FFF7B0FF01E0FFF7B6
:100D800057FF204670BD00000014024080824042A0
:100D9000008040422C82424270B5044613480068ED
:100DA00020F44000114908600846006840F48000C3
:100DB000086000200E490860FFF734FF002511E0AD
:100DC000E0090C4908606006040E01200A49C1F8D8
:100DD0008002FFF727FF002005490860FFF722FF88
:100DE000681CC5B2082DEBDB70BD0000001402408A
:100DF00080824042AC8242420080404210B50F489F
:100E0000006820F440000D4908600846006840F47E
:100E10008000086001200A4908600A49C1F8800280
:100E2000142015F059FA002005490860FFF7FAFE72
:100E300000200449C1F8800210BD000000140240E7
:100E4000AC8242420080404210B50D48006820F458
:100E500040000B4908600846006840F480000860C4
:100E6000012008490860142015F036FA00200649D0
:100E7000C1F8AC02FFF7D6FE01200449086010BD9E
:100E8000001402408082404200804242AC824242D2
:100E900010B500241148006820F440000F49086094
:100EA00008460068086001200D4908600D49C1F836
:100EB00080020AE0601CC4B2FA2C03DDFFF7C4FF15
:100EC000012010BD012015F007FA054880380068A0
:100ED0000028EFD10449086000BFF2E70014024087
:100EE000AC824242008040428082404270B5002580
:100EF0004FF4803400E0641E24B1802007F0FEF837
:100F00000028F8D014B90325284670BD40F2FF50E0
:100F100007F0A6F82846F8E7014600BF0848006831
:100F200000F045000028F9D040F2FF50044A121D9D
:100F3000106003482038006808221040C0B2704793
:100F4000342C014070B500251048046801E00F48BA
:100F5000046804F045000028F9D004F0040028B12A
:100F60000325042007F07CF8284670BD04F001003A
:100F700028B10125012007F073F82846F5E740F273
:100F8000FF5007F06DF82846EFE70000342C0140D1
:100F900070B500250B48046801E00A48046804F0B5
:100FA00045000028F9D004F0040028B103250420EE
:100FB00007F056F8284670BD40F2FF5007F050F891
:100FC0002846F8E7342C01402DE9F04106460F464B
:100FD0004FF000082248056801E02148056805F047
:100FE00045000028F9D005F0040038B14FF003089F
:100FF000042007F035F84046BDE8F08105F0010017
:1010000030B14FF00108012007F02AF84046F3E71D
:1010100007F06EF8B04203D04FF010084046EBE7FF
:1010200040F2FF5007F01CF8002007F07BF8044660
:1010300004F4604018B9200C38804046DCE704F422
:10104000005008B11320D7E704F4804008B1102005
:10105000D2E704F4004008B10F20CDE74046CBE7CB
:10106000342C014070B500264FF480350F480468D9
:1010700002E06D1E0D48046804F0450008B9002D1B
:10108000F7D115B104F0040028B10326042006F0BE
:10109000E7FF304670BD04F0400028B10026402034
:1010A00006F0DEFF3046F5E73046F3E7342C01402A
:1010B00021B1026842F00102026003E0026822F0FE
:1010C0000102026070470000016821F00101016027
:1010D0000021016041608160C160016121214161A5
:1010E0004A49884204D13D21484A103A91608CE037
:1010F00046491831884205D14FF47461434A103A89
:10110000916082E041493031884205D14FF4741139
:101110003E4A103A916078E03C494831884205D116
:101120004FF07461394A103A91606EE0374960318E
:10113000884204D13649354A103AD16065E03349D6
:101140007831884204D13349304A103AD1605CE0AA
:101150002E499031884204D12F492C4A103AD1604F
:1011600053E02A49A831884205D14FF03D51274A22
:10117000103AD16049E02949884204D13D21274AEB
:10118000083A116041E025491831884205D14FF4F1
:101190007461224A083A116037E0204930318842B0
:1011A00005D14FF474111D4A083A11602DE01B4916
:1011B0004831884205D14FF07461184A083A1160ED
:1011C00023E016496031884204D11149134A121FA5
:1011D00011601AE011497831884204D10D490F4A53
:1011E000121F116011E00D499031884204D10A4963
:1011F0000A4A121F116008E00849A831884204D148
:101200004FF03D51054A121F1160704710600240B7
:101210003D000020400F002000003D2010640240EF
:1012200021B1026842F02002026003E0026822F06D
:10123000200202607047014600200A6802F00102A5
:101240000AB1012000E000207047000010B5002224
:101250000268134B1A40CC680B6823434C69234344
:101260008C692343CC6923430C6A23434C6A234390
:101270008C6A23434C6B23438C6B23431A430260D9
:10128000426922F00702D1E90B3423431A43426139
:101290000B6943604B6883608B68C36010BD0000BE
:1012A0003F801CF0704700002DE9FC5F15460746A3
:1012B000DFF89C8028440190D8F800001C460E46B8
:1012C000C06E01EB04094946426801989047781BBB
:1012D0000090D8F800004946C06E426800989047D8
:1012E000D8F8000006EB050B07EB0409C06E594661
:1012F000426848469047D8F80000A6EB050A5146D8
:10130000C06E426848469047002C1ED0D8F80000B6
:10131000361B4546C06E31464268019890472868A2
:101320003146C06E42680098904728683C1B594679
:10133000C06E42682046904728685146C06E426899
:1013400002B02046BDE8F05F1047BDE8FC9F0000FA
:10135000780200202DE9F04306460F46904600240F
:1013600045460320A0EB48093CE07A1B91B23219B4
:1013700090B204F023FA3A1B91B2721990B204F0C1
:101380001DFA3A1991B2721990B204F017FA7A194B
:1013900091B2321990B204F011FA7A1991B2321B5B
:1013A00090B204F00BFA3A1991B2721B90B204F0A9
:1013B00005FA7A1B91B2321B90B204F0FFF93A1B86
:1013C00091B2721B90B204F0F9F9641CB9F1000FEC
:1013D00003DAA000801D814404E0601B80000A3015
:1013E00081446D1EAC42C0DDBDE8F08351B1820086
:1013F000A2F1C042126842F001038200A2F1C04291
:10140000136009E08200A2F1C0421268034B1A4047
:101410008300A3F1C0431A6070470000FEFF0F0075
:10142000D0E901121143C2681143026911434269B4
:10143000114382691143C2691143026A1143426A2E
:101440001143826A1143C26A1143026B114302685D
:101450009200A2F1C0421160816808290BD1016895
:101460008900A1F1C041096841F04002016889008A
:10147000A1F1C0410A60416B0968426B526841EAC0
:101480000211426B926841EA0221426B928941EA61
:101490000241426B128A41EA0251426B127D41EADB
:1014A0000261426B926911430268521C9200A2F1E0
:1014B000C0421160C16AB1F5804F1BD1816B0968D0
:1014C000826B526841EA0211826B926841EA022102
:1014D000826B128A41EA0251826B127D41EA0261FB
:1014E000826B9269114302689200A2F1C042C2F875
:1014F000041107E06FF0704201688900A1F1C0415A
:10150000C1F80421704700002DE9FC4107460D4653
:101510000026002400200090019008205D4908600A
:1015200010204860402088600020C8604FF4806030
:101530000861084606F034FE1020FFF7EDFC044673
:1015400014B12046BDE8FC8153480088000451498D
:10155000086037204860402088600020C8604FF451
:1015600080600861084606F01BFE3720FFF7D4FCB8
:1015700004460CB12046E5E74FF0FF3047490860CC
:1015800008204860302088600220C8600020086180
:1015900001204861084606F085FD00203D490860AD
:1015A00033204860402088600020C8604FF480608D
:1015B0000861084606F0F4FD3320FFF7ADFC044651
:1015C0000CB12046BEE70CE04FF4001006F096FD8B
:1015D00038B106F0DFFD4DF82600761C012E00D94B
:1015E00006E02F48006840F22A6108400028EBD04E
:1015F00000BF082006F082FD28B1082006F030FD6B
:10160000042420469EE7022006F078FD28B102203F
:1016100006F026FD0224204694E7202006F06EFD09
:1016200028B1202006F01CFD062420468AE74FF44E
:10163000007006F063FD30B14FF4007006F010FD4D
:10164000072420467EE740F2FF5006F009FD00988F
:101650000006009901F47F4140EA0120009901F45D
:101660007F0140EA1120009940EA1160686001980A
:101670000006019901F47F4140EA0120019901F43B
:101680007F0140EA1120019940EA1160286020465C
:1016900058E7000058290020500000206C29002045
:1016A000342C01402DE9FF5F8346DDE90E45984665
:1016B00091468A4604F5B47405F5B4754FF0FF36CB
:1016C00001274FF4B47003E0A4F5B474A5F5B47524
:1016D0008442F9DA002D65DD5A2C11DA002C00DA8B
:1016E00000245A2D01DA284600E05A20CDE90040B6
:1016F000CDE9027643464A46514658460EF0FCFE76
:101700005A3D5A3C002D4DDD5A2C14DA002C00DADB
:1017100000245A2D01DA284600E05A20C4F15A016B
:10172000C0F15A008DE8430043464A4651465846A8
:1017300003960EF0E1FE5A3D5A3C002D32DD5A2C44
:1017400012DA002C00DA00245A2D01DA284600E0D3
:101750005A200DF1040C0094ACE8C10043464A46FF
:10176000514658460EF0C8FE5A3D5A3C002D19DD30
:101770005A2C14DA002C00DA00245A2D01DA2846FB
:1017800000E05A20C4F15A01C0F15A008DE88300EC
:1017900043464A465146584603970EF0ADFE5A3D21
:1017A0005A3C97E7BDE8FF9F2DE9F0478146884600
:1017B00040F2C32050434FF47A7190FBF1F502FBE5
:1017C00002F002EBD27100EB61066D1C174600239C
:1017D00041464846FFF768FD012413E004FB04F08E
:1017E00007FB0700B04206DD3B462246414648461D
:1017F000FFF75AFD7F1E3B46224641464846FFF70B
:1018000053FD641CAC42E9DDBDE8F0872DE9FF4FD4
:1018100089B0064616981F46111A491C181A00F17D
:10182000010903FB07F0079009FB09F0069000206F
:1018300002FB02F801FB01FB144601900125009018
:1018400047E000BF0A9805FB05FA401B401C0590C5
:101850000A9807992844401E04900AFB08F0B0FB40
:10186000F1F1A8EB010003F0D0FBA04200D0641E10
:10187000311B03913119044602914D450DDA069949
:101880000AFB0BF0B0FBF1F1ABEB010003F0BDFB89
:10189000311A3044CDE9001004E003D1A6F1010073
:1018A000CDE90006DDE90102059903F0CFFE009ABB
:1018B0000599039803F0CAFE012D09DDDDE9030156
:1018C000009A03F0C3FEDDE90102049903F0BEFEB5
:1018D0006D1CBD42B6DD0DB0BDE8F08F1CB5002417
:1018E000019401AC009400F0E7F81CBD2DE9FF4F16
:1018F00083B0814606988A46A0EB0A08109E002015
:101900000090A2EB09043568934654EA080018D009
:101910002046FFF77FF807464046FFF77BF88742EF
:101920000BDA2046444680464846D1468246584611
:10193000DDF818B0069001200090002C07DD20464D
:1019400006E007B04846BDE8F04F00F03BB9604202
:10195000A0420AD04846D9466442C8F100088346EE
:101960004FF0FF37DDF818A000E001275148B8F12B
:10197000000F11D004EBD4714FEA610B01DACBF107
:10198000000B4C480068807E88B3002F02DA306874
:101990002044306000257BE000990029016821D0B7
:1019A000897E11B10027804615E007B05A464946A6
:1019B0005046BDE8F04F03F013BF28466D1C12F0EF
:1019C0002BFC38B9D8F8000009EB0701C06E42685B
:1019D000504690477F1CA742EFDD6D1E356007B073
:1019E000BDE8F08F8A7E1AB10027804617E019E023
:1019F000C86E5A465146036807B04846BDE8F04FE6
:101A0000184728466D1C12F007FC38B9D8F80010AA
:101A100009EB0700C96E4A68514690477F1CA742F0
:101A2000EFDDDAE700250FE008FB05B090FBF4F1ED
:101A300001EB0A00009951B11E4A09EB0501126839
:101A4000D26E526890476D1CA542EDDDC7E719497B
:101A500009EB05030968C96E4A6801461846F1E7B3
:101A600008FB05B090FBF4F101EB0A00019030682F
:101A70003844306012F0D0FB48B9009890B10D485E
:101A800009EB05010068C06E4268019890476D1C23
:101A9000A542E5DD3068002F01DA20443060C01B2C
:101AA00030609CE7034909EB05000968C96E4A6884
:101AB0000199EBE7780200202DE9FF470F464049E6
:101AC0001646804609680C981D460A7E012A1CD0DD
:101AD000A8EB0600791B50EA01031CD0A2F1010912
:101AE00014F032FA00F58060824603F09BFA00FBA6
:101AF00009F4504603F09AFA00FB09F1002C0CDAC5
:101B0000C4F50070801240420AE000903246394627
:101B10004046FFF7EBFEBDE8FF8704F50074A01216
:101B2000002904DAC1F5007189124C4202E001F586
:101B300000718C12002804DD411C01EBD1714910A9
:101B400003E000EBD0714910401E00EBD070421052
:101B5000002C04DD601C00EBD070401003E004EBAF
:101B6000D4704010641E04EBD47308EB0104ADF88C
:101B700000403C18ADF80240A8EB02045B10B21A1A
:101B8000ADF80440ADF808203144FC1AEA1AADF86B
:101B90000C102844ADF80A20ADF80E000023ADF873
:101BA00006401A460421684600F0BAF83946404615
:101BB00010F0C8FC2946304610F0C4FCABE700002A
:101BC00078020020064A13681A7E012A05D0521EA8
:101BD00002EBD272521000F005B8DA6E526810476C
:101BE000780200202DE9F05F0646884640F2C320C7
:101BF00050434FF47A7190FBF1F702FB02F002EBD5
:101C0000D27100EB610B254914467F1C09683244F0
:101C1000301BC96E0B684146984701253AE000BF6A
:101C200005FB05F004FB040159451CDDBC4219DD30
:101C30001A4B06EB050AA6EB05091B68AAF101027F
:101C400008EB0401DB6E09F101001B689847134B98
:101C5000AAF10102A8EB04011B6809F10100DB6E87
:101C60001B689847641E0D4806EB040AA6EB04099E
:101C7000006808EB05015246C06E03684846984765
:101C80000648A8EB050152460068C06E0368484646
:101C900098476D1CBD42C3DDBDE8F09F780200206F
:101CA0002DE9FE4F98468B46074603FB08FA02FBD8
:101CB00002F6144601252EE005FB05F07043B0FB4B
:101CC000FAF0301A03F0A1F9A04200D0641E391BCB
:101CD000029139190446ABEB050000F101090BEB49
:101CE0000500401ECDE900010A464946384603F08A
:101CF000ADFC7A1E4946029803F0A8FC012D09DDCF
:101D00007A1E0099029803F0A1FCDDE90012384622
:101D100003F09CFC6D1C4545CEDDBDE8FE8F000048
:101D20002DE9FF4F40F6FF740F46664283B09B4695
:101D3000814600210BE000BF09EB8100B0F90200F1
:101D4000A04200DA0446B04200DD0646491CB94212
:101D5000F2DB68480068406900280DD0B0F9061031
:101D60001A46A1EB0B01B14200DA0E46B0F90200AF
:101D7000801AA04200DD0446B5E0DFF87CA1002017
:101D80000546CAF8000089E0781E854201DA6B1C1E
:101D900000E0002309EB850C09EB8302BCF902008B
:101DA000B2F90210A04245D1A14215D139F9233030
:101DB000059A39F9251003EB020C4E4A0598126872
:101DC000084404EB0B01D26E6045136801DA6246E9
:101DD0002BE00246604628E02846A4464FF0000863
:101DE0007A1E0BE008B1401E00E0781E09EB80036C
:101DF000B3F90230634504D108F101089045F1DBE5
:101E00002346A34249D0A3EB040239F92500A1EBF4
:101E1000040C059B92EA0C0209D4364A184404EBE0
:101E20000B011268D26E13680246984735E00EF037
:101E30001DF832E0A14230D001DBA04203DDA04218
:101E40002BDBA14229DCE04688420ADC0346A042A3
:101E500023DC0846A14220DBB8F900C0B2F900102B
:101E600008E00B46A14218DCA04216DBB2F900C024
:101E7000B8F90010E21AA1EB0C0151430029A0EBC4
:101E8000030202DD01EB620102E0A1EB6201491CE9
:101E9000C01A91FBF0F06044C9E76D1CBD42FFF62B
:101EA00073AF0598009004EB0B0001900020804672
:101EB000054613E01149B8F1000F31F915A009D01A
:101EC000009901EB0A0208440A490968C96E0B68C7
:101ED0000199984788F0010850466D1C0649096829
:101EE0008D42E7DB641CB4427FF747AF07B0BDE823
:101EF000F08F000078020020D8020020AC7A012088
:101F000010B5002001F078FE6FF07F4001F076FE02
:101F1000012001F0ADFE002001F0B2FE002001F032
:101F2000B9FE002001F072FE0448006801F070FE66
:101F3000BDE81040002001F077BE000074020020D0
:101F4000F0B50A4600210023002400BF3DE0012532
:101F500005FA01F3156805EA03049C4234D10568CB
:101F60004F000326BE40B543056015794E00B540CD
:101F70000668354305601579012D02D01579022DCB
:101F800016D185684F000326BE40B543856055795C
:101F90004E00B540866835438560456801268E4011
:101FA000B5434560456896798E40B6B23543456085
:101FB000C5684F000326BE40B543C560D5794E00C5
:101FC000B540C6683543C560491C1029BFD3F0BD74
:101FD000F0B5002300244D07ED0E02FA05F3CE10F4
:101FE00000F1200555F826504E07F70E0F26BE408B
:101FF000B543CF1000F1200646F82750CE1000F16F
:10200000200555F8265045EA0304CE1000F12005BE
:1020100045F82640F0BD0183704700002DE9F04FE0
:10202000DFF828B191B04FF0FF35DBF80030B3F99D
:1020300022100691DE69B3F92490F469A1898142E6
:1020400006D8E289824203D3471AD4F8008012E00E
:10205000D4E9018100296FD00A8882426CD84D886A
:10206000854269D3801A82B2486800EB8200B0F9D9
:102070000070B0F90250781C5ED0307EA17C10FB5D
:1020800001FA217CCDE90801B3F92A60304604F059
:1020900085F9C0B20E90DBF8000007FB0A81A37C33
:1020A000826B0127CDE90412CDE90273C069DDE935
:1020B0000832C17E807ECDE900014946069803F0D2
:1020C000C1F9681C18D046F0020004F067F9DBF88B
:1020D0000000A37C05FB0A81826BCDE90273CDE988
:1020E0000412C069DDE90832C17E807ECDE90001BD
:1020F0004946069803F0A6F9DBF800005D46C06982
:10210000417E007E814214D9022E12D086F0040056
:1021100004F044F92868C069027EC37E12FB039173
:10212000437E857E099A06984B4402FB050203F024
:102130000FFC0E9804F032F9DBF80000627C418C51
:102140001144418411B0BDE8F08F000078020020F6
:1021500004480068C069C06909B1027C0A60407C1B
:102160007047000078020020022008807047C06994
:1021700082898A4202D8C2898A4210D2806880B19C
:1021800002888A420DD843888B420AD3406800EB0C
:102190008100A0EB8200B0F90000002801DB0120E3
:1021A00070470020704700002DE9F0432F4C034694
:1021B00087B020681946B0F92A80C069C06900F06C
:1021C00084F800284ED041680088181A01EBC00539
:1021D0004046AE7804F0E2F8814620686A68012340
:1021E000816BCDE90236CDE90421C169CB7E8A7EBF
:1021F000CDE900230B7EB0F924102A78B0F9220033
:1022000003F020F92068C069477E067EB7421DD9D9
:10221000C07E47434643B8F1020F17D000F040FF9D
:10222000804600F025FF01F0E9FC21682A78CB699F
:10223000B1F92200DB7E12FB0302B1F92410CB19A5
:10224000314403F085FB404601F0D8FC484604F0D9
:10225000A5F820686A78C369B0F922109B7E12FB4A
:102260000311418407B0BDE8F0830000780200202C
:1022700030B50F4C05460B4620682946C069C06939
:1022800000F023F8002811D04168008824682A1A39
:102290000120E46900EBC200085CA47E10FB04F09E
:1022A000002B03D011F832106143196030BD0000DB
:1022B0007802002001200880704700B5C06900F056
:1022C00004F8002800D0012000BD06E002888A4200
:1022D00002D842888A4202D280680028F6D170472C
:1022E000002801D00DF01ABE704738B50546FFF73B
:1022F000F7FF040009D000F0AFF82A460021009053
:1023000002F040FE684600F0D7F8204638BD0000D5
:10231000024A106021F0030050607047287A0120C3
:1023200010B5002814D004460A48006B10F8341089
:1023300000290DD002290BD2042101EBC401415820
:1023400048680DF0AFFD2046BDE8104011F06EBDAD
:1023500010BD00006C790120002805D0034A916B64
:10236000016001B148609063704700006C79012002
:102370002DE9F041044611F0A5FA2648E41C24F0AA
:102380000305C16B2D1DA94200D90D46846B13E0D6
:1023900054F8042CAA420ED184B1216809B16268B4
:1023A0004A60616809B122680A60826BA2422ED13C
:1023B000216881632BE02468002CE9D18046416BC1
:1023C00080680F1857F8040C3E1A306838B10020A6
:1023D00011F0DEFD57F8040C3E1A3068B8B9706889
:1023E000A84214DB3044441B304611F089FDD8F874
:1023F0000810491BC8F80810D8F810102944C8F86C
:10240000101070683146401B0DF04CFD20C4204672
:10241000BDE8F0816C79012010B5002411F052FA6A
:102420000C490F2001EBC002126C1AB101EBC00085
:10243000006C08E0401EF5D508E04168A14200D9D3
:102440000C46806810B180680028F6D1A4F10C0019
:1024500010BD00006C79012005498A69521C8A610F
:10246000096B01EBC0010A78521C0A7000F03CB8FD
:102470006C79012010B5FFF7CFFF64220649B0F553
:10248000800F04D990FBF2F0C969484310BDC969B7
:102490004143B1FBF2F010BD6C79012005491028D1
:1024A00005D94A68B0EB520F02D3500800E0102063
:1024B00088607047287A01200A4902680B6B52F83D
:1024C000082C03EBC2021378022B03D38B690BB1E8
:1024D0005B1E8B611178491E117000210160084656
:1024E000704700006C790120002806D003490422BF
:1024F00002EBC000096B0858083070476C79012066
:1025000070B506460D461446104600F0D1FD030096
:10251000164804EB84010AD050F821004168806815
:10252000711A2A1ABDE87040184601F07BBB00EB17
:102530008104A268B24201D0012200E00022E368D7
:10254000AB4201D0012300E000231A430CD02369E1
:1025500043B150F82100816840686A1A311A184660
:1025600001F0E4FAC4E9026570BD0000987B012027
:1025700010B5C2B2CBB2D21A02D5C2F1000212B269
:1025800093B2C0F30722C1F3072403FB03F3121B2A
:1025900001D5524212B2000C92B2A0EB114002FBE4
:1025A000023200B2002801DA404200B280B200FBE1
:1025B000002010BD10B50021084600F0C7FD40F610
:1025C000FF725042BDE8104013460146AFF3008051
:1025D0002DE9FC4107461C4615460E46042003F033
:1025E000DDFE80461148C068C16C006D0F44064492
:1025F0000D440444ADF80070ADF80450ADF802602D
:10260000ADF8064068460CF0F7FF07E023462A467F
:102610003146384603F09CF90CF0B0FF0028F5D1A4
:10262000404603F0BBFEBDE8FC8100006C020020C8
:102630002DE9F0411C4616460D460746022B02DBEB
:102640000020BDE8F0811C20FFF792FE0028F8D0A2
:102650000DB105610AE0094A52F8241009B905E0F4
:1026600011460A68002AFBD10969016184618682EA
:10267000002101604160C0E90217E2E790020020FA
:1026800070B51D46FFF7D4FF040001D000F00EF82E
:10269000E068006820B90348006800EB85008465A5
:1026A000204670BD78020020FFF756BE70B590B38B
:1026B0008269022A30DA1C4C54F8221019B944F805
:1026C00022002FE019464B68002BFBD106E0CB68B7
:1026D000C5681B682D68AB4203DD09680029F6D187
:1026E0001AE0C1B1CB68C6681B683668B3420CD12A
:1026F000838A012B05D008E01946DB681B68AB42D2
:1027000003DB0B68002BF7D129B14B6833B118609C
:102710004A68426004E0FFE7012070BD44F82200EF
:1027200048600160002070BD9002002012F0C4B922
:10273000022801DB00207047054A52F8200004E01F
:10274000C26812688A42F6D000680028F8D1704743
:1027500090020020022801DB00207047054951F853
:10276000200004E0C16809680029F6D0006800284C
:10277000F8D170479002002070B5044601F03CFE8D
:10278000051908E000F05DFB052C01DD052000E0E7
:10279000204601F01FFE01F02FFE2C1A002CF1DC68
:1027A00070BD00002DE9FC4706005BD000F08AFCFC
:1027B0003B4C81462068B0F9228000F09FFC2168E4
:1027C00007468A8CD01B888441E000BF47F6FF7122
:1027D000304602F061FA82460146304602F032FA93
:1027E0002168054691F82C0000F0030001283FD035
:1027F000022839D000204A8C101A4884ADF8000015
:102800006A1E1044ADF80400888CADF80200A9F1EE
:1028100001010844ADF806006A465146304601F011
:1028200085FF2168BDF8020088845146304601F0DA
:102830009FFC064430780A281CD00D281AD0BDF819
:102840000000216828444884307818B1761C30781C
:102850000028BBD12068818C39448184818D21F08E
:1028600003018185BDE8FC8705EBD5704010C2E708
:102870002846C0E7206890F82C1001F003010129D8
:102880000BD0022909D0018C418431780A29DBD18F
:10289000828C02EB09018184D6E7A0F82280F4E75C
:1028A00078020020024B1B6859849A84FFF77ABF94
:1028B000780200202DE9F04107460A4815460E46E9
:1028C0000068B0F92C0040F0020001F0D9F904468C
:1028D0002A4631463846FFF7E5FF2046BDE8F0417D
:1028E00001F0CEB9780200202DE9FC4791460D4A4F
:1028F0009846DDE90A761268D36C1D18106D4418ED
:1029000000200CF079FE09E0CDE9007643464A4606
:1029100021462846FEF7C6FE0CF030FE0028F3D113
:10292000BDE8FC87780200207CB514460F4A126887
:10293000D36C1E18106D4518301BADF8000030190F
:10294000ADF80400281BADF802002819ADF8060008
:1029500068460CF051FE06E0224629463046FEF756
:1029600023FF0CF00BFE0028F6D17CBD780200207E
:102970002DE9FE431E4615468946074600F0B8FB82
:102980000446401C05EB500506EB5006A54231DB22
:10299000A6422FDB18480168C86C096D00EB0708D8
:1029A000A8EB0500ADF8040008EB050001EB0907F2
:1029B000ADF80800B81BADF80600B819ADF80A006C
:1029C00001A80CF019FE13E0AC4201D0B44206D1CC
:1029D00033462A4639464046FFF762F906E0334659
:1029E0002A46394640460094FEF710FF0CF0C6FD1B
:1029F0000028E9D1BDE8FE83780200202DE9F04FE0
:102A00000C46164987B00D68DDE91098E96C0F187F
:102A1000286D8D180619C418ADF81070ADF8145053
:102A2000ADF81260ADF8164004A80CF0E5FD0028E2
:102A300011D0DFF82CB04FF0000ACDE90098CDE9B5
:102A400002BA2B462246394630460FF089FB0CF07D
:102A500095FD0028F1D107B0BDE8F08F7802002085
:102A6000E15700082DE9F04F0C46184987B00D6872
:102A7000DDE91198E96CDDF840A00F18286D8D187C
:102A80000619C418ADF81470ADF81850ADF81660FA
:102A9000ADF81A4005A80CF0AFFD002812D04FF099
:102AA000000B0B49CDE900A9CDE902812B46224656
:102AB000CDF810B0394630460FF00FFC0CF05EFD3B
:102AC0000028EED107B0BDE8F08F000078020020AA
:102AD000E15700082DE9F04F174C87B02568DDE974
:102AE0001198EC6CDDF840A02718286DA518461841
:102AF000C418ADF81470ADF81850ADF81660ADF804
:102B00001A4005A80CF078FD002812D04FF0010BF8
:102B10000A49CDE900A9CDE9028123462A46CDF82C
:102B200010B0314638460FF0D8FB0CF027FD0028D6
:102B3000EED107B0BDE8F08F780200204D560008B6
:102B40002DE9F04F164C87B02568DDE91098EC6C44
:102B50002718286DA5184618C418ADF81070ADF8E0
:102B60001450ADF81260ADF8164004A80CF044FD06
:102B7000002811D0DFF82CB04FF0010ACDE9009801
:102B8000CDE902BA23462A46314638460FF0E8FA24
:102B90000CF0F4FC0028F1D107B0BDE8F08F000084
:102BA000780200204D5600082DE9F04107460B48F9
:102BB0000E460068C16C006D8D18C41800200CF022
:102BC0001BFD07E023462A46314638460FF008FC35
:102BD0000CF0D4FC0028F5D1BDE8F081780200208B
:102BE0002DE9F0410B4C2568EC6C2718286DA518D1
:102BF0004618C41800200CF0FFFC07E023462A46C4
:102C000031463846FEF76AFE0CF0B8FC0028F5D1D4
:102C1000BDE8F0817802002070B5094A1268D36CD3
:102C20001C18106D451800200CF0E6FC05E0294644
:102C30002046FEF7C7FF0CF0A1FC0028F7D170BDBD
:102C4000780200202DE9FC411C4C2468E66C94F8C5
:102C500018C03718206DACF1010C4518C418A7EB4B
:102C60000C001644ADF8000006EB0C00ADF80400B3
:102C7000A5EB0C00ADF8020004EB0C00ADF806006B
:102C800068460CF0B9FC15E032462946384602F099
:102C9000DDFC32462146384602F0D8FC621E691C33
:102CA000384602F09DFD621E691C304602F098FD18
:102CB0000CF064FC0028E7D1BDE8FC81780200201C
:102CC00070B51B4C05466069E0B904F12401194850
:102CD0000860084602F014F9012000F051FF0020BE
:102CE00000F04EFF144900231A4601F11800FFF7C7
:102CF0009FFC606102F0B1FEC01DC008E061FFF7FB
:102D000037FB20610D4955B1606808B1012070BDE5
:102D10000A686260084A00204C320A6070BD62682E
:102D200022B101200A600021616070BD002070BDE9
:102D3000AC020020DD3B0108A09A01085C030020E2
:102D40002DE9F0431D462DED028B85B090460E46D1
:102D5000074600246DE0024623463146684610F0DF
:102D6000D4FB02A8631C42463146814610F0CDFBDD
:102D7000684610F0C8FE484610F0C5FE9DED000AFA
:102D8000DDED020A70EE208ACDED008A9DED010A8C
:102D9000DDED030A30EE208A28EEA80AF6EE000ADE
:102DA0008DED018A08EE080A20EE200A10EE100AC6
:102DB00015F01EF941EC100B12F072FC51EC100BE7
:102DC00014F01EFB00EE100AB5EEC00AF1EE10FA88
:102DD0000BDDC8EE800A80EE801AC8EE000A8DED89
:102DE000001A80EE801A8DED011A00EE105ADDED0A
:102DF000010AB8EEC00A20EE800A13F00DF900EEC9
:102E0000105ADDED000A8146B8EEC00A20EE800AB5
:102E100013F002F936F82420414202EB090027F8AA
:102E2000240006EB84004088084407EB8401641CFE
:102E30004880404644458EDB05B0BDEC028BBDE8C2
:102E4000F08310B5002400E0012400F005F800280C
:102E5000FAD1204610BD0000064810B500680024D5
:102E600010B1804700B101240BF0DAFE00B101245B
:102E7000204610BD9802002070B51646094A126817
:102E8000D36C1C18106D451800200CF0B5FB06E043
:102E9000324629462046FEF7A5FE0CF06FFB0028BF
:102EA000F6D170BD780200202DE9FC411D46144684
:102EB0000E46074600F01CF9401C04EB500405EBDD
:102EC000500511480068C16C006D0F440644381B62
:102ED000ADF800003819ADF80400701BADF8020021
:102EE0007019ADF8060068460CF086FB07E02B462B
:102EF000224631463846FEF7D3FE0CF03FFB002851
:102F0000F5D1BDE8FC810000780200202DE9FC47E6
:102F1000164C814688462068C16C006D8E18C51815
:102F200000200CF069FB00281ED0114F20681121F1
:102F3000407C57F820000190C068426A01A8904781
:102F40005FEA000C06D03346424649460095019898
:102F5000E04705E02B46324641464846FEF7E0FE94
:102F60000CF00CFB0028E1D1BDE8FC8778020020C2
:102F7000900200202DE9FC410F4C2568EC6C2718CD
:102F8000286DA5184618C418ADF80070ADF80450A7
:102F9000ADF80260ADF8064068460CF02DFB07E086
:102FA00023462A463146384602F0D2FC0CF0E6FAB7
:102FB0000028F5D1BDE8FC817802002008B50B4659
:102FC000002805D0009281888268C08800F001F84E
:102FD00008BD10B50828029C30D008DC04FB01F4C1
:102FE00001280AD0022813D0042804D11CE010289C
:102FF00028D020282CD0002010BD04EBD30003F0F3
:103000000701105CC1F10701C84000F0010010BDCC
:1030100004EB93000621105C01EA4301C1F10601B3
:10302000C84000F0030010BD04EB5300D907105C4A
:1030300002D000F00F0010BD000910BD04FB0130EC
:10304000105C10BD481004FB003032F8100010BDB9
:10305000881004FB003052F8200010BD034951F8DD
:103060002000C1688A6A08211047000090020020F1
:1030700010B502F09DFCBDE8104002F033BD000029
:1030800002490968C9694A6800211047780200208E
:10309000024A1268D2695268104700007802002084
:1030A00010B502F08DFCBDE8104002F01BBD000021
:1030B0000021022802D2024951F820100846704728
:1030C000EC03002002480068C069407E70470000A1
:1030D0007802002070B514460D4602F0A5FC0028C9
:1030E00002D000202860206070BD01F0F1BD00001A
:1030F00001480068007E7047780200200A490020DD
:10310000096891F82C2002F00C02042A07D0082A42
:1031100001D00C2A02D1C869007E40087047C869F6
:10312000007E401E7047000078020020024951F8DE
:10313000200000690068704790020020024951F8A1
:1031400020000069406870479002002070B50D466D
:1031500010F002FA0446284610F006FA204370BD2B
:10316000124810B5016821F00101016010480121E9
:1031700081601049016000680F49884200D0FEE775
:1031800001F0B4FA0D492E20087001F039F90C480D
:1031900010F04AFB13F0E2FB04460021084600F061
:1031A0004BFD0BF04BFF204610BD0000002000E05F
:1031B00000300240C2A507F4CDB5E8B56C0200208E
:1031C000347A01201CB520B90C480068006E002834
:1031D00012D0FFF741F9009044696846FFF76CF997
:1031E000002C09D02046FFF737F9019081688968E3
:1031F000884701A8FFF760F91CBD00007802002095
:1032000001490A4600F002B801F0FFFF2DE9F04342
:1032100087B015460C465FEA000842D0002000F057
:10322000F5FC814620480068066E4046FFF714F919
:1032300000900068806900F091FC074640F6FF703E
:10324000001904D10098B0F90440B0F90650009874
:10325000611E0289ADF804401144ADF8081041899F
:10326000681E0844ADF80650ADF80A000BF048FBA4
:103270006846FFF721F901A80CF0BEF906E02A46DE
:103280002146404600F03AFB0CF078F90028F6D1D0
:10329000384600F063FC304600F084F9484600F000
:1032A000B5FC07B0BDE8F083780200202DE9FE4FA1
:1032B000834619488A46194900680C9E9846407C06
:1032C0009146002751F82040E1680968042903D09D
:1032D0002468002CF8D100E014B9FFF73BFA04464B
:1032E0000121E068C26A20469047050011D0246998
:1032F000A0688047401C02D1094C46F001060096A8
:10330000CDE9015443464A465146584600F0D6F9A5
:1033100007463846BDE8FE8F780200209002002064
:10332000B019020838B5040018D00D480068006EC6
:10333000A04201D100F008FC2046FFF78DF8009074
:10334000406908B101F01DF800980068FFF7ACF97A
:103350006846FFF7B1F82046FEF7E2FF38BD0000EF
:10336000780200202DE9FF4F83B0454CDDF840B0D6
:1033700098468A4607002BD002A901A8FFF7B5FEA0
:10338000B7F90060002E00DA0026B7F90250002DD0
:1033900000DA00252068A146407C02F05BFB019921
:1033A0000144491EB7F9040010F054FB0446D9F853
:1033B0000000407C02F054FB02990144491EB7F919
:1033C000060010F047FBA71B7F1C441B641C0BE08E
:1033D000206800263546407C02F03CFB074620680A
:1033E000407C02F03DFB0446B8F1000F01D1C4F16E
:1033F0000008002F01DD002C03DC002007B0BDE831
:10340000F08F43463A4629463046CDF800B0FFF7E4
:103410004DFF5FEA000909D000F090F88046484669
:1034200000F0C0F80027DFF85CB01FE051460598B7
:1034300088470120E2E7E11B414502DA484600F0F7
:103440009BF83FB1EA193146484600F0D5F84846A6
:10345000FFF7B8FE514605988847DBF8001009B120
:10346000002088474846FFF7CBFE4744A742E2DBEF
:103470004846FFF757FF002000F094F8BDE7000032
:10348000780200207403002038B5002460B1FEF7F4
:10349000E3FF0090006800698068804703F016FB36
:1034A00004466846FFF708F8204638BD38B5FEF7F1
:1034B000D3FF00F1180400906846FEF7FDFF204698
:1034C00038BD000038B5002418B907480068006E00
:1034D00038B1FEF7C1FF0090B0F904406846FEF72E
:1034E000EBFF204638BD00007802002038B50024EC
:1034F00018B907480068006E38B1FEF7ADFF0090BC
:10350000B0F908406846FEF7D7FF204638BD0000F6
:103510007802002038B5002418B907480068006E0A
:1035200038B1FEF799FF0090B0F906406846FEF703
:10353000C3FF204638BD00007802002038B50024C3
:1035400018B907480068006E38B1FEF785FF009093
:10355000B0F90A406846FEF7AFFF204638BD0000CC
:103560007802002010B50CF0D9FE002803D0BDE889
:10357000104000F06DB810BD38B50C4620B90848B1
:103580000068006E00280AD0FEF766FF0090B0F9D0
:103590000A10A14200DD44816846FEF78DFF38BD68
:1035A00078020020F8B5134E05003068046E0CD088
:1035B0000CB100F0C9FA0BF091FA2846FEF74CFF67
:1035C000009031680A6E1AB106E000F0BDFA0EE014
:1035D000D1E90223C1E919230D660068FFF766F8F7
:1035E0006846FEF769FF03F049F802F031FE204615
:1035F000F8BD0000780200207CB515460C4620B9C5
:1036000012480068006E00281FD0FEF725FF2DB27B
:103610000090C58024B2848002F01AFE00984069B0
:1036200080B1FEF719FF009A0190B2F9081081806D
:10363000B2F90A20C28011B10AB10480458001A804
:10364000FEF73AFF6846FEF737FF7CBD78020020A0
:1036500001490A4600F002B801F0FFFF7FB51546A8
:103660000C46060028D0FEF7F7FE40F6FF710190E9
:10367000091903D1B0F90440B0F906500289611E5E
:103680001144ADF80840ADF80C104189681E08449B
:10369000ADF80E00ADF80A5001A8FEF70DFF02A824
:1036A0000BF0AAFF06E02A462146304600F00EF94C
:1036B0000BF064FF0028F6D17FBD00002DE9FF4F1D
:1036C000DFF8E0B083B01C46DBF80010DDE91060E5
:1036D000924600274B7C3A461299FEF7A9FF050057
:1036E0005DD028698068804703F0F0F981460AFBC5
:1036F00009F0C01D4FEAD008FEF7BCFEF10705D166
:10370000C11700EB9170801000EB4000002C06DC2C
:103710001838B0FBF8F06442A04200DC0446F00721
:1037200007D10090DDE903012346524600F0A0FDD9
:103730000746002C03DC2846FEF7B6FF2FE004FB0B
:1037400008F01830F10702D0FEF7CAFD01E0FEF7DD
:10375000CCFD06001CD0FEF77FFE019005600399AA
:1037600081800499C180A0F808A04481C0F80C8031
:10377000C0E9049701A8FEF79FFE1298AE60286189
:10378000DBF80000407CA861304607B0BDE8F08F50
:103790002846FEF789FF17B13846FEF7C1FD002025
:1037A000F3E700007802002001490860704700003C
:1037B000740300202DE9F74F92B090461298FEF75F
:1037C0004BFE0B90B0F908100691B0F90A100D915C
:1037D00000680069D0F804B00BA8FEF76DFE384C05
:1037E000384D2068407C55F82000C1688A6A08215D
:1037F00090478146182801D34FF020092068407C6B
:1038000055F820000069079003C80C902E488142AB
:1038100001D0012000E000201090002000F0FAFD0F
:10382000002849D10026DDE91207B2460FAB069CFD
:103830004546761C0193FFF739FE014604FB0AF06A
:1038400001EB8002234629463846CDF800B000F04F
:10385000C5FF050030D01098D0B1DDE906134A4607
:10386000284600F089FE98B9DDE906702C46D0F8AC
:1038700010C0BCF1000F05D0294604233A46084683
:10388000E04705E00C992068884701C47F1EF9D104
:103890000020CDE90305059001200090CDE9010944
:1038A0004146034608F10108069A139801F0CAFD43
:1038B0000D98401E0D90B6D115B0BDE8F08F0000F8
:1038C0007802002090020020035B0008F8B515463E
:1038D0000E460746FEF7C0FD009000681621C0683E
:1038E000426A0020904704466846FEF7E5FD002C3A
:1038F00003D02A4631463846A047F8BDF8B51546EC
:103900000E460746FEF7A8FD009044696846FEF79C
:10391000D3FD3846FFF7B8FD0346082800DD2CB17B
:103920002A463146384611F0E7F8F8BD2A463146B6
:10393000384611F079FAF8BD70B500240DE000BFEB
:1039400031F8245000EB84065D4320F8245001EB4D
:1039500084056D885D437580641C9442F0DB70BD06
:1039600010B5002821D009B30AB3B1F90040B2F96B
:1039700000309C4200DA23460380B1F90240B2F9DC
:1039800002309C4200DA23464380B1F90440B2F988
:1039900004309C4200DD23468380B1F90610B2F961
:1039A0000620914200DC1146C18010BD11460A6814
:1039B00002604968416010BD00280BD003880B44A9
:1039C0000380838819448180418811444180C188E3
:1039D0001144C1807047000070B5104D0446D5E910
:1039E000000188420ED10E49884203D1D0E90F125E
:1039F000406C03E00C38D0E9001280682160C4E913
:103A0000012006E090E80E0084E80E000FF0C2FDF1
:103A10002860207A002800D0012070BD100400200A
:103A2000C07B01200448D0E90010814201D101206F
:103A3000704700207047000010040020054A10B5B0
:103A40000349116010F040FFBDE8104000F02CB9B0
:103A5000D9EC00089C02002070B5094C0020D4E984
:103A600000218A420AD0D2E9005610460FF09CFD90
:103A70002060314628460BF0C5FB012070BD0000D8
:103A8000E00300202DE9FC41154DDDE908742D68A7
:103A9000B5F90860864200DD3046B5F90C60964203
:103AA00000DA3246824219DBB5F90A608E4200DD47
:103AB0003146B5F90E509D4200DA2B468B420DDBA4
:103AC00000E02C46E5682D6825B1042D02D025685C
:103AD000002DF6D1CDE9007402F03CF9BDE8FC817F
:103AE00078020020B0F90220B1F906309A4213DCC6
:103AF000B1F90220B0F906309A420DDCB0F900208D
:103B0000B1F904309A4207DCB1F90010B0F90400B1
:103B1000814201DC012070470020704701460248C5
:103B200078220068FCF7E3BD78020020002801D06D
:103B300010F00CBD70470000024978220968FCF7BC
:103B4000D6BD00007802002010B502F035FB02F06F
:103B500095FDBDE810400AF0D3BE000070B50446E4
:103B60000548022C0068457C02D24474FFF7ECFF44
:103B700002480460284670BD7802002080030020BF
:103B80002DE9F041194E050019493068194F407C64
:103B900051F820108C6917F8048003D00FF0F8FD5D
:103BA00060B11FE00521FEF7C3FD06001AD000201A
:103BB000FFF7FAFD3046FEF7B9FD12E03068052147
:103BC000407CFEF7B5FD60B9AFF24B00FFF7ECFDAE
:103BD00030680849407C183151F8200008B1FEF7E0
:103BE00065FD3D554046BDE8F081000078020020AB
:103BF00090020020DC02002002F000BB02F036BB85
:103C000001498860704700006C02002002F0C6BBCA
:103C100003490968CA6900B1C861104670470000CD
:103C20007802002002F0D6BB024909688A7E8876B5
:103C30001046704778020020094A30B41080094AC3
:103C40001180094A1268537C084A52F82330DA6816
:103C5000146A0A46A446014630BC18466047000074
:103C6000A8020020AA020020780200209002002072
:103C7000024909680A7E08761046704778020020DB
:103C800003490968B1F92C20888510467047000067
:103C90007802002003490968B1F92A2048851046B6
:103CA000704700007802002002480068002800D019
:103CB00000477047F403002002498A6802B988600F
:103CC000FFF7F2BFE003002010B5040009D010F0A8
:103CD00031F9204610F0C8FE2046BDE81040FEF73E
:103CE0001FBB10BD38B50C4660B1FEF7B5FB0090A8
:103CF0008089204201D0012400E000246846FEF7BC
:103D0000DBFB00E00124204638BD000038B5054645
:103D1000002028600648046844B12046FEF79CFB5A
:103D20000090006928606846FEF7C6FB204638BD53
:103D30001804002038B504004FF000000D4608605C
:103D400011D02046FEF788FB0090846844B1684695
:103D5000FEF7B2FB2046FEF77FFB0090006928606B
:103D60006846FEF7A9FB204638BD00002DE9F84F54
:103D7000DFF89C800546274F98F818008B464107CE
:103D800038680A9E9946407C924607D401F074FE3A
:103D900004463868407C01F07BFE06E001F078FEC6
:103DA00004463868407C01F067FE002795B1A0F119
:103DB000010400BFB9EB060000D54042142806DB21
:103DC0005146BBEB0A0000D54042142804DA01201A
:103DD000BDE8F88F641EEDE70A464B465946384663
:103DE00000960FF001FE0C4F4B46524647F8350047
:103DF0005946204600960FF0F7FD07EBC5014860D5
:103E000010F046FA01210020C8F81C10E0E700007D
:103E1000FC02002078020020C47A01202DE9F0473E
:103E2000524D534E0024E86978B96868346000F058
:103E30000501746010F0060F01D000F00500B460B9
:103E4000F46010F025FA0120E8612878C8B100F08C
:103E5000D9F8A846286100F0D3F82969286A814278
:103E60000BDBD8F824204046914206DC836A426985
:103E70009A4202DBC36A9A420DDD4FF0FF300146E1
:103E80006FE000F00FF9686100F0BBF82878401C83
:103E90002870BDE8F087326898F81800354F8D1A01
:103EA000400700283868407C02DB01F0E5FD01E0B6
:103EB00001F0EEFD401E4543D6E90020B146801AD0
:103EC00095FBF0F6D8F81420D9F8081098F81800E7
:103ED000551A400700283868407C02DB01F0D8FD05
:103EE00001E001F0C9FD401E4543D9E90201081A6D
:103EF00095FBF0F598F81800400700283868407CDA
:103F000018DB01F0B9FD81463868407C01F0C0FD46
:103F1000D8F818200146D00704D0A9EB0600A0F17C
:103F2000010000E03046920702D5491B491E18E007
:103F3000294616E001F0ACFD81463868407C01F06E
:103F40009BFDD8F81820D10704D0A9EB0601A1F1F8
:103F5000010100E03146920702D5401B401E00E0FF
:103F6000284610F0DDFC88F8004092E7FC020020B3
:103F7000C47A01207802002001498861704700005E
:103F8000FC020020074A002806DB002904DB01238D
:103F90001372C2E9000101E000201072014800F034
:103FA00003B80000447B012010B504460C220749E9
:103FB000FCF7EAFA002808D0044894E80E000EC086
:103FC0002046BDE81040FFF739BD10BD087C012038
:103FD00030B40A4C2268831A01D5C3F10003626829
:103FE0008A1A00D552421A44022A04DDC4E90001AB
:103FF00030BCFFF7C7BF30BC70470000540300203F
:104000007047704710B52DED048B82B02048808832
:1040100045F21051884236D101221E49002003F09A
:104020006FFE1C48007800F01F0030B3042201A985
:10403000900103F065FE9DF807109DF8062001EB46
:10404000022013F078FC41EC190B9FED130B53EC9D
:10405000102B13F0D7FC41EC180B13F03FFC104968
:10406000888108468489B4F5F07F02DB40F2DF14D2
:1040700004E0002C02DA002400E00024204602B014
:10408000BDEC048B10BDD0200AF012F8F7E7000059
:104090002C290020B9000020D881734694F6D23F25
:1040A0000800002010B52DED048B82B020488088D8
:1040B00045F21051884237D101221E49002003F0F9
:1040C0001FFE1C48007800F01F0030B3042201A935
:1040D000900103F015FE9DF805109DF8042001EBFA
:1040E000022013F028FC41EC190B9FED130B53EC4D
:1040F000102B13F087FC41EC180B13F0EFFB104969
:10410000C8820846C48AB4F5487F02DB40F21F34F7
:1041100005E0002C03DA002401E040F21F342046C1
:1041200002B0BDEC048B10BD902009F0C1FFF7E791
:104130002C290020BA0000207B14AE47E17AD43F3E
:10414000080000202DE9F041084E0446056830685B
:1041500001682846884707463068416828468847EE
:10416000284420603846BDE8F08100007C02002031
:104170002DE9F0410C4606460025064F05E038685B
:1041800041683046884706440544641EF7D22846F5
:10419000BDE8F0817C0200202DE9F0411E46069C1E
:1041A0001746884605463A46A8687F1C3346D0F82D
:1041B00004C041462846E047641EF4D1BDE8F081C2
:1041C00070B5B0F90040091BB0F904408C422CDDF9
:1041D00000F11404B0F902500069521B02FB0040C8
:1041E000CA1800EBE104521ED010B0EBE10501F05B
:1041F00007034FF0FF0102F0070221FA03F0C2F1BA
:10420000070201FA02F1CEB221780FD001436D1EF0
:1042100004F8011B002D05DDFF2229462046FCF78E
:1042200098FA2C4420783043207070BD3040014310
:10423000217070BD10B5B0F90030B0F90240C91A54
:1042400000F114030069121B02FB003000EBE100D7
:1042500001F0070302788021D9400A43027010BDA3
:10426000B0F90610026951431430FCF77ABA000025
:104270002DE9F843804602F10F000011470003FBCF
:1042800007F01C46154689461430FEF72EF8060046
:1042900013D0FEF7E1F80090A0F80080A0F802909B
:1042A0008580C4800649816001218181076168465B
:1042B000FEF702F93046BDE8F8830020FBE7000076
:1042C000C819020870B5B0F90660B0F904400B686F
:1042D00000F11405964220DD0069A34202FB005064
:1042E00000EBE30219DAA4F101044FEAE400A0EBC9
:1042F000E30512F8010B03F0070400FA04F0C4B25E
:1043000008E055B112F8014B03F10803A5F10105CE
:1043100023F00703002CF4D008E0002070BD00BF9C
:104320004FEA44604FEA106403F101032006F7D519
:10433000FF2C0AD0184605E04FEA44644FEA1464A3
:1043400000F101006606F7D400E0D81DC4436407FD
:1043500006D007E012F8014BFF2C0FD100F1080046
:104360006D1EF7D5A0EB030000F101000B6070BDDE
:104370004FEA44624FEA126400F101002206F7D4CA
:10438000F0E738B50546FEF767F800908189491EC9
:104390000CB284816846FEF78FF8002C02D12846C3
:1043A000FDF7BEFF38BD000010B54FF4803100208E
:1043B00012F038FF04464FF480312046FDF7A8FF85
:1043C0008020FEF76BF80248FFF71AFC10BD0000D2
:1043D000CCDD010870B504464FF47A7060434FF4A9
:1043E0007A71B0FBF1F5284603F02EF870BD10B5D8
:1043F0000120FFF7EFFF10BD10B503F091F810BDDD
:1044000010B5002002F0A6FC0149086010BD0000B4
:10441000B00000200EB508B102AA00E0002200237F
:1044200001A9684600F0C6FB0EBD0000074910B5A3
:10443000CC6818B10120C860801E03E00020C8606D
:104440006FF07F4000F0ECFE204610BDDC02002043
:1044500010B5082A0EDC0346012A1AD0022A58D0C9
:10446000042A78D010F8042B03F8012B491EF9D147
:10447000012010BD102A0ADC0222022AF8D10246CD
:1044800030F8043B22F8023B491EF9D1F0E7002046
:1044900010BD10F8042BD207120E491E34D010F8AC
:1044A000044B491E04F0010442EA84122CD010F897
:1044B000044B491E04F0010442EA441224D010F8CF
:1044C000044B491E04F0010442EA04121CD010F807
:1044D000044B491E04F0010442EAC40214D010F84F
:1044E000044B491E04F0010442EA84020CD010F887
:1044F000044B491E04F0010442EA440204D010F8BF
:10450000044B04F00104224303F8012B0029C0D11D
:10451000AEE710F8042B9207120E491E15D010F8C2
:10452000044B491E04F0030442EA04120DD010F8B3
:10453000044B491E04F0030442EA840205D010F83B
:10454000044B04F003042243491E03F8012B002905
:10455000DFD18DE7FFE710F8042B1207120E491E7A
:1045600005D010F8044B04F00F042243491E03F851
:10457000012B0029EFD17BE72DE9F0411E680D46A4
:104580000446082A09DC0746012A21D0022A62D003
:10459000042A7CD0082A1AD195E0102A03DC0220D4
:1045A0000228F8D102E00020BDE8F081D3F810C065
:1045B0002746BCF1000F04D00A46214602230846D4
:1045C0008AE001CCB04727F8020B6D1EF9D18BE0D1
:1045D00001CCB047C0074FEA10686D1E36D001CC41
:1045E000B04748EA801000F0FF086D1E2ED001CCC5
:1045F000B04748EA401000F0FF086D1E26D001CCFD
:10460000B04748EA001000F0FF086D1E1ED001CC34
:10461000B04748EAC00000F0FF086D1E16D001CC7C
:10462000B04748EA800000F0FF086D1E0ED001CCB4
:10463000B04748EA400000F0FF086D1E06D001CCEC
:10464000B04740EA080000F0FF086D1E07F8018B34
:10465000002DBDD148E001CCB04780074FEA10687B
:104660006D1E18D001CCB04748EA001000F0FF08DA
:104670006D1E10D001CCB04748EA800000F0FF0862
:104680006D1E08D001CCB04740EA080000E007E00A
:1046900000F0FF086D1E07F8018B002DDBD123E031
:1046A00001CCB04700074FEA10686D1E06D001CC60
:1046B000B04740EA080000F0FF086D1E07F8018BC4
:1046C000002DEDD110E0D3F810C0BCF1000F05D0E3
:1046D0000A46014601233846E04705E001CCB047D1
:1046E00007F8010B6D1EF9D101205DE70A4810B5EE
:1046F000816900290ED101218161FFF755FE01F08A
:10470000FBFF054905481C310860BDE8104008461C
:1047100000F0F6BB10BD00006C020020B13B0108A8
:104720000149084400F0F4BB905F01007CB50646E7
:1047300028480D46006868B100200AF05DFF06E0D9
:104740006A46294630460BF09DFE0AF017FF002806
:10475000F6D17CBD106800901F4C50680190226813
:10476000BDF8000032F84C1F0844ADF80000BDF859
:10477000020091880844ADF80200BDF804001188D9
:104780000844ADF80400BDF8060091880844ADF86F
:10479000060068460AF030FF0EE000BF2068BDF852
:1047A00000106A464184BDF80210818429463046D3
:1047B0000BF068FE0AF0E2FE0028EFD1206830F826
:1047C000221F428D891A01804188C28D891A418039
:1047D0007CBD0000A4020020780200202DE9FF4FDC
:1047E00000208BB004460146009019981D461646DD
:1047F000016007AB002203A902A800F0DBF918B1A1
:1048000000200FB0BDE8F08F0798854200DD054617
:104810005C4F0A955C493868407C51F8201004913F
:1048200009690691FEF71AFC05903868407CFEF78E
:1048300085FC56498146884204D05549894501D0B6
:10484000012000E00020099001CE18998847824697
:104850005FEA106B71D0009870BB0B9800EB0408F6
:1048600048480068B0F90800404503DDA0EB0807A0
:10487000804600E000270299049801EB840101EBD7
:104880008701CDE90010DDE90A010A180C9B0892A6
:10489000521E19464046FFF7F5F801200090059892
:1048A00018280ADA0298DDE9052300EB840000EB02
:1048B0008700E91B00F0DEF810E0099870B102985B
:1048C00000EB840000EB87070898A0EB0808494636
:1048D0003868884701C7B8F10108F8D12D48C06988
:1048E00060B3DDE9020700EB840007EB8402CDE949
:1048F0000202284C361F2B46E46930460299A04735
:10490000FF203168B0EB116F02D10299096804E011
:10491000029A1268B0EB126F01D1039A11600299EA
:10492000361D091D02910399091D03916D1EE8D1E1
:1049300019990120039708601DE01EE0FFE7BBF115
:10494000FF0F0ED00298CBF1FF0250F82410504612
:1049500000F07CFA039941F82400199901200860BD
:1049600005E00298039950F8240041F82400641CE3
:104970006D1E7FF469AF039843E7039941F824A0C3
:10498000EBE700007802002090020020035B0008A3
:10499000015B00082C030020F0B500EB8104082A1D
:1049A0000ADC01264D1E092A14D2DFE802F0131496
:1049B0002A42425959595900102A0BDC0222022A74
:1049C00008D100EB410000BF30F8022D44F8042D5F
:1049D000491EF9D1F0BD05F00702C2F1070200EB54
:1049E000E50006FA02F503782B40D340521C44F848
:1049F000043DA0EBE20022F007031A41491EF0D16A
:104A0000F0BD05F00302C2F1030200EBA500032391
:104A10000578560003FA06F73D40F540521C44F86D
:104A2000045DA0EBA20022F003052A41491EEFD14C
:104A3000F0BD8E43C6F1010200EB65000F2305783F
:104A4000960003FA06F73D40F540521C44F8045D19
:104A5000A0EB620022F001052A41491EEFD1F0BD12
:104A600000EB0100491E10F8012D44F8042DF9D186
:104A7000F0BD00002DE9F05F0C1E16DD5E680146FA
:104A800000EB8405082A12DC611E012A28D0022AC4
:104A900048D0042A6AD0082A07D1071917F8010D4F
:104AA000B04745F8040D641EF8D1BDE8F09F102A08
:104AB000FBDC0222022AF8D15F693FB12246BC46E4
:104AC000BDE8F04F02235DF804EB604701EB4407BB
:104AD00037F8020DB04745F8040D641EF8D1E4E73D
:104AE00000EBE1002D1F10F801A9814601F0070736
:104AF000802020FA07F800BF0AEA0800C7F1070182
:104B0000C840B04745F804093FB17F1E4FEA4860EE
:104B1000000E8046641EEFD1C7E7072719F801A9E8
:104B20000120F6E700EBA1002D1F01F0030710F8AC
:104B300001A981467900C02020FA01F84FF0060B48
:104B40000AEA0800ABEB4701C840B04745F8040942
:104B50003FB17F1E4FEA8860000E8046641EEFD191
:104B6000A3E7032719F801A93846F6E700EB61002F
:104B700001272D1FA74310F801A98146B900F02095
:104B800020FA01F84FF0040B0AEA0800ABEB8701AA
:104B9000C840B04745F804093FB17F1E4FEA08708E
:104BA000000E8046641EEFD17FE7012719F801A9A6
:104BB0000F20F6E72DE9F047204C06461F46A06976
:104BC00090468946002540B90120A06104F12001EA
:104BD0001B480860084600F093F9606910B900F0BE
:104BE0003CFF606107B138604EB1A06830B96069C0
:104BF0008000FDF7BDFBA06000B901253060B9F170
:104C0000000F0AD0E06830B960698000FDF7B0FBA2
:104C1000E06000B90125C9F80000B8F1000F0AD022
:104C2000206930B960698000FDF7A2FB206100B9FE
:104C30000125C8F800002846BDE8F0872C030020B5
:104C4000313C010873B5124A01A9009812689047D7
:104C500000240090C8B10F4900250968C969496955
:104C600059B10A684AB1019990477CBD6846FFF77F
:104C700069FA0546FEF704FA04440198401E0190C3
:104C8000F4D5284600F032F8044420467CBD0000EC
:104C9000DC0300207802002073B50D460098002444
:104CA00090B10A490968C969496959B14A684AB164
:104CB000294690477CBD6846FFF744FA20B10A2890
:104CC00002D0641CAC42F6DB20467CBD780200209A
:104CD000044AB2F9002002600348B0F900000860FD
:104CE00070470000A8020020AA02002038B5002466
:104CF00069460094FEF7CCF90099814200DD0C1A58
:104D0000204638BDB0F90030B1F90020934200DAF6
:104D10000280B0F90230B1F90220934200DA4280F9
:104D2000B0F90430B1F90420934200DD8280B0F97B
:104D30000620B1F906108A4200DDC180704770B5C7
:104D4000B1F90040B2F900309C4200DD23460380F7
:104D5000B1F90250B2F90240A54200DD2C46448070
:104D6000B1F90460B2F90450AE4200DA35468580EC
:104D7000B1F90610B2F90620914200DB1146C1805C
:104D80009D4201DBA14201DA002070BD012070BD0F
:104D9000014602480068407C00F002B8780200201A
:104DA000F8B501260F46054602284BDA264C5FB3BC
:104DB000012F02D0022F45D116E054F8250088B902
:104DC0002846FDF7C7FC0090B8B3C0680D21426AC1
:104DD00068469047020035D039460098904754F80D
:104DE00025000026401C2BE0FDF7B4FC009020B30A
:104DF000C0680D21426A68469047020022D03946B9
:104E00000098904700261DE054F8250001280FD196
:104E10002846FDF79FFC009050B1C0680D21426A02
:104E200068469047020003D0394600989047002614
:104E300054F8250010B1012101E003E00021401ADF
:104E400044F825003046F8BDD403002070B5FF2398
:104E5000B3EB116F2CD0C3B213FB02F500F47F4407
:104E600000F47F0354435343000E10FB02F6C2F1DB
:104E7000FF00CAB212FB005201F47F4505FB00445B
:104E800001F47F0505FB0033090E11FB0065C2F339
:104E900007204FF47F024FF47F4102EA132201EA18
:104EA00014214FF07F43084303EA0543104318439E
:104EB00070BD2DE9F04F1546DDE90CB90C460646EC
:104EC0004FF0000818E00B9F4FF0FF0A01CE08CC0E
:104ED000AAEB106202FB09F2B2FBFAF1CAB2194660
:104EE000FFF7B4FF20F07F4001C57F1EEED1099887
:104EF00008F1010804EB8004D845E4D3BDE8F08F45
:104F000002494A6942604861704700006C02002013
:104F100030B5002803DA4FF0FF32404200E00122B2
:104F2000154990FBF1F301FB13004910884202DDA3
:104F300052424B421844114B984200DD081A4FF47C
:104F40007A7390FBF3F16FF07C044C4300EBC400E8
:104F50005A2902DB4FF480300AE0094C04EB81054A
:104F600054F821106D686C1A4443B4FBF3F0084404
:104F7000002A00DC404230BD407E0500905F010009
:104F8000F0FA010810B502E000F8011B521E0AB148
:104F90008307F9D1930818D001EB014402F0030212
:104FA00004EB042405E0046044608460C4601030B5
:104FB0001B1F042BF7DA01E010C05B1E002BFBD196
:104FC00003E000BF00F8011B521E002AFAD110BDF9
:104FD00010B5830702D520F8021B521E530810D0CB
:104FE00001EB0144042B08DB046044608460C4606E
:104FF00010301B1F042BF7DA01E010C05B1E002BE2
:10500000FBD1D20700D0018010BD024600204FF036
:1050100080414318934201D8D21A58184008890891
:10502000F7D1704700F58060AFF3008010B5002223
:10503000C0F30B00B0F5006F02DDA0F500600122A7
:10504000B0F5806F01DDC0F5006083110B4C00F0FE
:105050003F00C0F1400134F813004843402906D016
:1050600004EB4303C1F140015B8803FB01002030E6
:105070008009002A00D0404210BD00005C9A01085F
:1050800000BFFEE77CB5044600250020019000909B
:105090005F48008800045F4908600D204860402098
:1050A00088600020C8604FF480600861084603F003
:1050B00077F859480068009002E05748006800906F
:1050C000009800F045000028F7D0009800F0040098
:1050D00028B10325042002F0C3FF28467CBD0098B8
:1050E00000F0010028B10125012002F0B9FF284697
:1050F000F4E702F0FDFF009000980D2802D0102583
:105100002846EBE740F2FF5002F0AAFF002003F030
:1051100009F801900198C0F3432020703F4901989D
:10512000084008B92846D9E7019800F0004008B1C6
:105130001C20D3E7019800F0804008B10920CDE79A
:10514000019800F0005008B10A20C7E7019800F06C
:10515000805008B10B20C1E7019800F0006008B151
:105160000C20BBE7019800F0806008B10D20B5E786
:10517000019800F0807008B10E20AFE7019800F4AC
:10518000000008B10F20A9E7019800F4800008B1E1
:105190001020A3E7019800F4001008B111209DE74A
:1051A000019800F4801008B1122097E7019800F4EC
:1051B000002008B1132091E7019800F4802008B185
:1051C00014208BE7019800F4003008B1152085E722
:1051D000019800F4803008B116207FE7019800F4B0
:1051E000004008B1172079E7019800F4804008B129
:1051F000182073E7019800F4005008B119206DE7FA
:10520000019800F0080008B11A2067E7284665E712
:105210005000002058290020342C014008E0FFFDF8
:1052200002490A68086010467047000060030020C9
:1052300030B5014601F01F04C1F34513CA0AE50267
:1052400005EB43151544A8B230BD000070B5044607
:10525000002617480588408845431548808846F64B
:105260000401884216D112488079012812D1002009
:105270000F4988712A2048812B2088810021084607
:1052800001F006F801200A4988712B2048812A2064
:10529000888103E00021084600F0FAFF01F018FAC7
:1052A000002602E003480480761CAE42FAD370BDAB
:1052B0002C290020000008600449054A0968497C3F
:1052C00052F8211009690968084700007802002097
:1052D0009002002010B50446002C52D15849887124
:1052E000F02008804FF4A07048800846808849F27A
:1052F000413188420BD05248808846F604018842EA
:1053000005D04F48808845F2103188421AD12C20B0
:105310004B4908812A2048812B20888108468088B3
:1053200046F60401884205D04548808845F2103190
:10533000884206D14FF4A070414908804FF4F070C4
:10534000488079E03E48808845F21051884210D16B
:105350004FF430503A4908814FF4285048814FF4B7
:105360002C5088814FF4F07008804FF448704880CA
:1053700062E0222032490881202048812120888152
:105380005AE001202E4988714FF4A0700880F02067
:1053900048800846808849F24131884205D0284833
:1053A000808845F21031884207D12C202449088199
:1053B0002A2048812B2088812BE02148808846F6CE
:1053C0000401884207D12C201D4908812B204881E7
:1053D0002A2088811DE01A48808845F210518842B1
:1053E00010D14FF43050164908814FF428504881AD
:1053F0004FF42C5088814FF4487008804FF4F070BF
:10540000488006E022200E49088121204881202082
:1054100088810B48808846F60401884205D00848F8
:10542000808845F21031884206D14FF4F07004496B
:1054300008804FF4A0704880002000F063FD10BD8C
:105440002C2900202DE9F04F05468DB07C48DDF871
:1054500060901A9C00681E4617464FF0000A78B10B
:105460001B9B199ACDF808900593CDE90324DDE93B
:105470001623CDE90023046833463A46284682E0E5
:10548000DDE9160201EB060805EB070C1043A8F155
:105490000108ACF1010C012806D0C9F10800059003
:1054A000002002910890C8E066480268B2F90A300C
:1054B000581A002806DD361A002E65DD1946199B9C
:1054C00000FB0344B2F90E00A8EB0000002802DD47
:1054D000361A002E58DDB2F90C00ACEB00000028A3
:1054E00000DD3F1AB2F908300020AB4237DD581B0F
:1054F0003F1A4B46B9F1080F28D007DC012B0DD01D
:10550000022B13D0B9F1040F29D117E0102B1FD0B3
:10551000182B20D0B9F1200F21D11CE020F0070377
:1055200004EBE0041D4400F0070018E020F0030342
:1055300004EBA0041D4400F0030010E020F0010380
:1055400004EB60041D4400F0010008E0044404E0A2
:1055500004EB400401E004EB800405440020002F2C
:1055600012DD1B9BDDF864C0CDE90403CDE902C464
:10557000CDE90069527C34483B4650F82200C268AD
:1055800054680A462946A0470DB0BDE8F08F179928
:105590000298084409902B49401E00900A68B2F90D
:1055A0000A30834241DCB2F90E10029881423CDBA2
:1055B0004FF0000BD84603950B9434E0BBF1000F7D
:1055C00005D10B984FF0080B10F801AB0B90059923
:1055D000ABEB090B3AFA01F00AFA09F101F0FF0A04
:1055E00004D118490968097C890716D41549096846
:1055F000C96B0A680C921B9A0AB152F82000086025
:1056000016990398009B4218521E029900F0A0F9C7
:105610000C490C980968C96B08600399169808F141
:10562000010808440390B845C8DB0898401C08905E
:1056300009980290199804440898B042A7DBA3E7A0
:10564000A40200207802002090020020F0B40C4652
:1056500012490968B1F90A30A3421CDCB1F90E30D5
:10566000A34218DBB1F90830834200DD1846B1F9D6
:105670000C30934200DA1A4682420CDB4B7C08491C
:1056800051F8235013462246E9688E6801462846A1
:10569000B446F0BC6047F0BC7047000078020020C0
:1056A000900200202DE9FF4F84B081468A460020F9
:1056B000039002900698A0EB09050798A0EB0A0654
:1056C000CDF80490CDF800A0002D01DD012705E004
:1056D0000DB9002702E04FF0FF376D42002E02DDCA
:1056E0004FF0010806E016B94FF0000802E04FF055
:1056F000FF387642B54201DD2C4600E034464FF0DB
:10570000000B21E0009A91B2019A90B200F056F895
:105710000398284403900298304402900398A042D2
:1057200005DD0398001B039001983844019002980E
:10573000A04205DD0298001B0290009840440090B2
:105740000BF101001FFA80FB601C8345DADD08B015
:10575000BDE8F08F0A46174930B40968B1F90A303C
:10576000934225DCB1F90E30934221DBB1F90830C8
:1057700083421DDCB1F90C30834219DB0B7C0E4CEB
:10578000DB0709D0497C54F82130D968CC6901463F
:10579000A44630BC18466047CB6B497C1B6854F864
:1057A0002140E1688D6901462046AC4630BC604727
:1057B00030BC7047780200209002002030B50446CB
:1057C0000D462946204600F063FD00F081FF0248A7
:1057D00000880249088030BD0000002000000860F9
:1057E000124B30B41B68B3F9084084421CDCB3F997
:1057F0000C40844218DBB3F90A408C4200DD21469C
:10580000B3F90E40944200DA22468A420CDB5C7CFB
:10581000074B53F82440E368DD6813460A46014607
:105820002046AC4630BC604730BC70477802002050
:105830009002002070B504460D4616464248808806
:1058400049F24131884205D03F48808845F2103105
:10585000884214D13C49488900F02EFF201200F004
:105860001FFFE0B200F01CFF3749888900F024FFD9
:10587000281200F015FFE8B200F012FF5DE0324898
:10588000808845F21051884220D12F49488900F084
:1058900013FF201200F004FF2B494989491C88B2EC
:1058A00000F00AFFE0B200F0FBFE2749888900F013
:1058B00003FF281200F0F4FE23498989491C88B2AD
:1058C00000F0FAFEE8B200F0EBFE36E01E488088F9
:1058D00046F6040188421DD11B488079012804D175
:1058E00019480088401E001B84B21749488900F0FF
:1058F000E3FE201200F0D4FEE0B200F0D1FE124927
:10590000888900F0D9FE281200F0CAFEE8B200F043
:10591000C7FE12E00C488079012804D10A480088AB
:10592000401E001B84B208494889214600F0DAFE77
:1059300005498889294600F0D5FE034800890349B6
:105940000880881C068070BD2C290020FEFF07609F
:1059500038B5134C2468B4F90850854200DD284658
:10596000B4F90C50954200DA2A46824217DBB4F9AA
:105970000A508D4200DD2946B4F90E509D4200DAEE
:105980002B468B420BDB0093647C064B53F8244080
:10599000E3681D6913460A4601462046A84738BDFC
:1059A000780200209002002008210DF068BC000061
:1059B00002480068806B0068704700007802002091
:1059C00002480068C06B0068704700007802002041
:1059D000024809210068407C0DF051BC780200208B
:1059E00009210DF04CBC70B500252C462046FCF773
:1059F000B1FE00B16D1C641C022CF7DB284670BDA3
:105A000002480068407C00F003B8000078020020E3
:105A100010B5FCF79FFE002805D0C168CA6ABDE832
:105A200010400221104710BDF8B515460E4601245E
:105A3000FCF790FE009058B1C0680421426A6846A5
:105A40009047030004D02A46314600989847002426
:105A50002046F8BD03210DF012BC03200DF0C0BCA0
:105A600004210DF00CBC0000024801210068407CBC
:105A70000DF005BC7802002001210DF000BC0000F3
:105A8000024802210068407C0DF0F9BB780200203A
:105A900002210DF0F4BB00F001B800002DE9F04147
:105AA000002809D0876837B10D4E716819B10468B4
:105AB000B4F5807F02DD0020BDE8F08130688442CB
:105AC00000DD0446002507E057F82500FFF7F4FB4A
:105AD000716841F825006D1CA542F5DB7068EBE7A5
:105AE000640300200449054A0968497C52F82110E2
:105AF00009694968084700007802002090020020E8
:105B00007047704710B500F01F01074A074BC0F3FC
:105B10004514C0F3C4201B5D105C515C00EB0320F6
:105B200000EB014010BD000090FA0108B0FA010836
:105B300010B50A4C606860B920688000FCF718FC5A
:105B4000606040B104F10801054808600846FFF7AD
:105B5000D7F9002010BD012010BD00006403002013
:105B6000593C01082DE9F041FFF73DFF07460025AC
:105B700028E02846FCF7EEFD18B32846FDF7EEFFB7
:105B800080462846FFF710FF082817DC0F48104909
:105B900050F825000069884210D02846FFF720FF02
:105BA0000646002408E0E0B2FFF79CFF0246E1B29F
:105BB000284600F0F9FB641CB442F4DB4046FDF7D4
:105BC000CDFF6D1CBD42D4DBBDE8F081900200200A
:105BD0009819020810B50246012000E050430B1E40
:105BE000A1F10104E1B2F9D110BD000008B50348EC
:105BF00000880090BDF8000008BD000000000860AB
:105C00002DE9F04105460E4600240027A0464F48E6
:105C10000088A84203DD4D484088B04202DC0020E5
:105C2000BDE8F0813146284600F032FB47488088C5
:105C300049F2413188420BD04448808846F604013D
:105C4000884205D04148808845F21031884203D10E
:105C50002E2000F031FD0DE03C48808845F21051C7
:105C6000884204D14FF4385000F026FD02E0222093
:105C700000F022FD3548808849F22031884202D167
:105C8000022011F0EDFA3248008800B10024022011
:105C900011F0E6FA2E4804882C48808849F24131F8
:105CA00088420BD02948808845F21031884205D0BF
:105CB0002648808845F2105188420AD1022011F00E
:105CC000CFFA2348B0F80080E7B24FF6FF7000EA41
:105CD00007271E48808849F22531884216D01B4884
:105CE000808844F23551884210D018488088091FB6
:105CF00088420BD0154880884BF20551884205D068
:105D0000124880884CF20551884201D1204687E72D
:105D10000E48808849F2413188420BD00B48808878
:105D200045F21031884205D00848808845F210516C
:105D3000884207D1E012C002B91240EA411040EA9D
:105D4000E8206DE72046FFF773FA69E72C29002069
:105D5000000008602DE9FF4F83B01646DDE91040D2
:105D60008B46C0684769426A7AB1012111A8904701
:105D700005000AD00698CDE9000433465A46039937
:105D80001198A84707B0BDE8F08F57480068407CDD
:105D9000FDF764F98246082801DC012005E0BAF12C
:105DA000100F01DC022000E004208046002596E070
:105DB0004046B8F1010F05D0022871D0B8F1040FA8
:105DC00025D17CE0BAF1090F21D2DFE80AF086057F
:105DD000213F3F5959595900039815E001465A4649
:105DE0001198B847C5F1070188404FF67F722178B6
:105DF000EA40114001436D1C217004EBE50425F0DD
:105E00000700054109F101008146B042E6DD64E08A
:105E1000039817E001465A461198B8470621A1EBAE
:105E2000450188406B004FF63F722178DA401140FF
:105E300001436D1C217004EBA50425F0030005410E
:105E400009F101008146B042E4DD46E0039813E029
:105E500001465A461198B8470421A1EB85018840B4
:105E60002178AB000F229A401140014321702C444D
:105E700085F0010509F101008146B042E8DD2CE022
:105E8000DDF80C9007E001465A461198B84720709B
:105E900009F1010944444846B145F4DD1DE0FFE73E
:105EA000DDF80C9007E001465A461198B84720806B
:105EB00009F1010944444846B145F4DD0DE0DDF83F
:105EC0000C9007E001465A461198B847206009F146
:105ED000010944444846B145F4DD0BF1010B069934
:105EE0008B457FF765AF4DE77802002001B5BDF81F
:105EF000000000F0E1FB052010F0EEF9FFF776FE60
:105F000008BD0000F0B5054600240027A9488079A7
:105F100001281ED1A748808846F60401884218D07F
:105F2000082D15D2DFE805F00406080A0C0E101241
:105F300006250DE007250BE0042509E0052507E00F
:105F4000012505E0002503E0032501E0022500BF4F
:105F500000BF9848808849F24131884211D0954865
:105F6000808846F6040188420BD09248808845F22A
:105F70001031884205D08F48808845F21051884200
:105F80007ED1082D1CD2DFE805F00406090C0F12A3
:105F9000151800BF14E044F0800411E044F0400400
:105FA0000EE044F0C0040BE044F0200408E044F0AC
:105FB000600405E044F0A00402E044F0E00400BF07
:105FC00000BF7C48808845F21051884202D14FF4CE
:105FD000585700E036277748808845F210318842CC
:105FE00007D07448808845F21051884201D044F0AF
:105FF00008047048808846F60401884201D144F0C4
:1060000002042146384600F06DFB04F0200018B968
:106010006848807901280DD166480088654949881B
:10602000884214DA63480688408862490880084636
:1060300046800CE05F4800885E494988884206DD5A
:106040005C48068840885B49088008464680594875
:10605000808845F21051884254D15649488900F051
:106060002BFB002000F01CFB52494989491C88B2D7
:1060700000F022FB002000F013FB4E49498900E0AC
:106080006FE0891C88B200F017FB4A490988491E55
:10609000C1F30F2000F004FB46494989C91C88B2AE
:1060A00000F00AFB43490978491EC8B200F0F8FA2B
:1060B0004049888900F000FB002000F0F1FA3D49DA
:1060C0008989491C88B200F0F7FA002000F0E8FA4C
:1060D00038498989891C88B200F0EEFA3549498827
:1060E000491EC1F30F2000F0DBFA32498989C91C2F
:1060F00088B200F0E1FA2F498978491EC8B200F051
:10610000CFFA55E02B49488900F0D6FA002000F07C
:10611000C7FA002000F0C4FA26490988491EC1F3D5
:106120000F2000F0BDFA23490978491EC8B200F0DB
:10613000B7FA2049888900F0BFFA002000F0B0FAD1
:10614000002000F0ADFA1B494988491EC1F30F2019
:1061500000F0A6FA17498978491EC8B200F0A0FAE3
:1061600026E0082D1CD2DFE805F004070A0D0F1207
:10617000151844F0300413E044F0100410E044F02B
:1061800020040DE000BF0BE044F0380408E044F0C8
:10619000280405E044F0180402E044F0080400BFBD
:1061A00000BF032744F480542146384600F09AFA91
:1061B000F0BD00002C29002010B50E4C0E492068BF
:1061C000407C51F8200050B1C1680968042903D00F
:1061D00000680028F8D102E008B1FCF7A7FA2068AF
:1061E0000021016600F108014161BDE8104000F0A6
:1061F0002FB80000780200209002002001490968B1
:10620000496808475C030020044909680A7C520772
:1062100001D5C96B00E0896B0860704778020020E7
:106220007CB5094C05462068417C084850F821009F
:10623000C1680A6B6946904720686A46294608305B
:10624000FEF77DFD7CBD000078020020900200205A
:106250000448016804484A7C083150F82200C268AA
:10626000126B104778020020900200200149096853
:10627000096808475C030020044909680A7C520742
:1062800001D5896B00E0C96B086070477802002077
:1062900030B504460D464048808849F24131884275
:1062A00005D03D48808845F21031884214D13A49E2
:1062B000488900F001FA201200F0F2F9E0B200F093
:1062C000EFF93549888900F0F7F9281200F0E8F96C
:1062D000E8B200F0E5F95DE02F48808846F6040159
:1062E00088421DD12C488079012804D12A48008891
:1062F000401E001B84B22849488900F0DDF92012B5
:1063000000F0CEF9E0B200F0CBF92349888900F023
:10631000D3F9281200F0C4F9E8B200F0C1F939E06D
:106320001D48808845F21051884220D11A49488979
:1063300000F0C2F9201200F0B3F917494989491C4D
:1063400088B200F0B9F9E0B200F0AAF912498889E0
:1063500000F0B2F9281200F0A3F90F498989491C0D
:1063600088B200F0A9F9E8B200F09AF912E00A4800
:106370008079012804D108480088401E001B84B29F
:1063800005494889214600F0ADF903498889294625
:1063900000F0A8F930BD00002C290020014909684F
:1063A000896808475C030020F8B515460E460124AD
:1063B000FCF7D0F9009058B1C0681021426A6846D5
:1063C0009047030004D02A4631460098984700249D
:1063D0002046F8BDF8B515460E460124FCF7BAF97B
:1063E000009058B1C0680321426A68469047030094
:1063F00004D02A4631460098984700242046F8BD2C
:10640000F8B515460E460124FCF7A4F9009058B1E2
:10641000C0680B21426A68469047030004D02A46B0
:1064200031460098984700242046F8BDF8B5154637
:106430000E460124FCF78EF9009058B1C0680A217D
:10644000426A68469047030004D02A4631460098C5
:10645000984700242046F8BD2DE9F84F07468846A6
:1064600016461C46C3462046E31704EB5373DB1065
:1064700021464FEAE47C04EB5C7C4FEAEC0CA4EB95
:10648000CC0CBCF1000F02D04FF0010C01E04FF03A
:10649000000C6344224604EBD27C4FEA6C0C03FBF5
:1064A0000CF3DBB20093A6F12000C6B2002556E043
:1064B0000C2C07D106EB46002B4901EB800010F8AD
:1064C000059013E0102C05D1284800EB061010F8B9
:1064D00005900BE0182C07D106EBC600244901EB10
:1064E000800010F8059001E0BDE8F88F4FF0000A39
:1064F0002FE009F0800030B11E480288414638463E
:10650000FFF798F907E00A9828B91B480288414626
:106510003846FFF78FF94FEA49604FEA106908F1F2
:1065200001001FFA80F815480088B84200DCDBE75C
:10653000A8EB0B00A04208D1D846781C87B20F48C0
:106540000088B84200DCCFE706E00AF1010000F065
:10655000FF0ABAF1080FCCDB00BF681CC5B2009877
:106560008542A5DB00BFBFE7E68001085A85010828
:106570004A8B010800000020020000202C29002086
:106580002DE9FF4F81B0074691461E460E9D4FF004
:10659000000A002439E0301B401EC1B20A20FFF778
:1065A00019FBB9FBF0F00A21B0FBF1F201FB120874
:1065B000BAF1000F16D1701EA04213DDB8F1000F22
:1065C0000ED10020AB4605EBDB71491001FB0471D5
:1065D000009088B22B4620220299FFF73DFF12E07F
:1065E0004FF0010A0020AB4605EBDB71491001FBBF
:1065F0000471009088B208F13001CAB22B460299AA
:10660000FFF72AFF00BF601CC4B2B442C3DB05B071
:10661000BDE8F08F2DE9F84704460D4690469946AF
:10662000DDE9096704F0FF0A08EB04001FFA80F8AF
:1066300009EB05001FFA80F916E0444502DB5446D9
:10664000A81985B24D4500DB14E0002000903A788F
:10665000334629462046FFF7FFFE304606EBD07151
:1066600004EB61018CB27F1C38787E2802DC38781C
:106670002028E2DA00BFBDE8F887000010B5074C1B
:106680002068006BFEF718FEFFF7F6FD2068406BF0
:10669000FEF712FEBDE81040FFF7B6BD78020020FD
:1066A00001B5BDF800000090BDF800000149088068
:1066B00008BD00000000086001B5BDF800000090B2
:1066C000BDF800000149088008BD0000FEFF07601A
:1066D0000248008902490880704700002C290020E8
:1066E000FEFF076003B5BDF80000024A1080901C51
:1066F00001800CBDFEFF076008B500231A466549FE
:106700006548FBF7BDFF6548808845F21051884217
:1067100039D16248428801880020FFF771FE5F4846
:10672000428801880020FFF781FE5C48807998B993
:1067300040F2B31000234FF4F0721946009018464F
:10674000FDF714FB40F21F300023421C1946009055
:106750000120FDF70BFB9BE00620FDF70DFC40F24E
:10676000B31000234FF4F072194600901846FDF75D
:10677000FDFA40F21F300023421C19460090012010
:10678000FDF7F4FA84E04548808845F210318842EC
:1067900005D04248808846F6040188423BD13F48F4
:1067A000428801880020FFF72BFE3C484288018880
:1067B0000020FFF73BFE39488079A0B9E22040F67F
:1067C0005B734FF4A072002100900846FDF7CEFAEB
:1067D000C42040F6ED634FF4F072002100900120D8
:1067E000FDF7C4FA54E00620FDF7C6FBE22040F6B0
:1067F0005B734FF4A072002100900846FDF7B6FAD3
:10680000C42040F6ED634FF4F072002100900120A7
:10681000FDF7ACFA3CE02148428801880020FFF7F0
:10682000EFFD1E48428801880020FFF7FFFD1B484E
:106830008079B8B90120FDF79FFB40F63F700090CA
:10684000164802889B2300210846FDF78FFA40F680
:106850005F70009011484288BC2300210120FDF7A1
:1068600085FA15E00720FDF787FB40F63F709B2374
:10687000F022002100900846FDF778FA40F65F709C
:10688000BC234FF4A072002100900120FDF76EFAA6
:1068900008BD00003C9A0108D49801082C2900206A
:1068A00010B503461446012901D1002010BD4FF058
:1068B000FF3200BF00BF1046F8E700002DE9FF4F90
:1068C0008DB01746674ADDF870901E9E20981268BA
:1068D0001D4600248AB11D9B1F98CDE90293CDE986
:1068E0000460DDE91A03CDE9000314682B463A463B
:1068F0000D98A04711B0BDE8F08F0D9A01EB050887
:1069000002EB070CDDE91A231A43A8F10108ACF1E8
:10691000010C012A06D0C9F108004FF0000B0291CA
:1069200005909CE0504A1268B2F90A40631A002BA5
:1069300006DDED1A002DDDDD21461D9C03FB0466FE
:10694000B2F90E30A8EB0303002B02DDED1A002D87
:10695000D0DDB2F90C30ACEB0303002B00DDFF1AE5
:106960000D9B1C1AB2F90830A3420DDDA3EB040CF9
:106970000CEB0003181A20F007000444A7EB0C07E7
:1069800006EBE30603F00700002FB3DD1F9BDDF8E5
:1069900074C0CDE9040303968DE82012527C33487D
:1069A0003B4650F82200C26855680A462146A8476F
:1069B000A0E71B990298084409902B49401E0390B8
:1069C0000A68B2F90A30834243DCB2F90E10029829
:1069D00081423EDB4FF0000A0D980B96D0460090A6
:1069E00035E000BFBAF1000F05D10B984FF0080A4F
:1069F00010F8014B0B900599AAEB090A34FA01F043
:106A000004FA09F4E4B204D117490968097C89073A
:106A100017D415490968C96B0A680C921F9A0AB104
:106A200052F82000086000991A980A180846DDE913
:106A30000213521EFEF78CFF0B490C980968C96BB4
:106A4000086000991A9808F1010808440090B845B8
:106A5000C8DB099802901D980BF1010B0644AB4569
:106A6000A7DB47E7A4020020780200209002002064
:106A7000002818D0410817D0810817D0C10817D0B6
:106A8000010917D0410917D0010A17D0410A17D0C0
:106A9000010B15D0C10B13D0010C11D0810C11D0FA
:106AA000000E11D02020704701207047022070474F
:106AB0000320704704207047052070470820704766
:106AC00010207047122070471820704700B5002230
:106AD000FFF7CEFF012804D0811E062903D8082223
:106AE0000BE0012209E0A0F10901072901D81022D9
:106AF00003E011380F2800D82022104600BD000006
:106B00001CB50121084601F069F9222000900120FE
:106B10008DF8040000208DF8060003208DF8050094
:106B200001208DF8070069460348FBF709FA222186
:106B30000148FBF770FA1CBD0000024000BFFEE7F1
:106B40007047000070B5002100230F22C4781CB3E9
:106B5000174C246804F4E064C4F5E064C4F307212E
:106B6000C1F10404E3B20A4144789C40E1B2847864
:106B7000144021430C07210E0E4C05786155047812
:106B800004F01F050124AC4005786D11AD0005F13E
:106B9000E025C5F8004109E0047804F01F05012450
:106BA000AC40054D0678761145F8264070BD0000D2
:106BB0000CED00E000E400E080E100E00249014368
:106BC000024A1160704700000000FA050CED00E079
:106BD00010B500F013F800F0B5FD00F0DDFD00F099
:106BE000FDFD00F085FD00F045FD00F091FE00F098
:106BF00035FE00F05BFE00F002F810BD70477047F4
:106C000006480078012808D105480078FF2804D2FA
:106C100003480078401C024908707047E2000020D9
:106C2000D500002010B500241A480078012830D182
:106C3000F9F76AFB04461848007820B11648007836
:106C4000401E1549087014480078F8B913480078B8
:106C5000E0B900F0BFFE12481249097850F821004F
:106C6000114908600F4800781049097888420DD012
:106C70000D480068806B401C0B49096888630C480C
:106C80000068401C0A490860F9F75EFB2046F9F7E6
:106C90003FFB10BDE2000020D5000020D600002000
:106CA000E0730120D8000020F0000020D700002071
:106CB000BC00002010B500240B480078012811D139
:106CC000F9F722FB04460948007840B908480078E3
:106CD000FF2804D206480078401C05490870204669
:106CE000F9F716FB10BD0000E2000020D5000020DF
:106CF000D600002010B5002413480078012821D1C7
:106D0000F9F702FB044611480078C0B10F4800783B
:106D1000401E0E4908700846007860B90C4800789B
:106D200028B92046F9F7F4FA00F01AFE0AE02046E6
:106D3000F9F7EEFA06E02046F9F7EAFA02E0204613
:106D4000F9F7E6FA10BD0000E2000020D6000020AE
:106D5000D500002070B5054600260F48007808B120
:106D6000002070BDF9F7D0FA06460C4804680068A8
:106D700020B10A4800684068084908603046F9F7C1
:106D8000C7FA3CB1032020702581002060602046B6
:106D900000F061FC2046E4E7D5000020C0000020A0
:106DA00010B50B48007890B900F014FE094800783F
:106DB0000949087009480749097850F8210008492D
:106DC00008600846006807490860F9F7A4FA10BD92
:106DD000E2000020D8000020D7000020E07301204E
:106DE000F0000020E800002010B50024022000F090
:106DF0002BFBF9F789FA044600200B49086020466E
:106E0000F9F786FA642000F01FFBF9F77DFA0446D3
:106E100005480068054908600120054908702046BA
:106E2000F9F776FA10BD0000E4000020CC00002045
:106E3000D4000020704700002DE9FE4F06460F46A3
:106E400090461C464FF00009F9F75EFA81461F484C
:106E5000007828B14846F9F75BFA3C20BDE8FE8F80
:106E60001B4850F8240060BB0120194941F8240058
:106E70004846F9F74DFA002342463946304600F0BD
:106E8000B5F9824600200090019003460246514623
:106E90000290204600F0B4FD054635B90D48007853
:106EA00001280CD100F05CFD09E0F9F72DFA8146CC
:106EB0000020074941F824004846F9F729FA2846F6
:106EC000CCE74846F9F724FA2820C7E7D500002088
:106ED000E0730120E20000202DE9F04F85B08146EB
:106EE0008A4693461C46DDE90F78129D00200390E8
:106EF000F9F70AFA03902348007830B10398F9F7BC
:106F000007FA3C2005B0BDE8F08F1F4850F8240078
:106F100088BB01201C4941F824000398F9F7F8F9CF
:106F20002A464146384600F087FE2B465A465146CF
:106F3000484600F05BF904901198CDE90080029575
:106F40003A4620460E9B049900F05AFD064636B993
:106F50000E48007801280CD100F002FD09E0F9F795
:106F6000D3F903900020084941F824000398F9F769
:106F7000CFF93046C6E7FFE70398F9F7C9F92820AB
:106F8000C0E70000D5000020E0730120E2000020EF
:106F9000704700002DE9F04105460027474800787A
:106FA00010B14020BDE8F0813F2D01D13E20F9E72E
:106FB000F9F7AAF90746FF2D03D14148006890F878
:106FC0003250404850F8254024B93846F9F7A0F926
:106FD0004320E7E7012C04D13846F9F799F93D2021
:106FE000E0E714F8340F3849085C61788843217869
:106FF000354A505414F834091146085C30B994F8F5
:10700000361032480078884330490870E06918B17A
:107010002046E16900F00AFB666A16B1304600F0CE
:1070200055FB0020E06284F8300084F831002848E5
:107030000078FF2804D226480078401C24490870B4
:107040003846F9F765F900F0F0FAF9F75DF9074607
:107050001F48007820B11E480078401E1C49087067
:10706000204600F041F81B480078401E194908707E
:107070000020144941F82500A06930B90020616959
:10708000886115496069086005E0D4E90501486137
:10709000D4E9051088611148006860610F480460F8
:1070A0000FA0E0643846F9F733F90E48007801285C
:1070B00001D100F055FC002074E70000D50000204D
:1070C000E8000020E0730120DA000020D900002051
:1070D000D6000020E3000020F4000020EC00002097
:1070E0003F000000E2000020704770472DE9F041AA
:1070F00006460F4614464FF000081548007818B1B0
:1071000012202070BDE8F081F9F7FEF88046FF2ECE
:1071100003D11048006890F832600F4850F82650AC
:107120002DB94046F9F7F4F843202070EAE7012D25
:1071300005D14046F9F7ECF843202070E2E7EF6410
:107140004046F9F7E5F80020207000BFDAE70000BC
:10715000D5000020E8000020E07301207047704750
:107160002DE9F04707460D464FF0000A0020286041
:107170006860F9F7C9F88246FF2F03D11948006803
:1071800090F83270184850F827402CB95046F9F75B
:10719000BFF84320BDE8F087012C04D15046F9F731
:1071A000B7F84320F6E7207C00F0010020B95046F4
:1071B000F9F7AEF84520EDE70026D4F80C90D4F8A6
:1071C00008805046F9F7A4F800E0761C58F8041B34
:1071D0000029FAD0B0002860A9EB060080006860A2
:1071E0000020D7E7E8000020E073012070B50446D6
:1071F00010460026051F28462E604FF48056051FB6
:1072000028462E601526051F28462E601426051FC9
:1072100028462E601326051F28462E601226051FBD
:1072200028462E601126051F28462E601026051FB1
:1072300028462E600926051F28462E600826051FB1
:1072400028462E600726051F28462E600626051FA5
:1072500028462E600526051F28462E600426051F99
:1072600028462E600326051F28462E600226051F8D
:1072700028462E600126051F28462E600026051F81
:1072800028462E604FF080750560051F28462C604B
:10729000414E051F28462E604FF01236051F284626
:1072A0002E604FF00336051F28462E604FF0023641
:1072B000051F28462E607610051F28462E60051FE4
:1072C000284629603126051F28462E603026051FD6
:1072D00028462E602926051F28462E602826051FD1
:1072E00028462E602726051F28462E602626051FC5
:1072F00028462E602526051F28462E602426051FB9
:1073000028462E602326051F28462E602226051FAC
:1073100028462E602126051F28462E602026051FA0
:1073200028462E601926051F28462E601826051FA0
:1073300028462E601726051F28462E601626051F94
:1073400028462E604FF01136051F28462E604FF05C
:107350001036051F28462E604FF00936051F2846B7
:107360002E604FF00836051F28462E604FF0073676
:10737000051F28462E604FF00636051F28462E6052
:107380004FF00536051F28462E604FF00436051FC6
:1073900028462E6070BD00005D7B00082DE9F0419D
:1073A00005464FF00008F8F7AFFF8046FF2D05D1E6
:1073B0002048006890F83250012608E01D48006817
:1073C00090F83200A84201D1012600E000261A48B8
:1073D00050F825402CB94046F8F79AFF4820BDE800
:1073E000F081012C04D14046F8F792FF4320F6E7E4
:1073F00094F834701148C05D94F8351088430F49F3
:10740000C8550846C05D30B994F836100C4800786D
:1074100088430B49087094F8300040F0080084F865
:1074200030004046F8F774FF012E01D100F098FAC1
:107430000020D4E7E8000020E0730120DA000020FB
:10744000D90000207047000070B505460026174897
:10745000007800B170BD1648007800B1FAE71DB39E
:10746000F8F752FF06461348006890F83440124877
:10747000005D1049096891F8351088430E49085598
:107480000846005D40B90B48006890F836100B487C
:10749000007888430949087006480068C56230468C
:1074A000F8F736FF00F05CFA00BFD3E7D500002004
:1074B000D6000020E8000020DA000020D9000020DB
:1074C0002DE9F04105460E4617461C461248007845
:1074D00010B15520BDE8F0811048007808B1322085
:1074E000F8E74FF47A7060434FF47A71B0FBF1F132
:1074F0004FF461606843C6EB061200EB820038442B
:1075000000EB4002C2EBC01001EBC0084046FFF7A1
:107510009BFF0020DEE70000D5000020D600002001
:1075200070B50025F8F7F0FE0546034804682846C4
:10753000F8F7EEFE204670BD0001002070B5002671
:1075400000F072F8F8F7E0FE064631480068401C8B
:107550002F4908603046F8F7DBFE2E4800780128F6
:1075600053D12D48007820B1012804D0022809D138
:1075700003E001250BE0002509E001250120264953
:10758000087004E0012500202349087000BF00BFF7
:1075900005B970BD2148046833E0F8F7B5FE06462A
:1075A000E06A50B3E06A401EE062E06A28BB94F8EB
:1075B000300000F0370040B114F8300F00F0C80080
:1075C000207001206070303C02E0002084F831001F
:1075D00094F8300000F0080078B93434A0781049ED
:1075E000097808430E49087020780E49085C6178D4
:1075F000084314F834190B4A505464693046F8F7BC
:1076000087FE94F832003F28C7D100BFC1E70000D1
:1076100000010020E2000020F8000020F40000201B
:10762000D9000020DA0000207047704710B590F8AC
:10763000342001F10B039B5C90F83540A34301F12A
:107640000B04A35423469B5C23B98B7A90F83640F5
:10765000A3438B7210BD014600228A72002005E010
:10766000002301F10B021354421CD0B20828F7D3B7
:10767000704700002DE9F0415021114800F03EF91B
:1076800000250DE0681C86B20D4800EB051400EBE8
:1076900006170020207067600AA0E060681C85B2B1
:1076A000042DEFD3064800EB051400202070606025
:1076B00004A0E060024804490860BDE8F0810000D1
:1076C000906F01203F000000C400002030B501464B
:1076D0004A6808682AB9CC68606028B1002545600E
:1076E00002E0106000B142608B6800255D6230BD31
:1076F00070B5C821114800F001F900230FE0581CB3
:1077000085B203EB83000D4901EB800405EB850096
:1077100001EB8006002020706660581C83B2092BA4
:10772000EDD303EB8300054901EB800400202070BA
:10773000606008460249086070BD0000C86E012004
:10774000C000002000200A4908600A4908700A4960
:1077500008700A4908700A4908700A4908600A490D
:1077600008600A4908600A4908600A4908707047B9
:1077700000010020D5000020D6000020E3000020FA
:10778000E2000020BC000020E4000020D000002027
:10779000CC000020D400002000210A4A11700020F3
:1077A00004E00021084A1154411CC8B20828F8D34B
:1077B0000021064A1170064A1170064A1160064AF5
:1077C00011607047D9000020DA000020D7000020A7
:1077D000D8000020F0000020E800002070B54FF431
:1077E0007C71194800F08AF84FF48071174800F056
:1077F00085F8002413E0601CC5B2C4EBC40000EBA4
:107800004000114901EB8003C5EBC50000EB4000CF
:1078100001EB80065E610EA0D864601CC4B20B2C24
:10782000E9D3C4EBC40000EB4000074901EB80033F
:107830000020586106A0D86400200649086002486C
:107840000549086070BD0000E0740120E07301206C
:107850003F000000F4000020EC00002000B587B0DD
:107860000320002180220A4BCDE90132CDE903102B
:107870004FF6FF703F23074A00900748FFF72CFBA5
:1078800006AA06A13F20FFF731FC07B000BD0000AB
:10789000E0710120DC730120357B000875432F4F18
:1078A000532D49492049646C6500000000B587B03C
:1078B0000320002180220A4BCDE90132CDE90310DB
:1078C0004FF6FE703E23074A00900748FFF704FB7F
:1078D00006AA06A13E20FFF709FC07B000BD000084
:1078E000E06F0120DC710120757B000875432F4F8C
:1078F000532D4949205374617400000004E00022B4
:1079000000F8012B4A1E91B20029F8D170470000FF
:107910002DE9F04178211048FFF7F0FF00240DE039
:10792000601C86B204EB44000B4901EBC00506EB7A
:10793000460001EBC0072F60601C84B2042CEFD31B
:1079400004EB4400044901EBC00500202860084610
:1079500002490860BDE8F081D0780120FC000020D9
:1079600010B50024F8F7D0FC044613480078F8B9A5
:1079700012480078E0B900F02DF811481149097853
:1079800050F82100104908600E4800780F49097826
:1079900088420DD00C480068806B401C0A49096879
:1079A00088630B480068401C09490860F8F7C5FC6B
:1079B0002046F8F7ADFC10BDD5000020D600002011
:1079C000E0730120D8000020F0000020D700002044
:1079D000BC0000200649074A1278885C0649095C09
:1079E000034A515C01EBC001044A1170704700006A
:1079F00008990108D9000020DA000020D8000020F2
:107A00002DE9F84F05460F4690469946DDE90AAB49
:107A100000200090F8F778FC00903F480468002CA4
:107A200074D0183454F8040C3B4908600098F8F7F7
:107A30006FFC44F8187CA5760020207660766061A3
:107A400044F814BC44F80CAC44F8108C0C9824F89E
:107A5000080C24F8069C0020E077E810207705F059
:107A60000700E076217F01208840A077E17E012099
:107A70008840607700206060E060A0602062A062C3
:107A80006062E062206325A06063183C002606E087
:107A9000002104F1500040F82610701CC6B2002EE0
:107AA000F6D02046FFF7C6F92046FFF771FAF8F73F
:107AB0002BFC00901A4840F825401A480068606185
:107AC0000020A0611748006810B116480068846162
:107AD000144804603434A0781349097808431249E3
:107AE000087020781149085C6178084314F834194B
:107AF0000E4A50540E480078401C0D4908700098FA
:107B0000F8F706FC0020BDE8F88FFFE70098F8F7CB
:107B1000FFFB4220F7E70000EC0000203F000000E0
:107B2000E0730120F4000020D9000020DA000020DA
:107B3000E3000020002400BF00BFF8F7E5FB044687
:107B400005480068401C044908602046F8F7E0FB3F
:107B5000FFF7CBFAF1E70000E400002010B504487D
:107B60000068FFF7FBFAFF20FFF714FA10BD0000D2
:107B7000E8000020002400BF02E0C820FFF764FCFA
:107B8000194800780028F8D0184800686421B0FB34
:107B9000F1F0164908600846006828B90020144929
:107BA0000870FF20FFF7FAFB00BFF8F7ADFB0446B3
:107BB000104800681049086000200E4908602046FF
:107BC000F8F7A6FB0C48006808490968B0FBF1F01B
:107BD000C0F1640006490870FFF7C1FA00F00EF822
:107BE0006420FFF731FCE0E7D4000020CC00002047
:107BF000C8000020E4000020D00000207CB5002553
:107C000014E069462846FFF7ABFA064666B909480C
:107C100050F8254044B1012C06D0D4E9020100EB14
:107C2000810060640198A064681CC5B23F2DE8D94A
:107C30007CBD0000E073012002F0010343B102F0BB
:107C400002032BB102E0491E002308C00029FAD12B
:107C5000704700000EB5002002900121062000F0C0
:107C6000BDF80220009000208DF8040001208DF85E
:107C7000070069461B48FAF763F94FF4005000907B
:107C800001208DF8040003208DF8050000208DF8F8
:107C9000060069461448FAF753F9F8F7F3FF002095
:107CA0001249086064200EF0EFFA01201049C1F873
:107CB000B40264200EF0E8FA012000F052F801222C
:107CC00002A94FF4506000F01BF89DF8081009A0BD
:107CD000F8F780FB9DF80800802801D100200EBD38
:107CE0000120FCE70004024000080240B4024142C7
:107CF000000041424354502049443A25780D0A007F
:107D00002DE9F04105460F461646F9F777F8B220FF
:107D1000F9F742F8F9F7BCF82812F9F73DF8F9F746
:107D2000B7F8E8B2F9F738F8F9F7B2F8F9F766F802
:107D3000B320F9F731F8F9F7ABF800240BE0711E26
:107D4000A14201D0012100E000210846F8F7F0FF30
:107D50003855601CC4B2B442F1DBF9F775F8BDE8E0
:107D6000F08138B50446002000900CB180200090CE
:107D7000012269464FF4506000F001F838BD2DE94A
:107D8000F04104460E4617464FF00008F9F736F862
:107D9000B220F9F701F8F9F77BF82012F8F7FCFFA9
:107DA000F9F776F8E0B2F8F7F7FFF9F771F8002580
:107DB0000BE0705DF8F7F0FFF9F76AF88046B8F16C
:107DC000000F00D003E0681CC5B2BD42F1DB00BF6C
:107DD000F9F73AF84046BDE8F081000029B1064ABB
:107DE00012680243044B1A6004E0034A126882439B
:107DF000014B1A60704700003038024029B1064A32
:107E000012680243044B1A6004E0034A126882437A
:107E1000014B1A60704700003838024029B1064A09
:107E200012680243044B1A6004E0034A126882435A
:107E3000014B1A60704700004438024029B1064ADD
:107E400012680243044B1A6004E0034A126882433A
:107E5000014B1A607047000024380240F0B5002141
:107E600000220024022500260223324F3F6807F03B
:107E70000C0121B1042905D0082937D105E02E4F86
:107E8000076036E02D4F076033E02A4F3F1F3F6801
:107E9000C7F38056274F3F1F3F6807F03F036EB17F
:107EA000264FB7FBF3F7DFF88CC0ACF1040CDCF81D
:107EB00000C0CCF3881C07FB0CF40CE01E4FB7FB92
:107EC000F3F7DFF870C0ACF1040CDCF800C0CCF3C1
:107ED000881C07FB0CF4174F3F1F3F68C7F301478F
:107EE0007F1C7D00B4FBF5F7076002E0124F0760CE
:107EF00000BF00BF0F4F3F6807F0F0010909104FA6
:107F00007A5C0768D74047600A4F3F6807F4E05142
:107F1000890A0B4F7A5C4768D7408760054F3F68F6
:107F200007F46041490B064F7A5C4768D740C76049
:107F3000F0BD0000083802400024F40000127A006E
:107F40005E0000207CB505460024002000900190D2
:107F500000F0E8F800F0007010B10E2420467CBD5F
:107F60003D49098888B26946F9F7CEFA04460CB152
:107F70002046F4E7012D36D1019800F48020002836
:107F80002ED0354800880004344908603720486006
:107F9000402088600020C860A8020861084600F000
:107FA000FFF83720F8F7B8FF04460CB12046D6E7B3
:107FB00002202A490860062048604020886000208E
:107FC000C8604FF480600861084600F0E9F80620B8
:107FD000F8F7A2FF04460CB12046C0E72046BEE7F2
:107FE00025242046BBE7019800F4803078B31A4876
:107FF00000880004194908603720486040208860E4
:108000000020C8604FF480600861084600F0C8F89E
:108010003720F8F781FF04460CB120469FE7002087
:108020000E49086006204860402088600020C86033
:108030004FF480600861084600F0B2F80620F8F7B7
:108040006BFF04460CB1204689E7204687E7FFE72F
:108050002524204683E700005000002058290020F6
:108060000149086070470000382C01400149086050
:1080700070470000382C014001490860704700003B
:10808000A08025420146034A106820F0FF00084303
:1080900010607047042C01400149086070470000DF
:1080A0008C85254200210B4B02681A601B1D42681B
:1080B0001A601A1D116821F0F701D0E902231A4352
:1080C00003691A4343691A431143024A0832116093
:1080D00070470000242C014010B50121C802FFF7B1
:1080E000ADFE00214FF40060FFF7A8FE10BD0000B8
:1080F00001480068C0B27047102C014001460020C2
:10810000034A12680A400AB1012000E000207047CB
:10811000342C01400248006800F003007047000062
:10812000002C014008B50146002000900248084498
:1081300000900098006808BD142C014010B500F0B4
:1081400049FC10BD29B1064A12680243044B1A606B
:1081500004E0034A12688243014B1A607047000032
:108160003C2C014000210A4A116847F6FF62914306
:10817000027D83681A4343681A43C3681A4303683D
:108180001A4303691A431143014A11607047000002
:10819000042C01400148006870470000802C014019
:1081A0000021094B02681A601A1D11686FF30A0159
:1081B000D0E901231A43C3681A4303691A431143E0
:1081C000014A121D11607047082C014001490860E6
:1081D00070470000002C014070B590B004460E4678
:1081E000154600BF1A48F9F726F80028FAD11848B2
:1081F000F8F76AFF4FF00060019016480290039470
:1082000004950020059006904FF480600790800050
:1082100008908000099000200A904FF440300B90A5
:1082200004200C9003200D904FF400000E9080105D
:108230000F9001A90648F9F709F820210448F8F73A
:10824000EFFF01210248F8F733FF10B070BD0000C6
:1082500058640240802C014070B504460025204837
:108260000078032802D12725284670BD1C480078D5
:1082700038B11B480078012803D01948007802283B
:108280002CD1B4F5805F02D127252846EDE7B4F55F
:10829000006F13D10120FFF755FE0546F5B9002008
:1082A000104908750860486088604FF40060C86035
:1082B000002008610846FFF755FF0FE00020FFF798
:1082C00041FE054655B9002006490875086048601A
:1082D0008860C86008610846FFF744FF2846C4E785
:1082E0004C00002040290020F0B50146002000226B
:1082F000BE4B1B7881F85630BD4B1B88A1F854301B
:10830000BC4B1B681A0E93090B70C2F383034B70AE
:1083100002F003038B70B74B1B68C3F30742CA70AC
:10832000B44B1B88C3F307220A71B24B1A784A7107
:108330005B681A0E1301CB80AE4B5B68C3F3074238
:10834000CB8843EA1213CB8002F00F030B72A94BC8
:108350009B88C3F30722D3094B72C2F380138B723D
:10836000C2F34013CB72C2F300130B7300234B73A1
:108370009E4B1B783BB19D4B1B78012B03D09B4B35
:108380001B78032B4FD193071B0D0B61994B1A7967
:108390000B6943EA82030B61964B9B681A0E0B69CB
:1083A00043EA92130B61C2F3C2030B7502F0070399
:1083B0004B75904B9B68C3F3074253098B75C2F30F
:1083C0008203CB7593075B0F0B768A4B1B89C3F334
:1083D00007220B7E43EAD2130B760B695B1C002449
:1083E000C1E912340B7ED1E912569B1C012404FA18
:1083F00003F3DC17A5FB037C06FB03C305FB043377
:10840000C1E912730C7A0123A3400B650024D1E962
:1084100012650B6DA6FB037C05FB03C306FB04334F
:10842000C1E912732EE0714B1B78022B2AD1714BDC
:108430001A7993069B0A0B616E4B9B681A0E0B69A7
:1084400043EA02230B616B4B9B68C3F307420B6942
:1084500013430B61674B1B89C3F307220B695B1C3A
:108460004FF40074A3FB04464FF480630025A4FB83
:10847000037C06FB03C304FB0533C1E912734FF40D
:1084800000730B65C2F3801301F8193F93065B0E6E
:108490004B70584B1A7A4B7843EAD2134B7002F068
:1084A0007F038B70534BDB681A0ED309CB70C2F37A
:1084B00041130B71C2F382034B7193071B0F8B7136
:1084C0004C4BDB68C3F307428B7943EA92138B7101
:1084D000C2F34013CB7100230B7202F001034B7205
:1084E000444B9B89C3F30722D3098B72C2F38013D9
:1084F000CB72C2F340130B73C2F300134B73C2F37E
:1085000081038B7302F00303CB733A4B1A7B53083E
:108510000B7401234B74384B1B681A0ECA7419393B
:10852000354B1B68C3F307421402CC85324B1B88C2
:10853000C3F30722CB8D1343CB852F4B1A78140638
:108540000C635B681A0E0B6B43EA02440C632A4B04
:108550005B68C3F307420B6B43EA02240C63264BB0
:108560009B88C3F307220B6B13430B63224B1A79CF
:1085700034235A54204B9B681A0E35235A541E4BF1
:108580009B68C3F3074214068C631B4B1B89C3F320
:1085900007228B6B43EA02448C63174B1A7A8B6B6E
:1085A00043EA02248C63144BDB681A0E8B6B134373
:1085B0008B63114BDB68C3F307423C235B5C43EAEC
:1085C00012143C235C5413071C0DCC870A4B9B8967
:1085D000C3F30722CB8F1343CB87074B1A7B540877
:1085E00040235C54012441235C54F0BD4C00002026
:1085F0005000002084290020942900203EB500244A
:1086000001213E48FFF7EAFB0121C802FFF706FC03
:108610000121C802FFF712FC4FF47C5001900220A8
:108620008DF808008DF8090001208DF80B0001A9D4
:108630003348F9F785FC0420019001A93148F9F786
:108640007FFC0C2208212E48F9F7C2FC0C220921DC
:108650002B48F9F7BDFC0C220A212948F9F7B8FC90
:108660000C220B212648F9F7B3FC0C2211462448B2
:10867000F9F7AEFC0C2202212248F9F7A9FC0021EF
:108680004FF40060FFF7DAFB00F00AFDFFF724FD6E
:1086900031208DF8000000208DF801008DF80200D7
:1086A00001208DF803006846FEF74CFA00F0CEF882
:1086B000044614B900F02CF804461CB91248FFF720
:1086C00013FE044634B91049B1F85410080400F000
:1086D00003FD044624B94FF40060FFF7BDFD0446D6
:1086E0001CB10A480078032806D10020FFF7CAFC15
:1086F000002000F00BFD044620463EBD0C0040006B
:1087000000080240000C0240A82900204C00002074
:1087100038B5002401200090FFF7FCFC10B9252497
:10872000204638BD44480078042828D0002043491A
:10873000086002204860C02088600020C8604FF4B4
:10874000806008610846FFF72BFDF8F7FBFB044645
:108750000CB12046E5E70020FFF7E4FC384908604B
:108760000420FFF7DFFC364948600820FFF7DAFCF9
:10877000334988600C20FFF7D5FC3149C8602E488A
:10878000007858B12C480078012807D02A48007892
:10879000062803D028480078022816D1002027494F
:1087A000086003204860402088600020C8604FF4C3
:1087B000806008610846FFF7F3FC69460320F8F77C
:1087C00003FC04460CB12046ABE71B4800780428A4
:1087D0002ED0BDF800001B490860BDF80000000461
:1087E0001649086009204860C02088600020C860E1
:1087F0004FF4806008610846FFF7D2FCF8F7A2FB4F
:1088000004460CB120468CE70020FFF78BFC0E4994
:1088100008600420FFF786FC0B4948600820FFF73A
:1088200081FC094988600C20FFF77CFC0649C86080
:108830000024204675E700004C0000205829002045
:108840009429002050000020842900202DE9F041C7
:108850000024002600250027A046762059490875E7
:108860000020086048608860C86008610846FFF71B
:1088700079FC0320FFF7AAFC0120FFF7FDFB002095
:108880005149086048608860C8604FF480600861A2
:108890000846FFF785FCF8F729FB044614B120468B
:1088A000BDE8F0814FF4D570474908600820486062
:1088B000402088600020C8604FF48060086108464E
:1088C000FFF76EFCF8F7CEFB04462CB901203F49B8
:1088D00008704FF0804812E000203B4908603720C4
:1088E0004860402088600020C8604FF480600861C4
:1088F0000846FFF755FC3720F8F70EFB044600202A
:108900003149086037204860402088600020C860F6
:108910004FF4806008610846FFF742FC3720F8F703
:10892000FBFA0446002C4AD136E0002026490860B4
:1089300037204860402088600020C8604FF4806085
:1089400008610846FFF72CFC3720F8F7E5FA0446E3
:108950000CB12046A4E71E4848EA00001A49086006
:1089600029204860402088600020C8604FF4806063
:1089700008610846FFF714FCF8F70AFB04460CB13F
:1089800020468DE70020FFF7CDFB0646012080EA58
:10899000D67080F001076D1C1FB94FF6FF7085423D
:1089A000C3D34FF6FF70854202D31B24204677E7DE
:1089B00006F08040061E02D00220044908702046BE
:1089C0006EE7000040290020582900204C000020BC
:1089D0000000108010B51148007801280CD100204B
:1089E0000F49086040F24C40091D08600C20F8F760
:1089F00093FA0C49087002E000200A4908704FF40D
:108A00008070FFF733FB00214FF48070FFF79AFB73
:108A10000120054908700348007810BD550000206A
:108A2000082C014056000020570000202DE9F84F87
:108A30008146174698460A9C4FF0000AD3464D4699
:108A40004FF0FF36B9F1000F02D12620BDE8F88FB4
:108A500000209549086095480078022805D1040255
:108A6000780A40EAC8574FEA682800209049886091
:108A70004860401E0860012048610020C86008610D
:108A80000846FFF70FFB88481838006800F00070B0
:108A900008B10E20DAE7002C21DDB4F5006F1EDCF2
:108AA000601E2040D8B920460DF0BAFB00908148E6
:108AB000046010207F494860402088600020C86022
:108AC0004FF4806008610846FFF76AFB1020F8F752
:108AD00023FA8246BAF1000F03D05046B6E72620AB
:108AE000B4E70098000172498860084644604FF07E
:108AF000FF300860012048610220C8600020086142
:108B00000846FFF7CFFA6B480760112069494860B3
:108B1000402088600020C8604FF4806008610846EB
:108B2000FFF73EFB1120F8F7F7F98246BAF1000F84
:108B300001D050468AE76048007800287AD1F7F7DC
:108B4000A2FB19E058480830006800F4004078B1F2
:108B50004FF0000B06E054485430006845F82B00F5
:108B60000BF1010BBBF1080FF5D32035534E03E099
:108B70000EB904206AE7761E4B480830006840F2C0
:108B80002A6108400028DDD047480830006800F01E
:108B9000080048B144480C30006840F008004249E1
:108BA0000C310860042051E73F480830006800F0AD
:108BB000020048B13C480C30006840F002003A49DD
:108BC0000C310860022041E737480830006800F0A7
:108BD000200048B134480C30006840F02000324991
:108BE0000C310860062031E72F480830006800F497
:108BF000007048B12C480C30006840F400702A49DD
:108C00000C310860072021E704E027485430006851
:108C100028602D1D24480830006800F4001000284A
:108C2000F3D1F7F732FB40F2FF501F490C310860D7
:108C300037E0FFE720480078012832D100202049A2
:108C400008702049087020490870174810300068E3
:108C500040F22A3108431449103108601248006874
:108C600040F0080010490860002221464846FFF7FE
:108C7000B3FA00E0761E1548006800F0006038B9CD
:108C80001148007820B90E48007808B9002EF1D1BB
:108C90000EB90420DAE60A48007810B1084890F8C6
:108CA00000A05046D2E600002C2C01404C000020D1
:108CB0006C2900205829002054000020FFFF0700E5
:108CC000560000205500002057000020006402409C
:108CD0002DE9FE4F83460E46914600200290002566
:108CE00034462148007818B1680240EAD45564023D
:108CF0000BF00300F0B14FF0000A18E04FF40070E1
:108D000000904FEA4A20071945EBE0733A461748AE
:108D1000FFF78CFE02904FF4007214495846F7F7A3
:108D20005FFC0BF5007B0AF1010000F0FF0ACA4569
:108D3000E4DB16E0B9F1010F09D14FF400702246CF
:108D40002B4600905846FFF771FE029009E04FF461
:108D5000007022462B46CDE90009584600F008F87D
:108D600002900298BDE8FE8F4C000020002A0020EF
:108D70002DE9FF5F17469846DDE90E464FF00009E2
:108D8000CA464FF0FF35BB49009808600020BA4939
:108D90000860BA480078022805D10402780A40EA3F
:108DA000C8574FEA68280020B54988604860401ECF
:108DB0000860012048610020C86008610846FFF78C
:108DC00071F9AD481838006800F0007018B10E2035
:108DD00004B0BDE8F09F002C21DDB4F5006F1EDC6F
:108DE000601E2040D8B920460DF01AFA8346A548E7
:108DF00004601020A3494860402088600020C860BB
:108E00004FF4806008610846FFF7CAF91020F8F7B0
:108E100083F88146B9F1000F03D04846D8E72620F1
:108E2000D6E7012E70D906FB04F0B0F1007F01D324
:108E30002620CDE74FEA0B109149886006FB04F02D
:108E400048604FF0FF300860012048610220C86090
:108E5000002008610846FFF725F98A4807601220BC
:108E600088494860402088600020C8604FF48060D6
:108E700008610846FFF794F91220F8F74DF881468B
:108E8000B9F1000F01D04846A2E77F4800780028DA
:108E90007ED1F7F7F8F91FE077480830006800F452
:108EA0000040A8B14FF0000A08E073485430006851
:108EB0007049096841F82A000AF1010ABAF1080F5D
:108EC000F3D36C48006820306A4908606F4D03E0B6
:108ED0000DB904207CE76D1E67480830006840F239
:108EE0002A3108400028D7D063480830006800F0D5
:108EF000080050B160480C30006840F008005E493E
:108F00000C310860042063E7B1E05B48083000687A
:108F100000F0020048B158480C30006840F00200F0
:108F200055490C310860022052E753480830006868
:108F300000F0200048B150480C30006840F020009C
:108F40004D490C310860062042E74B480830006864
:108F500000F4007048B148480C30006840F40070DC
:108F600045490C310860072032E70AE04248543096
:108F700000684049096808603E480068001D3D4996
:108F800008603D480830006800F40010002800E048
:108F900031E0EBD138480830006800F4807010B33D
:108FA0003648007838B135480078012803D0334876
:108FB0000078022817D10020324908600C20486050
:108FC000402088600020C8604FF480600861084637
:108FD000FFF7E6F80C20F7F79FFF8146B9F1000F85
:108FE00001D04846F4E6F7F750F940F2FF50224925
:108FF0000C3108603BE024480078012837D100207C
:109000002349087001202349087000202249087074
:1090100019481030006840F22A31084316491031CF
:1090200008601548006840F008001349086006FB16
:1090300004F100220098FFF7CFF800E06D1E1748FA
:10904000006800F0006008B9002DF7D10DB90420C8
:10905000BEE600BF1048007818B90D480078002817
:10906000F8D00B48007810B1094890F800904846B5
:10907000AEE60000580000202C2C01404C000020DF
:109080006C2900205829002054000020FFFF070011
:1090900056000020550000205700002000640240C8
:1090A00000200B490860091D0860091D0860091DA2
:1090B0000860074924310860091D0860091D08601F
:1090C00004480349383108600020091D08607047D2
:1090D000002C0140FF07C00070B5044600250A4877
:1090E0000460072008494860402088600020C8606C
:1090F0004FF4806008610846FFF752F80720F7F741
:109100000BFF0546284670BD582900200146002067
:10911000012900D011B9024B197000E026207047D8
:10912000540000202DE9FF5F86B017469846149D35
:10913000002600200590049000248146039082467A
:1091400002900195DDF818B0DDF818B0BBF1000F02
:1091500003D126200AB0BDE8F09F0020C549086071
:10916000C54988604860401E0860012048610020B1
:10917000C86008610846FEF795FFBE4818380068C9
:1091800000F0007008B10E20E4E7BC480078022827
:1091900005D10502780A40EAC8574FEA6828002D31
:1091A0001FDDB5F5006F1CDC681E2840C8B92846D5
:1091B0000DF036F80590B24805601020B0494860BF
:1091C000402088600020C8604FF480600861084635
:1091D000FEF7E6FF1020F7F79FFE06461EB1304669
:1091E000B8E72620B6E7A74800880004A44908602D
:1091F0000D204860402088600020C8604FF48060E7
:1092000008610846FEF7CCFF0D20F7F785FE0646FD
:109210000EB130469EE797481838006803904FF02B
:10922000FF341CE0641E97480088000494490860DD
:109230000D204860402088600020C8604FF48060A6
:1092400008610846FEF7ACFF0D20F7F765FE0646FD
:109250000EB130467EE787481838006803900398BF
:1092600000F4807008B9002CDCD10CB9292071E71A
:1092700083480760182082494860402088600020A9
:10928000C8604FF4806008610846FEF789FF182027
:10929000F7F742FE06460EB130465BE700207A49FA
:1092A00008700598000174498860084645604FF0D1
:1092B000FF300860012048610020C860086108464E
:1092C000FEF7F0FE4FF0FF347048007800287ED1A2
:1092D000F6F7D9FF45E067480830006800F48040A1
:1092E000D0B30198A0EB0900202822D20198A0EB6E
:1092F000090000F0030020B90198A0EB09008008E4
:1093000004E00198A0EB09008008401C02904FF097
:10931000000A0AE057495431DBF8000008600AF1FE
:10932000010A0BF1040B09F1040902988245F1D3FB
:1093300010E04FF0000A06E05BF82A004D49543176
:1093400008600AF1010ABAF1080FF5D30BF1200BFE
:1093500009F120094E4C04E0FFE70CB90420F9E6BE
:10936000641E44480830006840F21A610840002832
:10937000B1D00820FEF7C2FE20B10820FEF770FE33
:109380000420E7E60220FEF7B9FE20B10220FEF736
:1093900067FE0220DEE61020FEF7B0FE20B11020AE
:1093A000FEF75EFE0520D5E64FF40070FEF7A6FE40
:1093B00030B14FF40070FEF753FE0720CAE606E016
:1093C000F6F763FF40F2FF50FEF74AFE3AE02F48FF
:1093D0000078012836D100202E4908702A490870EB
:1093E0002D490870012140F21A30FEF7ABFE4022F1
:1093F00029460698FEF7F0FE0120FEF74DFE00E03C
:10940000641E2648006800F0006008B9002CF7D1FF
:109410001CB9FFF7F3F804209CE64FF0FF3400E09E
:10942000641E1D48007820B91A48007808B9002C3D
:10943000F6D10CB904208DE61648007810B1154815
:10944000007887E640F2FF50FEF70AFE04A8FBF71B
:1094500019FE064603E004A8FBF714FE06463EB9D3
:109460009DF810000728F6D09DF810000628F2D0CD
:1094700030466FE62C2C01406C2900204C00002067
:1094800058290020500000205500002054000020E2
:10949000FFFF070056000020570000200064024034
:1094A0002DE9FE4F0646894692460020029000258F
:1094B0004C462148007818B1680240EAD45564024D
:1094C00006F00300F0B14FF0000B18E04FF400720B
:1094D00031461A48F7F784F84FF4007000904FEACD
:1094E0004B20071945EBE0733A461448FFF71AFE84
:1094F000029006F500760BF1010000F0FF0BD3455A
:10950000E4DB16E0BAF1010F09D14FF400702246F6
:109510002B4600903046FFF705FE029009E04FF41D
:10952000007022462B46CDE9000A304600F008F8CC
:1095300002900298BDE8FE8F4C000020002A002017
:109540002DE9FF5F84B0DDE912470026002003907B
:109550000290002580468146019007FB04FBDDF860
:1095600010A0DDF810A0BAF1000F03D1262008B03A
:10957000BDE8F09F0020D8490860D849886048605D
:10958000401E0860012048610020C860086108464C
:10959000FEF788FDD0481838006800F0007008B168
:1095A0000E20E4E7CE480078022808D10402DDE965
:1095B0000601400A40EAC1504912CDE90601002CDB
:1095C0001FDDB4F5006F1CDC601E2040C8B92046CA
:1095D0000CF026FE0390C34804601020C149486087
:1095E000402088600020C8604FF480600861084611
:1095F000FEF7D6FD1020F7F78FFC06461EB1304669
:10960000B5E72620B3E7012F6FD907FB04F0B0F1CF
:10961000007F01D32620AAE7B148007838B1B048CE
:109620000078012803D0AE48007802282DD1AE483A
:1096300000880004AB4908603720486040208860FB
:109640000020C8604FF4806008610846FEF7A8FD5E
:109650003720F7F761FC06460EB1304687E7A14890
:10966000076017209F494860402088600020C8603C
:109670004FF4806008610846FEF792FD1720F7F767
:109680004BFC06460EB1304671E7964906980860D5
:1096900019204860402088600020C8604FF4806036
:1096A00008610846FEF77CFD1920F7F735FC0646F1
:1096B0000EB130465BE7039800018849886007FBDC
:1096C00004F048604FF0FF3008600120486100203E
:1096D000C86008610846FEF7E5FC84480078002869
:1096E00074D1451EF6F7CFFD42E0DDE07A48083040
:1096F000006800F48040B0B3ABEB080020281FD214
:10970000ABEB080000F0030018B9ABEB08008008D1
:1097100003E0ABEB08008008401C01904FF000090B
:109720000AE06D495431DAF80000086009F10109D6
:109730000AF1040A08F1040801988145F1D310E008
:109740004FF0000906E05AF82900634954310860D7
:1097500009F10109B9F1080FF5D30AF1200A08F15E
:109760002008634D04E0FFE70DB90420FFE66D1EFD
:1097700059480830006840F21A3108400028B5D036
:109780000820FEF7BBFC20B10820FEF769FC04208E
:10979000EDE60220FEF7B2FC20B10220FEF760FCED
:1097A0000220E4E61020FEF7A9FC20B11020FEF70D
:1097B00057FC0520DBE64FF40070FEF79FFC30B14C
:1097C0004FF40070FEF74CFC0720D0E62CE04FF47D
:1097D0008070FEF793FC00B34148007838B14048F0
:1097E0000078012803D03E480078022815D10020D7
:1097F0003C4908600C204860402088600020C86018
:109800004FF4806008610846FEF7CAFC0C20F7F7A9
:1098100083FB06460EB13046A9E6F6F736FD40F268
:10982000FF50FEF71DFC3FE03048007801283BD197
:1098300000203049087001202F49087000202F496E
:109840000870012140F21A30FEF77CFC07FB04F19E
:1098500040220498FEF7C0FC0120FEF71DFC4FF0EB
:10986000FF3500E06D1E2648006800F0006008B972
:10987000002DF7D11DB9FEF7C1FE042077E64FF0A9
:10988000FF3500E06D1E1D48007820B919480078AA
:1098900008B9002DF6D10DB9042068E61548007806
:1098A00010B11448007862E640F2FF50FEF7D8FB92
:1098B00002A8FBF7E7FB064603E002A8FBF7E2FB82
:1098C00006463EB99DF808000728F6D09DF8080026
:1098D0000628F2D030464AE62C2C01406C290020A4
:1098E0004C00002058290020500000205400002087
:1098F000FFFF070056000020550000205700002001
:109900000064024000B587B001210846FEF766FA00
:1099100001210803FEF782FA3820059002208DF815
:10992000180000208DF81A0003208DF8190001207E
:109930008DF81B0005A92248F8F702FB0522032138
:109940001F48F8F745FB052204211D48F8F740FBA6
:10995000052211461A48F8F73BFB01210803FEF7E0
:109960006DFA00214FF48050FEF768FA0020ADF840
:1099700000004FF48270ADF802000020ADF8040042
:109980000220ADF806000120ADF808004002ADF855
:109990000A003820ADF80C000020ADF80E000720BA
:1099A000ADF810006946074800F058F80121054855
:1099B00000F03AF8FF2000F007F807B000BD000003
:1099C000000402400030014010B5044600BF0221EF
:1099D0000A4800F035F80028F9D02146074800F081
:1099E0003BF800BF0121054800F02AF80028F9D013
:1099F000024800F02EF8C0B210BD00000030014057
:109A000010B50446074800884FF6C771084005495D
:109A1000088008460088204308800121014800F0A2
:109A200003F810BD0030014021B1028842F040022D
:109A3000028004E002884FF6BF731A40028070472C
:109A40000246002013890B400BB1012000E00020EA
:109A500070470146888970478181704710B50022A0
:109A6000028802F441520B884C8823438C8823439C
:109A7000CC8823430C8923434C8923438C8923437B
:109A8000CC8923431A430280838B4FF2FF74234017
:109A900083830B8A038210BD704700000CB5002041
:109AA000019000903448006840F4803032490860EA
:109AB00000BF3148006800F4003000900198401C5D
:109AC0000190009818B90198B0F5A04FF1D12A483B
:109AD000006800F4003010B10120009001E0002087
:109AE00000900098012846D123484030006840F09B
:109AF00080502149403108602048006840F44040CF
:109B00001E4908601C48083000681B49083108607D
:109B10000846006840F4004008600846006840F4C9
:109B2000A05008601648091F0860081F006840F030
:109B30008070091F086000BF0F48006800F00070C7
:109B40000028F9D040F205700E4908600A48083034
:109B5000006820F0030008490831086008460068E2
:109B600040F00200086000BF03480830006800F0C1
:109B70000C000828F8D10CBD0038024000700040ED
:109B800008544007003C0240042808D14FF0E0216F
:109B9000096941F004014FF0E022116107E04FF044
:109BA000E021096921F004014FF0E02211617047C2
:109BB00010B5FDF725F8FDF7C1FCFDF733F810BD32
:109BC00010B51548006840F4700013490860134848
:109BD000006840F001001149086000200F49083179
:109BE00008600E4800680E4908400C4908600D489E
:109BF000091D0860081F006820F48020091F086004
:109C0000002006490C310860FFF748FF4FF0006064
:109C100001498039086010BD88ED00E0003802403D
:109C2000FFFFF6FE1030002400B5A1B00020209008
:109C300001217A20FEF7D2F801210846FEF7DEF86E
:109C400002201E9001208DF87C0000208DF87E00FF
:109C500002208DF87D0001208DF87F001EA9FE48AE
:109C6000F8F76EF94EF2B3701E9002208DF87C006A
:109C700000208DF87E0003208DF87D0001208DF8F6
:109C80007F001EA9F548F8F75BF94FF680701E902B
:109C900002208DF87C0000208DF87E0003208DF8D6
:109CA0007D0001208DF87F001EA9ED48F8F748F9E6
:109CB0000C220021E948F8F78BF90C220121E74832
:109CC000F8F786F90C220421E448F8F781F90C2210
:109CD0000521E248F8F77CF90C220721DF48F8F764
:109CE00077F90C220821DD48F8F772F90C220921D6
:109CF000DA48F8F76DF90C220A21D848F8F768F924
:109D00000C220D21D548F8F763F90C220E21D34817
:109D1000F8F75EF90C220F21D048F8F759F90C2218
:109D20000721CF48F8F754F90C220821CC48F8F75E
:109D30004FF90C220921CA48F8F74AF90C220A21E6
:109D4000C748F8F745F90C220B21C548F8F740F948
:109D50000C221146C248F8F73BF90C220D21C048ED
:109D6000F8F736F90C220E21BD48F8F731F90C222C
:109D70000F21BB48F8F72CF90F200890002009901C
:109D800018200A9000200B900C900D900E90082047
:109D9000019000200290082003900020049005907C
:109DA000069007900F9010901190102012900020B4
:109DB000139014901590169017904FF480501890AF
:109DC000002019904FF480401A9000201B9008A8A2
:109DD0001C9001A81D900FA8F7F722FB012100207D
:109DE000F7F704FB32200CF04FFA01210020FCF7BA
:109DF00079FC32200CF048FA0020FCF777F89949FA
:109E0000888008468088FF280ADB084680884FF64D
:109E1000FF71884204D093488088B0F5134F7CD1FD
:109E2000D320FCF749FCFBF7E1FE8E498880FBF765
:109E3000DDFE8C498880FBF7D9FE8A498880084678
:109E400080884FF6FF7101EA002086498880FBF781
:109E5000CDFE8449898808438249888008468088E5
:109E600049F24131884278D0BF20FCF725FCFBF74E
:109E7000BDFE7C498880FBF7B9FE7A498880FBF7F4
:109E8000B5FE78498880FBF7B1FE764988800846A0
:109E900080884FF6FF7101EA002072498880FBF745
:109EA000A5FE7049898808436E49888008468088E5
:109EB00046F60401884250D0D420FCF7FDFBFBF7A6
:109EC00095FE68498880FBF791FE66498880FBF71C
:109ED0008DFE64498880084680884FF6FF7101EA4C
:109EE000002060498880FBF781FE5E49898808432D
:109EF0005C4988800846808845F2103188422CD021
:109F00004FF45A40FCF7D8FBFBF770FE55498880A8
:109F10004FF45B40FCF7D0FB00E01EE0FBF766FE71
:109F200050498880084680884FF6FF7101EA00207A
:109F30004C4988804FF45C40FCF7BEFBFBF756FEB3
:109F40004849898808434749888008468088B0F591
:109F5000004F02D145F2105088804248808849F273
:109F6000413188420BD03F48808845F21031884209
:109F700005D03C48808845F21051884208D1032022
:109F800001900220039001210620F7F72FFA13E039
:109F90003448808846F60401884205D031488088DC
:109FA0004CF20551884207D10A2001900C20039001
:109FB00001210620F7F71AFA2A4881882AA0F6F725
:109FC00009FA2848808849F2413188427DD1CF2062
:109FD000FCF772FB0020FCF763FB2098401C2090EC
:109FE000C120FCF75DFB3020FCF75AFBED20FCF7AD
:109FF00063FB6420FCF754FB0320FCF751FB1220A9
:10A00000FCF74EFB8120FCF74BFBE820FCF754FBF0
:10A010008520FCF745FB1020FCF742FB7A20FCF77B
:10A020003FFBCB20FCF748FB3920FCF739FB2C2009
:10A03000FCF736FB0020FCF733FB3420FCF730FB49
:10A040000220FCF72DFBF720FCF736FB2020FCF765
:10A0500027FBEA200EE0000000040240000C024052
:10A06000001002402C2900204C43442049443A254A
:10A07000780D0A00FCF720FB0020FCF711FB002004
:10A08000FCF70EFBC020FCF717FB1B20FCF708FBBE
:10A09000C120FCF711FB0120FCF702FBC520FCF7F7
:10A0A0000BFB3020FCF7FCFA3020FCF7F9FAC72054
:10A0B000FCF702FBB720FCF7F3FA3620FCF7FCFABA
:10A0C0004820FCF7EDFA3A2000E0ABE0FCF7F4FAA8
:10A0D0005520FCF7E5FAB120FCF7EEFA0020FCF77A
:10A0E000DFFA1A20FCF7DCFAB620FCF7E5FA0A20C2
:10A0F000FCF7D6FAA220FCF7D3FAF220FCF7DCFA40
:10A100000020FCF7CDFA2620FCF7D6FA0120FCF758
:10A11000C7FAE020FCF7D0FA0F20FCF7C1FA2A209A
:10A12000FCF7BEFA2820FCF7BBFA0820FCF7B8FAC7
:10A130000E20FCF7B5FA0820FCF7B2FA5420FCF721
:10A14000AFFAA920FCF7ACFA4320FCF7A9FA0A20E1
:10A15000FCF7A6FA0F20FCF7A3FA0020FCF7A0FA00
:10A160000020FCF79DFA0020FCF79AFA0020FCF78B
:10A1700097FAE120FCF7A0FA0020FCF791FA1520ED
:10A18000FCF78EFA1720FCF78BFA0720FCF788FA09
:10A190001120FCF785FA0620FCF782FA2B20FCF749
:10A1A0007FFA5620FCF77CFA3C20FCF779FA052070
:10A1B000FCF776FA1020FCF773FA0F20FCF770FA20
:10A1C0003F20FCF76DFA3F20FCF76AFA0F20FCF7FE
:10A1D00067FA2B20FCF770FA0020FCF761FA0020E8
:10A1E000FCF75EFA0120FCF75BFA3F20FCF758FA17
:10A1F0002A20FCF761FA0020FCF752FA0020FCF755
:10A200004FFA0020FCF74CFAEF20FCF749FA112036
:10A21000FCF752FA78200CF037F82920FCF74CFABA
:10A2200003F05CB8FE48808846F6040188427CD181
:10A230001120FCF741FA14200CF026F8D020FCF78E
:10A240003BFA0720FCF72CFA4220FCF729FA1D20E4
:10A25000FCF726FAD120FCF72FFA0020FCF720FAB1
:10A260001A20FCF71DFA0920FCF71AFAD220FCF795
:10A2700023FA0120FCF714FA2220FCF711FAC0207F
:10A28000FCF71AFA1020FCF70BFA3B20FCF708FA4F
:10A290000020FCF705FA0220FCF702FA1120FCF777
:10A2A000FFF9C520FCF708FA0320FCF7F9F9C820EC
:10A2B000FCF702FA0020FCF7F3F92520FCF7F0F98F
:10A2C0002120FCF7EDF90520FCF7EAF90020FCF766
:10A2D000E7F90A20FCF7E4F96520FCF7E1F925200D
:10A2E000FCF7DEF97720FCF7DBF95020FCF7D8F912
:10A2F0000F20FCF7D5F90020FCF7D2F9F820FCF785
:10A30000DBF90120FCF7CCF9FE20FCF7D5F90020A1
:10A31000FCF7C6F90220FCF7C3F92020FCF7CCF9C2
:10A320003620FCF7C9F9082000E02CE0FCF7B8F96A
:10A330003A20FCF7C1F95520FCF7B2F92B20FCF7C5
:10A34000BBF90020FCF7ACF90020FCF7A9F90120CB
:10A35000FCF7A6F93F20FCF7A3F92A20FCF7ACF99B
:10A360000020FCF79DF90020FCF79AF90120FCF78A
:10A3700097F9DF20FCF794F978200BF085FF29206E
:10A38000FCF79AF94CE7A648808845F210318842DC
:10A3900040F07C87ED20FCF78FF90120FCF780F975
:10A3A000FE20FCF77DF9EE20FCF786F9DE20FCF7B5
:10A3B00077F92120FCF774F9F120FCF77DF90120F1
:10A3C000FCF76EF9DF20FCF777F91020FCF768F94D
:10A3D000C420FCF771F98F20FCF762F9C620FCF766
:10A3E0006BF90020FCF75CF9E220FCF759F9E22058
:10A3F000FCF756F9E220FCF753F9BF20FCF75CF9B3
:10A40000AA20FCF74DF9B020FCF756F90D20FCF717
:10A4100047F90020FCF744F90D20FCF741F9002032
:10A42000FCF73EF91120FCF73BF90020FCF738F966
:10A430001920FCF735F90020FCF732F92120FCF750
:10A440002FF90020FCF72CF92D20FCF729F900202A
:10A45000FCF726F93D20FCF723F90020FCF720F952
:10A460005D20FCF71DF90020FCF71AF95D20FCF7D0
:10A4700017F90020FCF714F9B120FCF71DF9802032
:10A48000FCF70EF90020FCF70BF98B20FCF708F91C
:10A490000020FCF705F99620FCF702F90020FCF7F4
:10A4A000FFF8B220FCF708F90020FCF7F9F80020CB
:10A4B000FCF7F6F80220FCF7F3F80020FCF7F0F8C0
:10A4C0000320FCF7EDF80020FCF7EAF8B320FCF7D6
:10A4D000F3F80020FCF7E4F80020FCF7E1F8002096
:10A4E000FCF7DEF80020FCF7DBF80020FCF7D8F8DA
:10A4F0000020FCF7D5F80020FCF7D2F80020FCF78C
:10A50000CFF80020FCF7CCF80020FCF7C9F80020B9
:10A51000FCF7C6F80020FCF7C3F80020FCF7C0F8F1
:10A520000020FCF7BDF80020FCF7BAF80020FCF78B
:10A53000B7F80020FCF7B4F80020FCF7B1F80020D1
:10A54000FCF7AEF80020FCF7ABF80020FCF7A8F809
:10A550000020FCF7A5F80020FCF7A2F80020FCF78B
:10A560009FF8B420FCF7A8F88B20FCF799F800209E
:10A57000FCF796F89620FCF793F80020FCF790F88B
:10A58000A120FCF78DF80020FCF78AF8B520FCF735
:10A5900093F80220FCF784F80020FCF781F80320F0
:10A5A000FCF77EF80020FCF77BF80420FCF778F835
:10A5B0000020FCF775F8B620FCF77EF80020FCF7C9
:10A5C0006FF80020FCF76CF8B720FCF775F8002056
:10A5D000FCF766F80020FCF763F83F20FCF760F812
:10A5E0000020FCF75DF85E20FCF75AF80020FCF72D
:10A5F00057F86420FCF754F80020FCF751F88C2041
:10A60000FCF74EF80020FCF74BF8AC20FCF748F8BC
:10A610000020FCF745F8DC20FCF742F8002001E0C0
:10A620002C290020FCF73CF87020FCF739F80020BA
:10A63000FCF736F89020FCF733F80020FCF730F8F0
:10A64000EB20FCF72DF80020FCF72AF8DC20FCF7C3
:10A6500027F80020FCF724F8B820FCF72DF800209C
:10A66000FCF71EF80020FCF71BF80020FCF718F898
:10A670000020FCF715F80020FCF712F80020FCF78A
:10A680000FF80020FCF70CF80020FCF709F8BA20BE
:10A69000FCF712F82420FCF703F80020FCF700F880
:10A6A0000020FBF7FDFF0020FBF7FAFFC120FCF7BD
:10A6B00003F82020FBF7F4FF0020FBF7F1FF542004
:10A6C000FBF7EEFF0020FBF7EBFFFF20FBF7E8FFB7
:10A6D0000020FBF7E5FFC220FBF7EEFF0A20FBF7A7
:10A6E000DFFF0020FBF7DCFF0420FBF7D9FF002091
:10A6F000FBF7D6FFC320FBF7DFFF3C20FBF7D0FFC3
:10A700000020FBF7CDFF3A20FBF7CAFF0020FBF744
:10A71000C7FF3920FBF7C4FF0020FBF7C1FF37203C
:10A72000FBF7BEFF0020FBF7BBFF3C20FBF7B8FFA9
:10A730000020FBF7B5FF3620FBF7B2FF0020FBF748
:10A74000AFFF3220FBF7ACFF0020FBF7A9FF2F2063
:10A75000FBF7A6FF0020FBF7A3FF2C20FBF7A0FFD1
:10A760000020FBF79DFF2920FBF79AFF0020FBF755
:10A7700097FF2620FBF794FF0020FBF791FF242092
:10A78000FBF78EFF0020FBF78BFF2420FBF788FFF1
:10A790000020FBF785FF2320FBF782FF0020FBF75B
:10A7A0007FFF3C20FBF77CFF0020FBF779FF362082
:10A7B000FBF776FF0020FBF773FF3220FBF770FFFB
:10A7C0000020FBF76DFF2F20FBF76AFF0020FBF74F
:10A7D00067FF2C20FBF764FF0020FBF761FF2920B7
:10A7E000FBF75EFF0020FBF75BFF2620FBF758FF1F
:10A7F0000020FBF755FF2420FBF752FF0020FBF75A
:10A800004FFF2420FBF74CFF0020FBF749FF2320DC
:10A81000FBF746FF0020FBF743FFC420FBF74CFF8C
:10A820006220FBF73DFF0020FBF73AFF0520FBF716
:10A8300037FF0020FBF734FF8420FBF731FF0020B7
:10A84000FBF72EFFF020FBF72BFF0020FBF728FF84
:10A850001820FBF725FF0020FBF722FFA420FBF7C1
:10A860001FFF0020FBF71CFF1820FBF719FF00203B
:10A87000FBF716FF5020FBF713FF0020FBF710FF3C
:10A880000C20FBF70DFF0020FBF70AFF1720FBF75A
:10A8900007FF0020FBF704FF9520FBF701FF0020D6
:10A8A000FBF7FEFEF320FBF7FBFE0020FBF7F8FEB4
:10A8B000E620FBF7F5FE0020FBF7F2FEC520FBF7D4
:10A8C000FBFE3220FBF7ECFE0020FBF7E9FE442004
:10A8D000FBF7E6FE0020FBF7E3FE6520FBF7E0FE5A
:10A8E0000020FBF7DDFE7620FBF7DAFE0020FBF709
:10A8F000D7FE8820FBF7D4FE0020FBF7D1FEC62050
:10A90000FBF7DAFE2020FBF7CBFE0020FBF7C8FEAA
:10A910001720FBF7C5FE0020FBF7C2FE0120FBF766
:10A92000BFFE0020FBF7BCFEC720FBF7C5FE0020E2
:10A93000FBF7B6FE0020FBF7B3FE0020FBF7B0FEEE
:10A940000020FBF7ADFEC820FBF7B6FE0020FBF7AA
:10A95000A7FE0020FBF7A4FE0020FBF7A1FE0020CD
:10A96000FBF79EFEC920FBF7A7FE0020FBF798FE31
:10A970000020FBF795FE0020FBF792FE0020FBF77E
:10A980008FFE0020FBF78CFE0020FBF789FE0020E5
:10A99000FBF786FE0020FBF783FE0020FBF780FE1E
:10A9A0000020FBF77DFE0020FBF77AFE0020FBF77E
:10A9B00077FE0020FBF774FE0020FBF771FE0020FD
:10A9C000FBF76EFE0020FBF76BFEE020FBF774FE4A
:10A9D0001620FBF765FE0020FBF762FE1C20FBF74C
:10A9E0005FFE0020FBF75CFE2120FBF759FE0020F4
:10A9F000FBF756FE3620FBF753FE0020FBF750FE18
:10AA00004620FBF74DFE0020FBF74AFE5220FBF7E5
:10AA100047FE0020FBF744FE6420FBF741FE0020C8
:10AA2000FBF73EFE7A20FBF73BFE0020FBF738FEEB
:10AA30008B20FBF735FE0020FBF732FE9920FBF759
:10AA40002FFE0020FBF72CFEA820FBF729FE00209C
:10AA5000FBF726FEB920FBF723FE0020FBF720FEC4
:10AA6000C420FBF71DFE0020FBF71AFECA20FBF7EF
:10AA700017FE0020FBF714FED220FBF711FE00208A
:10AA8000FBF70EFED920FBF70BFE0020FBF708FEBC
:10AA9000E020FBF705FE0020FBF702FEF320FBF7AA
:10AAA000FFFD0020FBF7FCFDE120FBF705FE162073
:10AAB000FBF7F6FD0020FBF7F3FD1C20FBF7F0FD94
:10AAC0000020FBF7EDFD2220FBF7EAFD0020FBF75D
:10AAD000E7FD3620FBF7E4FD0020FBF7E1FD452014
:10AAE000FBF7DEFD0020FBF7DBFD5220FBF7D8FD76
:10AAF0000020FBF7D5FD6420FBF7D2FD0020FBF71B
:10AB0000CFFD7A20FBF7CCFD0020FBF7C9FD8B20A1
:10AB1000FBF7C6FD0020FBF7C3FD9920FBF7C0FD46
:10AB20000020FBF7BDFDA820FBF7BAFD0020FBF7D6
:10AB3000B7FDB920FBF7B4FD0020FBF7B1FDC42041
:10AB4000FBF7AEFD0020FBF7ABFDCA20FBF7A8FD2D
:10AB50000020FBF7A5FDD220FBF7A2FD0020FBF7AC
:10AB60009FFDD820FBF79CFD0020FBF799FDE0201E
:10AB7000FBF796FD0020FBF793FDF320FBF790FD1C
:10AB80000020FBF78DFDE220FBF796FD0520FBF78B
:10AB900087FD0020FBF784FD0B20FBF781FD0020E3
:10ABA000FBF77EFD1B20FBF77BFD0020FBF778FD0C
:10ABB0003420FBF775FD0020FBF772FD4420FBF706
:10ABC0006FFD0020FBF76CFD4F20FBF769FD0020B7
:10ABD000FBF766FD6120FBF763FD0020FBF760FDDE
:10ABE0007920FBF75DFD0020FBF75AFD8820FBF77D
:10ABF00057FD0020FBF754FD9720FBF751FD002087
:10AC0000FBF74EFDA620FBF74BFD0020FBF748FDB0
:10AC1000B720FBF745FD0020FBF742FDC220FBF704
:10AC20003FFD0020FBF73CFDC720FBF739FD00206E
:10AC3000FBF736FDD120FBF733FD0020FBF730FD9D
:10AC4000D620FBF72DFD0020FBF72AFDDD20FBF7CA
:10AC500027FD0020FBF724FDF320FBF721FD00205A
:10AC6000FBF71EFDE320FBF727FD0520FBF718FD92
:10AC70000020FBF715FD0A20FBF712FD0020FBF773
:10AC80000FFD1C20FBF70CFD0020FBF709FD332016
:10AC9000FBF706FD0020FBF703FD4420FBF700FD5A
:10ACA0000020FBF7FDFC5020FBF7FAFC0020FBF72F
:10ACB000F7FC6220FBF7F4FC0020FBF7F1FC7820A6
:10ACC000FBF7EEFC0020FBF7EBFC8820FBF7E8FC31
:10ACD0000020FBF7E5FC9720FBF7E2FC0020FBF7E8
:10ACE000DFFCA620FBF7DCFC0020FBF7D9FCB7203B
:10ACF000FBF7D6FC0020FBF7D3FCC220FBF7D0FC0F
:10AD00000020FBF7CDFCC720FBF7CAFC0020FBF7B7
:10AD1000C7FCD120FBF7C4FC0020FBF7C1FCD52009
:10AD2000FBF7BEFC0020FBF7BBFCDD20FBF7B8FC0B
:10AD30000020FBF7B5FCF320FBF7B2FC0020FBF78B
:10AD4000AFFCE420FBF7B8FC0120FBF7A9FC0020D6
:10AD5000FBF7A6FC0120FBF7A3FC0020FBF7A0FCFF
:10AD60000220FBF79DFC0020FBF79AFC2A20FBF752
:10AD700097FC0020FBF794FC3C20FBF791FC0020A3
:10AD8000FBF78EFC4B20FBF78BFC0020FBF788FCCD
:10AD90005D20FBF785FC0020FBF782FC7420FBF7AD
:10ADA0007FFC0020FBF77CFC8420FBF779FC002073
:10ADB000FBF776FC9320FBF773FC0020FBF770FC9D
:10ADC000A220FBF76DFC0020FBF76AFCB320FBF729
:10ADD00067FC0020FBF764FCBE20FBF761FC002051
:10ADE000FBF75EFCC420FBF75BFC0020FBF758FC84
:10ADF000CD20FBF755FC0020FBF752FCD320FBF7DE
:10AE00004FFC0020FBF74CFCDD20FBF749FC002049
:10AE1000FBF746FCF320FBF743FC0020FBF740FC6C
:10AE2000E520FBF749FC0020FBF73AFC0020FBF78C
:10AE300037FC0020FBF734FC0020FBF731FC02203C
:10AE4000FBF72EFC0020FBF72BFC2920FBF728FC4E
:10AE50000020FBF725FC3C20FBF722FC0020FBF741
:10AE60001FFC4B20FBF71CFC0020FBF719FC5D20AE
:10AE7000FBF716FC0020FBF713FC7420FBF710FC1B
:10AE80000020FBF70DFC8420FBF70AFC0020FBF7F9
:10AE900007FC9320FBF704FC0020FBF701FCA22039
:10AEA000FBF7FEFB0020FBF7FBFBB320FBF7F8FBF7
:10AEB0000020FBF7F5FBBE20FBF7F2FB0020FBF7C1
:10AEC000EFFBC420FBF7ECFB0020FBF7E9FBCD20F8
:10AED000FBF7E6FB0020FBF7E3FBD320FBF7E0FBEF
:10AEE0000020FBF7DDFBDC20FBF7DAFB0020FBF7A3
:10AEF000D7FBF320FBF7D4FB0020FBF7D1FBE620C8
:10AF0000FBF7DAFB1120FBF7CBFB0020FBF7C8FBBC
:10AF10003420FBF7C5FB0020FBF7C2FB5620FBF7F4
:10AF2000BFFB0020FBF7BCFB7620FBF7B9FB002042
:10AF3000FBF7B6FB7720FBF7B3FB0020FBF7B0FB7A
:10AF40006620FBF7ADFB0020FBF7AAFB8820FBF790
:10AF5000A7FB0020FBF7A4FB9920FBF7A1FB002037
:10AF6000FBF79EFBBB20FBF79BFB0020FBF798FB4E
:10AF70009920FBF795FB0020FBF792FB6620FBF77F
:10AF80008FFB0020FBF78CFB5520FBF789FB002093
:10AF9000FBF786FB5520FBF783FB0020FBF780FBCC
:10AFA0004520FBF77DFB0020FBF77AFB4320FBF7F6
:10AFB00077FB0020FBF774FB4420FBF771FB0020BC
:10AFC000FBF76EFBE720FBF777FB3220FBF768FB14
:10AFD0000020FBF765FB5520FBF762FB0020FBF729
:10AFE0005FFB7620FBF75CFB0020FBF759FB66203C
:10AFF000FBF756FB0020FBF753FB6720FBF750FBEA
:10B000000020FBF74DFB6720FBF74AFB0020FBF716
:10B0100047FB8720FBF744FB0020FBF741FB99200F
:10B02000FBF73EFB0020FBF73BFBBB20FBF738FBAD
:10B030000020FBF735FB9920FBF732FB0020FBF7E4
:10B040002FFB7720FBF72CFB0020FBF729FB44208C
:10B05000FBF726FB0020FBF723FB5620FBF720FB2A
:10B060000020FBF71DFB2320FBF71AFB0020FBF75A
:10B0700017FB3320FBF714FB0020FBF711FB4520E7
:10B08000FBF70EFB0020FBF70BFBE820FBF714FBA4
:10B090000020FBF705FB0020FBF702FB9920FBF7E4
:10B0A000FFFA0020FBF7FCFA8720FBF7F9FA0020F3
:10B0B000FBF7F6FA8820FBF7F3FA0020FBF7F0FA2B
:10B0C0007720FBF7EDFA0020FBF7EAFA6620FBF7A2
:10B0D000E7FA0020FBF7E4FA8820FBF7E1FA00200A
:10B0E000FBF7DEFAAA20FBF7DBFA0020FBF7D8FA21
:10B0F000BB20FBF7D5FA0020FBF7D2FA9920FBF72B
:10B10000CFFA0020FBF7CCFA6620FBF7C9FA002043
:10B11000FBF7C6FA5520FBF7C3FA0020FBF7C0FA8D
:10B120005520FBF7BDFA0020FBF7BAFA4420FBF7E5
:10B13000B7FA0020FBF7B4FA4420FBF7B1FA00207D
:10B14000FBF7AEFA5520FBF7ABFA0020FBF7A8FAA5
:10B15000E920FBF7B1FAAA20FBF7A2FA0020FBF7DF
:10B160009FFA0020FBF79CFA0020FBF799FA0020D9
:10B17000FBF7A2FAAA20FBF793FACF20FBF79CFA81
:10B180000020FBF78DFA0020FBF78AFA0020FBF77E
:10B1900087FA0020FBF784FA0020FBF781FA0020F1
:10B1A000FBF77EFA0020FBF77BFA0020FBF778FA2A
:10B1B0000020FBF775FA0020FBF772FA0020FBF77E
:10B1C0006FFA0020FBF76CFA0020FBF769FA002009
:10B1D000FBF766FA0020FBF763FA0020FBF760FA42
:10B1E0000020FBF75DFAF020FBF766FA0020FBF782
:10B1F00057FA5020FBF754FA0020FBF751FA0020D1
:10B20000FBF74EFA0020FBF74BFAF320FBF754FA5A
:10B210000020FBF745FAF920FBF74EFA0620FBF772
:10B220003FFA1020FBF73CFA2920FBF739FA0020FF
:10B23000FBF736FA3A20FBF73FFA5520FBF730FAD6
:10B240001120FBF739FA64200BF01EF82920FBF7D8
:10B2500033FA3520FBF730FA0020FBF721FA5120B2
:10B26000FBF72AFAFF20FBF71BFA5320FBF724FA1F
:10B270002C20FBF715FA5520FBF71EFA8220FBF76E
:10B280000FFA2C20FBF718FA02F028B8FE48808845
:10B2900045F2105188427DD155214FF47040FBF7A3
:10B2A00021FAAA214FF20100FBF71CFA52214FF2BA
:10B2B0000200FBF717FA08214FF20300FBF712FA1E
:10B2C00001214FF20400FBF70DFA0D214FF430403D
:10B2D000FBF708FA0D214BF20100FBF703FA0D21F1
:10B2E0004BF20200FBF7FEF934214FF43640FBF736
:10B2F000F9F934214BF20160FBF7F4F934214BF2F8
:10B300000260FBF7EFF90D214FF43140FBF7EAF94A
:10B310000D214BF20110FBF7E5F90D214BF2021064
:10B32000FBF7E0F934214FF43740FBF7DBF9342128
:10B330004BF20170FBF7D6F934214BF20270FBF7A8
:10B34000D1F900214FF43240FBF7CCF900214BF248
:10B350000120FBF7C7F900214BF20220FBF7C2F9ED
:10B3600024214FF43840FBF7BDF924214BF60100AE
:10B37000FBF7B8F924214BF60200FBF7B3F90121E2
:10B380004FF43F40FBF7AEF90F214FF43340FBF78A
:10B39000A9F900E0FDE30F214BF20130FBF7A2F920
:10B3A0000F214BF20230FBF79DF934214FF4394065
:10B3B000FBF798F934214BF60110FBF793F9342190
:10B3C0004BF60210FBF78EF908214FF43540FBF7DE
:10B3D00089F908214BF20150FBF784F908214BF25F
:10B3E0000250FBF77FF903214FF44240FBF77AF953
:10B3F00024214FF43A40FBF775F924214BF6012044
:10B40000FBF770F924214BF60220FBF76BF90021C2
:10B410004FF43C40FBF766F978214BF60140FBF70F
:10B4200061F900214BF60240FBF75CF900214FF473
:10B430003D40FBF757F978214BF60150FBF752F9E5
:10B4400000214BF60250FBF74DF900214FF43E402E
:10B45000FBF748F964214BF60160FBF743F9002143
:10B460004FF45140FBF73EF933214DF20110FBF749
:10B4700039F900214DF20210FBF734F934214DF275
:10B480000310FBF72FF900214DF20410FBF72AF906
:10B490003A214DF20510FBF725F900214DF2061077
:10B4A000FBF720F94A214DF20710FBF71BF90021A9
:10B4B0004DF20810FBF716F95C214DF20910FBF76D
:10B4C00011F900214DF20A10FBF70CF981214DF220
:10B4D0000B10FBF707F900214DF20C10FBF702F9F6
:10B4E000A6214DF20D10FBF7FDF800214DF20E10D4
:10B4F000FBF7F8F8E5214DF20F10FBF7F3F8012107
:10B500004DF21010FBF7EEF813214DF21110FBF77E
:10B51000E9F801214DF21210FBF7E4F854214DF245
:10B520001310FBF7DFF801214DF21410FBF7DAF8E6
:10B5300082214DF21510FBF7D5F801214DF21610BE
:10B54000FBF7D0F8CA214DF21710FBF7CBF8022118
:10B550004DF21810FBF7C6F800214DF21910FBF759
:10B56000C1F802214DF21A10FBF7BCF801214DF28F
:10B570001B10FBF7B7F802214DF21C10FBF7B2F8D5
:10B5800034214DF21D10FBF7ADF802214DF21E10D3
:10B59000FBF7A8F867214DF21F10FBF7A3F8022173
:10B5A0004DF22010FBF79EF884214DF22110FBF79D
:10B5B00099F802214DF22210FBF794F8A4214DF2E4
:10B5C0002310FBF78FF802214DF22410FBF78AF8C5
:10B5D000B7214DF22510FBF785F802214DF2261018
:10B5E000FBF780F8CF214DF22710FBF77BF8022103
:10B5F0004DF22810FBF776F8DE214DF22910FBF70B
:10B6000071F802214DF22A10FBF76CF8F2214DF28D
:10B610002B10FBF767F802214DF22C10FBF762F8B4
:10B62000FE214DF22D10FBF75DF803214DF22E1097
:10B63000FBF758F810214DF22F10FBF753F80321B8
:10B640004DF23010FBF74EF833214DF23110FBF77D
:10B6500049F803214DF23210FBF744F86D214DF209
:10B660003310FBF73FF800214FF45240FBF73AF854
:10B6700033214DF20120FBF735F800214DF2022075
:10B68000FBF730F8342101E02C2900204DF2032093
:10B69000FBF728F800214DF20420FBF723F83A21AC
:10B6A0004DF20520FBF71EF800214DF20620FBF7B6
:10B6B00019F84A214DF20720FBF714F800214DF24A
:10B6C0000820FBF70FF85C214DF20920FBF70AF880
:10B6D00000214DF20A20FBF705F881214DF20B20E5
:10B6E000FBF700F800214DF20C20FAF7FBFFA62132
:10B6F0004DF20D20FAF7F6FF00214DF20E20FAF779
:10B70000F1FFE5214DF20F20FAF7ECFF01214DF298
:10B710001020FAF7E7FF13214DF21120FAF7E2FFAC
:10B7200001214DF21220FAF7DDFF54214DF21320D2
:10B73000FAF7D8FF01214DF21420FAF7D3FF822146
:10B740004DF21520FAF7CEFF01214DF21620FAF73F
:10B75000C9FFCA214DF21720FAF7C4FF02214DF2AA
:10B760001820FAF7BFFF00214DF21920FAF7BAFFAF
:10B7700002214DF21A20FAF7B5FF01214DF21B20EC
:10B78000FAF7B0FF02214DF21C20FAF7ABFF34218B
:10B790004DF21D20FAF7A6FF02214DF21E20FAF706
:10B7A000A1FF67214DF21F20FAF79CFF02214DF205
:10B7B0002020FAF797FF84214DF22120FAF792FF1B
:10B7C00002214DF22220FAF78DFFA4214DF2232011
:10B7D000FAF788FF02214DF22420FAF783FFB72100
:10B7E0004DF22520FAF77EFF02214DF22620FAF7CE
:10B7F00079FFCF214DF22720FAF774FF02214DF295
:10B800002820FAF76FFFDE214DF22920FAF76AFFB0
:10B8100002214DF22A20FAF765FFF2214DF22B208A
:10B82000FAF760FF02214DF22C20FAF75BFFFE21B0
:10B830004DF22D20FAF756FF03214DF22E20FAF794
:10B8400051FF10214DF22F20FAF74CFF03214DF24A
:10B850003020FAF747FF33214DF23120FAF742FF4B
:10B8600003214DF23220FAF73DFF6D214DF23320D6
:10B87000FAF738FF00214FF45340FAF733FF332132
:10B880004DF20130FAF72EFF00214DF20230FAF7A7
:10B8900029FF34214DF20330FAF724FF00214DF245
:10B8A0000430FAF71FFF3A214DF20530FAF71AFF7C
:10B8B00000214DF20630FAF715FF4A214DF207300C
:10B8C000FAF710FF00214DF20830FAF70BFF5C2168
:10B8D0004DF20930FAF706FF00214DF20A30FAF76F
:10B8E00001FF81214DF20B30FAF7FCFE00214DF2F1
:10B8F0000C30FAF7F7FEA6214DF20D30FAF7F2FE02
:10B9000000214DF20E30FAF7EDFEE5214DF20F3039
:10B91000FAF7E8FE01214DF21030FAF7E3FE1321A9
:10B920004DF21130FAF7DEFE01214DF21230FAF736
:10B93000D9FE54214DF21330FAF7D4FE01214DF215
:10B940001430FAF7CFFE82214DF21530FAF7CAFE15
:10B9500001214DF21630FAF7C5FECA214DF217301B
:10B96000FAF7C0FE02214DF21830FAF7BBFE0021B3
:10B970004DF21930FAF7B6FE02214DF21A30FAF7FD
:10B98000B1FE01214DF21B30FAF7ACFE02214DF25F
:10B990001C30FAF7A7FE34214DF21D30FAF7A2FE53
:10B9A00002214DF21E30FAF79DFE67214DF21F3045
:10B9B000FAF798FE02214DF22030FAF793FE842127
:10B9C0004DF22130FAF78EFE02214DF22230FAF7C5
:10B9D00089FEA4214DF22330FAF784FE02214DF2B4
:10B9E0002430FAF77FFEB7214DF22530FAF77AFEC0
:10B9F00002214DF22630FAF775FECF214DF22730A5
:10BA0000FAF770FE02214DF22830FAF76BFEDE21C4
:10BA10004DF22930FAF766FE02214DF22A30FAF78C
:10BA200061FEF2214DF22B30FAF75CFE02214DF25D
:10BA30002C30FAF757FEFE214DF22D30FAF752FE68
:10BA400003214DF22E30FAF74DFE10214DF22F302A
:10BA5000FAF748FE03214DF23030FAF743FE332166
:10BA60004DF23130FAF73EFE03214DF23230FAF753
:10BA700039FE6D214DF23330FAF734FE00214FF4D8
:10BA80005440FAF72FFE33214DF20140FAF72AFE17
:10BA900000214DF20240FAF725FE34214DF2034019
:10BAA000FAF720FE00214DF20440FAF71BFE3A217E
:10BAB0004DF20540FAF716FE00214DF20640FAF766
:10BAC00011FE4A214DF20740FAF70CFE00214DF21B
:10BAD0000840FAF707FE5C214DF20940FAF702FE32
:10BAE00000214DF20A40FAF7FDFD81214DF20B4095
:10BAF000FAF7F8FD00214DF20C40FAF7F3FDA6210C
:10BB00004DF20D40FAF7EEFD00214DF20E40FAF72E
:10BB1000E9FDE5214DF20F40FAF7E4FD01214DF278
:10BB20001040FAF7DFFD13214DF21140FAF7DAFD6C
:10BB300001214DF21240FAF7D5FD54214DF2134088
:10BB4000FAF7D0FD01214DF21440FAF7CBFD822126
:10BB50004DF21540FAF7C6FD01214DF21640FAF7F5
:10BB6000C1FDCA214DF21740FAF7BCFD02214DF28A
:10BB70001840FAF7B7FD00214DF21940FAF7B2FD6F
:10BB800002214DF21A40FAF7ADFD01214DF21B40A2
:10BB900000E006E3FAF7A6FD02214DF21C40FAF799
:10BBA000A1FD34214DF21D40FAF79CFD02214DF21A
:10BBB0001E40FAF797FD67214DF21F40FAF792FDFC
:10BBC00002214DF22040FAF78DFD84214DF22140F3
:10BBD000FAF788FD02214DF22240FAF783FDA421F5
:10BBE0004DF22340FAF77EFD02214DF22440FAF790
:10BBF00079FDB7214DF22540FAF774FD02214DF28F
:10BC00002640FAF76FFDCF214DF22740FAF76AFD83
:10BC100002214DF22840FAF765FDDE214DF2294060
:10BC2000FAF760FD02214DF22A40FAF75BFDF2219E
:10BC30004DF22B40FAF756FD02214DF22C40FAF757
:10BC400051FDFE214DF22D40FAF74CFD03214DF23E
:10BC50002E40FAF747FD10214DF22F40FAF742FD32
:10BC600003214DF23040FAF73DFD33214DF23140D2
:10BC7000FAF738FD03214DF23240FAF733FD6D211A
:10BC80004DF23340FAF72EFD00214FF45540FAF7FC
:10BC900029FD33214DF20150FAF724FD00214DF228
:10BCA0000250FAF71FFD34214DF20350FAF71AFD46
:10BCB00000214DF20450FAF715FD3A214DF20550DE
:10BCC000FAF710FD00214DF20650FAF70BFD4A215C
:10BCD0004DF20750FAF706FD00214DF20850FAF731
:10BCE00001FD5C214DF20950FAF7FCFC00214DF2F8
:10BCF0000A50FAF7F7FC81214DF20B50FAF7F2FCEB
:10BD000000214DF20C50FAF7EDFCA6214DF20D503A
:10BD1000FAF7E8FC00214DF20E50FAF7E3FCE521BA
:10BD20004DF20F50FAF7DEFC01214DF21050FAF7F8
:10BD3000D9FC13214DF21150FAF7D4FC01214DF238
:10BD40001250FAF7CFFC54214DF21350FAF7CAFC07
:10BD500001214DF21450FAF7C5FC82214DF2155025
:10BD6000FAF7C0FC01214DF21650FAF7BBFCCA21CC
:10BD70004DF21750FAF7B6FC02214DF21850FAF7BF
:10BD8000B1FC00214DF21950FAF7ACFC02214DF242
:10BD90001A50FAF7A7FC01214DF21B50FAF7A2FC4A
:10BDA00002214DF21C50FAF79DFC34214DF21D503A
:10BDB000FAF798FC02214DF21E50FAF793FC672126
:10BDC0004DF21F50FAF78EFC02214DF22050FAF787
:10BDD00089FC84214DF22150FAF784FC02214DF2B6
:10BDE0002250FAF77FFCA4214DF22350FAF77AFC97
:10BDF00002214DF22450FAF775FCB7214DF225507F
:10BE0000FAF770FC02214DF22650FAF76BFCCF21B5
:10BE10004DF22750FAF766FC02214DF22850FAF74E
:10BE200061FCDE214DF22950FAF75CFC02214DF253
:10BE30002A50FAF757FCF2214DF22B50FAF752FC38
:10BE400002214DF22C50FAF74DFCFE214DF22D50FF
:10BE5000FAF748FC03214DF22E50FAF743FC10216B
:10BE60004DF22F50FAF73EFC03214DF23050FAF715
:10BE700039FC33214DF23150FAF734FC03214DF2F5
:10BE80003250FAF72FFC6D214DF23350FAF72AFCAD
:10BE900000214FF45640FAF725FC33214DF20160A2
:10BEA000FAF720FC00214DF20260FAF71BFC342166
:10BEB0004DF20360FAF716FC00214DF20460FAF728
:10BEC00011FC3A214DF20560FAF70CFC00214DF20D
:10BED0000660FAF707FC4A214DF20760FAF702FC08
:10BEE00000214DF20860FAF7FDFB5C214DF209607C
:10BEF000FAF7F8FB00214DF20A60FAF7F3FB812113
:10BF00004DF20B60FAF7EEFB00214DF20C60FAF7F0
:10BF1000E9FBA6214DF20D60FAF7E4FB00214DF29A
:10BF20000E60FAF7DFFBE5214DF20F60FAF7DAFB5E
:10BF300001214DF21060FAF7D5FB13214DF211608B
:10BF4000FAF7D0FB01214DF21260FAF7CBFB542136
:10BF50004DF21360FAF7C6FB01214DF21460FAF7B7
:10BF6000C1FB82214DF21560FAF7BCFB01214DF2B5
:10BF70001660FAF7B7FBCA214DF21760FAF7B2FB69
:10BF800002214DF21860FAF7ADFB00214DF2196065
:10BF9000FAF7A8FB02214DF21A60FAF7A3FB012180
:10BFA0004DF21B60FAF79EFB02214DF21C60FAF77E
:10BFB00099FB34214DF21D60FAF794FB02214DF2FA
:10BFC0001E60FAF78FFB67214DF21F60FAF78AFBBC
:10BFD00002214DF22060FAF785FB84214DF22160A9
:10BFE000FAF780FB02214DF22260FAF77BFBA421D5
:10BFF0004DF22360FAF776FB02214DF22460FAF746
:10C0000071FBB7214DF22560FAF76CFB02214DF26E
:10C010002660FAF767FBCF214DF22760FAF762FB43
:10C0200002214DF22860FAF75DFBDE214DF2296016
:10C03000FAF758FB02214DF22A60FAF753FBF2217E
:10C040004DF22B60FAF74EFB02214DF22C60FAF70D
:10C0500049FBFE214DF22D60FAF744FB03214DF21E
:10C060002E60FAF73FFB10214DF22F60FAF73AFBF2
:10C0700003214DF23060FAF735FB33214DF2316088
:10C08000FAF730FB03214DF23260FAF72BFB6D21FA
:10C090004DF23360FAF726FB55214FF47040FAF762
:10C0A00021FBAA214FF20100FAF71CFB52214FF2AB
:10C0B0000200FAF717FB08214FF20300FAF712FB10
:10C0C00000214FF20400FAF70DFBCC214FF4314070
:10C0D000FAF708FB00214BF20110FAF703FB0521E8
:10C0E0004FF43640FAF7FEFA70214FF43740FAF772
:10C0F000F9FA70214BF20170FAF7F4FA01214FF4CA
:10C100003840FAF7EFFA03214BF60100FAF7EAFAA2
:10C1100003214BF60200FAF7E5FA03214BF6030080
:10C12000FAF7E0FA02214FF43C40FAF7DBFA00217B
:10C130004BF60140FAF7D6FA00214BF60240FAF727
:10C14000D1FAD0214FF44940FAF7CCFA02214CF64B
:10C150000110FAF7C7FA50214CF60210FAF7C2FAAA
:10C1600050214CF60310FAF7BDFA50214CF604109A
:10C17000FAF7B8FA00214FF45450FAF7B3FA552100
:10C180004FF46850FAF7AEFA4FF48850FAF794FA81
:10C1900078200AF0A1F84FF42450FAF78DFA01F054
:10C1A0009DB8FE48808849F2253188427ED147F605
:10C1B000F001E520FAF796FA4FF480710120FAF7C2
:10C1C00091FA4FF4E0610220FAF78CFA41F2300163
:10C1D0000320FAF787FA00210420FAF783FA40F2E5
:10C1E00002210820FAF77EFA00210920FAF77AFAEC
:10C1F00000210A20FAF776FA00210C20FAF772FAE9
:10C2000000210D20FAF76EFA00210F20FAF76AFAE2
:10C2100000211020FAF766FA07211120FAF762FAD6
:10C2200000211220FAF75EFA00211320FAF75AFAD9
:10C2300000210720FAF756FA41F290611020FAF730
:10C2400051FA40F227211120FAF74CFA9D211220D1
:10C25000FAF748FA4FF4C8511320FAF743FA2521A8
:10C260002920FAF73FFA0D212B20FAF73BFA072194
:10C270003020FAF737FA40F203313120FAF732FA78
:10C2800003213220FAF72EFA40F206213520FAF780
:10C2900029FA08213620FAF725FA40F2064137201C
:10C2A000FAF720FA4FF44171382000E057E0FAF72E
:10C2B00019FA07213920FAF715FA40F202613C20F9
:10C2C000FAF710FA08213D20FAF70CFA0021502065
:10C2D000FAF708FAEF215120FAF704FA0021522068
:10C2E000FAF700FA40F23F115320FAF7FBF94FF446
:10C2F00027416020FAF7F6F901216120FAF7F2F9F7
:10C3000000216A20FAF7EEF900218020FAF7EAF915
:10C3100000218120FAF7E6F900218220FAF7E2F9FC
:10C3200000218320FAF7DEF900218420FAF7DAF9F8
:10C3300000218520FAF7D6F910219020FAF7D2F9DA
:10C340004FF4C0619220FAF7CDF940F23311072083
:10C35000FAF7C8F922210020FAF7C4F91FE78F483D
:10C36000808849F2283188427ED141F28F01EC2049
:10C37000FAF7B8F941F23421EF20FAF7B3F94FF4A4
:10C3800080710120FAF7AEF94FF4E0610220FAF76C
:10C39000A9F941F230010320FAF7A4F900210420A1
:10C3A000FAF7A0F940F202210820FAF79BF90021E0
:10C3B0000920FAF797F900210A20FAF793F90121E9
:10C3C0000C20FAF78FF900210D20FAF78BF90021E4
:10C3D0000F20FAF787F900211020FAF783F90721D7
:10C3E0001120FAF77FF900211220FAF77BF90021DA
:10C3F0001320FAF777F901210720FAF773F93220B1
:10C4000009F042FF41F290411020FAF76BF940F237
:10C4100027211120FAF766F9322009F035FF8A2129
:10C420001220FAF75FF9322009F02EFF4FF4D051B5
:10C430001320FAF757F906212920FAF753F90D21AD
:10C440002B20FAF74FF9322009F01EFF002120209F
:10C45000FAF748F900212120FAF744F9322009F0CF
:10C4600013FF0021302000E074E0FAF73BF940F2BE
:10C4700004613120FAF736F940F205313220FAF73B
:10C4800031F900213520FAF72DF940F6094136201F
:10C49000FAF728F94FF401713720FAF723F940F23F
:10C4A00001313820FAF71EF940F207713920FAF706
:10C4B00019F900213C20FAF715F940F60A213D2030
:10C4C000FAF710F9322009F0DFFE00215020FAF7C8
:10C4D00009F9EF215120FAF705F900215220FAF766
:10C4E00001F940F23F115320FAF7FCF84FF42741CD
:10C4F0006020FAF7F7F801216120FAF7F3F800213C
:10C500006A20FAF7EFF800218020FAF7EBF8002113
:10C510008120FAF7E7F800218220FAF7E3F80021FA
:10C520008320FAF7DFF800218420FAF7DBF80021F6
:10C530008520FAF7D7F810219020FAF7D3F84FF4B6
:10C54000C0619220FAF7CEF840F233110720FAF7D3
:10C55000C9F824E61148808849F2203188427DD10B
:10C5600000210846FAF7BEF84FF480710120FAF76F
:10C57000B9F84FF4E0610220FAF7B4F841F2300163
:10C580000320FAF7AFF800210420FAF7ABF840F2E5
:10C5900002210820FAF7A6F8002101E02C2900204A
:10C5A0000920FAF79FF800210A20FAF79BF80121E9
:10C5B0000C20FAF797F800210D20FAF793F80021E4
:10C5C0000F20FAF78FF8322009F05EFE40F20111D9
:10C5D0000720FAF787F8322009F056FE4FF486510B
:10C5E0001020FAF77FF807211120FAF77BF84FF4B3
:10C5F00088711220FAF776F84FF430611320FAF7B9
:10C6000071F800212920FAF76DF844F210012B206F
:10C61000FAF768F800215020FAF764F8EF2151206A
:10C62000FAF760F800215220FAF75CF840F23F1167
:10C630005320FAF757F84FF41C516020FAF752F8DC
:10C6400001216120FAF74EF800216A20FAF74AF832
:10C6500000218020FAF746F8002100E031E0812037
:10C66000FAF740F800218220FAF73CF800218320F5
:10C67000FAF738F800218420FAF734F800218520F1
:10C68000FAF730F810219020FAF72CF800219220C8
:10C69000FAF728F801219320FAF724F84FF488716B
:10C6A0009520FAF71FF800219720FAF71BF80021D0
:10C6B0009820FAF717F840F273110720FAF712F8EA
:10C6C0006DE5FE48808849F2313188427DD141F2E2
:10C6D0001401E720FAF706F84FF480710120FAF709
:10C6E00001F84FF400710220F9F7FCFF41F2380124
:10C6F0000320F9F7F7FF40F202210820F9F7F2FFD3
:10C7000000210920F9F7EEFF00210A20F9F7EAFFDE
:10C7100000210C20F9F7E6FF00210D20F9F7E2FFD8
:10C7200000210F20F9F7DEFF00211020F9F7DAFFD2
:10C7300007211120F9F7D6FF00211220F9F7D2FFC7
:10C7400000211320F9F7CEFFC82009F09DFD41F22A
:10C7500090611020F9F7C6FF40F227211120F9F768
:10C76000C1FF322009F090FD0C211220F9F7BAFF29
:10C77000322009F089FD4FF400611320F9F7B2FF70
:10C7800011212920F9F7AEFF0B212B20F9F7AAFF81
:10C79000322009F079FD00212020F9F7A3FF40F2B3
:10C7A0003F112120F9F79EFF00213020F9F79AFF71
:10C7B0004FF483713120F9F795FF00213220F9F70A
:10C7C00091FF4FF40171352000E064E0F9F78AFF32
:10C7D00041F20A613620F9F785FF40F207713720F0
:10C7E000F9F780FF4FF483713820F9F77BFF40F2AF
:10C7F00007713920F9F776FF40F202413C20F9F742
:10C8000071FF40F60F413D20F9F76CFF00215020E9
:10C81000F9F768FFEF215120F9F764FF002152205A
:10C82000F9F760FF40F23F115320F9F75BFF4FF437
:10C830001C516020F9F756FF01216120F9F752FFE2
:10C8400000216A20F9F74EFF00218020F9F74AFF06
:10C8500000218120F9F746FF00218220F9F742FFED
:10C8600000218320F9F73EFF00218420F9F73AFFE9
:10C8700000218520F9F736FF10219020F9F732FFCB
:10C880004FF4C0619220F9F72DFF40F233110720D9
:10C89000F9F728FF83E48948808845F208418842F7
:10C8A0007ED14FF480710120F9F71CFF4FF4E06155
:10C8B0000220F9F717FF41F230010320F9F712FFC8
:10C8C00000210420F9F70EFF40F207210820F9F7B4
:10C8D00009FF00210920F9F705FF00210A20F9F7D7
:10C8E00001FF00210C20F9F7FDFE00210D20F9F7D2
:10C8F000F9FE00210F20F9F7F5FE142009F0C4FC21
:10C9000041F2B0611020F9F7EDFE01211120F9F795
:10C91000E9FE01211720F9F7E5FE4FF49C71122082
:10C92000F9F7E0FE4FF400611320F9F7DBFE09216F
:10C930002920F9F7D7FE09212A20F9F7D3FE002193
:10C94000A420F9F7CFFE00215020F9F7CBFEEF210C
:10C950005120F9F7C7FE00215220F9F7C3FE40F23B
:10C960003F115320F9F7BEFE4FF41C516020F9F738
:10C97000B9FE01216120F9F7B5FE00216A20F9F71F
:10C98000B1FE00218020F9F7ADFE00218120F9F7EA
:10C99000A9FE00218220F9F7A5FE0021832000E0F6
:10C9A00023E0F9F79FFE00218420F9F79BFE002188
:10C9B0008520F9F797FE13219020F9F793FE0021C7
:10C9C0009220F9F78FFE03219320F9F78BFE4FF4A5
:10C9D00088719520F9F786FE40F273110720F9F768
:10C9E00081FE322009F050FCB8E43448808841F2DE
:10C9F000055188427ED100210720F9F773FE3220CD
:10CA000009F042FC4FF48E711220F9F76BFE012100
:10CA1000A420F9F767FE0F210820F9F763FE08212B
:10CA20000A20F9F75FFE08210D20F9F75BFE40F2BE
:10CA300007713020F9F756FE07213120F9F752FE31
:10CA400040F203613220F9F74DFE4FF4E0613320EC
:10CA5000F9F748FE40F202213420F9F743FE0221A3
:10CA60003520F9F73FFE41F60F713620F9F73AFE0F
:10CA700040F207713720F9F735FE00213820F9F729
:10CA800031FE00213920F9F72DFE40F207713A20DE
:10CA9000F9F728FE00213B20F9F724FE07213C206E
:10CAA000F9F720FE00213D20F9F71CFE322009F0A5
:10CAB000EBFB01210720F9F715FE01E02C290020EE
:10CAC00001211720F9F70EFE322009F0DDFB4FF4AB
:10CAD000BD511020F9F706FE40F217211120F9F799
:10CAE00001FE4FF48F711220F9F7FCFD4FF47061D5
:10CAF000132000E097E0F9F7F5FD00212A20F9F76F
:10CB0000F1FD0A212920F9F7EDFD4FF49F71122064
:10CB1000F9F7E8FD00215020F9F7E4FDEF2151205D
:10CB2000F9F7E0FD00215220F9F7DCFD40F23F115A
:10CB30005320F9F7D7FD4FF41C516020F9F7D2FDCF
:10CB400001216120F9F7CEFD00216A20F9F7CAFD25
:10CB500000218020F9F7C6FD00218120F9F7C2FDF0
:10CB600000218220F9F7BEFD00218320F9F7BAFDEC
:10CB700000218420F9F7B6FD00218520F9F7B2FDE8
:10CB800013219020F9F7AEFD4FF440719220F9F790
:10CB9000A9FD05219320F9F7A5FD00219520F9F7BE
:10CBA000A1FD00219720F9F79DFD00219820F9F7BC
:10CBB00099FD4FF480710120F9F794FD4FF4E06185
:10CBC0000220F9F78FFD41F238010320F9F78AFDC1
:10CBD00000210420F9F786FD00210C20F9F782FDE1
:10CBE00000210F20F9F77EFD00212020F9F77AFDC2
:10CBF00000212120F9F776FD21210720F9F772FDA8
:10CC0000142009F041FB61210720F9F76BFD142086
:10CC100009F03AFB40F273110720F9F763FD142085
:10CC200009F032FB5AE3FE4880884BF205518842F6
:10CC30007ED100210846F9F755FD00210846F9F795
:10CC400051FD00210846F9F74DFD00210846F9F78E
:10CC500049FD0121A420F9F745FD142009F014FB3A
:10CC60004FF41C516020F9F73DFD40F202210820ED
:10CC7000F9F738FD4FF405713020F9F733FD43F231
:10CC800015713120F9F72EFD40F204613220F9F7D9
:10CC900029FD40F616613320F9F724FD42F21121F7
:10CCA0003420F9F71FFD4FF4A8513520F9F71AFD8C
:10CCB00048F207513620F9F715FD41F207413720B8
:10CCC000F9F710FD41F203413820F9F70BFD20215F
:10CCD0003920F9F707FD1A219020F9F703FD00210B
:10CCE0001020F9F7FFFC07211120F9F7FBFC0021C8
:10CCF0001220F9F7F7FC00211320F9F7F3FC1420B8
:10CD000009F0C2FA4FF4E6611020F9F7EBFC40F2AB
:10CD100037111120F9F7E6FC142009F0B5FA4FF4A9
:10CD2000DC711220F9F7DEFC142009F0ADFA00E006
:10CD300083E04FF470611320F9F7D4FC80212A209E
:10CD4000F9F7D0FC48212920F9F7CCFC142009F090
:10CD50009BFA4FF480710120F9F7C4FC4FF4E061B5
:10CD60000220F9F7BFFC41F238010320F9F7BAFCC1
:10CD700040F202210820F9F7B5FC00210A20F9F75A
:10CD8000B1FC00210C20F9F7ADFC00210D20F9F7D2
:10CD9000A9FC30210E20F9F7A5FC00215020F9F75D
:10CDA000A1FCEF215120F9F79DFC00215220F9F759
:10CDB00099FC40F23F115320F9F794FC4FF41C51B9
:10CDC0006020F9F78FFC01216120F9F78BFC00212D
:10CDD0006A20F9F787FC11219020F9F783FC4FF4C2
:10CDE000C0619220F9F77EFC40F202419320F9F7EE
:10CDF00079FC02219420F9F775FC142009F044FA1B
:10CE000001210720F9F76EFC142009F03DFA612199
:10CE10000720F9F767FC40F273110720F9F762FC6D
:10CE200000212020F9F75EFC00212120F9F75AFCAF
:10CE300022210020F9F756FC50E2794880884CF214
:10CE4000055188427ED100210846F9F74BFC0021AC
:10CE50000846F9F747FC142009F016FA00210846A5
:10CE6000F9F740FC00210846F9F73CFC0021084690
:10CE7000F9F738FC00210846F9F734FC0121A42019
:10CE8000F9F730FC142009F0FFF94FF41C51602031
:10CE9000F9F728FC40F606010820F9F723FC40F2D8
:10CEA00003713020F9F71EFC01213120F9F71AFC3B
:10CEB00004213220F9F716FC4FF481713320F9F781
:10CEC00011FC4FF440713420F9F70CFC40F20311CF
:10CED0003520F9F707FC1F213620F9F703FC40F253
:10CEE00003713720F9F7FEFB01213820F9F7FAFB2F
:10CEF00004213920F9F7F6FB15219020F9F7F2FB10
:10CF00004FF482611020F9F7EDFB40F24721112028
:10CF1000F9F7E8FB4FF4DE711220F9F7E3FB4FF469
:10CF200060611320F9F7DEFB782009F0ADF94FF4CA
:10CF300080710120F9F7D6FB4FF400710220F9F758
:10CF4000D1FB00E050E041F230010320F9F7CAFBC9
:10CF500008210A20F9F7C6FB00210C20F9F7C2FBD3
:10CF600020210E20F9F7BEFB00210F20F9F7BAFBB4
:10CF700000212020F9F7B6FB00212120F9F7B2FBB0
:10CF80003D212A20F9F7AEFB142009F07DF92D216F
:10CF90002920F9F7A7FB00215020F9F7A3FB4DF258
:10CFA000EF015120F9F79EFB00215220F9F79AFB7F
:10CFB00040F23F115320F9F795FB00216120F9F76A
:10CFC00091FB00216A20F9F78DFB4FF4407192200C
:10CFD000F9F788FB05219320F9F784FB4FF4807162
:10CFE0000720F9F77FFB79E10D48808844F2315141
:10CFF00088427CD101210020F9F774FB0A2009F056
:10D0000043F941F228611020F9F76CFB0E21122040
:10D01000F9F768FB40F639211320F9F763FB01E0CB
:10D020002C2900200A2009F02FF940211120F9F7BE
:10D0300059FB50211520F9F755FB0A2009F024F976
:10D040001E211220F9F74EFB0A2009F01DF94FF4BA
:10D05000B1511020F9F746FB42F639211320F9F7B8
:10D0600041FB0A2009F010F94FF480710120F9F713
:10D0700039FB4FF440710220F9F734FB41F23801DB
:10D080000320F9F72FFB40F202210820F9F72AFBD1
:10D0900008210A20F9F726FB00213020F9F722FBAE
:10D0A00040F202413120F9F71DFB4FF48371322029
:10D0B000F9F718FB40F203513320F9F713FB4FF453
:10D0C00082713420F9F70EFB40F201313520F9F777
:10D0D00009FB40F207713620F9F704FB40F20531F5
:10D0E0003720F9F7FFFA4FF40271382000E040E0F2
:10D0F000F9F7F8FA40F60B713920F9F7F3FA022143
:10D100004120F9F7EFFA4FF41C516020F9F7EAFAE1
:10D1100001216120F9F7E6FA4FF404719020F9F744
:10D12000E1FA4FF485719220F9F7DCFA042193209B
:10D13000F9F7D8FA4FF48071A020F9F7D3FA01215A
:10D140000720F9F7CFFA21210720F9F7CBFA23219D
:10D150000720F9F7C7FA33210720F9F7C3FA40F29D
:10D1600033110720F9F7BEFA0021A020F9F7BAFA27
:10D17000B4E06048808844F235518842F8D13021CB
:10D180001520F9F7AFFA10219A20F9F7ABFA202110
:10D190001120F9F7A7FA43F228411020F9F7A2FA73
:10D1A00002211220F9F79EFA41F238011320F9F713
:10D1B00099FA282009F068F812210846F9F792FA3E
:10D1C000282009F061F843F220411020F9F78AFA8B
:10D1D00043F238011320F9F785FA462009F054F894
:10D1E00000213020F9F77EFA40F202413120F9F7B0
:10D1F00079FA40F207313220F9F774FA4FF44171AD
:10D200003320F9F76FFA04213420F9F76BFA40F272
:10D2100001413520F9F766FA40F207713620F9F737
:10D2200061FA40F205313720F9F75CFA4FF4C26138
:10D230003820F9F757FA4FF4C2613920F9F752FA5A
:10D240004FF480710120F9F74DFA4FF4407102203C
:10D25000F9F748FA41F230010320F9F743FA40F6B2
:10D2600008010820F9F73EFA08210A20F9F73AFAEE
:10D270004FF41C516020F9F735FA01216120F9F7CC
:10D2800031FA4FF49F719020F9F72CFA4FF4807126
:10D290009220F9F727FA4FF480719320F9F722FAD8
:10D2A0004FF44051A020F9F71DFA1021A320F9F7FF
:10D2B00019FA01210720F9F715FA21210720F9F7BA
:10D2C00011FA23210720F9F70DFA33210720F9F786
:10D2D00009FA40F233110720F9F704FA0120F7F7B1
:10D2E000F9FF0120044908604FF6FF70F7F7AEFF21
:10D2F00021B000BD2C2900208482404210B50121BC
:10D30000034800F01AF80121014800F013F810BD9D
:10D310000004004010B50121054800F00EF8012876
:10D3200005D10121024800F005F8F6F777FD10BDA0
:10D3300000080040CA430282704730B50246002010
:10D3400000230024158A05EA0103958905EA0104F2
:10D3500013B10CB1012000E0002030BD2DE9FC5FCD
:10D3600004460D4617461E46DDE90EABDDE90C8985
:10D370004FF478405749088057A01021CDE900109C
:10D38000564843880288A0212820F9F743F954A081
:10D390001021CDE90010514843880288A02178204F
:10D3A000F9F738F94FA01021CDE900104B48438818
:10D3B0000288B4212820F9F72DF94BA01021CDE9DE
:10D3C0000010464843880288B4217820F9F722F9F2
:10D3D00046A01021CDE90010404843880288C821AA
:10D3E0002820F9F717F942A01021CDE900103B4899
:10D3F00043880288C8217820F9F70CF93DA0102154
:10D40000CDE90010354843880288DC212820F9F74F
:10D4100001F939A01021CDE9001030484388028875
:10D42000DC217820F9F7F6F834A01021CDE90010BE
:10D430002A4843880288F0212820F9F7EBF81020C9
:10D4400004232246A02100904020F9F799F81020EB
:10D4500004232A46A02100909020F9F791F810208B
:10D4600004233A46B42100904020F9F789F81020AF
:10D4700004233246B42100909020F9F781F810205F
:10D4800004234246C82100904020F9F779F8102083
:10D4900004234A46C82100909020F9F771F8102023
:10D4A00004235246DC2100904020F9F769F810204F
:10D4B00004235A46DC2100909020F9F761F81020EF
:10D4C00000900648018803236020109AF9F758F865
:10D4D000BDE8FC9F0000002078313A002C29002094
:10D4E00079313A0078323A0079323A0078333A00AA
:10D4F00079333A0078343A0079343A00666163202F
:10D5000069733A0000B597B0002012900B9012900A
:10D510001F21FE4801804FF6FF70FD490880F7F794
:10D5200095FE4FF47841F94801804FF6FF70F7F708
:10D530008DFE0020F5490880F6480068102164231C
:10D54000A022CDE9001028210846F9F763F84FF42E
:10D5500078421421084600F04BFC0021EE4880F888
:10D5600020109FEDEE0A80ED090A49E2EA48406882
:10D570000A9001200A998847E74890F8200000F0B7
:10D58000C000402870D100200B90E34890F82000A4
:10D5900020F04000E04981F820000846828913A964
:10D5A000129821F82020DC48C18A13AA129802EBB5
:10D5B000800041801298401CC0B21290129801283D
:10D5C00006D0022815D0032829D0042810D141E024
:10D5D0004FF6FF721421084600F00AFCD04800887C
:10D5E000143880B24FF4784214210A9000F000FC05
:10D5F000E8E3CB480088143880B24FF6FF7214215C
:10D600000A9000F0F5FBC6484088143880B24FF409
:10D61000784201460A90142000F0EAFBD2E3C048A9
:10D620004088143880B24FF6FF7201460A901420E9
:10D6300000F0DEFBBA484088143880B20A90B8483F
:10D640000088143880B24FF4784209900A9900F0AB
:10D65000CFFBB7E3BDF84C10BDF85000081A0A9094
:10D66000002802DB0A9802E0ADE30A9840420F90DE
:10D67000BDF84E1013A8C088081A0A90002801DBD4
:10D680000A9801E00A9840420E900F9840430F908C
:10D690000E9840430E90DDE90E10084405900AF004
:10D6A00061F9CDE906019DED060B07F0F9FF8DED5F
:10D6B000080B9DED080B51EC100B0AF00FF980B22E
:10D6C0001190BDF85400BDF85810401A0A90002877
:10D6D00001DB0A9801E00A9840420F9013A84189A3
:10D6E000C089081A0A90002801DB0A9801E00A980C
:10D6F00040420E900F9840430F900E9840430E907A
:10D70000DDE90E10084405900AF02CF9CDE9060178
:10D710009DED060B07F0C4FF8DED080B9DED080B8A
:10D7200051EC100B0AF0DAF880B210909DED110A5E
:10D73000F8EE400A9DED100AB8EE401A80EE810A1C
:10D740008DED0A0A0A980AF053FCCDE90C019FED11
:10D75000750B53EC102B9DED0C0B51EC100B0AF0DC
:10D7600015F90ED39FED710B53EC102B9DED0C0BA7
:10D7700051EC100B0AF044FA03D3119808B1109839
:10D78000F0BB0020129066484088143880B20A909E
:10D7900063480088143880B24FF6FF7209900A99E6
:10D7A00000F026FB4FF478421421084600F020FBDD
:10D7B0009FED600B53EC102B9DED0C0B51EC100BFF
:10D7C0000AF020F9CDE908019DED080B51EC100B92
:10D7D0000AF084F880B213A90A90C989BDF85820CC
:10D7E00013AB5B89CDE90132CDE90310BDF85400DC
:10D7F000009013A8C0880990BDF85000089000E080
:10D800000AE0BDF84E000790BDF84C00069007A94D
:10D810000EC9FFF7A3FDE5E2BDF84C10BDF85400BA
:10D82000081A0A90002801DB0A9801E00A98404291
:10D830000F90BDF84E1013A84089081A0A900028CE
:10D8400001DB0A9801E00A9840420E900F9840438D
:10D850000F900E9840430E90DDE90E10084405909D
:10D860000AF080F8CDE906019DED060B07F018FFE0
:10D870008DED080B9DED080B51EC100B0AF02EF806
:10D8800080B21190BDF85000BDF85810401A0A90AF
:10D89000002801DB0A9801E00A9840420F9013A883
:10D8A000C188C089081A0A90002801DB0A9801E0A3
:10D8B0000A9840420E900F9840430F900E984043B4
:10D8C0000E90DDE90E10084405900AF04BF8CDE902
:10D8D00006019DED060B07F0E3FE8DED080B9DEDB7
:10D8E000080B51EC100B09F0F9FF80B210909DED80
:10D8F000110AF8EE400A9DED100AB8EE401A80EECB
:10D90000810A8DED0A0A0A9818E000000000002044
:10D910000200002048000020080000200000000055
:10D920002C290020666666666666EE3FCDCCCCCCC0
:10D93000CCCCF03F00000000000059400AF058FB3A
:10D94000CDE90C011FED090B53EC102B9DED0C0BD9
:10D9500051EC100B0AF01AF80AD31FED0C0B53EC24
:10D96000102B9DED0C0B51EC100B0AF049F948D22D
:10D9700000201290FE484088143880B20A90FC487B
:10D980000088143880B24FF6FF7209900A9900F0AF
:10D990002FFA4FF478421421084600F029FA1FEDBF
:10D9A0001B0B53EC102B9DED0C0B51EC100B0AF0E4
:10D9B00029F8CDE908019DED080B51EC100B09F099
:10D9C0008DFF80B213A90A90CA89BDF8581013AB15
:10D9D0005B89CDE90131CDE90320BDF85400009009
:10D9E00013A8C0880990BDF850000890BDF84E00FB
:10D9F0000790BDF84C00069007A90EC9FFF7AEFCD2
:10DA0000F0E1BDF85000BDF85410401A0A9000280B
:10DA100001DB0A9801E00A9840420F9013A8C188E0
:10DA20004089081A0A90002801DB0A9801E00A9848
:10DA300040420E900F9840430F900E9840430E9036
:10DA4000DDE90E100844059009F08CFFCDE90601D0
:10DA50009DED060B07F024FE8DED080B9DED080BE8
:10DA600051EC100B09F03AFF80B21190BDF84C0058
:10DA7000BDF85810401A0A90002801DB0A9801E00E
:10DA80000A9840420F90BDF84E1013A8C089081A9A
:10DA90000A90002801DB0A9801E00A9840420E90A3
:10DAA0000F9840430F900E9840430E90DDE90E1002
:10DAB0000844059009F056FFCDE906019DED060BDF
:10DAC00007F0EEFD8DED080B9DED080B51EC100BF2
:10DAD00009F004FF80B210909DED110AF8EE400AA3
:10DAE0009DED100AB8EE401A80EE810A8DED0A0A0B
:10DAF0000A980AF07DFACDE90C011FED760B53EC84
:10DB0000102B9DED0C0B51EC100B09F03FFF0AD3CD
:10DB10001FED7A0B53EC102B9DED0C0B51EC100B01
:10DB20000AF06EF849D200201290914840881438CB
:10DB300080B20A908E480088143880B24FF6FF7287
:10DB400009900A9900F054F94FF4784214210846DC
:10DB500000F04EF91FED890B53EC102B9DED0C0BD3
:10DB600051EC100B09F04EFFCDE908019DED080BBB
:10DB700051EC100B09F0B2FE80B202460A9013A8D5
:10DB8000C089BDF8581013AB5B89CDE90131CDE9EF
:10DB90000302BDF85400009013A8C0880990BDF896
:10DBA00050000890BDF84E000790BDF84C0006905C
:10DBB00007A90EC9FFF7D2FB14E1BDF85000BDF86C
:10DBC0004C10401A00EE100AF8EEC00A68480088AF
:10DBD000283800EE100AB8EEC00A80EE201A654818
:10DBE00080ED091ABDF85000BDF84C10084400EE55
:10DBF000100AF8EEC00A5E48008800EE100AB8EE7F
:10DC0000400A5C4890ED091A01EE600AF0EE000A45
:10DC100080EE201A80ED0B1A13A84089BDF84E1033
:10DC2000401A00EE100AF8EEC00A51484088283821
:10DC300000EE100AB8EEC00A80EE201A4D4880EDC2
:10DC40000A1A13A84089BDF84E10084400EE100AC5
:10DC5000F8EEC00A4648408800EE100AB8EE400AC6
:10DC6000444890ED0A1A01EE600AF0EE000A80EED8
:10DC7000201A80ED0C1A90ED090ABDEEC00A8DED58
:10DC8000090A0998002801DB099801E00998404237
:10DC900002280FDC374890ED0A0ABDEEC00A8DED70
:10DCA0000A0A0A98002801DB0A9801E00A98404213
:10DCB000022842DD002012902D484088143880B29E
:10DCC0000A902B480088143880B24FF6FF720990F2
:10DCD0000A9900F08DF84FF478421421084600F0BC
:10DCE00087F825A01021CDE90010214840880A902E
:10DCF0001F480088099002461A2128200A9BF8F73D
:10DD000089FC1C4890F8340008B9012000E000208C
:10DD1000184981F83400084690F8340030B190205A
:10DD20001A490870D0201A49087005E0D020174918
:10DD3000087090201649087054E01F211548018092
:10DD40004FF6FF70F7F782FA13A01021CDE900100B
:10DD5000074840880A9006480088099002466E21CC
:10DD600023200A9BF8F756FC4FF47A7020E000005D
:10DD70002C290020080000205450204E65656420A6
:10DD8000726561646A7573742100000040000020B0
:10DD90004100002000000020546F75636820536329
:10DDA0007265656E2041646A757374204F4B210063
:10DDB00008F06AFA00F030FA4FF6FF70F7F746FA0B
:10DDC00017B000BD00BF0A2008F05EFA0B98401C97
:10DDD00080B20B900B98B0F57A7F02DD00F040F82E
:10DDE00002E000BFFFF7C2BB00BF00BFE8E70000D2
:10DDF00070B504460D4616461848068004F10D011C
:10DE00008AB2193988B22B462946F7F74BFC05F13F
:10DE10000D0083B2193881B222462046F7F742FC42
:10DE20006A1C91B2621C90B2F7F7C8FC6A1C91B2EE
:10DE3000621E90B2F7F7C2FC6A1E91B2621C90B2E9
:10DE4000F7F7BCFC6A1E91B2621E90B2F7F7B6FCFF
:10DE5000062229462046F3F77DFA70BD0000002017
:10DE600010B586B018220021684600F023FC9DF80A
:10DE70000E400A2C4CD1274800990160046800EE3E
:10DE8000104AB8EEC00ADFED240A80EE201A2348BB
:10DE900080ED091A1F4801990160046800EE104ADC
:10DEA000B8EEC00ADFED1C0A80EE201A1B4880ED98
:10DEB0000A1A184802990160046800EE104AB8EE88
:10DEC000C00A164880ED0B0A1248039901600468E5
:10DED00000EE104AB8EEC00A104880ED0C0A9DF81A
:10DEE0000D000E4981F83400084690F8340030B136
:10DEF00090200B490870D0200A49087005E0D02016
:10DF000007490870902007490870012006B010BD2D
:10DF10000020FBE74400002020BCBE4C080000208D
:10DF200040000020410000201CB53748808845F2A1
:10DF30001051884218D1F9F78DFE344834494860B1
:10DF4000084690F8340040F0800081F8340008461C
:10DF500090F834002C49897901F0010108432C49DB
:10DF600081F8340000201CBD01212620F9F736FF7E
:10DF70004FF48040009000208DF804008DF80600DA
:10DF800003208DF8050001208DF80700694621481F
:10DF9000F3F7D6FF2020009000208DF804008DF8C4
:10DFA000060003208DF8050001208DF80700694662
:10DFB0001948F3F7C5FF4FF43040009001208DF869
:10DFC000040069461348F3F7BBFF11491631A1F16C
:10DFD0000A0000F0A9F80E491631A1F10A0000F07C
:10DFE000A3F8FFF73DFF08B10020BCE70B4800880D
:10DFF000F7F72CF9FFF786FA00F00EF9FFF730FF7C
:10E0000000BF0120AFE700002C290020210A0008F2
:10E010000800002000040240000802400200002026
:10E0200070B506460025002400201F4908601F49DE
:10E03000C1F8BC021C49091F0860304600F0A6F96F
:10E04000062008F049F900201849C1F8B40201205F
:10E0500008F042F901201449086008F03DF9002059
:10E060001249C1F8B40200BF15E04FF6FF7000EA94
:10E07000440400200C490860012008F02DF901201B
:10E080000A49C1F8B40208487C38006808B1601C2D
:10E0900084B2681CC5B2102DE7DB241101200249AF
:10E0A000091F0860204670BDB48240420080404293
:10E0B0002DE9FE4380460027002406E04046FFF796
:10E0C000AFFF2DF81400601C84B2052CF6DB002491
:10E0D00016E0601C85B20FE03DF814003DF8151005
:10E0E000884207DD3DF814603DF815002DF8140056
:10E0F0002DF81560681C85B2052DEDDB601C84B21F
:10E10000042CE6DB0027012405E03DF81400384428
:10E1100087B2601C84B2042CF7DB032097FBF0F07D
:10E1200086B23046BDE8FE832DE9F04104460D4637
:10E1300007480078FFF7BCFF064606480078FFF75F
:10E14000B7FF074626802F800120BDE8F081000040
:10E1500040000020410000207FB504460D4602A982
:10E1600003A8FFF7E1FF064616B9002004B070BD12
:10E17000694601A8FFF7D8FF06460EB90020F5E76B
:10E18000BDF80400BDF80C10884206DCBDF80C1088
:10E19000BDF80400323081420CDBBDF80C00BDF844
:10E1A0000410884236DCBDF80410BDF80C00323093
:10E1B00081422FDABDF80000BDF80810884206DC65
:10E1C000BDF80810BDF80000323081420CDBBDF80C
:10E1D0000800BDF8001088421CDCBDF80010BDF836
:10E1E00008003230814215DABDF80C10BDF8042069
:10E1F000881800EBD071C1F34F012180BDF80810E1
:10E20000BDF80020881800EBD071C1F34F012980C0
:10E210000120ABE70020A9E700B587B01F4890EDCB
:10E22000090ADFED1F0A20EE200ABDEEC00A1D48D4
:10E2300080ED000A00680190184890ED0A0ADFEDB1
:10E24000180A20EE200ABDEEC00A164880ED000A2A
:10E2500000680290114890ED0B0ABDEEC00A11480B
:10E2600080ED000A006803900C4890ED0C0ABDEEAA
:10E27000C00A0C4880ED000A00680490074890F836
:10E2800034008DF811000A208DF8120018220021A8
:10E2900001A800F07BFA07B000BD000008000020D4
:10E2A00020BCBE4C4400002010B504463548006830
:10E2B000002843D12CB13449A1F10A00FFF74CFFEB
:10E2C0002AE03149A1F10A00FFF746FF20B32E48AA
:10E2D000163890ED0B0A90ED091A808900EE900A2D
:10E2E000F8EE600A01EE200ABCEEC00A10EE100A39
:10E2F000254916398881084690ED0C0A90ED0A1AD6
:10E30000C08A00EE900AF8EE600A01EE200ABCEE28
:10E31000C00A10EE100AC8821B48163890F8200078
:10E3200000F0800038BBC0201749163981F8200062
:10E33000084681898182C18AC1831CE0124816384F
:10E3400090F8200000F0800050B10F48163890F887
:10E35000200020F080000C49163981F820000AE0E6
:10E360000021094816388182C1834FF6FF700649A3
:10E3700016398881C8820448163890F8200000F0C9
:10E38000800010BD140241421E000020002100BF89
:10E3900015E000F080021AB101220A4B1A6002E077
:10E3A0000022084B1A604206100E0022054B083B63
:10E3B0001A600122044BC3F8B4224A1CD1B20829C6
:10E3C000E7DB7047BC8240420080404210B5F8F75E
:10E3D00017FC40F225511E4800F055F810B31C48B8
:10E3E00000F00AF9C4B21B48008800F40040C8B924
:10E3F0001848008800F4804060B10A2C03D0002047
:10E400001449088020E01348008840F40040114976
:10E41000088019E00D2C06D10E48008840F4804099
:10E420000C49088010E00B480088C0F30D000A4931
:10E430000C5408480088401C06490880084600889B
:10E44000C72801DD00200880F8F7ECFB10BD0000B4
:10E450000010014078000020003C002001F4007210
:10E46000B2F5007F00D100BFCA430280704721B1DE
:10E47000828942F40052828104E082894DF6FF7362
:10E480001A408281704770B502460024002300259F
:10E49000002040F66A16B14200D100BFC1F3421518
:10E4A00001F01F03012606FA03F3012D02D196891C
:10E4B000334006E0022D02D1168A334001E0968AED
:10E4C00033400C12012606FA04F41688344013B1C6
:10E4D0000CB1012000E0002070BDF0B5034600241F
:10E4E00000260025002040F66A17B94200D100BF7F
:10E4F0001846C1F3421401F01F06012707FA06F57A
:10E50000012C01D10C3004E0022C01D1103000E0CC
:10E5100014301AB107682F43076002E00768AF4361
:10E520000760F0BD2DE9FF4705460E460024A146D1
:10E5300000BFA046B08900B100BF2C8A24F440542B
:10E54000F08804432C82AC8941F20C608443B0888B
:10E5500031890843718908430443AC81AC8A24F4AF
:10E560004074B0890443AC826846F9F777FC2048D0
:10E57000854202D01F48854202D1DDF80C9001E0AF
:10E58000DDF80890A88900F4004040B109EBC9000B
:10E5900000EB091031684900B0FBF1F707E009EB27
:10E5A000C90000EB091031688900B0FBF1F7642065
:10E5B000B7FBF0F004012009642101FB1078A88961
:10E5C00000F4004040B1322000EBC800B0FBF1F095
:10E5D00000F00700044308E0322000EB081064213B
:10E5E000B0FBF1F000F00F0004432C81BDE8FF8781
:10E5F000001001400014014001468888C0F3080063
:10E60000704700BFFEE7000010B50446214610A089
:10E61000F1F7E0FE240300F015F900F0ADF800205A
:10E620000D4908602020FBF7CFF9C4F30740FBF742
:10E63000CBF9C4F30720FBF7C7F9E0B2FBF7C4F945
:10E6400001200649C1F8800200F096F810BD0000D4
:10E6500066653A25780D0A0080824042008040427B
:10E660001CB501210220F9F7B9FB012000908DF8BB
:10E67000040000208DF8060003208DF8050001201D
:10E680008DF8070069460848F3F75AFC012007494E
:10E690000860FBF737F90020FBF7B2F900F032F819
:10E6A000034908801CBD00000004024080824042F3
:10E6B0005C0000202DE9F04106460C46174600207C
:10E6C0000F4908600320FBF77FF9C4F30740FBF70D
:10E6D0007BF9C4F30720FBF777F9E0B2FBF774F995
:10E6E000002505E0FF20FBF76FF97055681C85B227
:10E6F000BD42F7DB012002490860BDE8F08100005F
:10E700008082404210B5002400200E49086090200D
:10E71000FBF75AF90020FBF757F90020FBF754F9F3
:10E720000020FBF751F9FF20FBF74EF944EA0024E3
:10E73000FF20FBF749F9044301200349C1F8800297
:10E74000204610BD808240420080404210B5002427
:10E750000020074908600520FBF736F9FF20FBF78A
:10E7600033F9044601200349C1F88002204610BD58
:10E77000808240420080404210B500BFFFF7E6FFB4
:10E7800000F001000028F9D110BD00002DE9F05F74
:10E7900081460F461646DFF8A8B04FEA1738C7F390
:10E7A0000B0ACAF58054A64200DC344644E04FEA26
:10E7B00008314FF480525846FFF77CFF002508E0EF
:10E7C0000AEB05001BF80000FF2800D003E0681CDE
:10E7D00085B2A542F4DB00BFA54216DA4046FFF73A
:10E7E00013FF002507E019F8050005EB0A010BF8F7
:10E7F0000100681C85B2A542F5DB4FEA08314FF4F1
:10E800008052584600F02EF804E022463946484629
:10E8100000F028F8A64200D10FE008F101084FF0FF
:10E82000000AA1442744301B86B2B6F5805F02DDA2
:10E830004FF4805400E03446B9E700BFBDE8F09FD4
:10E84000002C002010B50020044908600620FBF7CA
:10E85000BBF801200249C1F8800210BD808240420D
:10E86000008040422DE9F04107460E461446F0B2C2
:10E87000C0F58075AC4200DC254612E02A463146E0
:10E88000384600F013F8AC4200D10BE02F442E4480
:10E89000601B84B2B4F5807F02DD4FF4807500E028
:10E8A0002546EBE700BFBDE8F08100002DE9F0410F
:10E8B00006460C461746FFF7C5FF00200F490860C3
:10E8C0000220FBF781F8C4F30740FBF77DF8C4F39F
:10E8D0000720FBF779F8E0B2FBF776F8002504E0B3
:10E8E000705DFBF771F8681C85B2BD42F8DB012052
:10E8F00002490860FFF740FFBDE8F0818082404296
:10E9000002490120096881F854007047780200200C
:10E910002DE9F0418AB0040036D0F3F79DFD019057
:10E92000D0E90012CDE90412876A056A01A8F3F75D
:10E93000C3FD204600F042FE060025D0204600F030
:10E94000C4F98046B80704D52A46414604A800F019
:10E9500093FF2046F3F780FD01904046F3F77CFDDE
:10E9600006903046F3F778FD039005620698019A09
:10E97000C1691162C46101A8F3F79EFD06A8F3F70F
:10E980009BFD03A8F3F798FD0AB0BDE8F0810000F5
:10E990002DE9FC5FDFF838A10746DDE90C54DAF811
:10E9A0001400DDF83CB0984691460E4604434DB93C
:10E9B000BAF8020048B347480AF138010068407CC1
:10E9C00051F82050681C0ED0FDB12846F3F744FDE5
:10E9D0000190B0F90010B0F902200F441644B9F1CB
:10E9E000000F02D006E000250FE0B0F90430591AFC
:10E9F00001F10109B8F1000F04D1B0F90600801A45
:10EA000000F1010801A8F3F757FD0BF12C00F3F713
:10EA10006CFC5FEA000B57D0BAF80200401CAAF861
:10EA200002005846F3F718FD0090078007EB090134
:10EA30004680491E818006EB0801491EC1800E995F
:10EA40000161254A816A2240114381626846F3F7D9
:10EA500033FDDAF80C005E4650B1F3F745FD07468A
:10EA60003046F3F741FD0146786948617E6101E077
:10EA7000CAF80CB02946584600F036FEA00602D56A
:10EA8000584600F067FCE00705D0DAF8201001F1E5
:10EA90000101CAF82010600602D55846FFF738FF7A
:10EAA000A0070DD55846F3F7D7FC0090816A41F0D6
:10EAB000020181626846F3F7FFFC584600F063FBF1
:10EAC0000121584601F023F95846BDE8FC9F00009B
:10EAD00078030020780200209F3F070003490020B0
:10EAE000096881F85400F7F7B3BB000078020020F2
:10EAF00010B50446C168D4E90020172A0DD004DC03
:10EB00000E2A0CD0142A07D104E0222A0CD0282A7D
:10EB100002D10CE000F00CFD0020E06010BD2146A9
:10EB2000BDE8104000F036BC6FF07040F5E7BDE87E
:10EB3000104000F028BB38B504000BD0F3F78CFC74
:10EB400000900068F5F7C0F86846F3F7B5FC20467A
:10EB5000F3F7E6FB38BD0000F8B505005CD000F027
:10EB6000E7FE002858D0284600F03AFD06460B2163
:10EB7000284601F0CCF8284600F0A1FC2846F3F71F
:10EB80006BFC0090406A08B1F4F7CCFB234C0021E9
:10EB900004F15002A162A06852F82030AB4201D1CA
:10EBA00042F820101D4A483252F82030AB4201D1C1
:10EBB00042F82010206904E04368AB4200D1416074
:10EBC00000680028F8D10721284600F012FB0098C1
:10EBD00001F03EFC284600F097FC284601F016F8AC
:10EBE0000098806AC10703D0216AA1F10101216266
:10EBF000800602D5A088401EA0806846F3F75CFC22
:10EC00006088401E60802846F3F78AFB034838304E
:10EC100050F8260000F09EFBF8BD000078030020AD
:10EC20002DE9F041002500E0012503F0FFFD00285B
:10EC3000FAD1154E154C306890F8540038B1A088C0
:10EC400028B1E069012720B10068804704E000276F
:10EC50000EE00120F6F79CF8306890F8540038B1C7
:10EC6000A08828B103F078FCA08808B10125F3E75B
:10EC70003FB1E06910B14068804702E00020F6F73C
:10EC800087F82846BDE8F08178020020780300204C
:10EC9000034804490068407C51F820007047000098
:10ECA00078020020B00300200021022802D202498D
:10ECB00051F8201008467047B003002010B5002816
:10ECC00002D0F3F711FCC06910BD10B5002802D0C6
:10ECD000F3F70AFC806910BD2DE9F04F9BB04FF0AF
:10ECE000000B5E46CDF820B0CDF824B0CDF828B0AA
:10ECF000F4F798FE18B100201BB0BDE8F08F68460D
:10ED0000F4F76AFE0098C64DC64C401C11D000981E
:10ED100000281DDB019800281ADBC3490098B1F9CF
:10ED200000100844C14900900198B1F9001008444E
:10ED30001DE00198401C1BD120689DF8081000EBD5
:10ED4000400005EB8000007A884207D15846D3E79F
:10ED50000098401C0CD10198401C09D1206800EBA0
:10ED6000400055F8201005EB8000009140680190AC
:10ED700005A800F06DFB9DF80900022800D2206074
:10ED800007AA12A92068F4F7A5F912990098401A69
:10ED9000009007990198009A401A0190206800EBB2
:10EDA000400055F8201091420AD105EB8000019AED
:10EDB0004168914204D1007A9DF8081088427CD0C5
:10EDC000DDE900019DF80920F3F79AFB984F3968B7
:10EDD00009B1684688479748216850F8210018B95A
:10EDE000DDE9000100F0B1FA06907A6812B10699E7
:10EDF000684690478A4F2068383707EBC00148685B
:10EE0000069A824201D0012200E000220DF1200981
:10EE1000F0B1EAB1486800F04FFDC8B1206807EBD7
:10EE2000C000406800F03DFD90B19DE8070008ABD0
:10EE300007C31220CDF844900E90206807EBC00065
:10EE400040680EA900F089FF206807EBC00046600B
:10EE5000069800F031FD00287ED00699206807EB67
:10EE6000C002516000EB400005EB80009DF80810E7
:10EE7000007ADFF8ACA188420AF1280A5DD0069832
:10EE8000C0B30698F3F7E8FA9DF8081013908DF8D0
:10EE90003410216801EB410105EB8101097A8DF8FD
:10EEA0003510B0F900200099891A0B91B0F90200D1
:10EEB0000199081A0C9013A800E0ACE0F3F7FCFAF3
:10EEC0000BA8119011200E90206800EB400105EB7B
:10EED000810191E88C000492CDE914379DF8082057
:10EEE0000A729DF8281031B10AEBC0014F68069AEA
:10EEF0004A6001E021E000270AEBC000D0F804805E
:10EF000006980EA900F0E2FE21680AEBC1004368F2
:10EF1000434501D04068069001EB410005EB8003BA
:10EF2000DDE91412049807C33FB1384600F05DF9DB
:10EF300018B121680AEBC100476020689DF80810ED
:10EF400000EB400805EB8802137A0B434BD00C23EF
:10EF50004FF0010B574600E052E00AEBC0000E9361
:10EF60004368DDF818C09C4515D043689BB109B1D2
:10EF7000119608E055F828100891516809918DF80C
:10EF80002860CDF8449040680EA900F0E6FE2068A5
:10EF900007EBC000466020689DF8081000EB4002B7
:10EFA00005EB82021172069951B39DE80E000DF136
:10EFB0002008A8E80E009DF8281021B1069907EB5B
:10EFC000C000416008E01C48007808B100F044F936
:10EFD000206807EBC00046600698CDF844900EA963
:10EFE00000F0BBFE0CE0069850B1069800F059FC0A
:10EFF00030B19DE8070008AB07C310200E90EBE787
:10F0000021689DE81C0001EB410005EB80001CC05D
:10F01000684600F013F905A800F0E2FD96E600004E
:10F02000507B012080030020A8020020AA020020BB
:10F0300008040020C0030020D00300202DE9FF5F5A
:10F040002C4D6878002853D100272B48EF60AF6221
:10F050000068DFF8A8903C464764AF806F804FF0AF
:10F06000020A4FF0FF3B40F6FF7805F138062046D4
:10F07000F3F770FB98B1CDE90297CDE900BA002112
:10F08000424643460846FFF783FC1A4A46F82400E6
:10F0900040326FF0704142F8241000F074F8641CA4
:10F0A000022CE4DB164FDFF85C80DFF85C90002474
:10F0B00007EBC40000F0CCF908EBC40000F0C8F97D
:10F0C00009EBC40000F0C4F9641C022CF0DB3068CA
:10F0D00000F040F9FFF714FC012006496870303158
:10F0E0000A48086004B00846BDE8F05FF5F708BFBD
:10F0F000BDE8FF9F780300207802002041610108ED
:10F10000687B0120787B0120887B01206D3C010811
:10F1100070B586B00D4606002CD0F3F79DF900902F
:10F12000846AA10723D5D0E90010CDE90110E003DE
:10F1300002D5304600F02DFB5DB128680390686869
:10F14000049003A9009800F08BF903A901A8F5F732
:10F15000D9FD314601A800F08BF940B140F601001D
:10F160000440012C08D001A9304600F00FFB68468E
:10F17000F3F7A2F906B070BD0098026A816901A890
:10F1800000F07AFBF3E70021FFF7C2BFFEB515469A
:10F190000E4604001CD0F3F75FF90246009090F889
:10F1A0002800800711D5314601A8F5F7C8FD60B1E8
:10F1B0006846F3F781F92A4601A9204604F0D4FBFA
:10F1C0002046FFF77BFD04460CE06846F3F774F930
:10F1D000FEBD2A4601A92046FFF7D8FF2046F3F7D7
:10F1E00083F9046A002CF4D1FEBD00F0A1BB00F04D
:10F1F000B1BB1FB5262203910092694600F0CAF800
:10F200001FBD000010B50C4C0A4A034624680020BC
:10F2100086B052F82420002A0AD00E200090CDE9B2
:10F22000043104A803906946104600F031FD012026
:10F2300006B010BDC803002080030020054A01EB82
:10F24000410102EB8101D0E9002380680A60C1E935
:10F2500001307047147C012000F0ACBC70B515463D
:10F2600006468AB00C4651EA05006CD0002E6AD0E2
:10F270003046F3F7F1F80590D0E90012CDE902121B
:10F28000CDE9061284B1816A0A0608D5890506D43B
:10F29000BDF81810A1EB0401ADF8181004E0BDF89A
:10F2A0001C102144ADF81C1085B1816ACA0508D52F
:10F2B000490506D4BDF81A10A1EB0501ADF81A10E6
:10F2C00004E0BDF81E102944ADF81E10806AC0038A
:10F2D00002D5304600F05DFA05AB07CBC0E900125D
:10F2E00090F8280080070AD506AA02A908A8F4F712
:10F2F00037FB0598026A816908A800F0BDFABDF9DC
:10F300001E00BDF90E10401A0090BDF91C00BDF999
:10F310000C10431ABDF91A00BDF90A10421ABDF9C2
:10F320001800BDF90810411A059800F031FD059943
:10F3300001F10800F5F7E6FC0521304600F0E7FC96
:10F3400005A8F3F7B9F80AB070BD0A4601460020D7
:10F3500004F09CBE70B50C4D04002868866C01D189
:10F360000A49CC688464204600F088FCF6F770FFF8
:10F370002046F3F7B9F82968B0F90020CA64B0F95B
:10F3800002000865304670BD780200207803002036
:10F3900000F0AABC70B50C00054609D0FFF795FC3B
:10F3A000002805D02146A560BDE8704000F070BC83
:10F3B00070BD000010B5F2F7A3FD024900200968F6
:10F3C000486410BD78020020F8B516460C460500CA
:10F3D00018D0F3F741F80090B0F90410B0F900200C
:10F3E000891A641AB0F90610B0F90200641E081AEE
:10F3F000361A761E6846F3F75FF8324621462846ED
:10F40000FFF72CFFF8BD00000EB50E48006890F81D
:10F41000541009B10C4811E0806CF3F71DF800900E
:10F42000D0E90010CDE901106846F3F745F8074828
:10F43000416A11B101A800F01BF801A804F060FEB8
:10F440000EBD000078020020DC7A01207803002045
:10F4500002490A68026008607047000088030020C3
:10F460000B46B0F90220B0F900101846F4F7A4BA20
:10F4700038B50C4605462046F2F7EEFF01460090EF
:10F4800090F82800800703D46846F3F715F812E0D7
:10F490002846F5F737FC0098806920B10446684695
:10F4A000F3F70AF8E7E76846F3F706F8204600F0B6
:10F4B000D9FF002801DA002038BD012038BDF8B599
:10F4C00005466846F4F722FC1AE001212046F4F7CD
:10F4D00009FC009981B178B10846F3F705F8406856
:10F4E000A84209D169462046009EF4F723FC044651
:10F4F0003046FFF720FB04E069462046F4F71AFC8B
:10F500000446002CE1D1F8BD38B50446F2F7A4FF5B
:10F510000090816941B1026A00F0AEF9204600F026
:10F520008DFB0099002088616846F2F7C5FF38BD61
:10F5300038B50C4600280AD0002C08D0F2F78CFF12
:10F540002146009000F004F86846F2F7B5FF38BD98
:10F5500000224A800A8082880388D21A8A80C28860
:10F560004088101AC880704710B5FFF7AEFB00281E
:10F5700002D0F2F7B9FFC06910BD00000D4810B508
:10F58000006890F85400002806D00B4C60690128F0
:10F5900003DD401E6061002010BD2069401C206119
:10F5A00003F0DEFB18B1FFF72FFF012010BD6069EB
:10F5B000EFE7000078020020D47A012070B50546FC
:10F5C000FFF7D2FF08E0AC4201D1002406E0F2F7D9
:10F5D0008BFF006AA84201D00400F4D1204670BD20
:10F5E00010B50446F2F780FF80690028F9D1204663
:10F5F000BDE8104000F036BFF0B5384E074687B082
:10F60000306890F8541041B1354C6169491C616112
:10F61000012905DD012007B0F0BDFFF7F5FEF9E790
:10F62000806CF2F719FF2F4D4FF0FF3100902161F0
:10F63000297821B181680291C068039007E090F8B1
:10F64000281089073CD5D0E90010CDE902101FB180
:10F65000394602A8F5F756FB3068406C78B300983D
:10F6600004903068406C0168059140680690686AB3
:10F6700030B104A8F2F720FF686AF2F7EDFE0490BB
:10F6800005A90498FFF7ECFE05A902A8F5F73AFBD7
:10F690000DF11000F2F710FF696A19B102A8FFF727
:10F6A000E7FEB0B13068816C02A8FFF7E1FE80B1DF
:10F6B000DDE90201C4E90001FFF760FFABE706E006
:10F6C0006069401E60616846F2F7F6FE04E0684635
:10F6D000E0E76069401E606100209CE7780200203E
:10F6E000D47A012078030020FEB50D00044647D0EF
:10F6F000F2F7B2FE00900021856101622846F2F720
:10F70000ABFE00990290C56991F8281001F0080637
:10F710002DB12846F2F7A0FE019036B115E0C46184
:10F720006846F2F7C9FE02A828E090F82800000712
:10F730000BD5009805620298C4616846F2F7BCFEDA
:10F7400002A8F2F7B9FE01A818E002A8F2F7B4FE89
:10F7500001A8F2F7B1FE2846F2F7C6FE11E00462F6
:10F760000BE02846F2F7C0FE5EB990F828100907B2
:10F7700007D501980462009805626846F2F79CFE7E
:10F78000FEBD0190056A002DEBD1E8E7202204F0D0
:10F79000EBB838B504001ED0F2F75EFE009090F88A
:10F7A0002810890714D5406A20B1F3F7BBFD0099F2
:10F7B000002048622046FFF781FA044606E0204612
:10F7C000FFF7E7FF2046F2F78FFE046A002CF6D120
:10F7D0006846F2F771FE38BD70B5064615460C4610
:10F7E0000846F2F781FE806AC00302D54FF48043D9
:10F7F00000E020232A4621463046BDE87040AFF3A2
:10F8000000802DE9FF419846164607460D0031D08D
:10F810000846F2F721FE0090846A0246A00726D52A
:10F82000394601A8F5F78BFA08B340F60100044009
:10F83000012C07D0424601A9284604F095F800980B
:10F84000C46912E000984346026A816901A8FFF783
:10F85000D8FFF4E7B4420AD0424601A92046FFF798
:10F8600095FC2046F2F740FE046A002CF2D168466F
:10F87000F2F722FEBDE8FF812023FFF7C2BF0000A0
:10F8800070B50C46002550B14CB100BFF2F72CFE0C
:10F890008069A04201D1012501E00028F6D1284667
:10F8A00070BD10B50124F2F71FFE90F82800C006C5
:10F8B00000D50024204610BD70B5104D06460E4CF4
:10F8C000286804EBC00041683046FFF7D9FF29687B
:10F8D00004EBC102516829B100215268B24203D140
:10F8E000012202E00121F8E700220143114301D087
:10F8F000012070BD002070BD687B012080030020C6
:10F9000090F828309B0711D5B0F900308B420DDC00
:10F91000B0F904308B4209DBB0F90210914205DCEA
:10F92000B0F90600904201DB0120704700207047CB
:10F9300010B504460648C06806E0A04201D1012087
:10F9400010BDF2F7D1FD40690028F6D110BD0000CE
:10F9500078030020F0B58BB006004FF0000015468C
:10F960000C4604900590069007903DD054EA05009F
:10F970003AD03046F2F770FD0090D0E90012CDE9A0
:10F9800002122A462146F4F717F800982A46214623
:10F990000830F4F711F80098C7696846F2F78CFD53
:10F9A0002A462146384604F077F83046F2F754FDEF
:10F9B000009090F8281089070AD5816941B1026A40
:10F9C000FFF70AFF0098026A816902A8FFF704FFA7
:10F9D0006846F2F771FD0320049007AA08A831C217
:10F9E00004A9304600F054F90BB0F0BD2DE9F14107
:10F9F00087B000250798F2F72FFD0190D0E9021299
:10FA0000CDE9031207698669846A01A8F2F754FDFB
:10FA100044F2200814EA080F30D0DFB103A8079998
:10FA2000FFF726FDB0B10798FFF794FC60070DD5EE
:10FA300056B144F30000401C0090002307AA11496E
:10FA400003A8F3F78FFC05E00120F5E7079800F025
:10FA500065F801250798F2F7FFFC0190816A21EA19
:10FA6000080181628A0402D541F00401816201A883
:10FA7000F2F722FD04498888401E888008B0284695
:10FA8000BDE8F081D55F010878030020F0B589B0AA
:10FA90000546F2F7E1FC0290866A0469D0E902109B
:10FAA000CDE9001002A8F2F707FD002C31D0B00715
:10FAB0002FD52E212846FFF76BFC174C6F46207878
:10FAC00000F101002070F0044FF00F0609D5CDE9D8
:10FAD00004650797FFF76EFC04A9284600F0D8F8E4
:10FAE00010E03846FFF788FD0AE0CDE90465079786
:10FAF000FFF760FC04A9284600F0CAF8FFF73EFDB6
:10FB00000028F2D120782F21401E20702846FFF7D0
:10FB10003FFC09B0F0BD00007803002038B5044672
:10FB2000F2F79AFC0090806A40F601010840012833
:10FB300005D06846F2F7C0FC204604F0B1F814483E
:10FB4000006A002823D0204604F002F92046F2F78C
:10FB5000CBFC8569046A18E02046F2F7C5FC90F8F2
:10FB60002800C043800702D1204604F0ABF82046AD
:10FB700004F0EEF82046F2F7B7FC046A002CEBD153
:10FB80002846F2F7B1FC8569046A002DF6D138BD2C
:10FB900078030020B0F90010B0F90420914205DC90
:10FBA000B0F90210B0F90600814201DD0020704773
:10FBB000012070477FB5094D074C286854F8200094
:10FBC000002808D018210091694600F061F82968E2
:10FBD000002044F821007FBDC003002080030020E6
:10FBE000094B1968002905D00022814206D1086816
:10FBF0000AB1106070470028186070470A4609680B
:10FC00000029F2D1704700008803002070B5054636
:10FC10000948C0680CE000BFF2F766FC0446406982
:10FC2000A84205D12846F2F75FFC4069606170BDCB
:10FC30000028F1D170BD00007803002070B50646A1
:10FC4000F2F752FC05468069002809D0F2F74CFC17
:10FC50000446C069B0420ED1F2F746FC006AE0618A
:10FC600070BD00BFF2F740FC0146006AB04202D10D
:10FC7000286A086270BD0028F4D170BD10B5FFF786
:10FC8000AFFC002803DBBDE81040F3F767BF10BDF1
:10FC900070B50D4C06460D46206814280DDA304626
:10FCA000F2F722FC01696E6041B12068401C2060BF
:10FCB000284688472068401E206070BD2846BDE861
:10FCC0007040FEF715BF00000404002070B50C461C
:10FCD0000546FFF7E6FD002805D021462846BDE889
:10FCE0007040FFF7D5BF70BD7FB50546002000907E
:10FCF0000190029003900C462846F2F7F5FB02694A
:10FD0000002A03D06846CDE9004590477FBD1FB566
:10FD1000CDE900106946FFF7BBFF1FBD7FB5054663
:10FD20000E464868C9680391CDE901050D202C46AF
:10FD3000009008E02046FEF7C8FF040003D06946A3
:10FD40000396FFF7C3FF2046FFF74FFA0028F1D1D3
:10FD500031462846FFF7BAFF7FBDF8B5CC680D469F
:10FD6000064684B1F2F778FB0090B0F900002168F4
:10FD7000081A206000996068B1F90210401A6060AA
:10FD80006846F2F799FB29463046FFF7C7FFF8BDF2
:10FD90002DE9FF4F81B09B46C66962E03046F2F71D
:10FDA0005BFB01460090D1E90004896A254601F415
:10FDB00020730246802B09D0B3F5207F029B1344A9
:10FDC00006D063F30F02029B234405E002EB0B0312
:10FDD00063F30F0204EB0B0301F4A06163F30F0460
:10FDE000B1F5807F0BD0B1F5A06F03994FEA2243A4
:10FDF00007D0194461F31F422314039906E00E99BA
:10FE00001314194461F31F420E99231419440FFA75
:10FE100082FA61F31F440FFA80F917144FEA204861
:10FE2000AAEB0901A7EB080251EA020002D0304612
:10FE3000FFF7DDF92AB221B2A2EB0900A1EB0A011A
:10FE4000091AC7EB2440C8EB2542821A51EA020086
:10FE500002D03046FFF702FA0098066A6846F2F7C9
:10FE60002BFB002E9AD105B0BDE8F08F30B50B4CBE
:10FE700023680C2B10DA0A4A190009D002EB41055D
:10FE800035F9025C854203DB22F81150491EF5D199
:10FE900022F811005B1C236030BD0000D802002056
:10FEA000AC7A01202DE9F0411B4D0C460646A968AD
:10FEB000686B0144491EA019884205D8016819B928
:10FEC00041680E4404F01CF8686BA0420AD254F852
:10FED000040C271A386828B978680644384604F0B4
:10FEE0000FF83C46304603F08BFA05EBC00732466C
:10FEF000002120463B6C04F0F7FD57F8400F083412
:10FF000000B144602060002060603C60286830449C
:10FF100028603046BDE8F0816C7901202DE9F04180
:10FF2000054603F0CFFC2B48C46BAC4202D8ED1C55
:10FF300025F00304804600680C34A04202D2002061
:10FF4000BDE8F08103F052FF0600F9D0204603F02F
:10FF500057FA424611E000BF02EBC001096C59B1EB
:10FF60008D686B68A3420BD2A96829B18D686B6854
:10FF7000A34205D2002DF7D1401C1028ECD31FE07E
:10FF8000F5B1D8F83C00191B0C301F46814200D255
:10FF90003C46284603F0B4FF0421D8F8300001EBBA
:10FFA000C6010023455022463146284604F09CFDF8
:10FFB000A74203DD2919381BFFF774FF3046BFE75E
:10FFC000204603F0E5FF0028C0D0304603F02EFFA6
:10FFD000B5E700006C790120B4EE601AF1EE10FA7A
:10FFE00002D1B0EE600A704732EE612A71EE602AEB
:10FFF00070EE600AB0EE610A82EE221A00EE810A0B
:020000040801F1
:1000000070470120704710B54943541A0368914264
:1000100002D30021016010BD5B1C03FB03F1A14270
:10002000FAD35B1E036010BD02494969096809697A
:1000300009680847AC0200200449054A0968497C60
:1000400052F82110096809690968084778020020F8
:10005000F4020020F0B40F4C246814B1A446F0BCA4
:1000600060470D4DDFF834C010C855FA84F6377874
:10007000C4F30726C4F307441CF806602C5D521E27
:1000800004EB461404EBC7240C801944ECD1F0BCFB
:10009000704700005C02002090F8010890F9010808
:1000A0002DE9F0411B4E0446154670690068006951
:1000B000076927B12046BC46BDE8F0416047012BE7
:1000C0000FD0022B19D0042B09D10F46716901CC36
:1000D000096809690968884701C76D1EF6D1BDE83E
:1000E000F0810F46716901CC096809690968884780
:1000F00007F8010B6D1EF5D1F1E70F46716901CCD0
:10010000096809690968884727F8020B6D1EF5D14F
:10011000E5E70000AC0200202DE9F041224F054642
:10012000DFF88880386816460C46407C58F8200076
:1001300000680069D0F810C0BCF1000F03D0284659
:10014000BDE8F0416047012B11D0022B1DD0042BDC
:100150000BD1396801CD497C58F82110096809692B
:100160000968884701C4761EF3D1BDE8F08139687B
:1001700001CD4A7C58F82210096809690968884746
:1001800004F8010B761EF2D1EFE7396801CD497C06
:1001900058F82110096809690968884724F8020B92
:1001A000761EF2D1E1E7000078020020F402002080
:1001B00010B510C80C601944521EFAD110BD0000D1
:1001C0002DE9F0478146F5F703FC4FF0000807469C
:1001D0006FF07F444546F5F713FC060018D000BFCA
:1001E00056F82510494502D12846BDE8F0876D1C18
:1001F000BD42F5DB5FF00005484656F82510F2F7E2
:10020000B7F9A04201D20446A8466D1CBD42F3DBFB
:100210004046EAE77047000010B5084A52FA80F1FC
:10022000074BC0F30724C0F307401B5D105C09783F
:1002300000EB431000EBC12010BD000090F8010856
:1002400090F901082DE9F05F9A46DDE90A879146A9
:100250000C4605468B46164635F8020B4146884744
:10026000B84701C4761EF7D15046BAF1200F06D226
:10027000024649465846BDE8F05FF4F7E9B8BDE8E4
:10028000F09F2DE9F041054640690E463421008873
:1002900001EB8000F2F724F80746F2F7DDF8044698
:1002A00028688069F2F756FAC1688A6A082190477F
:1002B000032810DB04280DDD082809DD102803DDE4
:1002C00020200421A06108E010200221A06104E0A8
:1002D000082000E004200121A061216168690088F4
:1002E000E06148436061F2F797F86169814200DD9F
:1002F000606104F1340000212060C4E9027184F8D7
:100300003060012E05D0E1696FF0030202EB81013C
:10031000084460602046BDE8F08100002DE9F0430C
:1003200085B08146F2F798F80390B0F90080B0F9F3
:100330000270B0F90440B0F90650466A03A8F2F71B
:10034000BBF8A4EB0804ED1B641C6D1C002C01DD44
:10035000002D03DC002005B0BDE8F083AEB13046CF
:10036000F2F77AF80490B0F90440B0F9065004A806
:10037000F2F7A2F84046444501D1BD424FD00146B4
:100380003A463046F3F738F949E0FEF781FC8145FB
:1003900013D1F5F769FB0646F5F772FBB44201DCB1
:1003A00085420ADDB44200DD3446854200DD054663
:1003B0002A4621464846FFF707F81D4A1D490120F5
:1003C0008DE807002B46224639464046F3F776F97A
:1003D00006464846F2F740F8039046620EB3816A3B
:1003E00041F48031816203A8F2F766F83046F3F7F2
:1003F000D9F807460120F4F719F83046F3F756F814
:100400000D496C43A2000978F4F7BCFD4846FFF79C
:100410003DFB0020F4F70AF83846F3F7C3F83046FE
:1004200099E703A8F2F748F84846FFF72FFB91E752
:10043000B0190208201A020800040020034988426B
:1004400002D101F13C0070470C387047C07B01209D
:1004500010B50446E069FEF77FFBE0690028F9D19A
:1004600010BD00000146064A002000BF52F82030AF
:100470008B4204D0401C0228F8DB4FF0FF3070475D
:10048000B0030020F7B51546184A01A90098126874
:100490009047174C00902068406920B12946F3F737
:1004A00021FB002821D00120F4F772FC2068C069EC
:1004B000406920B18268DDE90001904712E00D4DEE
:1004C0000CE06846F3F73EFE06462068C069016806
:1004D00030468847296809B1304688470198401E50
:1004E0000190EED50020F4F753FCFEBDDC030020A4
:1004F00078020020A00200202DE9F04FDFF8BCA216
:1005000081462DED088B83B0F6EE000A0E46D046EC
:10051000DDE91445DAF80000179F007E00EE100AAE
:10052000B8EE401A00EE102AF8EEC08A00EE100A6B
:100530004FF47A70444341EE608AB8EE401A00EE00
:10054000102A2046B8EEC08A01EE208AF4F7E0FCBB
:100550000AEE100A4FF47A7045432846F4F7D8FCA7
:1005600009EE900A2046F4F7DBF809EE100A284657
:10057000F4F7D6F868EEA80A00EE100AFCEEE00ADE
:1005800010EE900A68EE080A0290FCEEE00A10EE07
:1005900090BAF8EECA0A68EEA00AFDEEE00A10EE84
:1005A000900A001400EE900AF8EEE0AAF8EECA0AEB
:1005B00068EE200AFDEEE00A10EE900A001400EE4C
:1005C000900AB8EEE0AAF8EEE90A68EEA00AFDEE9D
:1005D000E00A10EE900A001400EE900AB8EEE0BABD
:1005E000F8EEE90A68EE200AFDEEE00A10EE900A45
:1005F000001400EE900AF8EEE09AF8EEC90A68EEF0
:10060000A00AFDEEE00A10EE900A001400EE900A37
:10061000F8EEE0BAF8EEC90A68EE200AFDEEE00A4C
:1006200010EE900A001400EE900AB8EEE09AF8EE90
:10063000C00AB8EEC00A68EEA00A28EE000AFDEE75
:10064000E00ABDEEC00A10EE900A001400EE900A17
:1006500010EE100AF8EEE08A001400EE100A1AEE0E
:10066000900AB8EEC08A07F0C3FC41EC100B04F00E
:1006700037FE51EC100B07F001F9054619EE900A10
:1006800007F0B6FC41EC100B04F01AFF51EC100B14
:1006900007F0F4F8D8F800104969E9B1012F02D049
:1006A0007A1C0DD018E0B1F90620921B824200DAC4
:1006B0001046B1F90210891BA9420DDD0D460BE071
:1006C000B1F90620921BAA4200DA1546B1F90210D0
:1006D000891B814200DD08460021009104460191FA
:1006E00064E0214601A8029AFFF78DFC5A46214694
:1006F0006846FFF788FCBDEEC90A009810EE101A94
:10070000401E0090884201DD8DED000A00EE104A87
:10071000B8EEC00AB4EECA0AF1EE10FA12D200EE38
:10072000104AB0EE492AF0EE6B1AB0EE4A1AF0EE1B
:100730006A0AB8EEC00AFFF74FFCBDEEC00A10EE21
:10074000100A00E0009800EE104A8046B8EEC00A99
:10075000B4EECB0AF1EE10FA12DD00EE104AB0EE64
:10076000482AF0EE681AB0EE691AF0EE4B0AB8EEBD
:10077000C00AFFF731FCBDEEC00A10EE100A00E01F
:1007800001981699002905DD07FB046108EB0902B1
:10079000484405E0A9EB000207FB0461A9EB08004F
:1007A000DAF80030DB6E1B689847641EAC4298DABA
:1007B00003B0BDEC088BBDE8F08F0000780200208C
:1007C0002DE9F04781460C4617461D46DDF820808E
:1007D000B9B2A0B2F5F75CFD09480089094909687A
:1007E000088007E02E88084800680680A8F1010804
:1007F000641CAD1CB8F1000FF4DCBDE8F08700000C
:100800002C290020A0000020A40000202DE9F04F9A
:1008100085B091468A461F46834604AA03A90E9CCA
:1008200002F022FE124D2346D5E90101039A8DE81C
:1008300007004A465146584602F080FD2D1D60CD06
:10084000039937F8020B56F8048B8847414603F0AA
:1008500005F90499884701C5641EF1D123464A462B
:100860005146584601F052FC05B0BDE8F08F00003B
:10087000DC0200202DE9FF4F83B081460E461C4666
:10088000DDE9117A109DDAF800000290DAF8040030
:1008900001902E4432480068007C00F0030030B123
:1008A000012836D002281CD0032855D130E000BFE3
:1008B000207880222A41104008B1019800E0029877
:1008C00003463146761C4846059A03F01DFD681C18
:1008D0000546082801D10025641C781E071EE7D1B3
:1008E0003AE000BF207880212941084028B13146F4
:1008F0004846019B059A03F007FD761C681C0546D7
:10090000082801D10025641C781E071EEAD123E0C7
:1009100000BFD9F8101088688047804600BF207853
:1009200080212941084060B131464846059A02F0CD
:1009300075FD83468BEA080331464846059A03F065
:10094000E3FC761C681C0546082801D10025641CC0
:10095000781E071EE3D100BF00BF07B0BDE8F08FCF
:10096000780200202DE9FF4F87B0DFF86CB1DDE998
:100970001550149CD0E90070824656481E4601EB83
:10098000040800684FF08009007C10F0030021D0BB
:10099000012803D0022858D003287DD10798006988
:1009A000806880470746317829FA04F001420BD06D
:1009B0004146099A079802F045FD80EA070341463F
:1009C000099A079803F057FD641C08F10108082CE8
:1009D00079D07AE004AA03A90595079802F044FDAE
:1009E000DBE90102CDE90002039902912B46414661
:1009F000099A079802F0A2FC0399384688470090AC
:100A000003995046884782460027CB4631782BFA17
:100A100004F0014201D0504600E00098DFF8B890A1
:100A2000D9F8081051F8271003F018F804998847EE
:100A3000D9F80410641C082C41F8270001D10024C7
:100A4000761C7F1C6D1EE1D133E004AA03A9059535
:100A5000079802F009FDDBE90102CDE900020399E4
:100A600002912B464146099A079802F067FC0399C8
:100A7000504688470027DA460090317829FA04F07A
:100A800001420ED0DAF8080050F82710009802F062
:100A9000E5FF0499884700E011E0DAF8041041F816
:100AA00027007F1C641C082C01D10024761C6D1EBD
:100AB000E3D14146059B099A079801F027FB0BB04B
:100AC000BDE8F08FFFE70024761C6D1E7FF46BAF4E
:100AD000F5E7000078020020DC0200202DE9FF5F2E
:100AE0009046DDE90E924B4B99F80050C2F1080494
:100AF0008A465D5DDDE91071D540474A139E126854
:100B0000127C12F0030225D0012A03D0022A37D02A
:100B1000032A7DD10069806880471FFA80FBBC42B0
:100B200000D93C463F1BBAF1000F65D0E8070AD058
:100B3000DAF808004146039A03685046984731881E
:100B400081EA0B013180B61C6D0808F10108641EB2
:100B5000ECD15BE02F4ABC4200D93C46B7EB04071E
:100B600005F001006D0831F8200026F8020B641E24
:100B7000F6D1002F4CD019F8010F0824155CEAE7D4
:100B800088881FFA80FBBC4200D93C463F1BBAF163
:100B9000000F16D08DB1E80708D0DAF808004146FA
:100BA000039A036850469847A6F800B0B61C08F1AF
:100BB0000108641E11D06D08ECE706EB4406A04462
:100BC0000BE045B1E80701D0A6F800B0B61C641EE2
:100BD00003D06D08F5E706EB4406002F18D019F88E
:100BE000011F0C480824455CCDE719F8011F09488E
:100BF0000824455C93E70BE0E80703D0308880EADF
:100C00000B003080B61C6D08641EF5D1002FECD1AE
:100C1000BDE8FF9F78FC0108780200202DE9FF4F16
:100C200081B08A46DDF8388011ACDFF8FCB098F866
:100C300000509146DDE90F1745CC1BF80550C1F176
:100C40000804CD4039495B460968097C11F003016D
:100C50001ED0012903D002292FD0032961D11068A9
:100C60000069806880475946BC4200D93C463F1B1A
:100C7000EA0702D0326842403260361D6D08641EB9
:100C8000F6D1002F4DD018F8012F08248D5CEBE72A
:100C90001946BC4200D93C46B7EB040705F00102F7
:100CA0006D0850F82220641E04C6F7D1002F38D0FA
:100CB00018F8012F08248D5CEBE740680090BC42D7
:100CC00000D93C463F1BBAF1000F16D08DB1E807A2
:100CD00008D0DAF808004946049A03685046984755
:100CE00000983060361D09F10109641E11D06D08AD
:100CF000ECE706EB8406A1440BE045B1E80701D020
:100D000000983060361D641E03D06D08F5E706EBD1
:100D10008406002F05D018F8011F08241BF8015085
:100D2000CDE705B0BDE8F08F78FC0108780200201F
:100D30002DE9FF4F81B00F469846DDE90F9A98F8EC
:100D400000B00E9D0E9D2F4453480068007C00F0BB
:100D5000030010B102284BD14BE0BAF1000F25D0AF
:100D600000BFC5F103004400C4F10601C0200841E2
:100D700000EA0B0020FA04F65AF8260000903946E3
:100D80007F1CDDE90030039A03F0BEFA681C0546BB
:100D9000042805D1002508F10100804690F800B034
:100DA000A9F10100B0F10009DBD121E000BFC5F1DC
:100DB00003004400C4F10601C020084100EA0B0012
:100DC00020FA04F639467F1C3346039A019803F053
:100DD0009BFA681C0546042805D1002508F101008E
:100DE000804690F800B0A9F10100B0F10009DED111
:100DF0004DE0BAF1000F26D000BFC5F1030044005A
:100E0000C4F10601C020084100EA0B0020FA04F6F4
:100E100046B15AF8260000903946DDE90030039AC1
:100E200003F072FA7F1C681C0546042805D10025D2
:100E300008F10100804690F800B0A9F10100B0F17E
:100E40000009DAD122E000BFC5F103004400C4F17B
:100E50000601C020084100EA0B0020FA04F62EB17A
:100E600033463946039A019803F04EFA7F1C681CFA
:100E70000546042805D1002508F10100804690F8B8
:100E800000B0A9F10100B0F10009DDD100BF00BF41
:100E900005B0BDE8F08F0000780200202DE9FF5F6B
:100EA000424893460EAA0068B2E89002007C0D19F1
:100EB0001E7810F0030198464FF0C0001CD00229A4
:100EC00037D1B9F1000F55D04FEA000AC4F1030041
:100ED0004100C1F106022AFA02F03040C84006D0B3
:100EE00059F820305A462946009803F0C4FA6D1C80
:100EF000641C042C38D03AE0B9F1000F1BD08246B4
:100F0000C4F103004100C1F106022AFA02F03040A8
:100F1000C840294659F820306D1C5A46009803F005
:100F2000AAFA641C042C02D118F8016F00247F1E59
:100F3000E6D1BDE8FF9F8146C4F103004000C0F147
:100F4000060129FA01F33340C34029466D1C5A4675
:100F5000009803F090FA641C042C02D118F8016F79
:100F600000247F1EE8D1E4E718F8016F00247F1EFB
:100F7000ACD1DEE74FEA0009C4F103004000C0F144
:100F8000060129FA01F33340C34004D05A462946EA
:100F9000009803F070FA6D1C641C042C02D118F840
:100FA000016F00247F1EE7D1C3E700007802002014
:100FB0002DE9FF5F8B460FA9DDF83880B1E82104E9
:100FC000C0F10401CCB298F80010400081402F48D5
:100FD000129F91460068CEB2007C10F0030004D04E
:100FE00001283AD002284FD114E0AC4200DDECB227
:100FF0002D1BB1093AF8210027F8020BB006060EA6
:10100000641E14F0FF04F4D1002D3DD0042418F820
:10101000016FEAE7AC4200DDECB22D1BB0090DD048
:10102000B109BBF1000F3AF82100388006D0DBF897
:1010300008004946039A036858469847B006BF1C03
:10104000060E641E09F1010914F0FF04E6D1002D1B
:101050001AD0042418F8016FDCE7AC4200DDECB2D2
:101060002D1BB00903D0388880F0FF003880B0060F
:10107000BF1C060E641E14F0FF04F2D1002D03D035
:10108000042418F8016FE8E7BDE8FF9F780200200C
:101090002DE9FF5F8B460FA9DDF83880B1E8210408
:1010A000C0F10401CCB298F80010400081402F48F4
:1010B000129F91460068CEB2007C10F0030004D06D
:1010C000012839D002284ED113E0AC4200DDECB249
:1010D0002D1BB1095AF8210001C7B006060E641E87
:1010E00014F0FF04F5D1002D3DD0042418F8016F51
:1010F000EBE7AC4200DDECB22D1BB0090DD0B1091D
:10110000BBF1000F5AF82100386006D0DBF8080068
:101110004946039A036858469847B0063F1D060E95
:10112000641E09F1010914F0FF04E6D1002D1AD064
:10113000042418F8016FDCE7AC4200DDECB22D1B93
:10114000B00903D0386880F0FF003860B0063F1D5A
:10115000060E641E14F0FF04F2D1002D03D0042407
:1011600018F8016FE8E7BDE8FF9F00007802002053
:101170002DE9F04107460D4690461C46069E08E0C4
:10118000424629463846236803F0BEF8761E6D1C99
:10119000241D002EF4DCBDE8F08100002DE9F04FA5
:1011A00085B091468A461F46834604AA03A90E9C31
:1011B00002F05AF9114D2346D5E90101039A8DE851
:1011C00007004A465146584602F0B8F82D1D60CD3A
:1011D00001CF039956F8048B8847414602F03EFC44
:1011E0000499884701C5641EF2D123464A465146F8
:1011F000584600F08BFF05B0BDE8F08FDC02002000
:101200002DE9F0479946DDE908540A9F92465FEAC6
:101210000108064608D0D8F8080023464A46D0F808
:1012200004C051464046E0473069C06830B1A20072
:1012300029463846BDE8F047EFF759BA2846214617
:10124000002604C8120E02D1761C491EF9D156B1EF
:10125000B20029463846EFF74AFA07EB860705EB56
:101260008605A41B0CE02868010EFF2905D2C1F1F8
:10127000FF023968F3F7EAFD38603F1D2D1D641E3B
:10128000002CDBD1BDE8F0872DE9FF4F81B00F4680
:101290009846DDE90F9A98F800B00E9D0E9D2F44F8
:1012A00053480068007C00F0030010B102284BD1C5
:1012B0004BE0BAF1000F25D000BFC5F1010084005A
:1012C000C4F10401F020084100EA0B0020FA04F602
:1012D0005AF82600009039467F1CDDE90030039A59
:1012E00003F012F8681C0546022805D1002508F114
:1012F0000100804690F800B0A9F10100B0F10009AA
:10130000DBD121E000BFC5F101008400C4F104017C
:10131000F020084100EA0B0020FA04F639467F1C51
:101320003346039A019802F0EFFF681C0546022835
:1013300005D1002508F10100804690F800B0A9F120
:101340000100B0F10009DED14DE0BAF1000F26D066
:1013500000BFC5F101008400C4F10401F020084180
:1013600000EA0B0020FA04F646B15AF82600009075
:101370003946DDE90030039A02F0C6FF7F1C681C85
:101380000546022805D1002508F10100804690F8A5
:1013900000B0A9F10100B0F10009DAD122E000BFEC
:1013A000C5F101008400C4F10401F020084100EA05
:1013B0000B0020FA04F62EB133463946039A019801
:1013C00002F0A2FF7F1C681C0546022805D10025FB
:1013D00008F10100804690F800B0A9F10100B0F1D9
:1013E0000009DDD100BF00BF05B0BDE8F08F0000EF
:1013F000780200202DE9FF5F424893460EAA00685C
:10140000B2E89002007C0D191E7810F00301984696
:101410004FF0F0001CD0022937D1B9F1000F55D0A0
:101420004FEA000AC4F101008100C1F104022AFA66
:1014300002F03040C84006D059F820305A462946BC
:10144000009803F018F86D1C641C022C38D03AE0A8
:10145000B9F1000F1BD08246C4F101008100C1F137
:1014600004022AFA02F03040C840294659F82030D8
:101470006D1C5A46009802F0FEFF641C022C02D13B
:1014800018F8016F00247F1EE6D1BDE8FF9F81465A
:10149000C4F101008000C0F1040129FA01F33340D6
:1014A000C34029466D1C5A46009802F0E4FF641CB4
:1014B000022C02D118F8016F00247F1EE8D1E4E766
:1014C00018F8016F00247F1EACD1DEE74FEA000957
:1014D000C4F101008000C0F1040129FA01F3334096
:1014E000C34004D05A462946009802F0C4FF6D1C40
:1014F000641C022C02D118F8016F00247F1EE7D172
:10150000C3E70000780200202DE9F05F92460BAAA5
:101510008946B2E842010A9F9B468B003A78C1F1A6
:1015200002009A40D5B24D4A0E9CC0B21268127C9D
:1015300012F003021AD0012A79D0022A38D10029E8
:101540005FD028090DD02909B9F1000F38F8210022
:10155000208006D0D9F808005A465146036848460C
:101560009847A41C0AF1010A761E48E039B12909FE
:10157000761E38F8210024F8020B17F8015F022EBE
:1015800010DB701006F001062A0938F8221005F069
:101590000F02218038F822106180241D17F8015FA6
:1015A000401EF1D1002E03D0290938F821002080F7
:1015B000BDE8F09F28090DD02909B9F1000F38F8CE
:1015C0002100208006D0D9F808005A465146036809
:1015D0004846984715F00F000DD038F8200060807D
:1015E000B9F1000F07D0D9F808005A460AF10101F5
:1015F000036848469847241D0AF1020AB61E17F8E8
:10160000015F022ED6DA002ED2D02809D0D038F8C9
:1016100020002080B9F1000FCAD0D9F808005A463E
:10162000514603684846BDE8F05F1847FFE7B042FF
:1016300000DDF0B2361AA90903D0218881F0FF013C
:1016400021802907A41C0D0E401E10F0FF00F2D1CE
:10165000002EADD0022017F8015FE8E778020020E5
:101660002DE9F05F92460BAA8946B2E842010A9F33
:101670009B468B003A78C1F102009A40D5B24D4AA0
:101680000E9CC0B21268127C12F003021AD0012A1A
:1016900078D0022A37D100295ED028090DD0290937
:1016A000B9F1000F58F82100206006D0D9F80800E1
:1016B0005A465146036848469847241D0AF1010AD4
:1016C000761E47E031B12909761E58F8210001C481
:1016D00017F8015F022E10DB701006F001062A09D0
:1016E00058F8221005F00F02216058F822106160AE
:1016F000083417F8015F401EF1D1002E03D02909EC
:1017000058F821002060BDE8F09F28090DD0290974
:10171000B9F1000F58F82100206006D0D9F8080070
:101720005A46514603684846984715F00F000DD0B9
:1017300058F820006060B9F1000F07D0D9F8080010
:101740005A460AF1010103684846984708340AF1ED
:10175000020AB61E17F8015F022ED6DA002ED2D08A
:101760002809D0D058F820002060B9F1000FCAD065
:10177000D9F808005A46514603684846BDE8F05F6C
:101780001847FFE7B04200DDF0B2361AA90903D0CE
:10179000216881F0FF0121602907241D0D0E401EE4
:1017A00010F0FF00F2D1002EADD0022017F8015F3B
:1017B000E8E70000780200202DE9F04781460F4657
:1017C00092461C46DDE9085826480068007C00F077
:1017D000030010B1022841D11EE0B8F1000F0ED075
:1017E0000AE0267858F8263052463946484602F034
:1017F0008BFD6D1E7F1C641C002DF2DC0BE008E0ED
:10180000237852463946484602F07EFD6D1E7F1C05
:10181000641C002DF4DC21E0B8F1000F0FD00BE0C8
:10182000267836B158F8263052463946484602F0F6
:101830006BFD6D1E7F1C641C002DF1DC0DE00AE0C9
:1018400026782EB1334652463946484602F05CFDB2
:101850006D1E7F1C641C002DF2DC00BF00BFBDE8C4
:10186000F0870000780200202DE9F04781462448E7
:10187000DDE9085700681C469046007C0E4610F0D3
:10188000030003D0022810D14FBB35E05FB917E049
:1018900020784246314657F82030484602F0EBFDAA
:1018A0006D1E761C641C002DF2DCBDE8F0872378E9
:1018B00042463146484602F0DEFD6D1E761C641C31
:1018C000002DF4DCF1E7207830B157F820304246A3
:1018D0003146484602F0CFFD6D1E761C641C002D7B
:1018E000F1DCE2E7237823B142463146484602F074
:1018F000C2FD6D1E761C641C002DF3DCD5E70000D4
:10190000780200202DE9FF4F83B015461E46DDE921
:1019100014BADDE91297DDF84080119808283FD00D
:1019200006DC012809D0022818D0042863D126E05B
:10193000102844D020285ED14FE000240BE062192B
:101940003B46CDE900B6CDF808A0DDE90301FEF77E
:1019500091FF4F44641C4445F1DB4CE000240BE054
:1019600062193B46CDE900B6CDF808A0DDE90301D8
:10197000FFF7DEF94F44641C4445F1DB3BE00024F3
:101980000BE062193B46CDE900B6CDF808A0DDE9D1
:101990000301FFF779FC4F44641C4445F1DB2AE066
:1019A000002409E062193B46CDE9006ADDE9030144
:1019B000FFF702FF4F44641C4445F3DB1BE00024A7
:1019C00008E062193B460096DDE90301FEF7F8FEE8
:1019D0004F44641C4445F4DB0DE0002408E0621928
:1019E0003B460096DDE90301FFF7C2FB4F44641C50
:1019F0004445F4DB00BF00BF07B0BDE8F08F000036
:101A00002DE9FF4F87B01646DDE91479DDE916545C
:101A1000DDE918B88246B9F1010F06D135490868E9
:101A2000836B434501D1027C92B1DAF800000028B3
:101A30000BD0CDE90079CDE90254CDE904B8C168F5
:101A400032460A9B4C680899A0470BB0BDE8F08F5E
:101A500002220274DAF80000CDE90079CDE90254DF
:101A6000CDE904B8C16832460A9BD1F804C0089990
:101A7000E04702F06DFF02F073FF01F0C1FF1E4965
:101A8000DAF800000790086940B3C869854203DDB1
:101A90008246C0000A9000E0AA46174852462146F6
:101AA0000069034611F801CB521E6FEA0C0C00F8D6
:101AB00001CBF7D10121CDE90019CDE90253CDE9E0
:101AC00004B807983246761CC068D0F804C0DDE937
:101AD00007010A9BE0472C447F1EDED102F038FF4D
:101AE00002F03EFF01F08CFF024800210068017403
:101AF000ABE7000078020020AC0200202DE9FF4F88
:101B000083B09946DDE91275DDE91068924600243C
:101B1000DDF854B052E04046B8F1080F2FD007DC92
:101B200001280BD0022814D0B8F1040F44D11BE0D7
:101B300010282ED0B8F1200F3ED134E0149A2B4655
:101B40008DE8040ADDE9030104EB0A02FEF70AFF4F
:101B500032E0149A2B468DE8040ADDE9030104EB18
:101B60000A02FFF79BF927E0149A2B468DE8040A36
:101B7000DDE9030104EB0A02FFF73CFC1CE0CDE9C0
:101B8000009BDDE9030104EB0A022B46FFF76CFE24
:101B900012E0CDF80090DDE9030104EB0A022B46C8
:101BA000FEF734FE08E0CDF80090DDE9030104EB18
:101BB0000A022B46FFF7F2FA3D44641CB442AADB4A
:101BC00007B0BDE8F08F00002DE9FF4F8DB0A848A9
:101BD000DDE91D860068DDE91A970C46006EF0F716
:101BE0003BFC0690406908B1F0F736FC0A90069875
:101BF000C068089006A8F0F75FFCA0190E900A983C
:101C000050B19B490968097C890705D10EACCDF814
:101C100000900ECCF2F7C0FADDE90E0103F080FA75
:101C20000446102F03D0182F5CDB002056E000255F
:101C30001FE000BFDDE90EB02844DDF828A0109EAB
:101C400002905FEA08010FD020000DD07200EEF77D
:101C5000C7FCBAF1000F07D0DAF80800334659463E
:101C600047685046029AB8471C986D1C80440898F3
:101C700004444D45DEDBF1E00A980390DDE90EB146
:101C80000B985FEA080508440190DDF840A026465D
:101C90001ED0EEB1039830B180685346594647686C
:101CA000019A0398B8470D99286809690968884717
:101CB0003080039828B180685946019A03680398D8
:101CC0009847B61C2D1D0BF1010BBAF1010AEAD1A0
:101CD00008981C9904440B988844401C0B90484574
:101CE000CADBBBE0082F03D01F9800286CD06DE042
:101CF000002065E01F9800280A9832D0DDE90EA187
:101D000002900BEB010000901F9804905848109F20
:101D1000454600682646007C10F0030002D00228E9
:101D200048D109E015F8011B04987F1E30F8210006
:101D300026F8020BF6D13DE0287858B1049931F825
:101D400020003080029828B180685146009A0368CC
:101D500002989847B61C6D1C0AF1010A7F1EEBD150
:101D600028E0DDE90EA101900BEB01000290404854
:101D7000109F464600682546007C10F0030002D004
:101D8000022817D105E03A4641462046EEF728FCE6
:101D900010E0307840B12880019828B18068514621
:101DA0000368DDE901029847AD1C761C0AF1010ABF
:101DB0007F1EEED108981C99044488440BF1010061
:101DC0008346484596DB49E02A481F90002543E0BA
:101DD0003846012F04D002281CD0042F37D128E028
:101DE00023480068006EF0F737FB0690CDF80080BE
:101DF000109A1F990594CDE90310CDE901620F985F
:101E00000A992B18DDE90D02FEF768FE06A8F0F727
:101E100053FB1CE010991F98CDE90086CDE9021014
:101E20000F9804942B18DDE90D020A99FFF7C0F80A
:101E30000DE010991F98CDE90086CDE902100F98AA
:101E400004942B18DDE90D020A99FFF75DFB1C993C
:101E50000898884404446D1C4D45B9DB0A98002855
:101E600002D00AA8F0F728FB11B0BDE8F08F0000FF
:101E7000780200201CF801082DE9FF4F8FB0A1481F
:101E8000DDE91C960068DDE91F870C46006EF0F75F
:101E9000E3FA0690406908B1F0F7DEFA0A90069876
:101EA000C068089006A8F0F707FB04EB0700109045
:101EB0000A9850B193490968097C890705D410AC88
:101EC000CDF800900ECCF2F767F9DDE9100103F0D0
:101ED00045F90446182E15DB002510E01298CDF8C0
:101EE0000080CDE9010411980A992B18DDE90F0251
:101EF000FFF786F91E990898884404446D1C4D45E7
:101F0000ECDBF6E0102E05D0082E3ED021980028FC
:101F100073D0A7E0002034E01098029011990B983C
:101F2000DDF828A00844DDF848B046460190254673
:101F3000BAF1000F07D0DAF80800DDE9012147689F
:101F40005B465046B8470F99308809694968884709
:101F50002860BAF1000F06D0DAF80800DDE90121A7
:101F600003685046984702982D1D401CB61C0290ED
:101F7000BBF1010BE7D108981E9904440B988844E3
:101F8000401C0B904845C7DBB3E0002064E021987B
:101F900000280A9832D0DDE910A103900BEB010074
:101FA0000190219800905748129F454600682646A8
:101FB000007C10F0030002D0022847D108E015F899
:101FC000011B00987F1E50F8210001C6F7D13DE0AB
:101FD000287858B1009951F820003060039828B152
:101FE00080685146019A036803989847361D6D1C16
:101FF0000AF1010A7F1EEBD128E031E00490DDE90F
:1020000010A0584402903F48129F4546006826465B
:10201000007C10F0030002D0022817D105E03A46F8
:1020200041462046EEF7DCFA10E0287840B13060F7
:10203000049828B180685146029A0368049898472A
:10204000361D6D1C0AF1010A7F1EEED108981E99FB
:10205000044488440BF101008346484597DB48E07F
:1020600029482190002542E0012E04D0022E1CD0E8
:10207000042E37D128E023480068006EF0F7ECF911
:10208000CDF800800690219A12990594CDE903209D
:10209000CDE9017111980A992B18DDE90F02FEF7BD
:1020A000BDFD06A8F0F708FA1CE021981299CDE9C9
:1020B0000210CDE90087119804942B18DDE90F0276
:1020C0000A99FEF7E5FF0DE021981299CDE902107B
:1020D000CDE90087119804942B18DDE90F020A99C5
:1020E000FFF7BEFA1E986D1C8044089804444D45C5
:1020F000BADB0A98002802D00AA8F0F7DDF913B07D
:10210000BDE8F08F78020020E01902082DE9F043C5
:102110000746114887B01D46006890468946407CB6
:1021200000F0C6FF0D4E0446024629467068F2F7DD
:102130008FF9002071680490CDE90201059001201B
:10214000CDE9000438682B464246C1684C684946D0
:10215000A04707B0BDE8F08378020020DC02002031
:102160002DE9FF4F89B01F46DDE916848946DDF869
:1021700064A0F0F795FF0790A0450ED14046F4F714
:1021800075F8BAF1000F03D03B4649460B9A8AE036
:102190003A4648460B9B09998CE0A7EB0906761C4A
:1021A000012E00D0761E08F0FF000290C8F3072031
:1021B0000190C8F307400090E0B20590C4F30720F7
:1021C0000490C4F307400390200E06904FEA186B6A
:1021D000012540464C4658E0029B059AA4EB0901B4
:1021E000D21A4A4392FBF6F3029ADDF804C01A446D
:1021F000D3B2049AA2EB0C024A4392FBF6FC019A7A
:10220000624402F0FF0EDDF800C0039A43EA0E2399
:10221000A2EB0C024A4392FBF6FC009A4C45624446
:10222000DDF818C0D2B2ACEB0B0C0CFB01FC9CFB34
:10223000F6FC0CEB0B0143EA024242EA016822DDA4
:10224000804501D16D1C1EE0F4F710F8012D0EDD64
:10225000BAF1000F04D0611B631E0B9A099803E0CA
:10226000601B621E0B9B0999F3F772FB0AE00B9A45
:10227000BAF1000F02D0611E099801E00999601EB1
:10228000189B984701254046641CBC42A4DDF3F727
:10229000EDFF3846012D10DDBAF1000F05D0411BCE
:1022A0000B9A491C3B46099804E0441B601C3A46C3
:1022B0000B9B0999F3F74CFB09E00B9ABAF1000F5D
:1022C00002D03946099800E00999189B9847079869
:1022D0000DB0BDE8F04FF3F7C9BF2DE9FF4F89B04E
:1022E0009946DDE917758A46169EF0F7D9FEA9EBE7
:1022F0000A04641C51460890012C00D0641EF8B2F8
:102300000290C7F307200190E8B20490C5F30720BC
:102310000390C5F307400790280E069006FB06F0D1
:10232000C7F3074B4FEA17680D4605904FE0A5EB42
:102330000A000090B04203DBA9EB0500B04208DAC6
:10234000301A06D0059900FB1010F2F75EFE371A1E
:1023500000E00027029A04990098891A414391FBF2
:10236000F4F20299039B1144CAB20199591A4143EC
:1023700091FBF4F301991944079BC9B2A3EB0B033A
:10238000434393FBF4FC0CEB0B03DDF818C0DBB20A
:10239000ACEB080C0CFB00FC9CFBF4FC42EA0121BA
:1023A0000CEB080041EA034141EA0060F3F75EFFED
:1023B0001A9800280B98A0EB0702099802D038441D
:1023C000294601E0C1192846199B98476D1C4D45C7
:1023D000ADDD08980DB0BDE8F04FF3F747BF000042
:1023E0002DE9FC5F834626489A46164600680F464C
:1023F00000254069B0F90280B0F9069060B1B0F9EB
:102400000010B14200DD8D1BF119B0F90400491E26
:10241000814201DD871B7F1CBD422FDA3BF915107D
:10242000514428E03BF91520414502EB0A0401DA4A
:1024300044451FDB494501DD4C451BDC601800EBC2
:10244000D0704010009005EB06000190A142A0F171
:10245000010006DC009AF3F7C3F9DDE9001022461B
:1024600006E00A460099F3F7BBF9DDE900202146B2
:10247000F3F7B6F921466D1CBD42D3DBBDE8FC9FE6
:1024800078020020F8B505460E4614461F463B4626
:10249000224631462846009400F000FAF8BD30B4D8
:1024A0000068002804D0C468A468A44630BC604713
:1024B00030BC70472DE9F047884686B09146A3EBC3
:1024C00008068246761C04AA03A900F0CDFF164C2C
:1024D0003346D4E90101039A8DE807004A46414694
:1024E000504600F02BFF11480068C06B0068F3F7FE
:1024F000F9FA074600250BE0A06850F82510384689
:1025000001F0ACFA04998847616841F825006D1C18
:10251000B542F1DB33464A4641465046FFF7F6FDE9
:1025200006B0BDE8F0870000DC0200207802002041
:1025300008B5009200F06CFB08BD08B5009200F0F1
:10254000BDFB08BD034A1268527E002A01D1EFF795
:1025500039BB7047780200202DE9F041134E9EB040
:102560000125B46A04B9F4686846F1F7E5FA104841
:102570000068D0E90C875CB12046FDF737FA00B15E
:102580006D1E2046EFF7B0FF44690CB1002DF3D16A
:102590004046B462F1F732FB3846F1F72DFB68464E
:1025A000F1F7BCFA1EB0BDE8F0810000780300200E
:1025B00078020020F8B506460C4617461D4623460D
:1025C0003A4621463046009500F068F9F8BD30B42F
:1025D0000068002804D0C468E468A44630BC6047A2
:1025E00030BC70472DE9F0410F4E80461D463068E3
:1025F00014460F46007CC00706D112E02246394639
:10260000404602F0E8FD641CAC42F7DDBDE8F08115
:10261000306822463946C06B0368404601F02BFF04
:10262000641CAC42F4DDF1E7780200202DE9FC47A0
:10263000DFF8AC8081461E46D8F8000015468A4671
:10264000006EEFF709FF0190406908B1EFF704FF52
:1026500000902946504602F063FD04460198C76881
:10266000D8F80000017CC90715D0D9F8100080689F
:10267000804787B2009820B181682A460B6851468E
:10268000984720886D1C784020800198B542C0682A
:102690000444EFDD19E0C06B0168009870B11FFAC7
:1026A00081F800982A4681680B6851469847A4F83B
:1026B00000806D1C3C44B542F3DD06E0701B401CFD
:1026C00089B221803C44401EFBD101A8EFF7F4FE03
:1026D0000098002802D06846EFF7EEFEBDE8FC87C0
:1026E000780200202DE9FC47284F1E461546386821
:1026F0008946006EEFF7B0FE0190406908B1EFF730
:10270000ABFE00902946484602F028FD3968044691
:102710000198CA6B097CD0F80C801768C90715D0DE
:1027200000680069806880470746009820B181688A
:102730002A460B684946984720686D1C78402060FF
:102740000198B542C0680444EFDD13E0009858B129
:1027500000982A4681680B684946984727606D1C97
:102760004444B542F4DD05E0701B401C276044443E
:10277000401EFBD101A8EFF79FFE0098002802D071
:102780006846EFF799FEBDE8FC870000780200205C
:1027900001700120704700002DE9F047224C04260B
:1027A000A06AE0B1E06806EBD0014518E800FDF74B
:1027B000B5FB070036D0216B06EBC700B1460E58BB
:1027C000E0680836C2003046D4F82880EDF78FFF65
:1027D000A7622663E0684B4601466A1E0EE0124877
:1027E000BC30D0E901100830B1FBF0F5AD1CDDE7DD
:1027F000471C03EBC00C401C46F80C709042F7D30A
:1028000009EBC0000022325021626068691A084456
:10281000E56060605FEA080001D0EFF781FD00200D
:10282000BDE8F0870120FBE76C790120F8B5184D71
:10283000E86AC8B1EC6813E02046EFF70DFE00909F
:10284000018D090408D5264644696846EFF734FE31
:102850003046FCF781F903E044696846EFF72CFE47
:10286000002CE9D10020E862A86900B1804709483E
:10287000006808B1804738B90748006890F85400EC
:1028800020B1F1F7E9F808B10120F8BD0020F8BD4A
:10289000780300209C02002078020020F0B5064654
:1028A000059CC84DAD8849F24137BD420BD0C54D9E
:1028B000AD8845F21037BD4205D0C24DAD8846F611
:1028C0000407BD427ED1BF4D6D89BF4F3F683D803B
:1028D000C1F30F25BD4F3F683D80CDB2BB4F3F6870
:1028E0003D80C3F30F25B94F3F683D80DDB2B74F40
:1028F0003F683D80B34DAD89B34F3F683D80C2F323
:102900000F25B24F3F683D80D5B2B04F3F683D8044
:10291000C4F30F25AD4F3F683D80E5B2AB4F3F6834
:102920003D80A84D6D89A84F3F683D80C1F30F25BC
:10293000A64F3F683D80CDB2A44F3F683D80A14D7A
:10294000AD89A14F3F683D80C2F30F259F4F3F687F
:102950003D80D5B29D4F3F683D80A51A6D1C5F1A22
:102960007F1C05FB07F0974D2D89974F3F683D80F1
:1029700006E0974D2D68ED6B2D88944F3F683D80A4
:10298000051EA0F10100F4D18E4D6D898E4F3F6878
:102990003D8000258D4F3F683D808C4F3F683D80D6
:1029A000884D2D882D12894F3F683D80854D2D78AB
:1029B000864F3F683D80834DAD89834F3F683D80A2
:1029C000002500E011E0814F3F683D807F4F3F6868
:1029D0003D807C4D6D882D127C4F3F683D80794D48
:1029E000AD787A4F3F683D80EAE0764DAD8845F29C
:1029F0001057BD42F8D1734D6D89734F3F683D80CC
:102A0000C1F30F25714F3F683D806E4D6D896D1C80
:102A10006D4F3F683D80CDB26C4F3F683D80694D42
:102A20006D89AD1C684F3F683D80C3F30F25674F2C
:102A30003F683D80634D6D89ED1C634F3F683D806D
:102A4000DDB2624F3F683D805E4DAD895E4F3F68AD
:102A50003D80C2F30F255D4F3F683D80594DAD89E4
:102A60006D1C594F3F683D80D5B2584F3F683D803F
:102A7000544DAD89AD1C544F3F683D80C4F30F25C4
:102A8000524F3F683D804F4DAD89ED1C4E4F3F6822
:102A90003D80E5B24D4F3F683D804A4D6D894A4FBC
:102AA0003F683D80C1F30F25484F3F683D80454D4D
:102AB0006D896D1C444F3F683D80CDB2434F3F68E8
:102AC0003D80404DAD89404F3F683D80C2F30F25AA
:102AD0003E4F3F683D803B4DAD896D1C3A4F3F688E
:102AE0003D80D5B2394F3F683D80A51A6D1C5F1AF5
:102AF0007F1C05FB07F0334D2D89334F3F683D8028
:102B000006E0334D2D68ED6B2D88304F3F683D80DA
:102B1000051EA0F10100F4D12A4D6D892A4F3F68AE
:102B20003D800025294F3F683D80264D6D896D1CF5
:102B3000254F3F683D800025244F3F683D80214D53
:102B40006D89AD1C204F3F683D801E4D2D882D1294
:102B50001E4F3F683D801B4D6D89ED1C1A4F3F682D
:102B60003D80184D2D78194F3F683D80154DAD893A
:102B7000154F3F683D800025144F3F683D80114D43
:102B8000AD896D1C104F3F683D8000250F4F3F6899
:102B90003D800C4DAD89AD1C0B4F3F683D80094D0C
:102BA0006D882D12094F3F683D80064DAD89ED1CA3
:102BB000054F3F683D80034DAD78044F3F683D8031
:102BC000F0BD00002C290020A0000020A40000205F
:102BD0007802002038B50068049C002803D00094D7
:102BE000C4682469A04738BD2DE9F0411E4614464B
:102BF0000F468046069D06E033462246394640464B
:102C0000FFF758FC641CAC42F6DDBDE8F081000023
:102C10002DE9FF4FDFF8A0A00C4685B0DAF80000E0
:102C2000DDF848801F46C16B154609680391006EA8
:102C3000EFF712FC01902946204602F071FA064691
:102C40000198391B01F1010BD0F80C90406950B389
:102C5000EFF702FCA8EB0501491C00915B462A46F0
:102C600002902146F1F798FA02A8EFF725FC1AE046
:102C7000DAF80000007CC0070DD005985F463446A6
:102C800000698068804780B22188414024F8021B97
:102C90007F1EF9D105E003985A4681B23046F2F71B
:102CA00097F94E446D1C4545E2DD01A8EFF704FCA1
:102CB00009B0BDE8F08F0000780200202DE9FE4F3A
:102CC000264E1F46144630680D46DDF83090006EE3
:102CD000EFF7C2FB01902146284602F03FFA791B2C
:102CE00001F1010A316880460198C96BD0F80CB037
:102CF0000E68406958B3EFF7AFFBA9EB0401491C1C
:102D000000915346224602902946F1F745FA02A85F
:102D1000EFF7D2FB1BE011480068007CC0070CD025
:102D200001985746454600680069806880472968D1
:102D3000414002C57F1EFAD107E0BAF1000004DD70
:102D400001464046491E40C0FCD1D844641C4C4555
:102D5000E1DD01A8EFF7B0FBBDE8FE8F78020020AF
:102D6000FEB54F4CD4E90201CDE90001206970B3F2
:102D7000A089401C00B2ADF800006189ADF80210D6
:102D8000B4F90410884207DD2088ADF80000E0891E
:102D900010F10100ADF80200BDF90200B4F906100F
:102DA000884274DC3F4D2868806CEFF755FB029039
:102DB000BDF90000B4F90010884220D1E088ADF8D8
:102DC0000600A088ADF804002868806C0FE0FFE7DB
:102DD0002088ADF800006088DCE700BFEFF784FBD7
:102DE0000646006A0022694600F0D5F8B06900285E
:102DF000F4D1029800226946C06900F0CCF8BDF811
:102E00000000ADF804002868806C0AE0EFF76CFB66
:102E10000646006A0022694600F046F80028EED116
:102E2000B0690028F2D1029800226946C06900F01A
:102E30003BF80028E3D1B4F90400BDF90010ADF867
:102E40000400884207DADDE90001C4E9020102A8B2
:102E5000EFF732FB98E72868806C08E0EFF744FB57
:102E60000546006A0022694600F05CF8A86900285F
:102E7000F4D1029800226946C06900F053F802A814
:102E8000EFF71AFB206944F62061884201DD00203B
:102E9000FEBDDDE90001C4E902010120FEBD000024
:102EA000D47A012078020020FEB517460E4605466A
:102EB000002433E02846EFF7CFFA0090856A0146F8
:102EC000A80726D527B13A4601A8F1F738FF03E055
:102ED000D1E90001CDE9010101A93046F0F702FE78
:102EE000B8B1E80702D00098C56910E0BDF8080045
:102EF000401C308001240CE001AA31462846FFF72F
:102F0000D3FF00B101242846EFF7EEFA056A002D41
:102F1000F2D10098056A6846EFF7CEFA002DC9D1C4
:102F20002046FEBDFEB516460D46044630E020465E
:102F3000EFF792FA0090846A0146A00723D526B1E4
:102F4000324601A8F1F7FBFE03E0D1E90001CDE92B
:102F5000010101A92846F0F7C5FDA0B1E00702D0A4
:102F60000098C4690DE0BDF80400401EA8800AE086
:102F700001AA29462046FFF7D5FF2046EFF7B4FA0D
:102F8000046A002CF4D10098046A6846EFF794FABA
:102F9000002CCCD1FEBDFEB516460D46044648E0D9
:102FA0002046EFF759FA0090846A0146A0073BD506
:102FB00026B1324601A8F1F7C2FE03E0D1E90001D3
:102FC000CDE9010101A92846F0F78CFD00B3E00727
:102FD00002D00098C46925E000983EB1B0F9021013
:102FE000B6F90200814203DD084601E0B0F90200B3
:102FF000B5F90210814205DABDF90600401E03E072
:10300000E88011E0BDF90A00B5F906108842F7DB47
:103010000AE001AA29462046FFF7BDFF2046EFF748
:1030200063FA046A002CF4D10098046A6846EFF74A
:1030300043FA002CB4D1FEBD2DE9F0410C46C9681D
:1030400086B049B306685EB394F83000012829D0F1
:10305000E2696FF00303206803EB820265681044A5
:103060006060276A2D1D2846A269F1F7F1F96169B0
:103070004FF000080291CDE90358CDF81480A16902
:103080000120CDE90001F068E368E26A456839464D
:103090003046A847C4F80C80002006B0BDE8F08197
:1030A0000120FAE725686560A76ADCE7EFF738B921
:1030B000044810B50068407CF2F776FC182800D16F
:1030C000202010BD780200202DE9F0470D46B3F90D
:1030D000041006461C469146B14220DCB4F90800B3
:1030E000B0421CDBB4F90600A84218DCB4F90A208F
:1030F000AA4214DB2F1A711A88463A466069EFF724
:103100005DFF60B1B4F90800B4F90410401A401C26
:1031100000FB0780203454F82000BDE8F087D9F880
:1031200000000028F9D0C1682A464B693146BDE845
:10313000F047184700787047012070470246012980
:1031400001D1024870470020FCE700005CF801084C
:103150000068002802D0C268D26A10477047002079
:1031600070470000012901D00020704700487047D7
:103170005CF80108012901D0002070470048704721
:10318000201A02080246A1F10900082813D2DFE83C
:1031900000F00406080A120C0E1008487047084890
:1031A000FCE70848FAE70848F8E70848F6E708485F
:1031B000F4E70848F2E70020F0E700008148010842
:1031C000A7480108F9470108733701086B3B01085C
:1031D0005B3B0108F941010802681268026012B104
:1031E000D268526A10470020704702681268026075
:1031F000D268526A10470000162901D0002070479B
:1032000000487047FD380008162901D0002070479B
:1032100000487047B537000803460A4699680F2AE8
:103220001FD2DFE802F01E080A0C0E1E1E1E10122E
:103230001416181A1C00486870478868FCE7C868AC
:10324000FAE70869F8E78869F6E70020F4E7012063
:10325000F2E70120F0E70020EEE70020ECE7002095
:10326000EAE74FF0FF30E7E70068002802D0C268C5
:10327000926A104770470068C268926A104770B53A
:1032800000240D46022807DAEFF764FA20B1C1687E
:103290008A6A294690470446204670BD0068C26885
:1032A000926A1047082901D00020704720207047FB
:1032B000024840690068006980680047AC0200204D
:1032C000044805490068407C51F820000068006906
:1032D0008068004778020020F402002010B5F2F761
:1032E00077FBB0F5807F03D0802803D307211AE055
:1032F000082118E0402801D3062114E0202801D33A
:10330000052110E0102801D304210CE0082801D386
:10331000032108E0042801D3022104E0022801D39C
:10332000012100E0002101208840401E10BD4FF027
:10333000FF3070474FF6FF70704700002DE9FF4FD8
:1033400083B089460398DDF848B0109D006803906B
:103350009846C0689246016804291DD0426A01213E
:1033600003A890470446012609EB080748467F1E3C
:10337000ACB1CDE900A53B46524649460398A0476B
:10338000D6B115480068407CFFF792FE02464146E0
:103390002846F1F701FB0FE0104C0026E4E72E462B
:1033A000044607E003985246C1684B692146984796
:1033B00001C6641CBC42F5DD002407E055F824007A
:1033C00059468847119941F82400641C4445F5DBAF
:1033D00007B0BDE8F08F000078020020513E0108E0
:1033E00070B500240646012531462846FFF747FF01
:1033F000844200DA04466D1EF6D5204670BD0000FA
:103400000146054A0F2000BF02EBC003DB6B8B4275
:1034100001D9401EF8D570476C7901202DE9F041A3
:1034200007460C461546A9B2A0B2F2F7E9FB0646DC
:103430003046BDE8F0810068002802D0C3685B69AF
:10344000184770470068C3685B69184710B508469D
:10345000114601F065FE008810BD10B50846114602
:1034600001F07CFE006810BD03681B695B680B609F
:1034700000680069006810607047826800230B8054
:103480004B8093895B1E1BB28B80138A5B1E1BB221
:10349000CB8070470068002802D0C268126B1047CA
:1034A00070470068C268126B104738B50C468068D8
:1034B000EEF7D2FF009081882180C18861808188E9
:1034C00002891144491EA180C18840890844401ED8
:1034D000E0806846EEF7F0FF38BD38B50C468068EE
:1034E000EEF7BAFF009081882180C18861808188D1
:1034F00002891144491EA180C18840890844401EA8
:10350000E0806846EEF7D8FF38BD30B59C18641EE1
:10351000B4FBF2F502FB1544B3FBF2F502FB1532E6
:1035200031F9245031F9223001EB82025B1B00EEAD
:10353000103A01EB8401B8EEC00A80ED000AB2F93E
:103540000220B1F90210511A00EE101AB8EEC00AAA
:1035500080ED010A30BD000002490968488400205E
:103560007047000078020020024909688884002022
:103570007047000078020020054A904201D1503A7D
:1035800001E000F1080209B18A4200D010467047FC
:103590003C7B01200349884202D1A1F13C007047E5
:1035A0000C307047FC7B01200021FFF7E5BF0000D5
:1035B000024949690968096949680847AC0200205D
:1035C0000449054A0968497C52F8211009680969CB
:1035D0004968084778020020F4020020F0B4124C39
:1035E000646814B1A446F0BC6047541E04FB030495
:1035F00001EB82000D4DDFF838C0001F2188E41A6E
:1036000001F01F06521EAF5DC1F3451605EBD12137
:103610001CF80660097801EB062101EB074140F830
:103620000419EBD1F0BC70475C02002090FA01084D
:10363000B0FA01082DE9F0411B4E0C4615467169A0
:10364000096809694F6927B12146BC46BDE8F041C8
:103650006047012B0FD0022B19D0042B09D107464C
:10366000716901CF096809694968884701C46D1EFD
:10367000F6D1BDE8F0810746716917F8010B0968BA
:1036800009694968884701C46D1EF5D1F1E707460D
:10369000716937F8020B096809694968884701C4EC
:1036A0006D1EF5D1E5E70000AC0200202DE9F041E8
:1036B000224F0446DFF88880386816460D46407C65
:1036C00058F8200000680069D0F814C0BCF1000F61
:1036D00003D02046BDE8F0416047012B11D0022BFA
:1036E0001DD0042B0BD1396801CC497C58F821102E
:1036F000096809694968884701C5761EF3D1BDE8A4
:10370000F081396814F8010B4A7C58F822100968D6
:1037100009694968884701C5761EF2D1EFE7396823
:1037200034F8020B497C58F8211009680969496886
:10373000884701C5761EF2D1E1E70000780200203B
:10374000F402002010B50468184410C1521EFAD1CA
:1037500010BD70B50446F2F73BF90546F2F750F993
:10376000AC4201D3002070BD0028FCD050F82400EA
:1037700070BD70B50446204600F08EF80546002264
:103780000121A069F3F78CF80543284670BD0000BD
:1037900070B5224C606870BB04F1100120480860CD
:1037A0000846F1F7ADFBF2F758F980000546EEF751
:1037B000DFFD606080B3A068E8B92846EEF7D8FD69
:1037C000A06038B1002504F1180600BF56F82500A6
:1037D00020B10DE06068EEF7BFFD1DE011492B46FA
:1037E000002201F11800EEF723FF46F8250020B172
:1037F0006D1C022DEADB002070BD6068EEF7ACFDA9
:10380000A068EEF7A9FD002456F8240008B1EEF7F1
:103810004BFF641C022CF7DB012070BDDC02002092
:10382000F93B0108F89A010870B5184D0446E8689C
:10383000011DC0E90E01091D00646161417C05F1B3
:10384000240050F82100C1680A6B04F10801904778
:103850000F48E066A868E061E86808306061012010
:103860002076FBF715FAA064032084F870006FF04F
:103870007040206360630020F2F7C0FC6FF07F406F
:10388000F2F7F4FC0348286170BD00006C020020D0
:10389000549A01085CFC010870B50446A06858B948
:1038A0001C20EEF765FDA060A56821698868804747
:1038B0000646F3F7DDF8A861A06808B9012070BDDD
:1038C0000020FCE72DE9F041244C94F82400002866
:1038D00041D1012504F1BC0684F8245071684FF4ED
:1038E0002050814200D90146306801F047F8B068A5
:1038F00010B970688008B0601A4919480860084615
:10390000F1F7FEFA5A20E0610020102101FA00F2DE
:1039100004EBC003401CDA631028F7D3D6E900108B
:103920000223C4E902030E18143EC4E90C6100220C
:103930004FF0040C5B1E05E0571C0CEBC20E521C32
:1039400046F80E709342F7D825626360FCF7AAFA36
:10395000FEF722FFE562BDE8F08100006C790120EE
:103960007D3B010864020020FEB514460D46064664
:10397000EEF7BAFD0090836A980731D52846FCF728
:1039800009F900282CD040F601000340012B27D074
:103990003046EEF761FD02460090294601A8F1F796
:1039A000CEF901A8FCF7F6F8B8B1009944F220026C
:1039B000886A104205D0083101AA0846EFF7D0FF07
:1039C0000BE0DDE9012320438862C1E902230549B8
:1039D0008888401C8880F0F767F96846EEF76CFD30
:1039E000FEBD00007803002010B5401A029CE41AC6
:1039F0004443501A94FBF0F0184410BD7047000087
:103A000070B5134C2146A068050EE06855EA1062B7
:103A1000D1E9050104D049B9EEF748FE012004E0E0
:103A2000012903D1EEF782FE0020A061206A30B1A7
:103A3000C5F1FF014143FF20B1FBF0F005442068D0
:103A4000854203D0E8B2F0F79BF8256070BD000016
:103A5000AC020020884200DD0846704770B50B4A72
:103A60000C4B0A4DD4680A4A1268527C53F8222043
:103A70009269AA5C14B162F31F6070BDC2F1FF02CB
:103A8000F1F7E4F920F07F4070BD0000DC02002077
:103A900078020020900200202DE9F0478AB0044609
:103AA000002091468A4601900290039006AE4FF0A6
:103AB0000308049022E02046EEF7CEFC4A46514629
:103AC0000090EFF779FF00984A4651460830EFF72B
:103AD00073FF0098D0E907576846EEF7EDFC4A46B9
:103AE00051462846FFF7D8FFCDF80480CDE906A956
:103AF00001A920460496FCF7CBF83C46002CDAD10D
:103B00000AB0BDE8F08710B504462DED028BD0ED6C
:103B1000008A90ED018A28EEA80A08EE080A10EE45
:103B2000100A04F065FA41EC100B01F0B9FD51ECFC
:103B3000100B03F065FC00EE100AB5EEC00AF1EEC2
:103B400010FA07DDC8EE800AC4ED000AC8EE000ACC
:103B5000C4ED010ABDEC028B10BD10B50446002275
:103B60000621A069F2F79CFE10BD10B504460022A4
:103B70000521A069F2F794FE10BD00000B4910B5B5
:103B8000002081F824000146084880223C30F1F7EB
:103B9000F9F9BC2200210548F1F7F4F903480C2299
:103BA0000021BDE81040BC30F1F7ECB96C79012080
:103BB000084910B500208861014678220648F1F7CF
:103BC000E1F9044808220021BDE810402430F1F753
:103BD000D9B900006C020020347A012070B5054C80
:103BE0006069EEF7B9FB002565612069EEF7B4FB6B
:103BF000256170BDAC02002070B50C4C6068EEF71A
:103C0000ABFB00256560A068EEF7A6FBA560074E3C
:103C10000024183656F8240018B1EEF745FD46F892
:103C20002450641C022CF5DB70BD0000DC02002077
:103C300010B5084CA068EEF78FFBE068EEF78CFB40
:103C40002069EEF789FB00202061E060A0606061E0
:103C5000A06110BD2C03002010B5034C6068EEF786
:103C60007BFB0020606010BD640300200B4A10B590
:103C700000215170D162084602F1500402F148035C
:103C8000C2F8101044F8201043F82010401C0228FD
:103C9000F8D3116251625161D16110BD78030020E7
:103CA00010B50446EEF720FC806AC00301D5034935
:103CB00000E003492046BDE810400847653500088C
:103CC0008DFA00082DE9FC411F4C80462068806C6D
:103CD000EEF7C2FB00904046EEF7BEFB01460190B6
:103CE00000980830EFF7FEFE28B32068009A01998B
:103CF000D0E91356083201F10800F1F720F86846C0
:103D0000EEF7DAFB114FC7F8248001992068B1F96A
:103D10000020C264B1F90210016501A8EEF7CCFBE6
:103D20004046FFF7BDFF002078622068C0E91356C7
:103D30000120BDE8FC816846EEF7BEFB01A8EEF766
:103D4000BBFB0020F5E7000078020020780300208C
:103D50002DE9FC410546EEF77FFB009090F8281016
:103D600089073DD5C46939E02046EEF775FB01901F
:103D700090F82810C94389072BD100990831EFF733
:103D8000B1FE30B30098D0E902676846EEF794FBC5
:103D900001A8EEF791FB2046FFF794FF70B1204693
:103DA000EEF7A2FB01902046FFF7D2FF2046EEF788
:103DB0009BFB01902846EEF797FB00902846EEF714
:103DC0004BFB00902046EEF747FB01900098C0E9BE
:103DD00002670198046A01A8EEF76EFB002CC3D1BC
:103DE0006846EEF769FBBDE8FC81000010B50E4C9B
:103DF0006168E06A814209D8401EE062FEF7CCFCAF
:103E0000E16A491CE16208B1002010BD606804222B
:103E1000401E6060206A216B02EBC0028A58226259
:103E2000012201F8302010BD6C790120074910B53E
:103E30004A680424521C4A600A6B04EBC0040B6AF3
:103E40001351002302F83030086210BD6C79012054
:103E50002DE9FF5F224C92460E462068006EEFF778
:103E600031FB80462068006EEFF754FB0746206860
:103E7000006EEFF73BFB8146BA452EDB46452CDB57
:103E80002068A346006EEFF7FFFA0546082801DC1C
:103E9000012404E0102D01DC022400E00424DBF8FE
:103EA0000000006EEFF702FBA6EB0802AAEB070387
:103EB00003FB092101FB040003998E1B761C0146BC
:103EC00006FB04F20F98ECF78BFB0F9804B02A4620
:103ED0003146BDE8F05FF0F75FBDBDE8FF9F000031
:103EE0007802002013B500680199FFF7A5F8019842
:103EF000846801A8EEF7E0FA2046EEF711FA1CBD3F
:103F000010B504464068FFF77BFA0146084863682D
:103F10000268D21A026000EBC102D4E90201403209
:103F200000B1416009B1086010BD106010BD000013
:103F30006C7901207CB5050025D0144C2068A8427E
:103F400006D1EEF789FA009080682060684611E09B
:103F500004462046EEF780FA01908068A8420DD111
:103F6000EEF77AFA01990090806888606846EEF76B
:103F7000A3FA01A8EEF7A0FA00207CBD044601A830
:103F8000EEF79AFAE5E701207CBD00001804002056
:103F90002DE9F05FDFF894808346D8F83440D8F8F4
:103FA0000810601E0F182046D0E90015B9BB66192D
:103FB000BE4236D2D6E9001989B3D8F8303013F8AA
:103FC0003130012B2DD1D8F82820914201D1012187
:103FD00000E000218A46FFF793FF3068D8F83010E0
:103FE000042202EBC0004A460C5031462046ECF752
:103FF0003CFBBAF1000F05D0D8F83010321B891AFB
:10400000C8F8301004EB09012846FBF74BFFBBF161
:10401000000F05D0834503D80020BDE8F09F00E0E5
:104020004D462C44BC42BED30120F6E76C790120FA
:104030002DE9F8431F4690460E4605000AD0EEF7DC
:104040000BFA3A4641460090FBF75AFC28B100981B
:10405000C46912E00020BDE8F8836846EEF72CFA48
:10406000F8E73B46424631462046FFF7E1FF00B104
:1040700005462046EEF738FA046A0CB1B442F0D196
:104080006846EEF719FA2846E5E7000070B50646DF
:10409000064814460D460068FAF706FE23462A46EF
:1040A0003146BDE87040FFF7C3BF00008003002029
:1040B00070B504460848094D0068007C400701D5EA
:1040C000AC6000E0EC60FFF79BFC696824F07F4087
:1040D0004968BDE87040084778020020AC02002023
:1040E000064910B509684A6B824206D04863F1F769
:1040F000E3F8BDE81040F2F787B810BD7802002061
:104100001FB504460F480168486C38B10268029236
:10411000406803900C48406A18B901E020460EE060
:10412000886CEEF799F902A90090FBF799F96846B7
:10413000EEF7C2F9214602A8F0F7E4FD02A8F2F773
:104140006FF81FBD780200207803002070B5044688
:104150000848094D0068007C400701D5EC6000E08C
:10416000AC60FFF74DFC696824F07F400968BDE84A
:104170007040084778020020AC020020064910B5C4
:1041800009680A6B824206D00863F1F795F8BDE82A
:104190001040F2F771B810BD7802002010B5044647
:1041A00008480068007C6040400701D500F0D0FB63
:1041B000FFF726FC0448406881682046BDE81040AF
:1041C0000847000078020020AC02002030B5094901
:1041D0000B681A7C82EA0004640707D59C6BDB6BD2
:1041E00025681B6823600B68DB6B1D600968087419
:1041F000104630BD780200207CB504460D461646B8
:104200000020009001908DF8045000966A46042129
:10421000A069F2F745FB7CBD1C490968897E01292C
:1042200006D002290ED0032918D0042914D11EE08B
:10423000801DC11700EB117121F00F01401A0C28ED
:1042400008DB09E0C11700EB917121F00301401A6E
:10425000022801DA0120704700207047142190FBEA
:10426000F1F201FB12000C28F4DB10380BE01821EE
:1042700090FBF1F201FB12000C28EBDBA0F1100126
:104280000229E7D314380228E6D2E3E778020020B7
:104290000A490B48D1E90032934202DAC0E90832F8
:1042A00001E0C0E90823D1E902218A4202DAC0E92B
:1042B0000A217047C0E90A1270470000C47A012041
:1042C000FC0200207CB504460D46164600200090F6
:1042D0000190009501966A460321A069F2F7E0FA81
:1042E0007CBD0068002802D0C3681B6A184770476D
:1042F0000068C3681B6A18470068C3681B6A1847D0
:104300000068C3681B6A184730B5524CA48849F24C
:104310004135AC4205D04F4CA48845F21035AC4233
:104320001CD14C4C64894C4D2D682C80C1F30F245A
:104330004A4D2D682C80CCB2484D2D682C80454CC0
:10434000A489454D2D682C80C2F30F24434D2D6860
:104350002C80D4B2414D2D682C8071E03D4CA48856
:1043600046F60405AC4224D13A4CA488012C03D172
:10437000384C2488641E611A364C6489364D2D6889
:104380002C80C1F30F24354D2D682C80CCB2334DD9
:104390002D682C802F4CA4892F4D2D682C80C2F3C2
:1043A0000F242E4D2D682C80D4B22C4D2D682C80DE
:1043B00046E0284CA48845F21055AC4228D1254C43
:1043C0006489254D2D682C80C1F30F24234D2D6861
:1043D0002C80204C6489641C1F4D2D682C80CCB22D
:1043E0001E4D2D682C801B4CA4891B4D2D682C80E4
:1043F000C2F30F24194D2D682C80164CA489641C1F
:10440000154D2D682C80D4B2144D2D682C8017E0EA
:10441000104CA488012C03D10E4C2488641E611A10
:104420000C4C64890C4D2D682C800C4D2D68298016
:10443000084CA489084D2D682C80084D2D682A80D1
:10444000044C2489044D2D682C80044D2D682B804C
:1044500030BD00002C290020A0000020A400002076
:1044600030B40068002804D0C468A469A44630BCF5
:10447000604730BC70472DE9F04104689846164605
:10448000E0680F4643692046984721694968884794
:10449000054620694168404688472946FFF7DEFA0D
:1044A0002169096888470346E068324639468569CC
:1044B0002046AC46BDE8F041604700007CB510489E
:1044C0001C46154600680E46006EEDF7C5FF0190CC
:1044D0002946304600F024FE04800198406950B11E
:1044E000EDF7BAFF009081682A460B68314698477D
:1044F0006846EDF7E1FF01A8EDF7DEFF7CBD0000A7
:10450000780200207CB510481E46144600680D460F
:10451000006EEDF7A1FF01902146284600F01EFE37
:1045200006600198406950B1EDF796FF00908168F0
:1045300022460B68294698476846EDF7BDFF01A85B
:10454000EDF7BAFF7CBD0000780200202DE9F74F9F
:10455000A8B0EDF781FF039001680891B0F904203D
:1045600029998A420AD1B0F906002A99884205D1D0
:1045700003A8EDF7A1FF2BB0BDE8F08F0020EFF707
:1045800011F82590089882699A4818920168487C29
:104590001790824200D04A740398B0F90410099130
:1045A000B0F90820B0F906B0A2EB0101B0F90A2079
:1045B00001F1010AA2EB0B0101F101012491017C3F
:1045C00089077DD541690C9100F120011B91099A61
:1045D0002999A1EB02082A99B8F1000FA1EB0B076A
:1045E0004FF0FF3109DD012210920022554616924C
:1045F0006A1ECDF838801E9209E0AAF101021692D7
:1046000000220E92169A0D46424410911E92002FDF
:1046100009DD0121DDF890901D91A9F101011F979D
:1046200000240B9107E01D91249C89460021641E03
:104630001F91E1190B91C068EDF70EFF21900898CA
:1046400004A9C068026B0898904710990398FBF77B
:1046500018FE1A9010990398FBF713FE2290A1E020
:104660001F98844204DB0B98844201DC012000E0A7
:10467000002026900BEB040038440790169E8CE037
:1046800000202390224631460C98EEF797FC2090AC
:1046900000287DD01B9800EB860104FB0AF001EB9B
:1046A00080000F900998811901EB080006900E9880
:1046B000864208DB1E98864205DC269818B100E089
:1046C0007EE0012000E000200090BDF91010069867
:1046D000814215DCBDF912100798814210DCBDF94A
:1046E0001410069881420BDBBDF916100798814221
:1046F00006DB0146039B089A0698FEF7E5FC23902B
:10470000009840B1B6EB080120D4E21B1ED40C98EF
:10471000EEF754FCD0B90998BDF91020304404EBF1
:104720000B01824212DCBDF912208A420EDCBDF977
:10473000142082420ADBBDF916208A4206DB229A47
:1047400000920F9A089B126800F075F8BDF91010DE
:10475000069881421ADCBDF912100798814215DCD7
:10476000BDF914100698814210DBBDF916100798A8
:1047700081420BDBDDE920010DF1180C51F82020FE
:104780001A980090BCE80B0000F055F80F9900E073
:1047900001E02398086010980644AE427FF470AFA1
:1047A0001D9804444C457FF45BAF1A990398FFF7BA
:1047B00099FB22990398FFF795FB21A8EDF77CFE62
:1047C0000398299981802A99C18029995144491EC9
:1047D0000181249A2A991144491E4181DDE917106B
:1047E000884203D008460349096848742598EEF7C3
:1047F000D9FEBDE6780200202DE9FC4105460E46B3
:1048000017460020009001902846FFF745F8A86859
:1048100078B1AC68606908B9304600E060696061F1
:104820006660A760009601976A460721A869F2F7BB
:1048300037F8BDE8FC812DE9F0410646069C0D469F
:104840001746606AA84205D194F93010206A0844DE
:10485000B04203D021461846FEF7EEFB60680760C1
:1048600094F93010606800EB81006060E06808B97E
:10487000C4E90A65401CE060C4E90865BDE8F08150
:10488000F8B504460D46002000902046FFF704F8D6
:10489000A06838B1A668356000956A460221A06913
:1048A000F1F7FEFFF8BD2DE9F04105460E4617462B
:1048B0002846FEF7F1FFA86818B1AC68E6602761EA
:1048C0006661BDE8F081000070B5144C0546D4E97E
:1048D0000010814212D0FBF7B1FD297A027A914291
:1048E0000CD12168814209D0FBF7A8FD297A007A12
:1048F000814203D16068FBF7A1FD60600ECD606866
:1049000080E80E00FEF746FE60602168814203D118
:104910000846FEF73FFE206070BD00001004002036
:1049200030B40446094A0B46401C07D0581C05D039
:104930009068411C02D0D1684D1C02D14FF0FF306D
:104940000146C2E9024330BCEFF742BBFC02002043
:104950000248D0E90221C0E902127047AC020020EF
:10496000054A1168C86B896B0368096801601068A3
:10497000806B03607047000078020020F0B58E085D
:104980000023FF220546002406E0E718B7FBF2FCEF
:1049900002FB1C7780C5641CB442F6D30546002494
:1049A0000BE004EB030CBCFBF2FE80CD02FB1ECC43
:1049B000BC4501D00320F0BD641CB442F1D35B1CA4
:1049C000022BDFD34E0800230546002407E0E7183A
:1049D000B7FBF2FC02FB1C7725F8027B641CB44297
:1049E000F5D3054600240CE004EB030CBCFBF2FEFF
:1049F00035F8027B02FB1ECCBC4501D00220F0BD85
:104A0000641CB442F0D35B1C022BDDD300230546AB
:104A1000002407E0E618B6FBF2F702FB176605F87C
:104A2000016B641C8C42F5D3054600240CE000BFEA
:104A3000E718B7FBF2FC15F8016B02FB1C77B742D5
:104A400001D00120F0BD641C8C42F1D35B1C022B11
:104A5000DDD30022134602E000F8013B521C8A42DB
:104A6000FAD30020F0BD00007CB5050020D0EDF7A2
:104A7000F3FC104900904C68AC4214D14068486087
:104A800013E02046EDF7E8FC01904468AC4207D102
:104A9000009801994068486001A8EDF70DFD04E019
:104AA00001A8EDF709FD002CEBD16846EDF704FDF8
:104AB0007CBD0000180400200A4A816952F82130A8
:104AC000834202D1036842F82130416809B102688B
:104AD0000A60016809B142684A60002101604160D2
:104AE0007047000090020020006180E80E00104432
:104AF00040F8042C704700002DE9F74FC8488B465A
:104B00009CB0D0E90010CDE9191092461C98EDF741
:104B1000A3FC1190D0E90454B0F90810D0F80C802F
:104B20000A91DFF80093B0F90A001390D9F8000059
:104B30004E46407CEEF792FA10901198006800699A
:104B4000406817903068407CEEF7F8FA064611A8E6
:104B5000EDF7B2FC082D01D8012004E0102D01D89A
:104B6000022000E004200F90012D21D00027109892
:104B7000082871D3082D6FD91798B0426CD0D9F896
:104B80000000407CEEF7D2FA12900A988000EDF710
:104B9000A7FB1B9000287DD01C98EEF787FC814670
:104BA000002C78D02046EDF757FC002618908AE0BC
:104BB00019AFDCE700200C901898324681684B69E9
:104BC0000CA998470A990446884221D11B98EDF711
:104BD00043FC129B179ACDE90023014616904846E4
:104BE0002246109BFBF72EFB03AB0020169A109970
:104BF00085C301200090CDE9010103460AEB0601BF
:104C000058460A9AF0F71EFC16A8EDF755FC58E036
:104C1000012D1ED053E00C9801AB09EBE00200F02F
:104C200007010492CDE9057101210091A3E8220159
:104C30000AEB0601584401232246F1F73FFE0C9887
:104C4000324620440C90189881684B690CA998470B
:104C50000446002CDFD134E04FE01B98EDF7FCFB5D
:104C6000169001460C9B0F98179A03FB0090129B1D
:104C7000CDE900232246109BFBF7E4FA02AB109823
:104C80000021169A87C3012000900AEB06010190CB
:104C90000C9A01E02EE01EE00BEB020001232246FD
:104CA000F0F7D0FB16A8EDF707FC0C98324620442D
:104CB0000C90189881684B690CA998470446002C01
:104CC000CBD1C144761C13988642FFF673AF18A867
:104CD000EDF7F2FB0BE0012001A905970090A1E898
:104CE000210351465846139B0A9AF0F7ABFB1B98D9
:104CF000EDF716FB1FB0BDE8F08F1C98EEF7D6FB62
:104D00008146002C7ED02046EDF7A6FB00241890AB
:104D100070E000200C901898224681684B690CA91D
:104D200098470A99064688421DD1069400E0641C03
:104D30001898621C81684B690CA99847B042F6D05C
:104D4000012001A905970090A1E8210306980A9A7D
:104D5000261A0AEB0001731C5846F0F773FB761C09
:104D600006FB089044E0012D1ED03DE00C9801ABFD
:104D700009EBE00200F007010492CDE90571012181
:104D80000091A3E822010AEB0401584401233246B2
:104D9000F1F794FD0C98224630440C9018988168E5
:104DA0004B690CA998470646002EDFD11EE00C9AED
:104DB0000F9901AB02FB0190CDE90407012000909F
:104DC000A3E821010BEB02000AEB040101233246A8
:104DD000F0F738FB0C98224630440C901898816804
:104DE0004B690CA998470646002EE0D109EB080054
:104DF0008146641C139884428BDB18A8EDF75CFB9A
:104E000078E7FFE7012001A905970090A1E82103B9
:104E100051465846139B0A9AF0F714FB6AE70000C4
:104E200090190208780200202DE9FF4F8DB01F462F
:104E300090460D98EDF710FB0890B74EB0F90AB008
:104E400000F11804D0F80C903068407CEEF706F9B9
:104E5000082801D8012504E0102801D8022500E027
:104E600004250898AD4A0168096907913168497CB1
:104E700052F821100A69079906921668D1F804A021
:104E800091420FD10021CDE90441012101AA0091F5
:104E9000A2E88202B0F908205B4641460E98F0F77E
:104EA000D1FA30E1202F02D0102F74D02BE1B0F9CD
:104EB000084008A8EDF700FB05FB04F0EDF710FA39
:104EC0005FEA000AEDD0EDF7C7FA09900D98EDF70B
:104ED000C3FA00F1180408900898012DB0F9087081
:104EE00004D0022D13D0042D38D121E00698DDF82E
:104EF0002490D0F810C0BCF1000F01D0012320E0B5
:104F000001CCB04709F8010B7F1EF9D126E00698C5
:104F1000DDF82490D0F810C0BCF1000F01D00223BE
:104F20000FE001CCB04729F8020B7F1EF9D115E044
:104F30000698DDF82490D0F810C0BCF1000F07D01F
:104F400004233A4649462046E04704EB870405E03F
:104F500001CCB04749F8040B7F1EF9D10020E900CD
:104F6000099ACDE90210CDE90420012000900190BA
:104F70000898414608F10108B0F9082001230E986D
:104F8000F0F760FABBF1010BA6D109A8EDF794FA8E
:104F90005046B6E0FFE7B0F9084008A8EDF78CFAF4
:104FA00005FB04F0EDF79CF90C9000287BD0EDF7A1
:104FB00053FA09900D98EDF74FFA00F11804089094
:104FC000B0F908008000EDF78BF90B9010B1EDF708
:104FD00043FA0A900898012DB0F9087004D0022D08
:104FE00023D0042D69D141E00698DDF824900069B2
:104FF00088B10798D0F814C0BCF1000F0BD00B9803
:1050000048B102233A4620460A99E0470698012310
:10501000D0F810C040E034F8020B51468847B04742
:1050200009F8010B7F1EF6D147E00698DDF82490C1
:10503000006988B10798D0F814C0BCF1000F0BD0FC
:105040000B9848B102233A4620460A99E047069851
:105050000223D0F810C01FE034F8020B51468847F5
:10506000B04729F8020B7F1EF6D126E00698DDF83E
:1050700024900069C0B10798D0F814C0BCF1000FAB
:1050800012D00B9880B102233A4620460A99E04795
:1050900006980423D0F810C03A4649460A98E047DB
:1050A00004EB470409E02EE034F8020B5146884730
:1050B000B04749F8040B7F1EF6D10020E900099A99
:1050C000CDE90210CDE9042001200090019008985C
:1050D000414608F10108B0F9082001230E98F0F7C5
:1050E000B1F9BBF1010B7FF475AF0B9828B10AA899
:1050F000EDF7E2F90B98EDF713F909A8EDF7DCF9F4
:105100000C98EDF70DF90898002802D008A8EDF7E3
:10511000D3F911B0BDE8F08F780200209002002092
:1051200038B505460C480C460068006EEDF794F95A
:105130000090B0F90620C36800F11801A21A02FB22
:105140000311B0F9040001EB4501A1EB40046846EE
:10515000EDF7B2F9204638BD7802002038B5054693
:105160000C480C460068006EEDF776F90090B0F937
:105170000620C36800F11801A21A02FB0311B0F95E
:10518000040001EB8501A1EB80046846EDF794F97A
:10519000204638BD780200202DE9F04104460D4636
:1051A0001646324629462046FEF738F90746216959
:1051B00088688047804687EA0803324629462046A9
:1051C000FFF7A2F8BDE8F0810068002802D0C368AC
:1051D000DB69184770472DE9F04115460E46044635
:1051E000FEF730F90746206800698068804787EA43
:1051F00000032A4631462046BDE8F041FFF73BB99F
:10520000FEB50746124815460E460068006EEDF7DB
:1052100023F9019029463046FFF782FF044638699A
:10522000806880472188414021800198406950B1C1
:10523000EDF712F9009081682A460B6831469847CD
:105240006846EDF739F901A8EDF736F9FEBD000023
:1052500078020020FEB5144815460E460068006E20
:10526000EDF7FAF8019029463046FFF777FF04463C
:1052700001980068006980688047014620684840BE
:1052800020600198406950B1EDF7E6F80090816820
:105290002A460B68314698476846EDF70DF901A894
:1052A000EDF70AF9FEBD00007802002003B4019872
:1052B0004100009850EAC12018BF04204A0D18BFD1
:1052C00040F0010040F2FF72B2EB515F08BF40F0C6
:1052D0000200012808BF052002B07047000000004E
:1052E0002DE9F0412DED020B9FED3D0B2DED028BD5
:1052F0009FED3D8BDDE90254C4F30A50A0F2FF3666
:10530000142E37DA002E18DA53EC102B9DED020B19
:1053100051EC100B02F0A6F853EC182B02F070FCC5
:1053200057D2002CBCBF4FF00044002551DB54EA9B
:10533000050018BF2E4C1BD14BE02E4820FA06F773
:1053400004EA070028431FD053EC102B9DED020BFD
:1053500051EC100B02F086F853EC182B02F050FCC5
:1053600037D2002C03DD4FF48010F0400444BC43DE
:1053700000252EE0332E07DCA6F114004FF0FF319C
:1053800021FA00F73D4206D19DED020BBDEC028BE8
:1053900002B0BDE8F08153EC102B9DED020B51ECF7
:1053A000100B02F063FC53EC182B02F029FC10D216
:1053B000002C0DDD142E08BF641C09D0C6F134008A
:1053C000012101FA00F02844A84238BF641C0546B8
:1053D000BD43CDE902549DED020BD7E7000000006C
:1053E0009C7500883CE4377E00000000000000004F
:1053F0000000F03FFFFF0F0010B52F499FED2C1B61
:105400002DED020B84B0059820F000408842D8BFF3
:105410009DED040B2DDD2949884209D1049840B93E
:105420004FF00100EBF7CDF900F06EFD06B010BDB6
:1054300005DB9DED040B00F05BFD06B010BD68467A
:105440009DED040B00F06CF910F0030004BF9DED1E
:10545000021B9DED000B0CD001280ED09DED021B10
:105460009DED000B022817D0012000F0A9FC06B02A
:1054700010BD00F071FB06B010BD9DED021B9DED4F
:10548000000B012000F09CFC51EC100B01F0ACFF74
:1054900006B041EC100B10BD00F05EFB51EC100BA0
:1054A00001F0A2FF06B041EC100B10BD000000009F
:1054B0000000000000000000FB21E93F0000F07F39
:1054C0002DE9F0412DED020B9FED3D0B2DED028BF3
:1054D0009FED3D8BDDE90254C4F30A50A0F2FF3684
:1054E000142E37DA002E18DA53EC102B9DED020B38
:1054F00051EC100B01F0B6FF53EC182B02F080FBBF
:1055000057D2002CA4BF0024254652DA24F00040D4
:10551000284318BF2E4C4CD01AE02E4820FA06F72C
:1055200004EA070028431FD053EC102B9DED020B1B
:1055300051EC100B01F096FF53EC182B02F060FBBE
:1055400037D2002C03DA4FF48010F0400444BC43FF
:1055500000252EE0332E07DCA6F114004FF0FF31BA
:1055600021FA00F73D4206D19DED020BBDEC028B06
:1055700002B0BDE8F08153EC102B9DED020B51EC15
:10558000100B02F073FB53EC182B02F039FB10D216
:10559000002C0DDA142E08BF641C09D0C6F13400AB
:1055A000012101FA00F02844A84238BF641C0546D6
:1055B000BD43CDE902549DED020BD7E7000000008A
:1055C0009C7500883CE4377E00000000000000006D
:1055D0000000F0BFFFFF0F0010B52F499FED2C1BFF
:1055E0002DED020B84B0059820F000408842DCBF0E
:1055F00000209DED040B32DD2849884209D1049832
:1056000040B94FF00100EBF7DCF800F07DFC06B08C
:1056100010BD05DB9DED040B00F06AFC06B010BD6B
:1056200068469DED040B00F07BF810F0030011D0EC
:10563000012818D09DED021B9DED000B02281AD009
:1056400000F08AFA51EC100B01F0CEFE06B041ECEE
:10565000100B10BD9DED021B9DED000B012000F015
:10566000AFFB06B010BD9DED021B9DED000B00F0E1
:1056700073FA06B010BD012000F0A2FB51EC100B34
:1056800001F0B2FE06B041EC100B10BD00000000AE
:105690000000000000000000FB21E93F0000F07F57
:1056A00000B52DED048BB0EE409AF0EE609A83B019
:1056B00051EC190B02F0E6FA41EC180B18EE100A47
:1056C00018EE901A8DED008B002818BF01200843BA
:1056D00020F00040C0F17F6000F1E040C00F14D026
:1056E00019EE101A19EE900A8DED009B002918BFD3
:1056F0000121084320F00040C0F17F6000F1E0404C
:10570000C00F04BF0120EBF75CF8B0EE480A03B00D
:10571000F0EE680ABDEC048B00BD00000000000044
:105720002DE9F14F04462DED020B2DED088B8AB0CB
:105730009FEDE70B80ED020B139EE74826F0004536
:1057400085420ADC9DED120B002084ED000B0AB0AF
:10575000BDEC088B03B0BDE8F08FE0489FEDE0ABF7
:105760009FEDE1BBA84247DDE14F9FEDE39B9FED3D
:10577000E48B9DED120B53EC1A2B51EC100B002E09
:105780001CDD02F04BFB41EC100BBD4208D053EC8A
:105790001B2B51EC100B02F041FBC4E900010BE0A4
:1057A00053EC192B51EC100B02F038FB53EC182B77
:1057B00002F034FBC4E900010120C8E701F052FE09
:1057C00041EC100BBD4208D053EC1B2B51EC100BDD
:1057D00001F048FEC4E900010BE053EC192B51EC39
:1057E000100B01F03FFE53EC182B01F03BFEC4E917
:1057F00000014FF0FF30AAE7C348A84279DB9DEDD6
:10580000120B51EC100B01F071F941EC180B9FEDEC
:10581000C00B53EC102B02F0F5F89FEDBF1B53ECBF
:10582000112B01F01FFE02F029F8074602F083F861
:1058300041EC190B53EC1A2B02F0E4F853EC182B43
:1058400002F014FA41EC180B53EC1B2B51EC190B22
:1058500002F0D8F8DFF8C8A241EC100B4FEA155857
:105860000125FA4453EC102B51EC180B02F0D6FA38
:10587000032DC4E900013DD0C1F30A5005EB4511E9
:10588000A8EB00001139814234DA0AEB051BB0EEB7
:1058900048AA9BED000BF0EE68AA53EC102B51ECDC
:1058A000190B02F0AFF841EC1B0B51EC1A0B53EC47
:1058B0001B2B02F0B3FA41EC180B51EC1A0B53EC12
:1058C000182B02F0ABFA53EC1B2B02F0A7FA9BED5E
:1058D000020B41EC1A0B53EC102B51EC190B02F09C
:1058E00091F853EC1A2B02F099FA41EC100B6D1C55
:1058F000B8E70EE0002EA8BF3846BFF628AF94EDFB
:10590000000B51EC100B01F06FFDC4E9000178426F
:105910001DE7C6F3130040F4801EC6F30A50A0F240
:10592000F530471100F01F05C5F12000DDF848B043
:1059300008900020069007900520EC467949002D3C
:1059400007EB0002794408BF51F8221009D051F842
:10595000223001EB8201AB404A68089922FA01F13A
:105960001943A1FB0E26A1FB0B131A449A4234BF24
:105970000123002303EB06080CEB8003D3E901A607
:105980000E448E4234BF0121002192448A4411B159
:10599000924502D903E0924501D2012100E00021A5
:1059A000C3E901A641444CF82010011EA0F10100FA
:1059B000C4DC029800F10050850F0298DDE903670E
:1059C0008000DDF8148001F0B6FF41EC1A0B304680
:1059D00001F0C8FF9FED541B53EC112B02F012F89D
:1059E00041EC1B0B384601F0BDFF9FED511B53EC02
:1059F000112B02F007F841EC180B404601F0B2FF02
:105A00009FED4D1B53EC112B01F0FCFF41EC190BEA
:105A100051EC180B53EC192B01F024FD53EC1B2B0C
:105A200001F020FD53EC1A2B01F01CFDCDE908011B
:105A3000002008909DED080B53EC1A2B51EC100B35
:105A400002F0ECF953EC1B2B02F0E8F953EC182BA5
:105A500002F0E4F953EC192B02F008F99FED381B22
:105A600053EC112B01F0CEFF9FED370B41EC180BDF
:105A700053EC102B9DED080B51EC100B01F0C2FF05
:105A800053EC182B01F0EEFC9FED310B41EC180BA1
:105A900053EC102B9DED080B51EC100B01F0B2FFF5
:105AA00053EC182B01F0DEFC41EC100B139810F0B6
:105AB000004F06D06D4251EC100B01F095FC41EC0B
:105AC000100B284684ED000B41E6000000000000AA
:105AD0000000000000000000FB21E93F7CD90240EB
:105AE00000004054FB21F93F3163621A61B4D03D9C
:105AF000FB21F93F000000000000601A61B4D03DB6
:105B00007370032E8A19A33BFB213941000000006A
:105B100083C8C96D305FE43F000000000000E03F33
:105B20004AC2000098C10000000000000000103EC2
:105B3000000000000000103C000000000000103ACF
:105B4000182D4454FB21F93D3326A611460B113C78
:105B500000000054FB21F93D10B52DED040B2DED97
:105B6000088B82B0B0EE419AF0EE619A0B9820F06B
:105B700000449FED4BABB4F1795F11DA9DED0A0B58
:105B800051EC100B01F07AFE002801BFB0EE4A0A7A
:105B9000F0EE6A0A02B0BDEC088B04BF04B010BD81
:105BA0009DED0A0B53EC102B51EC100B01F02AFF6A
:105BB00041EC180B3C480621B0EE480AF0EE680AAA
:105BC000784400F081F853EC182B51EC100B01F0E5
:105BD00019FF9DED0A0B41EC1B0B53EC192B51ECFB
:105BE000100B01F00FFF41EC190B53EC1B2B51EC88
:105BF000180B01F007FF53EC192B02F00FF99FED82
:105C00002C0B41EC190B53EC102B51EC180B01F041
:105C1000F9FE41EC100B2848844210DA53EC192BA2
:105C200051EC100B02F0FAF853EC1A2B02F01EF8AC
:105C300041EC100B02B0BDEC088B04B010BD1F4846
:105C4000A042BCBF9FED1E1B8DED001B06DBA4F523
:105C500000100190002000909DED001B51EC100BF6
:105C600053EC112B02F0DAF89DED000B41EC180B10
:105C700053EC102B51EC1A0B02F0D0F841EC1A0B3C
:105C800053EC192B51EC180B02F0C8F853EC1A2BFB
:105C900001F0ECFF41EC100BCCE70000000000002D
:105CA000000000000000F03FBCBE0000000000004B
:105CB000000000000000E03F3333D33F0000E93F25
:105CC000000000000000D23F70B504462DED028BAD
:105CD0004D1E00EBC500B0EE408AF0EE608A90EDFC
:105CE000000B35F0060017D053EC182B51EC100BBD
:105CF00001F088FE41EC100B6D1E04EBC50090ED29
:105D0000001B51EC100B53EC112B01F0ABFB41ECE1
:105D1000100B35F00600E7D1022D36D0042D1CD033
:105D2000062D1CBFBDEC028B70BD53EC182B51EC43
:105D3000100B01F067FE94ED0A1B53EC112B01F0E0
:105D400091FB53EC182B01F05DFE94ED081B53EC16
:105D5000112B01F087FB41EC100B53EC182B51EC8D
:105D6000100B01F04FFE94ED061B53EC112B01F0CC
:105D700079FB53EC182B01F045FE94ED040B53EC2A
:105D8000102B01F06FFB41EC100B53EC182B51EC76
:105D9000100B01F037FE94ED021B53EC112B01F0B8
:105DA00061FB53EC182B01F02DFE94ED001B53EC1E
:105DB000112B01F057FBBDEC028B41EC100B70BDB9
:105DC00031B504462DED040B2DED0A8BB0EE41BA32
:105DD000F0EE61BA0B989DED0A0B20F00040B0F197
:105DE000795F0DDA51EC100BFFF760FA042808BF59
:105DF00000F09AF89DED0A0BBDEC0A8B05B030BDA2
:105E000053EC102B51EC100B01F0FCFD41EC180B86
:105E10009DED0A0B53EC182B51EC100B01F0F2FD29
:105E200041EC190B2C48B0EE480AF0EE680A052147
:105E30007844FFF749FF9FED2ACBB0EE40AAF0EE81
:105E400060AA9CB353EC1C2B51EC190B01F0DAFD4A
:105E500041EC1C0B53EC1A2B51EC190B01F0D2FD49
:105E60009FED210B41EC190B53EC102B51EC1B0B4C
:105E700001F0C8FD53EC192B01F0D0FF53EC182BA7
:105E800001F0C0FD53EC1B2B01F0C8FF53EC1C2BA1
:105E900001F0C4FF9DED0A1B53EC112B01F0E6FE4F
:105EA000BDEC0A8B05B041EC100B30BDFFE753ECA5
:105EB0001A2B51EC180B01F0A5FD53EC1C2B01F033
:105EC000D1FA53EC192B01F09DFD9DED0A1B53EC0B
:105ED000112B01F0C7FAE3E744BD00000000000009
:105EE000495555555555C5BF000000000000E03F1D
:105EF00010B553EC102B51EC100B01F0B3FA41EC40
:105F0000100B10BD000000009FED050B10B553EC09
:105F1000102B51EC100B01F059FB41EC100B10BD94
:105F200000000000000000009FED050B10B553ECD1
:105F3000102B51EC100B01F065FD41EC100B10BD66
:105F4000000000000000001010B50022002801DA57
:105F500001224042002902DA42F002024942814213
:105F600004DD0B460146184642F00402890200EBAC
:105F7000D07301EB630191FBF0F080100311144C1E
:105F800000F00F00C0F1100134F8130010FB01F015
:105F9000102907D004EB4303C1F11001B3F902301B
:105FA00003FB010000F108004FEAE07100EB117003
:105FB0004FEA2010510701D5C0F58060D10701D00C
:105FC000C0F50060910701D5C0F5805010BD0000FC
:105FD0007E9A0108F8B50F4C07462068806CECF7F4
:105FE0003BFA00902268D0E90256D2E90212C0E9D9
:105FF00002126846ECF760FA3868F9F78FFD2068FE
:10600000806CECF729FA0090C0E902566846ECF77C
:1060100053FAF8BD7802002010B5B5EEC00A2DED98
:10602000028B10EE100A9FED0C8BF1EE10FA06DDDC
:1060300001F0DEFF53EC182B01F014FA05E001F03B
:10604000D7FF53EC182B01F0E9FEBDEC028BBDE845
:10605000104001F013BC0000000000000000E03F11
:1060600000BF704710B50120ECF72AFE6FF07F40AB
:10607000EDF7C2FDECF79EFA0220EDF70BFE0020D3
:10608000EDF7BCFD2748EDF7C3FDDC22962126A0E5
:10609000ECF710FC4020EDF773FDFF20EDF7AEFDAF
:1060A000F0234FF496720A210846ECF763FF802034
:1060B000EDF766FD4FF47F40EDF7A0FDF0234FF4C0
:1060C00096723C210846ECF755FFC020EDF758FDCD
:1060D0004FF47F00EDF792FDF0234FF496726E219E
:1060E0000846ECF747FF8020EDF74AFD4FF6FF70BA
:1060F000EDF784FDF0234FF49672A0210846ECF7EB
:1061000039FF4020EDF73CFD0C48EDF777FDF0231B
:106110004FF49672D2210846ECF72CFF0020EDF7E1
:106120002FFD10BDB4D601084D637564657620411E
:106130004C5048412054455354000000A52A2A00E1
:1061400010B5044600680E2802D00F2817D108E0C9
:10615000E0684168012917D10068BDE81040EDF7FB
:10616000ABBD6068FAF77EF9084951F820006FF07E
:106170007041884203D0EDF73FFDECF71BFA204653
:10618000BDE81040F8F7B4BC10BD0000B803002013
:1061900070B504460D4600202071401EE06229467D
:1061A000204601F025F808B1032070BD94F82E12A6
:1061B00094F82F0241EA00204AF65521884201D086
:1061C0000220F2E794F86900010694F8680041EAB9
:1061D000004194F8670041EA002094F866100843F3
:1061E00020F07F400D49884201D10020DDE794F87E
:1061F0008500010694F8840041EA004194F8830088
:1062000041EA002094F88210084320F07F400349BF
:10621000884201D10020C8E70120C6E7464154006A
:106220000146002002E04910421CD0B20129FAD1F7
:106230007047000070B504466FF00400F3F7A4FC4B
:10624000E11704EB5171C1F3C7010D4A1170E11759
:1062500004EB5171CD104FF47A7045430120094988
:1062600008804FF0E020006940F002004FF0E0218C
:10627000086108464561006940F00100086170BD91
:106280006E0000207000002070B504460F480078B2
:10629000012814D10E48007888B90E48008884423D
:1062A00006DB0C48008894FBF0F52846F1F7CCF8A3
:1062B0000848008894FBF0F100FB114084B24FF4D1
:1062C0007A7104FB01F000F007F870BDE2000020D5
:1062D000D6000020700000202DE9F0470746002678
:1062E0004FF0E020D0F814901148007807FB00F838
:1062F00000BFF0F7DFFC4FF0E020856911E04FF0C0
:10630000E0208469AC420CD0AC4202D2281B064487
:1063100003E0A9EB0400284406442546464500D383
:1063200000E0ECE700BFF0F7E5FCBDE8F087000017
:106330006E00002070B50446002514B1012C0BD16D
:1063400003E0F2F75BF9054608E0F8F789F94FF446
:10635000A0400549088001E0012500BF00BF0DB144
:10636000012070BD0020FCE7580200202DE9F0411B
:1063700007460E4615461C464FF0000814B9042087
:10638000BDE8F08117B1012F16D106E0E2B229462F
:106390003046F2F79DFC804611E009E069024FF4B7
:1063A00000723046F8F786F96D1C06F50076641E1B
:1063B000002CF3D1A04602E04FF0010800BF00BF5F
:1063C000B8F1000F01D10020DAE70120D8E701463B
:1063D000002070472DE9F04107460E4614461D4641
:1063E0004FF0000817B1012F16D106E0EAB221469E
:1063F0003046F3F755F8804611E009E061024FF4AA
:1064000000723046F8F7C2F9641C06F500766D1E7E
:10641000002DF3D1A84602E04FF0010800BF00BFF5
:10642000B8F1000F02D10020BDE8F0810120FBE7A8
:106430003EB54FF47F00EDF7DFFBECF7BBF84FF60E
:10644000FF70EDF7DBFB4448EDF7E2FB0A22782111
:1064500042A0ECF72FFAFF20EDF7D0FB4448EDF710
:10646000D7FB4FF47F40EDF7C7FB64233C2232217A
:106470000A20ECF7ADF84FF47F00EDF7BDFB3D4887
:106480003D4964236E22CDE9001032213C20ECF717
:10649000B5FA384838496423A022CDE900103221EA
:1064A0006E20ECF74DFB3348334919226423CDE9C4
:1064B00000210290D2223221A020ECF7D3FA2D48FD
:1064C0002D4919226423CDE9002102908A1332213B
:1064D000D220ECF7FFFA9623FA2278211846ECF73F
:1064E000B1FB96234FF482727821A020ECF742FD95
:1064F0000520EDF7BDFBE6236E22A0210A20ECF774
:106500006FFB002405E02246A0216420ECF70CFA82
:10651000E41C322CF7DB3222A021DC20ECF7ACFCAF
:106520000220EDF7A5FB1548EDF768FB3223462264
:10653000DC21C820ECF71CFA4FF0FF10EDF75EFBF2
:106540002D234122DC21C820ECF7AEFC00F0E8F856
:1065500000F016F83EBD000078B801084D63756480
:10656000657620324420446973706C6179000000C4
:10657000C0A50108F5B6C600BB17410000FFFF002B
:1065800010B5ADF5487D00240AE0E9F783FE6421EB
:1065900090FBF1F201FB120000B22DF81400641C14
:1065A000B4F5C87FF1D34FF4C8731A464FF496710F
:1065B0000020ECF70DF84FF4967300224FF4C871E9
:1065C0006846ECF7F1FA0DF5487D10BD2DE9F04174
:1065D000182704264FF47F00EDF70EFB4FF6FF70EF
:1065E000EDF70CFBEBF7E6FF0220EDF753FB344829
:1065F000EDF70EFB0A22962132A0ECF75BF96FF063
:106600007F40EDF7FBFA0120EDF700FB6E238C22B3
:1066100003213248ECF77AFC01250DE005EB8503F8
:1066200003222E492E48ECF78BFB6E238C2203218C
:106630002B48ECF76BFC6D1C0A2DEFDB0020EDF70F
:10664000E5FA4FF47F40EDF7D9FA01241DE04FF051
:10665000A0082346032221492248EDF76DF935466B
:1066600009E03B46424603211E48ECF74FFC6D1EF5
:10667000282000FB0488002DF3DC142000FB0477A5
:106680006400304606EBD0714E10042CDFDD164856
:10669000EDF7BEFAC8220A2114A0ECF703F9DC22B8
:1066A0000A211AA0ECF7FEF88020EDF7A7FAF023F4
:1066B000C82207211948ECF729FCBDE8F081000049
:1066C00078B801084D637564657620504C41594790
:1066D0004F4E20444953504C41590000089A01083C
:1066E0005479012060790120FCE90108506F6C7930
:1066F000676F6E73206F6620617262697472617277
:10670000792073686170652000000000696E206167
:106710006E7920636F6C6F7200000000209A010890
:106720002DE9F0432DED0A8B83B040F276294FF42A
:10673000BE780520EDF79CFA0220EDF7ABFA7B4816
:10674000EDF766FA0020EDF759FAD2206FF01D013F
:1067500096231A46CDE9001041464846ECF7C4F8A6
:106760000024DAE004EB84016FF01D0202EB41002B
:1067700001F0E1F841EC1A0B9FED6D0B53EC102B7F
:1067800001F040F941EC190B9FED6B0B53EC102B12
:1067900000F01CFF41EC180B00F032FE05464846A5
:1067A00001F0C9F841EC190B284601F021FC41EC3D
:1067B0001C0BB0EE4C0AF0EE6C0AFEF71DFEB0EEBC
:1067C00040BAF0EE60BA9FED5E0B53EC102B51EC2B
:1067D0001B0B01F017F941EC1A0B53EC192B00F0CD
:1067E00041FE41EC180B01F049F80646404601F025
:1067F000A2F841EC190B284601F0FAFB41EC1C0B06
:10680000B0EE4C0AF0EE6C0AFEF7E6FEB0EE40BACF
:10681000F0EE60BA9FED4A0B53EC102B51EC1B0BC2
:1068200001F0F0F841EC1A0B53EC192B00F01AFEB2
:1068300041EC180B01F022F80746204604EBD0711A
:106840004910A4EB410119B90520EDF711FA02E056
:106850000420EDF70DFA39463046ECF7DDF9204615
:1068600004EBD0714910A4EB4101002954D14846F2
:1068700001F061F841EC190B284601F0B9FB41EC3D
:106880001C0BB0EE4C0AF0EE6C0AFEF7B5FDB0EE54
:1068900040BAF0EE60BA9FED2C0B53EC102B51EC8C
:1068A0001B0B01F0AFF853EC192B00F0DBFD00F0EF
:1068B000E5FF0646404601F03EF841EC190B28463C
:1068C00001F096FB41EC1C0BB0EE4C0AF0EE6C0AAA
:1068D000FEF782FEB0EE40BAF0EE60BA9FED1C0B00
:1068E00053EC102B51EC1B0B01F08CF853EC192BD3
:1068F00000F0B8FD00F0C2FF074604EB8400420040
:1069000015A102A8E9F772FD0C20EDF7B9F93A4696
:10691000314602A8EBF7CEFF641C172C7FF722AF9D
:1069200003B0BDEC0A8BBDE8F0830000F8F7010866
:106930004AD8124DFB21094000000000008066404B
:106940000000000000A061C00000000000C05EC0A8
:1069500000000000004060C025640000F8B5EFF7BB
:1069600077FCEFF7E5F804003BD100252846EBF76C
:10697000F1FE009048B1C0680C21426A6846904719
:10698000010007D00098884704436D1C022DEDDB01
:1069900014B126E00120F8BDEFF7E4F8012540F638
:1069A000FF762846EBF7D6FE0090C0B12846EDF7FB
:1069B000D5F80420EFF7F2FC0021324633460846B2
:1069C000EEF7C6FF0020EFF7E9FC00980E21C06843
:1069D000426A68469047010001D0009888476D1EC2
:1069E000DFD52046F8BD11E0FFF722FD4FF4FA6035
:1069F000EBF7C2FEFFF736FB4FF4FA60EBF7BCFE95
:106A0000FFF7E4FD4FF4FA60EBF7B6FEECE70000A9
:106A100010B54FF40C71002000F004FC1849086018
:106A20004FF40C71002000F0FDFB154948604FF455
:106A30000A71002000F0F6FB124908604FF40A7159
:106A4000002000F0EFFB104908604FF400710020B7
:106A500000F0E8FB0D4908600948006868B1084883
:106A6000406850B10748006838B10748006820B155
:106A70000846006808B1002010BD0120FCE70000B6
:106A80003C02002044020020480200205402002062
:106A9000F7B582B016460398019001A800F004FAF9
:106AA0000546002D02DA0B2005B0F0BD0E4850F867
:106AB00025400CB100202070029810B100200299EE
:106AC00008700949029841F82500029808B1012E82
:106AD00001D00020E8E7002203A902A800F012F884
:106AE00007463846E0E700004879012082B0CDE94A
:106AF000000121F0004001909DED000B02B051EC2F
:106B0000100B70472DE9F74F88B0002108980160FD
:106B1000099800F0C9F907900798002803DA0B20BC
:106B20000BB0BDE8F08FD549079851F820400CB95B
:106B30000C20F5E708980460207878B16078FFF7BA
:106B400046FC804608F0010040B90A9820B108F0E0
:106B5000040008B10A20E3E70020E1E700202070EC
:106B6000079860706078FFF7E5FB804608F0010049
:106B700008B10320D4E70A9820B108F0040008B156
:106B80000A20CDE7002739462046FFF701FB0546DE
:106B9000012D01D06DBB2CE0002614E004F5F77147
:106BA00001EB0610017951B1C17A0A06817A42EAF5
:106BB0000142417A42EA0121027A114300E00021B8
:106BC0004DF82610761C042EE8D3002606B1761E5A
:106BD00000BF5DF8267027B139462046FFF7D8FA86
:106BE00000E0022005461DB1701C06460428F0D3C3
:106BF00000BF032D01D1012092E70DB10D208FE7D9
:106C00003B20015D94F83C0041EA0020B0F5007F94
:106C100001D00D2084E74620015D94F8470041EA49
:106C20000029B9F1000F0ED194F85700010694F82D
:106C3000560041EA004194F8550041EA002094F8DA
:106C4000541040EA0109C4F818904020005DE0703B
:106C5000E078012804D0E078022801D00D205FE719
:106C6000E07809FB00F93D20005DA070A07818B124
:106C7000A078411E084008B10D2051E74120015D78
:106C800094F8420041EA00202081207A00F00F00B1
:106C900008B10D2044E74320015D94F8440041EA27
:106CA000002BBBF1000F0ED194F85300010694F8AD
:106CB000520041EA004194F8510041EA002094F862
:106CC000501040EA010B3E20015D94F83F0041EA7C
:106CD00000200490049808B90D2021E70498484446
:106CE000218900EB111006900698834501D20D20F2
:106CF00016E70698ABEB0000A178B0FBF1FABAF109
:106D0000000F01D10D200BE7012540F6F6708245FA
:106D100000D302254FF6F670824500D303250AF111
:106D200002006061E76104983844206206983844A4
:106D3000A062032D16D1208908B10D20F0E694F849
:106D40005F00010694F85E0041EA004194F85D009E
:106D500041EA002094F85C1008436062606980009A
:106D6000059014E0208908B90D20D9E6206A48442E
:106D70006062022D02D16069400007E0207D00F0D2
:106D80000100616901EB410100EB51000590A1692F
:106D9000059800F2FF10B1EB502F01D20D20BFE695
:106DA0004FF0FF302061E06080206071032D5AD1E8
:106DB00094F8601094F8610041EA0020012852D153
:106DC000791C204600F014FAE8BB0020607194F8AA
:106DD0002E1294F82F0241EA00204AF655218842EB
:106DE00041D13320005D01063220005D41EA0041BF
:106DF0003120005D41EA002094F83010084320491A
:106E0000884230D194F81702010694F8160241EA3C
:106E1000004194F8150241EA002094F81412084346
:106E2000184988421FD194F81B02010694F81A02EF
:106E300041EA004194F8190241EA002094F818123E
:106E40000843206100E00EE094F81F02010694F868
:106E50001E0241EA004194F81D0241EA002094F824
:106E60001C120843E060257007480088401C80B26F
:106E700005490880E080002052E6000048790120A2
:106E800052526141727241615A02002000BF054AAC
:106E9000128802F04002002AF9D0C2B2014B9A8057
:106EA000704700000010014070B502464FF0FF30FF
:106EB0001568E5B1116800E0491C0D78202D02D35A
:106EC0000D783A2DF8D10D783A2D0FD1146814F8B9
:106ED000015BA5F130030A2B07D28C4205D1032BAD
:106EE00003D218464D1C2946156070BD002000BF16
:106EF000FBE700000EE00848006808B9012000E048
:106F00000020054908604FF4FA730022114610462C
:106F1000F0F7D6FAEFE70000940240421CB5A82033
:106F2000FFF788F94FF4A060EFF748FE4FF4E13027
:106F300000F000FAF2F778FEF7F792FB4FF4784092
:106F40003C4908803CA010210B46C822CDE9001026
:106F500032211E20EFF75EFB3BA010210B46C8221A
:106F6000CDE9001046211E20EFF754FB39A0102177
:106F70000B46C822CDE900105A211E20EFF74AFB2C
:106F800023E039A010210B46C822CDE9001096213C
:106F90001E20EFF73FFB4FF4FA70FFF775F938A0AA
:106FA00010210B46C822CDE9001096211E20EFF7D4
:106FB00031FB4FF4FA70FFF767F93648006808B9FB
:106FC000012000E0002033490860F7F79BFB4EF6F4
:106FD00014718842D5D130A010210B46C822CDE9CA
:106FE000001096211E20EFF715FBF6F79DFFEFF737
:106FF00087FD002000F062F8022000F05FF8FFF744
:1070000007FD29490122086828A1FFF741FD26490B
:107010000122486826A1FFF73BFDEFF7D9FD0023C9
:10702000244A19462448EFF707FFEFF7B9FE00207E
:107030001CBD0000000000206D6375646576205360
:10704000544D333246340000535049205445535474
:10705000000000006D63756465762E74616F626177
:107060006F2E636F6D00000057323551313620436B
:107070006865636B204661696C65642100000000EF
:10708000506C6561736520436865636B2120202027
:107090002020200094024042573235513136205290
:1070A00065616479210000003C020020303A000054
:1070B000313A0000280600207172010810B504461C
:1070C0000C4951F824104A000B4951F824000021C2
:1070D00000F0BCF8094951F8242007490C3951F84F
:1070E0002400002100F0B2F8012103480C300155C2
:1070F00010BD0000B098010890000020C898010859
:107100002DE9F04704460F460025A9462548005DB5
:1071100020B9244820380168204688471FB94FF01D
:10712000FF30BDE8F087204850F82400B7FBF0F0AE
:1071300086B21D4850F82400B7FBF0F100FB117037
:1071400008B1701C86B2194850F82400451E24E08E
:1071500014480C3850F8240030F8150020B909F113
:1071600001001FFA80F901E04FF00009B14513D189
:107170004FF0000809E00B480C3850F8240005EBEC
:10718000080120F8116008F10108B045F3D3064862
:1071900050F824006843C4E76D1E002DD8DA4FF084
:1071A000FF30BEE79C000020BC980108B0980108A1
:1071B00010B501460023002207E00B4850F82100DB
:1071C00030F8120000B15B1C521C084850F8210036
:1071D0009042F2D864205843044C54F82140B0FB4C
:1071E000F4F0C0B210BD000090000020B09801087B
:1071F00070B504460D46E06AA84210D0204600F063
:1072000069F808B1012070BD607801232A4604F1B5
:107210003001FFF7ABF808B10120F4E7E562002088
:10722000F1E7000070B504460E4631462046FFF7F0
:1072300067FF0546681C08B9002070BD024850F879
:1072400024002844F9E700008400002030B50346FC
:1072500001E003F8011B141EA2F10102F9D130BDB7
:1072600000BF011EA0F10102D0B2FAD170470000A8
:1072700070B5054601210803F0F7B0FDEBF770FF8C
:10728000EFF7B2FDE9F740F8044604230B4A00216A
:107290000B48EFF7D1FD02230A4A00210A48EFF715
:1072A000CBFD0323094A00210948EFF7C5FDFF2064
:1072B000F0F774F82046E9F72BF870BD2829002074
:1072C000E769010828080020217301082809002027
:1072D000F56E010870B504462079F8B1E56A60786A
:1072E00001232A4604F13001FFF774F808B10120A8
:1072F00070BD00202071206A281AA16988420DD231
:10730000E67809E0A0690544607801232A4604F183
:107310003001FFF75FF8761E022EF3D20020E7E778
:1073200007E0ECF77BFD0523002211461046F0F73D
:10733000C7F8F6E710B588B0044601210846F0F713
:107340004DFD01211020F0F769FD07220921244895
:10735000EAF73EFE07220A212148EAF739FE4FF4F8
:10736000C060069002208DF81C008DF81D000020E2
:107370008DF81E0001208DF81F0006A91848EAF7B5
:10738000DFFD02940020ADF80C00ADF80E00ADF862
:107390001000ADF814000C20ADF8120002A911483D
:1073A000F7F7C0F801210F48F7F761F840210D48C1
:1073B000F7F754F8012240F225510A48F7F78DF803
:1073C00025208DF8040003208DF805008DF80600B7
:1073D00001208DF8070001A8EFF7B4FB08B010BD3D
:1073E000000002400010014081F00041704780F031
:1073F0000040704721F00041704720F00040704786
:1074000021F00042A2F16052B2F5801F01F000436A
:1074100028BFD2F17F6C0BD95FEA001C43EAC2029D
:1074200042EB507018BF704728BF20F00100704732
:10743000B2F5801FBCBF184670474FEA410C1CF5DF
:10744000001F02D2084600F049BE70B500F084FB70
:1074500000000089FFF7F6BF4FF00040A0F5800064
:107460007047000010B591EA030F48BF83F0004356
:1074700000F1DC84841A71EB030C05D2121943EB82
:107480000C03001B61EB0C01DFF824E14FEA1154FF
:10749000A4EB135C1EEA430F18BF9EEA445F73D04F
:1074A00023EA0E03DCF1200E21EA045143F4801399
:1074B00032D322FA0CFE10EB0E0023FA0CFE41EB45
:1074C0000E01CCF1200E03FA0EFE10EB0E0051F16E
:1074D0000001B1F5801FCCF1200E32D201EB045136
:1074E00012FA0EF2BDE8104058BF7047401C38BF7A
:1074F0005FEA420218BF7047002814BF20F0010065
:1075000041F100014FEA410313F5001F38BF7047F6
:10751000A1F1C04100F06EBB012A43EB0302ACF1C4
:10752000200CDCF11F0E32BF4FF0000E23FA0CF3DB
:1075300010EB030041EB0451B4EB115FD0D0A1EB91
:10754000045101F5801149085FEA300001EB045154
:107550000ED350F1000038BF12FA0EFE08D1BDE87C
:107560001040C9E7401C38BF5FEA4202CAD1C3E7F6
:10757000BDE810404FEA410313F5001F38BF7047C4
:10758000A1F1C04100F036BB9EEA445F08D011EA89
:107590005E0FBDE8104004BF01F0004100207047BD
:1075A000BDE8104070B500F0D7FA00BF64FBBE3EE6
:1075B0000000E0FF491058BFC1F140415B1058BFC7
:1075C000C3F140438B42EFF3008070472DE9C04187
:1075D00030B4DFF8A0C23CEA111418BF3CEA13141F
:1075E00000F0EC8081EA03051CEA111444EAD5742A
:1075F00018BF1CEA131500F0C780A4EB05044FF078
:10760000004545EAC12145EAC32341EA505143EA16
:10761000525304F17F74994204F500344FEAC020BC
:107620004FEAC22208BF904200F09C804FEA1365E7
:107630000FF24016765D4FEA134506FB05F7C7F1DA
:10764000807706FB07F74FEAD737A7FB0368764238
:10765000C8F58038A7FB06CE38BFA8F1010807FBA4
:1076600008E64FF0000EA6FB028CE6FB03CEDCF131
:10767000000CCEF1004E38BFAEF1010EA6FB0C5847
:107680004FF000074FF00005E6FB0E87A1FB08C690
:10769000A0FB07CE16EB0E0645F10005E1FB0765E2
:1076A00015F1E04E7EBFA4F580345FEA46066D41D9
:1076B00016F1800745F100054FEA17274FEA0666E5
:1076C00047EA0567A6F1DE46B6F1805F4FEA152569
:1076D0001FD9384624F0010C05EBC471BCF1FE6FD4
:1076E00001EB0C1102D8F0BCBDE8008124425CBF64
:1076F00001F5801E9EEAC47F02D4F0BCBDE8008183
:10770000244238D4F0BCA1F1C041BDE8004100F0F2
:1077100071BA4FEAD22242EA43524FEAD323A7FB7F
:1077200002864FEAD02040EA415007FB03661EEA7A
:107730000E0F4FEAD12105FB026658BFA6EB00569B
:10774000B6EB00564FEA520E4EEAC37E18EB0E0E11
:1077500056EB530EBDD518EB02085E417F1C55F168
:107760000005B6E74FF480154FF000074FF0000614
:107770004FF00008ADE7F0BC4FF0000001F1C04150
:1077800001F00041BDE8008111EA0C1F0CEA13155D
:1077900000D00CE013EA0C1F00F025804FF0000031
:1077A000F0BC81EA030101F00041BDE80081F0BCBA
:1077B000BDE8004181EA030100F01CBAF0BCBDE85D
:1077C000004170B500F0C8F9097EFC3E00F007B832
:1077D00081EA03014FF0000001F00041704781EAA7
:1077E000030100F007BAF0BCBDE800414FF0000013
:1077F00021497047FFFDFBF9F7F5F4F2F0EEEDEBF0
:10780000E9E8E6E4E3E1E0DEDDDBDAD8D7D5D4D39E
:10781000D1D0CFCDCCCBCAC8C7C6C5C4C2C1C0BFEA
:10782000BEBDBCBBBAB9B8B7B6B5B4B3B2B1B0AFF0
:10783000AEADACABAAA9A8A8A7A6A5A4A3A3A2A1D4
:10784000A09F9F9E9D9C9C9B9A999998979796958F
:1078500095949393929191908F8F8E8E8D8C8C8B2B
:107860008B8A8989888887878685858484838382B3
:10787000828181800000FF070000F87F4FEA41030A
:107880004FEA5353A3F58063D3F11E03C8BFD3F16E
:10789000210C0CDD4FF0004242EAC12242EA505274
:1078A00032FA03FC8CEAE17CACEBE1707047102B00
:1078B000C4BF0020704703F5787CBCF1FF3F04D0C3
:1078C0006FF0004282EA2100704770B500F044F981
:1078D0004992248000207047F2E700004FEA1153DC
:1078E000A3F58063D3F11E03A8BFD3F1200C08DBFE
:1078F0004FF0004242EAC12252EA505232FA03F0FB
:10790000704709420BD4102BC4BF0020704703F509
:10791000787CBCF1FF3F05D04FF0FF3070474FF04F
:107920000000704770B500F017F900BF499224803D
:1079300000207047F0E710F0004248BF4042B0FA24
:1079400080F310FA03F10AD0C3F11D0303F580633D
:107950004FEA415002EB035202EBD12170474FF046
:1079600000007047B0FA80F310FA03F10AD0C3F1B7
:107970001D0303F580634FEA41504FEA035202EBC7
:10798000D12170474FF000007047000051EA030C0E
:1079900017D41CF5801F58BFBCF5801F00F106806E
:1079A000994218BF704708BF9042704707D711F53A
:1079B000801F58BF13F5801F19D499427047894220
:1079C00070471CF5801F08D5BCF5801FF7D58B428A
:1079D00018BF704708BF824270474FF4001C1CEB71
:1079E000410F38BF1CEB430F01D28B42704770B57B
:1079F00000F0B2F8922449004FF000514FF080534C
:107A0000FFF7D8BDDFF848C170B51CEA111E1EBFD4
:107A10001CEA13159EEA0C0F95EA0C0F00F06F801C
:107A200081EA030423EA4C134EEAD47E21EA4C1186
:107A300041F4801143F48013AE44A1FB024CA0FB3F
:107A40000365AEF17F7E361955EB0C05A1FB034CA7
:107A50004CF10003A0FB021C16EB0C06654153F130
:107A60000003094218BF46F0010613F4007F0BD152
:107A70004FEA03314FEA0530340341EA155140EA39
:107A800016506FF003020AE04FEAC3214FEAC52007
:107A9000F40241EA555140EA56506FF0020202EBFF
:107AA0002E4201EB025585EACE710AD05FEA440C02
:107AB00018BF24F0004450F1000041F1000120EA19
:107AC000D47040F2FE7C624500D270BDA84214BF63
:107AD0004FF080444FF04044002E08BF0024BEF118
:107AE000806FA8BFA1F1C041BDE8704080F28280E4
:107AF0004FF0000001F1C04101F0004170479EEAE3
:107B00000C0F0CEA131518BF95EA0C0F06D04FF0B6
:107B1000000081EA030E0EF0004170BD00F01CF879
:107B20008900013E00F007B800F009B84FEA430CA5
:107B30005FEA5C5C08D081EA030100F05BB84FEAC1
:107B4000410C5FEA5C5CF6D14FF0000001497047E0
:107B50000000FF070000F87F0EF1020E2EF0030E6A
:107B60005EF8046B364205D4012A43EB030515F594
:107B7000001F12D8012841EB010C1CF5001F0CD886
:107B80000ED14FEAD17C15F5001F0CEB4C0C0CF11B
:107B9000020C08BF4CEBD37C04E04FF0080C01E072
:107BA0004FEAD37C0CEB4C0526FA05F606F00706E7
:107BB000B6F1040C06D20EEB860CBDE870404CF01A
:107BC000010C6047DFE80CF0090B02024FF00041A6
:107BD0004FF00000A1F5002170BD194610460128A4
:107BE00051EB010418BFD4F5001484BF002001F04C
:107BF000004170BD0808A0F500114FEA310170473F
:107C000053EA010C17D41CF5801F58BFBCF5801F28
:107C100000F106808B4218BF704708BF8242704750
:107C200007D713F5801F58BF11F5801F19D48B4259
:107C300070479B4270471CF5801F08D5BCF5801F1C
:107C4000F7D5994218BF704708BF904270474FF46C
:107C5000001C1CEB430F38BF1CEB410F01D29942B3
:107C600070470FB40CBC03BCFFF7C1BE91EA030F11
:107C700010B581F000413FF5FDAB83F0004300F00B
:107C8000D5B800002DE9F04101F5801CBCF5001FBE
:107C9000C0F2A9804FEA115C21EA0C510CF1FD0CF5
:107CA00041F480115FEA5C0C0CF5C07C01D340000C
:107CB000494130A4890241EA905187028E0E0A0C94
:107CC000A45D04FB04F602FB06F6C6F14046A4FBE5
:107CD0000662F60D46EA422606FB06F4A4FB0123E3
:107CE0005242C3F1404338BF5B1EA6FB0242002450
:107CF000E6FB0324D20B42EA4446A6FB0623A1FB83
:107D000002E2A3FB07E4E3FB61426442C2F1404E9E
:107D100038BFAEF1010EA6FB04234FF00002E6FBD4
:107D20000E32A2FB03463400E2FB6264A1FB06E6CE
:107D3000A4FB07E8E4FB61687642C8F1405838BF0D
:107D4000A8F10108A2FB06E4A3FB08E5E2FB6854E6
:107D5000A1FB05E6A7FB04E8E1FB648618F120051A
:107D600056F10006A809A8F11B08B10908F03F0860
:107D7000B8F10A0F40EA86601CD901EB0C51BDE84E
:107D8000F08100BFFCF5EEE8E2DDD8D3CFCBC7C36E
:107D9000C0BDB9B6B4B1AEACA9A7A5A3A19F9D9B28
:107DA0009A9896959392908F8D8C8B8988878685EB
:107DB00084838281A0FB006800FB01F208EB42088B
:107DC000B8EB872807D5341858EB0104D5D5401CEB
:107DD00051F10001D1E7341A78EB0104CDD4401EF3
:107DE00071F10001C9E75FEA4C0C5FEA9C5C0DD1C0
:107DF00005D34FF0000001F00041BDE8F081BDE87F
:107E0000F04170B5FFF7A8FE6DDBFFBEBDE8F041A5
:107E10004FF00000004970470000F87F10B591EA6C
:107E2000030F48BF83F000433FF524AB841A71EB86
:107E3000030C07D212198CF0004C43EB0C03001B0F
:107E400061EB0C01DFF8A4E14FEA1154A4EB135CE1
:107E50001EEA430F18BF9EEA445F00F0B08023EA99
:107E60006E03524221EA0451C3EB6E0338BF5B1E1E
:107E7000DCF1200E25D322FA0CFE10EB0E0043FAA3
:107E80000CFE41EB0E01CCF1200E03FA0EFE10EBBE
:107E90000E0051F10001CCF1200E29D412FA0EF29D
:107EA00001EB0451BDE8104058BF7047401C1CBF97
:107EB000B2F1004F704700280CBF491C20F00100B0
:107EC000704712EB020E43EB030218BF4FF0010E96
:107ED0004EEA4202ACF1200CDCF11E0E54D943FAFA
:107EE0000CFE10EB0E0051F1FF31CCF11E0ED5D57A
:107EF0000EF1010E12FA0EFE404141EB010101EBC1
:107F0000445C5FEA5C5C10D910EBDE7001EB04515D
:107F100038BFBEF1004FBDE8104018BF70470028C1
:107F20000CBF491C20F00100704730D24FEAD42C1E
:107F300011F5001124F400641BD0B1FA81F20B3A60
:107F4000A41AA41ED2F12003914030FA03F319437E
:107F5000904001EBCC71002C01EB0451BDE81040C6
:107F6000A8BF704701F1C0414FF0000001F000418F
:107F70007047B0FA80F310FA03F100D110BDE41A93
:107F8000173C4805C90AE4E701EB045110BD49104C
:107F900001EB0451BDE810404FEA300002E04FF021
:107FA000000170474A0008BF0042F8D0B2F5001F38
:107FB00028BF704701F000414FF0000070479EEA73
:107FC000445F07D011EA5E0FBDE8104004BF0021F6
:107FD00000207047BDE8104070B5FFF7BDFD00BF41
:107FE00040DFF63E83F00041104670470000E0FF9E
:107FF00043004FEAD30C4FEA3C0C43401FBF4007FD
:108000000CF1605113F0FE4F70471CF0006F03D16C
:1080100000200CF0004170470CF0004343EA507020
:1080200010B540EACC0000F00EF800BF000000924E
:108030004FEA0001FFF7DEBD4FF000414FF00000B6
:10804000A1F5002170470EF1020E2EF0030E5EF82E
:10805000044B244204D44FEA4102B2F17F4F11D8BD
:108060004FEA4003B3F17F4F0CD80ED14FEAD07CDA
:10807000B2F17F4F0CEB4C0C0CF1020C08BF4CEB37
:10808000D17C04E04FF0080C01E04FEAD17C0CEB0E
:108090004C0324FA03F404F00704B4F1040C06D2F0
:1080A0000EEB840CBDE810404CF0010C6047DFE89B
:1080B0000CF0070802024FF00040A0F5800010BD50
:1080C0000846420018BFD2F1807288BF00F000401D
:1080D00010BD4FF04070E1EE100A7047FF2141EAF9
:1080E000D050C005704700000000000000000000F4
:1080F0000000000000003F40000000000000000001
:108100003000400030004000000009000BC03D007E
:108110000BC03D00090018C024407FE022403180A0
:108120000000180024C01B000D8032400180038035
:108130001C4027401C8007400040100060000000E9
:108140000000000000000000000000001F80204030
:1081500040200000402020401F8000000000090057
:1081600006001F80060009000000040004003F8094
:108170000400040000000010006000000000000087
:1081800000000400040004000400040000000000DB
:1081900000400000000000000000002001C00600B8
:1081A0003800400000001F802040204020401F80F9
:1081B0000000000010403FC000400000000018C058
:1081C00021402240244018400000108020402440DC
:1081D00024401B80000002000D0011003FC0014040
:1081E00000003C80244024402440238000001F8065
:1081F000244024403440038000003000200027C089
:108200003800200000001B802440244024401B80B4
:1082100000001C0022C0224022401F8000000000FD
:1082200000000840000000000000000000000460A2
:10823000000000000000000004000A00110020807F
:108240004040090009000900090009000000000081
:108250004040208011000A00040018002000234044
:108260002400180000001F802040274029401F40A4
:108270000000004007C039000F0001C0004020404E
:108280003FC0244024401B8000001F80204020402D
:1082900020403080000020403FC0204020401F8010
:1082A000000020403FC024402E4030C0000020404D
:1082B0003FC024402E00300000000F0010802040FE
:1082C00022403380020020403FC0040004003FC031
:1082D0002040204020403FC020402040000000605F
:1082E000202020203FC02000200020403FC024400C
:1082F0000B0030C0204020403FC0204000400040E4
:1083000000C03FC03C0003C03C003FC00000204014
:108310003FC00C4023003FC020001F802040204071
:1083200020401F80000020403FC02440240018004F
:1083300000001F802140214020E01FA000002040BD
:108340003FC02440260019C0004018C024402440EB
:10835000224031800000300020403FC020403000EB
:10836000000020003F80004000403F8020002000AF
:108370003E0001C0070038002000380007C03C0064
:1083800007C038000000204039C0060039C0204036
:1083900000002000384007C0384020000000304076
:1083A00021C02640384020C00000000000007FE0CF
:1083B000402040200000000070000C0003800040BE
:1083C00000000000402040207FE00000000000008E
:1083D00020004000200000000000001000100010ED
:1083E000001000100010000000004000000000001D
:1083F0000000000002800540054003C0004020004E
:108400003FC004400440038000000000038004409B
:1084100004400640000000000380044024403FC0A8
:1084200000400000038005400540034000000000BC
:1084300004401FC0244024402000000002E00550FA
:1084400005500650042020403FC00440040003C0F3
:1084500000400000044027C0004000000000001061
:108460000010041027E00000000020403FC0014041
:10847000070004C00440204020403FC000400040AE
:10848000000007C0040007C0040003C0000004404F
:1084900007C00440040003C0004000000380044003
:1084A000044003800000041007F0045004400380DF
:1084B0000000000003800440045007F00010044056
:1084C00007C0024004000400000000000640054010
:1084D000054004C00000000004001F80044000406C
:1084E0000000040007800040044007C00040040072
:1084F000070004C0018006000400060001C0070058
:1085000001C006000000044006C0010006C004408F
:1085100000000410071004E00180060004000000C1
:10852000044005C0064004400000000000000400B4
:108530007BE040200000000000000000FFF0000091
:108540000000000040207BE004000000000040002C
:1085500080004000200020004000000000000000DB
:10856000000000000000000000000000000000000B
:108570001FCC000C000000000000000008003000CC
:1085800060000800300060000000022003FC1E2094
:10859000022003FC1E200220000000000E1811041F
:1085A0003FFF10840C78000000000F0010840F388B
:1085B00000C0077818840078000000780F8410C489
:1085C00011240E9800E40084000808006800700080
:1085D000000000000000000000000000000000009B
:1085E00007E01818200440020000000040022004A8
:1085F000181807E00000000000000240024001805F
:108600000FF00180024002400000008000800080E6
:108610000FF800800080008000000001000D000EB7
:10862000000000000000000000000000008000804A
:10863000008000800080008000800000000C000CA2
:10864000000000000000000000000000000600180C
:1086500000600180060018002000000007F00808F4
:1086600010041004080807F00000000008040804C3
:108670001FFC000400040000000000000E0C101499
:108680001024104411840E0C000000000C1810047B
:108690001104110412880C700000000000E0032097
:1086A000042408241FFC0024000000001F981084EC
:1086B00011041104108810700000000007F00888F1
:1086C0001104110418880070000000001C00100044
:1086D00010FC13001C001000000000000E381144B4
:1086E0001084108411440E38000000000700088C2C
:1086F00010441044088807F000000000000000004B
:10870000030C030C0000000000000000000000014A
:108710000106000000000000000000000080014091
:108720000220041008081004000002200220022089
:10873000022002200220022000000000100408088D
:108740000410022001400080000000000E00120012
:10875000100C106C10800F00000003E00C1813E4E4
:10876000142417C4082807D000000004003C03C4E8
:108770001C40074000E4001C000410041FFC11040E
:10878000110411040E880070000003E00C1810049E
:108790001004100410081C10000010041FFC10042A
:1087A00010041004080807F0000010041FFC110456
:1087B000110417C410040818000010041FFC110451
:1087C000110017C010000800000003E00C1810048E
:1087D000100410441C780040000010041FFC10849A
:1087E0000080008010841FFC10040000100410049E
:1087F0001FFC100410040000000000030001100121
:1088000010011FFE10001000000010041FFC1104D6
:1088100003801464181C1004000010041FFC1004D2
:10882000000400040004000C000010041FFC1F00E2
:1088300000FC1F001FFC1004000010041FFC0C04AF
:10884000030000E010181FFC100007F008081004D7
:1088500010041004080807F0000010041FFC108426
:108860001080108010800F00000007F008181024FE
:108870001024101C080A07F2000010041FFC110449
:10888000110011C011300E0C000400000E1C110468
:108890001084108410441C380000180010001004CC
:1088A0001FFC100410001800000010001FF8100436
:1088B0000004000410041FF8100010001E0011E056
:1088C000001C007013801C0010001FC0103C00E052
:1088D0001F0000E0103C1FC000001004180C1634EC
:1088E00001C001C01634180C100410001C00130441
:1088F00000FC13041C00100000000804101C10648D
:10890000108413041C041018000000000000000074
:108910007FFE4002400240020000000030000C00D8
:1089200003800060001C00030000000040024002C1
:1089300040027FFE00000000000000000000200058
:108940004000400040002000000000010001000144
:108950000001000100010001000100004000400092
:10896000200000000000000000000000009801242A
:1089700001440144014400FC000410001FFC008875
:1089800001040104008800700000000000700088ED
:108990000104010401040088000000000070008848
:1089A0000104010411081FFC0004000000F8014448
:1089B00001440144014400C8000000000104010416
:1089C0000FFC1104110411001800000000D6012949
:1089D0000129012901C90106000010041FFC0084BF
:1089E00001000100010400FC00040000010419045E
:1089F00019FC000400040000000000000003000156
:108A00000101190119FE0000000010041FFC0024E0
:108A1000004001B4010C0104000000001004100427
:108A20001FFC0004000400000000010401FC01041C
:108A3000010001FC0104010000FC010401FC0084B0
:108A400001000100010400FC0004000000F8010422
:108A500001040104010400F80000010101FF008588
:108A6000010401040088007000000000007000880C
:108A700001040104010501FF00010104010401FCDE
:108A800000840104010001800000000000CC0124EA
:108A900001240124012401980000000001000100CC
:108AA00007F80104010400000000010001F80004BF
:108AB00000040004010801FC0004010001800170B1
:108AC000000C001001600180010001F0010C003079
:108AD00001C00030010C01F0010000000104018C14
:108AE00000740170018C0104000001010181017119
:108AF000000E001801600180010000000184010CDB
:108B0000013401440184010C000000000000000059
:108B1000000001003EFC4002400200000000000096
:108B20000000FFFF000000000000000040024002C3
:108B30003EFC01000000000000000000600080001A
:108B400080004000400020002000000000000000E5
:108B50000000000000000000000000000000000015
:108B60000000000000000000000000000000000005
:108B7000000000000000000000000000000F80382E
:108B80000FFE380F803800000000000000000000D9
:108B900000000000000000000100000600000C00C2
:108BA000003800003100000600000C000038000012
:108BB0003000000000000000000061800067F8073E
:108BC000F980006180006180006180006180006741
:108BD000F807F9800061800000000000000000003C
:108BE00001C0E003E0F00630080418081FFFFE048F
:108BF0000E080787F00381E000000000000001F08C
:108C000000060C00040408060C7001F9C0000E00F8
:108C1000003BE000EC18070808040C180003E00013
:108C200000000001E00007F003F818041C08041716
:108C30000807E1D003C0E00023B0003C0800200892
:108C400000001000000000000001000031000032B0
:108C500000001C00000000000000000000000000F8
:108C60000000000000000000000000000000000004
:108C7000000000000000000000007F0001FFC007AE
:108C800080F00C001810000420000200000000001A
:108C9000002000021000040C00180780F001FFC043
:108CA000007F000000000000000000000000000045
:108CB0000000000000004200006600006600003C6A
:108CC0000000180003FFC0001800003C0000660010
:108CD00000660000420000000000080000080000DC
:108CE000080000080000080001FFC000080000089C
:108CF000000008000008000008000000000000015B
:108D000000003100003200001C00000000000000E4
:108D10000000000000000000000000000000000053
:108D2000000008000008000008000008000008001B
:108D3000000800000800000800000800000800000B
:108D400000000000000000000000380000380000B3
:108D500038000000000000000000000000000000DB
:108D600000000000000000000000000600001C00E1
:108D70000070000180000E0000380000C0000700F5
:108D8000001C0000300000000000000000007F8098
:108D900001FFE003807006001804000804000806C4
:108DA000001803807001FFE0007F800000000000D9
:108DB0000000000001000801000801000803FFF89E
:108DC00007FFF8000008000008000008000000008D
:108DD000000000000001C03802C0580400980401DF
:108DE00018040218040418061C1803F81801E0F807
:108DF00000000000000000000001C0E003C0F0041B
:108E0000000804080804080806180803F41801E715
:108E1000F00001E00000000000000000000003007E
:108E2000000D000011000061000081080301080727
:108E3000FFF80FFFF8000108000108000000000023
:108E4000000000E007FCD00608080610080610081D
:108E5000061008061838060FF00607C000000000CC
:108E60000000000000003F8001FFE00384300208A2
:108E700018041008041008041008071810030FF055
:108E80000007C000000000000000000003C0000751
:108E900000000600000600F80607F806180006E0C5
:108EA0000007000006000000000000000001E1E0F3
:108EB00003F7F0063410041808041808040C08041A
:108EC0000C0806161803F3F001C1E00000000000D2
:108ED0000000F80003FC300306380402080402080E
:108EE0000402080404100308F001FFC0007F000022
:108EF0000000000000000000000000000000000072
:108F00000000703800703800703800000000000069
:108F10000000000000000000000000000000000051
:108F2000000000000000301A00301C0000000000AB
:108F30000000000000000000000000000000000031
:108F400000080000140000220000410000808001A1
:108F5000004002002004001008000800000000008B
:108F6000000021000021000021000021000021005C
:108F7000002100002100002100002100002100004C
:108F800000000000000000000800080400100200BB
:108F900020010040008080004100002200001400F9
:108FA00000080000000000000003C00004C000042E
:108FB0000000080038080F380808380810000C3086
:108FC0000007E00003C000000000000000003F8038
:108FD00000FFE0038070020F1006708804C0880450
:108FE0008308047F8802C09003012000FE40000037
:108FF000080000180001F8003E0801C20007020046
:1090000007E20000FE00001FC80001F80000380061
:10901000000804000807FFF807FFF8040808040820
:109020000804080804080806180803F41801E7F003
:109030000001E0000000000000003F8001FFE003AD
:1090400080700200180400080400080400080400EE
:10905000100600200780C000000004000807FFF889
:1090600007FFF804000804000804000804001802C0
:10907000001003807001FFE0007F8000000004000A
:109080000807FFF807FFF8040808040808040808A0
:10909000040808043E0804000806001801006000E7
:1090A000000004000807FFF807FFF8040808040898
:1090B00000040800040800043E000600000600004A
:1090C000018000000000000000003F8001FFE0037D
:1090D0008070060018040008040208040208020355
:1090E000F00783F000020000020004000807FFF808
:1090F00007FFF80408080008000008000008000046
:10910000080004080807FFF807FFF804000800003B
:109110000000000004000804000804000807FFF82D
:1091200007FFF8040008040008040008000000001D
:10913000000000000000000600000700000104001D
:109140000104000104000307FFFE07FFFC04000008
:1091500004000004000004000807FFF807FFF804FB
:109160000C08001800003E0004C7800503C8060074
:10917000F804003804001800000804000807FFF88D
:1091800007FFF804000800000800000800000800BD
:109190000008000008000018000060000000040043
:1091A0000807FFF807800807FC00007FC00003F8ED
:1091B0000007C000780007800807FFF807FFF804E1
:1091C000000804000807FFF807000803C00000E0DB
:1091D00000003800001E000007000001C00400F07D
:1091E00007FFF8040000000000007F8001FFE0039B
:1091F0008070060018040008040008060018030028
:109200003001FFE0007F8000000004000807FFF845
:1092100007FFF80404080404000404000404000424
:109220000400060C0003F80001F00000000000003C
:1092300000007F8001FFE003807006008804008842
:109240000400C806003C03003E01FFE6007F8400E6
:10925000000004000807FFF807FFF80408080408E6
:1092600000040C00040F00040BC00610F003F038DB
:1092700001E00800000800000001E0F803F03006FB
:109280003010041808041808040C08040C0802061E
:10929000180207F00781E0000000018000060000CE
:1092A00004000004000004000807FFF807FFF804AA
:1092B0000008040000040000060000018000040013
:1092C0000007FFE007FFF004001800000800000896
:1092D00000000800000800000804001007FFE00478
:1092E000000004000006000007E00007FE00041F65
:1092F000E00001F80000380001E0043E0007C00073
:1093000006000004000004000007E00007FFC0049E
:109310001FF80007C007F80007FF80043FF80007A8
:10932000C004F8000700000400000000000400086A
:1093300006001807C07805F1C8003E00001F800431
:1093400063E80780F8060018040008000000040025
:109350000006000007800007E008047C08001FF8F2
:109360000007F800180804E00807000006000004E1
:1093700000000000000100080600380400F80403A3
:10938000E8040F08047C0805F00807C00807001867
:109390000400600000000000000000000000000069
:1093A00000000000003FFFFE20000220000220001D
:1093B0000220000220000200000000000000000067
:1093C00008000007000000C0000038000006000090
:1093D00001C000003000000E00000100000000008D
:1093E00000000000200002200002200002200002F5
:1093F0002000023FFFFE000000000000000000000F
:109400000000000000000000000000080000100044
:1094100000300000200000300000100000080000B4
:109420000000000000000000010000010000010039
:109430000001000001000001000001000001000027
:109440000100000100000100000100000000000018
:1094500000000020000020000010000010000000AC
:1094600000000000000000000000000000000000FC
:10947000000000F00019F8001B1800220800260860
:10948000002408002410003FF8001FF80000080026
:10949000001800000004000007FFF80FFFF000189C
:1094A00018001008002008002008003018001FF0E5
:1094B000000FC00000000000000007C0001FF00007
:1094C0001830002008002008002008003C08001C7C
:1094D000100000600000000000000000000007C055
:1094E000001FF000381800200800200800200804A1
:1094F000101007FFF80FFFF0000010000000000040
:10950000000000000007C0001FF000123000221809
:10951000002208002208003208001E10000E200061
:10952000000000000000200000200800200801FFCB
:10953000F803FFF80620080420080420080720008C
:1095400003000000000000000000000E000E6E008E
:109550001FF30031B10020B10020B1003191001F94
:1095600013002E1E00200E00300000000004000832
:1095700007FFF80FFFF8001008002000002000008F
:109580002008003FF8001FF800000800000000005D
:1095900000000000002008002008002008063FF816
:1095A000063FF80000080000080000080000000066
:1095B0000000000000000000000003000003002085
:1095C00001002001002003063FFE063FFC000000D2
:1095D00000000000000000000004000807FFF80F72
:1095E000FFF8000188000300002FC00038F80020B9
:1095F0003800200800000800000000000000000003
:1096000004000804000804000807FFF80FFFF80032
:109610000008000008000008000000000000002012
:1096200008003FF8003FF8001008002000003FF855
:10963000003FF8001008002000003FF8003FF8004D
:109640000008000000002008003FF8003FF800106C
:1096500008001000002000002008003FF8001FF85C
:109660000000080000000000000007C0000FF0002C
:1096700018300030080020080020080030080018CA
:1096800030000FF00007C0000000000000002001C3
:10969000003FFF003FFF00101100200900200800DC
:1096A0002008003038001FF0000FC000000000004C
:1096B000000007C0001FF000381800200800200834
:1096C000002009001011001FFF003FFF00000100F3
:1096D0000000002008002008002008003FF8003F9C
:1096E000F8000808001008002008002000003000E2
:1096F000003000000000000000000000000C7800B6
:109700001E180033080023080021080021880021CA
:10971000980030F0003860000000000000002000D9
:1097200000200000200000FFF003FFF800200800E8
:1097300020080020080000300000000000000000A9
:1097400000002000003FF0007FF800001800000833
:10975000000008002010003FF8007FF0000010001B
:109760000000000000002000003000003C00003F2E
:10977000800023F0000078000070002380003C008F
:10978000003000002000002000003C00003FE0000E
:1097900023F80000E0002700003E00003FE0002129
:1097A000F80001E0003E000020000000000020085A
:1097B000002008003838003E680027800003C800F9
:1097C0002CF80038380020180020080000000000A5
:1097D00000002000003003003C01003F830023EC28
:1097E000000070002380003C0000200000200000EA
:1097F00000000000000000000038080020380020B1
:10980000F80023E8002F88003E08003808002018E0
:1098100000007000000000000000000000000000D8
:1098200000000000000008000014001FF7FC3000DA
:109830000620000200000000000000000000000000
:10984000000000000000000000000000FFFFFF001B
:109850000000000000000000000000000000000008
:10986000000000002000023000061FF7FC0014007A
:1098700000080000000000000000000000000000E0
:1098800000000000001800006000004000004000E0
:109890000020000010000008000004000004000088
:1098A0000C0000100000000100050010001400185A
:1098B00000090000400100008007000020000000B7
:1098C000200000002000000000200100002800000F
:1098D00000F00000000000000519010885240108BF
:1098E000B52501089D2801081D3401080943010818
:1098F00099510108C5420108853101081932010852
:109900003D3101087B340108000001000200010024
:109910000300010002000100040001000200010038
:109920000300010002000100050001000200010027
:109930000300010002000100040001000200010018
:109940000300010002000100060001000200010006
:1099500003000100020001000400010002000100F8
:1099600003000100020001000500010002000100E7
:1099700003000100020001000400010002000100D8
:1099800003000100020001000700010002000100C5
:1099900003000100020001000400010002000100B8
:1099A00003000100020001000500010002000100A7
:1099B0000300010002000100040001000200010098
:1099C0000300010002000100060001000200010086
:1099D0000300010002000100040001000200010078
:1099E0000300010002000100050001000200010067
:1099F0000300010002000100040001000200010058
:109A000003000100020001002800140000001400FF
:109A100014000000000014002800140014000000CE
:109A20000000FBFFD8FFDDFFF6FFE7FFF6FFABFF0F
:109A30000A00ABFF0A00E7FF2800DDFF190201085A
:109A4000055B0008353301080100000055000108DE
:109A5000DD3501084D560008555700080000640028
:109A6000C80029018801E30139028A02D4021803DF
:109A700053038703B203D403EC03FB030004000089
:109A8000290051007900A000C500EA000D012E0157
:109A90004E016C018901A301BD01D501EB0100025A
:109AA00029000108B1350108B132010800000000A9
:109AB000A10001083536010806000000011A01085E
:109AC0009F240108CF250108D52B01083734010850
:109AD00061440108C9510108E3420108D931010874
:109AE0006932010851310108953401084D410108DE
:109AF000B14001089D41010839000108C135010844
:109B0000C13201080000000019010108AD3601084A
:109B100005000000FD1A0108B5240108E52501082B
:109B2000E92B01084534010877440108D7510108A1
:109B3000F1420108EB310108773201085F31010879
:109B4000A334010800000000000000000000000035
:109B50000000000000000040404040404040400005
:109B600040000000000000505050000000000000C5
:109B700000000000000000121222FE2424FE4848CB
:109B80004800000000000038545050701C14545419
:109B9000381000000000000000003080490049003B
:109BA0004A00320004C005200920092010C000002E
:109BB0000000000000000000000018002400240045
:109BC000240018003000490045004600398000009C
:109BD00000000000000000404040000000000000C5
:109BE00000000000000000102020404040404040A5
:109BF0004020201000000080404020202020202015
:109C00002040408000000020F820500000000000AC
:109C10000000000000000000000808087F08080895
:109C20000000000000000000000000000000000034
:109C300020202000000000000000000000E00000E4
:109C40000000000000000000000000000000000014
:109C50004000000000000010102020204040408004
:109C600080000000000000788484848484848484DC
:109C7000780000000000001030501010101010107C
:109C80001000000000000078840404040810204044
:109C9000FC000000000000788404043804040484FC
:109CA0007800000000000008181828284848FC0820
:109CB000080000000000007C404080F88404048418
:109CC0007800000000000078848080B8C484848418
:109CD00078000000000000FC080810102020404020
:109CE00040000000000000788484847884848484A8
:109CF00078000000000000788484848C7404048858
:109D000070000000000000000000400000000000A3
:109D100040000000000000000000400000000000C3
:109D2000404040000000000000020C3040300C02B7
:109D300000000000000000000000FE0000FE000027
:109D400000000000000000000040300C020C304019
:109D500000000000000000384444040810202000E7
:109D6000200000000000000000000F803040402074
:109D70004E909190A090A110A120A3209DC04010D2
:109D800020601F8000000000000008001400140084
:109D90001400220022007F004100808080800000AB
:109DA000000000000000000000007E0041004100B3
:109DB00041007E0041004100410041007E00000062
:109DC000000000000000000000001C002200410014
:109DD0004000400040004000410022001C00000004
:109DE000000000000000000000007C004200410074
:109DF0004100410041004100410042007C00000060
:109E0000000000000000000000007F004000400053
:109E100040007F0040004000400040007F00000004
:109E2000000000000000007E4040407C4040404078
:109E3000400000000000000000001E0021004080E3
:109E40004000400047804080408021001E0000000C
:109E5000000000000000000000004100410041003F
:109E600041007F00410041004100410041000000ED
:109E700000000000000000404040404040404040A2
:109E8000400000000000000808080808080888884A
:109E9000700000000000000000004080410042000F
:109EA0004400480058006400420041004080000027
:109EB0000000000000000040404040404040404062
:109EC0007E000000000000000000404060C060C054
:109ED000514051404A404A404A40444044400000BA
:109EE000000000000000000000004100610051007F
:109EF0005100490049004500450043004100000071
:109F0000000000000000000000001E002100408052
:109F10004080408040804080408021001E00000042
:109F2000000000000000000000007E004100410031
:109F3000410041007E004000400040004000000021
:109F4000000000000000000000001E002100408012
:109F50004080408040804080468021001E8000007C
:109F6000000000000000000000007E0041004100F1
:109F7000410041007E0044004200420041000000D8
:109F8000000000000000000000003E004100410011
:109F90004000380006000100410041003E00000082
:109FA00000000000000000FE101010101010101033
:109FB00010000000000000000000410041004100CE
:109FC0004100410041004100410022001C0000000E
:109FD0000000000000000000000080808080410040
:109FE00041002200220014001400080008000000B4
:109FF00000000000000000000000820885084510F5
:10A000004510451028A028A028A0104010400000AE
:10A01000000000000000008244442810102844443E
:10A020008200000000000000000041002200220029
:10A0300014001400080008000800080008000000D0
:10A04000000000000000007E0408081010202040DE
:10A05000FE000000000000604040404040404040A2
:10A0600040404060000000808040404020202010A0
:10A070001000000000000060202020202020202070
:10A080002020206000000000205050508800000078
:10A0900000000000000000000000000000000000C0
:10A0A000000000FE00000040200000000000000052
:10A0B000000000000000000000003844043C444C54
:10A0C00034000000000000404040586444444444D0
:10A0D0007800000000000000000038444040404488
:10A0E00038000000000000040404344C444444449C
:10A0F0003C0000000000000000003844447C404464
:10A1000038000000000000204040E0404040404057
:10A1100040000000000000000000344C4444444C67
:10A1200034044438000000404040586444444444EF
:10A13000440000000000004000004040404040401B
:10A14000400000000000004000004040404040400F
:10A150004040408000000040404044485070484823
:10A16000440000000000004040404040404040406B
:10A17000400000000000000000000000000000009F
:10A1800059806640444044404440444044400000BC
:10A1900000000000000000000000586444444444F3
:10A1A00044000000000000000000384444444444DF
:10A1B000380000000000000000005864444444647B
:10A1C00058404040000000000000344C4444444CDF
:10A1D000340404040000000000005060404040408F
:10A1E00040000000000000000000384440380444F3
:10A1F00038000000000000004040E0404040404087
:10A200006000000000000000000044444444444456
:10A210003C000000000000000000888850505020E2
:10A22000200000000000000000000000000000000E
:10A2300088808880550055005500220022000000CB
:10A24000000000000000000000004428281028281A
:10A2500044000000000000000000444428282810AA
:10A26000101010600000000000007C080810202082
:10A270007C00000000000020404040404080404002
:10A2800040404020000000404040404040404040AE
:10A2900040404000000000402020202020102020CE
:10A2A0002020204000000000000000729E000000FE
:10A2B0000000000004040100449B010803030100A6
:10A2C000549B010805050100649B01080707010074
:10A2D000749B010807070100849B01080C0C020015
:10A2E000949B010809090200B49B010802020100C5
:10A2F000D49B010804040100E49B0108040401004C
:10A30000F49B010805050100049C010808080100F0
:10A31000149C010804040100249C010804040100A9
:10A32000349C010804040100449C01080404010059
:10A33000549C010807070100649C010807070100FD
:10A34000749C010807070100849C010807070100AD
:10A35000949C010807070100A49C0108070701005D
:10A36000B49C010807070100C49C0108070701000D
:10A37000D49C010807070100E49C010807070100BD
:10A38000F49C010804040100049D01080404010078
:10A39000149D010808080100249D01080808010017
:10A3A000349D010808080100449D010807070100C9
:10A3B000549D01080D0D0200649D01080909020069
:10A3C000849D010809090200A49D010809090200F1
:10A3D000C49D010809090200E49D01080909020061
:10A3E000049E010808080100249E01080A0A0200D0
:10A3F000349E010809090200549E0108030301006C
:10A40000749E010806060100849E010809090200E5
:10A41000949E010807070100B49E01080B0B02007F
:10A42000C49E010809090200E49E01080A0A02000C
:10A43000049F010809090200249F01080A0A02007A
:10A44000449F010809090200649F010809090200EC
:10A45000849F010807070100A49F01080909020061
:10A46000B49F010809090200D49F01080D0D0200E4
:10A47000F49F01080707010014A001080909020060
:10A4800024A001080707010044A0010804040100FA
:10A4900054A001080404010064A0010804040100A0
:10A4A00074A001080505010084A001080707010048
:10A4B00094A0010804040100A4A0010807070100FA
:10A4C000B4A0010807070100C4A0010807070100A4
:10A4D000D4A0010807070100E4A001080707010054
:10A4E000F4A001080303010004A10108070701000B
:10A4F00014A101080707010024A1010803030100BA
:10A5000034A101080303010044A101080707010069
:10A5100054A101080303010064A101080B0B020010
:10A5200074A101080707010094A1010807070100B1
:10A53000A4A1010807070100B4A101080707010051
:10A54000C4A1010804040100D4A101080707010007
:10A55000E4A1010804040100F4A1010807070100B7
:10A5600004A201080505010014A20108090902005E
:10A5700024A201080707010044A2010807070100FF
:10A5800054A201080707010064A2010804040100A5
:10A5900074A201080303010084A20108040401005D
:10A5A00094A2010808080100A4A20108000000000C
:10A5B0000000000020007E00B4A20108000000009E
:10A5C000A921000871220008B5220008BB2200085A
:10A5D000000000000000000010100101B4A50108F7
:10A5E0000D070A000000000000000000000000004D
:10A5F000000000000000000000000000000000005B
:10A6000030303030303030303030300000303000DA
:10A61000000000000000000066666666660000003C
:10A62000000000000000000000000000000000002A
:10A63000000000000C600C600CE018C0FFF0FFF0A0
:10A6400018C031803180FFF0FFF03180730063006B
:10A650006300000000000000000000000000000097
:10A66000000004001F003F8075C064C064007400D7
:10A670003E000F8005C004C004C064C075C03F80A8
:10A680001F000400040000000000000000000000A3
:10A6900000000000000000001C0600360C00630CE7
:10A6A000006318006318006330003660001C670008
:10A6B00000CD8000D8C00198C00198C00318C00622
:10A6C0000D800607000000000000000000000000F0
:10A6D00000000000000000000000000007800FC024
:10A6E0001860186018C00D800F001F00339861D8E3
:10A6F00060F0606070F03FD81F08000000000000AC
:10A700000000000000000000606060606000000069
:10A710000000000000000000000000000000000039
:10A720000408181030306060606060606030301085
:10A7300018080400000000004020301018180C0C0D
:10A740000C0C0C0C0C1818103020400000000000FD
:10A750001818FF183C660000000000000000000010
:10A7600000000000000000000000000000000000E9
:10A77000000006000600060006007FE07FE00600FD
:10A7800006000600060000000000000000000000B7
:10A7900000000000000000000000000000000000B9
:10A7A0000000000000303010102000000000000009
:10A7B0000000000000000000FCFC000000000000A1
:10A7C0000000000000000000000000000000000089
:10A7D0000000000000303000000000000000000019
:10A7E0000C0C1818181830303060606060C0C00061
:10A7F0000000000000000000000000001F003FC03B
:10A8000030C0606060606060606060606060606018
:10A810006060606030C03FC00F800000000000003A
:10A820000000000000000000000000000300030022
:10A830000F001F00330003000300030003000300A8
:10A8400003000300030003000300000000000000F9
:10A850000000000000000000000000001F803FC05A
:10A8600070E060600060006000C000C00180070010
:10A870000E00180030007FE07FE0000000000000C4
:10A880000000000000000000000000001F003F80EA
:10A8900071C060C000C00180070007C000E0006018
:10A8A0000060606070C03FC01F000000000000003A
:10A8B0000000000000000000000000000080018097
:10A8C000038007800D800D801980318061807FE0DA
:10A8D0007FE0018001800180018000000000000015
:10A8E0000000000000000000000000001FC01FC0AA
:10A8F00030003000300037807FC060E000600060D2
:10A900000060606070C03FC01F00000000000000D9
:10A910000000000000000000000000000F801FC0C9
:10A9200030E03060600067807FC070E06060606031
:10A930006060606030C01FC00F00000000000000B9
:10A940000000000000000000000000007FE07FE049
:10A9500000C00180018003000300060006000C0017
:10A960000C000C0018001800180000000000000087
:10A970000000000000000000000000000F001F8029
:10A9800030C030C030C030C01F801F8030C0606019
:10A990006060606070E03FC01F8000000000000049
:10A9A0000000000000000000000000000F003F80D9
:10A9B00030C0606060606060606030E03FE01E60FA
:10A9C000006060C070C03F801F00000000000000F9
:10A9D0000000000000000000000000003030000017
:10A9E0000000000000303000000000000000000007
:10A9F0000000000030300000000000000030301087
:10AA00001020000000000000000000000000000016
:10AA1000002000E003C00F003800600038000F0085
:10AA200003C000E000200000000000000000000063
:10AA30000000000000000000000000000000000016
:10AA4000000000007FE07FE00000000000007FE0E9
:10AA50007FE0000000000000000000000000000097
:10AA600000000000000000000000000000000000E6
:10AA7000400070003C000F0001C0006001C00F00EA
:10AA80003C007000400000000000000000000000DA
:10AA90000000000000000000000000001F803FC018
:10AAA00070E06060006000C001C003800700060025
:10AAB0000600000000000600060000000000000084
:10AAC0000000000000000000000000000000000086
:10AAD00000FE0007FF800F03C01C00E01873603108
:10AAE000FB70338E306306306606306606306604CF
:10AAF00070660C60671CC033FF8039EF301C00604B
:10AB00000F01C007FF8001FE0000000000000000F0
:10AB100000000000070007000D800D800D8018C0A8
:10AB200018C018C03FE03FE0603060306030C018AF
:10AB3000C01800000000000000000000000000003D
:10AB4000000000003FC03FE03070303030303070E7
:10AB50003FE03FE0303030183018301830383FF0E8
:10AB60003FE00000000000000000000000000000C6
:10AB70000000000007E01FF01C38301C700C600063
:10AB80006000600060006000700C30183C381FF0FE
:10AB900007E00000000000000000000000000000CE
:10ABA000000000003FC03FF030383018300C300C4F
:10ABB000300C300C300C300C300C301830383FF08A
:10ABC0003FC0000000000000000000000000000086
:10ABD000000000003FF83FF8300030003000300047
:10ABE0003FF03FF0300030003000300030003FF8E0
:10ABF0003FF800000000000000000000000000001E
:10AC0000000000003FF03FF0300030003000300026
:10AC10003FE03FE0300030003000300030003000D6
:10AC200030000000000000000000000000000000F4
:10AC30000000000007F00FF81C1C300E300460000C
:10AC4000600060FE60FE6006300630061C1E0FFCD1
:10AC500003F0000000000000000000000000000001
:10AC60000000000060186018601860186018601814
:10AC70007FF87FF860186018601860186018601816
:10AC8000601800000000000000000000000000004C
:10AC900030303030303030303030303030303000E4
:10ACA00000000000000000000000000001800180A2
:10ACB000018001800180018001800180018001808C
:10ACC0006180618073803F001E0000000000000072
:10ACD000000000000000000000000000303830706C
:10ACE00030E031C03380370037003F003B8031C057
:10ACF00030E0306030703038301C00000000000060
:10AD000000000000000000000000000030003000E3
:10AD100030003000300030003000300030003000B3
:10AD20003000300030003FE03FE000000000000055
:10AD30000000000000000000000000000000000013
:10AD4000700700780F00780F00680B006C1B006C18
:10AD50001B006413006633006633006223006363E4
:10AD60000063630061430061C30061C30000000031
:10AD700000000000000000000000000000000000D3
:10AD80000000000060187018781878186C186618A1
:10AD9000661863186198619860D860786078603848
:10ADA000601800000000000000000000000000002B
:10ADB0000000000007E00FF01C38300C700E600639
:10ADC0006006600660066006700E300C1C380FF0DE
:10ADD00007E000000000000000000000000000008C
:10ADE000000000003FE03FF03038301830183018D5
:10ADF00030383FF03FE030003000300030003000AD
:10AE00003000000000000000000000000000000012
:10AE10000000000007E00FF81C3C300C700E6006CC
:10AE20006006600660066006700C30EC1C380FFC93
:10AE300007EE00020000000000000000000000001B
:10AE4000000000003FE03FF0303830183018303854
:10AE50003FF03FE030C030E03060307030383018C4
:10AE6000301C000000000000000000000000000096
:10AE70000000000007C01FF03838301830003800DC
:10AE80001F8007E0007000186018701838381FF035
:10AE90000FC00000000000000000000000000000E3
:10AEA00000000000FFF0FFF00600060006000600AC
:10AEB0000600060006000600060006000600060062
:10AEC000060000000000000000000000000000007C
:10AED00000000000601860186018601860186018A2
:10AEE00060186018601860186018703838701FE0BB
:10AEF0000FC0000000000000000000000000000083
:10AF000000000000C018E0386030603070703060C1
:10AF1000306038E018C018C01DC00D800D800F8053
:10AF2000070000000000000000000000000000001A
:10AF30000000000000000000C07018C0701860D849
:10AF40003060D83060D83070C870318C60318C601F
:10AF5000318C601B06C01B06C01B06C01B06C00E42
:10AF600003800E03800000000000000000000000CD
:10AF70000000000000000000000000007038387081
:10AF800018600CC00CC007800300078007800DC04C
:10AF90001CE0186030307038E01C00000000000039
:10AFA000000000000000000000000000E01C60182D
:10AFB000303038701CE00CC00780078003000300AD
:10AFC0000300030003000300030000000000000072
:10AFD0000000000000000000000000007FF07FF093
:10AFE000006000C001800180030006000C00180012
:10AFF000180030006000FFF0FFF0000000000000CB
:10B000000000000000000000787860606060606010
:10B0100060606060606060606078780000000000E0
:10B02000C0C060606060303030181818180C0C0018
:10B030000000000000000000787818181818181890
:10B040001818181818181818187878000000000038
:10B05000183C3C3C666666C300000000000000002F
:10B0600000000000000000000000000000000000E0
:10B0700000000000000000000000000000000000D0
:10B080000000000000000000000000000000FFF0D1
:10B09000FFF0000000000000603010000000000021
:10B0A00000000000000000000000000000000000A0
:10B0B0000000000000000000000000001F807FC0B2
:10B0C00060C000C007C03FC078C060C061C07FC022
:10B0D0003E600000000000000000000000000000D2
:10B0E0000000000060006000600060006F007F8072
:10B0F000718060C060C060C060C060C071807F80CF
:10B100006F000000000000000000000000000000D0
:10B110000000000000000000000000000F003F8061
:10B1200031C060C060006000600060C031C03F801E
:10B130001F000000000000000000000000000000F0
:10B140000000000000C000C000C000C01EC03FC022
:10B1500031C060C060C060C060C060C031C03FC06E
:10B160001EC0000000000000000000000000000001
:10B170000000000000000000000000000F003FC0C1
:10B1800030C060607FE07FE06000600030E03FC082
:10B190000F80000000000000000000000000000020
:10B1A0001C3C3030FCFC303030303030303030003F
:10B1B000000000000000000000000000000000008F
:10B1C000000000001EC03FC031C060C060C060C051
:10B1D00060C060C031C03FC01EC000C061C07F8081
:10B1E0001F00000000000000000000006000600080
:10B1F000600060006F007F8071C060C060C060C090
:10B2000060C060C060C060C060C00000000000009E
:10B2100000000000000000006060000060606060EE
:10B22000606060606060600000000000000000007E
:10B2300060600000606060606060606060606060CE
:10B2400060E0C0000000000000000000600060003E
:10B250006000600061C0638067006E007C007E005B
:10B26000660063006380618061C000000000000030
:10B2700000000000000000006060606060606060CE
:10B28000606060606060600000000000000000001E
:10B290000000000000000000000000006F3C7F7E06
:10B2A00071C6618661866186618661866186618616
:10B2B00061860000000000000000000000000000A7
:10B2C0000000000000000000000000006F007F8010
:10B2D00071C060C060C060C060C060C060C060C05D
:10B2E00060C000000000000000000000000000003E
:10B2F0000000000000000000000000000F003FC040
:10B3000030C06060606060606060606030C03FC09E
:10B310000F0000000000000000000000000000001E
:10B320000000000000000000000000006F007F80AF
:10B33000718060C060C060C060C060C071807F808C
:10B340006F0060006000600060000000000000000E
:10B350000000000000000000000000001EC03FC010
:10B3600031C060C060C060C060C060C031C03FC05C
:10B370001EC000C000C000C000C0000000000000EF
:10B38000000000006E7E7060606060606060600061
:10B3900000000000000000000000000000000000AD
:10B3A000000000001F003F8060C060007C003F8004
:10B3B00003C000C060C03F801F000000000000000C
:10B3C000000000000000000020606060F8F860608D
:10B3D00060606060607838000000000000000000DD
:10B3E00000000000000000000000000060C060C01D
:10B3F00060C060C060C060C060C060C071C03FC05D
:10B400001EC000000000000000000000000000005E
:10B41000000000000000000000000000C060C060EC
:10B4200060C060C0318031801B001B000E000E0028
:10B430000400000000000000000000000000000008
:10B44000000000000000000000000000C106C386EC
:10B450004384628C66CC36D836D814501C701C706D
:10B460000C60000000000000000000000000000070
:10B47000000000000000000000000000E1C061804A
:10B48000330033001E000C001E00330033006180C7
:10B49000E1C000000000000000000000000000000B
:10B4A00000000000000000000000000060C060C05C
:10B4B00031803180398019801B000F000F00060099
:10B4C000060006000C007C00780000000000000070
:10B4D0000000000000000000000000007F807F806E
:10B4E000038007000E001C0038007000E000FF80A1
:10B4F000FF800000000000000000000000000000CD
:10B500001C3C303030303070E0E060303030303073
:10B51000303C1C0000000000303030303030303023
:10B5200030303030303030303030303000000000DB
:10B53000707818181818181C0E0E1C1818181818DF
:10B5400018787000000000000000000000000000FB
:10B55000000000000000000038007E2047E001C02D
:10B5600000000000000000000000000000000000DB
:10B570000000000006060100E4A50108060601001F
:10B58000FCA501080707010014A601080C0C020025
:10B590002CA601080C0C02005CA601081313030082
:10B5A0008CA601080E0E0200D4A6010804040100B6
:10B5B00004A70108070701001CA7010807070100ED
:10B5C00034A70108080801004CA701080C0C020070
:10B5D00064A701080606010094A7010807070100F7
:10B5E000ACA7010806060100C4A701080606010071
:10B5F000DCA701080C0C0200F4A701080C0C0200E7
:10B6000024A801080C0C020054A801080C0C02002C
:10B6100084A801080C0C0200B4A801080C0C02005C
:10B62000E4A801080C0C020014A901080C0C02008B
:10B6300044A901080C0C020074A901080C0C0200BA
:10B64000A4A9010806060100D4A901080606010004
:10B65000ECA901080C0C020004AA01080C0C020061
:10B6600034AA01080C0C020064AA01080C0C0200A8
:10B6700094AA010815150300C4AA01080D0D0200C3
:10B680000CAB01080E0E02003CAB01080F0F0200CC
:10B690006CAB01080F0F02009CAB01080E0E0200FC
:10B6A000CCAB01080D0D0200FCAB0108101002002C
:10B6B0002CAC01080E0E02005CAC0108060601006D
:10B6C0008CAC01080B0B0200A4AC01080E0E0200AA
:10B6D000D4AC01080C0C020004AD010811110300E8
:10B6E00034AD01080E0E02007CAD010810100200FE
:10B6F000ACAD01080E0E0200DCAD01081010020016
:10B700000CAE01080F0F02003CAE01080E0E020045
:10B710006CAE01080C0C02009CAE01080E0E02007B
:10B72000CCAE01080D0D0200FCAE0108151503009A
:10B730002CAF01080E0E020074AF01080E0E0200BD
:10B74000A4AF01080D0D0200D4AF010806060100E8
:10B7500004B00108060601001CB00108060601003D
:10B7600034B00108080801004CB001080C0C0200BC
:10B7700064B001080707010094B001080C0C020036
:10B78000ACB001080B0B0200DCB001080B0B02008F
:10B790000CB101080B0B02003CB101080C0C0200BB
:10B7A0006CB10108060601009CB101080B0B0200F8
:10B7B000B4B101080B0B0200E4B10108050501005A
:10B7C00014B20108040401002CB201080A0A0200A4
:10B7D00044B201080404010074B201081010020010
:10B7E0008CB201080B0B0200BCB201080C0C020069
:10B7F000ECB201080B0B02001CB301080B0B02009A
:10B800004CB30108070701007CB301080B0B0200D1
:10B8100094B3010806060100C4B301080B0B020033
:10B82000DCB301080B0B02000CB401080F0F02007F
:10B830003CB401080A0A02006CB401080B0B0200B8
:10B840009CB4010809090200CCB4010807070100F3
:10B85000FCB401080606010014B501080707010041
:10B860002CB501080C0C020044B5010820007E0034
:10B8700074B5010800000000A92100087122000829
:10B88000B5220008BB2200080000000000000000F4
:10B89000181801016CB80108130B0F00000000001C
:10B8A0000000000000000000000000000000000098
:10B8B0000000000000000000000000000000000088
:10B8C00000000000000000181800001818181818D0
:10B8D0001818181818181818181818000000000060
:10B8E00000000000000000000020002000200020D8
:10B8F000004007C01FF038F030B870906100610060
:10B9000061006200621872183C303C701FE00F80CA
:10B9100008000800100010001000000000000000E7
:10B92000000000000000000007C00FE01C70383865
:10B9300030183000300030003000FF80FF801800E9
:10B94000180018001800300020007F08FFFC60F885
:10B9500000000000000000000000000000000000E7
:10B9600000000000000000000000000000000000D7
:10B97000200877DC3FF81C70383830183018301841
:10B9800038381C703FF877DC200800000000000009
:10B9900000000000000000000000000000000000A7
:10B9A0000000000000000000C00C6018601830307B
:10B9B000303018600CC00CC007807FF87FF803009F
:10B9C00003007FF87FF80300030003000300030077
:10B9D0000000000000000000000000000000000067
:10B9E0000000303030303030303030300000000077
:10B9F0000030303030303030303030000000000067
:10BA0000000000000000000007C01FE038303038A0
:10BA1000301838001C000F003FC061E060F8603C47
:10BA2000601C380C3E0C0F9803F001F000700038D9
:10BA3000301838181C380FF007C000000000000054
:10BA4000000000000000000066006600000000002A
:10BA500000000000000000000000000000000000E6
:10BA600000000000000000000000000000000000D6
:10BA700000000000000000000000000000000000C6
:10BA8000000000000000000000000000000001F8BD
:10BA90000007FE001E07803801C030F8C061FC605E
:10BAA000638E60C70030C60030C60030C60030C6A6
:10BAB0000030C70630630C6061FC6030F0C03801B4
:10BAC000C01E078007FE0001F80000000000000013
:10BAD0000000000000000000000000000000000066
:10BAE00000000000000000003E003F006300030073
:10BAF0001F007B00630067007F003B000000000028
:10BB00000000000000000000000000000000000035
:10BB10000000000000000000000000000000000025
:10BB20000000000000000000000000000000000015
:10BB3000000000000000031806300C600C6018C004
:10BB40003180318018C00C600C6006300318000092
:10BB500000000000000000000000000000000000E5
:10BB600000000000000000000000000000000000D5
:10BB7000000000007FFC7FFC000C000C000C000C9F
:10BB8000000C000C0000000000000000000000009D
:10BB900000000000000000000000000000000000A5
:10BBA0000000000000000000000000000000000095
:10BBB0000000000000000000000000000000000085
:10BBC0007F007F0000000000000000000000000077
:10BBD0000000000000000000000000000000000065
:10BBE000000000000000000000000000000001F85C
:10BBF0000007FE001E07803801C033F8C063F860FC
:10BC0000630C60C30C30C30C30C3FC30C3F830C3CA
:10BC10003030C31830630C60630C603306C03801E9
:10BC2000C01E078007FE0001F800000000000000B1
:10BC30000000000000000000000000000000000004
:10BC40000000FFFEFFFE00000000000000000000FA
:10BC500000000000000000000000000000000000E4
:10BC600000000000000000000000000000000000D4
:10BC700000000000000000000000000000000000C4
:10BC800000000000000000000E0011002080208055
:10BC9000208011000E0000000000000000000000E5
:10BCA0000000000000000000000000000000000094
:10BCB0000000000000000000000000000000000084
:10BCC0000000000000000000000000000000000074
:10BCD000030003000300030003007FF87FF8030064
:10BCE0000300030003000300000000007FF87FF85A
:10BCF0000000000000000000000000000000000044
:10BD000000000000000000003E007F00C3000300B0
:10BD100006000C00180030007F00FF00000000004B
:10BD20000000000000000000000000000000000013
:10BD30000000000000000000000000000000000003
:10BD400000000000000000003E007F00C300030070
:10BD50000C0003000300C7007E003C000000000050
:10BD600000000000000000000000000000000000D3
:10BD700000000000000000000000000000000000C3
:10BD8000000000000000000007000E000C0018007A
:10BD900000000000000000000000000000000000A3
:10BDA0000000000000000000000000000000000093
:10BDB0000000000000000000000000000000000083
:10BDC0000000000000000000000000000000000073
:10BDD0000000300C300C300C300C300C300C300CBF
:10BDE000300C300C300C300C381C3C3C3FFC37CC59
:10BDF0003000300030003000300000000000000053
:10BE000000000000000000001FFE3FFE7F18FF182A
:10BE1000FF18FF18FF18FF187F183F181F18031886
:10BE2000031803180318031803180318031803183A
:10BE3000031803180318031803180000000000007B
:10BE40000000000000000000000000003030000092
:10BE500000000000000000000000000000000000E2
:10BE600000000000000000000000000000000000D2
:10BE700000000000000000000000000000000000C2
:10BE800000000000000000000000000000000000B2
:10BE9000180038000C000C00FC00F8000000000046
:10BEA000000000000000000006001E003E0026000A
:10BEB000060006000600060006000600000000005E
:10BEC0000000000000000000000000000000000072
:10BED0000000000000000000000000000000000062
:10BEE00000000000000000001E003F007380618021
:10BEF00061806180618073803F001E00000000004F
:10BF00000000000000000000000000000000000031
:10BF10000000000000000000000000000000000021
:10BF20000000000000000000000000000000000011
:10BF3000000000000000318018C00C600C6006306A
:10BF40000318031806300C600C6018C03180000024
:10BF500000000000000000000000000000000000E1
:10BF600000000000000000000000000000000600CB
:10BF7000301E00603E00C02601C00601800603009E
:10BF8000060700060E00060C000618000038180010
:10BF9000303800607800C07801C0D8018198030370
:10BFA000180603FC0E00180C00180000000000002A
:10BFB0000000000000000000000000000000000081
:10BFC000000000000000000000000000000006006B
:10BFD000301E00603E00C02601C00601800603003E
:10BFE000060600060E00060C000618000030F800D9
:10BFF00071FC00630C00C00C01801803803003004A
:10C00000600601800C01FC1C03FC00000000000025
:10C010000000000000000000000000000000000020
:10C0200000000000000000000000000000003E00D2
:10C03000307F0060C300E00300C00C0180030300F8
:10C04000030700C706007E0C003C180000381800EB
:10C05000303800607800C0F801C0D801819803032F
:10C06000180703FC0600180C001800000000000070
:10C0700000000000000000000000000000000000C0
:10C0800000000000000000000000000000000000B0
:10C09000000000000000000000000000000180001F
:10C0A000018000000000000000018000018000010C
:10C0B00080000380000700000600000C000018004C
:10C0C00000380000300000300600300600380C0058
:10C0D0001C1C000FF80003E00000000003800001BA
:10C0E000C00000C00000600000000000000001C0AF
:10C0F0000001C0000360000360000770000630000C
:10C100000630000E38000C18000C1800180C00182F
:10C110000C001FFC003FFE003006007007006003AB
:10C1200000600300C00180C001800000000000002A
:10C13000000000000000000000000000007000008F
:10C14000E00000C00001800000000000000001C00D
:10C150000001C000036000036000077000063000AB
:10C160000630000E38000C18000C1800180C0018CF
:10C170000C001FFC003FFE0030060070070060034B
:10C1800000600300C00180C00180000000000000CA
:10C19000000000000000000000000000018000031B
:10C1A000C00006600006600000000000000001C042
:10C1B0000001C0000360000360000770000630004B
:10C1C0000630000E38000C18000C1800180C00186F
:10C1D0000C001FFC003FFE003006007007006003EB
:10C1E00000600300C00180C001800000000000006A
:10C1F000000000000000000000000000000000033C
:10C20000980007F80006700000000000000001C060
:10C210000001C000036000036000077000063000EA
:10C220000630000E38000C18000C1800180C00180E
:10C230000C001FFC003FFE0030060070070060038A
:10C2400000600300C00180C0018000000000000009
:10C2500000000000000000000000000000000000DE
:10C26000000003300003300000000000000001C0A7
:10C270000001C0000360000360000770000630008A
:10C280000630000E38000C18000C1800180C0018AE
:10C290000C001FFC003FFE0030060070070060032A
:10C2A00000600300C00180C00180000000000000A9
:10C2B000000000000000000000000000000000007E
:10C2C000000001C00002200002200002200001C086
:10C2D0000001C0000360000360000770000630002A
:10C2E0000630000E38000C18000C1800180C00184E
:10C2F0000C001FFC003FFE003006007007006003CA
:10C3000000600300C00180C0018000000000000048
:10C31000000000000000000000000000000000001D
:10C32000000000000000000000000000000000000D
:10C3300000000000007FFFC0007FFFC000C60000BB
:10C3400000C6000001860000018600000306000010
:10C3500003060000060600000607FF800C07FF80AA
:10C360000C0600001FFE00001FFE0000300600004B
:10C37000300600006006000060060000C007FFC035
:10C38000C007FFC000000000000000000000000027
:10C39000000000000000000000000000000000009D
:10C3A000000000000000000000000000000001FC90
:10C3B0000007FF000F03801C01C03800E030006060
:10C3C000700000600000600000600000600000601D
:10C3D00000006000003000603000E03800C01C0148
:10C3E000C00E078007FF0001FC0000600000E000B5
:10C3F00000300000300003F00003E00001C0000046
:10C40000E0000060000030000000000000003FFF7E
:10C41000803FFF803000003000003000003000001E
:10C420003000003000003000003FFF003FFF0030D0
:10C43000000030000030000030000030000030000C
:10C44000003000003FFF803FFF8000000000000040
:10C4500000000000000000000000000000380000A4
:10C46000700000600000C0000000000000003FFFFE
:10C47000803FFF80300000300000300000300000BE
:10C480003000003000003000003FFF003FFF003070
:10C4900000003000003000003000003000003000AC
:10C4A000003000003FFF803FFF80000000000000E0
:10C4B000000000000000000000000000006000001C
:10C4C000F0000198000198000000000000003FFF0C
:10C4D000803FFF803000003000003000003000005E
:10C4E0003000003000003000003FFF003FFF003010
:10C4F000000030000030000030000030000030004C
:10C50000003000003FFF803FFF800000000000007F
:10C51000000000000000000000000000000000001B
:10C5200000000198000198000000000000003FFF9B
:10C53000803FFF80300000300000300000300000FD
:10C540003000003000003000003FFF003FFF0030AF
:10C5500000003000003000003000003000003000EB
:10C56000003000003FFF803FFF800000000000001F
:10C570000000000000000000000000007038180CEF
:10C58000000018181818181818181818181818185B
:10C590001818181818180000000000000E1C183099
:10C5A000000018181818181818181818181818183B
:10C5B000181818181818000000000000183C6666CB
:10C5C000000018181818181818181818181818181B
:10C5D00018181818181800000000000000006666FF
:10C5E00000001818181818181818181818181818FB
:10C5F00018181818181800000000000000000000AB
:10C6000000000000000000000000000000003FFCEF
:10C61000003FFE003007803001803000C03000C095
:10C62000300060300060300060FFC060FFC06030EC
:10C6300000603000603000603000C03000C0300169
:10C64000803007803FFE003FF8000000000000003F
:10C6500000000000000000000000000000000001D9
:10C66000CC0003FC0003380000000000000038018B
:10C67000803801803C01803C01803601803301809C
:10C6800033018031818030C18030C18030618030A1
:10C690006180303180301980301980300D80300752
:10C6A00080300780300380300380000000000000ED
:10C6B00000000000000000000000000000E000009A
:10C6C000700000300000180000000000000001FCB5
:10C6D0000007FF000F07801C01C03800E030006039
:10C6E00070007060003060003060003060003060CA
:10C6F00000306000307000703000603800E01C01D5
:10C70000C00F078007FF0001FC00000000000000D0
:10C71000000000000000000000000000001C0000FD
:10C72000380000300000600000000000000001FC44
:10C730000007FF000F07801C01C03800E0300060D8
:10C740007000706000306000306000306000306069
:10C7500000306000307000703000603800E01C0174
:10C76000C00F078007FF0001FC0000000000000070
:10C770000000000000000000000000000030000089
:10C78000780000CC0000CC0000000000000001FC9C
:10C790000007FF000F07801C01C03800E030006078
:10C7A0007000706000306000306000306000306009
:10C7B00000306000307000703000603800E01C0114
:10C7C000C00F078007FF0001FC0000000000000010
:10C7D0000000000000000000000000000000000158
:10C7E000CC0003FC0003380000000000000001FC46
:10C7F0000007FF000F07801C01C03800E030006018
:10C8000070007060003060003060003060003060A8
:10C8100000306000307000703000603800E01C01B3
:10C82000C00F078007FF0001FC00000000000000AF
:10C8300000000000000000000000000000000000F8
:10C84000000000CC0000CC0000000000000001FC53
:10C850000007FF000F07801C01C03800E0300060B7
:10C860007000706000306000306000306000306048
:10C8700000306000307000703000603800E01C0153
:10C88000C00F078007FF0001FC000000000000004F
:10C890000000000000000000000000000000000098
:10C8A0000000000000000000000000000000000088
:10C8B0000000180C1C1C0E38077003E001C003E0D8
:10C8C00007700E381C1C180C00000000000000004F
:10C8D0000000000000000000000000000000000058
:10C8E000000000000000000000000000000001FC4B
:10C8F0003007FE700F07E01C01C03801C030036034
:10C90000300660600E30601C30603830607030601F
:10C91000E03060C0307180703300603E00E01C0188
:10C92000C01F07803FFF0071FC00200000000000D6
:10C930000000000000000000000000000380000173
:10C94000C00000C0000060000000000000003001D6
:10C9500080300180300180300180300180300180E2
:10C960003001803001803001803001803001803022
:10C97000018030018030018030018038038018034D
:10C98000001E0F000FFE0003F80000000000000072
:10C99000000000000000000000000000003800005F
:10C9A000700000600000C0000000000000003001C6
:10C9B0008030018030018030018030018030018082
:10C9C00030018030018030018030018030018030C2
:10C9D00001803001803001803001803803801803ED
:10C9E000001E0F000FFE0003F80000000000000012
:10C9F00000000000000000000000000000600000D7
:10CA0000F0000198000198000000000000003001D3
:10CA10008030018030018030018030018030018021
:10CA20003001803001803001803001803001803061
:10CA3000018030018030018030018038038018038C
:10CA4000001E0F000FFE0003F800000000000000B1
:10CA500000000000000000000000000000000000D6
:10CA60000000019800019800000000000000300163
:10CA700080300180300180300180300180300180C1
:10CA80003001803001803001803001803001803001
:10CA9000018030018030018030018038038018032C
:10CAA000001E0F000FFE0003F80000000000000051
:10CAB0000000000000000000000000000070000006
:10CAC000E00000C0000180000000000000006003E2
:10CAD00080300700180600180E000C0C000E1C0019
:10CAE00007380003300003300001E00001E00000DF
:10CAF000C00000C00000C00000C00000C00000C0B6
:10CB00000000C00000C00000C000000000000000E5
:10CB10000000000000000000000000000000000015
:10CB200000000000000000000000000000003000D5
:10CB3000003000003000003000003FF8003FFE00F1
:10CB400030070030038030018030018030018030B8
:10CB500001803003003007003FFE003FF800300046
:10CB60000030000030000030000000000000000035
:10CB700000000000000000000000000000000000B5
:10CB8000000000000000000000000000000007E0BE
:10CB9000000FF0001C380038180030180030180062
:10CBA00030300030300030600030600030700030D5
:10CBB0003800301E0030060030030030030031839F
:10CBC0000033C70031FE00307C0000000000000090
:10CBD0000000000000000000000000000000000055
:10CBE000000000000000000007000380018000C07A
:10CBF00000000FE03FF030386018001800F80FF820
:10CC00003F98301860186018603870F83FD81F8C53
:10CC10000000000000000000000000000000000014
:10CC2000000000000000000000E001C001800300DF
:10CC300000000FE03FF030386018001800F80FF8DF
:10CC40003F98301860186018603870F83FD81F8C13
:10CC500000000000000000000000000000000000D4
:10CC60000000000000000000030007800CC00CC0A2
:10CC700000000FE03FF030386018001800F80FF89F
:10CC80003F98301860186018603870F83FD81F8CD3
:10CC90000000000000000000000000000000000094
:10CCA000000000000000000000000E601FE019C03E
:10CCB00000000FE03FF030386018001800F80FF85F
:10CCC0003F98301860186018603870F83FD81F8C93
:10CCD0000000000000000000000000000000000054
:10CCE0000000000000000000000000000660066078
:10CCF00000000FE03FF030386018001800F80FF81F
:10CD00003F98301860186018603870F83FD81F8C52
:10CD10000000000000000000000000000000000013
:10CD20000000000000000380044004400440038031
:10CD300000000FE03FF030386018001800F80FF8DE
:10CD40003F98301860186018603870F83FD81F8C12
:10CD500000000000000000000000000000000000D3
:10CD600000000000000000000000000000000000C3
:10CD7000000000000000000000000000000FC3E001
:10CD80003FFFF8303E1C601C0C0018060078060FB0
:10CD9000FFFE3F9FFE301800601800601806603CE0
:10CDA0000C706E1C3FC7F81F03E00000000000007D
:10CDB0000000000000000000000000000000000073
:10CDC0000000000000000000000000000000000063
:10CDD000000007C01FE03870303860186000600045
:10CDE0006000600060186018303038701FE007C0C5
:10CDF00003000700018001801F801F000000000069
:10CE0000000000000000000007000380018000C057
:10CE1000000007C01FF038383018600C600C7FFC31
:10CE20007FFC600060007000300C3C381FF007E0B1
:10CE300000000000000000000000000000000000F2
:10CE4000000000000000000000E001C001800300BD
:10CE5000000007C01FF038383018600C600C7FFCF1
:10CE60007FFC600060007000300C3C381FF007E071
:10CE700000000000000000000000000000000000B2
:10CE80000000000000000000018003C00660066092
:10CE9000000007C01FF038383018600C600C7FFCB1
:10CEA0007FFC600060007000300C3C381FF007E031
:10CEB0000000000000000000000000000000000072
:10CEC0000000000000000000000000000660066096
:10CED000000007C01FF038383018600C600C7FFC71
:10CEE0007FFC600060007000300C3C381FF007E0F1
:10CEF0000000000000000000000000000000000032
:10CF00000000E070301800303030303030303030D9
:10CF100030303030303000000000000000000000F1
:10CF200000001C383060003030303030303030306D
:10CF300030303030303000000000000000000000D1
:10CF400000003078CCCC00303030303030303030F1
:10CF500030303030303000000000000000000000B1
:10CF600000000000CCCC0030303030303030303079
:10CF70003030303030300000000000000000000091
:10CF800000000000000000000F1003F003C00EE0DE
:10CF9000087007B01FF838383018701C600C600C2F
:10CFA000600C600C600C701C301838381FF007C023
:10CFB0000000000000000000000000000000000071
:10CFC0000000000000000000000007300FF00CE03F
:10CFD000000033E03FF03C38381830183018301873
:10CFE0003018301830183018301830183018301801
:10CFF0000000000000000000000000000000000031
:10D00000000000000000000007000380018000C055
:10D01000000007C01FF038383018701C600C600C1E
:10D02000600C600C600C701C301838381FF007C0A2
:10D0300000000000000000000000000000000000F0
:10D04000000000000000000000E001C001800300BB
:10D05000000007C01FF038383018701C600C600CDE
:10D06000600C600C600C701C301838381FF007C062
:10D0700000000000000000000000000000000000B0
:10D080000000000000000000018003C00660066090
:10D09000000007C01FF038383018701C600C600C9E
:10D0A000600C600C600C701C301838381FF007C022
:10D0B0000000000000000000000000000000000070
:10D0C0000000000000000000000007300FF00CE03E
:10D0D000000007C01FF038383018701C600C600C5E
:10D0E000600C600C600C701C301838381FF007C0E2
:10D0F0000000000000000000000000000000000030
:10D100000000000000000000000000000660066053
:10D11000000007C01FF038383018701C600C600C1D
:10D12000600C600C600C701C301838381FF007C0A1
:10D1300000000000000000000000000000000000EF
:10D1400000000000000000000000000000000000DF
:10D15000000003000300000000007FF87FF80000DB
:10D1600000000300030000000000000000000000B9
:10D1700000000000000000000000000000000000AF
:10D18000000000000000000000000000000000009F
:10D190000000000000000000000000040007FE0086
:10D1A0001FFC00383C00301C00703E0060760060C0
:10D1B000E60061C6006386006706006E0E007C0C08
:10D1C00000383C003FF8006FE00020000000000045
:10D1D000000000000000000000000000000000004F
:10D1E00000000000000000000E00070003000180A6
:10D1F0000000301830183018301830183018301837
:10D200003018301830183018303838781FD80F9848
:10D21000000000000000000000000000000000000E
:10D22000000000000000000000E001C001800300D9
:10D2300000003018301830183018301830183018F6
:10D240003018301830183018303838781FD80F9808
:10D2500000000000000000000000000000000000CE
:10D260000000000000000000018003C006600660AE
:10D2700000003018301830183018301830183018B6
:10D280003018301830183018303838781FD80F98C8
:10D29000000000000000000000000000000000008E
:10D2A0000000000000000000000000000CC00CC0E6
:10D2B0000000301830183018301830183018301876
:10D2C0003018301830183018303838781FD80F9888
:10D2D000000000000000000000000000000000004E
:10D2E000000000000000000001C0038003000600F1
:10D2F0000000601860183030303038301860186026
:10D300000C600CC00CC006C00780078003800300BF
:10D310000300060006003C0038000000000000008A
:10D32000000000000000000030003000300030003D
:10D33000300033C03FF03C383818300C300C300C23
:10D34000300C300C300C301C38183C383FF033C0F7
:10D3500030003000300030003000000000000000DD
:10D360000000000000000000000000000CC00CC025
:10D3700000006018601830303030383018601860A5
:10D380000C600CC00CC006C007800780038003003F
:10D390000300060006003C003800000008080100F9
:10D3A0009CB8010808080100BCB801080F0F020072
:10D3B000DCB801080F0F02001CB901080F0F0200B2
:10D3C0005CB901080F0F02009CB9010806060100B4
:10D3D000DCB901080F0F0200FCB9010809090200BD
:10D3E0003CBA0108141403007CBA01080A0A0200BE
:10D3F000DCBA01080F0F02001CBB0108101002006C
:10D400005CBB0108090902009CBB0108141403005D
:10D41000DCBB01080F0F02003CBC01080B0B020033
:10D420007CBC01080F0F0200BCBC01080909020006
:10D43000FCBC0108090902003CBD01080909020001
:10D440007CBD010810100200BCBD01080F0F0200D6
:10D45000FCBD0108080801003CBE010809090200E2
:10D460005CBE0108090902009CBE01080A0A02000C
:10D47000DCBE01080F0F02001CBF010817170300D4
:10D480005CBF010817170300BCBF01081717030092
:10D490001CC00108111103007CC001081212030016
:10D4A000DCC00108121203003CC101081212030083
:10D4B0009CC1010812120300FCC1010812120300F2
:10D4C0005CC2010812120300BCC201081B1B04004D
:10D4D0001CC30108141403009CC3010812120300AA
:10D4E000FCC30108121203005CC4010812120300FD
:10D4F000BCC40108121203001CC501080808010081
:10D500007CC50108080801009CC501080808010045
:10D51000BCC5010808080100DCC50108141403009B
:10D52000FCC50108131303005CC6010815150300B0
:10D53000BCC60108151503001CC70108151503001A
:10D540007CC7010815150300DCC701081515030089
:10D550003CC80108101002009CC801081515030002
:10D56000DCC80108131303003CC9010813130300AE
:10D570009CC9010813130300FCC90108131303001D
:10D580005CCA010812120300BCCA0108121203008F
:10D590001CCB0108111103007CCB01080F0F020006
:10D5A000DCCB01080F0F02001CCC01080F0F02009A
:10D5B0005CCC01080F0F02009CCC01080F0F020089
:10D5C000DCCC01080F0F02001CCD01081818030065
:10D5D0005CCD01080E0E0200BCCD01080F0F020049
:10D5E000FCCD01080F0F02003CCE01080F0F020016
:10D5F0007CCE01080F0F0200BCCE01080606010018
:10D60000FCCE0108060601001CCF01080606010039
:10D610003CCF0108060601005CCF01080F0F020095
:10D620007CCF01080F0F0200BCCF01080F0F0200D2
:10D63000FCCF01080F0F02003CD001080F0F0200C1
:10D640007CD001080F0F0200BCD001080F0F0200B0
:10D65000FCD001080F0F02003CD10108111103009A
:10D660007CD101080F0F0200DCD101080F0F02006E
:10D670001CD201080F0F02005CD201080F0F02003C
:10D680009CD201080E0E0200DCD201080F0F02002E
:10D690001CD301080E0E02005CD30108A000FF009D
:10D6A0009CD301080000000020007E0098160208AC
:10D6B0009CD60108A921000871220008B5220008A3
:10D6C000BB22000800000000000000002020010133
:10D6D000A8D601081A0F1400000000000000000086
:10D6E00020202020200020004848480000000000A2
:10D6F0005050F850F85050002078A07028F02000CA
:10D70000C0C81020409818006090A040A890680001
:10D710006020400000000000102040404020100029
:10D720004020101010204000005020F82050000031
:10D73000002020F8202000000000000000602040B1
:10D74000000000F800000000000000000060600021
:10D750000008102040800000708898A8C8887000D9
:10D760002060202020207000708808304080F80061
:10D77000708808300888700010305090F810100041
:10D78000F880F00808887000304080F088887000C9
:10D79000F808102040404000708888708888700029
:10D7A0007088887808106000006060006060000089
:10D7B0000000606000602040102040804020100089
:10D7C0000000F800F8000000804020102040800099
:10D7D000708808102000200070880868A8A87000D1
:10D7E000708888F888888800F08888F08888F00039
:10D7F0007088808080887000E09088888890E00041
:10D80000F88080F08080F800F88080F080808000D0
:10D810007088808098887800888888F88888880050
:10D820007020202020207000381010101090600010
:10D830008890A0C0A0908800808080808080F800C0
:10D8400088D8A8A8888888008888C8A89888880068
:10D850007088888888887000F08888F080808000D0
:10D8600070888888A8906800F08888F0A090880068
:10D870007088807008887000F82020202020200008
:10D8800088888888888870008888888888502000E0
:10D89000888888A8A8A850008888502050888800C8
:10D8A0008888885020202000F80810204080F80048
:10D8B0007040404040407000008040201008000050
:10D8C0007010101010107000205088000000000030
:10D8D00000000000000000F84020100000000000E0
:10D8E00000007008788878008080B0C88888F000D0
:10D8F0000000708080887000080868988888780028
:10D9000000007088F8807000304840E040404000DF
:10D9100000007888887808708080B0C8888888007F
:10D920002000602020207000100030101010906047
:10D93000808090A0C0A09000602020202020700057
:10D940000000D0A8888888000000B0C888888800B7
:10D9500000007088888870000000F08888F080805F
:10D9600000007888887808080000B0C880808000AF
:10D97000000078807008F0004040E04040483000EF
:10D9800000008888889868000000888888502000F7
:10D9900000008888A8A85000000088502050880007
:10D9A00000008888887808700000F8102040F8008F
:10D9B00010202040202010002020202020202000A7
:10D9C000402020102020400068900000000000004F
:10D9D0001820000000000000C0200000000000002F
:10D9E00070880000000000005000000000000000EF
:10D9F000689000000000000000000060202070001F
:10DA0000006090F08888B08020007088F8888800D6
:10DA100020007008788878003860A0B8E0A0B800CE
:10DA2000704848E848487000E0407048487040E05E
:10DA30000000D02878A05800A040A010788870007E
:10DA40006020302830207000708898A8C888700046
:10DA500000007098A8C8700000007088F8888800DE
:10DA60000000F880E080F8000000702020207000A6
:10DA7000000070888888700000008888888870009E
:10DA8000000088C8A89888002000202020202000BE
:10DA90002000204080887000182000000000000056
:10DAA000C020000000000000205000000000000026
:10DAB000500000000000000068900000000000001E
:10DAC0000000000000000020000000000000000036
:10DAD000002070A0A0A87020304040E04048B00076
:10DAE00000008870507088008850F820F8202000CE
:10DAF000202020002020200030482050209060006E
:10DB00008800000000000000F888A8B8A888F80085
:10DB10007008788870000000002850A0502800008D
:10DB2000000000F80808000000000070000000007D
:10DB3000F888A88898A8F800F80000000000000005
:10DB40002050200000000000002070200070000025
:10DB500060902040F0000000E0106010E000000045
:10DB600018200000000000000000888888C8B080ED
:10DB700078989878181818000000003030000000DD
:10DB800040C04040E00000007088888870000000BD
:10DB900000A0502850A000008890A050B0507810ED
:10DBA0008890A040B8081038C040C048D82838082D
:10DBB0000088502050880000002000F8002000005D
:10DBC000103070FC70301000203038FC38302000ED
:10DBD000002070F820200000002020F870200000B5
:10DBE00000082868F860200000040408089050200D
:10DBF0009D00FFFF9E00FFFF9F00FFFFA000FFFFB3
:10DC0000A100FFFFA200FFFFFFFFFFFFFFFFFFFFDD
:10DC1000FFFFFFFFFFFFFFFFFFFFFFFFFFFFFFFF14
:10DC2000FFFFFFFFFFFFFFFFFFFFFFFFFFFFFFFF04
:10DC30007E00FFFF7600FFFF7F00FFFF8000FFFFF9
:10DC40008100FFFF8200FFFF8300FFFF8400FFFFD2
:10DC50008500FFFF8600FFFF8700FFFF8800FFFFB2
:10DC60008900FFFF8A00FFFF8B00FFFF8C00FFFF92
:10DC70008D00FFFF8E00FFFF8F00FFFF9000FFFF72
:10DC80009100FFFF9200FFFF9300FFFF9400FFFF52
:10DC90007D00FFFF9500FFFF9600FFFF9700FFFF4D
:10DCA0009800FFFF9900FFFF9A00FFFF7700FFFF3A
:10DCB000700079007000780070007A0070007C00BD
:10DCC00070007B006600FFFF6800FFFF23007D00FF
:10DCD000710079007100780071007A0071007B009A
:10DCE000720079007200780072007A0072007B0086
:10DCF0006900FFFF75007C007300790073007800F5
:10DD000073007A0073007C0073007B009B00FFFFB0
:10DD10006E00FFFF740079007400780074007A00D0
:10DD200074007B00390078006A00FFFF6500FFFF88
:10DD30004100600041005F0041006100410063005C
:10DD4000410062006700FFFF6B00FFFF43007D00A2
:10DD50004500600045005F0045006100450062002D
:10DD60006400600064005F006400610064006200A1
:10DD70006C00FFFF4E0063004F0060004F005F002B
:10DD80004F0061004F0063004F0062009C00FFFFE6
:10DD90006F00FFFF5500600055005F0055006100F7
:10DDA0005500620059005F006D00FFFF59006200DE
:10DDB0009000FF00F0DB0108D8D60108D8D6010892
:10DDC000B0DD010820007E00060601001D200008CD
:10DDD00051210008692100086F210008000000009F
:10DDE0000000000008080101B8DD01080705070070
:10DDF0000000000000000000000000000000000023
:10DE00000000183C3C3C18181800181800000000CE
:10DE100000666666240000000000000000000000AC
:10DE20000000006C6CFE6C6C6CFE6C6C0000000002
:10DE300018187CC6C2C07C060686C67C181800006E
:10DE400000000000C2C60C183060C686000000004A
:10DE50000000386C6C3876DCCCCCCC76000000004E
:10DE600000303030600000000000000000000000C2
:10DE700000000C18303030303030180C000000003A
:10DE8000000030180C0C0C0C0C0C183000000000BA
:10DE90000000000000663CFF3C660000000000003F
:10DEA000000000000018187E181800000000000094
:10DEB00000000000000000000018181830000000EA
:10DEC00000000000000000FE000000000000000054
:10DED0000000000000000000000018180000000012
:10DEE0000000000002060C183060C0800000000036
:10DEF0000000386CC6C6C6C6C6C66C380000000036
:10DF000000001838781818181818187E000000003B
:10DF100000007CC6060C183060C0C6FE0000000081
:10DF200000007CC606063C060606C67C0000000013
:10DF300000000C1C3C6CCCFE0C0C0C1E0000000005
:10DF40000000FEC0C0C0FC060606C67C0000000043
:10DF500000003860C0C0FCC6C6C6C67C0000000019
:10DF60000000FEC606060C183030303000000000FD
:10DF700000007CC6C6C67CC6C6C6C67C00000000C3
:10DF800000007CC6C6C67E0606060C7800000000AF
:10DF90000000000018180000001818000000000021
:10DFA00000000000181800000018183000000000E1
:10DFB000000000060C18306030180C06000000004D
:10DFC00000000000007E00007E0000000000000055
:10DFD0000000006030180C060C18306000000000D3
:10DFE00000007CC6C60C18181800181800000000A5
:10DFF0000000007CC6C6DEDEDEDCC07C0000000067
:10E00000000010386CC6C6FEC6C6C6C600000000BA
:10E010000000FC6666667C66666666FC00000000C2
:10E0200000003C66C2C0C0C0C0C2663C0000000028
:10E030000000F86C6666666666666CF800000000B4
:10E040000000FE6662687868606266FE000000009C
:10E050000000FE6662687868606060F000000000A2
:10E0600000003C66C2C0C0DEC6C6663A00000000C2
:10E070000000C6C6C6C6FEC6C6C6C6C600000000AC
:10E0800000003C18181818181818183C0000000058
:10E0900000001E0C0C0C0C0CCCCCCC78000000004A
:10E0A0000000E666666C78786C6666E60000000044
:10E0B0000000F06060606060606266FE000000006A
:10E0C0000000C6EEFEFED6C6C6C6C6C600000000EC
:10E0D0000000C6E6F6FEDECEC6C6C6C600000000DC
:10E0E00000007CC6C6C6C6C6C6C6C67C0000000008
:10E0F0000000FC6666667C60606060F00000000006
:10E1000000007CC6C6C6C6C6C6D6DE7C0C0E0000A5
:10E110000000FC6666667C6C666666E600000000D1
:10E1200000007CC6C660380C06C6C67C0000000035
:10E1300000007E7E5A1818181818183C00000000BD
:10E140000000C6C6C6C6C6C6C6C6C67C000000005D
:10E150000000C6C6C6C6C6C6C66C381000000000A1
:10E160000000C6C6C6C6D6D6D6FEEE6C00000000BD
:10E170000000C6C66C7C38387C6CC6C60000000047
:10E180000000666666663C181818183C000000001F
:10E190000000FEC6860C183060C2C6FE00000000FB
:10E1A00000003C30303030303030303C0000000077
:10E1B00000000080C0E070381C0E06020000000065
:10E1C00000003C0C0C0C0C0C0C0C0C3C0000000077
:10E1D00010386CC6000000000000000000000000C5
:10E1E00000000000000000000000000000FF000030
:10E1F0000030180C000000000000000000000000CB
:10E200000000000000780C7CCCCCCC760000000034
:10E210000000E06060786C666666667C0000000066
:10E2200000000000007CC6C0C0C0C67C000000002A
:10E2300000001C0C0C3C6CCCCCCCCC76000000005C
:10E2400000000000007CC6FEC0C0C67C00000000CC
:10E2500000001C363230783030303078000000005A
:10E26000000000000076CCCCCCCCCC7C0CCC780070
:10E270000000E060606C7666666666E6000000009E
:10E2800000001818003818181818183C0000000072
:10E2900000000606000E06060606060666663C0038
:10E2A0000000E06060666C78786C66E60000000054
:10E2B00000003818181818181818183C000000002A
:10E2C0000000000000ECFED6D6D6D6C60000000046
:10E2D0000000000000DC66666666666600000000FE
:10E2E00000000000007CC6C6C6C6C67C0000000058
:10E2F0000000000000DC66666666667C6060F00018
:10E30000000000000076CCCCCCCCCC7C0C0C1E00E9
:10E310000000000000DC7666606060F00000000035
:10E3200000000000007CC660380CC67C00000000C5
:10E330000000103030FC30303030361C000000005F
:10E340000000000000CCCCCCCCCCCC76000000008F
:10E350000000000000C6C6C6C6C66C38000000003B
:10E360000000000000C6C6D6D6D6FE6C0000000035
:10E370000000000000C66C3838386CC60000000091
:10E380000000000000C6C6C6C6C6C67E060CF80061
:10E390000000000000FECC183060C6FE0000000047
:10E3A00000000E18181870181818180E0000000039
:10E3B000000018181818181818181818000000006D
:10E3C0000000701818180E181818187000000000B7
:10E3D0000076DC00000000000000000000000000EB
:10E3E00000001C30000000000000000000000000E1
:10E3F0000000701800000000000000000000000095
:10E400000010386C00000000000000000000000058
:10E4100000C6C60000000000000000000000000070
:10E420000076DC000000000000000000000000009A
:10E4300000000000003818181818183C00000000F0
:10E440000000386C6C6C786C6666666C60C00000AE
:10E45000102810007CC6C6FEC6C6C6C60000000056
:10E460000030483000780C7CCCCCCC76000000002A
:10E4700000001E7AD8D8D8FED8D8DADE0000000016
:10E480000000FC666666F6F6666666FC0000000044
:10E490000000F0607C666666667C60F0000000004C
:10E4A0000000000000CC323E70B0B26C00000000F2
:10E4B0000000D060B0187CC6C6C6C67C0000000054
:10E4C0000000E06060786C6C786060F00000000034
:10E4D00000007CC6CECED6D6E6E6C67C00000000A4
:10E4E00000000000003A44CED6E644B80000000028
:10E4F000000000386CC6C6FEC6C6C6C600000000D6
:10E50000000000FE66626878686266FE0000000037
:10E510000000003C181818181818183C00000000DB
:10E520000000007CC6C6C6C6C6C6C67C0000000089
:10E53000000000C6C6C6C6C6C6C6C67C000000002F
:10E54000000000C6E6F6FEDECEC6C6C6000000002D
:10E5500000001818001818183C3C3C180000000077
:10E56000000030300030303060C6C67C0000000053
:10E570001C3000000000000000000000000000004F
:10E580007018000000000000000000000000000003
:10E59000386C0000000000000000000000000000D7
:10E5A000C6C60000000000000000000000000000DF
:10E5B00076DC000000000000000000000000000009
:10E5C0000000000000000000000000001830000003
:10E5D000000000000000000000000000000000003B
:10E5E00000000010107CD0D0D0D0D67C10100000DD
:10E5F00000001C30303078303030325C00000000D9
:10E6000000000000423C24243C42000000000000C6
:10E610000000663C187E18187E18181800000000CC
:10E62000000018181818000018181818000000002A
:10E6300000003C6460384444380C4C780000000012
:10E6400000C6C6000000000000000000000000003E
:10E65000000000007E425A5E5A427E000000000028
:10E660000000700878888874000000000000000036
:10E670000000000000366CD86C360000000000007E
:10E6800000000000000000FC040400000000000086
:10E69000000000000000007C0000000000000000FE
:10E6A000000000007C4454444C547C0000000000F6
:10E6B000FE0000000000000000000000000000005C
:10E6C0000070D888D8700000000000000000000032
:10E6D0000000000010107C1010007C000000000002
:10E6E000788C0C183060FC00000000000000000076
:10E6F000788C0C780C8C7800000000000000000082
:10E70000000E1820000000000000000000000000C3
:10E7100000000000006666666666667C6060C00099
:10E7200000007ED4D4D474141414143E00000000ED
:10E730000000000000003838380000000000000031
:10E7400060E060606060F000000000000000000019
:10E7500000003C6666663C0000000000000000000F
:10E760000000000000D86C366CD8000000000000EB
:10E77000000040C0444810244C941E0400000000D7
:10E78000000040C04448102C5284081E00000000C5
:10E790000000C0204428D0244C941E040000000037
:10E7A0000000000000663C183C660000000000000D
:10E7B000000000001818007E00181800000000007B
:10E7C00000000000000818387FFF7F38180800009C
:10E7D000000000000010181CFEFFFE1C18100000B6
:10E7E00000000000000010387CFE38383838000087
:10E7F00000000000000038383838FE7C3810000077
:10E800000000000606060616367EFE7C301000006C
:10E81000000000000000030306060CCC783800005E
:10E820009D00FFFF9E00FFFF9F00FFFFA000FFFF76
:10E83000A100FFFFA200FFFFFFFFFFFFFFFFFFFFA1
:10E84000FFFFFFFFFFFFFFFFFFFFFFFFFFFFFFFFD8
:10E85000FFFFFFFFFFFFFFFFFFFFFFFFFFFFFFFFC8
:10E860007E00FFFF7600FFFF7F00FFFF8000FFFFBD
:10E870008100FFFF8200FFFF8300FFFF8400FFFF96
:10E880008500FFFF8600FFFF8700FFFF8800FFFF76
:10E890008900FFFF8A00FFFF8B00FFFF8C00FFFF56
:10E8A0008D00FFFF8E00FFFF8F00FFFF9000FFFF36
:10E8B0009100FFFF9200FFFF9300FFFF9400FFFF16
:10E8C0007D00FFFF9500FFFF9600FFFF9700FFFF11
:10E8D0009800FFFF9900FFFF9A00FFFF7700FFFFFE
:10E8E000700079007000780070007A0070007C0081
:10E8F00070007B006600FFFF6800FFFF23007D00C3
:10E90000710079007100780071007A0071007B005D
:10E91000720079007200780072007A0072007B0049
:10E920006900FFFF75007C007300790073007800B8
:10E9300073007A0073007C0073007B009B00FFFF74
:10E940006E00FFFF740079007400780074007A0094
:10E9500074007B00390078006A00FFFF6500FFFF4C
:10E960004100600041005F00410061004100630020
:10E97000410062006700FFFF6B00FFFF43007D0066
:10E980004500600045005F004500610045006200F1
:10E990006400600064005F00640061006400620065
:10E9A0006C00FFFF4E0063004F0060004F005F00EF
:10E9B0004F0061004F0063004F0062009C00FFFFAA
:10E9C0006F00FFFF55005F005500600055006100BB
:10E9D0005500620059005F006D00FFFF59006200A2
:10E9E0009000FF0020E80108F0DD0108F0DD0108DB
:10E9F000E0E9010820007F00080801001D20000850
:10EA000051210008692100086F2100080000000062
:10EA10000000000010100101E8E901080C070A00DD
:10EA200000000000000000000000000000000000E6
:10EA300000000000606060606060606060606000B6
:10EA40006060000000000066666666660000000008
:10EA50000000000000000000000000000C600C60DE
:10EA60007FF87FF818C019C03180FFF0FFF03380C5
:10EA70006300630000000000000000000C000C00B8
:10EA80001F007F80EC00CC00CC00FF003F800DC059
:10EA90000CC0CDC0FF807F000C000C000C000000FB
:10EAA000000000807180F900DB00FA0076000400AD
:10EAB0000C0008E019F011B031F020E00000000077
:10EAC00000000000000000000E001F001B001E00E0
:10EAD0001C003C406640C3C0C1C0E1807FC03E0016
:10EAE0000000000000000000003030303030000036
:10EAF000000000000000000000000C1C1830306016
:10EB00006060606060603030180C0000C0E0603011
:10EB10003018181818181818303060C0000000009D
:10EB2000000008007F003F001C00360026000000A7
:10EB300000000000000000000000000000000000D5
:10EB4000000000000000181818FFFF181818000037
:10EB500000000000000000000000000000000000B5
:10EB6000206040000000000000000000007C7C00ED
:10EB70000000000000000000000000000000000095
:10EB800000000060600000000000000000000300C2
:10EB900003000300060006000C000C00180018001B
:10EBA0003000300060006000000000000000000045
:10EBB00000001E007F006300C180C180C180C18051
:10EBC000C180C18063007F003E00000000000000A3
:10EBD000000000183878581818181818187E7E0089
:10EBE00000000000000000001E003F807180618076
:10EBF000018007000E003800700060007F807F8079
:10EC00000000000000000000000000003E007F0047
:10EC10006300030007003C001F00030003004300E3
:10EC20007E003E0000000000000000000000000028
:10EC3000030007000F000B00130033006300FFC048
:10EC4000FFC00300030003000000000000000000FC
:10EC5000000000007F807F8060007E007F00638076
:10EC600061800180018063807F003E000000000021
:10EC7000000000000000000006000E001C0038002C
:10EC800030007F007F806180618073803F001E00C4
:10EC90000000000000000000000000007FC07FC0F6
:10ECA000018003000200060006000C000C001800A2
:10ECB000180010000000000000000000000000002C
:10ECC0001E007F00618061807F003F007380618053
:10ECD000618061807F001E000000000000000000D5
:10ECE000000000001E003F0073806180618073801F
:10ECF0003F801F80030007000E003C003000000032
:10ED00000000000000000000006060000000606083
:10ED10000000000000000000000000303000000093
:10ED20000030606000000000000000000C1C386033
:10ED300030180C00000000000000000000007E7E83
:10ED40000000007E7E0000000000000000000000C7
:10ED50006030180C38704000000000000000000017
:10ED6000000000003C007E00670003000300030079
:10ED700006001C0010000000300030000000000001
:10ED80000000000007C01FF018383018330C660C64
:10ED90006C8C6D8C6FF866707000300018601FE02E
:10EDA00007C0000000000000000001800180038017
:10EDB00006C006C00CC01FC01FC030E030606060DD
:10EDC00060600000000000000000000000007C0007
:10EDD0007E006700630067007E007F0063806180C3
:10EDE00063807F007C000000000000000000000045
:10EDF00000000F001F00330060006000C000C00072
:10EE0000C000C100E7007E003C00000000000000E0
:10EE100000000000000060007C007F00638060C094
:10EE2000606060606060606061C07F803F00000083
:10EE3000000000000000000000007F007F00600074
:10EE4000600060007F007F006000600060007F0065
:10EE50003F000000000000000000000000007F8074
:10EE60007FC06000600060007F807F806000600085
:10EE70006000600060000000000000000000000072
:10EE800000000E001F80398070006000DFC0DFC00E
:10EE9000C0C0C180C3807F003C00000000000000B3
:10EEA00000000000000060606060606060606060A2
:10EEB00067E07FE0786060606060606060600000D4
:10EEC00000000000000000000000FF00FF0018002C
:10EED0001800180018001800180018001800FF008B
:10EEE000FF000000000000000000000000003FC024
:10EEF0003FC006000600060006000600C600C60069
:10EF0000E6007E001C000000000000000000000081
:10EF1000000060806180630066006C00700070001B
:10EF200078006C00660063806180000000000000D3
:10EF300000000000000060006000600060006000F1
:10EF4000600060006000600060007F007F000000E3
:10EF5000000000000000000000000C201C701C706D
:10EF60001C70145036D836D836D826D86798638C9B
:10EF7000638C000000000000000000000000602022
:10EF80006030703078306C3066306230633061B041
:10EF900060F06070603000000000000000000000C1
:10EFA000000007C01FE038703030703060306030D3
:10EFB0006070606030E03FC00F00000000000000A3
:10EFC0000000007C7E6763677E7C6060606060003C
:10EFD00000000000000000000FC03FE078706030CB
:10EFE000C018C018C018C218631871B03FF00F6085
:10EFF00000300018000800000000000078007E00CB
:10F00000670063806180618063007E007E0067002E
:10F0100061C060C0000000000000000000000000AF
:10F020000F001F80380030003F001F8001C000C06B
:10F0300060C061C03F801E000000000000000000B2
:10F0400000000000FFC0FFC00C000C000C000C0012
:10F050000C000C000C000C000C000C000000000068
:10F0600000000000000000006060606060606060A0
:10F07000606060606060606070C031C03F800F00A1
:10F0800000000000000000000000000060C060C040
:10F09000618031803180318033001B001B001B00F8
:10F0A0000E000E0000000000000000000000000044
:10F0B00000000060C30061C30061C300614300330E
:10F0C0006600336600336600366C00166C001C6CFC
:10F0D000001C78001C380000000000000000000048
:10F0E0000000000000006060606030C019800F0008
:10F0F000060007000F80198030C06060606000006B
:10F100000000000000000000000060C060C031C0CE
:10F1100031801B801B000F000F0006000E000C004A
:10F1200018000000000000000000000000007FE068
:10F130007FE001C0038007000E000C0018003000C3
:10F1400060007FE07FE000000000000000003C3C29
:10F150003030303030303030303030303C3C0000F7
:10F160000060603030101818080C0C0C0606000007
:10F170000000F8F81818181818181818181818187F
:10F18000F8F80000183C36620000000000000000A3
:10F19000000000000000000000000000000000006F
:10F1A000000000000000000000000000000000005F
:10F1B000000000000000FFC00000000040006000F0
:10F1C00030001000000000000000000000000000FF
:10F1D000000000000000000000000000000000002F
:10F1E0000000003E7EE6C6C6C6FE7B0000000000B2
:10F1F0000000600060006000600060006E007F0042
:10F2000073806180618063807F007E000000000069
:10F210000000000000000000003C7E62C0C0C27E12
:10F220003C00000000000000030003000300030096
:10F2300003003F007F00E300C300C300E3007F0042
:10F240003F00000000000000000000000000003C43
:10F250007EE6CCD8E2FE3C0000000000070F1C1840
:10F26000187E7E18181818181800000000000000FA
:10F2700000003C7EE6C6C6CEFE76060CFC7800009A
:10F28000C0C0C0C0C0DCFEE6C6C6C6C6C600000020
:10F2900000000060600000606060606060606000AE
:10F2A00000000000003030000030303030303030AE
:10F2B000303030300000000060006000600060000E
:10F2C0006000620066006C007C007C0066006300E9
:10F2D000630000000000000000006060606060608B
:10F2E000606060606060600000000000000000007E
:10F2F0000000000000000000DD80FFC0EEC0CCC0B8
:10F30000CCC0CCC0CCC0CCC00000000000000000CD
:10F310000000000000DCFEE6C6C6C6C6C60000004F
:10F3200000000000000000387CC6C6C6C67C38005D
:10F33000000000000000000000000000000060006D
:10F340006E007F0063006300630063007E007C004A
:10F35000600060006000000000000000003E7EE6EB
:10F36000C6C6C67E3E060606000000000000006E0F
:10F3700076666060606060000000000000000000D1
:10F38000001C7CE0F87C0CFC780000000000000011
:10F39000303030FCFC3030303030300000000000C5
:10F3A0000000000000C6C6C6C6C6C6FE7E0000003D
:10F3B00000000000000000C6C66C6C6C38381000FD
:10F3C000000000000000000000000000000000003D
:10F3D000CCC0CCC0CCC0DEC0DAC0DAC073807380D1
:10F3E000000000000000000000000000000000001D
:10F3F00000000000C300E7007E003C003C007E00EF
:10F40000E700C30000000000000000000000000052
:10F410000000000000000000C300E300630076006D
:10F4200036003C001C0018001800300030000000BE
:10F430000000000000000000000000007F007F00CE
:10F4400006000C00180030007F007F000000000064
:10F45000000000001C3C3030303030706030303004
:10F4600030301C1C00001818181818181818181814
:10F470001818181818180000E0F030303030303804
:10F480001C3830303030E0E00000000000000000A8
:10F490000000000018003C806C806780470000007E
:10F4A00000000000000000000000000000007E7E60
:10F4B0004242424242424242427E7E0000000000FE
:10F4C0000000000007C01FC03800FF00FF00600000
:10F4D000FE00FE00600071803F801E000000000002
:10F4E000000000000505010020EA010804040100F5
:10F4F00032EA01080808010044EA01080D0D020083
:10F5000056EA01080B0B02007AEA01080D0D020011
:10F510009EEA01080A0A0200C2EA01080606010082
:10F52000E6EA010806060100F8EA010806060100FD
:10F530000AEB0108090902001CEB01080808010098
:10F5400040EB01080404010052EB01080707010029
:10F5500064EB01080404010076EB010809090200CC
:10F5600088EB01080A0A0200ACEB0108070701005A
:10F57000D0EB01080A0A0200E2EB01080A0A0200C5
:10F5800006EC01080A0A02002AEC01080A0A020035
:10F590004EEC01080A0A020072EC01080A0A020095
:10F5A00096EC01080A0A0200BAEC01080A0A0200F5
:10F5B000DEEC01080505010002ED0108050501006A
:10F5C00014ED01080606010026ED010808080100F7
:10F5D00038ED0108070701004AED0108090902009A
:10F5E0005CED01080F0F020080ED01080C0C020019
:10F5F000A4ED01080A0A0200C8ED01080A0A020087
:10F60000ECED01080C0C020010EE01080A0A0200E1
:10F6100034EE01080A0A020058EE01080B0B020042
:10F620007CEE01080C0C0200A0EE010809090200A2
:10F63000C4EE01080B0B0200E8EE01080A0A020002
:10F640000CEF01080909020030EF01080F0F02005A
:10F6500054EF01080D0D020078EF01080D0D0200B6
:10F660009CEF010808080100C0EF01080E0E02001F
:10F67000D2EF01080B0B0200F6EF01080B0B0200A2
:10F680001AF001080B0B02003EF001080C0C0200FE
:10F6900062F001080A0A020086F001081111030055
:10F6A000AAF001080C0C0200E0F001080B0B0200AC
:10F6B00004F101080C0C020028F101080606010003
:10F6C0004CF10108080801005EF10108060601007E
:10F6D00070F101080808010082F101080A0A02001D
:10F6E00094F1010809090200B8F1010808080100B5
:10F6F000DCF101080A0A0200EEF101080808010025
:10F7000012F201080909020024F2010808080100A8
:10F7100048F20108080801005AF20108080801002F
:10F720006CF20108080801007EF2010805050100DD
:10F7300090F2010806060100A2F201080909020080
:10F74000B4F2010805050100D8F201080B0B020014
:10F75000EAF20108080801000EF301080808010098
:10F7600020F301080909020032F30108080801002A
:10F7700056F301080808010068F3010807070100B3
:10F780007AF30108070701008CF30108080801005B
:10F790009EF3010808080100B0F301080B0B0200FA
:10F7A000C2F3010809090200E6F301080909020091
:10F7B0000AF40108090902002EF4010806060100F6
:10F7C00052F401080707010064F40108060601006D
:10F7D00076F401080A0A020088F40108080801000A
:10F7E000ACF401080B0B0200BEF4010820008000FD
:10F7F000E4F4010800000000A921000871220008BB
:10F80000B5220008BB220008000000000000000034
:10F8100012120101ECF701080F080C0000000000B3
:10F8200001000000020000000300000004000000CE
:10F8300005000000060000000700000008000000AE
:10F84000090000000A0000000B0000000C0000008E
:10F850000D0000000E0000000F000000040000007A
:10F86000C91B0108312501082D260108112C0108AA
:10F870004D340108BD44010801520108F942010854
:10F88000F93101089D32010865310108AB340108E6
:10F89000000000000001010101010101010202025A
:10F8A000020202020203030303030303030404042A
:10F8B00004040404040505050505050505050606FB
:10F8C00006060606060607070707070707070808CC
:10F8D0000808080808080909090909090909090A9D
:10F8E0000A0A0A0A0A0A0A0B0B0B0B0B0B0B0B0C6E
:10F8F0000C0C0C0C0C0C0C0D0D0D0D0D0D0D0D0D3F
:10F900000E0E0E0E0E0E0E0E0F0F0F0F0F0F0F0F0F
:10F9100010101010101010101111111111111111DF
:10F9200012121212121212121213131313131313B0
:10F930001314141414141414141515151515151581
:10F940001516161616161616161617171717171752
:10F950001717181818181818181819191919191923
:10F9600019191A1A1A1A1A1A1A1A1B1B1B1B1B1BF3
:10F970001B1B1B1C1C1C1C1C1C1C1C1D1D1D1D1DC5
:10F980001D1D1D1E1E1E1E1E1E1E1E1F1F1F1F1F95
:10F99000000000010101010202020203030303044B
:10F9A00004040405050505060606060707070708FB
:10F9B000080808090909090A0A0A0A0B0B0B0B0CAB
:10F9C0000C0C0C0D0D0D0D0E0E0E0E0F0F0F0F105B
:10F9D000101010111111111212121213131313140B
:10F9E00014141415151515151616161617171717BE
:10F9F00018181818191919191A1A1A1A1B1B1B1B6F
:10FA00001C1C1C1C1D1D1D1D1E1E1E1E1F1F1F1F1E
:10FA100020202020212121212222222223232323CE
:10FA2000242424242525252526262626272727277E
:10FA300028282828292929292A2A2A2A2A2B2B2B2F
:10FA40002B2C2C2C2C2D2D2D2D2E2E2E2E2F2F2FE2
:10FA50002F30303030313131313232323233333392
:10FA60003334343434353535353636363637373742
:10FA70003738383838393939393A3A3A3A3B3B3BF2
:10FA80003B3C3C3C3C3D3D3D3D3E3E3E3E3F3F3FA2
:10FA9000000810192129313A424A525B636B737B8B
:10FAA000848C949CA5ADB5BDC5CED6DEE6EFF7FF40
:10FAB0000004080C1014181C2024282D3135393D61
:10FAC0004145494D5155595D6165696D7175797D46
:10FAD00082868A8E92969A9EA2A6AAAEB2B6BABE26
:10FAE000C2C6CACED2D7DBDFE3E7EBEFF3F7FBFF0B
:10FAF0000000000078040000EF080000660D000020
:10FB0000DC11000050160000C21A0000331F000074
:10FB1000A12300000C280000742C0000D930000044
:10FB20003A35000096390000EF3D000042420000E7
:10FB300090460000D94A00001C4F000058530000B6
:10FB40008F570000BE5B0000E65F00000764000006
:10FB500020680000316C000039700000397400002A
:10FB60002F7800001C7C000000800000DA83000079
:10FB7000A98700006D8B0000278F0000D69200003F
:10FB800079960000119A00009C9D00001BA10000C6
:10FB90008EA40000F3A700004CAB000097AE00005D
:10FBA000D5B1000005B5000027B800003ABB000041
:10FBB0003FBE000035C100001BC40000F3C60000BA
:10FBC000BBC9000073CC00001CCF0000B4D1000002
:10FBD0003CD40000B3D600001AD900006FDB00004F
:10FBE000B4DD0000E7DF000009E2000019E40000D6
:10FBF00017E6000004E80000DEE90000A6EB0000C4
:10FC00005CED0000FFEE000090F000000EF200003E
:10FC100078F30000D0F4000015F6000047F700006C
:10FC200065F8000070F9000068FA00004CFB000065
:10FC30001CFC0000D9FC000082FD000018FE000042
:10FC400099FE000007FF000060FF0000A6FF000013
:10FC5000D8FF0000F6FF0000000001003531010868
:10FC60003931010803000108912701087D4101088D
:10FC7000E1400108CD410108008040C020A060E0C3
:10FC8000109050D030B070F0088848C828A868E8B4
:10FC9000189858D838B878F8048444C424A464E484
:10FCA000149454D434B474F40C8C4CCC2CAC6CEC54
:10FCB0001C9C5CDC3CBC7CFC028242C222A262E254
:10FCC000129252D232B272F20A8A4ACA2AAA6AEA54
:10FCD0001A9A5ADA3ABA7AFA068646C626A666E624
:10FCE000169656D636B676F60E8E4ECE2EAE6EEEF4
:10FCF0001E9E5EDE3EBE7EFE018141C121A161E10C
:10FD0000119151D131B171F1098949C929A969E923
:10FD1000199959D939B979F9058545C525A565E5F3
:10FD2000159555D535B575F50D8D4DCD2DAD6DEDC3
:10FD30001D9D5DDD3DBD7DFD038343C323A363E3C3
:10FD4000139353D333B373F30B8B4BCB2BAB6BEBC3
:10FD50001B9B5BDB3BBB7BFB078747C727A767E793
:10FD6000179757D737B777F70F8F4FCF2FAF6FEF63
:10FD70001F9F5FDF3FBF7FFF00000000000000000B
:10FD80000000000000000000000000000000000073
:10FD90000000000000000000000000000000181833
:10FDA0001818181818181818181818181818000003
:10FDB0001818000000000000000000000000000013
:10FDC00000000000630063006300630063006300E1
:10FDD00063000000000000000000000000000000C0
:10FDE0000000000000000000000000000000000013
:10FDF0000000000000000000000000000000000003
:10FE000000000000061806180E300C300C300C30C4
:10FE1000FFFCFFFC18601860186018601860FFFC99
:10FE2000FFFC30C030C071C0618061800000000004
:10FE300000000000000000000000000000000000C2
:10FE4000000001000FC01FF03938711C610C610007
:10FE5000610031003F000FE003F00138011C010C8C
:10FE6000610C610C311C39381FF007C00100010022
:10FE70000000000000000000000000000000000082
:10FE8000000000000000000000000F00C01F81C043
:10FE900039C18030C38030C30030C70030C600395C
:10FEA000CC001F8C000F18000018F00031F8003350
:10FEB0009C00630C00630C00C30C00C30C01839C0A
:10FEC0000181F80300F000000000000000000000C5
:10FED0000000000000000000000000000000000022
:10FEE0000000000000000000000003E0000FF00030
:10FEF0000C38001818001818001818000C30000EE4
:10FF0000700007E0000780001F800038C2007067A3
:10FF100000607600603E00601C00701E00387F00AC
:10FF20001FF3800FC300000000000000000000006D
:10FF30000000000000000000000000000000606001
:10FF400060606060600000000000000000000000D1
:10FF500000000000000000000000000000000000A1
:10FF6000000000000300060006000C000C00180052
:10FF70001800180030003000300030003000300031
:10FF80003000300030001800180018000C000C0081
:10FF90000600060003000000000000000000000052
:10FFA00000000000600030003000180018000C0055
:10FFB0000C000C0006000600060006000600060005
:10FFC0000600060006000C000C000C0018001800CB
:10FFD0003000300060000000000000000000000061
:10FFE000000000000600060026407FE00F800F00A2
:10FFF00019801880000000000000000000000000D0
:020000040802F0
:1000000000000000000000000000000000000000F0
:1000100000000000000000000000000000000000E0
:1000200000000000000000000000000003000300CA
:100030000300030003007FF87FF8030003000300C0
:1000400003000300000000000000000000000000AA
:1000500000000000000000000000000000000000A0
:100060000000000000000000000000000000000090
:1000700030301010302000000000000000000000B0
:100080000000000000000000000000000000000070
:100090000000000000000000000000007F007F0062
:1000A0000000000000000000000000000000000050
:1000B0000000000000000000000000000000000040
:1000C0000000000000000000000000000000000030
:1000D00030300000000000000000000000000303BA
:1000E0000606060C0C0C1C181818303030606060C6
:1000F000E0C0000000000000000000000000000060
:100100000000000007C01FF0383830183018600CAD
:10011000600C600C600C600C600C600C600C600C7F
:10012000600C3018301838381FF007C0000000008D
:1001300000000000000000000000000000000000BF
:100140000000000000C000C001C003C00FC01EC0FE
:1001500018C000C000C000C000C000C000C000C087
:1001600000C000C000C000C000C000C0000000000F
:10017000000000000000000000000000000000007F
:10018000000000000FC01FE03870603860180018D1
:100190000018001800300030006000C0018003002B
:1001A00006000C00180030007FF87FF80000000007
:1001B000000000000000000000000000000000003F
:1001C000000000000FC01FE03870701860180018A1
:1001D0000018007003E003F00038001C000C000C55
:1001E000000C600C701838381FF007C000000000C9
:1001F00000000000000000000000000000000000FF
:10020000000000000030007000F000F001B003308A
:10021000073006300C301C301830303070307FFC26
:100220007FFC003000300030003000300000000063
:1002300000000000000000000000000000000000BE
:10024000000000001FF81FF83800300030003000B8
:1002500027C07FF078386018000C000C000C000CF0
:10026000000C600C701838381FF00FC00000000040
:10027000000000000000000000000000000000007E
:100280000000000003E00FF01C38381C300C300078
:10029000600067C06FF078387018600C600C600CFC
:1002A000600C300C301818380FF007C00000000048
:1002B000000000000000000000000000000000003E
:1002C000000000007FF87FF8001000300060004060
:1002D00000C0018001800300030003000600060047
:1002E000060006000C000C000C000C0000000000D2
:1002F00000000000000000000000000000000000FE
:100300000000000007C01FF01830301830183018F7
:10031000301818300FE01FF038383018600C600CBF
:10032000600C600C301838381FF007C00000000067
:1003300000000000000000000000000000000000BD
:100340000000000007C01FE0383030186008600C63
:10035000600C600C600C301C383C1FEC078C000CEF
:1003600000186018701838701FE00F80000000003F
:10037000000000000000000000000000000000007D
:10038000000000181800000000000000000000003D
:10039000181800000000000000000000000000002D
:1003A000000000181800000000000000000000001D
:1003B00018180808181000000000000000000000D5
:1003C0000000000000000000000000000004001C0D
:1003D000007801E007001C0030001C00070001E06D
:1003E0000078001C00040000000000000000000075
:1003F00000000000000000000000000000000000FD
:1004000000000000000000000000000000000000EC
:100410007FFC7FFC00000000000000007FFC7FFCF0
:1004200000000000000000000000000000000000CC
:1004300000000000000000000000000000000000BC
:100440000000000000000000000000002000380054
:100450001E00078000E00038000C003800E0078034
:100460001E00380020000000000000000000000016
:10047000000000000000000000000000000000007C
:100480000000000007C01FF03838301C600C600C02
:10049000000C001C00180030006000C001C001808A
:1004A0000180018000000000018001800000000048
:1004B000000000000000000000000000000000003C
:1004C000000000000000000000000000000000002C
:1004D000003FC00000FFF00003C0780007001C00D0
:1004E0000E000E001C3C670018FF630031C3E38060
:1004F0003181C1803300C1806300C1806600C1804A
:100500006600C1806600C3806601830066018700C3
:1005100063038600738F9C0031FDF80038F8F0000B
:10052000180000C01C0001800F00070007C01E005B
:1005300001FFF800003FE0000000000000000000A4
:100540000000000000000000000001C00001C00029
:100550000360000360000770000630000630000EE4
:1005600038000C18000C1800180C00180C001FFCA8
:10057000003FFE00300600700700600300600300CB
:10058000C00180C0018000000000000000000000E9
:10059000000000000000000000000000000000005B
:1005A000000000000000000000003FF8003FFC00D9
:1005B000300E0030070030030030030030030030FD
:1005C0000700300E003FFC003FFE00300700300304
:1005D000803001803001803001803003803007009E
:1005E0003FFE003FF8000000000000000000000097
:1005F00000000000000000000000000000000000FB
:100600000000000000000000000001FC0007FF00E7
:100610000F03801C01C03800E030006070000060F3
:1006200000006000006000006000006000006000EA
:10063000003000603000E03800C01C01C00E0780B0
:1006400007FF0001FC0000000000000000000000A7
:10065000000000000000000000000000000000009A
:10066000000000000000000000003FFC003FFE0012
:100670003007803001803000C03000C03000603072
:10068000006030006030006030006030006030009A
:10069000603000603000C03000C030018030078022
:1006A0003FFE003FF80000000000000000000000D6
:1006B000000000000000000000000000000000003A
:1006C000000000000000000000003FFF803FFF80AE
:1006D00030000030000030000030000030000030FA
:1006E00000003000003FFF003FFF003000003000FE
:1006F000003000003000003000003000003000000A
:100700003FFF803FFF80000000000000000000006D
:1007100000000000000000000000000000000000D9
:10072000000000000000000000003FFF003FFF004D
:100730003000003000003000003000003000003099
:1007400000003000003FFC003FFC003000003000A3
:1007500000300000300000300000300000300000A9
:100760003000003000000000000000000000000029
:100770000000000000000000000000000000000079
:100780000000000000000000000001FC0007FF0066
:100790000F03801C01C03800C030006030000060D2
:1007A0000000600000600000601FE0601FE060006B
:1007B000607000603000603800601C00E00F03C013
:1007C00007FF8001FC0000000000000000000000A6
:1007D0000000000000000000000000000000000019
:1007E00000000000000000000000300180300180A7
:1007F0003001803001803001803001803001803054
:1008000001803001803FFF803FFF80300180300158
:1008100080300180300180300180300180300180E3
:100820003001803001800000000000000000000066
:100830000000000000000000000000000000181888
:100840001818181818181818181818181818181828
:100850001818000000000000000000000000000068
:100860000000000000600060006000600060006048
:100870000060006000600060006000600060006078
:1008800060606060606030C03FC01F00000000001A
:100890000000000000000000000000000000000058
:1008A000000000000000000000003003803007005E
:1008B000300E00301C0030380030700030E0003165
:1008C000C00033C00037C0003EE0003C700038700C
:1008D00000303800301C00300E00300600300700B9
:1008E0003003803001C00000000000000000000064
:1008F00000000000000000000000000000000000F8
:1009000000000000300030003000300030003000C7
:100910003000300030003000300030003000300057
:1009200030003000300030003FFC3FFC0000000091
:1009300000000000000000000000000000000000B7
:10094000000000000000000000001C00701E00F00D
:100950001E00F01E00F01B01B01B01B01B01B019FE
:10096000833019833019833018C63018C63018C642
:100970003018EE30186C30186C30186C3018383075
:100980001838301838300000000000000000000067
:100990000000000000000000000000000000000057
:1009A00000000000000000000000380180380180D5
:1009B0003C01803C0180360180330180330180316D
:1009C000818030C18030C1803061803061803031C1
:1009D00080301980301980300D80300780300780DA
:1009E00030038030038000000000000000000000A1
:1009F00000000000000000000000000000000000F7
:100A00000000000000000000000001FC0007FF00E3
:100A10000F07801C01C03800E0300060700070607B
:100A200000306000306000306000306000306000F6
:100A3000307000703000603800E01C01C00F07808B
:100A400007FF0001FC0000000000000000000000A3
:100A50000000000000000000000000000000000096
:100A6000000000000000000000003FF8003FFC0014
:100A7000300E003007003003003003003003003038
:100A80000300300700300E003FFC003FF000300054
:100A90000030000030000030000030000030000066
:100AA00030000030000000000000000000000000E6
:100AB0000000000000000000000000000000000036
:100AC0000000000000000000000001FC0007FF0023
:100AD0000F07801C01C03800E0300060300060600B
:100AE0000030600030600030600030600030600036
:100AF00030300070300060381CE01C1FC00F07C091
:100B000007FFE001FC700000300000000000000062
:100B100000000000000000000000000000000000D5
:100B2000000000000000000000003FFE003FFF004A
:100B30003003803001C03000C03000C03000C03011
:100B400001C03003803FFF003FFC00303800301808
:100B500000300C00300E0030070030030030018000
:100B60003001C03000C000000000000000000000A4
:100B70000000000000000000000000000000000075
:100B80000000000000000000000003F8000FFE005D
:100B90001C0F003803003001803001803800001C39
:100BA00000001FE0000FFC0000FF00000F0000032A
:100BB000806001806001807001803803001C0700A4
:100BC0000FFE0003F800000000000000000000001D
:100BD0000000000000000000000000000000000015
:100BE000000000007FFE7FFE018001800180018007
:100BF00001800180018001800180018001800180ED
:100C000001800180018001800180018000000000DE
:100C100000000000000000000000000000000000D4
:100C20000000000000000000000030018030018062
:100C3000300180300180300180300180300180300F
:100C4000018030018030018030018030018030012E
:100C5000803001803001803803801803001E0F00AF
:100C60000FFE0003F800000000000000000000007C
:100C70000000000000000000000000000000000074
:100C800000000000000000000000C00180E00380C0
:100C90006003006003007007003006003006001893
:100CA0000C00180C001C1C000C18000C18000E384E
:100CB0000006300006700003600003600003E000DF
:100CC00001C00001C00000000000000000000000A2
:100CD0000000000000000000000000000000000014
:100CE0000000000000000000000000000000000004
:100CF000C00E0060C00E0060601B00C0601B00C022
:100D0000601B00C0603180C0303181803031818013
:100D10003060C1803860C3801860C30018E0630091
:100D200018C063001CC066000DC076000D80360040
:100D30000D80360007803C0007001C0007001C00E7
:100D400000000000000000000000000000000000A3
:100D50000000000000000000000000000000000093
:100D600000000000000000000000700700380E00C6
:100D7000180C001C1C000E380007700007700003E0
:100D8000600001C00001C00001C0000360000770E6
:100D9000000E38000E38001C1C00380E003806000B
:100DA000700700E003800000000000000000000069
:100DB0000000000000000000000000000000000033
:100DC0000000000000000000000060038030070009
:100DD000180600180E000C0C000E1C00073800034B
:100DE000300003300001E00001E00000C00000C05E
:100DF0000000C00000C00000C00000C00000C00033
:100E000000C00000C0000000000000000000000062
:100E100000000000000000000000000000000000D2
:100E2000000000000000000000007FFF007FFF00C6
:100E3000000600000C0000180000380000700000E0
:100E4000600000C00001C000038000030000060035
:100E5000000C00001C0000380000300000600000A2
:100E6000FFFF00FFFF000000000000000000000086
:100E700000000000000000000000000000003E3EF6
:100E80003030303030303030303030303030303062
:100E900030303030303E3E00000000000000C0C066
:100EA000606060303030381818180C0C0C060606DC
:100EB00007030000000000000000000000007C7C30
:100EC0000C0C0C0C0C0C0C0C0C0C0C0C0C0C0C0C62
:100ED0000C0C0C0C0C7C7C000000000000000000DE
:100EE0000000000006000F000F0019801980198013
:100EF00030C030C030C06060000000000000000062
:100F000000000000000000000000000000000000E1
:100F100000000000000000000000000000000000D1
:100F200000000000000000000000000000000000C1
:100F300000000000000000000000000000000000B1
:100F400000000000000000000000000000000000A1
:100F50000000FFFEFFFE0000000000000000000097
:100F6000000000007000380018000C0000000000B5
:100F70000000000000000000000000000000000071
:100F80000000000000000000000000000000000061
:100F90000000000000000000000000000000000051
:100FA00000000000000000000000000000000FE052
:100FB0003FF030386018001800F80FF83F983018EC
:100FC00060186018603870F83FD81F8C000000006F
:100FD0000000000000000000000000000000000011
:100FE000000000003000300030003000300033C01E
:100FF00037F03C383818300C300C300C300C300CDA
:10100000300C301C38183C383FF033C00000000072
:1010100000000000000000000000000000000000D0
:10102000000000000000000000000000000007C0F9
:101030001FE03870303860186000600060006000A9
:1010400060186018303038701FE007C000000000E2
:101050000000000000000000000000000000000090
:101060000000000000180018001800180018079869
:101070001FD8387830386018601860186018601809
:1010800060187018303838781FF807980000000092
:101090000000000000000000000000000000000050
:1010A000000000000000000000000000000007C079
:1010B0001FF038383018600C600C7FFC7FFC60003B
:1010C00060007000300C3C381FF007E000000000AA
:1010D00000000000000000000000000000001E3EB4
:1010E000303030FEFE303030303030303030303064
:1010F0003030000000000000000000000000000090
:101100000000000000000000000000000000079840
:101110001FD8387830386018601860186018601868
:1011200060186018303838781FD807986018603811
:1011300070703FE00FC000000000000000000000E1
:10114000000000003000300030003000300033E09C
:101150003FF03C3838183018301830183018301834
:1011600030183018301830183018301800000000CF
:10117000000000000000000000000000000030300F
:1011800000000030303030303030303030303030EF
:10119000303000000000000000000000000030308F
:1011A00000000030303030303030303030303030CF
:1011B0003030303030E0E00000000000000000007F
:1011C0000000000030003000300030003000301CE3
:1011D0003038307030E031C037803F803F8039C0D8
:1011E00030E030E0307030303038301C000000002B
:1011F000000000000000000000000000000030308F
:1012000030303030303030303030303030303030DE
:10121000303000000000000000000000000000006E
:1012200000000000000000000000000000000000BE
:1012300000000000000000000033C3C037EFE03CB6
:101240007C70383830303030303030303030303002
:10125000303030303030303030303030303030308E
:10126000303030303030000000000000000000005E
:10127000000000000000000000000000000000006E
:10128000000000000000000000000000000033E04B
:101290003FF03C38381830183018301830183018F3
:1012A000301830183018301830183018000000008E
:1012B000000000000000000000000000000000002E
:1012C000000000000000000000000000000007C057
:1012D0001FF038383018701C600C600C600C600C0B
:1012E000600C701C301838381FF007C00000000078
:1012F00000000000000000000000000000000000EE
:10130000000000000000000000000000000033C0EA
:1013100037F03C383818300C300C300C300C300CB6
:10132000300C300C38183C3837F033C03000300007
:10133000300030003000000000000000000000001D
:1013400000000000000000000000000000000798FE
:101350001FD8387830386018601860186018601826
:1013600060187018303838781FD80798001800189F
:101370000018001800180000000000000000000025
:1013800000000000000000000000000000003780A6
:101390003F8038003800300030003000300030002E
:1013A000300030003000300030003000000000001D
:1013B000000000000000000000000000000000002D
:1013C00000000000000000000000000000000F808E
:1013D0003FE070706030600078003F801FF003F0E5
:1013E00000386018701838301FF00FC0000000007F
:1013F00000000000000000000000000000001030AD
:10140000303030FEFE303030303030303030303040
:101410003E1E000000000000000000000000000070
:101420000000000000000000000000000000301874
:10143000301830183018301830183018301830186C
:1014400030183018303838781FD80F980000000056
:10145000000000000000000000000000000000008C
:101460000000000000000000000000000000C018A4
:10147000C0186030603070703060386018C018C0BC
:101480001D800D800D800700070002000000000095
:10149000000000000000000000000000000000004C
:1014A000000000000000000000000000000000003C
:1014B000000000000000000000C04060C0E060C00C
:1014C000E06060A0C061B0C061B1C031B1803111D5
:1014D00080331B801B1B001B1B000A0A000E0E0022
:1014E0000E0E0004040000000000000000000000D8
:1014F00000000000000000000000000000000000EC
:101500000000000000000000000000000000E030CB
:10151000606030E038C019800F800F0006000F00B7
:101520000F00198039C030C06060E070000000001A
:1015300000000000000000000000000000000000AB
:101540000000000000000000000000000000601823
:101550006018303030303830186018600C600CC0C3
:101560000CC006C00780078003800300030006004C
:1015700006003C00380000000000000000000000F1
:1015800000000000000000000000000000007FF0EC
:101590007FF0007000E001C00380070007000E002C
:1015A0001C0038007000E000FFF0FFF000000000B9
:1015B000000000000000000000000000000000002B
:1015C00000000000038007800E000C000C000C00DF
:1015D0000C000C000C000C000C00180070007000D7
:1015E00018000C000C000C000C000C000C000C008F
:1015F0000C00078003800000000000000000303075
:1016000030303030303030303030303030303030DA
:10161000303030303030300000000000000000007A
:1016200000000000E000F00018001800180018008A
:10163000180018001800180018000C000700070018
:101640000C001800180018001800180018001800E6
:101650001800F000E00000000000000000000000A2
:10166000000000000000000000000000000000007A
:10167000000000001E007FC661FE407800000000F0
:10168000000000000000000000000000000000005A
:1016900000000000000000000808010078FD0108BB
:1016A0000808010098FD01080A0A0200B8FD0108B7
:1016B0000F0F0200F8FD01080F0F020038FE0108AD
:1016C0001818030078FE010812120300D8FE010862
:1016D0000505010038FF01080909020058FF01084B
:1016E0000909020098FF01080B0B0200D8FF01084E
:1016F0001010020018000208080801005800020833
:10170000090902007800020808080100B800020870
:1017100008080100D80002080F0F0200F8000208B4
:101720000F0F0200380102080F0F020078010208B3
:101730000F0F0200B80102080F0F0200F8010208A3
:101740000F0F0200380202080F0F02007802020891
:101750000F0F0200B80202080F0F0200F802020881
:101760000F0F02003803020808080100780302087E
:10177000080801009803020810100200B8030208CC
:1017800010100200F80302081010020038040208CA
:101790000F0F0200780402081B1B0400B8040208A3
:1017A00012120300380502081212030098050208FD
:1017B00014140300F8050208141403005806020864
:1017C00012120300B80602081111030018070208DC
:1017D000151503007807020813130300D807020841
:1017E00008080100380802080D0D02005808020818
:1017F00012120300980802080F0F0200F8080208EE
:101800001717030038090208131303009809020888
:1018100015150300F809020811110300580A0208FF
:1018200015150300B80A020814140300180B020867
:1018300012120300780B020810100200D80B0208E5
:1018400013130300180C020811110300780C02088E
:101850001C1C0400D80C020811110300580D0208CA
:1018600012120300B80D020811110300180E02082D
:1018700008080100780E020808080100980E020806
:1018800008080100B80E02080C0C0200D80E02086D
:101890000F0F0200180F020809090200580F020872
:1018A0000F0F0200980F02080F0F0200D80F020856
:1018B0000E0E0200181002080F0F02005810020846
:1018C0000F0F02009810020807070100D810020845
:1018D0000F0F0200F81002080F0F02003811020863
:1018E0000606010078110208060601009811020898
:1018F0000E0E0200B811020806060100F8110208D7
:1019000016160300181202080F0F020078120208C0
:101910000F0F0200B81202080F0F0200F81202089F
:101920000F0F020038130208090902007813020899
:101930000E0E0200B813020808080100F81302088E
:101940000F0F0200181402080D0D020058140208AF
:1019500013130300981402080C0C0200F814020878
:101960000E0E0200381502080D0D0200781502084F
:1019700009090200B815020806060100F815020858
:101980000909020018160208101002005816020871
:101990000000000001000000C101010853370108E8
:1019A000DD3201080000000000000000000000001F
:1019B00015020108035B00082F3301080000000036
:1019C000B10101084537010835420008C14100084E
:1019D0006142000800000000AD300108C542000867
:1019E00000000000010000000200000003000000F1
:1019F00004000000050000000600000007000000D1
:101A000008000000090000000A0000000B000000B0
:101A10000C0000000D0000000E0000000F00000090
:101A200004000000791E01083B250108E526010895
:101A3000BD2C01085B340108054501085552010819
:101A40000143010809320108A53201087531010876
:101A5000DB340108303132333435363738394142DE
:101A60004344454640305800303132333435363700
:101A700038396162636465664030780000000000B8
:101A80004C5555555555A53F7751C1166CC156BF9C
:101A90009015CB19A001FA3EAD529C804F7E92BEAC
:101AA000C4B1B4BD9EEE213ED43888BEE9FAA8BDCB
:101AB00000004054FB21F93F3163621A61B4D03D0C
:101AC0000000601A61B4D03D7370032E8A19A33BE5
:101AD0000000002E8A19A33BC14920259A837B3937
:101AE00000000000000000006E83F9A22915444E9A
:101AF000D15727FCC0DD34F5999562DB4190433C1A
:101B0000AB6351FE61C5BBDE3A6E24B7E0D24D42F5
:101B1000EA2E49061C92D1091CEB1DFE3EA729B1F5
:101B2000F53582E88444BB2E26709CE9417E5FB483
:101B300039D69139F43953838B5F849C3B28F9BDA6
:101B4000FF97F81F0F9805DE8B112FEF1F6D0A5AB4
:101B5000CF7E366DB709CB27663F464F2DEA5F9E95
:101B6000C7BA27757BF1E5EBF739073DEA92528A50
:101B7000B15FFB6B085D8D1FA6F810111111813F3D
:101B8000D561C119A0012ABF7DFEB157E31DC73E33
:101B9000EB9C2B8AE6E55ABE7CD5CF5A3AD9E53D77
:101BA000506C65617365207573652074686520737A
:101BB00074796C757320636C69636B20746865203D
:101BC00063726F7373206F6E207468652073637225
:101BD00065656E2E5468652063726F737320776934
:101BE0006C6C20616C77617973206D6F7665207500
:101BF0006E74696C207468652073637265656E200D
:101C000061646A7573746D656E7420697320636FA7
:101C10006D706C657465642E000000004D503100DD
:101C2000334732004D5032004D5033004D50340098
:101C30004D344100574D4100464C414300000000E7
:101C4000414343004C524300430000004D494400CF
:101C5000474946004A504547000000004F474700AB
:101C60004A5047004800000042494E0033475000A8
:101C7000424D50004E4553005458540057415600B1
:101C8000A01C0208000000202C040000C401000871
:101C9000841D02082C040020448301002002000857
:101CA0002143FFFF1329DF1408A9E2140805D50218
:101CB0002C0863D0907CA01B023872013B14EF0EFD
:101CC0002C02030404E506070809100BBD70010887
:101CD000B1710108C83C322032681610C85C01207E
:101CE0001A280C12F0421025FEFF07601A080401A2
:101CF0005A8B681CBC01280A3144340A3174341AE6
:101D000078341A48040A29643C1A1C2C1A24041A30
:101D100028041A2C041A30041A6C041A20041A5CC1
:101D2000041A40041A34041A7C041A4C041A3804A5
:101D30001A70041A60041A54040A3150A8011102DE
:101D4000165013975A000A8808CCDD0108347A012E
:101D5000205AFF010120134D4E1B08B30401283DFA
:101D60006CFC0108570276012809FD390108EC7A5C
:101D700001200401104BEF43C8E9F52DC07B012081
:041D80000401140046
:040000050800018965
:00000001FF
