:020000040800F2
:100000003083012089020008297200084157000846
:1000100025720008150B00087BEF000800000000A7
:1000200000000000000000000000000011A4000813
:100030009D130008000000001903000829A500080E
:10004000A3020008A3020008A3020008A3020008FC
:10005000A3020008A3020008A3020008A3020008EC
:10006000A3020008A3020008A3020008A3020008DC
:10007000A3020008A3020008A3020008A3020008CC
:10008000A3020008A3020008A3020008A3020008BC
:10009000A3020008A3020008A3020008A3020008AC
:1000A000A3020008A3020008A3020008A30200089C
:1000B000A302000875DC00088DDC0008A30200081C
:1000C000A3020008A3020008A3020008A30200087C
:1000D000A302000845ED0008A3020008A3020008DF
:1000E000A3020008A3020008A3020008A30200085C
:1000F000A3020008A3020008A3020008A30200084C
:10010000A3020008B58A0008A3020008A3020008A1
:10011000A3020008A3020008A3020008A30200082B
:10012000A3020008A3020008A3020008A30200081B
:10013000A3020008A3020008A3020008A30200080B
:10014000A3020008A3020008A3020008A3020008FB
:10015000A3020008A3020008A3020008A3020008EB
:10016000A3020008A3020008A3020008A3020008DB
:10017000A3020008A3020008A3020008A3020008CB
:10018000A3020008A302000800F002F800F061F8E2
:100190000AA090E8000C82448344AAF10107DA45E2
:1001A00001D100F056F8AFF2090EBAE80F0013F0D3
:1001B000010F18BFFB1A43F00103184708C30100E1
:1001C00028C301000A444FF0000C10F8013B13F063
:1001D000070408BF10F8014B1D1108BF10F8015BA0
:1001E000641E05D010F8016B641E01F8016BF9D193
:1001F00013F0080F1EBF10F8014BAD1C0C1B09D1EA
:100200006D1E58BF01F801CBFAD505E014F8016B5B
:1002100001F8016B6D1EF9D59142D6D370470000ED
:100220000023002400250026103A28BF78C1FBD8FF
:10023000520728BF30C148BF0B607047782900F0D3
:10024000E980002070471FB517F093FE1FBD10B561
:1002500010BD00F041FB1146FFF7F5FF16F070FFEF
:1002600000F05FFB03B4FFF7F2FF03BC16F02AFBBC
:1002700040BA7047C0BA704730BF72B6704762B6B6
:10028000704780F30888704709488047094800474D
:10029000FEE7FEE7FEE7FEE7FEE7FEE7FEE7FEE736
:1002A000FEE7FEE704480549054A064B7047000093
:1002B00039A5000889010008307D01203083012024
:1002C000307F0120307F0120EFF3108072B670473D
:1002D00080F310887047264C4FF6FF7525604FF06D
:1002E000000484F30988234C4FF001052570224C4B
:1002F0004FF08055256062B6FEE730B41E4C4FF0DB
:100300008055256030BC704730B41B4C4FF0805591
:10031000256030BC704700BF72B6EFF3098050B162
:100320001EF0100F08BF20ED108A203880E8F00F73
:1003300012490968086000B5114880475DF804EB70
:10034000104811490A7802700C4810490A68026086
:10035000106890E8F00F20301EF0100F08BFB0ECCE
:10036000108A80F309884EF0040E62B6704700BF11
:1003700022ED00E0E600002004ED00E0EC000020AB
:10038000BD7C0008DB000020DC000020F400002021
:10039000704700000FB4044910B503AA029800F09A
:1003A00005FA10BC5DF814FB740000202DE9F04143
:1003B0000E460446002020622046E168884730B39C
:1003C000252805D0D4E901219047206A401CF2E796
:1003D000E168204600278847050018D0A5F14100B4
:1003E000192802D820354FF40067324629462046A6
:1003F0002760FFF723FF40B1012804D0F61D26F047
:1004000007060836D8E7361DD6E72846DAE7206A19
:10041000BDE8F08170B504460D4621461068AFF383
:1004200000802188090502D50F4A7A4402E00E4A6D
:100430007A440E32002104F1240305E000F00F0697
:100440000009965D5E54491C0028F7D120780023EE
:10045000000704D5702D02D009B1022311322046C5
:10046000BDE8704000F049B98EBF010040EA0103C9
:1004700010B59B070FD1042A0DD310C808C9121F4D
:100480009C42F8D020BA19BA884201D9012010BD87
:100490004FF0FF3010BD1AB1D30703D0521C07E054
:1004A000002010BD10F8013B11F8014B1B1B07D1B8
:1004B00010F8013B11F8014B1B1B01D1921EF1D129
:1004C000184610BD40EA0103024630B59B0710D123
:1004D0004FF0013400E008C208C91D1B9D4315EA16
:1004E000C41FF8D013F0FF0102F8011B0DD01B0A46
:1004F000F8E711F8013B002B02F8013B05D011F899
:10050000013B002B02F8013BF3D130BD032A40F23E
:10051000308010F0030C00F0158011F8013BBCF1A5
:10052000020F624498BF11F801CB00F8013B38BFBD
:1005300011F8013BA2F1040298BF00F801CB38BFCB
:1005400000F8013B11F0030300F06780083AC0F0A7
:10055000088051F8043B083A51F804CBA0E8081091
:10056000F5E7121D5CBF51F8043B40F8043BAFF3C4
:100570000080D20724BF11F8013B11F801CB48BF1E
:1005800011F8012B24BF00F8013B00F801CB48BF54
:1005900000F8012B7047431A28BF9A427FF6B6AF86
:1005A000032A1044114440F2268010F0030F1EBFAE
:1005B00011F8013D521E00F8013D10F0030F7FF4C9
:1005C000F6AF11F0030300F01681083AC0F00B807B
:1005D00051F8043D083A51F804CD40F8043D40F884
:1005E00004CDFFF7F3BF121D5CBF51F8043D40F886
:1005F000043DAFF30080D20724BF11F8013D11F88C
:1006000001CD48BF11F8012C24BF00F8013D00F8CE
:1006100001CD48BF00F8012C704710B5203AC0F05A
:100620000B80B1E81850203AA0E81850B1E81850F3
:10063000A0E81850BFF4F5AF5FEA027C24BFB1E830
:100640001850A0E8185044BF18C918C0BDE81040A1
:100650005FEA827C24BF51F8043B40F8043B08BFAA
:100660007047D20728BF31F8023B48BF11F8012B71
:1006700028BF20F8023B48BF00F8012B704702F06A
:10068000FF0343EA032242EA024200F0E0B84FF0DF
:10069000000200B5134694469646203922BFA0E8D2
:1006A0000C50A0E80C50B1F12001BFF4F7AF0907DE
:1006B00028BFA0E80C5048BF0CC05DF804EB8900CF
:1006C00028BF40F8042B08BF704748BF20F8022B12
:1006D00011F0804F18BF00F8012B7047704770472A
:1006E0007047704710B500F0D3F8006810BD10B522
:1006F000044600F0CDF8046010BD2DE9F0470D462A
:1007000099469246044600F124080168880604D5FB
:10071000E06921F01001216000E00120A84201DD24
:10072000471B00E00027A1697A1902EB0900081AAB
:10073000A0612078C00602D42046AFF300800026D6
:1007400008E0D4E901211AF806009047206A401C0D
:10075000761C20624E45F4DB2078C0060AD5204680
:10076000AFF3008006E0D4E9012130209047206AF1
:10077000401C2062381EA7F10107F4DC07E0D4E931
:10078000012118F805009047206A401C2062281EAD
:10079000A5F10105F3DC2046AFF3008020780006C8
:1007A00002D50220BDE8F0870120FBE7074B70B5BA
:1007B0000D467B4400F075F80446284600F084F8A6
:1007C00010B14FF0FF3070BD204670BDFB680100D6
:1007D000431A28BF9A427FF620AF104410F0030F4F
:1007E00011441EBF11F8013D521E00F8013D10F0EA
:1007F000030F7FF4F6AF103AC0F00A8010B531E96C
:100800001850103A20E91850BFF4F9AFBDE8104075
:10081000530724BF31E9081020E9081044BF51F8FC
:10082000043D40F8043D12F0030F08BF7047D207A3
:1008300028BF31F8023D48BF11F8012C28BF20F82D
:10084000023D48BF00F8012C70474FF00002042918
:10085000C0F0128010F0030C3FF41BAFCCF1040C7D
:10086000BCF1020F18BF00F8012BA8BF20F8022B23
:10087000A1EB0C01FFF70DBF5FEAC17C24BF00F8BC
:10088000012B00F8012B48BF00F8012B7047000036
:1008900000487047CC7C012001694A1C026108783D
:1008A000704700B58FB0CDE90131002105910549B0
:1008B0007944CDE9031011466846FFF777FD0FB084
:1008C00000BD0000E5FFFFFF007B00F080007047E7
:1008D00000487047CC7C01207546FFF7F9FFAE4613
:1008E00005006946534620F00700854618B020B53C
:1008F000FFF7D8FCBDE820404FF000064FF000079E
:100900004FF000084FF0000B21F00701AC46ACE8B7
:10091000C009ACE8C009ACE8C009ACE8C0098D4624
:10092000704710B50446AFF300802046BDE8104084
:10093000FFF798BC38B545680446014628460EF0D6
:10094000BCFC00282AD02068304A0F2819D006DCC9
:100950000B2824D00C2810D00E2851D12FE01128BC
:1009600002D028284CD145E09268002A16D02146B2
:10097000284601B0BDE8304010472146284652685D
:10098000F7E7284601F0D8FE0090406E04686846FC
:1009900001F010FF002C01D02846A04738BD2846A2
:1009A00001F0CAFE0090683001F020FE009803219B
:1009B0006C3001F029FE684601F0FCFE20E0E168A1
:1009C000486809680D2902D0202913D105E00028C4
:1009D00010DD284613F053FE06E0002804DD28460B
:1009E000BDE8384013F04BBE2846BDE83840022130
:1009F00013F05BBEE06818B90021284600F054F8F7
:100A00002046BDE838400EF0C3BE000010030020B1
:100A1000F0B585B00DF1280CBCE8F0004FF0000CEB
:100A20008DE8F01000F002F805B0F0BD2DE9F04FB0
:100A300085B01F46DDE911B4DDE90E5690468946C2
:100A4000824602F037FD4C341548CDE90204CDE969
:100A500000563B464246494650460EF0DFFD040034
:100A600018D001F069FE1022594604900EF076FD70
:100A7000049830220B493430FFF7CFFD094D04991B
:100A80000C3D2868486604A801F094FE2868416877
:100A90002046884703F020FF05B02046BDE8F08FD0
:100AA000350900081C0300204FF48072002911460C
:100AB00001D00EF091BC0EF0DFBB2DE9FF410E46D8
:100AC00005004FF0010421D002F0F4FC284601F0AB
:100AD00033FE0190876E01A8009701F06BFE31464E
:100AE000684604F087FD78B100980024B84208D029
:100AF000284601F021FE01900099816601A801F0CD
:100B000059FE28460FF09EFA03F0E6FE04B0204698
:100B1000BDE8F08100BFFEE731B52DED068B82B058
:100B20000024002574480078401C7349087008466A
:100B300000780A2190FBF1F201FB120018B16E4817
:100B400000780A287EDA012208A9002007F094FD27
:100B50009DF8200000F01F00002873D09DF82000B1
:100B600000F01F0040F0C000644981F8200000241C
:100B700086E0624890F820000121A140084000284A
:100B80007CD05F4931F81400042201A907F074FDFC
:100B90005A4890F8340000F00100D0B39DF80710D7
:100BA0009DF8062001EB022016F015FE41EC190B12
:100BB0009FED540B53EC102B16F074FE41EC180B08
:100BC00016F0DCFD81B24D48163020F814109DF867
:100BD00005109DF8042001EB022016F0FCFD41EC0D
:100BE0001A0B9FED4A0B53EC102B16F05BFE41ECF9
:100BF000190B9FED480B53EC102B16F087FF41ECBF
:100C0000180B16F0BBFD81B23C480C3020F81410D4
:100C100034E0FFE79DF807109DF8062001EB022065
:100C200016F0D9FD41EC190B9FED360B53EC102B50
:100C300016F038FE41EC180B16F0A0FD81B22F48DB
:100C40000C3000E02BE020F814109DF805109DF802
:100C5000042001EB022016F0BEFD41EC190B9FEDC4
:100C60002B0B53EC102B16F01DFE41EC180B16F05D
:100C700085FD81B22148163020F81410601CC4B2E2
:100C8000052CFFF676AF01251C48808920B91B484A
:100C9000C08A08B9002008900020174908709DF804
:100CA000200000F01F00D0B9144890F8200000F098
:100CB000800040B1114890F8200020F080000F49DA
:100CC00081F820000BE04FF6FF700C498881C88244
:100CD000084690F8200000F0E00081F82000064867
:100CE0000078F02802DD0A2003490870284602B087
:100CF000BDEC068B38BD0000040000200800002079
:100D00003C9701087B14AE47E17AD43FD881734603
:100D100094F6D23F000000000000894010B5052085
:100D200015F09EFE10BD000010B500200F490860B0
:100D30000F48006820F440000D490860084600682C
:100D400040F480000860FFF7E9FF00200949C1F87E
:100D5000AC02FFF7E3FF012004490860FFF7DEFF64
:100D600000200549C1F8800210BD00008082404289
:100D70000014024000804242008040421CB5012124
:100D8000222007F0E7FC012000908DF804000320EA
:100D90008DF8050000208DF8060001208DF8070071
:100DA0006946084801F0B8F94FF4006000906946C0
:100DB000054801F0B1F90120044908600449C1F86F
:100DC000AC021CBD0004024000140240808240427C
:100DD0000080424210B500200F4908600F480068AB
:100DE00020F440000D4908600846006840F4800087
:100DF0000860FFF793FF01200949C1F8AC02FFF733
:100E00008DFF012004490860FFF788FF0020054995
:100E1000C1F8800210BD00008082404200140240F0
:100E2000008042420080404270B5054600241448CC
:100E3000006820F440001249086008460068086015
:100E4000002612E000200F4908601E2015F008FE61
:100E500001200D49C1F880026006040E0B480068AD
:100E600008B1601CC4B2701CC6B2082EEADB15B90A
:100E7000FFF7B0FF01E0FFF757FF204670BD00000D
:100E80000014024080824042008040422C82424254
:100E900070B504461348006820F44000114908600A
:100EA0000846006840F48000086000200E49086091
:100EB000FFF734FF002511E0E0090C4908606006E7
:100EC000040E01200A49C1F88002FFF727FF002025
:100ED00005490860FFF722FF681CC5B2082DEBDB4F
:100EE00070BD00000014024080824042AC82424249
:100EF0000080404210B50F48006820F440000D49C2
:100F000008600846006840F48000086001200A4933
:100F100008600A49C1F88002142015F0A1FD0020E4
:100F200005490860FFF7FAFE00200449C1F8800275
:100F300010BD000000140240AC82424200804042DA
:100F400010B50D48006820F440000B4908600846C1
:100F5000006840F4800008600120084908601420FF
:100F600015F07EFD00200649C1F8AC02FFF7D6FE61
:100F700001200449086010BD0014024080824042F4
:100F800000804242AC82424210B500241148006801
:100F900020F440000F4908600846006808600120FE
:100FA0000D4908600D49C1F880020AE0601CC4B216
:100FB000FA2C03DDFFF7C4FF012010BD012015F05E
:100FC0004FFD0548803800680028EFD104490860CB
:100FD00000BFF2E700140240AC824242008040426F
:100FE0008082404270B500254FF4803400E0641EDA
:100FF00024B1802007F03EFD0028F8D014B9032565
:10100000284670BD40F2FF5007F0E6FC2846F8E79E
:10101000014600BF0848006800F045000028F9D0EC
:1010200040F2FF50044A121D106003482038006847
:1010300008221040C0B27047342C014070B5002522
:101040001048046801E00F48046804F045000028D7
:10105000F9D004F0040028B10325042007F0BCFCFB
:10106000284670BD04F0010028B10125012007F0D9
:10107000B3FC2846F5E740F2FF5007F0ADFC2846E8
:10108000EFE70000342C014070B500250B480468E0
:1010900001E00A48046804F045000028F9D004F093
:1010A000040028B10325042007F096FC284670BDF3
:1010B00040F2FF5007F090FC2846F8E7342C01403E
:1010C0002DE9F04106460F464FF00008224805681A
:1010D00001E02148056805F045000028F9D005F039
:1010E000040038B14FF00308042007F075FC4046B7
:1010F000BDE8F08105F0010030B14FF0010801209A
:1011000007F06AFC4046F3E707F0AEFCB04203D0BC
:101110004FF010084046EBE740F2FF5007F05CFC50
:10112000002007F0BBFC044604F4604018B9200C12
:1011300038804046DCE704F4005008B11320D7E7BC
:1011400004F4804008B11020D2E704F4004008B154
:101150000F20CDE74046CBE7342C014070B5002688
:101160004FF480350F48046802E06D1E0D48046896
:1011700004F0450008B9002DF7D115B104F00400C2
:1011800028B10326042007F027FC304670BD04F088
:10119000400028B10026402007F01EFC3046F5E74D
:1011A0003046F3E7342C014021B1026842F00102DD
:1011B000026003E0026822F0010202607047000052
:1011C000016821F00101016000210160416081603E
:1011D000C1600161212141614A49884204D13D2118
:1011E000484A103A91608CE046491831884205D14E
:1011F0004FF47461434A103A916082E041493031C2
:10120000884205D14FF474113E4A103A916078E05B
:101210003C494831884205D14FF07461394A103A4F
:1012200091606EE037496031884204D13649354AD1
:10123000103AD16065E033497831884204D13349AE
:10124000304A103AD1605CE02E499031884204D196
:101250002F492C4A103AD16053E02A49A8318842DC
:1012600005D14FF03D51274A103AD16049E0294954
:10127000884204D13D21274A083A116041E02549BE
:101280001831884205D14FF47461224A083A11603E
:1012900037E020493031884205D14FF474111D4A9E
:1012A000083A11602DE01B494831884205D14FF0C2
:1012B0007461184A083A116023E016496031884287
:1012C00004D11149134A121F11601AE011497831F3
:1012D000884204D10D490F4A121F116011E00D49D7
:1012E0009031884204D10A490A4A121F116008E06D
:1012F0000849A831884204D14FF03D51054A121FD8
:1013000011607047106002403D000020400F002037
:1013100000003D201064024021B1026842F020022A
:10132000026003E0026822F020020260704701467A
:1013300000200A6802F001020AB1012000E000204A
:101340007047000010B500220268134B1A40CC68A9
:101350000B6823434C6923438C692343CC692343A3
:101360000C6A23434C6A23438C6A23434C6B23430C
:101370008C6B23431A430260426922F00702D1E9D1
:101380000B3423431A4342610B6943604B6883600B
:101390008B68C36010BD00003F801CF070470000E8
:1013A0002DE9FC5F15460746DFF89C802844019034
:1013B000D8F800001C460E46C06E01EB04094946F1
:1013C000426801989047781B0090D8F80000494681
:1013D000C06E426800989047D8F8000006EB050BF5
:1013E00007EB0409C06E5946426848469047D8F852
:1013F0000000A6EB050A5146C06E42684846904779
:10140000002C1ED0D8F80000361B4546C06E314671
:1014100042680198904728683146C06E426800983B
:10142000904728683C1B5946C06E4268204690474A
:1014300028685146C06E426802B02046BDE8F05FA1
:101440001047BDE8FC9F0000AC0200202DE9F043EE
:1014500006460F469046002445460320A0EB480967
:101460003CE07A1B91B2321990B204F007FD3A1BAE
:1014700091B2721990B204F001FD3A1991B2721949
:1014800090B204F0FBFC7A1991B2321990B204F0D8
:10149000F5FC7A1991B2321B90B204F0EFFC3A19C4
:1014A00091B2721B90B204F0E9FC7A1B91B2321B2C
:1014B00090B204F0E3FC3A1B91B2721B90B204F0BC
:1014C000DDFC641CB9F1000F03DAA000801D81442B
:1014D00004E0601B80000A3081446D1EAC42C0DD18
:1014E000BDE8F0832DE9F047456804468EB000263C
:1014F000284601F021F900905C30B0F820A0D0F827
:101500000C90D0F82480C76A006800B1066868466D
:1015100001F050F905E079682046884700283DD160
:101520003F68002FF7D12068142844D009DCA0F1CF
:101530000B00072839D2DFE800F0BE3989B434B493
:10154000110020287ED004DC17283ED01E282CD184
:101550004BE026283CD02A2827D110E02846E66810
:1015600001F0EAF80190717A39B9317A012904D190
:1015700030F87C1F41F48071018001A88FE028467B
:1015800001F0DAF80090E16811B1C0F8841002E0CF
:10159000D0F88400E060684601F00CF90EB0BDE8B8
:1015A000F087002E7DD02846B0477AE021462846B5
:1015B00013F048F9F2E705A9284600F000FAE068C0
:1015C0000699016007994160E8E7C4F80C90E5E7E7
:1015D000E0680228E2D10C95E0680D9027200A907F
:1015E0000AA9A0680FF0A0FCD8E7E068012804D0A1
:1015F0000021284600F07BF9D0E740460EF063FD5D
:1016000058B140460EF032FF40460EF061FC88B102
:10161000012140460DF0E0FE0CE048460EF07AFF56
:101620008046284601F088F80090C0F8808068461F
:1016300001F0C0F80121284600F059F9B8F1000F77
:10164000ACD100E00EE00020E060A7E75FEA0A709E
:1016500027D4E068C06820B3007A10B328460EF0A3
:1016600005FF1EE0E668E6B1294670680FF04DFA06
:1016700020B10121284613F087FC12E00021284602
:1016800013F082FC294630680FF02EFA48B1284644
:1016900001F052F803903168C0F8801003A801F0FF
:1016A00089F8214628460DF008FE00288CD02046F7
:1016B0000EF06EF872E7284601F03EF800907030A8
:1016C00000F094FF6846EAE72DE9F04387B00DF19A
:1016D00038088146B8E8F1104FF00008CDF81880BE
:1016E0008DE8F110484600F003F807B0BDE8F0833C
:1016F0002DE9F04F8BB09846DDE9155691468A46A4
:101700008346149F1A9C01F0D5FE6034314845F49D
:101710008055CDE90204CDE9007543464A4651465D
:1017200058460DF07BFF04004DD001F005F8302243
:10173000049017990DF012FF04982822264934309E
:10174000FEF76BFF049819995C30234F8160068483
:10175000002646620661083FC6627968016004A8F7
:1017600001F028F805A9204600F029F91B4841F2AC
:10177000827103960094CDE90110BDF91E00BDF9F8
:101780001A10BDF91C20431ABDF918005B1C121A6F
:10179000521C0DF043FF0646786841682046884792
:1017A000204600F0C9FF0490866604A801F002F804
:1017B00042F20400054202D120460EF089F820468C
:1017C000189900F0D9F803F087F80BB02046BDE86F
:1017D000F08F0000E5140008540300207D1B000872
:1017E00038B505004FF000040ED001F063FE284626
:1017F00000F0A2FF009090F87C00C0F3C01468468F
:1018000000F0D8FF03F068F8204638BD38B5050071
:101810004FF000040ED001F04DFE284600F08CFF82
:10182000009090F87C00C0F38014684600F0C2FF7E
:1018300003F052F8204638BD30B504468BB000683E
:1018400000F07AFF009090F87C10246A006FC1F3DA
:10185000C00508B100F070FF0690E06802902069B2
:101860000390A088401EADF81000E089ADF812008A
:101870002089401CADF81400608AADF81600BDF850
:101880000800401CADF80800BDF80A00401CADF887
:101890000A00BDF80C00401EADF80C000098406B2B
:1018A00002F0EEFB009808AA02A9B0F95A30069897
:1018B00003F09AF8009800EB8500806B04F0FEFFBF
:1018C000009800EB8500006C05F030F808AB02AA28
:1018D00004A906980DF0B0FD684600F06BFF06986D
:1018E00010B106A800F066FF0BB0002030BD70B547
:1018F0000D46040009D001F0DDFD2946204613F015
:1019000043FBBDE8704002F0E7BF70BD38B50C4640
:10191000054601F0CFFD55B1284600F00DFF0090BF
:101920000466684600F046FF28460EF08BFBBDE8D3
:10193000384002F0D1BF000038B50C46050015D084
:1019400001F0B8FD284600F0F7FE00902CB1084ADF
:101950000849883001F06FFD03E00649883001F046
:101960006FFD684600F026FF02F0B6FF38BD0000AC
:10197000B94201088C0300207CB50D4604001DD03F
:1019800001F098FD204600F0D7FE0090006F019016
:10199000684600F00FFF294601A803F02BFE58B15E
:1019A000204600F0C9FE009001990167684600F0EA
:1019B00001FF20460EF046FB02F08EFF7CBD2DE9B4
:1019C000F34F85B000270C46B846059800F0B4FEEA
:1019D0000090C06D0121856805982A68904782466D
:1019E0002A6803210598904704902A6802210598E7
:1019F000904703902A680021059890470646009872
:101A00000EF020FF834600980EF023FF81460098D9
:101A100090F83210890601D5B0F9588000F036F8F8
:101A200005460098C06E10B10EF074F80746258088
:101A30006780A4F804A0049AABEB020006EB08024E
:101A4000401E2A4420813A44E280039BA9EB030212
:101A5000521E6281A4F80CA020827019E681401EFB
:101A60006082684600F0A6FEB4F90C000190B4F95B
:101A70001000029002AA01A9059800F039F8019817
:101A8000A0810298208207B0BDE8F08F10B5014612
:101A9000002091F83220920607D5B1F954000028B1
:101AA00003D1486B01F0A0FC801C10BD70B58AB05A
:101AB0000C46054600F040FE0990C06D866809A8F6
:101AC00000F078FE009534B1012C06D0022C0BD02A
:101AD000032C04D10AE0182000E016200190716860
:101AE000684688470AB070BD1520F7E71720F5E76C
:101AF0002DE9FC4790468946044600F01DFE009003
:101B0000C16D056868468E6800F054FE3268002199
:101B100020469047064620460DF08AFF2F140446C3
:101B20002DB227E000F008FE0190B0F90010B0F9E6
:101B30000420B0F90230491B521BDB1BB34212D107
:101B400090F82800000607D5D8F8000088420ADB84
:101B5000491EC8F8001006E0D9F80000904202DCE7
:101B6000521CC9F8002001A800F024FE20460DF008
:101B70006CFF0446002CD5D1BDE8FC872DE9F0436D
:101B80000446406885B006460DF06CFF814600F0C3
:101B9000D3FD0090D0F88080876C456E684600F0D9
:101BA00009FE2068172859D008DC0E2837D00F28E6
:101BB0000BD0142852D015283AD14FE01E2818D047
:101BC0001F2827D0222833D146E06FF0704087428B
:101BD00004D0384604F072FE00F03AFF002D12D017
:101BE000D4E902122068CDE90106CDE9031201A86B
:101BF00022E0E068002806D05FEA080006D0B04581
:101C000004D00EF033FC05B0BDE8F08330460EF092
:101C100081FC16E0214648460DF04FFBF3E7E068F3
:101C20004168002904DD00680928EFD00A2805D0A2
:101C3000A5B12046C4F80490A847E4E730460EF06A
:101C400078FC0446484600F077FD0090C0F88040DC
:101C5000684600F0AFFDD6E7E760D4E720460DF018
:101C600097FDD0E751B18200A2F1C042126842F064
:101C700001038200A2F1C042136009E08200A2F1D8
:101C8000C0421268034B1A408300A3F1C0431A609C
:101C900070470000FEFF0F00D0E901121143C26837
:101CA0001143026911434269114382691143C269B8
:101CB0001143026A1143426A1143826A1143C26AA4
:101CC0001143026B114302689200A2F1C0421160FD
:101CD000816808290BD101688900A1F1C041096818
:101CE00041F0400201688900A1F1C0410A60416BE6
:101CF0000968426B526841EA0211426B926841EAFC
:101D00000221426B928941EA0241426B128A41EA06
:101D10000251426B127D41EA0261426B92691143AA
:101D20000268521C9200A2F1C0421160C16AB1F572
:101D3000804F1BD1816B0968826B526841EA0211A6
:101D4000826B926841EA0221826B128A41EA025157
:101D5000826B127D41EA0261826B926911430268D3
:101D60009200A2F1C042C2F8041107E06FF0704285
:101D700001688900A1F1C041C1F804217047000049
:101D80002DE9FC4107460D46002600240020009066
:101D9000019008205D49086010204860402088605C
:101DA0000020C8604FF480600861084606F0B4FE69
:101DB0001020FFF72DF9044614B12046BDE8FC8140
:101DC000534800880004514908603720486040208B
:101DD00088600020C8604FF480600861084606F003
:101DE0009BFE3720FFF714F904460CB12046E5E7C7
:101DF0004FF0FF3047490860082048603020886075
:101E00000220C8600020086101204861084606F0F1
:101E100005FE00203D49086033204860402088606E
:101E20000020C8604FF480600861084606F074FE28
:101E30003320FFF7EDF804460CB12046BEE70CE076
:101E40004FF4001006F016FE38B106F05FFE4DF8B4
:101E50002600761C012E00D906E02F48006840F2CB
:101E60002A6108400028EBD000BF082006F002FEDF
:101E700028B1082006F0B0FD042420469EE7022089
:101E800006F0F8FD28B1022006F0A6FD0224204647
:101E900094E7202006F0EEFD28B1202006F09CFDFE
:101EA000062420468AE74FF4007006F0E3FD30B1C7
:101EB0004FF4007006F090FD072420467EE740F2C4
:101EC000FF5006F089FD00980006009901F47F415B
:101ED00040EA0120009901F47F0140EA11200099B5
:101EE00040EA1160686001980006019901F47F41A1
:101EF00040EA0120019901F47F0140EA1120019993
:101F000040EA11602860204658E70000282A002097
:101F1000500000203C2A0020342C01402DE9F043E1
:101F20000446C56887B090468946002002F09CF8B8
:101F3000064625B1287910B146F0020001E026F0EE
:101F4000020002F091F82069012558B1D4E902128B
:101F50008DE8260003956388228804684146484638
:101F6000A0471EE0124F134B214638681B68427C85
:101F7000E068984730B9E088012801D0002001E0EE
:101F80003868806BA288E388A1680095CDE90410C9
:101F9000CDE902320195638822884146484603F024
:101FA000B1FD07B03046BDE8F04302F05DB8000077
:101FB000AC020020A40200202DE9F04781468846AB
:101FC00040F2C32050434FF47A7190FBF1F502FBCD
:101FD00002F002EBD27100EB61066D1C1746002384
:101FE00041464846FFF7DCF9012413E004FB04F006
:101FF00007FB0700B04206DD3B4622464146484605
:10200000FFF7CEF97F1E3B46224641464846FFF782
:10201000C7F9641CAC42E9DDBDE8F0872DE9F05F4B
:102020000646884640F2C32050434FF47A7190FB35
:10203000F1F702FB02F002EBD27100EB610B2549D4
:1020400014467F1C09683244301BC96E0B68414638
:10205000984701253AE000BF05FB05F004FB0401A9
:1020600059451CDDBC4219DD1A4B06EB050AA6EBEF
:1020700005091B68AAF1010208EB0401DB6E09F1F6
:1020800001001B689847134BAAF10102A8EB040159
:102090001B6809F10100DB6E1B689847641E0D4840
:1020A00006EB040AA6EB0409006808EB050152469A
:1020B000C06E0368484698470648A8EB050152469B
:1020C0000068C06E0368484698476D1CBD42C3DD7A
:1020D000BDE8F09FAC02002010B5002001F0A8FF81
:1020E0006FF07F4001F0AFFF012002F035F80020D3
:1020F00002F040F8002002F04DF8002001F0B4FF9B
:102100000448006801F0BCFFBDE81040002001F069
:10211000F5BF0000A8020020F0B50A460021002308
:10212000002400BF3DE0012505FA01F3156805EA2A
:1021300003049C4234D105684F000326BE40B543DA
:10214000056015794E00B540066835430560157980
:10215000012D02D01579022D16D185684F00032676
:10216000BE40B543856055794E00B540866835431D
:102170008560456801268E40B5434560456896797F
:102180008E40B6B235434560C5684F000326BE4059
:10219000B543C560D5794E00B540C6683543C560C6
:1021A000491C1029BFD3F0BDF0B5002300244D0712
:1021B000ED0E02FA05F3CE1000F1200555F8265079
:1021C0004E07F70E0F26BE40B543CF1000F1200694
:1021D00046F82750CE1000F1200555F8265045EA64
:1021E0000304CE1000F1200545F82640F0BD018320
:1021F000704700002DE9F04FDFF828B191B04FF0A3
:10220000FF35DBF80030B3F922100691DE69B3F92F
:102210002490F469A189814206D8E289824203D3DD
:10222000471AD4F8008012E0D4E9018100296FD068
:102230000A8882426CD84D88854269D3801A82B25E
:10224000486800EB8200B0F90070B0F90250781CC9
:102250005ED0307EA17C10FB01FA217CCDE9080123
:10226000B3F92A60304604F0F9FBC0B20E90DBF8F7
:10227000000007FB0A81A37C826B0127CDE90412D1
:10228000CDE90273C069DDE90832C17E807ECDE907
:1022900000014946069803F035FC681C18D046F04A
:1022A000020004F0DBFBDBF80000A37C05FB0A81E5
:1022B000826BCDE90273CDE90412C069DDE9083211
:1022C000C17E807ECDE900014946069803F01AFCE4
:1022D000DBF800005D46C069417E007E814214D972
:1022E000022E12D086F0040004F0B8FB2868C06902
:1022F000027EC37E12FB0391437E857E099A069877
:102300004B4402FB050203F083FE0E9804F0A6FB8B
:10231000DBF80000627C418C1144418411B0BDE8BF
:10232000F08F0000AC02002004480068C069C0695A
:1023300009B1027C0A60407C70470000AC020020BA
:10234000022008807047C06982898A4202D8C28907
:102350008A4210D2806880B102888A420DD84388B0
:102360008B420AD3406800EB8100A0EB8200B0F9F9
:102370000000002801DB01207047002070470000AA
:102380002DE9F0432F4C034687B020681946B0F979
:102390002A80C069C06900F084F800284ED04168E6
:1023A0000088181A01EBC0054046AE7804F056FBD1
:1023B000814620686A680123816BCDE90236CDE948
:1023C0000421C169CB7E8A7ECDE900230B7EB0F962
:1023D00024102A78B0F9220003F094FB2068C06929
:1023E000477E067EB7421DD9C07E47434643B8F1BB
:1023F000020F17D000F08BFF804600F051FF01F074
:1024000022FE21682A78CB69B1F92200DB7E12FB1B
:102410000302B1F92410CB19314403F0F9FD404611
:1024200001F011FE484604F019FB20686A78C36980
:10243000B0F922109B7E12FB0311418407B0BDE866
:10244000F0830000AC02002030B50F4C05460B466F
:1024500020682946C069C06900F023F8002811D01F
:102460004168008824682A1A0120E46900EBC20050
:10247000085CA47E10FB04F0002B03D011F832108E
:102480006143196030BD0000AC02002001200880CB
:10249000704700B5C06900F004F8002800D00120A2
:1024A00000BD06E002888A4202D842888A4202D2EF
:1024B00080680028F6D1704770B500240E4D16E0F4
:1024C00028690E4900EBC410001D78220968FEF748
:1024D000A4F82869002100EBC410016000F10C0190
:1024E0008161011D0A1DC0E90F12641C4164A868C6
:1024F0008442E5DB70BD000018040020AC0200201F
:1025000070B50D490B480860084603F06BF80A4C9B
:10251000143CA068C501284600F084F82A46002132
:10252000206103F09DF84FF0FF302060BDE870405F
:1025300002F01ABA914701082C04002010B50400DB
:1025400009D000F0B7FF20460EF018FE044602F056
:10255000C3F9204610BD002010BD38B5054600F077
:10256000A9FF2846FFF7EAFF040009D000F0E4F8CD
:102570002A460021009003F073F8684600F01AF92B
:1025800002F0AAF9204638BD024A106021F003008B
:1025900050607047E07A012010B5040016D000F0BA
:1025A00089FF0B48006B10F8341059B1022909D289
:1025B000042101EBC401415848680EF0A3FD2046F8
:1025C00012F0EAFBBDE8104002F086B910BD000031
:1025D000247A0120002805D0034A916B016001B1E3
:1025E0004860906370470000247A012010B50446CB
:1025F00000F060FF2068FFF7CFFF00202060BDE8FB
:10260000104002F069B9000070B50D46064600247E
:1026100005E000BF06EB8400FFF7E8FF641CAC4256
:10262000F8DB70BD2DE9F041044611F035FF264876
:10263000E41C24F00305C16B2D1DA94200D90D46F1
:10264000846B13E054F8042CAA420ED184B12168A3
:1026500009B162684A60616809B122680A60826BE8
:10266000A2422ED1216881632BE02468002CE9D19D
:102670008046416B80680F1857F8040C3E1A30688A
:1026800038B1002012F0F0FB57F8040C3E1A306805
:10269000B8B97068A84214DB3044441B304612F0CD
:1026A0009BFBD8F80810491BC8F80810D8F8101080
:1026B0002944C8F8101070683146401B0EF022FD06
:1026C00020C42046BDE8F081247A012010B5002402
:1026D00011F0E2FE0C490F2001EBC002126C1AB19E
:1026E00001EBC000006C08E0401EF5D508E0416831
:1026F000A14200D90C46806810B180680028F6D14C
:10270000A4F10C0010BD0000247A0120002138B192
:102710000449042202EBC000096B085841680C39D7
:1027200008467047247A012002484169491C4161EA
:1027300070470000247A012005498A69521C8A6189
:10274000096B01EBC0010A78521C0A7000F04AB80C
:10275000247A012010B500F0ADFEFFF7B7FF642228
:102760000849B0F5800F04D990FBF2F4C8694443DE
:1027700003E0C9694143B1FBF2F402F0ADF8204631
:1027800010BD0000247A01200549102805D94A68A7
:10279000B0EB520F02D3500800E010208860704761
:1027A000E07A012002484169491E416170470000FA
:1027B000247A01200A4902680B6B52F8082C03EBBB
:1027C000C2021378022B03D38B690BB15B1E8B61A2
:1027D0001178491E11700021016008467047000001
:1027E000247A0120002806D00349042202EBC0000D
:1027F000096B085808307047247A0120F0B52D275E
:102800001C68B0F1004F08D0002500280DDA661CC6
:102810001E6027704042012408E0661C01251E60EE
:102820006FF000402770491E01E00024091BC9B267
:102830002AB3491EC9B222E00C46491EC9B29442CD
:1028400005D1124C27781C68661C1E602770104C3E
:1028500054F8216090FBF6F4E4B20A2C11D804FB82
:10286000160011B90DB1641CE4B20A2C02D1012486
:10287000491CC9B21E683034771C1F6034700029AF
:10288000DAD1196800200870F0BD0000A002002015
:10289000ACA4010802480068407C00F003B80000C6
:1028A000AC02002010B5044600F004FE044904EB1D
:1028B000840001EB8000447902F00EF8204610BD40
:1028C0008C7B01202DE9FC5F8946044600F0F2FD77
:1028D000484600F029FD2C4E09EB8907824656F840
:1028E0002700019029484FF00108016841B92749A4
:1028F000C0F80080091D26480860084602F072FEF4
:10290000214A09EB89015FEA0A0002EB81051BD02D
:1029100001F076FB83464FF07F4001F089FB00F029
:1029200097F800221146206800F0BAFA2068428821
:102930000188504601F0C4FB46F8274085F8058021
:10294000584601F05DFB17E046F8274085F8058002
:102950002869464618B101F089FA0020286174B14F
:102960000096E868A1684B46421AA8686168411A57
:10297000206801F0D5FA2861484612F033FF01F0D3
:10298000ABFF0198BDE8FC9F8C7B0120F803002081
:102990007947010870B514460D46064600F08AFDD9
:1029A000204600F0C1FC0300174804EB840109D065
:1029B00050F8210041688068711A2A1A184601F0FF
:1029C0006FFB1CE000EB8104A268B24201D001223F
:1029D00000E00022E368AB4201D0012300E00023C5
:1029E0001A430CD0236943B150F821008168406834
:1029F0006A1A311A184601F05EFAC4E90265BDE8A8
:102A0000704001F069BF00008C7B012010B5C2B29C
:102A1000CBB2D21A02D5C2F1000212B293B2C0F305
:102A20000722C1F3072403FB03F3121B01D5524213
:102A300012B2000C92B2A0EB114002FB023200B2C3
:102A4000002801DA404200B280B200FB002010BD35
:102A500010B50021084600F0DDFC40F6FF72504240
:102A6000BDE8104013460146AFF300802DE9FC415C
:102A70001C4615460E46074600F01CFD042003F0D8
:102A8000EDFF80461248C068C16C006D0F440644DB
:102A90000D440444ADF80070ADF80450ADF8026088
:102AA000ADF8064068460DF0DBFE07E023462A46F7
:102AB0003146384603F0ACFA0DF086FE0028F5D119
:102AC000404603F0CBFF01F007FFBDE8FC810000AA
:102AD000A0020020B0F90630B0F90420B0F90210CD
:102AE000B0F90000FFF7C2BF2DE9F0411C461646C1
:102AF0000D460746022B02DB0020BDE8F0811C20BA
:102B0000FFF790FD0028F8D00DB105610AE0094AF1
:102B100052F8241009B905E011460A68002AFBD1D1
:102B20000969016184618682002101604160C0E918
:102B30000217E2E7C402002070B51D46FFF7D4FF7C
:102B4000040001D000F00EF8E068006820B90348E6
:102B5000006800EB85008465204670BDAC02002053
:102B6000FFF738BD70B590B38269022A30DA1C4C89
:102B700054F8221019B944F822002FE019464B6886
:102B8000002BFBD106E0CB68C5681B682D68AB4203
:102B900003DD09680029F6D11AE0C1B1CB68C66827
:102BA0001B683668B3420CD1838A012B05D008E03C
:102BB0001946DB681B68AB4203DB0B68002BF7D1BF
:102BC00029B14B6833B118604A68426004E0FFE7FE
:102BD000012070BD44F8220048600160002070BDF3
:102BE000C402002010B503E00468FFF7BBFF2046D5
:102BF0000028F9D110BD13F0F7B800002DE9F0411D
:102C00000026DFF834800D4F354600BF58F82540C8
:102C100009E0E0680068385C20B1204613F0E4F871
:102C2000266026462468002CF3D16D1C022DEDDBB6
:102C30003046BDE8F0810000C4020020C0980108C1
:102C4000022801DB00207047054951F8200004E00C
:102C5000C16809680029F6D000680028F8D17047DB
:102C6000C40200202DE9F8431D461646884604009C
:102C70000CD0FFF761FD0090006807686846FFF719
:102C800099FD2B46324641462046B847BDE8F883B9
:102C90002DE9F041044601F059FE06191EE000BF7F
:102CA00000F03EFA052F00DD052700F003FC114877
:102CB0000568FFF739FD2C0017D000BF01F00CFEAE
:102CC000641EFBD1384601F027FE1DB100F0F2FB77
:102CD0006D1EFBD1FFF766FD01F0FEFD01F036FE33
:102CE000371A002FDCDCBDE8F081384601F014FE15
:102CF000F0E70000240400207FB51E4614460D4670
:102D0000CDF80CD003AB00223146FFF777FD224609
:102D10002946684600F086F87FBD00002DE9FC4793
:102D200006005FD000F0C6FB00F008FB3C4C81467B
:102D30002068B0F9228000F039FB216807468A8CB0
:102D4000D01B888441E000BF47F6FF71304602F097
:102D5000EDFA82460146304602F0BEFA2168054689
:102D600091F82C0000F00300012841D002283BD04C
:102D700000204A8C101A4884ADF800006A1E1044E6
:102D8000ADF80400888CADF80200A9F101010844F7
:102D9000ADF806006A465146304601F0DDFF216875
:102DA000BDF8020088845146304601F071FC0644AB
:102DB00030780A281ED00D281CD0BDF800002168EC
:102DC00028444884307818B1761C30780028BBD16C
:102DD0002068818C39448184818D21F003018185B3
:102DE00001F07AFDBDE8FC8705EBD5704010C0E727
:102DF0002846BEE7206890F82C1001F00301012955
:102E00000BD0022909D0018C418431780A29D9D10B
:102E1000828C02EB09018184D4E7A0F82280F4E7D8
:102E2000AC02002070B514460D46064600F042FB89
:102E300005480068458484843046FFF76FFFBDE88D
:102E4000704001F049BD0000AC02002047F6FF735E
:102E5000AFF300802DE9FC411F4690460D46060069
:102E60004FF000041AD000F025FB65B128460DF0A4
:102E7000A7FB040007D002462946684602F0C3FAC1
:102E800068460DF09DFB3B4642462946304601F020
:102E9000BBFF20460DF094FB01F01EFDBDE8FC8158
:102EA0007CB514460D46064600F004FB1148006848
:102EB000C16C006D0D4404443188681E0844ADF8AF
:102EC0000400ADF800507188601E0844ADF806009B
:102ED000ADF8024068460DF0C3FC06E022462946E4
:102EE0003046FFF71BF80DF06FFC0028F6D101F01B
:102EF000F3FC7CBDAC0200207CB514460D460646B2
:102F000000F0D8FA10480068C16C006D0E4405440A
:102F1000301BADF800003019ADF80400281BADF8E7
:102F200002002819ADF8060068460DF099FC06E08D
:102F3000224629463046FFF73FF80DF045FC0028B1
:102F4000F6D101F0C9FC7CBDAC0200201CB50A46DC
:102F50000146684602F038FB00F0ACFA2548BDF89F
:102F60000010006830F84C2F1144ADF80010BDF887
:102F7000021082881144ADF80210BDF804100288D6
:102F80001144ADF80410BDF8061080880844ADF86F
:102F9000060068460DF064FC27E000BFBDF9004064
:102FA0000BE000BFBDF90210204602F033FFBDF96F
:102FB0000610204602F02EFFA41CBDF90400A0421A
:102FC000F0DABDF902400AE0BDF90000214602F046
:102FD00021FFBDF90400214602F01CFFA41CBDF92D
:102FE0000600A042F0DA0DF0EFFB0028D6D101F088
:102FF00073FC1CBDAC0200202DE9FC4114460D46BB
:10300000064600F057FA114F3968C86C096D05443F
:1030100004440E44ADF80050ADF80440ADF8026031
:10302000ADF8066068460DF01BFC08E038682246E3
:103030003146C06E0368284698470DF0C5FB00284E
:10304000F4D101F049FCBDE8FC810000AC02002095
:103050002DE9FC411C4616460D46074600F02AFAAB
:103060001A480168087ECA6C096D401E17440D4459
:103070000C44391A1644ADF800103118ADF804109C
:10308000291A2044ADF80600ADF8021068460DF08C
:10309000E7FB15E032462946384602F037FE324655
:1030A0002146384602F032FE621E691C384602F0A4
:1030B000F7FE621E691C304602F0F2FE0DF084FB42
:1030C0000028E7D101F008FCBDE8FC81AC0200203B
:1030D0007CB514460D46064600F0ECF90F48006832
:1030E000C16C006D0E4405440444ADF80060ADF8B9
:1030F0000460ADF80250ADF8064068460DF0B0FB34
:1031000006E022462946304602F0CAFE0DF05CFB7E
:103110000028F6D101F0E0FB7CBD0000AC020020ED
:1031200010B5002400E0012400F004F80028FAD1D2
:10313000204610BD064810B50068002410B1804735
:1031400000B101240CF0D6FB00B10124204610BDD3
:10315000CC02002070B516460C46054600F0AAF9D0
:103160000B480068C16C006D0D44044400200DF054
:1031700077FB06E0324621462846FEF74FFF0DF06A
:1031800023FB0028F6D1BDE8704001F0A5BB00008C
:10319000AC0200202DE9FC411C4615460E460746B0
:1031A00000F088F910480068C16C006D0F440644B7
:1031B0000D440444ADF80070ADF80450ADF8026061
:1031C000ADF8064068460DF04BFB07E023462A4663
:1031D0003146384602F01CFF0DF0F6FA0028F5D112
:1031E00001F07AFBBDE8FC81AC02002008B50B467B
:1031F000002805D0009281888268C08800F001F81C
:1032000008BD10B50828029C30D008DC04FB01F48E
:1032100001280AD0022813D0042804D11CE0102869
:1032200028D020282CD0002010BD04EBD30003F0C0
:103230000701105CC1F10701C84000F0010010BD9A
:1032400004EB93000621105C01EA4301C1F1060181
:10325000C84000F0030010BD04EB5300D907105C18
:1032600002D000F00F0010BD000910BD04FB0130BA
:10327000105C10BD481004FB003032F8100010BD87
:10328000881004FB003052F8200010BD034951F8AB
:103290002000C1688A6A082110470000C40200208B
:1032A00010B500F007F902F0E3FE02F07BFF0446E0
:1032B00001F012FB204610BD10B5044600F0FAF8EC
:1032C000054800210068C0694268204690470446CE
:1032D00001F002FB204610BDAC02002070B50C4688
:1032E000054600F0E7F8064821460068C0694268D4
:1032F00028469047044601F0EFFA204670BD0000D2
:10330000AC020020002801D00CF04EBB704710B575
:1033100000F0D0F802F0B4FE02F044FF044601F0E1
:10332000DBFA204610BD00000021022802D202492B
:1033300051F82010084670471004002010B500F026
:10334000B9F804480068C069447E01F0C5FA204617
:1033500010BD0000AC02002070B514460D460646B4
:1033600000F0A8F822462946304602F0BDFE10B112
:10337000002028602060BDE8704001F0ADBA70B553
:103380000C46054600F096F82146284601F0F8FF65
:10339000BDE8704001F0A0BA10B5044601F0E2FFAC
:1033A00001462046BDE8104001F096BF10B500244C
:1033B00000F080F80B48006890F82C1001F00C0128
:1033C000042904D0082906D00C2907D103E0C069DC
:1033D000047E641E02E0C069007E440801F07CFAAD
:1033E000204610BDAC020020017EC07E11FB00F023
:1033F00070470000024951F82000006900687047DA
:10340000C4020020024951F820000069406870475A
:10341000C402002070B50D46044600F04BF820466B
:1034200010F03AFF0446284610F03EFF044301F036
:1034300053FA204670BD0368C1E90032016070474D
:103440000021016070470000144810B5016821F0A8
:103450000101016012480121816012490160006888
:103460001149884200D0FEE701F05CFC0F492E2094
:10347000087001F06FFA0E4810F0C0FFFFF740F837
:1034800013F09AFB04460021084600F045FE0CF0BC
:103490002FFDFFF711F8204610BD0000002000E0CE
:1034A00000300240C2A507F4CDB5E8B5A002002067
:1034B000EC7A012070B51F4CE06820B101F03EFAB3
:1034C0006168884204D001F05FFA01F037FA606069
:1034D000E068401CE060012825D100250AE000BF1B
:1034E00001F02CFA216901EBC5110968814205D070
:1034F000D1B16D1CA0688542F2DB002520688542B1
:1035000011D000280EDBFFF779FB2268216901EB5F
:10351000C212D067084A01EBC510011D1160C06FCF
:10352000FFF760FB256070BD216901EBC5110860E4
:10353000E4E7000018040020AC0200201CB50400E1
:1035400004D10E480068046E002C16D0FFF7B2FFBD
:103550002046FFF7F1F8009044696846FFF72AF922
:103560004CB12046FFF7E8F80190816889688847E8
:1035700001A8FFF71FF901F0AFF91CBDAC02002054
:1035800001490A4600F002B801F0FFFF2DE9F043BF
:1035900087B015460C465FEA000846D0FFF78AFF61
:1035A000002000F061FD814621480068066E40461B
:1035B000FFF7C2F800900068806900F021FD07461F
:1035C00040F6FF70001904D10098B0F90440B0F93A
:1035D00006500098611E0289ADF804401144ADF810
:1035E00008104189681E0844ADF80650ADF80A007D
:1035F0000BF0BCFF6846FFF7DDF801A80DF030F9CD
:1036000006E02A462146404600F028FB0DF0DCF893
:103610000028F6D1384600F0F3FC304600F06AF995
:10362000484600F021FD01F057F907B0BDE8F083EE
:10363000AC0200202DE9FE4F984691468A4683460B
:1036400000270C9EFFF736FF174818490068407C9A
:1036500051F82040E1680968042903D02468002C4F
:10366000F8D100E014B9FFF7EBFA04460121E06855
:10367000C26A20469047050011D02469A06880479F
:10368000401C02D10A4C46F001060096CDE90154D7
:1036900043464A465146584600F0C6F9074601F0EF
:1036A0001BF93846BDE8FE8FAC020020C4020020A2
:1036B00000B5010838B504001CD0FFF7FBFE0E482A
:1036C0000068006EA04201D100F08CFC2046FFF79C
:1036D00033F80090406908B101F0E7F800980068FD
:1036E000FFF73EFA6846FFF765F82046FEF754FFFD
:1036F00001F0F2F838BD0000AC0200202DE9FF4FC8
:1037000083B0454CDDF840B098468A4607002BD080
:1037100002A901A8FFF733FEB7F90060002E00DA16
:103720000026B7F90250002D00DA00252068A146D6
:10373000407C02F0EFFC01990144491EB7F90400F6
:1037400010F052FF0446D9F80000407C02F0E8FC7B
:1037500002990144491EB7F9060010F045FFA71B66
:103760007F1C441B641C0BE0206800263546407C0F
:1037700002F0D0FC07462068407C02F0D1FC0446F1
:10378000B8F1000F01D1C4F10008002F01DD002CB9
:1037900003DC002007B0BDE8F08F43463A462946D7
:1037A0003046CDF800B0FFF745FF5FEA000909D0C9
:1037B00000F060F88046484600F09CF80027DFF8EB
:1037C0005CB01FE05146059888470120E2E7E11B05
:1037D000414502DA484600F071F83FB1EA19314636
:1037E000484600F0B5F84846FFF7A8FE5146059850
:1037F0008847DBF8001009B1002088474846FFF7EA
:10380000BFFE4744A742E2DB4846FFF753FF0020D4
:1038100000F070F8BDE70000AC0200205C0400205E
:1038200038B505004FF0000411D0FFF743FE2846DD
:10383000FEF782FF0090006800698068804703F00F
:10384000B9FC04466846FEF7B5FF01F045F820468E
:1038500038BD38B50446FFF72DFE2046FEF76CFF55
:1038600000F1180400906846FEF7A4FF01F034F858
:10387000204638BD38B504460025FFF71BFE1CB9AD
:1038800008480068046E44B12046FEF755FF0090DA
:10389000B0F90A506846FEF78DFF01F01DF8284682
:1038A00038BD0000AC02002010B50DF08DFE0028E0
:1038B00003D0BDE8104000F07DB810BD38B50C460F
:1038C000050004D10A480068056E002D0FD0FFF7EF
:1038D000F1FD2846FEF730FF0090B0F90A10A14232
:1038E00000DD44816846FEF765FF00F0F5FF38BD56
:1038F000AC020020F8B50546FFF7DCFD134E30683A
:10390000046E65B10CB100F06DFB0BF031FF284681
:10391000FEF712FF009031680A6E1AB106E000F05F
:1039200061FB0EE0D1E90223C1E919230D660068AD
:10393000FFF718F96846FEF73DFF03F013FA02F0AF
:10394000E7FF00F0C9FF2046F8BD0000AC020020F0
:103950007CB515460E46040004D115480068046E77
:10396000002C24D0FFF7A6FD2046FEF7E5FE2DB281
:103970000090C58034B2848002F0CAFF009840698C
:1039800080B1FEF7D9FE009A0190B2F9081081804B
:10399000B2F90A20C28011B10AB10480458001A8A1
:1039A000FEF708FF6846FEF705FF00F095FF7CBDB7
:1039B000AC02002001490A4600F002B801F0FFFF06
:1039C0007FB515460C4606002DD0FFF773FD304637
:1039D000FEF7B2FE40F6FF710190091903D1B0F96C
:1039E0000440B0F906500289611E1144ADF8084048
:1039F000ADF80C104189681E0844ADF80E00ADF812
:103A00000A5001A8FEF7D6FE02A80CF029FF06E036
:103A10002A462146304600F009F90CF0D5FE002870
:103A2000F6D100F059FF7FBD2DE9FF4FDFF8E0B080
:103A300083B01C46DBF80010DDE9106092460027D9
:103A40004B7C3A461299FFF74FF805005DD0286984
:103A50008068804703F0AEFB81460AFB09F0C01D79
:103A60004FEAD008FEF776FEF10705D1C11700EB4B
:103A70009170801000EB4000002C06DC1838B0FB81
:103A8000F8F06442A04200DC0446F00707D1009041
:103A9000DDE903012346524600F07AFE0746002C7A
:103AA00003DC2846FFF75CF82FE004FB08F0183031
:103AB000F10702D0FEF742FD01E0FEF74EFD0600E1
:103AC0001CD0FEF739FE01900560039981800499AE
:103AD000C180A0F808A04481C0F80C80C0E9049718
:103AE00001A8FEF767FE1298AE602861DBF80000BF
:103AF000407CA861304607B0BDE8F08F2846FFF74C
:103B00002FF817B13846FEF747FD0020F3E7000015
:103B1000AC0200202DE9F74F92B090461298FEF7C4
:103B20000BFE0B90B0F908100691B0F90A100D9138
:103B300000680069D0F804B00BA8FEF73BFE384CD3
:103B4000384D2068407C55F82000C1688A6A0821F9
:103B500090478146182801D34FF020092068407C07
:103B600055F820000069079003C80C902E48814248
:103B700001D0012000E000201090002000F016FF8E
:103B8000002849D10026DDE91207B2460FAB069C9A
:103B90004546761C0193FFF75CFE014604FB0AF0E4
:103BA00001EB8002234629463846CDF800B001F0EB
:103BB000CDF9050030D01098D0B1DDE906134A46A2
:103BC000284600F0F4FF98B9DDE906702C46D0F8DD
:103BD00010C0BCF1000F05D0294604233A46084620
:103BE000E04705E00C992068884701C47F1EF9D1A1
:103BF0000020CDE90305059001200090CDE90109E1
:103C00004146034608F10108069A139801F07AFF2D
:103C10000D98401E0D90B6D115B0BDE8F08F000094
:103C2000AC020020C4020020C3610008F8B51546AC
:103C30000E460746FEF780FD009000681621C0681A
:103C4000426A0020904704466846FEF7B3FD002C08
:103C500003D02A4631463846A047F8BDF8B5154688
:103C60000E460746FEF768FD009044696846FEF779
:103C7000A1FD3846FFF7D4FD0346082800DD2CB12E
:103C80002A463146384612F0CFF8F8BD2A4631466A
:103C9000384612F061FAF8BD10B5002821D009B3FA
:103CA0000AB3B1F90040B2F900309C4200DA234671
:103CB0000380B1F90240B2F902309C4200DA234697
:103CC0004380B1F90440B2F904309C4200DD234640
:103CD0008380B1F90610B2F90620914200DC11464A
:103CE000C18010BD11460A6802604968416010BD7C
:103CF00000280BD003880B440380838819448180FB
:103D0000418811444180C1881144C180704700003E
:103D100070B5104D0446D5E9000188420ED10E4918
:103D2000884203D1D0E90F12406C03E00C38D0E98F
:103D3000001280682160C4E9012006E090E80E00CE
:103D400084E80E0010F0FAFA2860207A002800D0EB
:103D5000012070BDAC040020547C01200448D0E94F
:103D60000010814201D101207047002070470000FF
:103D7000AC040020054A10B50349116011F0DAFEC9
:103D8000BDE8104000F016BA45FB0008D002002044
:103D900070B50025FFF78EFB094CD4E90020824264
:103DA0000AD0D2E90056104610F0D2FA206031460F
:103DB00028460CF0ABF9012500F08EFD284670BDB9
:103DC000040400202DE9FC41154DDDE908742D683F
:103DD000B5F90860864200DD3046B5F90C609642C0
:103DE00000DA3246824219DBB5F90A608E4200DD04
:103DF0003146B5F90E509D4200DA2B468B420DDB61
:103E000000E02C46E5682D6825B1042D02D0256818
:103E1000002DF6D1CDE9007402F0FCFABDE8FC817A
:103E2000AC020020B0F90220B1F906309A4213DC4E
:103E3000B1F90220B0F906309A420DDCB0F9002049
:103E4000B1F904309A4207DCB1F90010B0F904006E
:103E5000814201DC01207047002070470146024882
:103E600078220068FCF7D9BBAC02002038B504000A
:103E700020D0FFF71FFB204611F016FF204611F05F
:103E80007FFF2046FEF758FC00900068FEF7A2FB7B
:103E90000098C068FEF780FB0098C069FEF77CFBC5
:103EA0006846FEF787FC2046FEF776FBBDE8384003
:103EB00000F012BD38BD70B515460E4604000AD09C
:103EC000FFF7F8FA2A463146204611F097FABDE886
:103ED000704000F001BD70BD38B504001ED0FFF782
:103EE000E9FA2046FEF728FC0090007C800710D4F9
:103EF000204610F063FB6846FEF75CFC204611F09C
:103F000095FD2046FEF718FC0090018A41F0020161
:103F100001826846FEF74EFC00F0DEFC38BD000072
:103F20002DE9F84304460088089F91468846D8B397
:103F30006088C8B3E088082836D8E0688068002820
:103F400033D007F0010200212148FEF7CDFD050026
:103F50002AD02088860060884643FFF7ABFA06F136
:103F60002000FEF7FAFA060021D03046AE60FEF7D8
:103F7000E3FB009007824461A0F80480A0F806905B
:103F8000238808EB0301491E018161884944491EC9
:103F9000418105606846FEF70DFC214630460DF074
:103FA00001FC40B100F098FC0020BDE8F8832846F1
:103FB000FEF7D6FDF6E7B80705D5304610F0FEFA55
:103FC000304611F033FD00F087FC3046EDE700008D
:103FD000B4B40108024978220968FCF71EBB00004E
:103FE000AC02002010B5FFF765FA02F045FC02F0C4
:103FF000B9FE0BF0BBFABDE8104000F06DBC00004C
:1040000070B5094D04462868467CFFF753FA022C28
:1040100003D228684474FFF7E5FF0448046000F009
:104020005BFC304670BD0000AC0200209C03002009
:1040300010B50446FFF73EFA204602F03FFCBDE80B
:10404000104000F049BC10B50446FFF733FA204693
:1040500002F06CFCBDE8104000F03EBC01498860F5
:1040600070470000A002002010B50446FFF722FAB6
:10407000204602F0F3FC044600F02EFC204610BD62
:1040800070B50446FFF716FA04480068C56904B124
:10409000C46100F021FC284670BD0000AC02002085
:1040A00070B514460D460646FFF704FA2246294627
:1040B000304602F0EFFC044600F00EFC204670BDD6
:1040C00070B514460D460646FFF7F4F92246294618
:1040D000304602F0F5FC044600F0FEFB204670BDC1
:1040E00070B50C460546FFF7E5F92146284602F073
:1040F00013FD044600F0F0FB204670BD70B5054688
:10410000FFF7D8F903480068847E857600F0E4FB69
:10411000204670BDAC02002070B50C460546FFF786
:10412000C9F9094822460580084804800848006803
:10413000417C084850F82100C1680B6A294698471D
:10414000BDE8704000F0C8BBDC020020DE020020A9
:10415000AC020020C402002070B50546FFF7AAF9A2
:1041600003480068047E057600F0B6FB204670BD6B
:10417000AC02002070B50446FFF79CF904480068C3
:10418000B0F92C50848500F0A7FB284670BD0000D4
:10419000AC02002070B50446FFF78CF904480068B3
:1041A000B0F92A50448500F097FB284670BD000006
:1041B000AC02002002480068002800D00047704789
:1041C0003C04002002498A6802B98860FFF7F2BF08
:1041D0000404002010B504000ED0FFF76BF9204650
:1041E00010F014FE204611F0D7FD2046FEF7D4F95A
:1041F000BDE8104000F070BB10BD38B50C4605009E
:1042000011D0FFF757F92846FEF796FA00908089FB
:10421000204201D0012400E000246846FEF7CAFADB
:1042200000F05AFB00E00124204638BD38B50546B1
:10423000002028600648046844B12046FEF77CFA56
:104240000090006928606846FEF7B4FA204638BD41
:10425000D404002038B504004FF000000D4608607B
:1042600011D02046FEF768FA0090846844B1684691
:10427000FEF7A0FA2046FEF75FFA0090006928607A
:104280006846FEF797FA204638BD00002DE9F84F42
:10429000DFF89C800546274F98F818008B464107A9
:1042A00038680A9E9946407C924607D401F044FF44
:1042B00004463868407C01F04BFF06E001F048FFFF
:1042C00004463868407C01F037FF002795B1A0F123
:1042D000010400BFB9EB060000D54042142806DBFC
:1042E0005146BBEB0A0000D54042142804DA0120F5
:1042F000BDE8F88F641EEDE70A464B46594638463E
:10430000009610F066F90C4F4B46524647F83500C0
:1043100059462046009610F05CF907EBC50148604D
:1043200010F00EFF01210020C8F81C10E0E700008B
:10433000E0020020AC020020647B01202DE9F04760
:10434000524D534E0024E86978B96868346000F033
:104350000501746010F0060F01D000F00500B46094
:10436000F46010F0EDFE0120E8612878C8B100F09B
:10437000D9F8A846286100F0D3F82969286A814253
:104380000BDBD8F824204046914206DC836A426960
:104390009A4202DBC36A9A420DDD4FF0FF300146BC
:1043A0006FE000F00FF9686100F0BBF82878401C5E
:1043B0002870BDE8F087326898F81800354F8D1ADC
:1043C000400700283868407C02DB01F0B5FE01E0C0
:1043D00001F0BEFE401E4543D6E90020B146801ADA
:1043E00095FBF0F6D8F81420D9F8081098F81800C2
:1043F000551A400700283868407C02DB01F0A8FE0F
:1044000001E001F099FE401E4543D9E90201081A76
:1044100095FBF0F598F81800400700283868407CB4
:1044200018DB01F089FE81463868407C01F090FE7F
:10443000D8F818200146D00704D0A9EB0600A0F157
:10444000010000E03046920702D5491B491E18E0E2
:10445000294616E001F07CFE81463868407C01F078
:104460006BFED8F81820D10704D0A9EB0601A1F102
:10447000010100E03146920702D5401B401E00E0DA
:10448000284611F083FB88F8004092E7E002002004
:10449000647B0120AC020020014988617047000064
:1044A000E0020020074A002806DB002904DB012384
:1044B0001372C2E9000101E000201072014800F00F
:1044C00003B800009C7C012010B504460C2207496B
:1044D000FBF7CCFF002808D0044894E80E000EC07B
:1044E0002046BDE81040FFF745BC10BDC07C012050
:1044F00030B40A4C2268831A01D5C3F10003626804
:104500008A1A00D552421A44022A04DDC4E9000185
:1045100030BCFFF7C7BF30BC704700003404002038
:104520007047704710B52DED048B82B0204880880D
:1045300045F21051884236D101221E49002004F074
:104540009BF81C48007800F01F0030B3042201A93A
:10455000900104F091F89DF807109DF8062001EBFA
:10456000022013F038F941EC190B9FED130B53ECBB
:10457000102B13F097F941EC180B13F0FFF81049CA
:10458000888108468489B4F5F07F02DB40F2DF14AD
:1045900004E0002C02DA002400E00024204602B0EF
:1045A000BDEC048B10BDD0200AF03EFAF7E7000006
:1045B000002A0020BC000020D881734694F6D23F28
:1045C0000800002010B52DED048B82B020488088B3
:1045D00045F21051884237D101221E49002004F0D3
:1045E0004BF81C48007800F01F0030B3042201A9EA
:1045F000900104F041F89DF805109DF8042001EBAE
:10460000022013F0E8F841EC190B9FED130B53EC6B
:10461000102B13F047F941EC180B13F0AFF81049C9
:10462000C8820846C48AB4F5487F02DB40F21F34D2
:1046300005E0002C03DA002401E040F21F3420469C
:1046400002B0BDEC048B10BD90200AF0EDF9F7E745
:10465000002A0020BD0000207B14AE47E17AD43F41
:10466000080000202DE9F041084E04460568306836
:1046700001682846884707463068416828468847C9
:10468000284420603846BDE8F0810000B0020020D8
:104690002DE9F0410C4606460025064F05E0386836
:1046A00041683046884706440544641EF7D22846D0
:1046B000BDE8F081B00200202DE9F0411E46069CC5
:1046C0001746884605463A46A8687F1C3346D0F808
:1046D00004C041462846E047641EF4D1BDE8F0819D
:1046E00070B5B0F90040091BB0F904408C422CDDD4
:1046F00000F11404B0F902500069521B02FB0040A3
:10470000CA1800EBE104521ED010B0EBE10501F035
:1047100007034FF0FF0102F0070221FA03F0C2F194
:10472000070201FA02F1CEB221780FD001436D1ECB
:1047300004F8011B002D05DDFF2229462046FBF76A
:104740009EFF2C4420783043207070BD30400143E0
:10475000217070BD10B5B0F90030B0F90240C91A2F
:1047600000F114030069121B02FB003000EBE100B2
:1047700001F0070302788021D9400A43027010BD7E
:10478000B0F90610026951431430FBF780BF0000F6
:104790002DE9F843804602F10F000011470003FBAA
:1047A00007F01C46154689461430FDF7D6FE060074
:1047B00018D0FEF77FFE3046FDF7BEFF0090A0F850
:1047C0000080A0F802908580C480074981600121A3
:1047D000818107616846FDF7EDFF00F07DF8304606
:1047E000BDE8F8830020FBE788C3010870B5B0F985
:1047F0000660B0F904400B6800F11405964220DD14
:104800000069A34202FB005000EBE30219DAA4F1B5
:1048100001044FEAE400A0EBE30512F8010B03F0FA
:10482000070400FA04F0C4B208E055B112F8014BD5
:1048300003F10803A5F1010523F00703002CF4D0D0
:1048400008E0002070BD00BF4FEA44604FEA1064EA
:1048500003F101032006F7D5FF2C0AD0184605E026
:104860004FEA44644FEA146400F101006606F7D48D
:1048700000E0D81DC443640706D007E012F8014BDE
:10488000FF2C0FD100F108006D1EF7D5A0EB03003F
:1048900000F101000B6070BD4FEA44624FEA126400
:1048A00000F101002206F7D4F0E738B50546FEF71F
:1048B00001FE2846FDF740FF00908189491E0CB299
:1048C00084816846FDF776FF14B92846FDF764FE3B
:1048D00000F002F838BD00000348C168491EC160FD
:1048E00001D100F05BB870471804002010B54FF4F8
:1048F0008031002012F0A8FD04464FF4803120469C
:10490000FDF742FE8020FDF73FFF0248FFF7A6FBC0
:1049100010BD0000BC9F010870B504464FF47A70CA
:1049200060434FF47A71B0FBF1F5284603F0C8F903
:1049300070BD10B50120FFF7EFFF10BD0248006801
:1049400090F8320070470000EC00002010B503F032
:1049500023FA10BD10B5002002F096FD0149086051
:1049600010BD0000A800002010B5012002F08CFD51
:1049700003490860002002F011FD0249086010BDE3
:10498000A0000020A400002008B56A4600210248CB
:10499000006802F09FFD08BDA000002010B502488D
:1049A000006802F00DFE10BDA00000200EB508B199
:1049B00002AA00E00022002301A9684600F044FC9E
:1049C0000EBD0000074910B5CC6818B10120C860C1
:1049D000801E03E00020C8606FF07F4000F080FF81
:1049E000204610BDB40400202DE9F041984616463B
:1049F0000C4688B3FEF7D0FC074608F003000128F8
:104A000025D0022817D0B4F9005000BFFEF796FC5D
:104A1000014608F00C0004282BD00C281DD0B4F956
:104A2000020035807080EA19521E0844B280401E90
:104A3000F080BDE8F081B4F90400B4F90010401A28
:104A4000C01B401C00EBD07001EB6005DEE7B4F941
:104A50000400C51B6D1CD9E710E0B4F90600B4F9D9
:104A60000220801A401A401C00EBD07002EB60005C
:104A7000D7E7B4F90600401A401CD2E7206830603E
:104A800060687060D5E710B5082A0EDC0346012A7D
:104A90001AD0022A58D0042A78D010F8042B03F830
:104AA000012B491EF9D1012010BD102A0ADC022277
:104AB000022AF8D1024630F8043B22F8023B491E94
:104AC000F9D1F0E7002010BD10F8042BD207120E28
:104AD000491E34D010F8044B491E04F0010442EA88
:104AE00084122CD010F8044B491E04F0010442EA51
:104AF000441224D010F8044B491E04F0010442EA89
:104B000004121CD010F8044B491E04F0010442EAC0
:104B1000C40214D010F8044B491E04F0010442EA08
:104B200084020CD010F8044B491E04F0010442EA40
:104B3000440204D010F8044B04F00104224303F8AB
:104B4000012B0029C0D1AEE710F8042B9207120EFA
:104B5000491E15D010F8044B491E04F0030442EA24
:104B600004120DD010F8044B491E04F0030442EA6D
:104B7000840205D010F8044B04F003042243491EBC
:104B800003F8012B0029DFD18DE7FFE710F8042B94
:104B90001207120E491E05D010F8044B04F00F0442
:104BA0002243491E03F8012B0029EFD17BE72DE9B1
:104BB000F0411E680D460446082A09DC0746012A12
:104BC00021D0022A62D0042A7CD0082A1AD195E08A
:104BD000102A03DC02200228F8D102E00020BDE800
:104BE000F081D3F810C02746BCF1000F04D00A466C
:104BF0002146022308468AE001CCB04727F8020B81
:104C00006D1EF9D18BE001CCB047C0074FEA1068A8
:104C10006D1E36D001CCB04748EA801000F0FF0886
:104C20006D1E2ED001CCB04748EA401000F0FF08BE
:104C30006D1E26D001CCB04748EA001000F0FF08F6
:104C40006D1E1ED001CCB04748EAC00000F0FF083E
:104C50006D1E16D001CCB04748EA800000F0FF0876
:104C60006D1E0ED001CCB04748EA400000F0FF08AE
:104C70006D1E06D001CCB04740EA080000F0FF08E6
:104C80006D1E07F8018B002DBDD148E001CCB04767
:104C900080074FEA10686D1E18D001CCB04748EA73
:104CA000001000F0FF086D1E10D001CCB04748EA9C
:104CB000800000F0FF086D1E08D001CCB04740EA2C
:104CC000080000E007E000F0FF086D1E07F8018B08
:104CD000002DDBD123E001CCB04700074FEA10687C
:104CE0006D1E06D001CCB04740EA080000F0FF0876
:104CF0006D1E07F8018B002DEDD110E0D3F810C028
:104D0000BCF1000F05D00A46014601233846E047B2
:104D100005E001CCB04707F8010B6D1EF9D1012069
:104D20005DE700000A4810B5816900290ED1012114
:104D30008161FFF7DBFD02F053F8054905481C319E
:104D40000860BDE81040084600F04CBC10BD0000F3
:104D5000A0020020194701087CB5064628480D46E8
:104D6000006868B100200BF07BFD06E06A4629462A
:104D700030460CF0DDFC0BF027FD0028F6D17CBDA1
:104D8000106800901F4C506801902268BDF8000028
:104D900032F84C1F0844ADF80000BDF802009188BD
:104DA0000844ADF80200BDF8040011880844ADF8CD
:104DB0000400BDF8060091880844ADF80600684676
:104DC0000BF04EFD0EE000BF2068BDF800106A46F3
:104DD0004184BDF802108184294630460CF0A8FCBD
:104DE0000BF0F2FC0028EFD1206830F8221F428D32
:104DF000891A01804188C28D891A41807CBD0000DA
:104E0000D8020020AC0200202DE9FF4F85B09A4661
:104E100090460D46FEF792FA4FF00009DDF814B007
:104E200006464C4625B1286800906868019002E06B
:104E30006846FEF767FA18F00C0F02D055460027B7
:104E400013E0BDF902402DE07F1C2946059800F0D3
:104E50006DFA01466D1A0598FFF71AFC059908448A
:104E6000059005A800F0A6FA08B9002DECD108F0CD
:104E70000C00042804D0082802D00C2812D105E028
:104E8000BDF9060007FB1604641C0BE0BDF9060023
:104E9000BDF90210401A07FB1600401C00EBD07051
:104EA00001EB60045546CDF814B043E0294605985F
:104EB00000F03CFA07460146ED1B059800F00CFA9D
:104EC00018F003010ED0012939D002290DD1BDF906
:104ED0000410BDF90020891A091A01EBD17102EB07
:104EE000610101E0BDF900108946174A401E48449F
:104EF00012683946A2F822909484ADF80C00A019EB
:104F0000401EADF80890ADF80E00ADF80A4002AAB8
:104F10000598FFF721FF39460598FFF7B9FB05997A
:104F200008440590FEF70AFA044405A800F042FA86
:104F3000002801D1002DB9D109B0BDE8F08FBDF92D
:104F40000410091A491CCFE7AC0200202DE9FF4FDD
:104F500000208BB004460146009019981D46164665
:104F6000016007AB002203A902A800F06DF918B197
:104F700000200FB0BDE8F08F0798854200DD0546A0
:104F80005C4F0A955C493868407C51F820100491C8
:104F900009690691FEF77AF905903868407CFEF7BA
:104FA00031FA56498146884204D05549894501D095
:104FB000012000E00020099001CE18998847824620
:104FC0005FEA106B71D0009870BB0B9800EB04087F
:104FD00048480068B0F90800404503DDA0EB080729
:104FE000804600E000270299049801EB840101EB60
:104FF0008701CDE90010DDE90A010A180C9B08922F
:10500000521E19464046FEF7DDFE0120009005982D
:1050100018280ADA0298DDE9052300EB840000EB8A
:105020008700E91B00F070F810E0099870B1029851
:1050300000EB840000EB87070898A0EB08084946BE
:105040003868884701C7B8F10108F8D12D48C06910
:1050500060B3DDE9020700EB840007EB8402CDE9D1
:105060000202284C361F2B46E46930460299A047BD
:10507000FF203168B0EB116F02D10299096804E09A
:10508000029A1268B0EB126F01D1039A1160029973
:10509000361D091D02910399091D03916D1EE8D16A
:1050A00019990120039708601DE01EE0FFE7BBF19E
:1050B000FF0F0ED00298CBF1FF0250F8241050469B
:1050C00000F028FA039941F824001999012008609A
:1050D00005E00298039950F8240041F82400641C6C
:1050E0006D1E7FF469AF039843E7039941F824A04C
:1050F000EBE70000AC020020C4020020C3610008FE
:10510000C1610008800400202DE9F05F0C1E16DD4F
:105110005E68014600EB8405082A12DC611E012A44
:1051200028D0022A48D0042A6AD0082A07D10719B1
:1051300017F8010DB04745F8040D641EF8D1BDE81D
:10514000F09F102AFBDC0222022AF8D15F693FB1EE
:105150002246BC46BDE8F04F02235DF804EB6047F1
:1051600001EB440737F8020DB04745F8040D641E03
:10517000F8D1E4E700EBE1002D1F10F801A981460A
:1051800001F00707802020FA07F800BF0AEA0800AC
:10519000C7F10701C840B04745F804093FB17F1E79
:1051A0004FEA4860000E8046641EEFD1C7E707272C
:1051B00019F801A90120F6E700EBA1002D1F01F06D
:1051C000030710F801A981467900C02020FA01F8F0
:1051D0004FF0060B0AEA0800ABEB4701C840B047A6
:1051E00045F804093FB17F1E4FEA8860000E8046F3
:1051F000641EEFD1A3E7032719F801A93846F6E7A3
:1052000000EB610001272D1FA74310F801A981467B
:10521000B900F02020FA01F84FF0040B0AEA080068
:10522000ABEB8701C840B04745F804093FB17F1E8A
:105230004FEA0870000E8046641EEFD17FE7012719
:1052400019F801A90F20F6E72DE9F047204C064692
:105250001F46A06990468946002540B90120A061FB
:1052600004F120011B480860084600F0BBF96069A2
:1052700010B900F052FF606107B138604EB1A0680C
:1052800030B960698000FDF7CDF9A06000B9012553
:105290003060B9F1000F0AD0E06830B96069800071
:1052A000FDF7C0F9E06000B90125C9F80000B8F1C8
:1052B000000F0AD0206930B960698000FDF7B2F9AB
:1052C000206100B90125C8F800002846BDE8F08734
:1052D00080040020B947010873B5124A01A900985B
:1052E0001268904700240090C8B10F490025096852
:1052F000C969496959B10A684AB1019990477CBDA9
:105300006846FFF7AFF90546FDF7D6FF044401985C
:10531000401E0190F4D5284600F040F80444204691
:105320007CBD0000A8040020AC02002073B50D462F
:105330000098002490B10A490968C969496959B1BE
:105340004A684AB1294690477CBD6846FFF78AF90A
:1053500020B10A2802D0641CAC42F6DB20467CBD9A
:10536000AC02002031B50024009808B905E0641CA7
:105370006846FFF777F90028F9D1204638BD0000CC
:10538000044AB2F9002002600348B0F90000086046
:1053900070470000DC020020DE02002038B5002447
:1053A00069460094FDF79AFF0099814200DD0C1ACE
:1053B000204638BD016811F8012B12B10A2A02D02B
:1053C00002E001207047016000207047B0F9003012
:1053D000B1F90020934200DA0280B0F90230B1F94D
:1053E0000220934200DA4280B0F90430B1F904207F
:1053F000934200DD8280B0F90620B1F906108A429E
:1054000000DDC180704770B5B1F90040B2F90030DD
:105410009C4200DD23460380B1F90250B2F90240FC
:10542000A54200DD2C464480B1F90460B2F9045075
:10543000AE4200DA35468580B1F90610B2F9062091
:10544000914200DB1146C1809D4201DBA14201DA9D
:10545000002070BD012070BD014602480068407CFC
:1054600000F002B8AC020020F8B501260F46054650
:1054700002284BDA264C5FB3012F02D0022F45D110
:1054800016E054F8250088B92846FDF7D9FB0090AE
:10549000B8B3C0680D21426A68469047020035D013
:1054A00039460098904754F825000026401C2BE010
:1054B000FDF7C6FB009020B3C0680D21426A684624
:1054C0009047020022D039460098904700261DE000
:1054D00054F8250001280FD12846FDF7B1FB0090B4
:1054E00050B1C0680D21426A68469047020003D05F
:1054F000394600989047002654F8250010B1012144
:1055000001E003E00021401A44F825003046F8BDD0
:10551000F003002070B5FF23B3EB116F2CD0C3B2A2
:1055200013FB02F500F47F4400F47F03544353431C
:10553000000E10FB02F6C2F1FF00CAB212FB0052CD
:1055400001F47F4505FB004401F47F0505FB0033B2
:10555000090E11FB0065C2F307204FF47F024FF4E0
:105560007F4102EA132201EA14214FF07F430843EE
:1055700003EA05431043184370BD2DE9F04F15466B
:10558000DDE90CB90C4606464FF0000818E00B9F09
:105590004FF0FF0A01CE08CCAAEB106202FB09F221
:1055A000B2FBFAF1CAB21946FFF7B4FF20F07F4010
:1055B00001C57F1EEED1099808F1010804EB8004B3
:1055C000D845E4D3BDE8F08F0B88134403808B8863
:1055D0009B1A83804B8813444380C988891AC180F1
:1055E0007047000002494A69426048617047000004
:1055F000A00200202DE9F8430768064688460025EA
:10560000384600F083F840B3404600F08FF8441C61
:105610003846FDF77BF884420CD1F4B13846FDF7EB
:105620008BF8224641460090FAF770FF6846FDF776
:10563000C1F811E02046FCF781FF04000DD0FDF712
:105640007BF841460090FAF73DFF6846FDF7B2F857
:105650003046FCF7CBFF346001252846BDE8F883CF
:1056600010B502E000F8011B521E0AB18307F9D100
:10567000930818D001EB014402F0030204EB042468
:1056800005E0046044608460C46010301B1F042B7C
:10569000F7DA01E010C05B1E002BFBD103E000BF76
:1056A00000F8011B521E002AFAD110BD10B5830765
:1056B00002D520F8021B521E530810D001EB014402
:1056C000042B08DB046044608460C46010301B1F3E
:1056D000042BF7DA01E010C05B1E002BFBD1D207D0
:1056E00000D0018010BD000000B907A021B906A1BB
:1056F00002E03AB1401C491C02780B789A42F8D07B
:1057000001207047002070470000000038B50D46AA
:10571000012448B1FDF710F829460090FFF7E4FF97
:1057200004466846FDF746F8204638BD4FF0FF3185
:1057300020B110F8012B491C002AFAD10846704705
:1057400000BFFEE77CB504460025002001900090D4
:105750005F48008800045F4908600D2048604020D1
:1057600088600020C8604FF480600861084603F03C
:10577000D3F959480068009002E05748006800904B
:10578000009800F045000028F7D0009800F00400D1
:1057900028B10325042003F01FF928467CBD00989A
:1057A00000F0010028B10125012003F015F9284679
:1057B000F4E703F059F9009000980D2802D0102565
:1057C0002846EBE740F2FF5003F006F9002003F013
:1057D00065F901900198C0F3432020703F4901987A
:1057E000084008B92846D9E7019800F0004008B100
:1057F0001C20D3E7019800F0804008B10920CDE7D4
:10580000019800F0005008B10A20C7E7019800F0A5
:10581000805008B10B20C1E7019800F0006008B18A
:105820000C20BBE7019800F0806008B10D20B5E7BF
:10583000019800F0807008B10E20AFE7019800F4E5
:10584000000008B10F20A9E7019800F4800008B11A
:105850001020A3E7019800F4001008B111209DE783
:10586000019800F4801008B1122097E7019800F425
:10587000002008B1132091E7019800F4802008B1BE
:1058800014208BE7019800F4003008B1152085E75B
:10589000019800F4803008B116207FE7019800F4E9
:1058A000004008B1172079E7019800F4804008B162
:1058B000182073E7019800F4005008B119206DE733
:1058C000019800F0080008B11A2067E7284665E74C
:1058D00050000020282A0020342C014008E0FFFD61
:1058E00002490A680860104670470000FC04002066
:1058F00030B5014601F01F04C1F34513CA0AE502A1
:1059000005EB43151544A8B230BD000070B5044640
:10591000002617480588408845431548808846F684
:105920000401884216D112488079012812D1002042
:105930000F4988712A2048812B2088810021084640
:1059400001F006F801200A4988712B2048812A209D
:10595000888103E00021084600F0FAFF01F02CFAEC
:10596000002602E003480480761CAE42FAD370BDE4
:10597000002A0020000008600449054A0968497CA3
:1059800052F821100969096808470000AC0200209C
:10599000C402002010B50446002C52D15849887129
:1059A000F02008804FF4A07048800846808849F2B3
:1059B000413188420BD05248808846F60401884223
:1059C00005D04F48808845F2103188421AD12C20EA
:1059D0004B4908812A2048812B20888108468088ED
:1059E00046F60401884205D04548808845F21031CA
:1059F000884206D14FF4A070414908804FF4F070FE
:105A0000488079E03E48808845F21051884210D1A4
:105A10004FF430503A4908814FF4285048814FF4F0
:105A20002C5088814FF4F07008804FF44870488003
:105A300062E022203249088120204881212088818B
:105A40005AE001202E4988714FF4A0700880F020A0
:105A500048800846808849F24131884205D028486C
:105A6000808845F21031884207D12C2024490881D2
:105A70002A2048812B2088812BE02148808846F607
:105A80000401884207D12C201D4908812B20488120
:105A90002A2088811DE01A48808845F210518842EA
:105AA00010D14FF43050164908814FF428504881E6
:105AB0004FF42C5088814FF4487008804FF4F070F8
:105AC000488006E022200E490881212048812020BC
:105AD00088810B48808846F60401884205D0084832
:105AE000808845F21031884206D14FF4F0700449A5
:105AF00008804FF4A0704880002000F063FD10BDC6
:105B0000002A00202DE9F04F05468DB07C48DDF8D5
:105B100060901A9C00681E4617464FF0000A78B144
:105B20001B9B199ACDF808900593CDE90324DDE974
:105B30001623CDE90023046833463A46284682E01E
:105B4000DDE9160201EB060805EB070C1043A8F18E
:105B50000108ACF1010C012806D0C9F1080005903C
:105B6000002002910890C8E066480268B2F90A3045
:105B7000581A002806DD361A002E65DD1946199BD5
:105B800000FB0344B2F90E00A8EB0000002802DD80
:105B9000361A002E58DDB2F90C00ACEB00000028DC
:105BA00000DD3F1AB2F908300020AB4237DD581B48
:105BB0003F1A4B46B9F1080F28D007DC012B0DD056
:105BC000022B13D0B9F1040F29D117E0102B1FD0ED
:105BD000182B20D0B9F1200F21D11CE020F00703B1
:105BE00004EBE0041D4400F0070018E020F003037C
:105BF00004EBA0041D4400F0030010E020F00103BA
:105C000004EB60041D4400F0010008E0044404E0DB
:105C100004EB400401E004EB800405440020002F65
:105C200012DD1B9BDDF864C0CDE90403CDE902C49D
:105C3000CDE90069527C34483B4650F82200C268E6
:105C400054680A462946A0470DB0BDE8F08F179961
:105C50000298084409902B49401E00900A68B2F946
:105C60000A30834241DCB2F90E10029881423CDBDB
:105C70004FF0000BD84603950B9434E0BBF1000FB6
:105C800005D10B984FF0080B10F801AB0B9005995C
:105C9000ABEB090B3AFA01F00AFA09F101F0FF0A3D
:105CA00004D118490968097C890716D4154909687F
:105CB000C96B0A680C921B9A0AB152F8200008605E
:105CC00016990398009B4218521E029900F0A0F901
:105CD0000C490C980968C96B08600399169808F17B
:105CE000010808440390B845C8DB0898401C089098
:105CF00009980290199804440898B042A7DBA3E7DA
:105D0000D8020020AC020020C4020020F0B40C46EF
:105D100012490968B1F90A30A3421CDCB1F90E300E
:105D2000A34218DBB1F90830834200DD1846B1F90F
:105D30000C30934200DA1A4682420CDB4B7C084955
:105D400051F8235013462246E9688E6801462846DA
:105D5000B446F0BC6047F0BC70470000AC020020C5
:105D6000C40200202DE9FF4F84B081468A460020FE
:105D7000039002900698A0EB09050798A0EB0A068D
:105D8000CDF80490CDF800A0002D01DD012705E03D
:105D90000DB9002702E04FF0FF376D42002E02DD03
:105DA0004FF0010806E016B94FF0000802E04FF08E
:105DB000FF387642B54201DD2C4600E034464FF014
:105DC000000B21E0009A91B2019A90B200F056F8CF
:105DD0000398284403900298304402900398A0420C
:105DE00005DD0398001B0390019838440190029848
:105DF000A04205DD0298001B0290009840440090EC
:105E00000BF101001FFA80FB601C8345DADD08B04E
:105E1000BDE8F08F0A46174930B40968B1F90A3075
:105E2000934225DCB1F90E30934221DBB1F9083001
:105E300083421DDCB1F90C30834219DB0B7C0E4C24
:105E4000DB0709D0497C54F82130D968CC69014678
:105E5000A44630BC18466047CB6B497C1B6854F89D
:105E60002140E1688D6901462046AC4630BC604760
:105E700030BC7047AC020020C402002030B504469C
:105E80000D462946204600F063FD00F095FF0248CC
:105E900000880249088030BD000000200000086032
:105EA000124B30B41B68B3F9084084421CDCB3F9D0
:105EB0000C40844218DBB3F90A408C4200DD2146D5
:105EC000B3F90E40944200DA22468A420CDB5C7C35
:105ED000074B53F82440E368DD6813460A46014641
:105EE0002046AC4630BC604730BC7047AC02002056
:105EF000C402002070B504460D461646424880880C
:105F000049F24131884205D03F48808845F210313E
:105F1000884214D13C49488900F042FF201200F029
:105F200033FFE0B200F030FF3749888900F038FFD6
:105F3000281200F029FFE8B200F026FF5DE03248A9
:105F4000808845F21051884220D12F49488900F0BD
:105F500027FF201200F018FF2B494989491C88B2FD
:105F600000F01EFFE0B200F00FFF2749888900F023
:105F700017FF281200F008FF23498989491C88B2BD
:105F800000F00EFFE8B200F0FFFE36E01E48808809
:105F900046F6040188421DD11B488079012804D1AE
:105FA00019480088401E001B84B21749488900F038
:105FB000F7FE201200F0E8FEE0B200F0E5FE124924
:105FC000888900F0EDFE281200F0DEFEE8B200F055
:105FD000DBFE12E00C488079012804D10A480088D1
:105FE000401E001B84B208494889214600F0EEFE9D
:105FF00005498889294600F0E9FE034800890349DC
:106000000880881C068070BD002A0020FEFF076003
:1060100038B5134C2468B4F90850854200DD284691
:10602000B4F90C50954200DA2A46824217DBB4F9E3
:106030000A508D4200DD2946B4F90E509D4200DA27
:106040002B468B420BDB0093647C064B53F82440B9
:10605000E3681D6913460A4601462046A84738BD35
:10606000AC020020C402002008210DF0FDBF00009A
:1060700002480068806B006870470000AC02002096
:1060800002480068C06B006870470000AC02002046
:10609000024809210068407C0DF0E6BFAC020020F8
:1060A00009210DF0E1BF70B500252C462046FCF714
:1060B000C7FD00B16D1C641C022CF7DB284670BDC7
:1060C00002480068407C00F003B80000AC020020E9
:1060D00010B5FCF7B5FD002805D0C168CA6ABDE857
:1060E00010400221104710BDF8B515460E46012498
:1060F000FCF7A6FD009058B1C0680421426A6846CA
:106100009047030004D02A4631460098984700245F
:106110002046F8BD03210DF0A7BF03200DF0F3BF0B
:1061200004210DF0A1BF0000024801210068407C5D
:106130000DF09ABFAC02002001210DF095BF0000C8
:10614000024802210068407C0DF08EBFAC020020A6
:1061500002210DF089BF00F001B800002DE9F041E7
:10616000002809D0876837B10D4E716819B10468ED
:10617000B4F5807F02DD0020BDE8F0813068844204
:1061800000DD0446002507E057F82500FFF7F4FB83
:10619000716841F825006D1CA542F5DB7068EBE7DE
:1061A0004C0400200449054A0968497C52F8211032
:1061B0000969496808470000AC020020C4020020B9
:1061C0007047704710B500F01F01074A074BC0F336
:1061D0004514C0F3C4201B5D105C515C00EB032030
:1061E00000EB014010BD00004CA401086CA40108A4
:1061F00010B50A4C606860B920688000FCF712FA9C
:10620000606040B104F10801054808600846FFF7E6
:10621000E9F9002010BD012010BD00004C04002051
:10622000A54701082DE9F041FFF73DFF074600258E
:1062300028E02846FCF704FD18B32846FDF7E0FEE9
:1062400080462846FFF710FF082817DC0F48104942
:1062500050F825000069884210D02846FFF720FF3B
:106260000646002408E0E0B2FFF79CFF0246E1B2D8
:10627000284600F0F9FB641CB442F4DB4046FDF70D
:10628000BFFE6D1CBD42D4DBBDE8F081C40200201E
:10629000E8B4010810B50246012000E050430B1E8F
:1062A000A1F10104E1B2F9D110BD000008B5034825
:1062B00000880090BDF8000008BD000000000860E4
:1062C0002DE9F04105460E4600240027A0464F4820
:1062D0000088A84203DD4D484088B04202DC00201F
:1062E000BDE8F0813146284600F032FB47488088FF
:1062F00049F2413188420BD04448808846F6040177
:10630000884205D04148808845F21031884203D147
:106310002E2000F045FD0DE03C48808845F21051EC
:10632000884204D14FF4385000F03AFD02E02220B8
:1063300000F036FD3548808849F22031884202D18C
:10634000022011F09FF83248008800B1002402209A
:1063500011F098F82E4804882C48808849F2413181
:1063600088420BD02948808845F21031884205D0F8
:106370002648808845F2105188420AD1022011F047
:1063800081F82348B0F80080E7B24FF6FF7000EACA
:1063900007271E48808849F22531884216D01B48BD
:1063A000808844F23551884210D018488088091FEF
:1063B00088420BD0154880884BF20551884205D0A1
:1063C000124880884CF20551884201D1204687E767
:1063D0000E48808849F2413188420BD00B488088B2
:1063E00045F21031884205D00848808845F21051A6
:1063F000884207D1E012C002B91240EA411040EAD7
:10640000E8206DE72046FFF773FA69E7002A0020CD
:10641000000008602DE9FF4F83B01646DDE910400B
:106420008B46C0684769426A7AB1012111A890473A
:1064300005000AD00698CDE9000433465A46039970
:106440001198A84707B0BDE8F08F57480068407C16
:10645000FCF71CFF8246082801DC012005E0BAF1A8
:10646000100F01DC022000E004208046002596E0A9
:106470004046B8F1010F05D0022871D0B8F1040FE1
:1064800025D17CE0BAF1090F21D2DFE80AF08605B8
:10649000213F3F5959595900039815E001465A4682
:1064A0001198B847C5F1070188404FF67F722178EF
:1064B000EA40114001436D1C217004EBE50425F016
:1064C0000700054109F101008146B042E6DD64E0C4
:1064D000039817E001465A461198B8470621A1EBE8
:1064E000450188406B004FF63F722178DA40114039
:1064F00001436D1C217004EBA50425F00300054148
:1065000009F101008146B042E4DD46E0039813E062
:1065100001465A461198B8470421A1EB85018840ED
:106520002178AB000F229A401140014321702C4486
:1065300085F0010509F101008146B042E8DD2CE05B
:10654000DDF80C9007E001465A461198B8472070D4
:1065500009F1010944444846B145F4DD1DE0FFE777
:10656000DDF80C9007E001465A461198B8472080A4
:1065700009F1010944444846B145F4DD0DE0DDF878
:106580000C9007E001465A461198B847206009F17F
:10659000010944444846B145F4DD0BF1010B06996D
:1065A0008B457FF765AF4DE7AC02002001B5BDF824
:1065B000000000F0F5FB052010F052FAFFF776FE20
:1065C00008BD0000F0B5054600240027A9488079E1
:1065D00001281ED1A748808846F60401884218D0B9
:1065E000082D15D2DFE805F00406080A0C0E10127B
:1065F00006250DE007250BE0042509E0052507E049
:10660000012505E0002503E0032501E0022500BF88
:1066100000BF9848808849F24131884211D095489E
:10662000808846F6040188420BD09248808845F263
:106630001031884205D08F48808845F21051884239
:106640007ED1082D1CD2DFE805F00406090C0F12DC
:10665000151800BF14E044F0800411E044F0400439
:106660000EE044F0C0040BE044F0200408E044F0E5
:10667000600405E044F0A00402E044F0E00400BF40
:1066800000BF7C48808845F21051884202D14FF407
:10669000585700E036277748808845F21031884205
:1066A00007D07448808845F21051884201D044F0E8
:1066B00008047048808846F60401884201D144F0FD
:1066C00002042146384600F081FB04F0200018B98E
:1066D0006848807901280DD1664800886549498855
:1066E000884214DA63480688408862490880084670
:1066F00046800CE05F4800885E494988884206DD94
:106700005C48068840885B490880084646805948AE
:10671000808845F21051884254D15649488900F08A
:106720003FFB002000F030FB52494989491C88B2E8
:1067300000F036FB002000F027FB4E49498900E0BD
:106740006FE0891C88B200F02BFB4A490988491E7A
:10675000C1F30F2000F018FB46494989C91C88B2D3
:1067600000F01EFB43490978491EC8B200F00CFB3B
:106770004049888900F014FB002000F005FB3D49EA
:106780008989491C88B200F00BFB002000F0FCFA5C
:1067900038498989891C88B200F002FB354949884B
:1067A000491EC1F30F2000F0EFFA32498989C91C54
:1067B00088B200F0F5FA2F498978491EC8B200F076
:1067C000E3FA55E02B49488900F0EAFA002000F08E
:1067D000DBFA002000F0D8FA26490988491EC1F3E7
:1067E0000F2000F0D1FA23490978491EC8B200F001
:1067F000CBFA2049888900F0D3FA002000F0C4FACF
:10680000002000F0C1FA1B494988491EC1F30F203E
:1068100000F0BAFA17498978491EC8B200F0B4FAF4
:1068200026E0082D1CD2DFE805F004070A0D0F1240
:10683000151844F0300413E044F0100410E044F064
:1068400020040DE000BF0BE044F0380408E044F001
:10685000280405E044F0180402E044F0080400BFF6
:1068600000BF032744F480542146384600F0AEFAB6
:10687000F0BD0000002A002010B50E4C0E49206823
:10688000407C51F8200050B1C1680968042903D048
:1068900000680028F8D102E008B1FCF7ACF92068E4
:1068A0000021016600F108014161BDE8104000F0DF
:1068B0002FB80000AC020020C40200200149096882
:1068C0004968084748040020044909680A7C5207BF
:1068D00001D5C96B00E0896B08607047AC020020ED
:1068E0007CB5094C05462068417C084850F82100D9
:1068F000C1680A6B6946904720686A462946083095
:10690000FEF781FD7CBD0000AC020020C402002027
:106910000448016804484A7C083150F82200C268E3
:10692000126B1047AC020020C40200200149096824
:106930000968084748040020044909680A7C52078E
:1069400001D5896B00E0C96B08607047AC0200207C
:1069500030B504460D464048808849F241318842AE
:1069600005D03D48808845F21031884214D13A491B
:10697000488900F015FA201200F006FAE0B200F0A3
:1069800003FA3549888900F00BFA281200F0FCF967
:10699000E8B200F0F9F95DE02F48808846F604017E
:1069A00088421DD12C488079012804D12A480088CA
:1069B000401E001B84B22849488900F0F1F92012DA
:1069C00000F0E2F9E0B200F0DFF92349888900F035
:1069D000E7F9281200F0D8F9E8B200F0D5F939E06B
:1069E0001D48808845F21051884220D11A494889B3
:1069F00000F0D6F9201200F0C7F917494989491C5F
:106A000088B200F0CDF9E0B200F0BEF912498889F1
:106A100000F0C6F9281200F0B7F90F498989491C1E
:106A200088B200F0BDF9E8B200F0AEF912E00A4811
:106A30008079012804D108480088401E001B84B2D8
:106A400005494889214600F0C1F90349888929464A
:106A500000F0BCF930BD0000002A0020014909689F
:106A60008968084748040020F8B515460E460124F9
:106A7000FCF7E6F8009058B1C0681021426A6846F9
:106A80009047030004D02A463146009898470024D6
:106A90002046F8BDF8B515460E460124FCF7D0F89F
:106AA000009058B1C0680321426A684690470300CD
:106AB00004D02A4631460098984700242046F8BD65
:106AC000F8B515460E460124FCF7BAF8009058B107
:106AD000C0680B21426A68469047030004D02A46EA
:106AE00031460098984700242046F8BDF8B5154671
:106AF0000E460124FCF7A4F8009058B1C0680A21A2
:106B0000426A68469047030004D02A4631460098FE
:106B1000984700242046F8BD38B50D460124FCF7FF
:106B20008FF8009050B1C0680621426A68469047CD
:106B3000020003D02946009890470024204638BD23
:106B40002DE9F84F0746884616461C46C3462046A0
:106B5000E31704EB5373DB1021464FEAE47C04EBAC
:106B60005C7C4FEAEC0CA4EBCC0CBCF1000F02D027
:106B70004FF0010C01E04FF0000C6344224604EB9F
:106B8000D27C4FEA6C0C03FB0CF3DBB20093A6F152
:106B90002000C6B2002556E00C2C07D106EB4600BB
:106BA0002B4901EB800010F8059013E0102C05D163
:106BB000284800EB061010F805900BE0182C07D1C0
:106BC00006EBC600244901EB800010F8059001E0B7
:106BD000BDE8F88F4FF0000A2FE009F0800030B1D7
:106BE0001E48028841463846FFF784F907E00A98B4
:106BF00028B91B48028841463846FFF77BF94FEA1F
:106C000049604FEA106908F101001FFA80F8154841
:106C10000088B84200DCDBE7A8EB0B00A04208D1FB
:106C2000D846781C87B20F480088B84200DCCFE70E
:106C300006E00AF1010000F0FF0ABAF1080FCCDB10
:106C400000BF681CC5B200988542A5DB00BFBFE746
:106C50007C7F0108F0830108E08901080000002022
:106C600002000020002A00202DE9FF4F81B00746D6
:106C700091461E460E9D4FF0000A002439E0301B5D
:106C8000401EC1B20A20FFF705FBB9FBF0F00A2154
:106C9000B0FBF1F201FB1208BAF1000F16D1701E21
:106CA000A04213DDB8F1000F0ED10020AB4605EB7A
:106CB000DB71491001FB0471009088B22B46202241
:106CC0000299FFF73DFF12E04FF0010A0020AB46AA
:106CD00005EBDB71491001FB0471009088B208F1EB
:106CE0003001CAB22B460299FFF72AFF00BF601C91
:106CF000C4B2B442C3DB05B0BDE8F08F2DE9F8475C
:106D000004460D4690469946DDE9096704F0FF0AFE
:106D100008EB04001FFA80F809EB05001FFA80F960
:106D200016E0444502DB5446A81985B24D4500DB08
:106D300014E0002000903A78334629462046FFF7B9
:106D4000FFFE304606EBD07104EB61018CB27F1C74
:106D500038787E2802DC38782028E2DA00BFBDE8E7
:106D6000F887000010B5074C2068006BFEF704FEA2
:106D7000FFF7E2FD2068406BFEF7FEFDBDE8104026
:106D8000FFF7A2BDAC02002001B5BDF800000090E5
:106D9000BDF800000149088008BD0000000008603F
:106DA00001B5BDF800000090BDF800000149088061
:106DB00008BD0000FEFF0760024800890249088004
:106DC00070470000002A0020FEFF076003B5BDF8F1
:106DD0000000024A1080901C01800CBDFEFF07607D
:106DE00008B500231A4665496548FBF7A5FE6548C6
:106DF000808845F21051884239D162484288018822
:106E00000020FFF75DFE5F48428801880020FFF701
:106E10006DFE5C48807998B940F2B31000234FF4BE
:106E2000F072194600901846FDF730FA40F21F3014
:106E30000023421C194600900120FDF727FA9BE031
:106E40000620FDF729FB40F2B31000234FF4F07247
:106E5000194600901846FDF719FA40F21F3000233A
:106E6000421C194600900120FDF710FA84E04548C5
:106E7000808845F21031884205D04248808846F625
:106E8000040188423BD13F48428801880020FFF737
:106E900017FE3C48428801880020FFF727FE39484A
:106EA0008079A0B9E22040F65B734FF4A072002114
:106EB00000900846FDF7EAF9C42040F6ED634FF470
:106EC000F072002100900120FDF7E0F954E0062067
:106ED000FDF7E2FAE22040F65B734FF4A072002166
:106EE00000900846FDF7D2F9C42040F6ED634FF458
:106EF000F072002100900120FDF7C8F93CE0214824
:106F0000428801880020FFF7DBFD1E484288018887
:106F10000020FFF7EBFD1B488079B8B90120FDF791
:106F2000BBFA40F63F700090164802889B23002170
:106F30000846FDF7ABF940F65F70009011484288B3
:106F4000BC2300210120FDF7A1F915E00720FDF782
:106F5000A3FA40F63F709B23F022002100900846E0
:106F6000FDF794F940F65F70BC234FF4A072002146
:106F700000900120FDF78AF908BD0000A0980108E3
:106F80006C970108002A002010B503461446012919
:106F900001D1002010BD4FF0FF3200BF00BF1046EE
:106FA000F8E700002DE9FF4F8DB01746674ADDF87E
:106FB00070901E9E209812681D4600248AB11D9B69
:106FC0001F98CDE90293CDE90460DDE91A03CDE90C
:106FD000000314682B463A460D98A04711B0BDE84F
:106FE000F08F0D9A01EB050802EB070CDDE91A237F
:106FF0001A43A8F10108ACF1010C012A06D0C9F12D
:1070000008004FF0000B029105909CE0504A126876
:10701000B2F90A40631A002B06DDED1A002DDDDD02
:1070200021461D9C03FB0466B2F90E30A8EB030356
:10703000002B02DDED1A002DD0DDB2F90C30ACEBE7
:107040000303002B00DDFF1A0D9B1C1AB2F9083058
:10705000A3420DDDA3EB040C0CEB0003181A20F087
:1070600007000444A7EB0C0706EBE30603F0070058
:10707000002FB3DD1F9BDDF874C0CDE90403039638
:107080008DE82012527C33483B4650F82200C268FB
:1070900055680A462146A847A0E71B99029808446C
:1070A00009902B49401E03900A68B2F90A308342C6
:1070B00043DCB2F90E10029881423EDB4FF0000A29
:1070C0000D980B96D046009035E000BFBAF1000F46
:1070D00005D10B984FF0080A10F8014B0B90059959
:1070E000AAEB090A34FA01F004FA09F4E4B204D173
:1070F00017490968097C890717D415490968C96BBC
:107100000A680C921F9A0AB152F820000860009990
:107110001A980A180846DDE90213521EFEF778FF96
:107120000B490C980968C96B086000991A9808F116
:10713000010808440090B845C8DB099802901D98E2
:107140000BF1010B0644AB45A7DB47E7D802002053
:10715000AC020020C4020020002818D0410817D03B
:10716000810817D0C10817D0010917D0410917D0DD
:10717000010A17D0410A17D0010B15D0C10B13D04B
:10718000010C11D0810C11D0000E11D020207047BD
:107190000120704702207047032070470420704789
:1071A0000520704708207047102070471220704754
:1071B0001820704700B50022FFF7CEFF012804D049
:1071C000811E062903D808220BE0012209E0A0F164
:1071D0000901072901D8102203E011380F2800D82F
:1071E0002022104600BD00001CB50121084601F018
:1071F000B1FA2220009001208DF8040000208DF8C3
:10720000060003208DF8050001208DF8070069466F
:107210000348FAF781FF22210148FAF7E8FF1CBD75
:107220000000024000BFFEE77047000070B500217B
:1072300000230F22C4781CB3174C246804F4E064C4
:10724000C4F5E064C4F30721C1F10404E3B20A41C8
:1072500044789C40E1B28478144021430C07210E0D
:107260000E4C05786155047804F01F050124AC40EC
:1072700005786D11AD0005F1E025C5F8004109E084
:10728000047804F01F050124AC40054D0678761102
:1072900045F8264070BD00000CED00E000E400E081
:1072A00080E100E002490143024A1160704700009A
:1072B0000000FA050CED00E010B500F013F800F046
:1072C000FDFE00F025FF00F045FF00F0CDFE00F0D0
:1072D0008DFE00F0D9FF00F07DFF00F0A3FF00F06D
:1072E00002F810BD7047704706480078012808D1A1
:1072F00005480078FF2804D203480078401C024962
:1073000008707047E6000020D900002010B5002466
:107310001A480078012830D1F8F7D6FF04461848FB
:10732000007820B116480078401E154908701448AE
:107330000078F8B913480078E0B901F007F812486E
:107340001249097850F82100114908600F48007867
:107350001049097888420DD00D480068806B401CA8
:107360000B49096888630C480068401C0A4908609A
:10737000F8F7CAFF2046F8F7ABFF10BDE600002083
:10738000D9000020DA000020B0740120DC000020C9
:10739000F4000020DB000020C000002070B505468E
:1073A00000260F48007808B1002070BDF8F78CFF68
:1073B00006460C480468006820B10A480068406826
:1073C000084908603046F8F783FF3CB1012020707F
:1073D000002020816560204600F0FAFD2046E4E7A9
:1073E000D9000020C400002010B500240B4800780C
:1073F000012811D1F8F768FF04460948007840B920
:1074000008480078FF2804D206480078401C054947
:1074100008702046F8F75CFF10BD0000E600002071
:10742000D9000020DA00002010B5002413480078AD
:10743000012821D1F8F748FF044611480078C0B16F
:107440000F480078401E0E4908700846007860B961
:107450000C48007828B92046F8F73AFF00F03CFFC6
:107460000AE02046F8F734FF06E02046F8F730FF40
:1074700002E02046F8F72CFF10BD0000E6000020D7
:10748000DA000020D900002070B5054600260F481C
:10749000007808B1002070BDF8F716FF06460C48CA
:1074A0000468006820B10A4800684068084908601C
:1074B0003046F8F70DFF3CB10320207025810020F5
:1074C0006060204600F084FD2046E4E7D9000020FB
:1074D000C40000202DE9F04105460E461446002761
:1074E0002878032803D001202070BDE8F0813148BE
:1074F000007810B102202070F7E72F48007810B113
:107500000D202070F1E7F8F7DFFE0746288940B12B
:107510002889401E28813846F8F7DAFE00202070BE
:10752000E3E72648006890F8300040F00100234966
:10753000096881F8300000202049096881F831008D
:107540001E480068C662284600F004FD3846F8F779
:10755000BFFE00F0C1FEF8F7B7FE07461748006807
:1075600090F8310020B1012809D0022806D102E0AC
:10757000002020700BE00E20207008E000BF29469C
:107580000E48006800F0D0FC0A20207000BF00BF49
:1075900000200A49096881F830000849096881F823
:1075A000310006490968C8613846F8F791FE00BF06
:1075B0009BE70000D9000020DA000020EC0000204A
:1075C00070B5044600252078032801D0012070BD45
:1075D000F8F77AFE0546A07A60B100230122194629
:1075E000204600F05FFC2846F8F772FE00F074FEBB
:1075F0000020ECE720894FF6FF71884207D22089EE
:10760000401C20812846F8F763FE0020DFE728466B
:10761000F8F75EFE3320DAE710B50B48007890B932
:1076200000F094FE094800780949087009480749A4
:10763000097850F8210008490860084600680749A1
:107640000860F8F748FE10BDE6000020DC000020CE
:10765000DB000020B0740120F4000020EC000020CA
:1076600010B50024022000F02BFBF8F72DFE044695
:1076700000200B4908602046F8F72AFE642000F03D
:107680001FFBF8F721FE044605480068054908601D
:107690000120054908702046F8F71AFE10BD0000C9
:1076A000E8000020D0000020D80000207047000033
:1076B0002DE9FE4F06460F4690461C464FF0000946
:1076C000F8F702FE81461F48007828B14846F8F7CF
:1076D000FFFD3C20BDE8FE8F1B4850F8240060BB36
:1076E0000120194941F824004846F8F7F1FD00232C
:1076F00042463946304600F0B5F9824600200090F7
:1077000001900346024651460290204600F034FEA6
:10771000054635B90D48007801280CD100F0DCFD94
:1077200009E0F8F7D1FD81460020074941F824001F
:107730004846F8F7CDFD2846CCE74846F8F7C8FD9F
:107740002820C7E7D9000020B0740120E6000020FF
:107750002DE9F04F85B081468A4693461C46DDE907
:107760000F78129D00200390F8F7AEFD0390234898
:10777000007830B10398F8F7ABFD3C2005B0BDE8C8
:10778000F08F1F4850F8240088BB01201C4941F8A5
:1077900024000398F8F79CFD2A464146384600F03D
:1077A00007FF2B465A465146484600F05BF90490C5
:1077B0001198CDE9008002953A4620460E9B049927
:1077C00000F0DAFD064636B90E48007801280CD1E3
:1077D00000F082FD09E0F8F777FD039000200849EA
:1077E00041F824000398F8F773FD3046C6E7FFE739
:1077F0000398F8F76DFD2820C0E70000D9000020AD
:10780000B0740120E6000020704700002DE9F0412F
:10781000054600274748007810B14020BDE8F081B8
:107820003F2D01D13E20F9E7F8F74EFD0746FF2D29
:1078300003D14148006890F83250404850F8254044
:1078400024B93846F8F744FD4320E7E7012C04D17A
:107850003846F8F73DFD3D20E0E714F8340F38498D
:10786000085C617888432178354A505414F834090B
:107870001146085C30B994F83610324800788843D5
:1078800030490870E06918B12046E16900F04CFB0E
:10789000666A16B1304600F0D5FB0020E06284F83D
:1078A000300084F8310028480078FF2804D22648A8
:1078B0000078401C244908703846F8F709FD00F0AC
:1078C000F0FAF8F701FD07461F48007820B11E487E
:1078D0000078401E1C490870204600F041F81B4803
:1078E0000078401E194908700020144941F825000D
:1078F000A06930B900206169886115496069086034
:1079000005E0D4E905014861D4E905108861114812
:10791000006860610F4804600FA0E0643846F8F723
:10792000D7FC0E480078012801D100F0D5FC0020DA
:1079300074E70000D9000020EC000020B0740120A2
:10794000DE000020DD000020DA000020E70000203B
:10795000F8000020F00000203F000000E6000020BA
:10796000704770472DE9F04106460F4614464FF028
:1079700000081548007818B112202070BDE8F08189
:10798000F8F7A2FC8046FF2E03D11048006890F85B
:1079900032600F4850F826502DB94046F8F798FC51
:1079A00043202070EAE7012D05D14046F8F790FC0E
:1079B00043202070E2E7EF644046F8F789FC00209E
:1079C000207000BFDAE70000D9000020EC000020A2
:1079D000B0740120704770472DE9F04707460D4607
:1079E0004FF0000A002028606860F8F76DFC8246BE
:1079F000FF2F03D11948006890F83270184850F8EA
:107A000027402CB95046F8F763FC4320BDE8F087C7
:107A1000012C04D15046F8F75BFC4320F6E7207CAC
:107A200000F0010020B95046F8F752FC4520EDE780
:107A30000026D4F80C90D4F808805046F8F748FC9B
:107A400000E0761C58F8041B0029FAD0B00028602A
:107A5000A9EB0600800068600020D7E7EC0000205A
:107A6000B074012070B5044610460026051F284654
:107A70002E604FF48056051F28462E601526051FE0
:107A800028462E601426051F28462E601326051F43
:107A900028462E601226051F28462E601126051F37
:107AA00028462E601026051F28462E600926051F31
:107AB00028462E600826051F28462E600726051F2B
:107AC00028462E600626051F28462E600526051F1F
:107AD00028462E600426051F28462E600326051F13
:107AE00028462E600226051F28462E600126051F07
:107AF00028462E600026051F28462E604FF0807510
:107B00000560051F28462C60414E051F28462E6043
:107B10004FF01236051F28462E604FF00336051F22
:107B200028462E604FF00236051F28462E6076103C
:107B3000051F28462E60051F284629603126051F8F
:107B400028462E603026051F28462E602926051F50
:107B500028462E602826051F28462E602726051F4A
:107B600028462E602626051F28462E602526051F3E
:107B700028462E602426051F28462E602326051F32
:107B800028462E602226051F28462E602126051F26
:107B900028462E602026051F28462E601926051F20
:107BA00028462E601826051F28462E601726051F1A
:107BB00028462E601626051F28462E604FF01136E7
:107BC000051F28462E604FF01036051F28462E60F0
:107BD0004FF00936051F28462E604FF00836051F66
:107BE00028462E604FF00736051F28462E604FF0BE
:107BF0000636051F28462E604FF00536051F28461D
:107C00002E604FF00436051F28462E6070BD000020
:107C1000D58400082DE9F04105464FF00008F8F73B
:107C200053FB8046FF2D05D12048006890F8325064
:107C3000012608E01D48006890F83200A84201D1F2
:107C4000012600E000261A4850F825402CB940468D
:107C5000F8F73EFB4820BDE8F081012C04D14046F6
:107C6000F8F736FB4320F6E794F834701148C05D0E
:107C700094F8351088430F49C8550846C05D30B99F
:107C800094F836100C48007888430B49087094F833
:107C9000300040F0080084F830004046F8F718FB48
:107CA000012E01D100F018FB0020D4E7EC000020E9
:107CB000B0740120DE000020DD00002070470000CD
:107CC00070B5054600261748007800B170BD16480B
:107CD000007800B1FAE71DB3F8F7F6FA0646134844
:107CE000006890F834401248005D1049096891F826
:107CF000351088430E4908550846005D40B90B48C9
:107D0000006890F836100B480078884309490870DD
:107D100006480068C5623046F8F7DAFA00F0DCFA87
:107D200000BFD3E7D9000020DA000020EC000020DB
:107D3000DE000020DD0000202DE9F04105460E4662
:107D400017461C461248007810B15520BDE8F08156
:107D50001048007808B13220F8E74FF47A70604399
:107D60004FF47A71B0FBF1F14FF461606843C6EBF8
:107D7000061200EB8200384400EB4002C2EBC01058
:107D800001EBC0084046FFF79BFF0020DEE7000044
:107D9000D9000020DA00002070B50025F8F794FA29
:107DA0000546034804682846F8F792FA204670BD55
:107DB0000401002070B5002600F072F8F8F784FA8C
:107DC000064631480068401C2F4908603046F8F7E5
:107DD0007FFA2E480078012853D12D48007820B131
:107DE000012804D0022809D103E001250BE0002579
:107DF00009E0012501202649087004E00125002042
:107E00002349087000BF00BF05B970BD2148046850
:107E100033E0F8F759FA0646E06A50B3E06A401ECC
:107E2000E062E06A28BB94F8300000F0370040B10F
:107E300014F8300F00F0C800207001206070303C52
:107E400002E0002084F8310094F8300000F00800CF
:107E500078B93434A0781049097808430E4908707D
:107E600020780E49085C6178084314F834190B4AED
:107E7000505464693046F8F72BFA94F832003F28E2
:107E8000C7D100BFC1E7000004010020E6000020C8
:107E9000FC000020F8000020DD000020DE000020B3
:107EA000704770472DE9F04F05460F4690469946BA
:107EB000A87A19490E5C05F10B00805D11F800B03D
:107EC0000BEBC60000F0FF0A144850F82A400020CF
:107ED0002034E0602760207C20EA0800207484F8C9
:107EE0001190207C203C00F0080068B994F836001E
:107EF0000B49097808430A4908700A48805D94F8DC
:107F000035100843074988552946204600F00CF8EB
:107F10005046BDE8F08F0000A0970108B074012022
:107F2000DD000020DE00002010B590F8342001F1C3
:107F30000B039B5C90F83540A34301F10B04A35461
:107F400023469B5C23B98B7A90F83640A3438B720F
:107F500010BD000010B51B4A1268D061194A1268A2
:107F600092F8343000F10B02D25C164B1B6893F888
:107F700035301A43134B1B6893F8344000F10B0360
:107F80001A55827A0F4B1B6893F836301A43827267
:107F90000C4A126892F834100B4A525C094B1B6869
:107FA00093F835309A43084B5A541A46525C42B9FA
:107FB000044A126892F83630044A12789A43034B06
:107FC0001A7010BDEC000020DE000020DD00002053
:107FD000014600228A72002005E0002301F10B0215
:107FE0001354421CD0B20828F7D370472DE9F04152
:107FF0005021114800F03EF900250DE0681C86B2C2
:108000000D4800EB051400EB061700202070676098
:108010000AA0E060681C85B2042DEFD3064800EB8F
:10802000051400202070606004A0E060024804494C
:108030000860BDE8F0810000607001203F00000092
:10804000C800002030B501464A6808682AB9CC68E3
:10805000606028B10025456002E0106000B1426018
:108060008B6800255D6230BD70B5C821114800F0F5
:1080700001F900230FE0581C85B203EB83000D4982
:1080800001EB800405EB850001EB800600202070E9
:108090006660581C83B2092BEDD303EB83000549BE
:1080A00001EB8004002020706060084602490860EF
:1080B00070BD0000986F0120C400002000200A4914
:1080C00008600A4908700A4908700A4908700A4994
:1080D00008700A4908600A4908600A4908600A49A4
:1080E00008600A490870704704010020D900002088
:1080F000DA000020E7000020E6000020C000002099
:10810000E8000020D4000020D0000020D80000208B
:1081100000210A4A1170002004E00021084A11548D
:10812000411CC8B20828F8D30021064A1170064A3B
:108130001170064A1160064A11607047DD00002088
:10814000DE000020DB000020DC000020F400002026
:10815000EC00002070B54FF47C71194800F08AF8EB
:108160004FF48071174800F085F8002413E0601C7C
:10817000C5B2C4EBC40000EB4000114901EB800321
:10818000C5EBC50000EB400001EB80065E610EA070
:10819000D864601CC4B20B2CE9D3C4EBC40000EB60
:1081A0004000074901EB80030020586106A0D86415
:1081B00000200649086002480549086070BD0000BB
:1081C000B0750120B07401203F000000F8000020CD
:1081D000F000002000B587B00320002180220A4B68
:1081E000CDE90132CDE903104FF6FF703F23074A76
:1081F00000900748FFF7ACFA06AA06A13F20FFF758
:10820000B1FB07B000BD0000B0720120AC740120CA
:10821000AD84000875432F4F532D49492049646CA4
:108220006500000000B587B00320002180220A4BC2
:10823000CDE90132CDE903104FF6FE703E23074A27
:1082400000900748FFF784FA06AA06A13E20FFF730
:1082500089FB07B000BD0000B0700120AC720120A6
:10826000ED84000875432F4F532D49492053746105
:108270007400000004E0002200F8012B4A1E91B2B5
:108280000029F8D1704700002DE9F041782110480D
:10829000FFF7F0FF00240DE0601C86B204EB440001
:1082A0000B4901EBC00506EB460001EBC0072F6050
:1082B000601C84B2042CEFD304EB4400044901EBAE
:1082C000C00500202860084602490860BDE8F0812A
:1082D000A07901200001002010B50024F7F7F4FF79
:1082E000044613480078F8B912480078E0B900F065
:1082F0002DF811481149097850F8210010490860FB
:108300000E4800780F49097888420DD00C48006863
:10831000806B401C0A49096888630B480068401C50
:1083200009490860F7F7E9FF2046F7F7D1FF10BDCC
:10833000D9000020DA000020B0740120DC00002009
:10834000F4000020DB000020C00000200649074A9E
:108350001278885C0649095C034A515C01EBC00154
:10836000044A117070470000A0970108DD0000204A
:10837000DE000020DC0000202DE9F84F05460F4606
:1083800090469946DDE90AAB00200090F7F79CFF84
:1083900000903F480468002C74D0183454F8040C42
:1083A0003B4908600098F7F793FF44F8187CA576DE
:1083B000002020766076606144F814BC44F80CAC70
:1083C00044F8108C0C9824F8080C24F8069C002023
:1083D000E077E810207705F00700E076217F0120A4
:1083E0008840A077E17E01208840607700206060AF
:1083F000E060A0602062A0626062E062206325A06D
:108400006063183C002606E0002104F1500040F8AB
:108410002610701CC6B2002EF6D02046FFF746F993
:108420002046FFF7F1F9F7F74FFF00901A4840F8A0
:1084300025401A48006860610020A0611748006864
:1084400010B1164800688461144804603434A07880
:108450001349097808431249087020781149085CCB
:108460006178084314F834190E4A50540E480078C5
:10847000401C0D4908700098F7F72AFF0020BDE85E
:10848000F88FFFE70098F7F723FF4220F7E7000097
:10849000F00000203F000000B0740120F800002030
:1084A000DD000020DE000020E7000020002400BFE7
:1084B00000BFF7F709FF044605480068401C04495F
:1084C00008602046F7F704FFFFF74BFAF1E70000DA
:1084D000E800002010B504480068FFF77BFAFF2091
:1084E000FFF794F910BD0000EC000020002400BF4D
:1084F00002E0C820FFF7E4FB194800780028F8D014
:10850000184800686421B0FBF1F01649086008467D
:10851000006828B9002014490870FF20FFF77AFB93
:1085200000BFF7F7D1FE0446104800681049086004
:1085300000200E4908602046F7F7CAFE0C48006884
:1085400008490968B0FBF1F0C0F164000649087001
:10855000FFF741FA00F00EF86420FFF7B1FBE0E707
:10856000D8000020D0000020CC000020E80000202F
:10857000D40000207CB5002514E069462846FFF7AA
:108580002BFA064666B9094850F8254044B1012C3B
:1085900006D0D4E9020100EB810060640198A06478
:1085A000681CC5B23F2DE8D97CBD0000B074012025
:1085B00002F0010343B102F002032BB102E0491EB5
:1085C000002308C00029FAD1704700000EB5002032
:1085D00002900121062000F0BDF80220009000204A
:1085E0008DF8040001208DF8070069461B48F9F753
:1085F00093FD4FF40050009001208DF804000320FB
:108600008DF8050000208DF8060069461448F9F73A
:1086100083FDF8F7B3FB00201249086064200EF0D8
:10862000F7F901201049C1F8B40264200EF0F0F906
:10863000012000F052F8012202A94FF4506000F02E
:108640001BF89DF8081009A0F7F7A4FE9DF8080094
:10865000802801D100200EBD0120FCE7000402406B
:1086600000080240B40241420000414243545020FD
:1086700049443A25780D0A002DE9F04105460F4698
:108680001646F8F737FCB220F8F702FCF8F77CFC46
:108690002812F8F7FDFBF8F777FCE8B2F8F7F8FBDB
:1086A000F8F772FCF8F726FCB320F8F7F1FBF8F7BF
:1086B0006BFC00240BE0711EA14201D0012100E0FF
:1086C00000210846F8F7B0FB3855601CC4B2B4422C
:1086D000F1DBF8F735FCBDE8F08138B50446002041
:1086E00000900CB180200090012269464FF4506048
:1086F00000F001F838BD2DE9F04104460E4617465A
:108700004FF00008F8F7F6FBB220F8F7C1FBF8F7D6
:108710003BFC2012F8F7BCFBF8F736FCE0B2F8F7A8
:10872000B7FBF8F731FC00250BE0705DF8F7B0FB04
:10873000F8F72AFC8046B8F1000F00D003E0681C6F
:10874000C5B2BD42F1DB00BFF8F7FAFB4046BDE819
:10875000F081000029B1064A12680243044B1A60F6
:1087600004E0034A12688243014B1A60704700001C
:108770003038024029B1064A12680243044B1A609D
:1087800004E0034A12688243014B1A6070470000FC
:108790003838024029B1064A12680243044B1A6075
:1087A00004E0034A12688243014B1A6070470000DC
:1087B0004438024029B1064A12680243044B1A6049
:1087C00004E0034A12688243014B1A6070470000BC
:1087D00024380240F0B500210022002402250026A2
:1087E0000223324F3F6807F00C0121B1042905D064
:1087F000082937D105E02E4F076036E02D4F07607E
:1088000033E02A4F3F1F3F68C7F38056274F3F1F73
:108810003F6807F03F036EB1264FB7FBF3F7DFF871
:108820008CC0ACF1040CDCF800C0CCF3881C07FB56
:108830000CF40CE01E4FB7FBF3F7DFF870C0ACF19F
:10884000040CDCF800C0CCF3881C07FB0CF4174FB9
:108850003F1F3F68C7F301477F1C7D00B4FBF5F75E
:10886000076002E0124F076000BF00BF0F4F3F6874
:1088700007F0F0010909104F7A5C0768D74047609C
:108880000A4F3F6807F4E051890A0B4F7A5C47684A
:10889000D7408760054F3F6807F46041490B064F9A
:1088A0007A5C4768D740C760F0BD000008380240D6
:1088B0000024F40000127A005E0000207CB505461A
:1088C000002400200090019000F0E8F800F0007013
:1088D00010B10E2420467CBD3D49098888B2694606
:1088E000F9F74EFA04460CB12046F4E7012D36D1D3
:1088F000019800F4802000282ED03548008800041C
:108900003449086037204860402088600020C860F3
:10891000A8020861084600F0FFF83720F8F778FB56
:1089200004460CB12046D6E702202A4908600620FA
:108930004860402088600020C8604FF48060086173
:10894000084600F0E9F80620F8F762FB04460CB18F
:108950002046C0E72046BEE725242046BBE7019815
:1089600000F4803078B31A48008800041949086080
:1089700037204860402088600020C8604FF4806045
:108980000861084600F0C8F83720F8F741FB0446B4
:108990000CB120469FE700200E4908600620486081
:1089A000402088600020C8604FF48060086108465D
:1089B00000F0B2F80620F8F72BFB04460CB1204675
:1089C00089E7204687E7FFE72524204683E7000064
:1089D00050000020282A002001490860704700004C
:1089E000382C01400149086070470000382C0140D4
:1089F0000149086070470000A08025420146034AF3
:108A0000106820F0FF00084310607047042C0140FC
:108A100001490860704700008C85254200210B4BFE
:108A200002681A601B1D42681A601A1D116821F045
:108A3000F701D0E902231A4303691A4343691A4331
:108A40001143024A0832116070470000242C014093
:108A500010B50121C802FFF7ADFE00214FF4006000
:108A6000FFF7A8FE10BD000001480068C0B27047C3
:108A7000102C014001460020034A12680A400AB146
:108A8000012000E000207047342C014002480068BB
:108A900000F0030070470000002C014008B50146BB
:108AA000002000900248084400900098006808BD2B
:108AB000142C014010B500F049FC10BD29B1064A44
:108AC00012680243044B1A6004E0034A12688243AE
:108AD000014B1A60704700003C2C014000210A4AFB
:108AE000116847F6FF629143027D83681A43436829
:108AF0001A43C3681A4303681A4303691A431143AC
:108B0000014A116070470000042C014001480068D0
:108B100070470000802C01400021094B02681A6058
:108B20001A1D11686FF30A01D0E901231A43C368C3
:108B30001A4303691A431143014A121D1160704719
:108B4000082C01400149086070470000002C0140DA
:108B500070B590B004460E46154600BF1A48F8F7A7
:108B6000E6FB0028FAD11848F8F72AFB4FF000601E
:108B700001901648029003940495002005900690F9
:108B80004FF48060079080000890800009900020DA
:108B90000A904FF440300B9004200C9003200D906D
:108BA0004FF400000E9080100F9001A90648F8F7CE
:108BB000C9FB20210448F8F7AFFB01210248F8F770
:108BC000F3FA10B070BD000058640240802C0140E0
:108BD00070B50446002520480078032802D12725D7
:108BE000284670BD1C48007838B11B480078012821
:108BF00003D01948007802282CD1B4F5805F02D147
:108C000027252846EDE7B4F5006F13D10120FFF7C3
:108C100055FE0546F5B90020104908750860486002
:108C200088604FF40060C860002008610846FFF7C4
:108C300055FF0FE00020FFF741FE054655B9002023
:108C400006490875086048608860C8600861084681
:108C5000FFF744FF2846C4E74C000020102A0020FC
:108C6000F0B5014600200022BE4B1B7881F856303B
:108C7000BD4B1B88A1F85430BC4B1B681A0E9309DE
:108C80000B70C2F383034B7002F003038B70B74B7E
:108C90001B68C3F30742CA70B44B1B88C3F3072297
:108CA0000A71B24B1A784A715B681A0E1301CB80B5
:108CB000AE4B5B68C3F30742CB8843EA1213CB8009
:108CC00002F00F030B72A94B9B88C3F30722D30951
:108CD0004B72C2F380138B72C2F34013CB72C2F398
:108CE00000130B7300234B739E4B1B783BB19D4BC2
:108CF0001B78012B03D09B4B1B78032B4FD1930781
:108D00001B0D0B61994B1A790B6943EA82030B61C6
:108D1000964B9B681A0E0B6943EA92130B61C2F3E0
:108D2000C2030B7502F007034B75904B9B68C3F3AE
:108D3000074253098B75C2F38203CB7593075B0F10
:108D40000B768A4B1B89C3F307220B7E43EAD213AF
:108D50000B760B695B1C0024C1E912340B7ED1E950
:108D600012569B1C012404FA03F3DC17A5FB037CB9
:108D700006FB03C305FB0433C1E912730C7A01231C
:108D8000A3400B650024D1E912650B6DA6FB037CA3
:108D900005FB03C306FB0433C1E912732EE0714BDC
:108DA0001B78022B2AD1714B1A7993069B0A0B610F
:108DB0006E4B9B681A0E0B6943EA02230B616B4BE7
:108DC0009B68C3F307420B6913430B61674B1B8915
:108DD000C3F307220B695B1C4FF40074A3FB04462A
:108DE0004FF480630025A4FB037C06FB03C304FB54
:108DF0000533C1E912734FF400730B65C2F380139E
:108E000001F8193F93065B0E4B70584B1A7A4B785A
:108E100043EAD2134B7002F07F038B70534BDB6835
:108E20001A0ED309CB70C2F341130B71C2F3820344
:108E30004B7193071B0F8B714C4BDB68C3F30742DD
:108E40008B7943EA92138B71C2F34013CB710023E9
:108E50000B7202F001034B72444B9B89C3F3072250
:108E6000D3098B72C2F38013CB72C2F340130B731E
:108E7000C2F300134B73C2F381038B7302F003033D
:108E8000CB733A4B1A7B53080B7401234B74384B4A
:108E90001B681A0ECA741939354B1B68C3F3074295
:108EA0001402CC85324B1B88C3F30722CB8D1343AE
:108EB000CB852F4B1A7814060C635B681A0E0B6B6C
:108EC00043EA02440C632A4B5B68C3F307420B6B13
:108ED00043EA02240C63264B9B88C3F307220B6BE7
:108EE00013430B63224B1A7934235A54204B9B684B
:108EF0001A0E35235A541E4B9B68C3F307421406BF
:108F00008C631B4B1B89C3F307228B6B43EA024420
:108F10008C63174B1A7A8B6B43EA02248C63144BD5
:108F2000DB681A0E8B6B13438B63114BDB68C3F347
:108F300007423C235B5C43EA12143C235C54130756
:108F40001C0DCC870A4B9B89C3F30722CB8F13439D
:108F5000CB87074B1A7B540840235C5401244123E0
:108F60005C54F0BD4C00002050000020542A00202A
:108F7000642A00203EB5002401213E48FFF7EAFBA9
:108F80000121C802FFF706FC0121C802FFF712FC0D
:108F90004FF47C50019002208DF808008DF80900F4
:108FA00001208DF80B0001A93348F9F7B5F804202A
:108FB000019001A93148F9F7AFF80C2208212E4899
:108FC000F9F7F2F80C2209212B48F9F7EDF80C22F9
:108FD0000A212948F9F7E8F80C220B212648F9F76D
:108FE000E3F80C2211462448F9F7DEF80C2202219E
:108FF0002248F9F7D9F800214FF40060FFF7DAFBB7
:1090000000F00AFDFFF724FD31208DF8000000205C
:109010008DF801008DF8020001208DF803006846EC
:10902000FEF704F900F0CEF8044614B900F02CF86D
:1090300004461CB91248FFF713FE044634B9104920
:10904000B1F85410080400F003FD044624B94FF4AD
:109050000060FFF7BDFD04461CB10A4800780328F4
:1090600006D10020FFF7CAFC002000F00BFD0446EB
:1090700020463EBD0C00400000080240000C0240AB
:10908000782A00204C00002038B5002401200090F0
:10909000FFF7FCFC10B92524204638BD4448007871
:1090A000042828D000204349086002204860C020DE
:1090B00088600020C8604FF4806008610846FFF7B0
:1090C0002BFDF7F7BBFF04460CB12046E5E7002077
:1090D000FFF7E4FC384908600420FFF7DFFC36495D
:1090E00048600820FFF7DAFC334988600C20FFF75E
:1090F000D5FC3149C8602E48007858B12C4800781A
:10910000012807D02A480078062803D0284800788C
:10911000022816D10020274908600320486040201B
:1091200088600020C8604FF4806008610846FFF73F
:10913000F3FC69460320F7F7C3FF04460CB1204651
:10914000ABE71B48007804282ED0BDF800001B496F
:109150000860BDF800000004164908600920486056
:10916000C02088600020C8604FF480600861084615
:10917000FFF7D2FCF7F762FF04460CB120468CE7FC
:109180000020FFF78BFC0E4908600420FFF786FCE7
:109190000B4948600820FFF781FC094988600C20D2
:1091A000FFF77CFC0649C8600024204675E70000F4
:1091B0004C000020282A0020642A002050000020B3
:1091C000542A00202DE9F041002400260025002724
:1091D000A0467620594908750020086048608860DC
:1091E000C86008610846FFF779FC0320FFF7AAFC76
:1091F0000120FFF7FDFB00205149086048608860AE
:10920000C8604FF4806008610846FFF785FCF7F7F7
:10921000E9FE044614B12046BDE8F0814FF4D57054
:109220004749086008204860402088600020C860E6
:109230004FF4806008610846FFF76EFCF7F78EFF79
:1092400004462CB901203F4908704FF0804812E0D5
:1092500000203B490860372048604020886000209B
:10926000C8604FF4806008610846FFF755FC37205E
:10927000F7F7CEFE044600203149086037204860E9
:10928000402088600020C8604FF480600861084674
:10929000FFF742FC3720F7F7BBFE0446002C4AD10B
:1092A00036E000202649086037204860402088606A
:1092B0000020C8604FF4806008610846FFF72CFC6E
:1092C0003720F7F7A5FE04460CB12046A4E71E4858
:1092D00048EA00001A490860292048604020886058
:1092E0000020C8604FF4806008610846FFF714FC56
:1092F000F7F7CAFE04460CB120468DE70020FFF7C1
:10930000CDFB0646012080EAD67080F001076D1C77
:109310001FB94FF6FF708542C3D34FF6FF708542E9
:1093200002D31B24204677E706F08040061E02D0B9
:1093300002200449087020466EE70000102A002031
:10934000282A00204C0000200000108010B5114891
:10935000007801280CD100200F49086040F24C40F1
:10936000091D08600C20F7F753FE0C49087002E055
:1093700000200A4908704FF48070FFF733FB00218A
:109380004FF48070FFF79AFB0120054908700348ED
:10939000007810BD55000020082C01405600002028
:1093A000570000202DE9F84F8146174698460A9C41
:1093B0004FF0000AD3464D464FF0FF36B9F1000F8B
:1093C00002D12620BDE8F88F002095490860954815
:1093D0000078022805D10402780A40EAC8574FEA0B
:1093E00068280020904988604860401E086001207D
:1093F00048610020C86008610846FFF70FFB8848F5
:109400001838006800F0007008B10E20DAE7002C70
:1094100021DDB4F5006F1EDC601E2040D8B9204667
:109420000DF0C2FA00908148046010207F49486026
:10943000402088600020C8604FF4806008610846C2
:10944000FFF76AFB1020F7F7E3FD8246BAF1000F41
:1094500003D05046B6E72620B4E7009800017249D1
:109460008860084644604FF0FF3008600120486182
:109470000220C860002008610846FFF7CFFA6B4859
:109480000760112069494860402088600020C8605A
:109490004FF4806008610846FFF73EFB1120F7F7A4
:1094A000B7FD8246BAF1000F01D050468AE7604806
:1094B000007800287AD1F6F7E0FE19E05848083025
:1094C000006800F4004078B14FF0000B06E054480B
:1094D0005430006845F82B000BF1010BBBF1080F6D
:1094E000F5D32035534E03E00EB904206AE7761E0B
:1094F0004B480830006840F22A6108400028DDD05F
:1095000047480830006800F0080048B144480C3073
:10951000006840F0080042490C310860042051E71F
:109520003F480830006800F0020048B13C480C3069
:10953000006840F002003A490C310860022041E71F
:1095400037480830006800F0200048B134480C303B
:10955000006840F0200032490C310860062031E7F5
:109560002F480830006800F4007048B12C480C30D7
:10957000006840F400702A490C310860072021E798
:1095800004E027485430006828602D1D2448083026
:10959000006800F400100028F3D1F6F770FE40F2E6
:1095A000FF501F490C31086037E0FFE72048007882
:1095B000012832D100202049087020490870204934
:1095C000087017481030006840F22A3108431449E7
:1095D000103108601248006840F008001049086027
:1095E000002221464846FFF7B3FA00E0761E1548F0
:1095F000006800F0006038B91148007820B90E48C2
:10960000007808B9002EF1D10EB90420DAE60A4834
:10961000007810B1084890F800A05046D2E600004B
:109620002C2C01404C0000203C2A0020282A00203D
:1096300054000020FFFF07005600002055000020C6
:1096400057000020006402402DE9FE4F83460E467D
:10965000914600200290002534462148007818B138
:10966000680240EAD45564020BF00300F0B14FF0F9
:10967000000A18E04FF4007000904FEA4A200719E2
:1096800045EBE0733A461748FFF78CFE02904FF423
:10969000007214495846F6F739FF0BF5007B0AF1C2
:1096A000010000F0FF0ACA45E4DB16E0B9F1010F42
:1096B00009D14FF4007022462B4600905846FFF720
:1096C00071FE029009E04FF4007022462B46CDE96E
:1096D0000009584600F008F802900298BDE8FE8F95
:1096E0004C000020D02A00202DE9FF5F1746984645
:1096F000DDE90E464FF00009CA464FF0FF35BB4981
:10970000009808600020BA490860BA48007802282A
:1097100005D10402780A40EAC8574FEA68280020B9
:10972000B54988604860401E0860012048610020FB
:10973000C86008610846FFF771F9AD48183800683D
:1097400000F0007018B10E2004B0BDE8F09F002CAE
:1097500021DDB4F5006F1EDC601E2040D8B9204624
:109760000DF022F98346A54804601020A349486003
:10977000402088600020C8604FF48060086108467F
:10978000FFF7CAF91020F7F743FC8146B9F1000F43
:1097900003D04846D8E72620D6E7012E70D906FB2D
:1097A00004F0B0F1007F01D32620CDE74FEA0B1083
:1097B0009149886006FB04F048604FF0FF30086074
:1097C000012048610220C860002008610846FFF7B8
:1097D00025F98A480760122088494860402088603F
:1097E0000020C8604FF4806008610846FFF794F9D4
:1097F0001220F7F70DFC8146B9F1000F01D0484661
:10980000A2E77F48007800287ED1F6F736FD1FE0FA
:1098100077480830006800F40040A8B14FF0000A13
:1098200008E07348543000687049096841F82A001C
:109830000AF1010ABAF1080FF3D36C48006820302E
:109840006A4908606F4D03E00DB904207CE76D1E86
:1098500067480830006840F22A3108400028D7D015
:1098600063480830006800F0080050B160480C30D0
:10987000006840F008005E490C310860042063E78E
:10988000B1E05B480830006800F0020048B1584879
:109890000C30006840F0020055490C31086002208D
:1098A00052E753480830006800F0200048B15048A3
:1098B0000C30006840F020004D490C310860062053
:1098C00042E74B480830006800F4007048B148484F
:1098D0000C30006840F4007045490C3108600720E6
:1098E00032E70AE04248543000684049096808609D
:1098F0003E480068001D3D4908603D48083000684A
:1099000000F40010002800E031E0EBD138480830C6
:10991000006800F4807010B33648007838B13548DC
:109920000078012803D033480078022817D100209E
:10993000324908600C204860402088600020C860E0
:109940004FF4806008610846FFF7E6F80C20F7F74F
:109950005FFB8146B9F1000F01D04846F4E6F6F707
:109960008EFC40F2FF5022490C3108603BE0244855
:109970000078012837D100202349087001202349AD
:10998000087000202249087019481030006840F221
:109990002A3108431649103108601548006840F024
:1099A00008001349086006FB04F100220098FFF745
:1099B000CFF800E06D1E1748006800F0006008B99D
:1099C000002DF7D10DB90420BEE600BF1048007885
:1099D00018B90D4800780028F8D00B48007810B16D
:1099E000094890F800904846AEE600005800002074
:1099F0002C2C01404C0000203C2A0020282A00206A
:109A000054000020FFFF07005600002055000020F2
:109A1000570000200064024000200B490860091D27
:109A20000860091D0860091D0860074924310860A5
:109A3000091D0860091D08600448034938310860A1
:109A40000020091D08607047002C0140FF07C0007E
:109A500070B5044600250A4804600720084948609C
:109A6000402088600020C8604FF48060086108468C
:109A7000FFF752F80720F7F7CBFA0546284670BDE6
:109A8000282A002001460020012900D011B9024BEC
:109A9000197000E026207047540000202DE9FF5F78
:109AA00086B017469846149D002600200590049025
:109AB000002481460390824602900195DDF818B09B
:109AC000DDF818B0BBF1000F03D126200AB0BDE8C5
:109AD000F09F0020C5490860C54988604860401E65
:109AE0000860012048610020C86008610846FEF750
:109AF00095FFBE481838006800F0007008B10E20CD
:109B0000E4E7BC480078022805D10502780A40EA5B
:109B1000C8574FEA6828002D1FDDB5F5006F1CDC23
:109B2000681E2840C8B928460CF03EFF0590B24890
:109B300005601020B0494860402088600020C8605F
:109B40004FF4806008610846FEF7E6FF1020F7F743
:109B50005FFA06461EB13046B8E72620B6E7A748AA
:109B600000880004A44908600D20486040208860F7
:109B70000020C8604FF4806008610846FEF7CCFF03
:109B80000D20F7F745FA06460EB130469EE7974896
:109B90001838006803904FF0FF341CE0641E9748AB
:109BA00000880004944908600D20486040208860C7
:109BB0000020C8604FF4806008610846FEF7ACFFE3
:109BC0000D20F7F725FA06460EB130467EE78748A6
:109BD000183800680390039800F4807008B9002CCE
:109BE000DCD10CB9292071E783480760182082492D
:109BF0004860402088600020C8604FF480600861A1
:109C00000846FEF789FF1820F7F702FA06460EB15C
:109C100030465BE700207A490870059800017449D6
:109C20008860084645604FF0FF30086001204861B9
:109C30000020C86008610846FEF7F0FE4FF0FF34D0
:109C40007048007800287ED1F6F717FB45E067489A
:109C50000830006800F48040D0B30198A0EB090000
:109C6000202822D20198A0EB090000F0030020B9BF
:109C70000198A0EB0900800804E00198A0EB09001E
:109C80008008401C02904FF0000A0AE05749543106
:109C9000DBF8000008600AF1010A0BF1040B09F17E
:109CA000040902988245F1D310E04FF0000A06E063
:109CB0005BF82A004D49543108600AF1010ABAF1F3
:109CC000080FF5D30BF1200B09F120094E4C04E0ED
:109CD000FFE70CB90420F9E6641E44480830006828
:109CE00040F21A6108400028B1D00820FEF7C2FEF9
:109CF00020B10820FEF770FE0420E7E60220FEF700
:109D0000B9FE20B10220FEF767FE0220DEE6102039
:109D1000FEF7B0FE20B11020FEF75EFE0520D5E66E
:109D20004FF40070FEF7A6FE30B14FF40070FEF75E
:109D300053FE0720CAE606E0F6F7A1FA40F2FF500C
:109D4000FEF74AFE3AE02F480078012836D100207D
:109D50002E4908702A4908702D490870012140F2E7
:109D60001A30FEF7ABFE402229460698FEF7F0FEB9
:109D70000120FEF74DFE00E0641E2648006800F05A
:109D8000006008B9002CF7D11CB9FFF7F3F80420E4
:109D90009CE64FF0FF3400E0641E1D48007820B9B7
:109DA0001A48007808B9002CF6D10CB904208DE6C9
:109DB0001648007810B11548007887E640F2FF5049
:109DC000FEF70AFE04A8FBF7BDFC064603E004A864
:109DD000FBF7B8FC06463EB99DF810000728F6D000
:109DE0009DF810000628F2D030466FE62C2C01407A
:109DF0003C2A00204C000020282A0020500000208F
:109E00005500002054000020FFFF070056000020EE
:109E100057000020006402402DE9FE4F06468946A7
:109E200092460020029000254C462148007818B147
:109E3000680240EAD455640206F00300F0B14FF026
:109E4000000B18E04FF4007231461A48F6F75EFB3B
:109E50004FF4007000904FEA4B20071945EBE07378
:109E60003A461448FFF71AFE029006F500760BF109
:109E7000010000F0FF0BD345E4DB16E0BAF1010F5F
:109E800009D14FF4007022462B4600903046FFF770
:109E900005FE029009E04FF4007022462B46CDE902
:109EA000000A304600F008F802900298BDE8FE8FE4
:109EB0004C000020D02A00202DE9FF5F84B0DDE9AE
:109EC000124700260020039002900025804681461C
:109ED000019007FB04FBDDF810A0DDF810A0BAF13B
:109EE000000F03D1262008B0BDE8F09F0020D8491C
:109EF0000860D84988604860401E086001204861B9
:109F00000020C86008610846FEF788FDD048183870
:109F1000006800F0007008B10E20E4E7CE48007839
:109F2000022808D10402DDE90601400A40EAC150D6
:109F30004912CDE90601002C1FDDB4F5006F1CDCD1
:109F4000601E2040C8B920460CF02EFD0390C34887
:109F500004601020C1494860402088600020C8602B
:109F60004FF4806008610846FEF7D6FD1020F7F731
:109F70004FF806461EB13046B5E72620B3E7012F5D
:109F80006FD907FB04F0B0F1007F01D32620AAE7C8
:109F9000B148007838B1B0480078012803D0AE4805
:109FA000007802282DD1AE4800880004AB49086033
:109FB00037204860402088600020C8604FF48060EF
:109FC00008610846FEF7A8FD3720F7F721F8064696
:109FD0000EB1304687E7A148076017209F494860C7
:109FE000402088600020C8604FF480600861084607
:109FF000FEF792FD1720F7F70BF806460EB1304634
:10A0000071E79649069808601920486040208860EA
:10A010000020C8604FF4806008610846FEF77CFDB0
:10A020001920F6F7F5FF06460EB130465BE70398B8
:10A0300000018849886007FB04F048604FF0FF305A
:10A040000860012048610020C86008610846FEF7EA
:10A05000E5FC84480078002874D1451EF6F70DF918
:10A0600042E0DDE07A480830006800F48040B0B398
:10A07000ABEB080020281FD2ABEB080000F0030078
:10A0800018B9ABEB0800800803E0ABEB08008008D0
:10A09000401C01904FF000090AE06D495431DAF894
:10A0A0000000086009F101090AF1040A08F1040836
:10A0B00001988145F1D310E04FF0000906E05AF80D
:10A0C000290063495431086009F10109B9F1080F09
:10A0D000F5D30AF1200A08F12008634D04E0FFE7F8
:10A0E0000DB90420FFE66D1E59480830006840F2A3
:10A0F0001A3108400028B5D00820FEF7BBFC20B17B
:10A100000820FEF769FC0420EDE60220FEF7B2FC11
:10A1100020B10220FEF760FC0220E4E61020FEF7EA
:10A12000A9FC20B11020FEF757FC0520DBE64FF418
:10A130000070FEF79FFC30B14FF40070FEF74CFC4E
:10A140000720D0E62CE04FF48070FEF793FC00B3BC
:10A150004148007838B140480078012803D03E4893
:10A160000078022815D100203C4908600C20486086
:10A17000402088600020C8604FF480600861084675
:10A18000FEF7CAFC0C20F6F743FF06460EB1304638
:10A19000A9E6F6F774F840F2FF50FEF71DFC3FE029
:10A1A0003048007801283BD1002030490870012058
:10A1B0002F49087000202F490870012140F21A3001
:10A1C000FEF77CFC07FB04F140220498FEF7C0FC7C
:10A1D0000120FEF71DFC4FF0FF3500E06D1E264804
:10A1E000006800F0006008B9002DF7D11DB9FEF736
:10A1F000C1FE042077E64FF0FF3500E06D1E1D48DC
:10A20000007820B91948007808B9002DF6D10DB9A9
:10A21000042068E61548007810B11448007862E61A
:10A2200040F2FF50FEF7D8FB02A8FBF78BFA064678
:10A2300003E002A8FBF786FA06463EB99DF808003F
:10A240000728F6D09DF808000628F2D030464AE6E6
:10A250002C2C01403C2A00204C000020282A002001
:10A260005000002054000020FFFF0700560000208F
:10A2700055000020570000200064024000B587B060
:10A2800001210846FEF766FA01210803FEF782FA6B
:10A290003820059002208DF8180000208DF81A0053
:10A2A00003208DF8190001208DF81B0005A9224814
:10A2B000F7F732FF052203211F48F7F775FF052244
:10A2C00004211D48F7F770FF052211461A48F7F7D9
:10A2D0006BFF01210803FEF76DFA00214FF4805057
:10A2E000FEF768FA0020ADF800004FF48270ADF878
:10A2F00002000020ADF804000220ADF806000120A5
:10A30000ADF808004002ADF80A003820ADF80C00A6
:10A310000020ADF80E000720ADF810006946074890
:10A3200000F058F80121054800F03AF8FF2000F04D
:10A3300007F807B000BD00000004024000300140F3
:10A3400010B5044600BF02210A4800F035F8002885
:10A35000F9D02146074800F03BF800BF012105482D
:10A3600000F02AF80028F9D0024800F02EF8C0B218
:10A3700010BD00000030014010B5044607480088B9
:10A380004FF6C771084005490880084600882043F9
:10A3900008800121014800F003F810BD00300140A1
:10A3A00021B1028842F04002028004E002884FF6A8
:10A3B000BF731A40028070470246002013890B4089
:10A3C0000BB1012000E000207047014688897047EA
:10A3D0008181704710B50022028802F441520B8837
:10A3E0004C8823438C882343CC8823430C89234304
:10A3F0004C8923438C892343CC8923431A4302800D
:10A40000838B4FF2FF74234083830B8A038210BD3A
:10A41000704700000CB5002001900090344800689F
:10A4200040F480303249086000BF3148006800F4D1
:10A43000003000900198401C0190009818B90198D4
:10A44000B0F5A04FF1D12A48006800F4003010B1F7
:10A450000120009001E0002000900098012846D1E2
:10A4600023484030006840F0805021494031086066
:10A470002048006840F440401E4908601C480830ED
:10A4800000681B49083108600846006840F4004035
:10A4900008600846006840F4A05008601648091F8C
:10A4A0000860081F006840F08070091F086000BF46
:10A4B0000F48006800F000700028F9D040F20570E5
:10A4C0000E4908600A480830006820F00300084977
:10A4D000083108600846006840F00200086000BFCC
:10A4E00003480830006800F00C000828F8D10CBDC3
:10A4F000003802400070004008544007003C024011
:10A50000042808D14FF0E021096941F004014FF01F
:10A51000E022116107E04FF0E021096921F0040118
:10A520004FF0E0221161704710B5FCF7DDFEFDF73A
:10A5300041FCFCF7EBFE10BD10B51548006840F477
:10A540007000134908601348006840F00100114989
:10A55000086000200F49083108600E4800680E4965
:10A5600008400C4908600D48091D0860081F006874
:10A5700020F48020091F0860002006490C31086083
:10A58000FFF748FF4FF0006001498039086010BDB7
:10A5900088ED00E000380240FFFFF6FE1030002496
:10A5A00000B5A1B00020209001217A20FEF7D2F85A
:10A5B00001210846FEF7DEF802201E9001208DF8EA
:10A5C0007C0000208DF87E0002208DF87D000120A7
:10A5D0008DF87F001EA9FE48F7F79EFD4EF2B3707E
:10A5E0001E9002208DF87C0000208DF87E00032054
:10A5F0008DF87D0001208DF87F001EA9F548F7F742
:10A600008BFD4FF680701E9002208DF87C0000209C
:10A610008DF87E0003208DF87D0001208DF87F00ED
:10A620001EA9ED48F7F778FD0C220021E948F7F75D
:10A63000BBFD0C220121E748F7F7B6FD0C220421EF
:10A64000E448F7F7B1FD0C220521E248F7F7ACFD2D
:10A650000C220721DF48F7F7A7FD0C220821DD486F
:10A66000F7F7A2FD0C220921DA48F7F79DFD0C222D
:10A670000A21D848F7F798FD0C220D21D548F7F7A5
:10A6800093FD0C220E21D348F7F78EFD0C220F21EB
:10A69000D048F7F789FD0C220721CF48F7F784FD52
:10A6A0000C220821CC48F7F77FFD0C220921CA486B
:10A6B000F7F77AFD0C220A21C748F7F775FD0C223F
:10A6C0000B21C548F7F770FD0C221146C248F7F779
:10A6D0006BFD0C220D21C048F7F766FD0C220E2100
:10A6E000BD48F7F761FD0C220F21BB48F7F75CFD71
:10A6F0000F2008900020099018200A9000200B904D
:10A700000C900D900E9008200190002002900820DF
:10A710000390002004900590069007900F901090F1
:10A720001190102012900020139014901590169004
:10A7300017904FF480501890002019904FF48040EB
:10A740001A9000201B9008A81C9001A81D900FA82B
:10A75000F7F7A2FA01210020F7F784FA32200CF073
:10A7600057F901210020FCF731FB32200CF050F9A1
:10A770000020FBF71BFF9949888008468088FF2846
:10A780000ADB084680884FF6FF71884204D0934860
:10A790008088B0F5134F7CD1D320FCF701FBFBF789
:10A7A00085FD8E498880FBF781FD8C498880FBF709
:10A7B0007DFD8A498880084680884FF6FF7101EA4E
:10A7C000002086498880FBF771FD84498988084309
:10A7D000824988800846808849F24131884278D091
:10A7E000BF20FCF7DDFAFBF761FD7C498880FBF7B1
:10A7F0005DFD7A498880FBF759FD78498880FBF731
:10A8000055FD76498880084680884FF6FF7101EA39
:10A81000002072498880FBF749FD70498988084308
:10A820006E4988800846808846F60401884250D0E8
:10A83000D420FCF7B5FAFBF739FD68498880FBF7AF
:10A8400035FD66498880FBF731FD644988800846FC
:10A8500080884FF6FF7101EA002060498880FBF78D
:10A8600025FD5E49898808435C49888008468088C0
:10A8700045F2103188422CD04FF45A40FCF790FA40
:10A88000FBF714FD554988804FF45B40FCF788FACC
:10A8900000E01EE0FBF70AFD5049888008468088EA
:10A8A0004FF6FF7101EA00204C4988804FF45C406C
:10A8B000FCF776FAFBF7FAFC4849898808434749D0
:10A8C000888008468088B0F5004F02D145F21050CC
:10A8D00088804248808849F2413188420BD03F4805
:10A8E000808845F21031884205D03C48808845F286
:10A8F0001051884208D103200190022003900121C9
:10A900000620F7F7AFF913E03448808846F60401D3
:10A91000884205D0314880884CF20551884207D1E1
:10A920000A2001900C20039001210620F7F79AF9E4
:10A930002A4881882AA0F5F72DFD2848808849F209
:10A94000413188427DD1CF20FCF72AFA0020FCF764
:10A950001BFA2098401C2090C120FCF715FA3020EB
:10A96000FCF712FAED20FCF71BFA6420FCF70CFA56
:10A970000320FCF709FA1220FCF706FA8120FCF705
:10A9800003FAE820FCF70CFA8520FCF7FDF910200B
:10A99000FCF7FAF97A20FCF7F7F9CB20FCF700FA7C
:10A9A0003920FCF7F1F92C20FCF7EEF90020FCF738
:10A9B000EBF93420FCF7E8F90220FCF7E5F9F72081
:10A9C000FCF7EEF92020FCF7DFF9EA200EE00000AA
:10A9D00000040240000C024000100240002A002047
:10A9E0004C43442049443A25780D0A00FCF7D8F935
:10A9F0000020FCF7C9F90020FCF7C6F9C020FCF7DD
:10AA0000CFF91B20FCF7C0F9C120FCF7C9F90120E0
:10AA1000FCF7BAF9C520FCF7C3F93020FCF7B4F90C
:10AA20003020FCF7B1F9C720FCF7BAF9B720FCF7E2
:10AA3000ABF93620FCF7B4F94820FCF7A5F93A2029
:10AA400000E0ABE0FCF7ACF95520FCF79DF9B12034
:10AA5000FCF7A6F90020FCF797F91A20FCF794F907
:10AA6000B620FCF79DF90A20FCF78EF9A220FCF72E
:10AA70008BF9F220FCF794F90020FCF785F92620E9
:10AA8000FCF78EF90120FCF77FF9E020FCF788F94C
:10AA90000F20FCF779F92A20FCF776F92820FCF73B
:10AAA00073F90820FCF770F90E20FCF76DF9082007
:10AAB000FCF76AF95420FCF767F9A920FCF764F960
:10AAC0004320FCF761F90A20FCF75EF90F20FCF740
:10AAD0005BF90020FCF758F90020FCF755F900203D
:10AAE000FCF752F90020FCF74FF9E120FCF758F988
:10AAF0000020FCF749F91520FCF746F91720FCF770
:10AB000043F90720FCF740F91120FCF73DF9062036
:10AB1000FCF73AF92B20FCF737F95620FCF734F90B
:10AB20003C20FCF731F90520FCF72EF91020FCF74A
:10AB30002BF90F20FCF728F93F20FCF725F93F20DF
:10AB4000FCF722F90F20FCF71FF92B20FCF728F95E
:10AB50000020FCF719F90020FCF716F90120FCF79A
:10AB600013F93F20FCF710F92A20FCF719F900200F
:10AB7000FCF70AF90020FCF707F90020FCF704F9BC
:10AB8000EF20FCF701F91120FCF70AF978200BF00F
:10AB90003FFF2920FCF704F903F05CB8FE488088E9
:10ABA00046F6040188427CD11120FCF7F9F8142004
:10ABB0000BF02EFFD020FCF7F3F80720FCF7E4F8A9
:10ABC0004220FCF7E1F81D20FCF7DEF8D120FCF76D
:10ABD000E7F80020FCF7D8F81A20FCF7D5F8092090
:10ABE000FCF7D2F8D220FCF7DBF80120FCF7CCF818
:10ABF0002220FCF7C9F8C020FCF7D2F81020FCF79F
:10AC0000C3F83B20FCF7C0F80020FCF7BDF8022099
:10AC1000FCF7BAF81120FCF7B7F8C520FCF7C0F82C
:10AC20000320FCF7B1F8C820FCF7BAF80020FCF7C5
:10AC3000ABF82520FCF7A8F82120FCF7A5F80520A3
:10AC4000FCF7A2F80020FCF79FF80A20FCF79CF81C
:10AC50006520FCF799F82520FCF796F87720FCF79B
:10AC600093F85020FCF790F80F20FCF78DF80020A7
:10AC7000FCF78AF8F820FCF793F80120FCF784F839
:10AC8000FE20FCF78DF80020FCF77EF80220FCF790
:10AC90007BF82020FCF784F83620FCF781F80820A8
:10ACA00000E02CE0FCF770F83A20FCF779F855202A
:10ACB000FCF76AF82B20FCF773F80020FCF764F827
:10ACC0000020FCF761F80120FCF75EF83F20FCF75C
:10ACD0005BF82A20FCF764F80020FCF755F8002008
:10ACE000FCF752F80120FCF74FF8DF20FCF74CF896
:10ACF00078200BF08DFE2920FCF752F84CE7A6488F
:10AD0000808845F21031884240F07C87ED20FCF7C6
:10AD100047F80120FCF738F8FE20FCF735F8EE2064
:10AD2000FCF73EF8DE20FCF72FF82120FCF72CF88A
:10AD3000F120FCF735F80120FCF726F8DF20FCF7BE
:10AD40002FF81020FCF720F8C420FCF729F88F20FA
:10AD5000FCF71AF8C620FCF723F80020FCF714F8DB
:10AD6000E220FCF711F8E220FCF70EF8E220FCF7F5
:10AD70000BF8BF20FCF714F8AA20FCF705F8B02068
:10AD8000FCF70EF80D20FBF7FFFF0020FBF7FCFFA0
:10AD90000D20FBF7F9FF0020FBF7F6FF1120FBF772
:10ADA000F3FF0020FBF7F0FF1920FBF7EDFF002079
:10ADB000FBF7EAFF2120FBF7E7FF0020FBF7E4FFAA
:10ADC0002D20FBF7E1FF0020FBF7DEFF3D20FBF726
:10ADD000DBFF0020FBF7D8FF5D20FBF7D5FF00204D
:10ADE000FBF7D2FF5D20FBF7CFFF0020FBF7CCFF86
:10ADF000B120FBF7D5FF8020FBF7C6FF0020FBF753
:10AE0000C3FF8B20FBF7C0FF0020FBF7BDFF9620A0
:10AE1000FBF7BAFF0020FBF7B7FFB220FBF7C0FF3C
:10AE20000020FBF7B1FF0020FBF7AEFF0220FBF78D
:10AE3000ABFF0020FBF7A8FF0320FBF7A5FF0020D6
:10AE4000FBF7A2FFB320FBF7ABFF0020FBF79CFF53
:10AE50000020FBF799FF0020FBF796FF0020FBF78F
:10AE600093FF0020FBF790FF0020FBF78DFF0020F1
:10AE7000FBF78AFF0020FBF787FF0020FBF784FF2A
:10AE80000020FBF781FF0020FBF77EFF0020FBF78F
:10AE90007BFF0020FBF778FF0020FBF775FF002009
:10AEA000FBF772FF0020FBF76FFF0020FBF76CFF42
:10AEB0000020FBF769FF0020FBF766FF0020FBF78F
:10AEC00063FF0020FBF760FF0020FBF75DFF002021
:10AED000FBF75AFF0020FBF757FFB420FBF760FF9A
:10AEE0008B20FBF751FF0020FBF74EFF9620FBF76E
:10AEF0004BFF0020FBF748FFA120FBF745FF002098
:10AF0000FBF742FFB520FBF74BFF0220FBF73CFFAE
:10AF10000020FBF739FF0320FBF736FF0020FBF78B
:10AF200033FF0420FBF730FF0020FBF72DFFB62096
:10AF3000FBF736FF0020FBF727FF0020FBF724FF7D
:10AF4000B720FBF72DFF0020FBF71EFF0020FBF7CB
:10AF50001BFF3F20FBF718FF0020FBF715FF5E20CB
:10AF6000FBF712FF0020FBF70FFF6420FBF70CFF3D
:10AF70000020FBF709FF8C20FBF706FF0020FBF702
:10AF800003FFAC20FBF700FF0020FBF7FDFEDC20F9
:10AF9000FBF7FAFE002001E0002A0020FBF7F4FE98
:10AFA0007020FBF7F1FE0020FBF7EEFE9020FBF790
:10AFB000EBFE0020FBF7E8FEEB20FBF7E5FE0020B0
:10AFC000FBF7E2FEDC20FBF7DFFE0020FBF7DCFEF8
:10AFD000B820FBF7E5FE0020FBF7D6FE0020FBF7CC
:10AFE000D3FE0020FBF7D0FE0020FBF7CDFE0020B3
:10AFF000FBF7CAFE0020FBF7C7FE0020FBF7C4FEEC
:10B000000020FBF7C1FEBA20FBF7CAFE2420FBF7A5
:10B01000BBFE0020FBF7B8FE0020FBF7B5FE0020CA
:10B02000FBF7B2FEC120FBF7BBFE2020FBF7ACFE16
:10B030000020FBF7A9FE5420FBF7A6FE0020FBF73B
:10B04000A3FEFF20FBF7A0FE0020FBF79DFEC22021
:10B05000FBF7A6FE0A20FBF797FE0020FBF794FE05
:10B060000420FBF791FE0020FBF78EFEC320FBF7C8
:10B0700097FE3C20FBF788FE0020FBF785FE3A2078
:10B08000FBF782FE0020FBF77FFE3920FBF77CFEFA
:10B090000020FBF779FE3720FBF776FE0020FBF758
:10B0A00073FE3C20FBF770FE0020FBF76DFE3620A0
:10B0B000FBF76AFE0020FBF767FE3220FBF764FE19
:10B0C0000020FBF761FE2F20FBF75EFE0020FBF760
:10B0D0005BFE2C20FBF758FE0020FBF755FE2920D5
:10B0E000FBF752FE0020FBF74FFE2620FBF74CFE3D
:10B0F0000020FBF749FE2420FBF746FE0020FBF76B
:10B1000043FE2420FBF740FE0020FBF73DFE2320FA
:10B11000FBF73AFE0020FBF737FE3C20FBF734FE3E
:10B120000020FBF731FE3620FBF72EFE0020FBF758
:10B130002BFE3220FBF728FE0020FBF725FE2F20F8
:10B14000FBF722FE0020FBF71FFE2C20FBF71CFE66
:10B150000020FBF719FE2920FBF716FE0020FBF765
:10B1600013FE2620FBF710FE0020FBF70DFE242027
:10B17000FBF70AFE0020FBF707FE2420FBF704FE86
:10B180000020FBF701FE2320FBF7FEFD0020FBF76C
:10B19000FBFDC420FBF704FE6220FBF7F5FD002059
:10B1A000FBF7F2FD0520FBF7EFFD0020FBF7ECFDC0
:10B1B0008420FBF7E9FD0020FBF7E6FDF020FBF71C
:10B1C000E3FD0020FBF7E0FD1820FBF7DDFD00208C
:10B1D000FBF7DAFDA420FBF7D7FD0020FBF7D4FD39
:10B1E0001820FBF7D1FD0020FBF7CEFD5020FBF728
:10B1F000CBFD0020FBF7C8FD0C20FBF7C5FD0020B0
:10B20000FBF7C2FD1720FBF7BFFD0020FBF7BCFDDD
:10B210009520FBF7B9FD0020FBF7B6FDF320FBF707
:10B22000B3FD0020FBF7B0FDE620FBF7ADFD0020ED
:10B23000FBF7AAFDC520FBF7B3FD3220FBF7A4FD09
:10B240000020FBF7A1FD4420FBF79EFD0020FBF74B
:10B250009BFD6520FBF798FD0020FBF795FD762010
:10B26000FBF792FD0020FBF78FFD8820FBF78CFD9C
:10B270000020FBF789FDC620FBF792FD2020FBF79D
:10B2800083FD0020FBF780FD1720FBF77DFD0020EC
:10B29000FBF77AFD0120FBF777FD0020FBF774FD3B
:10B2A000C720FBF77DFD0020FBF76EFD0020FBF7BC
:10B2B0006BFD0020FBF768FD0020FBF765FDC82053
:10B2C000FBF76EFD0020FBF75FFD0020FBF75CFD48
:10B2D0000020FBF759FD0020FBF756FDC920FBF7C6
:10B2E0005FFD0020FBF750FD0020FBF74DFD002027
:10B2F000FBF74AFD0020FBF747FD0020FBF744FD6C
:10B300000020FBF741FD0020FBF73EFD0020FBF78E
:10B310003BFD0020FBF738FD0020FBF735FD00204A
:10B32000FBF732FD0020FBF72FFD0020FBF72CFD83
:10B330000020FBF729FD0020FBF726FD0020FBF78E
:10B3400023FDE020FBF72CFD1620FBF71DFD002060
:10B35000FBF71AFD1C20FBF717FD0020FBF714FD7F
:10B360002120FBF711FD0020FBF70EFD3620FBF737
:10B370000BFD0020FBF708FD4620FBF705FD002034
:10B38000FBF702FD5220FBF7FFFC0020FBF7FCFC63
:10B390006420FBF7F9FC0020FBF7F6FC7A20FBF7B2
:10B3A000F3FC0020FBF7F0FC8B20FBF7EDFC00200A
:10B3B000FBF7EAFC9920FBF7E7FC0020FBF7E4FC35
:10B3C000A820FBF7E1FC0020FBF7DEFCB920FBF72F
:10B3D000DBFC0020FBF7D8FCC420FBF7D5FC0020E9
:10B3E000FBF7D2FCCA20FBF7CFFC0020FBF7CCFC1C
:10B3F000D220FBF7C9FC0020FBF7C6FCD920FBF7E5
:10B40000C3FC0020FBF7C0FCE020FBF7BDFC0020E4
:10B41000FBF7BAFCF320FBF7B7FC0020FBF7B4FC0A
:10B42000E120FBF7BDFC1620FBF7AEFC0020FBF78C
:10B43000ABFC1C20FBF7A8FC0020FBF7A5FC22209E
:10B44000FBF7A2FC0020FBF79FFC3620FBF79CFCDF
:10B450000020FBF799FC4520FBF796FC0020FBF74A
:10B4600093FC5220FBF790FC0020FBF78DFC64203E
:10B47000FBF78AFC0020FBF787FC7A20FBF784FCB3
:10B480000020FBF781FC8B20FBF77EFC0020FBF704
:10B490007BFC9920FBF778FC0020FBF775FCA820CB
:10B4A000FBF772FC0020FBF76FFCB920FBF76CFC8C
:10B4B0000020FBF769FCC420FBF766FC0020FBF7CB
:10B4C00063FCCA20FBF760FC0020FBF75DFCD22088
:10B4D000FBF75AFC0020FBF757FCD820FBF754FC85
:10B4E0000020FBF751FCE020FBF74EFC0020FBF7AF
:10B4F0004BFCF320FBF748FC0020FBF745FCE22067
:10B50000FBF74EFC0520FBF73FFC0020FBF73CFC63
:10B510000B20FBF739FC0020FBF736FC1B20FBF768
:10B5200033FC0020FBF730FC3420FBF72DFC00201F
:10B53000FBF72AFC4420FBF727FC0020FBF724FC48
:10B540004F20FBF721FC0020FBF71EFC6120FBF7DE
:10B550001BFC0020FBF718FC7920FBF715FC0020F2
:10B56000FBF712FC8820FBF70FFC0020FBF70CFC1C
:10B570009720FBF709FC0020FBF706FCA620FBF751
:10B5800003FC0020FBF700FCB720FBF7FDFB0020CD
:10B59000FBF7FAFBC220FBF7F7FB0020FBF7F4FBFD
:10B5A000C720FBF7F1FB0020FBF7EEFBD120FBF7F8
:10B5B000EBFB0020FBF7E8FBD620FBF7E5FB0020C8
:10B5C000FBF7E2FBDD20FBF7DFFB0020FBF7DCFBFA
:10B5D000F320FBF7D9FB0020FBF7D6FBE320FBF7BA
:10B5E000DFFB0520FBF7D0FB0020FBF7CDFB0A209B
:10B5F000FBF7CAFB0020FBF7C7FB1C20FBF7C4FBD3
:10B600000020FBF7C1FB3320FBF7BEFB0020FBF75C
:10B61000BBFB4420FBF7B8FB0020FBF7B5FB502039
:10B62000FBF7B2FB0020FBF7AFFB6220FBF7ACFBA4
:10B630000020FBF7A9FB7820FBF7A6FB0020FBF717
:10B64000A3FB8820FBF7A0FB0020FBF79DFB9720C6
:10B65000FBF79AFB0020FBF797FBA620FBF794FB78
:10B660000020FBF791FBB720FBF78EFB0020FBF7D8
:10B670008BFBC220FBF788FB0020FBF785FBC72074
:10B68000FBF782FB0020FBF77FFBD120FBF77CFB65
:10B690000020FBF779FBD520FBF776FB0020FBF7BA
:10B6A00073FBDD20FBF770FB0020FBF76DFBF32045
:10B6B000FBF76AFB0020FBF767FBE420FBF770FB5E
:10B6C0000120FBF761FB0020FBF75EFB0120FBF78D
:10B6D0005BFB0020FBF758FB0220FBF755FB00202B
:10B6E000FBF752FB2A20FBF74FFB0020FBF74CFB3C
:10B6F0003C20FBF749FB0020FBF746FB4B20FBF708
:10B7000043FB0020FBF740FB5D20FBF73DFB0020E7
:10B71000FBF73AFB7420FBF737FB0020FBF734FB09
:10B720008420FBF731FB0020FBF72EFB9320FBF777
:10B730002BFB0020FBF728FBA220FBF725FB0020BA
:10B74000FBF722FBB320FBF71FFB0020FBF71CFBE2
:10B75000BE20FBF719FB0020FBF716FBC420FBF70C
:10B7600013FB0020FBF710FBCD20FBF70DFB0020A7
:10B77000FBF70AFBD320FBF707FB0020FBF704FBDA
:10B78000DD20FBF701FB0020FBF7FEFAF320FBF7BF
:10B79000FBFA0020FBF7F8FAE520FBF701FB00209D
:10B7A000FBF7F2FA0020FBF7EFFA0020FBF7ECFAC8
:10B7B0000020FBF7E9FA0220FBF7E6FA0020FBF78E
:10B7C000E3FA2920FBF7E0FA0020FBF7DDFA3C2042
:10B7D000FBF7DAFA0020FBF7D7FA4B20FBF7D4FA95
:10B7E0000020FBF7D1FA5D20FBF7CEFA0020FBF733
:10B7F000CBFA7420FBF7C8FA0020FBF7C5FA8420C7
:10B80000FBF7C2FA0020FBF7BFFA9320FBF7BCFA64
:10B810000020FBF7B9FAA220FBF7B6FA0020FBF7ED
:10B82000B3FAB320FBF7B0FA0020FBF7ADFABE2065
:10B83000FBF7AAFA0020FBF7A7FAC420FBF7A4FA4B
:10B840000020FBF7A1FACD20FBF79EFA0020FBF7C2
:10B850009BFAD320FBF798FA0020FBF795FADC203F
:10B86000FBF792FA0020FBF78FFAF320FBF78CFA34
:10B870000020FBF789FAE620FBF792FA1120FBF78C
:10B8800083FA0020FBF780FA3420FBF77DFA0020D2
:10B89000FBF77AFA5620FBF777FA0020FBF774FAE9
:10B8A0007620FBF771FA0020FBF76EFA7720FBF7A2
:10B8B0006BFA0020FBF768FA6620FBF765FA0020B8
:10B8C000FBF762FA8820FBF75FFA0020FBF75CFACF
:10B8D0009920FBF759FA0020FBF756FABB20FBF73B
:10B8E00053FA0020FBF750FA9920FBF74DFA00209D
:10B8F000FBF74AFA6620FBF747FA0020FBF744FA09
:10B900005520FBF741FA0020FBF73EFA5520FBF7E4
:10B910003BFA0020FBF738FA4520FBF735FA002008
:10B92000FBF732FA4320FBF72FFA0020FBF72CFA43
:10B930004420FBF729FA0020FBF726FAE720FBF763
:10B940002FFA3220FBF720FA0020FBF71DFA5520D2
:10B95000FBF71AFA0020FBF717FA7620FBF714FA28
:10B960000020FBF711FA6620FBF70EFA0020FBF728
:10B970000BFA6720FBF708FA0020FBF705FA6720AF
:10B98000FBF702FA0020FBF7FFF98720FBF7FCF931
:10B990000020FBF7F9F99920FBF7F6F90020FBF7F7
:10B9A000F3F9BB20FBF7F0F90020FBF7EDF9992044
:10B9B000FBF7EAF90020FBF7E7F97720FBF7E4F95A
:10B9C0000020FBF7E1F94420FBF7DEF90020FBF74C
:10B9D000DBF95620FBF7D8F90020FBF7D5F9232037
:10B9E000FBF7D2F90020FBF7CFF93320FBF7CCF9B6
:10B9F0000020FBF7C9F94520FBF7C6F90020FBF74B
:10BA0000C3F9E820FBF7CCF90020FBF7BDF90020D3
:10BA1000FBF7BAF99920FBF7B7F90020FBF7B4F967
:10BA20008720FBF7B1F90020FBF7AEF98820FBF780
:10BA3000ABF90020FBF7A8F97720FBF7A5F9002068
:10BA4000FBF7A2F96620FBF79FF90020FBF79CF9B2
:10BA50008820FBF799F90020FBF796F9AA20FBF75D
:10BA600093F90020FBF790F9BB20FBF78DF900203C
:10BA7000FBF78AF99920FBF787F90020FBF784F997
:10BA80006620FBF781F90020FBF77EF95520FBF7D4
:10BA90007BF90020FBF778F95520FBF775F90020BA
:10BAA000FBF772F94420FBF76FF90020FBF76CF904
:10BAB0004420FBF769F90020FBF766F95520FBF7F6
:10BAC00063F90020FBF760F9E920FBF769F9AA2088
:10BAD000FBF75AF90020FBF757F90020FBF754F960
:10BAE0000020FBF751F90020FBF75AF9AA20FBF7D9
:10BAF0004BF9CF20FBF754F90020FBF745F9002064
:10BB0000FBF742F90020FBF73FF90020FBF73CF977
:10BB10000020FBF739F90020FBF736F90020FBF78E
:10BB200033F90020FBF730F90020FBF72DF9002056
:10BB3000FBF72AF90020FBF727F90020FBF724F98F
:10BB40000020FBF721F90020FBF71EF90020FBF78E
:10BB50001BF90020FBF718F90020FBF715F9F0207E
:10BB6000FBF71EF90020FBF70FF95020FBF70CF94B
:10BB70000020FBF709F90020FBF706F90020FBF78E
:10BB800003F9F320FBF70CF90020FBF7FDF8F9208F
:10BB9000FBF706F90620FBF7F7F81020FBF7F4F89F
:10BBA0002920FBF7F1F80020FBF7EEF83A20FBF72D
:10BBB000F7F85520FBF7E8F81120FBF7F1F86420BF
:10BBC0000AF026FF2920FBF7EBF83520FBF7E8F811
:10BBD0000020FBF7D9F85120FBF7E2F8FF20FBF734
:10BBE000D3F85320FBF7DCF82C20FBF7CDF85520D9
:10BBF000FBF7D6F88220FBF7C7F82C20FBF7D0F82C
:10BC000002F028B8FE48808845F2105188427DD164
:10BC100055214FF47040FBF7D9F8AA214FF20100EB
:10BC2000FBF7D4F852214FF20200FBF7CFF80821BE
:10BC30004FF20300FBF7CAF801214FF20400FBF7B3
:10BC4000C5F80D214FF43040FBF7C0F80D214BF241
:10BC50000100FBF7BBF80D214BF20200FBF7B6F831
:10BC600034214FF43640FBF7B1F834214BF2016038
:10BC7000FBF7ACF834214BF20260FBF7A7F80D217B
:10BC80004FF43140FBF7A2F80D214BF20110FBF706
:10BC90009DF80D214BF20210FBF798F834214FF478
:10BCA0003740FBF793F834214BF20170FBF78EF825
:10BCB00034214BF20270FBF789F800214FF4324037
:10BCC000FBF784F800214BF20120FBF77FF80021FD
:10BCD0004BF20220FBF77AF824214FF43840FBF7AF
:10BCE00075F824214BF60100FBF770F824214BF680
:10BCF0000200FBF76BF801214FF43F40FBF766F8B9
:10BD00000F214FF43340FBF761F800E0FDE30F2112
:10BD10004BF20130FBF75AF80F214BF20230FBF7E0
:10BD200055F834214FF43940FBF750F834214BF6E5
:10BD30000110FBF74BF834214BF60210FBF746F8E5
:10BD400008214FF43540FBF741F808214BF2015030
:10BD5000FBF73CF808214BF20250FBF737F80321C0
:10BD60004FF44240FBF732F824214FF43A40FBF7FE
:10BD70002DF824214BF60120FBF728F824214BF65F
:10BD80000220FBF723F800214FF43C40FBF71EF89C
:10BD900078214BF60140FBF719F800214BF60240E1
:10BDA000FBF714F800214FF43D40FBF70FF8782122
:10BDB0004BF60150FBF70AF800214BF60250FBF757
:10BDC00005F800214FF43E40FBF700F864214BF6E4
:10BDD0000160FAF7FBFF00214FF45140FAF7F6FF3C
:10BDE00033214DF20110FAF7F1FF00214DF202105C
:10BDF000FAF7ECFF34214DF20310FAF7E7FF0021C8
:10BE00004DF20410FAF7E2FF3A214DF20510FAF76D
:10BE1000DDFF00214DF20610FAF7D8FF4A214DF25E
:10BE20000710FAF7D3FF00214DF20810FAF7CEFF02
:10BE30005C214DF20910FAF7C9FF00214DF20A10FA
:10BE4000FAF7C4FF81214DF20B10FAF7BFFF002172
:10BE50004DF20C10FAF7BAFFA6214DF20D10FAF7C9
:10BE6000B5FF00214DF20E10FAF7B0FFE5214DF2BB
:10BE70000F10FAF7ABFF01214DF21010FAF7A6FFF1
:10BE800013214DF21110FAF7A1FF01214DF212100A
:10BE9000FAF79CFF54214DF21310FAF797FF012196
:10BEA0004DF21410FAF792FF82214DF21510FAF7B5
:10BEB0008DFF01214DF21610FAF788FFCA214DF2CD
:10BEC0001710FAF783FF02214DF21810FAF77EFFE0
:10BED00000214DF21910FAF779FF02214DF21A10E4
:10BEE000FAF774FF01214DF21B10FAF76FFF0221E0
:10BEF0004DF21C10FAF76AFF34214DF21D10FAF7CB
:10BF000065FF02214DF21E10FAF760FF67214DF226
:10BF10001F10FAF75BFF02214DF22010FAF756FFCF
:10BF200084214DF22110FAF751FF02214DF2221027
:10BF3000FAF74CFFA4214DF22310FAF747FF022134
:10BF40004DF22410FAF742FFB7214DF22510FAF70F
:10BF50003DFF02214DF22610FAF738FFCF214DF2B6
:10BF60002710FAF733FF02214DF22810FAF72EFFBF
:10BF7000DE214DF22910FAF729FF02214DF22A1095
:10BF8000FAF724FFF2214DF22B10FAF71FFF0221DE
:10BF90004DF22C10FAF71AFFFE214DF22D10FAF790
:10BFA00015FF03214DF22E10FAF710FF10214DF26C
:10BFB0002F10FAF70BFF03214DF23010FAF706FFAE
:10BFC00033214DF23110FAF701FF03214DF2321007
:10BFD000FAF7FCFE6D214DF23310FAF7F7FE00215F
:10BFE0004FF45240FAF7F2FE33214DF20120FAF7F6
:10BFF000EDFE00214DF20220FAF7E8FE342101E0C7
:10C00000002A00204DF20320FAF7E0FE00214DF255
:10C010000420FAF7DBFE3A214DF20520FAF7D6FEAE
:10C0200000214DF20620FAF7D1FE4A214DF20720F9
:10C03000FAF7CCFE00214DF20820FAF7C7FE5C218A
:10C040004DF20920FAF7C2FE00214DF20A20FAF75C
:10C05000BDFE81214DF20B20FAF7B8FE00214DF212
:10C060000C20FAF7B3FEA6214DF20D20FAF7AEFE32
:10C0700000214DF20E20FAF7A9FEE5214DF20F2026
:10C08000FAF7A4FE01214DF21020FAF79FFE1321CA
:10C090004DF21120FAF79AFE01214DF21220FAF723
:10C0A00095FE54214DF21320FAF790FE01214DF236
:10C0B0001420FAF78BFE82214DF21520FAF786FE46
:10C0C00001214DF21620FAF781FECA214DF2172008
:10C0D000FAF77CFE02214DF21820FAF777FE0021D4
:10C0E0004DF21920FAF772FE02214DF21A20FAF7EA
:10C0F0006DFE01214DF21B20FAF768FE02214DF280
:10C100001C20FAF763FE34214DF21D20FAF75EFE83
:10C1100002214DF21E20FAF759FE67214DF21F2031
:10C12000FAF754FE02214DF22020FAF74FFE842147
:10C130004DF22120FAF74AFE02214DF22220FAF7B1
:10C1400045FEA4214DF22320FAF740FE02214DF2D4
:10C150002420FAF73BFEB7214DF22520FAF736FEF0
:10C1600002214DF22620FAF731FECF214DF2272091
:10C17000FAF72CFE02214DF22820FAF727FEDE21E5
:10C180004DF22920FAF722FE02214DF22A20FAF779
:10C190001DFEF2214DF22B20FAF718FE02214DF27E
:10C1A0002C20FAF713FEFE214DF22D20FAF70EFE99
:10C1B00003214DF22E20FAF709FE10214DF22F2017
:10C1C000FAF704FE03214DF23020FAF7FFFD332188
:10C1D0004DF23120FAF7FAFD03214DF23220FAF741
:10C1E000F5FD6D214DF23320FAF7F0FD00214FF4FB
:10C1F0005340FAF7EBFD33214DF20130FAF7E6FD3B
:10C2000000214DF20230FAF7E1FD34214DF2033006
:10C21000FAF7DCFD00214DF20430FAF7D7FD3A21A0
:10C220004DF20530FAF7D2FD00214DF20630FAF753
:10C23000CDFD4A214DF20730FAF7C8FD00214DF23D
:10C240000830FAF7C3FD5C214DF20930FAF7BEFD64
:10C2500000214DF20A30FAF7B9FD81214DF20B3081
:10C26000FAF7B4FD00214DF20C30FAF7AFFDA6212C
:10C270004DF20D30FAF7AAFD00214DF20E30FAF71B
:10C28000A5FDE5214DF20F30FAF7A0FD01214DF299
:10C290001030FAF79BFD13214DF21130FAF796FD9D
:10C2A00001214DF21230FAF791FD54214DF2133075
:10C2B000FAF78CFD01214DF21430FAF787FD822147
:10C2C0004DF21530FAF782FD01214DF21630FAF7E2
:10C2D0007DFDCA214DF21730FAF778FD02214DF2AB
:10C2E0001830FAF773FD00214DF21930FAF76EFDA0
:10C2F00002214DF21A30FAF769FD01214DF21B308F
:10C30000FAF764FD02214DF21C30FAF75FFD34218B
:10C310004DF21D30FAF75AFD02214DF21E30FAF7A8
:10C3200055FD67214DF21F30FAF750FD02214DF205
:10C330002030FAF74BFD84214DF22130FAF746FD0B
:10C3400002214DF22230FAF741FDA4214DF22330B3
:10C35000FAF73CFD02214DF22430FAF737FDB72100
:10C360004DF22530FAF732FD02214DF22630FAF770
:10C370002DFDCF214DF22730FAF728FD02214DF295
:10C380002830FAF723FDDE214DF22930FAF71EFDA1
:10C3900002214DF22A30FAF719FDF2214DF22B302D
:10C3A000FAF714FD02214DF22C30FAF70FFDFE21B1
:10C3B0004DF22D30FAF70AFD03214DF22E30FAF737
:10C3C00005FD10214DF22F30FAF700FD03214DF24B
:10C3D0003030FAF7FBFC33214DF23130FAF7F6FC3E
:10C3E00003214DF23230FAF7F1FC6D214DF233307A
:10C3F000FAF7ECFC00214FF45440FAF7E7FC332144
:10C400004DF20140FAF7E2FC00214DF20240FAF74A
:10C41000DDFC34214DF20340FAF7D8FC00214DF247
:10C420000440FAF7D3FC3A214DF20540FAF7CEFC6E
:10C4300000214DF20640FAF7C9FC4A214DF20740AF
:10C44000FAF7C4FC00214DF20840FAF7BFFC5C216A
:10C450004DF20940FAF7BAFC00214DF20A40FAF712
:10C46000B5FC81214DF20B40FAF7B0FC00214DF2F2
:10C470000C40FAF7ABFCA6214DF20D40FAF7A6FCF2
:10C4800000214DF20E40FAF7A1FCE5214DF20F40DC
:10C49000FAF79CFC01214DF21040FAF797FC1321AA
:10C4A0004DF21140FAF792FC01214DF21240FAF7D9
:10C4B0008DFC54214DF21340FAF788FC01214DF216
:10C4C0001440FAF783FC82214DF21540FAF77EFC06
:10C4D00001214DF21640FAF779FCCA214DF21740BE
:10C4E000FAF774FC02214DF21840FAF76FFC0021B4
:10C4F0004DF21940FAF76AFC02214DF21A40FAF7A0
:10C5000065FC01214DF21B4000E006E3FAF75EFCFA
:10C5100002214DF21C40FAF759FC34214DF21D4026
:10C52000FAF754FC02214DF21E40FAF74FFC672146
:10C530004DF21F40FAF74AFC02214DF22040FAF773
:10C5400045FC84214DF22140FAF740FC02214DF2D6
:10C550002240FAF73BFCA4214DF22340FAF736FCC7
:10C5600002214DF22440FAF731FCB7214DF225406B
:10C57000FAF72CFC02214DF22640FAF727FCCF21D6
:10C580004DF22740FAF722FC02214DF22840FAF73B
:10C590001DFCDE214DF22940FAF718FC02214DF274
:10C5A0002A40FAF713FCF2214DF22B40FAF70EFC69
:10C5B00002214DF22C40FAF709FCFE214DF22D40EC
:10C5C000FAF704FC03214DF22E40FAF7FFFB10218D
:10C5D0004DF22F40FAF7FAFB03214DF23040FAF703
:10C5E000F5FB33214DF23140FAF7F0FB03214DF218
:10C5F0003240FAF7EBFB6D214DF23340FAF7E6FBE0
:10C6000000214FF45540FAF7E1FB33214DF2015080
:10C61000FAF7DCFB00214DF20250FAF7D7FB342188
:10C620004DF20350FAF7D2FB00214DF20450FAF715
:10C63000CDFB3A214DF20550FAF7C8FB00214DF22F
:10C640000650FAF7C3FB4A214DF20750FAF7BEFB3A
:10C6500000214DF20850FAF7B9FB5C214DF2095068
:10C66000FAF7B4FB00214DF20A50FAF7AFFB812133
:10C670004DF20B50FAF7AAFB00214DF20C50FAF7DD
:10C68000A5FBA6214DF20D50FAF7A0FB00214DF2BB
:10C690000E50FAF79BFBE5214DF20F50FAF796FB8F
:10C6A00001214DF21050FAF791FB13214DF2115078
:10C6B000FAF78CFB01214DF21250FAF787FB542157
:10C6C0004DF21350FAF782FB01214DF21450FAF7A4
:10C6D0007DFB82214DF21550FAF778FB01214DF2D6
:10C6E0001650FAF773FBCA214DF21750FAF76EFB9A
:10C6F00002214DF21850FAF769FB00214DF2195052
:10C70000FAF764FB02214DF21A50FAF75FFB0121A0
:10C710004DF21B50FAF75AFB02214DF21C50FAF76A
:10C7200055FB34214DF21D50FAF750FB02214DF21A
:10C730001E50FAF74BFB67214DF21F50FAF746FBEC
:10C7400002214DF22050FAF741FB84214DF2215095
:10C75000FAF73CFB02214DF22250FAF737FBA421F5
:10C760004DF22350FAF732FB02214DF22450FAF732
:10C770002DFBB7214DF22550FAF728FB02214DF28F
:10C780002650FAF723FBCF214DF22750FAF71EFB74
:10C7900002214DF22850FAF719FBDE214DF2295003
:10C7A000FAF714FB02214DF22A50FAF70FFBF2219F
:10C7B0004DF22B50FAF70AFB02214DF22C50FAF7FA
:10C7C00005FBFE214DF22D50FAF700FB03214DF23F
:10C7D0002E50FAF7FBFA10214DF22F50FAF7F6FA25
:10C7E00003214DF23050FAF7F1FA33214DF2315076
:10C7F000FAF7ECFA03214DF23250FAF7E7FA6D211D
:10C800004DF23350FAF7E2FA00214FF45640FAF7AE
:10C81000DDFA33214DF20160FAF7D8FA00214DF22A
:10C820000260FAF7D3FA34214DF20360FAF7CEFA38
:10C8300000214DF20460FAF7C9FA3A214DF2056081
:10C84000FAF7C4FA00214DF20660FAF7BFFA4A215E
:10C850004DF20760FAF7BAFA00214DF20860FAF7D4
:10C86000B5FA5C214DF20960FAF7B0FA00214DF2F9
:10C870000A60FAF7ABFA81214DF20B60FAF7A6FADB
:10C8800000214DF20C60FAF7A1FAA6214DF20D60DD
:10C89000FAF79CFA00214DF20E60FAF797FAE521BB
:10C8A0004DF20F60FAF792FA01214DF21060FAF79B
:10C8B0008DFA13214DF21160FAF788FA01214DF239
:10C8C0001260FAF783FA54214DF21360FAF77EFAF8
:10C8D00001214DF21460FAF779FA82214DF21560C8
:10C8E000FAF774FA01214DF21660FAF76FFACA21CD
:10C8F0004DF21760FAF76AFA02214DF21860FAF762
:10C9000065FA00214DF21960FAF760FA02214DF242
:10C910001A60FAF75BFA01214DF21B60FAF756FA3A
:10C9200002214DF21C60FAF751FA34214DF21D60DC
:10C93000FAF74CFA02214DF21E60FAF747FA672126
:10C940004DF21F60FAF742FA02214DF22060FAF729
:10C950003DFA84214DF22160FAF738FA02214DF2B6
:10C960002260FAF733FAA4214DF22360FAF72EFA87
:10C9700002214DF22460FAF729FAB7214DF2256021
:10C98000FAF724FA02214DF22660FAF71FFACF21B6
:10C990004DF22760FAF71AFA02214DF22860FAF7F1
:10C9A00015FADE214DF22960FAF710FA02214DF254
:10C9B0002A60FAF70BFAF2214DF22B60FAF706FA29
:10C9C00002214DF22C60FAF701FAFE214DF22D60A2
:10C9D000FAF7FCF903214DF22E60FAF7F7F910216E
:10C9E0004DF22F60FAF7F2F903214DF23060FAF7B9
:10C9F000EDF933214DF23160FAF7E8F903214DF2F8
:10CA00003260FAF7E3F96D214DF23360FAF7DEF99F
:10CA100055214FF47040FAF7D9F9AA214FF20100DD
:10CA2000FAF7D4F952214FF20200FAF7CFF90821B0
:10CA30004FF20300FAF7CAF900214FF20400FAF7A7
:10CA4000C5F9CC214FF43140FAF7C0F900214BF27F
:10CA50000110FAF7BBF905214FF43640FAF7B6F9A1
:10CA600070214FF43740FAF7B1F970214BF20170A1
:10CA7000FAF7ACF901214FF43840FAF7A7F903218E
:10CA80004BF60100FAF7A2F903214BF60200FAF780
:10CA90009DF903214BF60300FAF798F902214FF4B0
:10CAA0003C40FAF793F900214BF60140FAF78EF972
:10CAB00000214BF60240FAF789F9D0214FF44940A2
:10CAC000FAF784F902214CF60110FAF77FF95021A8
:10CAD0004CF60210FAF77AF950214CF60310FAF7E7
:10CAE00075F950214CF60410FAF770F900214FF453
:10CAF0005450FAF76BF955214FF46850FAF766F97C
:10CB00004FF48850FAF74CF9782009F0A9FF4FF458
:10CB10002450FAF745F901F09DB8FE48808849F2A3
:10CB2000253188427ED147F6F001E520FAF74EF92B
:10CB30004FF480710120FAF749F94FF4E0610220C7
:10CB4000FAF744F941F230010320FAF73FF90021E6
:10CB50000420FAF73BF940F202210820FAF736F9EF
:10CB600000210920FAF732F900210A20FAF72EF9FC
:10CB700000210C20FAF72AF900210D20FAF726F9F6
:10CB800000210F20FAF722F900211020FAF71EF9F0
:10CB900007211120FAF71AF900211220FAF716F9E5
:10CBA00000211320FAF712F900210720FAF70EF9F5
:10CBB00041F290611020FAF709F940F22721112083
:10CBC000FAF704F99D211220FAF700F94FF4C85141
:10CBD0001320FAF7FBF825212920FAF7F7F80D21A1
:10CBE0002B20FAF7F3F807213020FAF7EFF840F29C
:10CBF00003313120FAF7EAF803213220FAF7E6F898
:10CC000040F206213520FAF7E1F808213620FAF73C
:10CC1000DDF840F206413720FAF7D8F84FF44171B9
:10CC2000382000E057E0FAF7D1F807213920FAF769
:10CC3000CDF840F202613C20FAF7C8F808213D2007
:10CC4000FAF7C4F800215020FAF7C0F8EF2151207C
:10CC5000FAF7BCF800215220FAF7B8F840F23F1179
:10CC60005320FAF7B3F84FF427416020FAF7AEF8F3
:10CC700001216120FAF7AAF800216A20FAF7A6F844
:10CC800000218020FAF7A2F800218120FAF79EF80F
:10CC900000218220FAF79AF800218320FAF796F80B
:10CCA00000218420FAF792F800218520FAF78EF807
:10CCB00010219020FAF78AF84FF4C0619220FAF719
:10CCC00085F840F233110720FAF780F8222100207E
:10CCD000FAF77CF81FE78F48808849F228318842AC
:10CCE0007ED141F28F01EC20FAF770F841F2342145
:10CCF000EF20FAF76BF84FF480710120FAF766F82D
:10CD00004FF4E0610220FAF761F841F230010320AC
:10CD1000FAF75CF800210420FAF758F840F20221F3
:10CD20000820FAF753F800210920FAF74FF80021FC
:10CD30000A20FAF74BF801210C20FAF747F80021F6
:10CD40000D20FAF743F800210F20FAF73FF80021F1
:10CD50001020FAF73BF807211120FAF737F80021E5
:10CD60001220FAF733F800211320FAF72FF80121E7
:10CD70000720FAF72BF8322009F04AFE41F29041E1
:10CD80001020FAF723F840F227211120FAF71EF8B5
:10CD9000322009F03DFE8A211220FAF717F83220DE
:10CDA00009F036FE4FF4D0511320FAF70FF80621A0
:10CDB0002920FAF70BF80D212B20FAF707F832207B
:10CDC00009F026FE00212020FAF700F8002121209A
:10CDD000F9F7FCFF322009F01BFE0021302000E0B3
:10CDE00074E0F9F7F3FF40F204613120F9F7EEFF48
:10CDF00040F205313220F9F7E9FF00213520F9F73B
:10CE0000E5FF40F609413620F9F7E0FF4FF40171E4
:10CE10003720F9F7DBFF40F201313820F9F7D6FF70
:10CE200040F207713920F9F7D1FF00213C20F9F7D2
:10CE3000CDFF40F60A213D20F9F7C8FF322009F066
:10CE4000E7FD00215020F9F7C1FFEF215120F9F74C
:10CE5000BDFF00215220F9F7B9FF40F23F115320E6
:10CE6000F9F7B4FF4FF427416020F9F7AFFF012134
:10CE70006120F9F7ABFF00216A20F9F7A7FF002135
:10CE80008020F9F7A3FF00218120F9F79FFF0021FF
:10CE90008220F9F79BFF00218320F9F797FF0021FB
:10CEA0008420F9F793FF00218520F9F78FFF1021E7
:10CEB0009020F9F78BFF4FF4C0619220F9F786FFBD
:10CEC00040F233110720F9F781FF24E611488088EA
:10CED00049F2203188427DD100210846F9F776FFDA
:10CEE0004FF480710120F9F771FF4FF4E0610220E7
:10CEF000F9F76CFF41F230010320F9F767FF0021D9
:10CF00000420F9F763FF40F202210820F9F75EFFE1
:10CF1000002101E0002A00200920F9F757FF002135
:10CF20000A20F9F753FF01210C20F9F74FFF0021E8
:10CF30000D20F9F74BFF00210F20F9F747FF3220B2
:10CF400009F066FD40F201110720F9F73FFF32209A
:10CF500009F05EFD4FF486511020F9F737FF0721E5
:10CF60001120F9F733FF4FF488711220F9F72EFFE3
:10CF70004FF430611320F9F729FF00212920F9F738
:10CF800025FF44F210012B20F9F720FF002150204B
:10CF9000F9F71CFFEF215120F9F718FF002152206B
:10CFA000F9F714FF40F23F115320F9F70FFF4FF448
:10CFB0001C516020F9F70AFF01216120F9F706FFF3
:10CFC00000216A20F9F702FF00218020F9F7FEFE18
:10CFD000002100E031E08120F9F7F8FE00218220F5
:10CFE000F9F7F4FE00218320F9F7F0FE00218420F8
:10CFF000F9F7ECFE00218520F9F7E8FE10219020DA
:10D00000F9F7E4FE00219220F9F7E0FE01219320D8
:10D01000F9F7DCFE4FF488719520F9F7D7FE00216F
:10D020009720F9F7D3FE00219820F9F7CFFE40F2C0
:10D0300073110720F9F7CAFE6DE5FE48808849F2B2
:10D04000313188427DD141F21401E720F9F7BEFE6B
:10D050004FF480710120F9F7B9FE4FF400710220FE
:10D06000F9F7B4FE41F238010320F9F7AFFE40F2C0
:10D0700002210820F9F7AAFE00210920F9F7A6FEEF
:10D0800000210A20F9F7A2FE00210C20F9F79EFEEC
:10D0900000210D20F9F79AFE00210F20F9F796FEE6
:10D0A00000211020F9F792FE07211120F9F78EFEDA
:10D0B00000211220F9F78AFE00211320F9F786FEDD
:10D0C000C82009F0A5FC41F290611020F9F77EFE1E
:10D0D00040F227211120F9F779FE322009F098FC5F
:10D0E0000C211220F9F772FE322009F091FC4FF466
:10D0F00000611320F9F76AFE11212920F9F766FE75
:10D100000B212B20F9F762FE322009F081FC00216F
:10D110002020F9F75BFE40F23F112120F9F756FE7F
:10D1200000213020F9F752FE4FF483713120F9F7D6
:10D130004DFE00213220F9F749FE4FF401713520F0
:10D1400000E064E0F9F742FE41F20A613620F9F7A7
:10D150003DFE40F207713720F9F738FE4FF4837136
:10D160003820F9F733FE40F207713920F9F72EFE27
:10D1700040F202413C20F9F729FE40F60F413D20E4
:10D18000F9F724FE00215020F9F720FEEF2151206D
:10D19000F9F71CFE00215220F9F718FE40F23F116A
:10D1A0005320F9F713FE4FF41C516020F9F70EFEDF
:10D1B00001216120F9F70AFE00216A20F9F706FE35
:10D1C00000218020F9F702FE00218120F9F7FEFD01
:10D1D00000218220F9F7FAFD00218320F9F7F6FDFE
:10D1E00000218420F9F7F2FD00218520F9F7EEFDFA
:10D1F00010219020F9F7EAFD4FF4C0619220F9F771
:10D20000E5FD40F233110720F9F7E0FD83E489489A
:10D21000808845F2084188427ED14FF48071012018
:10D22000F9F7D4FD4FF4E0610220F9F7CFFD41F2A8
:10D2300030010320F9F7CAFD00210420F9F7C6FDEB
:10D2400040F207210820F9F7C1FD00210920F9F774
:10D25000BDFD00210A20F9F7B9FD00210C20F9F7E6
:10D26000B5FD00210D20F9F7B1FD00210F20F9F7E0
:10D27000ADFD142009F0CCFB41F2B0611020F9F7AC
:10D28000A5FD01211120F9F7A1FD01211720F9F7D2
:10D290009DFD4FF49C711220F9F798FD4FF4006149
:10D2A0001320F9F793FD09212920F9F78FFD0921B2
:10D2B0002A20F9F78BFD0021A420F9F787FD002132
:10D2C0005020F9F783FDEF215120F9F77FFD002170
:10D2D0005220F9F77BFD40F23F115320F9F776FD1C
:10D2E0004FF41C516020F9F771FD01216120F9F71D
:10D2F0006DFD00216A20F9F769FD00218020F9F712
:10D3000065FD00218120F9F761FD00218220F9F7F8
:10D310005DFD0021832000E023E0F9F757FD0021A7
:10D320008420F9F753FD00218520F9F74FFD1321E3
:10D330009020F9F74BFD00219220F9F747FD0321DA
:10D340009320F9F743FD4FF488719520F9F73EFDDE
:10D3500040F273110720F9F739FD322009F058FB2C
:10D36000B8E43448808841F2055188427ED10021DA
:10D370000720F9F72BFD322009F04AFB4FF48E719C
:10D380001220F9F723FD0121A420F9F71FFD0F2139
:10D390000820F9F71BFD08210A20F9F717FD0821DD
:10D3A0000D20F9F713FD40F207713020F9F70EFD5B
:10D3B00007213120F9F70AFD40F203613220F9F725
:10D3C00005FD4FF4E0613320F9F700FD40F2022142
:10D3D0003420F9F7FBFC02213520F9F7F7FC41F680
:10D3E0000F713620F9F7F2FC40F207713720F9F798
:10D3F000EDFC00213820F9F7E9FC00213920F9F78C
:10D40000E5FC40F207713A20F9F7E0FC00213B20EF
:10D41000F9F7DCFC07213C20F9F7D8FC00213D207E
:10D42000F9F7D4FC322009F0F3FA01210720F9F7CB
:10D43000CDFC01E0002A002001211720F9F7C6FCED
:10D44000322009F0E5FA4FF4BD511020F9F7BEFC87
:10D4500040F217211120F9F7B9FC4FF48F71122017
:10D46000F9F7B4FC4FF47061132000E097E0F9F78E
:10D47000ADFC00212A20F9F7A9FC0A212920F9F79F
:10D48000A5FC4FF49F711220F9F7A0FC0021502059
:10D49000F9F79CFCEF215120F9F798FC002152206C
:10D4A000F9F794FC40F23F115320F9F78FFC4FF449
:10D4B0001C516020F9F78AFC01216120F9F786FCF4
:10D4C00000216A20F9F782FC00218020F9F77EFC18
:10D4D00000218120F9F77AFC00218220F9F776FCFF
:10D4E00000218320F9F772FC00218420F9F76EFCFB
:10D4F00000218520F9F76AFC13219020F9F766FCDA
:10D500004FF440719220F9F761FC05219320F9F75F
:10D510005DFC00219520F9F759FC00219720F9F7CF
:10D5200055FC00219820F9F751FC4FF4807101203F
:10D53000F9F74CFC4FF4E0610220F9F747FC41F2A7
:10D5400038010320F9F742FC00210420F9F73EFCE2
:10D5500000210C20F9F73AFC00210F20F9F736FCE6
:10D5600000212020F9F732FC00212120F9F72EFCC0
:10D5700021210720F9F72AFC142009F049FA61213A
:10D580000720F9F723FC142009F042FA40F2731146
:10D590000720F9F71BFC142009F03AFA5AE3FE4879
:10D5A00080884BF2055188427ED100210846F9F768
:10D5B0000DFC00210846F9F709FC00210846F9F79F
:10D5C00005FC00210846F9F701FC0121A420F9F728
:10D5D000FDFB142009F01CFA4FF41C516020F9F7F0
:10D5E000F5FB40F202210820F9F7F0FB4FF405713A
:10D5F0003020F9F7EBFB43F215713120F9F7E6FB28
:10D6000040F204613220F9F7E1FB40F61661332065
:10D61000F9F7DCFB42F211213420F9F7D7FB4FF484
:10D62000A8513520F9F7D2FB48F207513620F9F717
:10D63000CDFB41F207413720F9F7C8FB41F2034126
:10D640003820F9F7C3FB20213920F9F7BFFB1A2155
:10D650009020F9F7BBFB00211020F9F7B7FB072159
:10D660001120F9F7B3FB00211220F9F7AFFB0021DD
:10D670001320F9F7ABFB142009F0CAF94FF4E66167
:10D680001020F9F7A3FB40F237111120F9F79EFBA8
:10D69000142009F0BDF94FF4DC711220F9F796FB64
:10D6A000142009F0B5F900E083E04FF47061132015
:10D6B000F9F78CFB80212A20F9F788FB48212920E3
:10D6C000F9F784FB142009F0A3F94FF480710120CD
:10D6D000F9F77CFB4FF4E0610220F9F777FB41F2A8
:10D6E00038010320F9F772FB40F202210820F9F714
:10D6F0006DFB00210A20F9F769FB00210C20F9F7E6
:10D7000065FB00210D20F9F761FB30210E20F9F7B0
:10D710005DFB00215020F9F759FBEF215120F9F76B
:10D7200055FB00215220F9F751FB40F23F115320E5
:10D73000F9F74CFB4FF41C516020F9F747FB01212E
:10D740006120F9F743FB00216A20F9F73FFB112123
:10D750009020F9F73BFB4FF4C0619220F9F736FBBC
:10D7600040F202419320F9F731FB02219420F9F7AE
:10D770002DFB142009F04CF901210720F9F726FBB5
:10D78000142009F045F961210720F9F71FFB40F249
:10D7900073110720F9F71AFB00212020F9F716FB77
:10D7A00000212120F9F712FB22210020F9F70EFBBE
:10D7B00050E2794880884CF2055188427ED10021A0
:10D7C0000846F9F703FB00210846F9F7FFFA142091
:10D7D00009F01EF900210846F9F7F8FA0021084679
:10D7E000F9F7F4FA00210846F9F7F0FA00210846A3
:10D7F000F9F7ECFA0121A420F9F7E8FA142009F06E
:10D8000007F94FF41C516020F9F7E0FA40F60601E1
:10D810000820F9F7DBFA40F203713020F9F7D6FA65
:10D8200001213120F9F7D2FA04213220F9F7CEFA9A
:10D830004FF481713320F9F7C9FA4FF44071342065
:10D84000F9F7C4FA40F203113520F9F7BFFA1F21A6
:10D850003620F9F7BBFA40F203713720F9F7B6FA30
:10D8600001213820F9F7B2FA04213920F9F7AEFA8C
:10D8700015219020F9F7AAFA4FF482611020F9F7E8
:10D88000A5FA40F247211120F9F7A0FA4FF4DE7112
:10D890001220F9F79BFA4FF460611320F9F796FA1A
:10D8A000782009F0B5F84FF480710120F9F78EFA6D
:10D8B0004FF400710220F9F789FA00E050E041F2DC
:10D8C00030010320F9F782FA08210A20F9F77EFADD
:10D8D00000210C20F9F77AFA20210E20F9F776FAC8
:10D8E00000210F20F9F772FA00212020F9F76EFAD3
:10D8F00000212120F9F76AFA3D212A20F9F766FA7A
:10D90000142009F085F82D212920F9F75FFA00216C
:10D910005020F9F75BFA4DF2EF015120F9F756FA72
:10D9200000215220F9F752FA40F23F115320F9F743
:10D930004DFA00216120F9F749FA00216A20F9F730
:10D9400045FA4FF440719220F9F740FA05219320EF
:10D95000F9F73CFA4FF480710720F9F737FA79E1CB
:10D960000D48808844F2315188427CD10121002049
:10D97000F9F72CFA0A2009F04BF841F2286110203F
:10D98000F9F724FA0E211220F9F720FA40F639218E
:10D990001320F9F71BFA01E0002A00200A2009F001
:10D9A00037F840211120F9F711FA50211520F9F725
:10D9B0000DFA0A2009F02CF81E211220F9F706FAB8
:10D9C0000A2009F025F84FF4B1511020F9F7FEF9BB
:10D9D00042F639211320F9F7F9F90A2009F018F86D
:10D9E0004FF480710120F9F7F1F94FF440710220F2
:10D9F000F9F7ECF941F238010320F9F7E7F940F2C1
:10DA000002210820F9F7E2F908210A20F9F7DEF9E6
:10DA100000213020F9F7DAF940F202413120F9F71C
:10DA2000D5F94FF483713220F9F7D0F940F2035160
:10DA30003320F9F7CBF94FF482713420F9F7C6F9A6
:10DA400040F201313520F9F7C1F940F20771362073
:10DA5000F9F7BCF940F205313720F9F7B7F94FF47F
:10DA60000271382000E040E0F9F7B0F940F60B71A0
:10DA70003920F9F7ABF902214120F9F7A7F94FF462
:10DA80001C516020F9F7A2F901216120F9F79EF9F4
:10DA90004FF404719020F9F799F94FF485719220B1
:10DAA000F9F794F904219320F9F790F94FF4807174
:10DAB000A020F9F78BF901210720F9F787F9212137
:10DAC0000720F9F783F923210720F9F77FF933219C
:10DAD0000720F9F77BF940F233110720F9F776F9BF
:10DAE0000021A020F9F772F9B4E06048808844F280
:10DAF00035518842F8D130211520F9F767F9102106
:10DB00009A20F9F763F920211120F9F75FF943F220
:10DB100028411020F9F75AF902211220F9F756F995
:10DB200041F238011320F9F751F9282008F070FF6D
:10DB300012210846F9F74AF9282008F069FF43F254
:10DB400020411020F9F742F943F238011320F9F788
:10DB50003DF9462008F05CFF00213020F9F736F946
:10DB600040F202413120F9F731F940F20731322019
:10DB7000F9F72CF94FF441713320F9F727F9042113
:10DB80003420F9F723F940F201413520F9F71EF965
:10DB900040F207713620F9F719F940F205313720C4
:10DBA000F9F714F94FF4C2613820F9F70FF94FF47F
:10DBB000C2613920F9F70AF94FF480710120F9F7B1
:10DBC00005F94FF440710220F9F700F941F23001F4
:10DBD0000320F9F7FBF840F608010820F9F7F6F8FA
:10DBE00008210A20F9F7F2F84FF41C516020F9F7E8
:10DBF000EDF801216120F9F7E9F84FF49F719020C9
:10DC0000F9F7E4F84FF480719220F9F7DFF84FF458
:10DC100080719320F9F7DAF84FF44051A020F9F71A
:10DC2000D5F81021A320F9F7D1F801210720F9F741
:10DC3000CDF821210720F9F7C9F823210720F9F7AA
:10DC4000C5F833210720F9F7C1F840F23311072056
:10DC5000F9F7BCF80120F7F79DFE012004490860A0
:10DC60004FF6FF70F7F752FE21B000BD002A0020EA
:10DC70008482404210B50121034800F01AF80121C6
:10DC8000014800F013F810BD0004004010B5012158
:10DC9000054800F00EF8012805D10121024800F0E6
:10DCA00005F8F6F74BFB10BD00080040CA4302829E
:10DCB000704730B50246002000230024158A05EA8B
:10DCC0000103958905EA010413B10CB1012000E0BC
:10DCD000002030BD2DE9FC5F04460D4617461E4668
:10DCE000DDE90EABDDE90C894FF478405749088037
:10DCF00057A01021CDE90010564843880288A02182
:10DD00002820F8F7FBFF54A01021CDE9001051485E
:10DD100043880288A0217820F8F7F0FF4FA0102157
:10DD2000CDE900104B4843880288B4212820F8F739
:10DD3000E5FF4BA01021CDE900104648438802883A
:10DD4000B4217820F8F7DAFF46A01021CDE90010C1
:10DD5000404843880288C8212820F8F7CFFF42A016
:10DD60001021CDE900103B4843880288C821782063
:10DD7000F8F7C4FF3DA01021CDE9001035484388D5
:10DD80000288DC212820F8F7B9FF39A01021CDE95D
:10DD90000010304843880288DC217820F8F7AEFF75
:10DDA00034A01021CDE900102A4843880288F021D0
:10DDB0002820F8F7A3FF102004232246A02100907A
:10DDC0004020F8F751FF102004232A46A02100909C
:10DDD0009020F8F749FF102004233A46B421009020
:10DDE0004020F8F741FF102004233246B421009070
:10DDF0009020F8F739FF102004234246C8210090F4
:10DE00004020F8F731FF102004234A46C821009033
:10DE10009020F8F729FF102004235246DC210090BF
:10DE20004020F8F721FF102004235A46DC210090FF
:10DE30009020F8F719FF102000900648018803236E
:10DE40006020109AF8F710FFBDE8FC9F000000204A
:10DE500078313A00002A002079313A0078323A00CD
:10DE600079323A0078333A0079333A0078343A001C
:10DE700079343A006661632069733A0000B597B05F
:10DE8000002012900B9012901F21FE4801804FF647
:10DE9000FF70FD490880F7F739FD4FF47841F948E4
:10DEA00001804FF6FF70F7F731FD0020F54908803B
:10DEB000F648006810216423A022CDE90010282133
:10DEC0000846F8F71BFF4FF478421421084600F08B
:10DED0004BFC0021EE4880F820109FEDEE0A80ED0B
:10DEE000090A49E2EA4840680A9001200A998847ED
:10DEF000E74890F8200000F0C000402870D10020D2
:10DF00000B90E34890F8200020F04000E04981F8B1
:10DF100020000846828913A9129821F82020DC48A5
:10DF2000C18A13AA129802EB800041801298401C0B
:10DF3000C0B212901298012806D0022815D00328EA
:10DF400029D0042810D141E04FF6FF721421084671
:10DF500000F00AFCD0480088143880B24FF47842B0
:10DF600014210A9000F000FCE8E3CB480088143844
:10DF700080B24FF6FF7214210A9000F0F5FBC648FC
:10DF80004088143880B24FF4784201460A90142039
:10DF900000F0EAFBD2E3C0484088143880B24FF664
:10DFA000FF7201460A90142000F0DEFBBA48408858
:10DFB000143880B20A90B8480088143880B24FF400
:10DFC000784209900A9900F0CFFBB7E3BDF84C10F6
:10DFD000BDF85000081A0A90002802DB0A9802E0F7
:10DFE000ADE30A9840420F90BDF84E1013A8C088C8
:10DFF000081A0A90002801DB0A9801E00A984042BA
:10E000000E900F9840430F900E9840430E90DDE91C
:10E010000E100844059009F0F5FBCDE906019DEDD1
:10E02000060B08F0F3FA8DED080B9DED080B51EC93
:10E03000100B09F0A3FB80B21190BDF85400BDF89D
:10E040005810401A0A90002801DB0A9801E00A984B
:10E0500040420F9013A84189C089081A0A900028ED
:10E0600001DB0A9801E00A9840420E900F98404365
:10E070000F900E9840430E90DDE90E100844059075
:10E0800009F0C0FBCDE906019DED060B08F0BEFAD4
:10E090008DED080B9DED080B51EC100B09F06EFB9C
:10E0A00080B210909DED110AF8EE400A9DED100A25
:10E0B000B8EE401A80EE810A8DED0A0A0A9809F03E
:10E0C000E7FECDE90C019FED750B53EC102B9DED98
:10E0D0000C0B51EC100B09F0A9FB0ED39FED710B4B
:10E0E00053EC102B9DED0C0B51EC100B09F0D8FCF0
:10E0F00003D3119808B11098F0BB00201290664825
:10E100004088143880B20A9063480088143880B27E
:10E110004FF6FF7209900A9900F026FB4FF47842FF
:10E120001421084600F020FB9FED600B53EC102BF0
:10E130009DED0C0B51EC100B09F0B4FBCDE908017F
:10E140009DED080B51EC100B09F018FB80B213A9E0
:10E150000A90C989BDF8582013AB5B89CDE901321B
:10E16000CDE90310BDF85400009013A8C0880990B1
:10E17000BDF85000089000E00AE0BDF84E0007909E
:10E18000BDF84C00069007A90EC9FFF7A3FDE5E214
:10E19000BDF84C10BDF85400081A0A90002801DBA5
:10E1A0000A9801E00A9840420F90BDF84E1013A85B
:10E1B0004089081A0A90002801DB0A9801E00A98B1
:10E1C00040420E900F9840430F900E9840430E909F
:10E1D000DDE90E100844059009F014FBCDE90601B5
:10E1E0009DED060B08F012FA8DED080B9DED080B66
:10E1F00051EC100B09F0C2FA80B21190BDF850003A
:10E20000BDF85810401A0A90002801DB0A9801E076
:10E210000A9840420F9013A8C188C089081A0A9032
:10E22000002801DB0A9801E00A9840420E900F98FE
:10E2300040430F900E9840430E90DDE90E100844C5
:10E24000059009F0DFFACDE906019DED060B08F017
:10E25000DDF98DED080B9DED080B51EC100B09F06D
:10E260008DFA80B210909DED110AF8EE400A9DEDF6
:10E27000100AB8EE401A80EE810A8DED0A0A0A985B
:10E2800018E00000000000200200002048000020EC
:10E290000800002000000000002A00206666666674
:10E2A0006666EE3FCDCCCCCCCCCCF03F000000007D
:10E2B0000000594009F0ECFDCDE90C011FED090B00
:10E2C00053EC102B9DED0C0B51EC100B09F0AEFA3A
:10E2D0000AD31FED0C0B53EC102B9DED0C0B51ECE6
:10E2E000100B09F0DDFB48D200201290FE48408858
:10E2F000143880B20A90FC480088143880B24FF677
:10E30000FF7209900A9900F02FFA4FF47842142115
:10E31000084600F029FA1FED1B0B53EC102B9DED66
:10E320000C0B51EC100B09F0BDFACDE908019DED85
:10E33000080B51EC100B09F021FA80B213A90A90D6
:10E34000CA89BDF8581013AB5B89CDE90131CDE91D
:10E350000320BDF85400009013A8C0880990BDF8B0
:10E3600050000890BDF84E000790BDF84C00069094
:10E3700007A90EC9FFF7AEFCF0E1BDF85000BDF8EB
:10E380005410401A0A90002801DB0A9801E00A980C
:10E3900040420F9013A8C1884089081A0A900028AB
:10E3A00001DB0A9801E00A9840420E900F98404322
:10E3B0000F900E9840430E90DDE90E100844059032
:10E3C00009F020FACDE906019DED060B08F01EF9D3
:10E3D0008DED080B9DED080B51EC100B09F0CEF9FB
:10E3E00080B21190BDF84C00BDF85810401A0A9048
:10E3F000002801DB0A9801E00A9840420F90BDF81E
:10E400004E1013A8C089081A0A90002801DB0A9848
:10E4100001E00A9840420E900F9840430F900E98EA
:10E4200040430E90DDE90E100844059009F0EAF92A
:10E43000CDE906019DED060B08F0E8F88DED080B1F
:10E440009DED080B51EC100B09F098F980B210907B
:10E450009DED110AF8EE400A9DED100AB8EE401A43
:10E4600080EE810A8DED0A0A0A9809F011FDCDE9C6
:10E470000C011FED760B53EC102B9DED0C0B51ECAA
:10E48000100B09F0D3F90AD31FED7A0B53EC102BC4
:10E490009DED0C0B51EC100B09F002FB49D2002052
:10E4A000129091484088143880B20A908E480088B3
:10E4B000143880B24FF6FF7209900A9900F054F9AF
:10E4C0004FF478421421084600F04EF91FED890BF5
:10E4D00053EC102B9DED0C0B51EC100B09F0E2F9F5
:10E4E000CDE908019DED080B51EC100B09F046F940
:10E4F00080B202460A9013A8C089BDF8581013AB29
:10E500005B89CDE90131CDE90302BDF854000090EB
:10E5100013A8C0880990BDF850000890BDF84E00BF
:10E520000790BDF84C00069007A90EC9FFF7D2FB73
:10E5300014E1BDF85000BDF84C10401A00EE100A6E
:10E54000F8EEC00A68480088283800EE100AB8EED5
:10E55000C00A80EE201A654880ED091ABDF8500007
:10E56000BDF84C10084400EE100AF8EEC00A5E48F0
:10E57000008800EE100AB8EE400A5C4890ED091AD7
:10E5800001EE600AF0EE000A80EE201A80ED0B1A10
:10E5900013A84089BDF84E10401A00EE100AF8EE9C
:10E5A000C00A51484088283800EE100AB8EEC00A68
:10E5B00080EE201A4D4880ED0A1A13A84089BDF854
:10E5C0004E10084400EE100AF8EEC00A4648408893
:10E5D00000EE100AB8EE400A444890ED0A1A01EE27
:10E5E000600AF0EE000A80EE201A80ED0C1A90ED21
:10E5F000090ABDEEC00A8DED090A0998002801DB61
:10E60000099801E00998404202280FDC374890ED54
:10E610000A0ABDEEC00A8DED0A0A0A98002801DB3D
:10E620000A9801E00A984042022842DD0020129038
:10E630002D484088143880B20A902B48008814383E
:10E6400080B24FF6FF7209900A9900F08DF84FF4EE
:10E6500078421421084600F087F825A01021CDE962
:10E660000010214840880A901F48008809900246FF
:10E670001A2128200A9BF8F741FB1C4890F8340027
:10E6800008B9012000E00020184981F8340008464C
:10E6900090F8340030B190201A490870D0201A49FF
:10E6A000087005E0D02017490870902016490870BE
:10E6B00054E01F21154801804FF6FF70F7F726F947
:10E6C00013A01021CDE90010074840880A900648A1
:10E6D0000088099002466E2123200A9BF8F70EFB62
:10E6E0004FF47A7020E00000002A0020080000208B
:10E6F0005450204E65656420726561646A75737458
:10E700002100000040000020410000200000002007
:10E71000546F7563682053637265656E2041646A47
:10E72000757374204F4B210008F072F900F030FA35
:10E730004FF6FF70F7F7EAF817B000BD00BF0A20E8
:10E7400008F066F90B98401C80B20B900B98B0F55E
:10E750007A7F02DD00F040F802E000BFFFF7C2BBA5
:10E7600000BF00BFE8E7000070B504460D4616463E
:10E770001848068004F10D018AB2193988B22B4677
:10E780002946F7F7EFFA05F10D0083B2193881B287
:10E7900022462046F7F7E6FA6A1C91B2621C90B254
:10E7A000F7F76CFB6A1C91B2621E90B2F7F766FB3A
:10E7B0006A1E91B2621C90B2F7F760FB6A1E91B2BA
:10E7C000621E90B2F7F75AFB062229462046F2F75E
:10E7D0003DFE70BD0000002010B586B0182200215B
:10E7E000684600F023FC9DF80E400A2C4CD12748C7
:10E7F00000990160046800EE104AB8EEC00ADFED2F
:10E80000240A80EE201A234880ED091A1F48019936
:10E810000160046800EE104AB8EEC00ADFED1C0A81
:10E8200080EE201A1B4880ED0A1A184802990160F0
:10E83000046800EE104AB8EEC00A164880ED0B0AD4
:10E84000124803990160046800EE104AB8EEC00A4D
:10E85000104880ED0C0A9DF80D000E4981F8340037
:10E86000084690F8340030B190200B490870D02051
:10E870000A49087005E0D020074908709020074930
:10E880000870012006B010BD0020FBE74400002006
:10E8900020BCBE4C080000204000002041000020A9
:10E8A0001CB53748808845F21051884218D1F9F7D5
:10E8B0008DFE344834494860084690F8340040F0F2
:10E8C000800081F83400084690F834002C4989799A
:10E8D00001F0010108432C4981F8340000201CBDDF
:10E8E00001212620F9F736FF4FF4804000900020E8
:10E8F0008DF804008DF8060003208DF80500012036
:10E900008DF8070069462148F3F706FC20200090A7
:10E9100000208DF804008DF8060003208DF8050016
:10E9200001208DF8070069461948F3F7F5FB4FF40D
:10E930003040009001208DF8040069461348F3F739
:10E94000EBFB11491631A1F10A0000F0A9F80E49BC
:10E950001631A1F10A0000F0A3F8FFF73DFF08B15E
:10E960000020BCE70B480088F6F7D0FFFFF786FAD7
:10E9700000F00EF9FFF730FF00BF0120AFE7000005
:10E98000002A0020190B00080800002000040240A3
:10E99000000802400200002070B506460025002451
:10E9A00000201F4908601F49C1F8BC021C49091F0B
:10E9B0000860304600F0A6F9062008F051F8002063
:10E9C0001849C1F8B402012008F04AF8012014499E
:10E9D000086008F045F800201249C1F8B40200BFF1
:10E9E00015E04FF6FF7000EA440400200C4908606F
:10E9F000012008F035F801200A49C1F8B40208489E
:10EA00007C38006808B1601C84B2681CC5B2102D47
:10EA1000E7DB241101200249091F0860204670BD70
:10EA2000B4824042008040422DE9FE4380460027E8
:10EA3000002406E04046FFF7AFFF2DF81400601CED
:10EA400084B2052CF6DB002416E0601C85B20FE0D2
:10EA50003DF814003DF81510884207DD3DF81460BC
:10EA60003DF815002DF814002DF81560681C85B2CE
:10EA7000052DEDDB601C84B2042CE6DB00270124AD
:10EA800005E03DF81400384487B2601C84B2042CC1
:10EA9000F7DB032097FBF0F086B23046BDE8FE833B
:10EAA0002DE9F04104460D4607480078FFF7BCFF0A
:10EAB000064606480078FFF7B7FF074626802F80F6
:10EAC0000120BDE8F081000040000020410000204E
:10EAD0007FB504460D4602A903A8FFF7E1FF0646ED
:10EAE00016B9002004B070BD694601A8FFF7D8FF31
:10EAF00006460EB90020F5E7BDF80400BDF80C107D
:10EB0000884206DCBDF80C10BDF8040032308142AA
:10EB10000CDBBDF80C00BDF80410884236DCBDF8F3
:10EB20000410BDF80C00323081422FDABDF800002D
:10EB3000BDF80810884206DCBDF80810BDF80000DA
:10EB4000323081420CDBBDF80800BDF8001088426D
:10EB50001CDCBDF80010BDF808003230814215DA27
:10EB6000BDF80C10BDF80420881800EBD071C1F37B
:10EB70004F012180BDF80810BDF80020881800EB77
:10EB8000D071C1F34F0129800120ABE70020A9E734
:10EB900000B587B01F4890ED090ADFED1F0A20EE8F
:10EBA000200ABDEEC00A1D4880ED000A00680190F1
:10EBB000184890ED0A0ADFED180A20EE200ABDEE93
:10EBC000C00A164880ED000A00680290114890EDD6
:10EBD0000B0ABDEEC00A114880ED000A00680390E0
:10EBE0000C4890ED0C0ABDEEC00A0C4880ED000AFE
:10EBF00000680490074890F834008DF811000A204E
:10EC00008DF812001822002101A800F07BFA07B04D
:10EC100000BD00000800002020BCBE4C44000020C5
:10EC200010B5044635480068002843D12CB134495A
:10EC3000A1F10A00FFF74CFF2AE03149A1F10A00D7
:10EC4000FFF746FF20B32E48163890ED0B0A90EDE3
:10EC5000091A808900EE900AF8EE600A01EE200A97
:10EC6000BCEEC00A10EE100A254916398881084604
:10EC700090ED0C0A90ED0A1AC08A00EE900AF8EEA8
:10EC8000600A01EE200ABCEEC00A10EE100AC8822B
:10EC90001B48163890F8200000F0800038BBC020D8
:10ECA0001749163981F82000084681898182C18A76
:10ECB000C1831CE01248163890F8200000F0800054
:10ECC00050B10F48163890F8200020F080000C4911
:10ECD000163981F820000AE000210948163881829F
:10ECE000C1834FF6FF70064916398881C8820448EF
:10ECF000163890F8200000F0800010BD1402414248
:10ED00001E000020002100BF15E000F080021AB1B3
:10ED100001220A4B1A6002E00022084B1A604206E8
:10ED2000100E0022054B083B1A600122044BC3F869
:10ED3000B4224A1CD1B20829E7DB7047BC824042AA
:10ED40000080404210B5F8F7CFFA40F225511E4836
:10ED500000F055F810B31C4800F00AF9C4B21B4883
:10ED6000008800F40040C8B91848008800F48040CA
:10ED700060B10A2C03D000201449088020E0134819
:10ED8000008840F400401149088019E00D2C06D19C
:10ED90000E48008840F480400C49088010E00B4881
:10EDA0000088C0F30D000A490C5408480088401C34
:10EDB0000649088008460088C72801DD0020088031
:10EDC000F8F7A4FA10BD0000001001407800002000
:10EDD000D03C002001F40072B2F5007F00D100BFEA
:10EDE000CA430280704721B1828942F40052828175
:10EDF00004E082894DF6FF731A408281704770B536
:10EE00000246002400230025002040F66A16B14285
:10EE100000D100BFC1F3421501F01F03012606FA1D
:10EE200003F3012D02D19689334006E0022D02D171
:10EE3000168A334001E0968A33400C12012606FA06
:10EE400004F41688344013B10CB1012000E0002016
:10EE500070BDF0B50346002400260025002040F6D2
:10EE60006A17B94200D100BF1846C1F3421401F03D
:10EE70001F06012707FA06F5012C01D10C3004E02A
:10EE8000022C01D1103000E014301AB107682F4372
:10EE9000076002E00768AF430760F0BD2DE9FF4758
:10EEA00005460E460024A14600BFA046B08900B129
:10EEB00000BF2C8A24F44054F08804432C82AC898F
:10EEC00041F20C608443B08831890843718908435A
:10EED0000443AC81AC8A24F44074B0890443AC820E
:10EEE0006846F9F777FC2048854202D01F488542E2
:10EEF00002D1DDF80C9001E0DDF80890A88900F45B
:10EF0000004040B109EBC90000EB0910316849002D
:10EF1000B0FBF1F707E009EBC90000EB091031681D
:10EF20008900B0FBF1F76420B7FBF0F00401200981
:10EF3000642101FB1078A88900F4004040B1322020
:10EF400000EBC800B0FBF1F000F00700044308E05C
:10EF5000322000EB08106421B0FBF1F000F00F004C
:10EF600004432C81BDE8FF870010014000140140DC
:10EF700001468888C0F30800704700BFFEE7000024
:10EF800010B50446214610A0F1F704FA240300F05E
:10EF900015F900F0ADF800200D4908602020FBF7BE
:10EFA000CFF9C4F30740FBF7CBF9C4F30720FBF715
:10EFB000C7F9E0B2FBF7C4F901200649C1F88002A5
:10EFC00000F096F810BD000066653A25780D0A003D
:10EFD00080824042008040421CB501210220F9F7A6
:10EFE000B9FB012000908DF8040000208DF8060088
:10EFF00003208DF8050001208DF8070069460848B8
:10F00000F3F78AF8012007490860FBF737F9002079
:10F01000FBF7B2F900F032F8034908801CBD00008C
:10F0200000040240808240425C0000202DE9F04153
:10F0300006460C46174600200F4908600320FBF7E0
:10F040007FF9C4F30740FBF77BF9C4F30720FBF714
:10F0500077F9E0B2FBF774F9002505E0FF20FBF734
:10F060006FF97055681C85B2BD42F7DB012002497B
:10F070000860BDE8F08100008082404210B50024A5
:10F0800000200E4908609020FBF75AF90020FBF79A
:10F0900057F90020FBF754F90020FBF751F9FF2046
:10F0A000FBF74EF944EA0024FF20FBF749F904433B
:10F0B00001200349C1F88002204610BD80824042F1
:10F0C0000080404210B50024002007490860052058
:10F0D000FBF736F9FF20FBF733F90446012003491B
:10F0E000C1F88002204610BD80824042008040422C
:10F0F00010B500BFFFF7E6FF00F001000028F9D1CE
:10F1000010BD00002DE9F05F81460F461646DFF87E
:10F11000A8B04FEA1738C7F30B0ACAF58054A642C5
:10F1200000DC344644E04FEA08314FF48052584640
:10F13000FFF77CFF002508E00AEB05001BF8000044
:10F14000FF2800D003E0681C85B2A542F4DB00BFB5
:10F15000A54216DA4046FFF713FF002507E019F82D
:10F16000050005EB0A010BF80100681C85B2A542F9
:10F17000F5DB4FEA08314FF48052584600F02EF884
:10F1800004E022463946484600F028F8A64200D15D
:10F190000FE008F101084FF0000AA1442744301B9A
:10F1A00086B2B6F5805F02DD4FF4805400E034464D
:10F1B000B9E700BFBDE8F09FD02C002010B50020BB
:10F1C000044908600620FBF7BBF801200249C1F89A
:10F1D000800210BD80824042008040422DE9F04113
:10F1E00007460E461446F0B2C0F58075AC4200DC0E
:10F1F000254612E02A463146384600F013F8AC4264
:10F2000000D10BE02F442E44601B84B2B4F5807F04
:10F2100002DD4FF4807500E02546EBE700BFBDE856
:10F22000F08100002DE9F04106460C461746FFF735
:10F23000C5FF00200F4908600220FBF781F8C4F3E6
:10F240000740FBF77DF8C4F30720FBF779F8E0B23D
:10F25000FBF776F8002504E0705DFBF771F8681C99
:10F2600085B2BD42F8DB012002490860FFF740FF8C
:10F27000BDE8F0818082404238B50D46040013D0CD
:10F28000F4F718F92046F3F757FA0090428E11462A
:10F29000AA43914203D04286204600F0D3FE68463E
:10F2A000F3F788FAF5F718FB38BD1CB5684600F08F
:10F2B0007BFB684603F048FE1CBDFEB50C4606000D
:10F2C0004FF0010556D0F3F737FA0190216816295F
:10F2D00052D008DC0D293CD011292CD0142977D02C
:10F2E000152942D124E01E2949D01F296BD0B1F540
:10F2F000407F3AD1C16AE2680968C26210680C1A9C
:10F3000001A8F3F757FAF4F7D5F83046F3F714FAF3
:10F310006242234611460094029001F085FE02A845
:10F32000F3F748FAF5F7D8FA304600F08BFE1BE009
:10F33000B0F9300043E090F83200C00615D5E0681F
:10F34000007A90B101A8F3F735FA304601F08EF853
:10F350000BE0E068C06840B1007A30B101A8F3F773
:10F3600029FA304600F04EF90025019810B101A8A5
:10F37000F3F720FA2846FEBDA1890186F4E7E1688B
:10F38000408E012906D020F00101304600F03DF802
:10F39000092507E0C1060ED540F00101304600F016
:10F3A00034F8082501A8F3F705FA2946304600F09D
:10F3B000A5FE002003E001A8F3F7FCF90120E060BE
:10F3C000D2E705E0FFE790F83200C0F30010F6E75F
:10F3D000E16800F0B5F8C7E738B50C46050013D072
:10F3E000F4F768F82846F3F7A7F90090418E34EA5D
:10F3F000010204D021434186284600F023FE6846DE
:10F40000F3F7D8F9F5F768FA38BD38B50C46054674
:10F41000F4F750F82846F3F78FF90090418EA14297
:10F4200003D04486284600F00DFE6846F3F7C2F983
:10F43000F5F752FA38BD00002DE9FF4106463F4876
:10F440000C461D4600681746416911B321680091BA
:10F45000616801911430BDF80010028F1144ADF8BD
:10F460000010BDF80210828F1144ADF80210BDF8F3
:10F470000410028F1144ADF80410BDF80610828FFD
:10F480001144ADF8061000686946F4F7CBFC00287B
:10F490004ED0E6B33078D0B3F3F702FF000E03D0BE
:10F4A0000220F4F777FE35E00020F4F773FE2A46D9
:10F4B000394602A8F5F7A7FFBDF90A30B4F90420D0
:10F4C0005B1EB4F90210B4F90000F3F7CFFABDF9EE
:10F4D0000820BDF90E30521EBDF90A10B4F9000023
:10F4E000F3F7C4FABDF90C00BDF90E30B4F90420ED
:10F4F000BDF90A10401CF3F7B9FABDF90E10B4F9C2
:10F500000630B4F90420491CB4F9000000E011E011
:10F51000F3F7ACFA384601F053F80446B5F9022087
:10F52000B5F900103046F3F77DFC204601F048F8AD
:10F53000BDE8FF812046F3F7CDFAF9E7AC020020E1
:10F5400070B50C46054601F009F9E86A21460268E3
:10F55000BDE870400846F6F737B80000024B1B685C
:10F56000C3624286018670476C0400200249012074
:10F57000096881F854007047AC0200202DE9F04181
:10F580008AB00446F3F796FFBCB32046F3F7D4F8ED
:10F590000190D0E90012CDE90412876A056A01A83A
:10F5A000F3F708F9204601F02FF9060025D0204690
:10F5B00000F058FA8046B80704D52A46414604A808
:10F5C00001F08EFA2046F3F7B7F801904046F3F7C2
:10F5D000B3F806903046F3F7AFF80390056206984B
:10F5E000019AC1691162C46101A8F3F7E3F806A8A2
:10F5F000F3F7E0F803A8F3F7DDF8F5F76DF90AB0D3
:10F60000BDE8F08110B50446F3F754FF204601F041
:10F6100013FEBDE81040F5F75FB900002DE9FC5F6F
:10F620009846DDE90C5491460E460746DDF83CB09D
:10F63000F3F740FFDFF82CA1DAF8140004434DB9CA
:10F64000BAF8020048B348480AF138010068407C23
:10F6500051F82050681C0ED0FDB12846F3F76CF825
:10F660000190B0F90010B0F902200F441644B9F12E
:10F67000000F02D006E000250FE0B0F90430591A5F
:10F6800001F10109B8F1000F04D1B0F90600801AA8
:10F6900000F1010801A8F3F78DF80BF12C00F2F747
:10F6A0005CFF5FEA000B57D0BAF80200401CAAF8D2
:10F6B00002005846F3F740F80090078007EB090175
:10F6C0004680491E818006EB0801491EC1800E99C3
:10F6D0000161264A816A2240114381626846F3F73C
:10F6E00069F8DAF80C005E4650B1F3F77BF807468C
:10F6F0003046F3F777F80146786948617E6101E0AA
:10F70000CAF80CB02946584601F022F9A00602D5E5
:10F71000584600F0BDFDE00705D0DAF8201001F1F1
:10F720000101CAF82010600602D55846FFF726FFEF
:10F73000A0070DD55846F2F7FFFF0090816A41F00F
:10F74000020181626846F3F735F8584600F07AFC0A
:10F750000121584601F027FCF5F7BEF85846BDE8F0
:10F76000FC9F000094030020AC0200209F3F070094
:10F77000064910B50968002081F85400F3F79AFE95
:10F78000F7F7C6F8BDE81040F5F7A6B8AC020020C0
:10F7900010B50446C168D4E90020172A0DD004DC56
:10F7A0000E2A0CD0142A07D104E0222A0CD0282AD1
:10F7B00002D10CE000F0C2FF0020E06010BD214645
:10F7C000BDE8104000F0A2BD6FF07040F5E7BDE865
:10F7D000104000F037BC38B5040010D0F3F76AFED3
:10F7E0002046F2F7A9FF00900068F4F7F3FC6846A2
:10F7F000F2F7E0FF2046F2F7CFFEF5F76DF838BDDF
:10F80000F8B5050061D0F3F755FE284601F0DCF9A4
:10F81000002858D0284601F009F806460B21284652
:10F8200001F0C1FB284600F036FF2846F2F784FFBE
:10F830000090406A08B1F3F73DFF244C002104F129
:10F840005002A162A06852F82030AB4201D142F8C8
:10F8500020101E4A483252F82030AB4201D142F803
:10F860002010206904E04368AB4200D14160006889
:10F870000028F8D10721284600F040FC009801F04C
:10F880003DFF284600F030FF284601F00BFB0098B2
:10F89000806AC10703D0216AA1F1010121628006BB
:10F8A00002D5A088401EA0806846F2F783FF6088DA
:10F8B000401E60802846F2F76FFE0448383050F84A
:10F8C000260000F0E5FCF5F707F8F8BD94030020EA
:10F8D00010B504000DD0F3F7EDFD2046F2F782FFDE
:10F8E000816A42F2040291438162BDE81040F4F75C
:10F8F000F3BF10BD2DE9F0410025F3F7DBFD00E07B
:10F90000012503F0EBFC0028FAD11A4E1A4C30689E
:10F9100090F8540038B1A08828B1E069012720B1DF
:10F920000068804704E0002702E00120F5F794FD1D
:10F93000F4F7D2FF306890F8540058B1A08848B16D
:10F94000F3F7B8FD03F0D2FAF4F7C6FFA08808B1C8
:10F950000125EFE7F3F7AEFD3FB1E06910B1406874
:10F96000804702E00020F5F777FDF4F7B5FF284661
:10F97000BDE8F081AC0200209403002070B514466D
:10F980000D460646F3F796FD22462946304600F01E
:10F99000BFFEBDE87040F4F79FBF0000014800685B
:10F9A000806C7047AC02002010B50446F3F782FD6E
:10F9B0000648006810B906480068806C214600F0CF
:10F9C00009F8BDE81040F4F787BF0000B803002035
:10F9D000AC02002070B50C460546F3F76BFD2146DE
:10F9E000284600F0ABFEBDE87040F4F775BF1FB5C8
:10F9F0000021039117210091694600F06BFC0398E8
:10FA000004B010BD034804490068407C51F8200050
:10FA100070470000AC020020CC0300200021022827
:10FA200002D2024951F8201008467047CC0300204A
:10FA300010B5040007D0F3F73DFD2046F2F7D2FEE3
:10FA4000C469F4F749FF204610BD10B50446F3F72A
:10FA500031FD1CB12046F2F7C5FE046AF4F73CFF05
:10FA6000204610BD10B5040007D0F3F723FD204653
:10FA7000F2F7B8FE8469F4F72FFF204610BD70B589
:10FA800005004FF0000408D0F3F714FD2846F2F704
:10FA9000A9FEB0F90040F4F71FFF204670BD70B515
:10FAA00005004FF0000408D0F3F704FD2846F2F7F4
:10FAB00099FEB0F90240F4F70FFF204670BD70B513
:10FAC0000C4605000ED0002C0CD0F3F7F3FC2846B2
:10FAD000F2F788FE0168216040686060BDE8704010
:10FAE000F4F7FABE70BD38B50446F3F7E3FC2046E0
:10FAF00004F034FAF2F720FE0090B0F90410B0F9E7
:10FB000000000C1A641C6846F2F754FEF4F7E4FE99
:10FB1000204638BD38B50446F3F7CCFC204604F047
:10FB20001DFAF2F709FE0090B0F90610B0F90200D4
:10FB30000C1A641C6846F2F73DFEF4F7CDFE204631
:10FB400038BD00002DE9F04F9BB04FF0000B5E4632
:10FB5000CDF820B0CDF824B0CDF828B0F4F7FEF8F9
:10FB600018B100201BB0BDE8F08F6846F4F7D0F85C
:10FB70000098C84DC84C401C0ED10198401C0BD1B8
:10FB800020689DF8081000EB400005EB8000007A2B
:10FB9000884201D15846E5E7F3F78CFC009800282D
:10FBA0000EDB019800280BDBBC490098B1F900106E
:10FBB0000844BB4900900198B1F9001008440EE0D8
:10FBC0000098401C0CD10198401C09D1206800EB22
:10FBD000400055F8201005EB80000091406801902E
:10FBE00005A800F021FD9DF80900022800D2206040
:10FBF00007AA12A92068F3F7AFFB12990098401AE0
:10FC0000009007990198009A401A0190206800EB33
:10FC1000400055F8201091420AD105EB8000019A6E
:10FC20004168914204D1007A9DF8081088427CD046
:10FC3000DDE900019DF80920F2F7ACFE994F396823
:10FC400009B1684688479848216850F8210018B9DA
:10FC5000DDE9000100F00CFB06907A6812B106990C
:10FC6000684690478B4F2068383707EBC0014868DB
:10FC7000069A824201D0012200E000220DF1200903
:10FC8000F0B1EAB1486800F063FFC8B1206807EB43
:10FC9000C000406800F050FF90B19DE8070008AB3D
:10FCA00007C31220CDF844900E90206807EBC000E7
:10FCB00040680EA901F09DF9206807EBC00046607E
:10FCC000069800F045FF00287ED00699206807EBD3
:10FCD000C002516000EB400005EB80009DF8081069
:10FCE000007ADFF8B0A188420AF1280A5DD00698B0
:10FCF000C0B30698F2F720FD9DF8081013908DF818
:10FD00003410216801EB410105EB8101097A8DF87E
:10FD10003510B0F900200099891A0B91B0F9020052
:10FD20000199081A0C9013A800E0ACE0F2F742FD2C
:10FD30000BA8119011200E90206800EB400105EBFC
:10FD4000810191E88C000492CDE914379DF80820D8
:10FD50000A729DF8281031B10AEBC0014F68069A6B
:10FD60004A6001E021E000270AEBC000D0F80480DF
:10FD700006980EA901F0F6F821680AEBC100436865
:10FD8000434501D04068069001EB410005EB80033C
:10FD9000DDE91412049807C33FB1384600F093F927
:10FDA00018B121680AEBC100476020689DF808106F
:10FDB00000EB400805EB8802137A0B434BD00C2371
:10FDC0004FF0010B574600E052E00AEBC0000E93E3
:10FDD0004368DDF818C09C4515D043689BB109B154
:10FDE000119608E055F828100891516809918DF88E
:10FDF0002860CDF8449040680EA901F0FAF8206818
:10FE000007EBC000466020689DF8081000EB400238
:10FE100005EB82021172069951B39DE80E000DF1B7
:10FE20002008A8E80E009DF8281021B1069907EBDC
:10FE3000C000416008E01D48007808B100F094F966
:10FE4000206807EBC00046600698CDF844900EA9E4
:10FE500001F0CFF80CE0069850B1069800F06CFE67
:10FE600030B19DE8070008AB07C310200E90EBE708
:10FE700021689DE81C0001EB410005EB80001CC0DF
:10FE8000684600F063F905A800F0F6FFF4F724FDDA
:10FE900080E600000C7C01209C030020DC02002096
:10FEA000DE02002078040020DC030020EC030020A8
:10FEB000064A0549126851F82210814201D10120F9
:10FEC0007047002070470000DC0300209C030020E6
:10FED000064A0549126851F82210814201D10120D9
:10FEE0007047002070470000E40300209C030020BE
:10FEF0002DE9FF5F2C4D6878002853D100272B484F
:10FF0000EF60AF620068DFF8A8903C464764AF80BE
:10FF10006F804FF0020A4FF0FF3B40F6FF7805F18B
:10FF200038062046F2F78CFE98B1CDE90297CDE96C
:10FF300000BA0021424643460846FFF76FFB1A4AC3
:10FF400046F8240040326FF0704142F8241000F06F
:10FF500079F8641C022CE4DB164FDFF85C80DFF8D4
:10FF60005C90002407EBC40000F05EFB08EBC400CB
:10FF700000F05AFB09EBC40000F056FB641C022C95
:10FF8000F0DB306800F084F9FFF7F0FA0120064951
:10FF9000687030310A48086004B00846BDE8F05F78
:10FFA000F5F720BBBDE8FF9F94030020AC020020C2
:10FFB000C9680108247C0120347C0120447C012094
:10FFC0004547010870B586B00D46060031D0F3F7FD
:10FFD00071FA3046F2F7B0FB0090846AA10723D58E
:10FFE000D0E90010CDE90110E00302D5304600F061
:10FFF00004FD5DB1286803906868049003A9009827
:020000040801F1
:1000000000F01AFB03A901A8F5F7E0F9314601A8B1
:1000100000F01AFB40B140F601000440012C0AD068
:1000200001A9304600F0E6FC6846F2F7C3FBF4F79E
:1000300053FC06B070BD0098026A816901A800F007
:100040004FFDF1E70021FFF7BDBFFEB515460E4697
:1000500004001CD0F2F770FB0246009090F82800D4
:10006000800711D5314601A8F5F7CDF960B1684692
:10007000F2F7A0FB2A4601A9204604F05FFA2046C9
:10008000FFF7D6FC04460CE06846F2F793FBFEBD92
:100090002A4601A92046FFF7D8FF2046F2F7A2FB27
:1000A000046A002CF4D1FEBD1FB502004FF0000021
:1000B00007D003901F2000906946104600F00AF90F
:1000C000039804B010BD10B50446F3F7F3F92046C9
:1000D00000F07AFD0446F4F7FFFB204610BD70B532
:1000E00014460D460646F3F7E5F922462946304602
:1000F00000F07CFDBDE87040F4F7EEBB1FB5262292
:1001000003910092694600F001F91FBD70B586B0F9
:100110000D4606460024F3F7CDF90B490948096856
:1001200050F8210048B10E210595009104A9CDE9B0
:100130000316694600F0F8FE0124F4F7CDFB06B083
:10014000204670BDE40300209C030020054A01EB1B
:10015000410102EB8101D0E9002380680A60C1E916
:1001600001307047A87C012010B5F3F7A3F900F027
:100170006DFEBDE81040F4F7AFBB70B515460646FE
:100180008AB00C4651EA050070D0002E6ED0F3F70D
:1001900091F93046F2F7D0FA0590D0E90012CDE996
:1001A0000212CDE9061284B1816A0A0608D58905D2
:1001B00006D4BDF81810A1EB0401ADF8181004E046
:1001C000BDF81C102144ADF81C1085B1816ACA0528
:1001D00008D5490506D4BDF81A10A1EB0501ADF804
:1001E0001A1004E0BDF81E102944ADF81E10806AF4
:1001F000C00302D5304600F000FC05AB07CBC0E9D8
:10020000001290F8280080070AD506AA02A908A8BB
:10021000F3F742FD0598026A816908A800F060FCC6
:10022000BDF91E00BDF90E10401A0090BDF91C006A
:10023000BDF90C10431ABDF91A00BDF90A10421A93
:10024000BDF91800BDF90810411A059800F0ECFE40
:10025000059901F10800F5F7B9F80521304600F0DD
:10026000A2FE05A8F2F7A6FAF4F736FB0AB070BDB5
:1002700070B50C460546F3F71DF9224629460020C5
:1002800004F070FE0446F4F727FB204670BD000022
:1002900070B50446F3F70EF90C4D2868866C0CB95E
:1002A0000B49CC688464204600F034FEF6F730FB3E
:1002B0002046F2F797FA2968B0F90020CA64B0F92D
:1002C00002000865F4F708FB304670BDAC02002060
:1002D0009403002070B50D46040009D0F3F7EAF846
:1002E0002946204600F020FEBDE87040F4F7F4BA3D
:1002F00070BD70B50C460546F3F7DCF8214628467C
:1003000000F03EFEBDE87040F4F7E6BA70B50C00B0
:1003100005460DD0F3F7CEF82846FFF7A3FB18B13A
:100320002146A56000F000FEBDE87040F4F7D4BAA5
:1003300070BDF8B50E4605004FF000040FD0F3F77E
:10034000B9F82846F2F7F8F90090046906616846A2
:10035000F2F730FA2846FFF775FEF4F7BDFA2046AB
:10036000F8BD00002DE9F0410D460446F3F7A2F870
:10037000094F084E386856F82000A04201D000F01E
:1003800065FD386846F8204004480570BDE8F04136
:10039000F4F7A2BADC0300209C030020EC03002049
:1003A0002DE9FF471D4616460C468146FFF780FDA6
:1003B000DFF8908090B3B8F900102068471AB8F9B8
:1003C00002106068441A56EA050033D06946484670
:1003D000FFF775FB2DB1BDF802006D1E2844ADF886
:1003E00006004846FFF73EFB02A9FFF768FB2246DE
:1003F00039466846F3F77CFC02A932460846F5F711
:10040000E3F802A96846F3F70DFD002804D0224660
:1004100039464846FFF763FEBDE8FF87FFE7012145
:100420004846FFF79FFF2088A8F80000A088A8F89A
:100430000200F1E704B0224639464846BDE8F047DD
:10044000FFF74DBE7404002002490A680860104698
:1004500070470000A803002010B5F1F73DFE0249E7
:1004600000200968486410BDAC020020F0B587B0D8
:10047000002604460296039604960596F3F71AF8AA
:100480008CB3234D214F286857F82000A04236D066
:100490000596CDE900041E21029110B102A900F0D9
:1004A00043FD0120059002A9204600F03DFD05997D
:1004B00020266846002902D1296847F82140059F77
:1004C0001ED105462046FFF7CDFA040005D002A94B
:1004D0000296059500F028FDF4E7009C2046FFF702
:1004E000F2FD30B90CE00AE002A90296059500F091
:1004F0001BFD2046FFF7B6FA0400F5D100E0012706
:10050000F4F7EAF907B03846F0BD0000E403002034
:100510009C03002070B505004FF0000407D0F2F7EF
:10052000C9FF284604F0CCFD0446F4F7D5F920466F
:1005300070BD70B505004FF000041BD0F2F7BAFF94
:10054000284600F021F903F056FE05462C4605E04A
:10055000204603F050FE0446A84204D0FFF7A4FD55
:1005600008B9002CF4D12046FFF780FF00B1002429
:10057000F4F7B2F9204670BDF8B516460C460500F2
:100580001DD0F2F797FF2846F2F7D6F80090B0F9A1
:100590000410B0F90020891A641AB0F90610B0F9F5
:1005A0000200641E081A361A761E6846F2F702F92F
:1005B000324621462846FFF7E0FDF4F78DF9F8BDF5
:1005C00070B50546F2F776FF04480068446C456450
:1005D00000F006F8F4F780F9204670BDAC02002068
:1005E0000EB50E48006890F8541009B10C4811E09F
:1005F000806CF2F7A1F80090D0E90010CDE901106D
:100600006846F2F7D7F80748416A11B101A800F02F
:100610001BF801A804F008FD0EBD0000AC0200208C
:100620007C7B01209403002002490A680260086074
:1006300070470000A40300200B46B0F90220B0F977
:1006400000101846F3F754BB38B50C460546204653
:10065000F2F772F80146009090F82800800703D462
:100660006846F2F7A7F812E02846F4F7AFFE0098C4
:10067000806920B104466846F2F79CF8E7E76846CF
:10068000F2F798F8204601F043F8002801DA00203C
:1006900038BD012038BDF8B50546F2F70BFF6846B6
:1006A000F3F7C4FD1AE001212046F3F7A6FD0099F7
:1006B00081B178B10846F2F795F84068A84209D1AF
:1006C00069462046009EF3F7C5FD04463046FFF715
:1006D00082F804E069462046F3F7BCFD0446002C8E
:1006E000E1D1F4F7F9F8F8BD38B50446F2F724F88B
:1006F0000090816941B1026A00F0F2F9204600F0F1
:10070000E9FB0099002088616846F2F753F838BD8C
:1007100070B516460D46F2F765F8C4690BE0314630
:100720002046A847324629462046FFF7F1FF2046DB
:10073000F2F758F8046A002CF1D170BD38B50C46B8
:1007400000280AD0002C08D0F1F7F6FF21460090CF
:1007500000F004F86846F2F72DF838BD00224A8010
:100760000A8082880388D21A8A80C2884088101A38
:10077000C880704710B5FFF775F9002802D0F2F76E
:1007800031F8C06910BD000070B5084E0146064D35
:100790003068002455F8200000F0BDF910B1306831
:1007A00055F82040204670BDE40300209C03002043
:1007B00010B5040006D000BFF2F714F8006A08B1C3
:1007C0000446F9E7204610BD0D4810B5006890F8C2
:1007D0005400002806D00B4C6069012803DD401E40
:1007E0006061002010BD2069401C206103F090F87A
:1007F00018B1FFF7F5FE012010BD6069EFE70000BA
:10080000AC020020747B012070B50546FFF7B2FFF3
:1008100008E0AC4201D1002406E0F1F7E3FF006AF2
:10082000A84201D00400F4D1204670BD10B50446A2
:10083000F1F7D8FF80690028F9D12046BDE81040C3
:1008400000F066BFB0F90410B0F90000081A401CAF
:100850007047B0F90610B0F90200081A401C704742
:10086000F0B5384E074687B0306890F8541041B163
:10087000354C6169491C6161012905DD012007B022
:10088000F0BDFFF7ADFEF9E7806CF1F755FF2F4D96
:100890004FF0FF3100902161297821B181680291E8
:1008A000C068039007E090F8281089073CD5D0E98C
:1008B0000010CDE902101FB1394602A8F4F786FDF9
:1008C0003068406C78B3009804903068406C0168E0
:1008D000059140680690686A30B104A8F1F76AFF94
:1008E000686AF1F729FF049005A90498FFF7A4FEB0
:1008F00005A902A8F4F76AFD0DF11000F1F75AFFFF
:10090000696A19B102A8FFF79FFEB0B13068816C27
:1009100002A8FFF799FE80B1DDE90201C4E90001F8
:10092000FFF752FFABE706E06069401E6061684672
:10093000F1F740FF04E06846E0E76069401E60614F
:1009400000209CE7AC020020747B0120940300206F
:10095000FEB50D00044647D0F1F7EEFE00900021F1
:10096000856101622846F1F7E7FE00990290C569AA
:1009700091F8281001F008062DB12846F1F7DCFEA9
:10098000019036B115E0C4616846F1F713FF02A883
:1009900028E090F8280000070BD50098056202981F
:1009A000C4616846F1F706FF02A8F1F703FF01A84A
:1009B00018E002A8F1F7FEFE01A8F1F7FBFE2846B9
:1009C000F1F710FF11E004620BE02846F1F70AFF8F
:1009D0005EB990F82810090707D5019804620098BD
:1009E00005626846F1F7E6FEFEBD0190056A002D3E
:1009F000EBD1E8E7202203F0A1BD38B504001ED0FA
:100A0000F1F79AFE009090F82810890714D5406AF3
:100A100020B1F2F74FFE0099002048622046FFF710
:100A200007F8044606E02046FFF7E7FF2046F1F707
:100A3000D9FE046A002CF6D16846F1F7BBFE38BD3A
:100A400070B5064615460C460846F1F7CBFE806A9F
:100A5000C00302D54FF4804300E020232A462146FC
:100A60003046BDE87040AFF300802DE9FF41984665
:100A7000164607460D0031D00846F1F75DFE00909E
:100A8000846A0246A00726D5394601A8F4F7BBFCC4
:100A900008B340F601000440012C07D0424601A9EA
:100AA000284603F04BFD0098C46912E000984346C5
:100AB000026A816901A8FFF7D8FFF4E7B4420AD0BF
:100AC000424601A92046FFF7C0FA2046F1F78AFE08
:100AD000046A002CF2D16846F1F76CFEBDE8FF8194
:100AE0002023FFF7C2BF000070B50C46002550B1AF
:100AF0004CB100BFF1F776FE8069A04201D101251B
:100B000001E00028F6D1284670BD884201D10120BD
:100B10007047FFF7E9BF38B50D46002450B1F1F733
:100B20000BFE009018B18069A84200D101246846EC
:100B3000F1F740FE204638BD10B50124F1F752FE12
:100B400090F82800C00600D50024204610BD000003
:100B500070B5104D06460E4C286804EBC000416885
:100B60003046FFF7C1FF296804EBC102516829B183
:100B700000215268B24203D1012202E00121F8E7CC
:100B800000220143114301D0012070BD002070BD3F
:100B9000247C01209C03002090F828309B0711D56D
:100BA000B0F900308B420DDCB0F904308B4209DB28
:100BB000B0F90210914205DCB0F90600904201DB69
:100BC000012070470020704710B504460648C068F1
:100BD00006E0A04201D1012010BDF1F703FE4069FB
:100BE0000028F6D110BD000094030020F0B58BB0B2
:100BF00006004FF0000015460C4604900590069044
:100C000007903DD054EA05003AD03046F1F794FD04
:100C10000090D0E90012CDE902122A462146F3F7EE
:100C200067F800982A4621460830F3F761F80098E3
:100C3000C7696846F1F7BEFD2A462146384603F0EB
:100C4000D7FC3046F1F778FD009090F8281089071E
:100C50000AD5816941B1026AFFF7F2FE0098026A83
:100C6000816902A8FFF7ECFE6846F1F7A3FD0320B7
:100C7000049007AA08A831C204A9304600F054F92C
:100C80000BB0F0BD2DE9F14187B000250798F1F7D1
:100C900053FD0190D0E90212CDE90312076986697C
:100CA000846A01A8F1F786FD44F2200814EA080FCF
:100CB00030D0DFB103A80799FFF7C6FCB0B10798A1
:100CC000FFF7E6FA60070DD556B144F30000401C6B
:100CD0000090002307AA114903A8F2F70FFD05E0D1
:100CE0000120F5E7079800F065F801250798F1F76E
:100CF00023FD0190816A21EA080181628A0402D5FC
:100D000041F00401816201A8F1F754FD044988888B
:100D1000401E888008B02846BDE8F0815D68010863
:100D200094030020F0B589B00546F1F705FD029067
:100D3000866A0469D0E90210CDE9001002A8F1F733
:100D400039FD002C31D0B0072FD52E212846FFF7D2
:100D5000D0FA174C6F46207800F101002070F004A3
:100D60004FF00F0609D5CDE904650797FFF774FB2F
:100D700004A9284600F0D8F810E03846FFF770FDC7
:100D80000AE0CDE904650797FFF766FB04A928464A
:100D900000F0CAF8FFF718FD0028F2D120782F21C3
:100DA000401E20702846FFF7A4FA09B0F0BD0000ED
:100DB0009403002038B50446F1F7BEFC0090806A29
:100DC00040F601010840012805D06846F1F7F2FC21
:100DD000204603F0FFFE1448006A002823D0204676
:100DE00003F050FF2046F1F7FDFC8569046A18E026
:100DF0002046F1F7F7FC90F82800C043800702D1A5
:100E0000204603F0F9FE204603F03CFF2046F1F7B0
:100E1000E9FC046A002CEBD12846F1F7E3FC856974
:100E2000046A002DF6D138BD94030020B0F90010FB
:100E3000B0F90420914205DCB0F90210B0F90600C7
:100E4000814201DD00207047012070477FB5094DC8
:100E5000074C286854F82000002808D01821009179
:100E6000694600F061F82968002044F821007FBD40
:100E7000DC0300209C030020094B1968002905D0E1
:100E80000022814206D108680AB11060704700282C
:100E9000186070470A4609680029F2D170470000BF
:100EA000A403002070B505460948C0680CE000BFE7
:100EB000F1F798FC04464069A84205D12846F1F7AD
:100EC00091FC4069606170BD0028F1D170BD0000E7
:100ED0009403002070B50646F1F784FC054680694E
:100EE000002809D0F1F77EFC0446C069B0420ED15B
:100EF000F1F778FC006AE06170BD00BFF1F772FCA9
:100F00000146006AB04202D1286A086270BD00281A
:100F1000F4D170BD10B5FFF789FC002803DBBDE8F4
:100F20001040F3F76DB810BD70B50D4C06460D4678
:100F3000206814280DDA3046F1F754FC01696E6020
:100F400041B12068401C2060284688472068401E28
:100F5000206070BD2846BDE87040FEF719BC000057
:100F60007004002070B50C460546FFF7E5FD00282B
:100F700005D021462846BDE87040FFF7D5BF70BDBB
:100F80007FB50546002000900190029003900C462A
:100F90002846F1F727FC0269002A03D06846CDE90C
:100FA000004590477FBD1FB5CDE900106946FFF7AA
:100FB000BBFF1FBD7FB505460E464868C968039153
:100FC000CDE901050D202C46009008E02046FEF7F3
:100FD00049FD040003D069460396FFF7C3FF20468E
:100FE000FFF771F80028F1D131462846FFF7BAFF24
:100FF0007FBDF8B5CC680D46064684B1F1F79CFB81
:101000000090B0F900002168081A2060009960681B
:10101000B1F90210401A60606846F1F7CBFB29462F
:101020003046FFF7C7FFF8BD2DE9FF4F81B09B4663
:10103000C66962E03046F1F77FFB01460090D1E9D6
:101040000004896A254601F420730246802B09D0EA
:10105000B3F5207F029B134406D063F30F02029B7B
:10106000234405E002EB0B0363F30F0204EB0B03D5
:1010700001F4A06163F30F04B1F5807F0BD0B1F5EB
:10108000A06F03994FEA224307D0194461F31F422E
:101090002314039906E00E991314194461F31F42B7
:1010A0000E99231419440FFA82FA61F31F440FFAC0
:1010B00080F917144FEA2048AAEB0901A7EB0802B0
:1010C00051EA020002D03046FFF709F82AB221B2F5
:1010D000A2EB0900A1EB0A01091AC7EB2440C8EBF7
:1010E0002542821A51EA020002D03046FFF745F845
:1010F0000098066A6846F1F75DFB002E9AD105B0AC
:10110000BDE8F08F2DE9F0411B4D0C460646A9685D
:10111000686B0144491EA019884205D8016819B9B5
:1011200041680E4403F058FE686BA0420AD254F89E
:10113000040C271A386828B978680644384603F042
:101140004BFE3C46304602F0EDFF05EBC007324651
:10115000002120463B6C04F05FFE57F8400F083436
:1011600000B144602060002060603C60286830442A
:1011700028603046BDE8F081247A01202DE9F04155
:10118000054603F089F92B48C46BAC4202D8ED1C2C
:1011900025F00304804600680C34A04202D20020EF
:1011A000BDE8F08103F0D8FD0600F9D0204602F03A
:1011B000B9FF424611E000BF02EBC001096C59B112
:1011C0008D686B68A3420BD2A96829B18D686B68E2
:1011D000A34205D2002DF7D1401C1028ECD31FE00C
:1011E000F5B1D8F83C00191B0C301F46814200D2E3
:1011F0003C46284603F0F0FD0421D8F8300001EB0E
:10120000C6010023455022463146284604F004FE1C
:10121000A74203DD2919381BFFF774FF3046BFE7EB
:10122000204603F021FE0028C0D0304603F0B4FD74
:10123000B5E70000247A01207CB5040016D0F1F750
:101240007BFA0090016A91B190F82800000713D44E
:101250000846F1F771FA019090F82800000708D5C8
:101260006846F1F7A7FA01A8F1F7A4FA7CBD684631
:10127000FAE701A8F1F79EFA009885696846F1F748
:1012800099FA2046FFF726FE29462046FFF760FB25
:101290002046FEF7D7FE002202492046FEF76EFBED
:1012A0007CBD000059680108012070472DE9FC470A
:1012B0000F460025164681462C466946FEF78AFBF6
:1012C000DFF89480D8F80800C1070AD04107002948
:1012D0003968D8F8002002DAA2EB010501E0A1EBA1
:1012E0000205810708D5010700293168D8F80420D4
:1012F00001DA541A00E08C1ABDF904106A1C0A4481
:10130000142A05DAC1F11305D8F800102944396010
:10131000BDF90610621C0A44142A05DAC1F113044F
:10132000D8F8041021443160400704D500226942F6
:101330004846FEF7D4FE98F80800000704D562423C
:1013400000214846FEF7CBFE224629464846FEF7D6
:1013500014FFBDE8FC8700007C030020034600204A
:10136000891A994201DA012070479342FCDA05207C
:10137000704703460020891A994201DA022070471B
:101380009342FCDA0A2070472DE9FC410F461646CD
:1013900000246946FEF71EFB002F25DB002E23DB11
:1013A000BDF90410B9421FDBBDF90600B0421BDBDA
:1013B00003223846FFF7D2FFBDF90610050005D01D
:1013C0000C223046FFF7D5FF28430CE003223046BD
:1013D000FFF7CFFF040007D0BDF904100C223846F8
:1013E000FFF7BCFF204304462046BDE8FC811CB546
:1013F0000C46C1680A6B6946904769462046F3F778
:10140000E5FF1CBDF0B40F4C246814B1A446F0BC39
:1014100060470D4DDFF834C010C855FA84F63778B0
:10142000C4F30726C4F307441CF806602C5D521E63
:1014300004EB461404EBC7240C801944ECD1F0BC37
:1014400070470000900200204CA201084CA3010844
:1014500010B510C80C601944521EFAD110BD00001E
:101460002DE9F0478146F4F713FE4FF000080746D8
:101470006FF07F444546F4F723FE060018D000BF06
:1014800056F82510494502D12846BDE8F0876D1C65
:10149000BD42F5DB5FF00005484656F82510F1F730
:1014A000B5FAA04201D20446A8466D1CBD42F3DB4A
:1014B0004046EAE77047000010B5084A52FA80F14A
:1014C000074BC0F30724C0F307401B5D105C09788D
:1014D00000EB431000EBC12010BD00004CA201083E
:1014E0004CA301082DE9F05F9A46DDE90A87914691
:1014F0000C4605468B46164635F8020B4146884792
:10150000B84701C4761EF7D15046BAF1200F06D273
:10151000024649465846BDE8F05FF3F7B4BABDE865
:10152000F09F70470149F0F7F1B900003918000841
:101530002DE9F041054640690E463421008801EB53
:101540008000F0F7FBFF0746F1F7F6F8044628683D
:101550008069F1F775FBC1688A6A08219047032802
:1015600010DB04280DDD082809DD102803DD20200C
:101570000421A06108E010200221A06104E00820FD
:1015800000E004200121A061216168690088E06118
:1015900048436061F1F79AF86169814200DD60615A
:1015A00004F1340000212060C4E9027184F8306045
:1015B000012E05D0E1696FF0030202EB81010844BE
:1015C00060602046BDE8F0812DE9F04385B081469A
:1015D000F1F7B2F80390B0F90080B0F90270B0F9F9
:1015E0000440B0F90650466A03A8F1F7E3F8A4EB0B
:1015F0000804ED1B641C6D1C002C01DD002D03DCB8
:10160000002005B0BDE8F083AEB13046F1F794F8A4
:101610000490B0F90440B0F9065004A8F1F7CAF8F4
:101620004046444501D1BD424FD001463A4630467E
:10163000F2F78EF949E0FEF7E5F9814513D1F4F7A9
:1016400073FD0646F4F77CFDB44201DC85420ADDF9
:10165000B44200DD3446854200DD05462A46214677
:101660004846FEF789FF1D4A1D4901208DE8070005
:101670002B46224639464046F2F7D6F906464846FA
:10168000F1F75AF8039046620EB3816A41F4803153
:10169000816203A8F1F78EF83046F2F72BF907467E
:1016A0000120F3F78FF93046F2F7D3F80D496C4378
:1016B000A2000978F3F7D4FF4846FFF733FB002078
:1016C000F3F780F93846F2F715F9304699E703A8A1
:1016D000F1F770F84846FFF725FB91E700B50108E0
:1016E00054C30108600400200349884202D101F17B
:1016F0003C0070470C387047547C012010B50446FC
:10170000E069FEF77DF8E0690028F9D110BD00001E
:101710000146064A002000BF52F820308B4204D018
:10172000401C0228F8DB4FF0FF307047CC0300204C
:10173000F7B51546184A01A9009812689047174C4A
:1017400000902068406920B12946F2F76BFB002821
:1017500021D00120F3F780FE2068C069406920B1E4
:101760008268DDE90001904712E00D4D0CE068460B
:10177000F2F778FF06462068C0690168304688475E
:10178000296809B1304688470198401E0190EED57E
:101790000020F3F761FEFEBDA8040020AC0200208B
:1017A000D40200202DE9FC470F468246F0F7C4FF23
:1017B0000090C4680068D0F818806846F0F7FAFF17
:1017C00014B12046F0F7E8FEF86800688000F0F7F2
:1017D000C4FE060007D0F0F7AFFF04460025DFF88F
:1017E000449001900CE00120BDE8FC8759F82810D6
:1017F0008068096950F825000968884701C46D1C94
:10180000F8680168A942F1DC01A8F0F7D3FF50465F
:10181000F0F792FF0090C6606846F0F7CBFF00201B
:10182000E2E70000C40200202DE9F04781460C46A3
:1018300017461D46DDF82080B9B2A0B2F5F788F84A
:101840000948008909490968088007E02E88084886
:1018500000680680A8F10108641CAD1CB8F1000FF7
:10186000F4DCBDE8F0870000002A0020B40000206E
:10187000B80000202DE9FF4F83B081460E461C467C
:10188000DDE9117A109DDAF800000290DAF8040020
:1018900001902E4432480068007C00F0030030B113
:1018A000012836D002281CD0032855D130E000BFD3
:1018B000207880222A41104008B1019800E0029867
:1018C00003463146761C4846059A03F071FC681CB5
:1018D0000546082801D10025641C781E071EE7D1A3
:1018E0003AE000BF207880212941084028B13146E4
:1018F0004846019B059A03F05BFC761C681C054674
:10190000082801D10025641C781E071EEAD123E0B7
:1019100000BFD9F8101088688047804600BF207843
:1019200080212941084060B131464846059A02F0BD
:1019300018FC83468BEA080331464846059A03F0B3
:1019400037FC761C681C0546082801D10025641C5C
:10195000781E071EE3D100BF00BF07B0BDE8F08FBF
:10196000AC0200202DE9FF5F9046DDE90E924B4B63
:1019700099F80050C2F108048A465D5DDDE91071F6
:10198000D540474A139E1268127C12F0030225D0FC
:10199000012A03D0022A37D0032A7DD1006980684A
:1019A00080471FFA80FBBC4200D93C463F1BBAF17E
:1019B000000F65D0E8070AD0DAF808004146039A1C
:1019C000036850469847318881EA0B013180B61C84
:1019D0006D0808F10108641EECD15BE02F4ABC429F
:1019E00000D93C46B7EB040705F001006D0831F85B
:1019F000200026F8020B641EF6D1002F4CD019F8F7
:101A0000010F0824155CEAE788881FFA80FBBC42B6
:101A100000D93C463F1BBAF1000F16D08DB1E80744
:101A200008D0DAF808004146039A03685046984700
:101A3000A6F800B0B61C08F10108641E11D06D08AC
:101A4000ECE706EB4406A0440BE045B1E80701D003
:101A5000A6F800B0B61C641E03D06D08F5E706EBCF
:101A60004406002F18D019F8011F0C480824455CC3
:101A7000CDE719F8011F09480824455C93E70BE0FE
:101A8000E80703D0308880EA0B003080B61C6D0870
:101A9000641EF5D1002FECD1BDE8FF9FF0A4010832
:101AA000AC0200202DE9FF4F81B08A46DDF8388076
:101AB00011ACDFF8FCB098F800509146DDE90F1743
:101AC00045CC1BF80550C1F10804CD4039495B46AF
:101AD0000968097C11F003011ED0012903D00229F5
:101AE0002FD0032961D1106800698068804759466A
:101AF000BC4200D93C463F1BEA0702D03268424054
:101B00003260361D6D08641EF6D1002F4DD018F8D6
:101B1000012F08248D5CEBE71946BC4200D93C46F6
:101B2000B7EB040705F001026D0850F82220641E8F
:101B300004C6F7D1002F38D018F8012F08248D5C87
:101B4000EBE740680090BC4200D93C463F1BBAF12D
:101B5000000F16D08DB1E80708D0DAF80800494622
:101B6000049A03685046984700983060361D09F182
:101B70000109641E11D06D08ECE706EB8406A14450
:101B80000BE045B1E80701D000983060361D641EB7
:101B900003D06D08F5E706EB8406002F05D018F892
:101BA000011F08241BF80150CDE705B0BDE8F08FF8
:101BB000F0A40108AC0200202DE9FF4F81B00F46D0
:101BC0009846DDE90F9A98F800B00E9D0E9D2F44BF
:101BD00053480068007C00F0030010B102284BD18C
:101BE0004BE0BAF1000F25D000BFC5F1030044005F
:101BF000C4F10601C020084100EA0B0020FA04F6F7
:101C00005AF82600009039467F1CDDE90030039A1F
:101C100003F0CEFA681C0546042805D1002508F11A
:101C20000100804690F800B0A9F10100B0F1000970
:101C3000DBD121E000BFC5F103004400C4F106017F
:101C4000C020084100EA0B0020FA04F639467F1C48
:101C50003346039A019803F0ABFA681C0546042842
:101C600005D1002508F10100804690F800B0A9F1E7
:101C70000100B0F10009DED14DE0BAF1000F26D02D
:101C800000BFC5F103004400C4F10601C0200841B3
:101C900000EA0B0020FA04F646B15AF8260000903C
:101CA0003946DDE90030039A03F082FA7F1C681C94
:101CB0000546042805D1002508F10100804690F86A
:101CC00000B0A9F10100B0F10009DAD122E000BFB3
:101CD000C5F103004400C4F10601C020084100EA38
:101CE0000B0020FA04F62EB133463946039A0198C8
:101CF00003F05EFA7F1C681C0546042805D1002508
:101D000008F10100804690F800B0A9F10100B0F19F
:101D10000009DDD100BF00BF05B0BDE8F08F0000B5
:101D2000AC0200202DE9FF5F8B460FA9DDF838805B
:101D3000B1E82104C0F10401CCB298F800104000D1
:101D400081402F48129F91460068CEB2007C10F06F
:101D5000030004D001283AD002284FD114E0AC424D
:101D600000DDECB22D1BB1093AF8210027F8020B77
:101D7000B006060E641E14F0FF04F4D1002D3DD011
:101D8000042418F8016FEAE7AC4200DDECB22D1B29
:101D9000B0090DD0B109BBF1000F3AF8210038802D
:101DA00006D0DBF808004946039A0368584698476E
:101DB000B006BF1C060E641E09F1010914F0FF04F1
:101DC000E6D1002D1AD0042418F8016FDCE7AC42EC
:101DD00000DDECB22D1BB00903D0388880F0FF0085
:101DE0003880B006BF1C060E641E14F0FF04F2D14A
:101DF000002D03D0042418F8016FE8E7BDE8FF9F29
:101E0000AC0200202DE9FF5F8B460FA9DDF838807A
:101E1000B1E82104C0F10401CCB298F800104000F0
:101E200081402F48129F91460068CEB2007C10F08E
:101E3000030004D0012839D002284ED113E0AC426F
:101E400000DDECB22D1BB1095AF8210001C7B00624
:101E5000060E641E14F0FF04F5D1002D3DD00424BD
:101E600018F8016FEBE7AC4200DDECB22D1BB009B6
:101E70000DD0B109BBF1000F5AF82100386006D02F
:101E8000DBF808004946039A036858469847B006AD
:101E90003F1D060E641E09F1010914F0FF04E6D18E
:101EA000002D1AD0042418F8016FDCE7AC4200DDE5
:101EB000ECB22D1BB00903D0386880F0FF00386009
:101EC000B0063F1D060E641E14F0FF04F2D1002D73
:101ED00003D0042418F8016FE8E7BDE8FF9F000075
:101EE000AC0200202DE9F04107460D4690461C4605
:101EF000069E08E0424629463846236803F058F912
:101F0000761E6D1C241D002EF4DCBDE8F0812DE949
:101F1000F0479946DDE908540A9F92465FEA0108B6
:101F2000064608D0D8F8080023464A46D0F804C030
:101F300051464046E0473069C06830B1A2002946AA
:101F40003846BDE8F047EEF768BB28462146002634
:101F500004C8120E02D1761C491EF9D156B1B20046
:101F600029463846EEF759FB07EB860705EB860551
:101F7000A41B0CE02868010EFF2905D2C1F1FF0265
:101F80003968F3F7C7FA38603F1D2D1D641E002C19
:101F9000DBD1BDE8F08700002DE9FF4F81B00F468F
:101FA0009846DDE90F9A98F800B00E9D0E9D2F44DB
:101FB00053480068007C00F0030010B102284BD1A8
:101FC0004BE0BAF1000F25D000BFC5F1010084003D
:101FD000C4F10401F020084100EA0B0020FA04F6E5
:101FE0005AF82600009039467F1CDDE90030039A3C
:101FF00003F0DEF8681C0546022805D1002508F12B
:102000000100804690F800B0A9F10100B0F100098C
:10201000DBD121E000BFC5F101008400C4F104015F
:10202000F020084100EA0B0020FA04F639467F1C34
:102030003346039A019803F0BBF8681C0546022852
:1020400005D1002508F10100804690F800B0A9F103
:102050000100B0F10009DED14DE0BAF1000F26D049
:1020600000BFC5F101008400C4F10401F020084163
:1020700000EA0B0020FA04F646B15AF82600009058
:102080003946DDE90030039A03F092F87F1C681CA2
:102090000546022805D1002508F10100804690F888
:1020A00000B0A9F10100B0F10009DAD122E000BFCF
:1020B000C5F101008400C4F10401F020084100EAE8
:1020C0000B0020FA04F62EB133463946039A0198E4
:1020D00003F06EF87F1C681C0546022805D1002518
:1020E00008F10100804690F800B0A9F10100B0F1BC
:1020F0000009DDD100BF00BF05B0BDE8F08F0000D2
:10210000AC0200202DE9F05F92460BAA8946B2E8A6
:1021100042010A9F9B468B003A78C1F102009A4027
:10212000D5B24D4A0E9CC0B21268127C12F0030266
:102130001AD0012A79D0022A38D100295FD0280983
:102140000DD02909B9F1000F38F82100208006D000
:10215000D9F808005A465146036848469847A41CD7
:102160000AF1010A761E48E039B12909761E38F8CD
:10217000210024F8020B17F8015F022E10DB70100B
:1021800006F001062A0938F8221005F00F02218016
:1021900038F822106180241D17F8015F401EF1D12C
:1021A000002E03D0290938F821002080BDE8F09FD7
:1021B00028090DD02909B9F1000F38F82100208035
:1021C00006D0D9F808005A46514603684846984751
:1021D00015F00F000DD038F820006080B9F1000F25
:1021E00007D0D9F808005A460AF1010103684846A9
:1021F0009847241D0AF1020AB61E17F8015F022E45
:10220000D6DA002ED2D02809D0D038F8200020808D
:10221000B9F1000FCAD0D9F808005A4651460368F0
:102220004846BDE8F05F1847FFE7B04200DDF0B276
:10223000361AA90903D0218881F0FF0121802907DE
:10224000A41C0D0E401E10F0FF00F2D1002EADD0E8
:10225000022017F8015FE8E7AC0200202DE9F05FEB
:1022600092460BAA8946B2E842010A9F9B468B0020
:102270003A78C1F102009A40D5B24D4A0E9CC0B2E4
:102280001268127C12F003021AD0012A78D0022AB6
:1022900037D100295ED028090DD02909B9F1000FE6
:1022A00058F82100206006D0D9F808005A46514657
:1022B000036848469847241D0AF1010A761E47E044
:1022C00031B12909761E58F8210001C417F8015FC1
:1022D000022E10DB701006F001062A0958F82210B1
:1022E00005F00F02216058F822106160083417F8D9
:1022F000015F401EF1D1002E03D0290958F82100BA
:102300002060BDE8F09F28090DD02909B9F1000F20
:1023100058F82100206006D0D9F808005A465146E6
:1023200003684846984715F00F000DD058F8200074
:102330006060B9F1000F07D0D9F808005A460AF1D9
:10234000010103684846984708340AF1020AB61E9C
:1023500017F8015F022ED6DA002ED2D02809D0D08D
:1023600058F820002060B9F1000FCAD0D9F8080051
:102370005A46514603684846BDE8F05F1847FFE7F4
:10238000B04200DDF0B2361AA90903D0216881F00D
:10239000FF0121602907241D0D0E401E10F0FF00D3
:1023A000F2D1002EADD0022017F8015FE8E700005F
:1023B000AC0200202DE9F04781460F4692461C46AC
:1023C000DDE9085826480068007C00F0030010B1E1
:1023D000022841D11EE0B8F1000F0ED00AE02678A5
:1023E00058F8263052463946484602F0E1FE6D1E46
:1023F0007F1C641C002DF2DC0BE008E023785246C1
:102400003946484602F0D4FE6D1E7F1C641C002D28
:10241000F4DC21E0B8F1000F0FD00BE0267836B1E4
:1024200058F8263052463946484602F0C1FE6D1E25
:102430007F1C641C002DF1DC0DE00AE026782EB133
:10244000334652463946484602F0B2FE6D1E7F1CA6
:10245000641C002DF2DC00BF00BFBDE8F087000067
:10246000AC0200202DE9FF4F83B015461E46DDE982
:1024700014BADDE91297DDF84080119808283FD0A2
:1024800006DC012809D0022818D0042863D126E0F0
:10249000102844D020285ED14FE000240BE06219C0
:1024A0003B46CDE900B6CDF808A0DDE90301FFF712
:1024B000E1F94F44641C4445F1DB4CE000240BE09F
:1024C00062193B46CDE900B6CDF808A0DDE903016D
:1024D000FFF772FB4F44641C4445F1DB3BE00024F2
:1024E0000BE062193B46CDE900B6CDF808A0DDE966
:1024F0000301FFF751FD4F44641C4445F1DB2AE022
:10250000002409E062193B46CDE9006ADDE90301D8
:10251000FFF750FF4F44641C4445F3DB1BE00024ED
:1025200008E062193B460096DDE90301FFF77CF9FC
:102530004F44641C4445F4DB0DE0002408E06219BC
:102540003B460096DDE90301FFF7CCFC4F44641CD9
:102550004445F4DB00BF00BF07B0BDE8F08F0000CA
:102560002DE9FF4F8DB0A848DDE91D860068DDE943
:102570001A970C46006EF0F7DFF80690406908B134
:10258000F0F7DAF80A900698C068089006A8F0F705
:1025900011F9A0190E900A9850B19B490968097C5D
:1025A000890705D10EACCDF800900ECCF2F784F877
:1025B000DDE90E0103F04CFF0446102F03D0182F65
:1025C0005CDB002056E000251FE000BFDDE90EB017
:1025D0002844DDF828A0109E02905FEA08010FD081
:1025E00020000DD07200EDF791FFBAF1000F07D077
:1025F000DAF808003346594647685046029AB84709
:102600001C986D1C8044089804444D45DEDBF1E0C5
:102610000A980390DDE90EB10B985FEA08050844BB
:102620000190DDF840A026461ED0EEB1039830B1EF
:102630008068534659464768019A0398B8470D99F0
:1026400028680969096888473080039828B180683C
:102650005946019A036803989847B61C2D1D0BF143
:10266000010BBAF1010AEAD108981C9904440B98AD
:102670008844401C0B904845CADBBBE0082F03D0C0
:102680001F9800286CD06DE0002065E01F9800289E
:102690000A9832D0DDE90EA102900BEB0100009008
:1026A0001F9804905848109F454600682646007CB5
:1026B00010F0030002D0022848D109E015F8011BF0
:1026C00004987F1E30F8210026F8020BF6D13DE079
:1026D000287858B1049931F820003080029828B148
:1026E00080685146009A036802989847B61C6D1C92
:1026F0000AF1010A7F1EEBD128E0DDE90EA101906D
:102700000BEB010002904048109F464600682546AA
:10271000007C10F0030002D0022817D105E03A46F1
:1027200041462046EDF7F2FE10E0307840B12880B7
:10273000019828B1806851460368DDE90102984795
:10274000AD1C761C0AF1010A7F1EEED108981C9977
:10275000044488440BF101008346484596DB49E078
:102760002A481F90002543E03846012F04D0022854
:102770001CD0042F37D128E023480068006EEFF703
:10278000DBFF0690CDF80080109A1F990594CDE9E3
:102790000310CDE901620F980A992B18DDE90D02AB
:1027A000FFF7E0F806A8F0F705F81CE010991F986D
:1027B000CDE90086CDE902100F9804942B18DDE9CD
:1027C0000D020A99FFF7AEFA0DE010991F98CDE9B6
:1027D0000086CDE902100F9804942B18DDE90D0254
:1027E0000A99FFF78FFC1C990898884404446D1CD3
:1027F0004D45B9DB0A98002802D00AA8EFF7DAFFA6
:1028000011B0BDE8F08F0000AC020020E09F01088D
:102810002DE9FF4F9DB00446DDE92E58DDE92BA9D7
:10282000182108A8DDF8B4B0EDF731FFA068EFF784
:1028300083FF0E90B0F90810B0F90420891A491CE2
:10284000199141691591011D1E9808912468284429
:10285000ADF82C001F9AADF82E20209A1044401E8F
:10286000ADF830002A9A1F981044401EADF832008F
:102870000BA80746F1F7D6FAF8B9E4E00FA809AAC1
:10288000CDE90420CDE902B5CDE900A91EAE2A9B11
:1028900007CE01F059FA80B9149A0F98CDF8089034
:1028A000CDF81480CDE903201399CDE9001A10A8C2
:1028B0000EC8E06846682046B04708A801F0E4FA70
:1028C0000028DBD1089801681791406818903946B4
:1028D00017A8F1F7A7FA002872D0394617A8F2F71F
:1028E00075FD17AF0FA9CDE90471CDE902B5CDE9AA
:1028F00000A91EAE2A9B07CE01F026FA00285FD160
:102900002069806880470190BDF95E6091E000BF5A
:10291000B7F9005087E011984946301A0090109896
:10292000149A2B1A5046F0F76CFC83460E98B0F9B7
:102930000610B0F90400721A291A1598F0F756FC1F
:1029400088B30E9800F12001B0F90420B0F9060018
:10295000AA1A331A1998B8F1000F00FB032001EBF3
:10296000800042490968097C01F0030113D031B1AC
:1029700001290BD0022905D0032953D106E058F8CC
:102980002B101BE0BBF1000FF9D14BE058F82B10D6
:10299000019A514012E039B101290CD0022906D028
:1029A00003293FD107E00CE0C0F800B03AE0BBF1EA
:1029B000000FF9D136E0019A8BEA0201016031E0A3
:1029C0004EE02A48B8F1000F0068007C00F00300D8
:1029D00015D048B101280AD0022802D0032821D1FD
:1029E00005E0BBF1000F1DD058F82B3003E058F87C
:1029F0002B3001984340E068D0F818C00EE048B191
:102A000001281CD0022802D003280BD117E0BBF10B
:102A1000000F07D0E0685B46D0F818C03246294660
:102A20002046E0476D1CB7F90400A842BFF673AF1B
:102A3000761CB7F90600B042BFF66AAF10E0019805
:102A40008BEA0003D7E7CDE9029BCDE904582A9928
:102A5000CDE9001AE0681EAE0ECE45682046A847B4
:102A60000EA8EFF7A7FE21B0BDE8F08FAC02002062
:102A70002DE9FF4F8FB0A148DDE91C960068DDE924
:102A80001F870C46006EEFF757FE0690406908B1AD
:102A9000EFF752FE0A900698C068089006A8EFF774
:102AA00089FE04EB070010900A9850B19349096819
:102AB000097C890705D410ACCDF800900ECCF1F755
:102AC000FBFDDDE9100103F0E1FC0446182E15DBE7
:102AD000002510E01298CDF80080CDE9010411988E
:102AE0000A992B18DDE90F02FFF711FA1E990898D1
:102AF000884404446D1C4D45ECDBF6E0102E05D0F7
:102B0000082E3ED02198002873D0A7E0002034E0A2
:102B10001098029011990B98DDF828A00844DDF870
:102B200048B0464601902546BAF1000F07D0DAF8C2
:102B30000800DDE9012147685B465046B8470F9918
:102B400030880969496888472860BAF1000F06D0C3
:102B5000DAF80800DDE90121036850469847029839
:102B60002D1D401CB61C0290BBF1010BE7D108984B
:102B70001E9904440B988844401C0B904845C7DBC1
:102B8000B3E0002064E0219800280A9832D0DDE903
:102B900010A103900BEB0100019021980090574881
:102BA000129F454600682646007C10F0030002D0C4
:102BB000022847D108E015F8011B00987F1E50F845
:102BC000210001C6F7D13DE0287858B1009951F8AD
:102BD00020003060039828B180685146019A03684C
:102BE00003989847361D6D1C0AF1010A7F1EEBD130
:102BF00028E031E00490DDE910A0584402903F48FD
:102C0000129F454600682646007C10F0030002D063
:102C1000022817D105E03A4641462046EDF776FCFA
:102C200010E0287840B13060049828B1806851469F
:102C3000029A036804989847361D6D1C0AF1010A30
:102C40007F1EEED108981E99044488440BF10100C0
:102C50008346484597DB48E029482190002542E01B
:102C6000012E04D0022E1CD0042E37D128E0234898
:102C70000068006EEFF760FDCDF800800690219AA5
:102C800012990594CDE90320CDE9017111980A99B3
:102C90002B18DDE90F02FEF705FF06A8EFF78AFD06
:102CA0001CE021981299CDE90210CDE90087119816
:102CB00004942B18DDE90F020A99FFF7A3F80DE041
:102CC00021981299CDE90210CDE90087119804945A
:102CD0002B18DDE90F020A99FFF7C0FA1E986D1C48
:102CE0008044089804444D45BADB0A98002802D075
:102CF0000AA8EFF75FFD13B0BDE8F08FAC0200202B
:102D000014C301081CB56846FCF74EFE684600F087
:102D100001F81CBD2DE9F041DFF8888004684668A1
:102D2000D8F80000F3F702FED8F80800F3F7FEFD2C
:102D300025B237B224143A4629462046F0F75CF90A
:102D40003614611C32462846F0F7C2F9D8F8000064
:102D5000F3F7ECFD7A1E691C601CF0F74DF9721E4A
:102D6000A11C681CF0F7B4F9D8F81000F3F7DEFDE9
:102D7000691C3A463046F0F73FF9611C3246384646
:102D8000F0F7A6F9D8F80C00F3F7D0FD7A1EA91CCD
:102D9000701EF0F731F9721EA11C781EBDE8F041DB
:102DA000F0F796B9E8040020F8B505460E4614463B
:102DB0001F463B46224631462846009400F0CAFA98
:102DC000F8BD08B5009200F061FC08BD2DE9F047A0
:102DD00090B0884606461C461546182102A8EDF715
:102DE00056FCB068EFF7A8FC0890B0F90810B0F9ED
:102DF0000420D0F814908F1A011D02913668ADF8A6
:102E00001480ADF8184005A87F1CADF81650ADF839
:102E10001A508246F1F706F850B952E0F068BDF951
:102E20001030BDF90E208468BDF90C103046A04763
:102E300002A801F029F80028F0D102980168009159
:102E40004068019051466846F0F7ECFFC0B3514628
:102E50006846F2F7BBFABDF90040DFF880802BE04E
:102E60000898B0F90610B0F904006A1A211A484609
:102E7000F0F7BCF9A0B10898BDF9022000F12001DB
:102E8000B0F90630B0F90400D21A201A07FB02008C
:102E900001EB8000D8F80010C96B096801600AE0F6
:102EA000D8F800002A462146C06B0368F068D0F8C5
:102EB00018C03046E047641CBDF90400A042CFDAD8
:102EC00006E0F06823462A46876841463046B84700
:102ED00008A8EFF76FFC10B0BDE8F087AC02002047
:102EE00008B5009200F0C2FC08BD00002DE9F041D9
:102EF000134E9EB00125B46A04B9F4686846F1F730
:102F000069F810480068D0E90C875CB12046FDF7ED
:102F1000B9FE00B16D1E2046EFF764FC44690CB1A8
:102F2000002DF3D14046B462F1F78DF83846F1F741
:102F30007FF86846F0F792FF1EB0BDE8F081000010
:102F400094030020AC0200202DE9F041DFF85C8002
:102F500005684668D8F80000F3F7E8FC341437B287
:102F60002E142DB223463A4631462846F0F770F823
:102F7000D8F81000F3F7DAFCBA1E691C701CF0F7E1
:102F80003BF8A21E711C681CF0F7A2F8D8F80400E8
:102F9000F3F7CCFC7A1E691C601EF0F72DF8A21E18
:102FA000711C781EBDE8F041F0F792B8E8040020EB
:102FB000F8B506460C4617461D4623463A462146B6
:102FC0003046009500F0C6F9F8BD00002DE9FC4739
:102FD000DFF8AC8081461E46D8F8000015468A46C8
:102FE000006EEFF7A9FB0190406908B1EFF7A4FB71
:102FF00000902946504603F02BFA04460198C76812
:10300000D8F80000017CC90715D0D9F810008068F5
:10301000804787B2009820B181682A460B685146E4
:10302000984720886D1C784020800198B542C06880
:103030000444EFDD19E0C06B0168009870B11FFA1D
:1030400081F800982A4681680B6851469847A4F891
:1030500000806D1C3C44B542F3DD06E0701B401C53
:1030600089B221803C44401EFBD101A8EFF7A2FBAE
:103070000098002802D06846EFF79CFBBDE8FC876B
:10308000AC0200202DE9F0478AB00C4605461F46E9
:10309000904618216846EDF7FAFAA868EFF74CFB5E
:1030A0000690B0F90810B0F90420D0F814908E1AE8
:1030B000011D00912D68ADF80C40ADF8104003A83B
:1030C000761CADF80E80ADF812708246F0F7AAFEBD
:1030D00050B950E0E868BDF90A30BDF90620C7686C
:1030E000BDF904102846B847684600F0CDFE002818
:1030F000F0D100980168079140680890514607A8F0
:10310000F0F790FEB0B3514607A8F2F75FF9BDF9AA
:103110001E70DFF87C8029E00698B0F90610B0F93F
:1031200004007A1A211A4846F0F760F890B1069820
:1031300000F12001B0F90420B0F90600A21A381AF3
:1031400006FB002001EB8000D8F80010C96B09686D
:1031500001600AE0D8F800003A462146C06B0368D7
:10316000E868D0F818C02846E0477F1CBDF9220067
:10317000B842D1DA06E0E8683B464246C6682146D6
:103180002846B04706A8EFF715FB0AB0BDE8F08760
:10319000AC0200202DE9FC47284F1E461546386832
:1031A0008946006EEFF7C8FA0190406908B1EFF761
:1031B000C3FA00902946484603F068F93968044686
:1031C0000198CA6B097CD0F80C801768C90715D024
:1031D00000680069806880470746009820B18168D0
:1031E0002A460B684946984720686D1C7840206045
:1031F0000198B542C0680444EFDD13E0009858B16F
:1032000000982A4681680B684946984727606D1CDC
:103210004444B542F4DD05E0701B401C2760444483
:10322000401EFBD101A8EFF7C5FA0098002802D094
:103230006846EFF7BFFABDE8FC870000AC0200204B
:1032400001700120704700002DE9F047224C042650
:10325000A06AE0B1E06806EBD0014518E800FDF790
:103260008DFF070036D0216B06EBC700B1460E5824
:10327000E0680836C2003046D4F82880EDF7CDF972
:10328000A7622663E0684B4601466A1E0EE01248BC
:10329000BC30D0E901100830B1FBF0F5AD1CDDE722
:1032A000471C03EBC00C401C46F80C709042F7D34F
:1032B00009EBC0000022325021626068691A08449C
:1032C000E56060605FEA080001D0EFF765F9002073
:1032D000BDE8F0870120FBE7247A0120F8B51A4DFC
:1032E000E86AE8B1F0F7E6F8EC6813E02046EFF79B
:1032F00023FA0090018D090408D5264644696846E2
:10330000EFF758FA3046FCF77BFA03E04469684669
:10331000EFF750FA002CE9D10020E862F1F7DCFA6F
:10332000A86900B180470948006808B1804738B9EA
:103330000748006890F8540020B1F0F729FD08B163
:103340000120F8BD0020F8BD94030020D002002029
:10335000AC020020F0B50646059CC84DAD8849F288
:103360004137BD420BD0C54DAD8845F21037BD4247
:1033700005D0C24DAD8846F60407BD427ED1BF4D93
:103380006D89BF4F3F683D80C1F30F25BD4F3F683A
:103390003D80CDB2BB4F3F683D80C3F30F25B94F91
:1033A0003F683D80DDB2B74F3F683D80B34DAD898A
:1033B000B34F3F683D80C2F30F25B24F3F683D8059
:1033C000D5B2B04F3F683D80C4F30F25AD4F3F6885
:1033D0003D80E5B2AB4F3F683D80A84D6D89A84F59
:1033E0003F683D80C1F30F25A64F3F683D80CDB2B9
:1033F000A44F3F683D80A14DAD89A14F3F683D80FE
:10340000C2F30F259F4F3F683D80D5B29D4F3F6867
:103410003D80A51A6D1C5F1A7F1C05FB07F0974DB8
:103420002D89974F3F683D8006E0974D2D68ED6BE5
:103430002D88944F3F683D80051EA0F10100F4D116
:103440008E4D6D898E4F3F683D8000258D4F3F68C2
:103450003D808C4F3F683D80884D2D882D12894FCF
:103460003F683D80854D2D78864F3F683D80834D78
:10347000AD89834F3F683D80002500E011E0814F1A
:103480003F683D807F4F3F683D807C4D6D882D12A9
:103490007C4F3F683D80794DAD787A4F3F683D80E5
:1034A000EAE0764DAD8845F21057BD42F8D1734D34
:1034B0006D89734F3F683D80C1F30F25714F3F68A1
:1034C0003D806E4D6D896D1C6D4F3F683D80CDB266
:1034D0006C4F3F683D80694D6D89AD1C684F3F68FA
:1034E0003D80C3F30F25674F3F683D80634D6D8975
:1034F000ED1C634F3F683D80DDB2624F3F683D8009
:103500005E4DAD895E4F3F683D80C2F30F255D4F34
:103510003F683D80594DAD896D1C594F3F683D80D6
:10352000D5B2584F3F683D80544DAD89AD1C544FC6
:103530003F683D80C4F30F25524F3F683D804F4D9B
:10354000AD89ED1C4E4F3F683D80E5B24D4F3F6861
:103550003D804A4D6D894A4F3F683D80C1F30F253C
:10356000484F3F683D80454D6D896D1C444F3F6815
:103570003D80CDB2434F3F683D80404DAD89404FC7
:103580003F683D80C2F30F253E4F3F683D803B4D75
:10359000AD896D1C3A4F3F683D80D5B2394F3F68C9
:1035A0003D80A51A6D1C5F1A7F1C05FB07F0334D8B
:1035B0002D89334F3F683D8006E0334D2D68ED6B1C
:1035C0002D88304F3F683D80051EA0F10100F4D1E9
:1035D0002A4D6D892A4F3F683D800025294F3F685D
:1035E0003D80264D6D896D1C254F3F683D8000252F
:1035F000244F3F683D80214D6D89AD1C204F3F68B1
:103600003D801E4D2D882D121E4F3F683D801B4D65
:103610006D89ED1C1A4F3F683D80184D2D78194F6C
:103620003F683D80154DAD89154F3F683D800025B1
:10363000144F3F683D80114DAD896D1C104F3F68A0
:103640003D8000250F4F3F683D800C4DAD89AD1C7E
:103650000B4F3F683D80094D6D882D12094F3F6823
:103660003D80064DAD89ED1C054F3F683D80034D03
:10367000AD78044F3F683D80F0BD0000002A002077
:10368000B4000020B8000020AC0200202DE9FF4F5C
:10369000DFF8A0A00C4685B0DAF80000DDF848801D
:1036A0001F46C16B154609680391006EEFF744F899
:1036B00001902946204602F0CBFE06460198391BB0
:1036C00001F1010BD0F80C90406950B3EFF734F8DA
:1036D000A8EB0501491C00915B462A460290214651
:1036E000F0F7EAFF02A8EFF765F81AE0DAF8000051
:1036F000007CC0070DD005985F463446006980689D
:10370000804780B22188414024F8021B7F1EF9D1F6
:1037100005E003985A4681B23046F1F7C7FF4E44A0
:103720006D1C4545E2DD01A8EFF744F809B0BDE89E
:10373000F08F0000AC0200202DE9F04F8BB08946DD
:1037400004461E461746182101A8149DECF79FFF5A
:10375000A068EEF7F1FF0790B0F90810B0F9042067
:10376000D0F814A0891A01F10108011D0191246803
:10377000ADF81090ADF8146004A8ADF81270ADF873
:1037800016508346F0F74EFB68B95EE0BDF90E00B7
:103790000090E068BDF90C30BDF90A200569BDF95B
:1037A00008102046A84701A800F06EFB0028EDD1C4
:1037B00001980168089140680990594608A8F0F7F7
:1037C00031FBE0B3594608A8F1F700FE08AFBDF998
:1037D0002260DFF8949031E0B7F9005029E00798B3
:1037E000B0F90610B0F90400721A291A5046EFF722
:1037F000FDFC90B1079800F12001B0F90420B0F968
:103800000600AA1A331A08FB032001EB8000D9F83E
:103810000010C96B096801600AE0D9F8000032465F
:103820002946C06B0368E068D0F818C02046E0471E
:103830006D1CB7F90400A842D1DA761C00E00CE058
:10384000B7F90600B042C7DA07E00095E0683346F2
:103850003A46056949462046A84707A8EEF7AAFF59
:103860000BB0BDE8F08F0000AC0200202DE9FE4F48
:10387000264E1F46144630680D46DDF83090006E27
:10388000EEF75AFF01902146284602F0FFFD791B12
:1038900001F1010A316880460198C96BD0F80CB07B
:1038A0000E68406958B3EEF747FFA9EB0401491CC5
:1038B00000915346224602902946F0F7FDFE02A8E9
:1038C000EEF778FF1BE011480068007CC0070CD0C1
:1038D0000198574645460068006980688047296816
:1038E000414002C57F1EFAD107E0BAF1000004DDB5
:1038F00001464046491E40C0FCD1D844641C4C459A
:10390000E1DD01A8EEF756FFBDE8FE8FAC02002016
:10391000FEB54F4CD4E90201CDE90001206970B336
:10392000A089401C00B2ADF800006189ADF802101A
:10393000B4F90410884207DD2088ADF80000E08962
:1039400010F10100ADF80200BDF90200B4F9061053
:10395000884274DC3F4D2868806CEEF7EDFE0290E3
:10396000BDF90000B4F90010884220D1E088ADF81C
:103970000600A088ADF804002868806C0FE0FFE71F
:103980002088ADF800006088DCE700BFEEF72AFF72
:103990000646006A0022694600F0D5F8B0690028A2
:1039A000F4D1029800226946C06900F0CCF8BDF855
:1039B0000000ADF804002868806C0AE0EEF712FF02
:1039C0000646006A0022694600F046F80028EED15B
:1039D000B0690028F2D1029800226946C06900F05F
:1039E0003BF80028E3D1B4F90400BDF90010ADF8AC
:1039F0000400884207DADDE90001C4E9020102A8F7
:103A0000EEF7D8FE98E72868806C08E0EEF7EAFE4B
:103A10000546006A0022694600F05CF8A8690028A3
:103A2000F4D1029800226946C06900F053F802A858
:103A3000EEF7C0FE206944F62061884201DD0020D7
:103A4000FEBDDDE90001C4E902010120FEBD000068
:103A5000747B0120AC020020FEB517460E460546D9
:103A6000002433E02846EEF767FE0090856A0146A1
:103A7000A80726D527B13A4601A8F1F7C4FC03E010
:103A8000D1E90001CDE9010101A93046F0F7CAF9F9
:103A9000B8B1E80702D00098C56910E0BDF8080089
:103AA000401C308001240CE001AA31462846FFF773
:103AB000D3FF00B101242846EEF794FE056A002DDD
:103AC000F2D10098056A6846EEF774FE002DC9D160
:103AD0002046FEBDFEB516460D46044630E02046A3
:103AE000EEF72AFE0090846A0146A00723D526B18E
:103AF000324601A8F1F787FC03E0D1E90001CDE9E6
:103B0000010101A92846F0F78DF9A0B1E00702D024
:103B10000098C4690DE0BDF80400401EA8800AE0CA
:103B200001AA29462046FFF7D5FF2046EEF75AFEA8
:103B3000046A002CF4D10098046A6846EEF73AFE55
:103B4000002CCCD1FEBDFEB516460D46044648E01D
:103B50002046EEF7F1FD0090846A0146A0073BD5B0
:103B600026B1324601A8F1F74EFC03E0D1E900018D
:103B7000CDE9010101A92846F0F754F900B3E007A7
:103B800002D00098C46925E000983EB1B0F9021057
:103B9000B6F90200814203DD084601E0B0F90200F7
:103BA000B5F90210814205DABDF90600401E03E0B6
:103BB000E88011E0BDF90A00B5F906108842F7DB8C
:103BC0000AE001AA29462046FFF7BDFF2046EEF78E
:103BD00009FE046A002CF4D10098046A6846EEF7E6
:103BE000E9FD002CB4D1FEBD2DE9F0410C46C968B9
:103BF00086B049B306685EB394F83000012829D036
:103C0000E2696FF00303206803EB820265681044E9
:103C10006060276A2D1D2846A269F0F734FF6169AC
:103C20004FF000080291CDE90358CDF81480A16946
:103C30000120CDE90001F068E368E26A4568394691
:103C40003046A847C4F80C80002006B0BDE8F081DB
:103C50000120FAE725686560A76ADCE72DE9F041F5
:103C60000D460646CC68FBF70AFF21680844206031
:103C70003046FBF714FF6168014461602068FCF77F
:103C8000F7FA0746FCF764FFAFB1B74213D090B123
:103C90003846FBF7F4FE2168081A20603846FBF727
:103CA000FEFE6168081A606029463846FDF73CF957
:103CB0000120BDE8F0810020FBE7EEF76DBC2DE9A7
:103CC000F0470D46B3F9041006461C469146B14232
:103CD00020DCB4F90800B0421CDBB4F90600A842AD
:103CE00018DCB4F90A20AA4214DB2F1A711A88468C
:103CF0003A466069EFF77AFA60B1B4F90800B4F9AE
:103D00000410401A401C00FB0780203454F82000A7
:103D1000BDE8F087D9F800000028F9D0C1682A462C
:103D20004B693146BDE8F047184738B5EEF704FD5A
:103D30000090B0F956406846EEF73CFD204638BD8D
:103D400000787047012070472DE9F04FCF18DDE96A
:103D50000D54DDE90B69DDE909BA04F104087F1EA1
:103D6000A8E84F00B5F9028000EB020CA8EB0101B6
:103D7000ACF1010C2160002909DD5B1A2361002BE5
:103D80007DDDB5F9023001FB0A61A3606161B5F91F
:103D90000610791A2160002904DD2369591A21616E
:103DA00000296CDDB5F90410ACEB0101216000299C
:103DB00001DD511AE160C4F80090B5F900108842A5
:103DC0004CDA091A2160E36803EB0902521AE26037
:103DD00000225B46BBF1080F32D007DC012B0DD06F
:103DE000022B16D0BBF1040F38D11DE0102B2AD0C6
:103DF000182B2CD0BBF1200F30D128E0626902EBE8
:103E0000D102626121F007021044606001F00700F6
:103E100014E0626902EB9102626121F00302104436
:103E2000606001F0030009E0626902EB5102626127
:103E300021F001021044606001F0010020600DE0FB
:103E400063690B4406E0636903EB410302E06369C5
:103E500003EB810308446361C4E90020D4E9001046
:103E60000844E1684218B5F904108A4202DCE068AF
:103E700003E004E0081A401CE060002802DC012096
:103E8000BDE8F08F0020FBE7F0B5B0F90C60B0F9A9
:103E90000E40B0F91050B0F9123047690268011DA8
:103EA00037B1012F23D0022F34D0032F46D053E057
:103EB000B2F902709F424FDCB2F900C0AC454BDC56
:103EC000B2F906C0A44547DBB2F904C0B44543DBF0
:103ED0004FF0010CA74208DD4C805288521ECA8068
:103EE0000E808D80C0F814C033E0C0F814C0B2F961
:103EF00000C00227B4450CDD0E8015886D1E8D8034
:103F000011E000BFB2F906209A4214DACA80476174
:103F10001FE04761B2F904C00327AC450DDA8D807C
:103F200095886D1C0D80B2F90250A54201DD4D80CF
:103F3000E8E74C80E6E7CB80E9E74761B2F9062085
:103F400004249A4207DA521C4A80CB800E808D806E
:103F500044610120F0BD44610020F0BD002801D182
:103F6000FBF71CBD704700000246012901D1024841
:103F700070470020FCE7000020A00108012901D0C3
:103F8000002070470048704720A0010800207047BB
:103F9000012901D0002070470048704754C3010830
:103FA0000246A1F10900082813D2DFE800F0040658
:103FB000080A120C0E10084870470848FCE7084829
:103FC000FAE70848F8E70848F6E70848F4E7084839
:103FD000F2E70020F0E700009D570108C3570108F1
:103FE00015570108DF4301086F4601085F460108C5
:103FF00021510108162901D0002070470048704760
:104000005D3C000800207047162901D00020704751
:1040100000487047153B000803460A4699680F2A76
:104020001FD2DFE802F01E080A0C0E1E1E1E101220
:104030001416181A1C00486870478868FCE7C8689E
:10404000FAE70869F8E78869F6E70020F4E7012055
:10405000F2E70120F0E70020EEE70020ECE7002087
:10406000EAE74FF0FF30E7E770B500240D4602287D
:1040700007DAEEF7E5FD20B1C1688A6A2946904764
:104080000446204670BD0068C268926A1047006806
:10409000002802D0C268926A10477047082901D0F0
:1040A000002070472020704710B5F1F7F1FFB0F500
:1040B000807F03D0802803D307211AE0082118E06D
:1040C000402801D3062114E0202801D3052110E067
:1040D000102801D304210CE0082801D3032108E0B3
:1040E000042801D3022104E0022801D3012100E0C9
:1040F000002101208840401E10BD4FF0FF30704766
:104100004FF6FF70704770B5002406460125314612
:104110002846FFF7A9FF844200DA04466D1EF6D553
:10412000204670BD0146054A0F2000BF02EBC003C8
:10413000DB6B8B4201D9401EF8D57047247A0120F1
:1041400070B505460C0004D00846EEF74BFB006A3C
:1041500018B92846EEF746FBC069A04200D10020FE
:1041600070BD2DE9F04107460C461546A9B2A0B234
:10417000F2F7A6F806463046BDE8F08110B50846CD
:10418000114602F065F9008810BDF8B507461546DE
:104190000E468068EEF7D0FA02460090B0F90800AB
:1041A000B2F904103F68441A641C2946304600F0F6
:1041B000B6FD68B1009800F12001B0F90420B0F913
:1041C0000600B21A281A04FB002051F8204006E02D
:1041D000F8682A4631464369384698470446684697
:1041E000EEF7E8FA2046F8BD10B50846114602F091
:1041F0004DF9006810BD10B5040002D0FCF704FBB7
:1042000010B92046FCF7D4FAA04200D1002010BD1E
:10421000826800230B804B8093895B1E1BB28B80CE
:10422000138A5B1E1BB2CB80704738B50C46806882
:10423000EEF782FA009081882180C18861808188B0
:1042400002891144491EA180C18840890844401E4A
:10425000E0806846EEF7AEFA38BD0068002802D06C
:10426000C268126B1047704738B50C468068EEF78D
:1042700063FA009081882180C188618081880289E9
:104280001144491EA180C18840890844401EE08035
:104290006846EEF78FFA38BD024909684884002065
:1042A00070470000AC0200200249096888840020A1
:1042B00070470000AC0200202DE9F041466804463A
:1042C0003046FBF7F5FD154D10B1A868002810D059
:1042D0003046EDF79BFA07463046EDF781FA384352
:1042E00006D120680C2806D010280AD018280ED035
:1042F0000020BDE8F08121463046BDE8F04100F0E5
:10430000D9BA21463046BDE8F04100F069BA002034
:1043100001F0CAF90020A8600120EAE77C03002030
:10432000054A904201D1503A01E000F1080209B17A
:104330008A4200D010467047047C0120034988421D
:1043400002D1A1F13C0070470C307047907C0120F5
:104350000021FFF7E5BF0000F0B4124C646814B10F
:10436000A446F0BC6047541E04FB030401EB82002A
:104370000D4DDFF838C0001F2188E41A01F01F0638
:10438000521EAF5DC1F3451605EBD1211CF8066046
:10439000097801EB062101EB074140F80419EBD144
:1043A000F0BC7047900200204CA401086CA40108E6
:1043B00010B50468184410C1521EFAD110BD70B572
:1043C0000446F1F765FE0546F1F77AFEAC4201D3EB
:1043D000002070BD0028FCD050F8240070BD70B5DE
:1043E0000446204600F042F8054600220121A0695B
:1043F000F2F7CAFD0543284670BD000070B5184DA0
:104400000446E868011DC0E90E01091D00646161F0
:10441000417C05F1240050F82100C1680A6B04F1C9
:10442000080190470F48E066A868E061E868083036
:10443000606101202076FBF7E5FAA064032084F890
:1044400070006FF07040206360630020F2F736FA6E
:104450006FF07F40F2F76AFA0348286170BD0000F0
:10446000A0020020B8980108D4A4010870B5044641
:10447000A06858B91C20EEF7D5F8A060A56821699E
:10448000886880470646F2F767FEA861A06808B909
:10449000012070BD0020FCE72DE9F041244C94F888
:1044A0002400002841D1012504F1BC0684F82450E1
:1044B00071684FF42050814200D90146306801F004
:1044C0007DFBB06810B970688008B0601A4919485F
:1044D00008600846F1F786F85A20E06100201021B4
:1044E00001FA00F204EBC003401CDA631028F7D392
:1044F000D6E900100223C4E902030E18143EC4E9F1
:104500000C6100224FF0040C5B1E05E0571C0CEB05
:10451000C20E521C46F80E709342F7D825626360B3
:10452000FCF7F0FDFEF790FEE562BDE8F0810000CB
:10453000247A0120E546010898020020FEB51446C1
:104540000D460646EEF74EF90090836A980731D57E
:104550002846FCF76BFC00282CD040F601000340F5
:10456000012B27D03046EEF7E7F8024600902946A7
:1045700001A8F0F748FF01A8FCF758FCB8B1009972
:1045800044F22002886A104205D0083101AA084688
:10459000EFF782FB0BE0DDE9012320438862C1E9EC
:1045A000022305498888401C8880EFF703FE68468F
:1045B000EEF700F9FEBD00009403002008B5EEF709
:1045C000BBF800900068EEF7CDFA6846EEF7F2F817
:1045D00008BD10B5401A029CE41A4443501A94FBDB
:1045E000F0F0184410BD7047884200DD084670475F
:1045F0002DE9F0478AB00446002091468A46019092
:104600000290039006AE4FF00308049022E020468B
:10461000EEF792F84A4651460090EFF769FB009892
:104620004A4651460830EFF763FB0098D0E9075738
:104630006846EEF7BFF84A4651462846FFF7D8FFCE
:10464000CDF80480CDE906A901A920460496FCF71F
:104650006BFC3C46002CDAD10AB0BDE8F08710B5FF
:10466000044600220621A069F2F78EFC10BD10B5A9
:10467000044600220521A069F2F786FC10BD38B57A
:1046800005464FF48071FAF7A7FE2846EEF754F876
:10469000009090F828406846EEF78CF8A00703D504
:1046A00001212846FBF72AFD38BDF8B50C46064621
:1046B0004FF48071FAF7E0FD3046EEF73DF80090D8
:1046C000018D078E8DB26846EEF774F8022C02D188
:1046D0003846EFF777FDA80703D521463046FBF7AC
:1046E0000DFDF8BD0B4910B5002081F824000146EE
:1046F000084880223C30F0F7B3FFBC220021054877
:10470000F0F7AEFF03480C220021BDE81040BC309A
:10471000F0F7A6BF247A0120084910B5002088616F
:10472000014678220648F0F79BFF04480822002142
:10473000BDE810402430F0F793BF0000A002002035
:10474000EC7A01200B4A10B500215170D162084665
:1047500002F1500402F14803C2F8101044F820108E
:1047600043F82010401C0228F8D3116251625161B5
:10477000D16110BD94030020034900202822086065
:1047800001460248F0F76CBFF80300208C7B012043
:1047900010B5034C2069EDF71DFF0020206110BD0E
:1047A0001804002010B5034C6068EDF713FF0020DB
:1047B000606010BD4C04002010B5084CA068EDF7F7
:1047C00009FFE068EDF706FF2069EDF703FF002021
:1047D0002061E060A0606061A06110BD80040020E5
:1047E0002DE9F0418046C8680E4630B3D0E9005745
:1047F0003A4629464046FCF7C7FD04000CD0314636
:104800004046FFF72BFAA8B944F010033A46294670
:10481000404600F0E7FB0DE04046FBF749FB60B186
:104820000748007A000705D1FBF79EFC3146404659
:10483000FFF714FA0120BDE8F0810020FBE700003B
:104840007C030020F8B50E460746CD68EDF774FFEF
:104850000090B0F87C406846EDF7ACFFF0680028A7
:1048600017D0287AB0B1200702D43846FBF7FEFDF6
:104870003846FAF7C7FEE0060BD5E00509D5002358
:10488000200606D40A482946B0F900203846FBF72E
:1048900087FDF8BD3846EDF74FFF009030F87C1FDC
:1048A00021F4807101806846EDF784FFF8BD0000B7
:1048B0004C0300207CB5CD6806467DB32868009087
:1048C0006A68014630460192FCF75EFD0446287A8C
:1048D000164D01280AD03046FBF7EAFAF0B1A86875
:1048E00020F00F00A860DCB101207CBDA8680107A2
:1048F00006D001AA69463046FCF7D8FC002307E041
:104900006CB13046FBF7B2FD3046FAF77BFE23462A
:10491000DDE90012304600F065FBE5E703E010B189
:10492000FBF722FCE0E700207CBD00007C030020B8
:10493000F8B50E460546EDF7FFFE0090448E68463A
:10494000EDF738FFF16889B1087A00284FEAC450C2
:1049500005D0002802DB2846FFF791FEF8BD0028AD
:10496000FCDA02212846FFF7A0FEF8BD0321F9E793
:10497000F0B589B00746EDF7DFFE0090468E384669
:10498000C6F30024FCF7D8F808B1254600E002255C
:104990000098406DEFF774FB01A8EEF7B3FCDDE97A
:1049A0000101CDE9030144B10099C86A406940B1F1
:1049B00080470098C06A026811E00098C06A4068A9
:1049C000F6E7086DF1F7B2FFBDF90A30BDF908202E
:1049D000BDF90410BDF90600EEF73AFB012203A968
:1049E0000846F0F7F1FD009800EB8500406BF1F709
:1049F00065FF009800EB8500006CF1F797FF03A8B6
:104A0000FBF7DEFDEEF724F80098022D06DA006FC2
:104A100010B10CB1012004E0002002E0406F00B1B1
:104A20000220009901EB8000C56E6846EDF7C2FEDA
:104A300000231A4639462846EEF714F93846EDF7B2
:104A40007BFE0090806E18B3DDE90301CDE905011E
:104A500024B10122114605A8EFF74AF900985E300B
:104A6000B0F90220B0F9001005A8EFF741F90220D3
:104A7000EFF790FB0098806EEDF75EFE00990790CF
:104A8000B1F95C2005A9EEF7E1F907A8EDF792FE70
:104A9000F0070CD00098C06CF1F748FF0098C06A8E
:104AA0000168022900DC022101A8EEF74FFA00207C
:104AB000FBF786FD6846EDF77DFE09B0F0BD00000E
:104AC0002DE9F04196B08046EDF736FE099040465C
:104AD000FBF709F804464046FBF71CF80546099821
:104AE00002A9B0F956604046ECF769FFBDF908002D
:104AF00087190120CDE90B8002A81390BDF90C00A5
:104B0000ADF800000F90BDF91000ADF80400119051
:104B1000BDF81600401E00B2ADF802001090BDF9BD
:104B20001A00ADF8060012901098401C109000205A
:104B3000FBF796FEF0B3DFF898806846FBF740FD80
:104B40000998016E09B10BA888470020FBF738FDD2
:104B50004046F1F7EBFE0021731E621E0846EEF799
:104B600019FBBDF90C200021521E6B1E0846EEF702
:104B700011FBBDF910006B1E401C621E0021EEF7F8
:104B800009FBBDF912106B1E491C621E0020EEF7D6
:104B900001FB099890F83210890608D5B0F9581031
:104BA000781E0B18621E39460020EEF7F3FA022E2B
:104BB00003DB00E005E0FAF778FBFBF705FE0028D1
:104BC000BBD109A8EDF7F6FD16B0BDE8F0810000F5
:104BD000AAAAAA0010B50446EDF704FE806AC00335
:104BE00001D5034900E003492046BDE810400847CD
:104BF000A9380008250D01082DE9FC411F4C80460D
:104C00002068806CEDF798FD00904046EDF794FD2C
:104C10000146019000980830EFF704F928B32068A6
:104C2000009A0199D0E91356083201F10800F0F713
:104C3000EAFB6846EDF7BEFD114FC7F824800199E5
:104C40002068B1F90020C264B1F90210016501A821
:104C5000EDF7B0FD4046FFF7BDFF00207862206809
:104C6000C0E913560120BDE8FC816846EDF7A2FDBE
:104C700001A8EDF79FFD0020F5E70000AC02002041
:104C8000940300202DE9FC410546EDF755FD009009
:104C900090F8281089073DD5C46939E02046EDF722
:104CA0004BFD019090F82810C94389072BD100993A
:104CB0000831EFF7B7F830B30098D0E902676846DB
:104CC000EDF778FD01A8EDF775FD2046FFF794FF9D
:104CD00070B12046EDF786FD01902046FFF7D2FF28
:104CE0002046EDF77FFD01902846EDF77BFD009013
:104CF0002846EDF721FD00902046EDF71DFD0190BF
:104D00000098C0E902670198046A01A8EDF752FD16
:104D1000002CC3D16846EDF74DFDBDE8FC8170B5B0
:104D20000346B2F9044050699C4213DCB2F90620F4
:104D30008A420FDC1B1B05885C1CAC420ADC8A1A09
:104D40004488511CA14205DC1946EEF74FFA08B120
:104D5000012070BD002070BD10B50E4C6168E06A86
:104D6000814209D8401EE062FEF76EFAE16A491CF2
:104D7000E16208B1002010BD60680422401E60603E
:104D8000206A216B02EBC0028A582262012201F8DC
:104D9000302010BD247A0120074910B54A68042448
:104DA000521C4A600A6B04EBC0040B6A13510023C7
:104DB00002F83030086210BD247A012013B5006873
:104DC0000199FEF711FF0198846801A8EDF7F2FC44
:104DD0002046EDF7E1FB1CBD10B504464068FFF727
:104DE000A1F90146084863680268D21A026000EB24
:104DF000C102D4E90201403200B1416009B108604A
:104E000010BD106010BD0000247A01207CB50500A3
:104E100025D0144C2068A84206D1EDF78DFC0090F7
:104E200080682060684611E004462046EDF784FC67
:104E300001908068A8420DD1EDF77EFC01990090A9
:104E4000806888606846EDF7B5FC01A8EDF7B2FC14
:104E500000207CBD044601A8EDF7ACFCE5E701208D
:104E60007CBD0000D40400202DE9F05FDFF89480C1
:104E70008346D8F83440D8F80810601E0F18204632
:104E8000D0E90015B9BB6619BE4236D2D6E9001981
:104E900089B3D8F8303013F83130012B2DD1D8F840
:104EA0002820914201D1012100E000218A46FFF72C
:104EB00093FF3068D8F83010042202EBC0004A4655
:104EC0000C5031462046EBF766FBBAF1000F05D0D7
:104ED000D8F83010321B891AC8F8301004EB0901D9
:104EE0002846FCF70FF9BBF1000F05D0834503D826
:104EF0000020BDE8F09F00E04D462C44BC42BED3EC
:104F00000120F6E7247A01202DE9F8431F46904658
:104F10000E4605000AD0EDF70FFC3A4641460090D8
:104F2000FBF73AFE28B10098C46912E00020BDE802
:104F3000F8836846EDF73EFCF8E73B4642463146CB
:104F40002046FFF7E1FF00B105462046EDF74AFC99
:104F5000046A0CB1B442F0D16846EDF72BFC284648
:104F6000E5E7000070B50646064814460D460068A1
:104F7000FAF754FD23462A463146BDE87040FFF754
:104F8000C3BF00009C03002038B50C460546EDF772
:104F9000D3FB0090B0F87C104FEA017224B1002AD4
:104FA0000BDB41F0080103E0002A06DA21F00801DA
:104FB000A0F87C102846FBF745F86846EDF7FAFBA9
:104FC00038BD0000064910B509684A6B824206D018
:104FD0004863F0F7D1FCBDE81040F1F775BC10BD97
:104FE000AC02002070B50F4D06461C46A86843076A
:104FF00000D42960000700D46A60002C10D030462D
:10500000FAF756FF18B900213046FBF7ABF92046F6
:1050100000F04AFBE00600D5002444F01000A86030
:1050200070BD00007C0300201FB504460F480168D6
:10503000486C38B102680292406803900C48406A9C
:1050400018B901E020460EE0886CEDF775FB02A967
:105050000090FBF7F1FA6846EDF7ACFB214602A899
:10506000F0F7B4F902A8F1F73BFC1FBDAC02002039
:1050700094030020064910B509680A6B824206D0E5
:105080000863F0F779FCBDE81040F1F755BC10BD9E
:10509000AC02002030B509490B681A7C82EA000492
:1050A000640707D59C6BDB6B25681B6823600B6866
:1050B000DB6B1D6009680874104630BDAC0200202F
:1050C00070B50646FBF760FB01463046FFF738F83F
:1050D00005462C4606E021463046FFF731F80446E7
:1050E000A84202D0FAF7E0FF88B194B10B4D2046F8
:1050F0002E68FBF79BFB401C0DD02046FBF796FB70
:1051000028602046FBF7B2F92E6020B101E0002CA8
:10511000E1D1002070BD204670BD00009C0300203E
:105120007CB504460D4616460020009001908DF88F
:10513000045000966A460421A069F1F725FF7CBD62
:105140000A490B48D1E90032934202DAC0E9083239
:1051500001E0C0E90823D1E902218A4202DAC0E96C
:105160000A217047C0E90A1270470000647B0120E1
:10517000E00200207CB504460D4616460020009053
:105180000190009501966A460321A069F1F7FCFEA3
:105190007CBD0068C3681B6A18470068002802D0FD
:1051A000C3681B6A184770470068C3681B6A1847C2
:1051B00030B5524CA48849F24135AC4205D04F4C31
:1051C000A48845F21035AC421CD14C4C64894C4D3E
:1051D0002D682C80C1F30F244A4D2D682C80CCB251
:1051E000484D2D682C80454CA489454D2D682C8058
:1051F000C2F30F24434D2D682C80D4B2414D2D684D
:105200002C8071E03D4CA48846F60405AC4224D1C4
:105210003A4CA488012C03D1384C2488641E611AAE
:10522000364C6489364D2D682C80C1F30F24354DE2
:105230002D682C80CCB2334D2D682C802F4CA48946
:105240002F4D2D682C80C2F30F242E4D2D682C80FD
:10525000D4B22C4D2D682C8046E0284CA48845F211
:105260001055AC4228D1254C6489254D2D682C80E1
:10527000C1F30F24234D2D682C80204C6489641CBD
:105280001F4D2D682C80CCB21E4D2D682C801B4CE0
:10529000A4891B4D2D682C80C2F30F24194D2D6855
:1052A0002C80164CA489641C154D2D682C80D4B21A
:1052B000144D2D682C8017E0104CA488012C03D1CC
:1052C0000E4C2488641E611A0C4C64890C4D2D68A8
:1052D0002C800C4D2D682980084CA489084D2D6820
:1052E0002C80084D2D682A80044C2489044D2D689B
:1052F0002C80044D2D682B8030BD0000002A00203A
:10530000B4000020B80000207CB510481C461546AB
:1053100000680E46006EEDF70FFA01902946304600
:1053200001F096F804800198406950B1EDF704FA55
:10533000009081682A460B68314698476846EDF729
:1053400039FA01A8EDF736FA7CBD0000AC02002066
:105350002DE9F8430746984615460E468068EDF756
:10536000EBF902460090B0F90800B2F904103F686A
:10537000441A641C29463046FFF7D1FC68B10098F6
:1053800000F12001B0F90420B0F90600B21A281A81
:1053900004FB002041F8208006E0F86843462A46D6
:1053A000846931463846A0476846EDF703FABDE800
:1053B000F88300007CB510481E46144600680D4670
:1053C000006EEDF7B9F901902146284601F05EF82C
:1053D00006600198406950B1EDF7AEF90090816820
:1053E00022460B68294698476846EDF7E3F901A87D
:1053F000EDF7E0F97CBD0000AC0200202DE9F74F8D
:10540000A8B0EDF799F9039001680891B0F904206C
:1054100029998A420AD1B0F906002A99884205D111
:1054200003A8EDF7C7F92BB0BDE8F08F0020EEF729
:1054300061FA2590089882699A4818920168487C18
:105440001790824200D04A740398B0F90410099171
:10545000B0F90820B0F906B0A2EB0101B0F90A20BA
:1054600001F1010AA2EB0B0101F101012491017C80
:1054700089077DD541690C9100F120011B91099AA2
:105480002999A1EB02082A99B8F1000FA1EB0B07AB
:105490004FF0FF3109DD012210920022554616928D
:1054A0006A1ECDF838801E9209E0AAF10102169218
:1054B00000220E92169A0D46424410911E92002F21
:1054C00009DD0121DDF890901D91A9F101011F97DF
:1054D00000240B9107E01D91249C89460021641E45
:1054E0001F91E1190B91C068EDF726F921900898FA
:1054F00004A9C068026B0898904710990398FCF7BC
:1055000017F81A9010990398FCF712F82290A1E06E
:105510001F98844204DB0B98844201DC012000E0E8
:10552000002026900BEB040038440790169E8CE078
:1055300000202390224631460C98EDF757FE20902C
:1055400000287DD01B9800EB860104FB0AF001EBDC
:1055500080000F900998811901EB080006900E98C1
:10556000864208DB1E98864205DC269818B100E0CA
:105570007EE0012000E000200090BDF910100698A8
:10558000814215DCBDF912100798814210DCBDF98B
:105590001410069881420BDBBDF916100798814262
:1055A00006DB0146039B089A0698FEF788FB2390CA
:1055B000009840B1B6EB080120D4E21B1ED40C9831
:1055C000EDF714FED0B90998BDF91020304404EB72
:1055D0000B01824212DCBDF912208A420EDCBDF9B9
:1055E000142082420ADBBDF916208A4206DB229A89
:1055F00000920F9A089B126800F0ABF8BDF91010EA
:10560000069881421ADCBDF912100798814215DC18
:10561000BDF914100698814210DBBDF916100798E9
:1056200081420BDBDDE920010DF1180C51F820203F
:105630001A980090BCE80B0000F08BF80F9900E07E
:1056400001E02398086010980644AE427FF470AFE2
:105650001D9804444C457FF45BAF1A990398FFF7FB
:10566000ADFB22990398FFF7A9FB21A8EDF7A2F85B
:105670000398299981802A99C18029995144491E0A
:105680000181249A2A991144491E4181DDE91710AC
:10569000884203D008460349096848742598EEF704
:1056A00029F9BDE6AC02002070B50546EDF7F2F829
:1056B000002816D01449154CEDB105F0030001285F
:1056C00010D0022811D005F00C000C2810D078B1B1
:1056D0000F4880B10968EDF7F5F8E168002900D1BD
:1056E000E06070BD0A482438F3E709481838F0E74D
:1056F00007480C38EDE7E0680028F2D00968EDF7BC
:10570000E1F80020ECE700009C0300207C0300206F
:10571000FCA001082DE9FC4105460E461746002075
:10572000009001902846FEF7A1FEA86878B1AC6809
:10573000606908B9304600E0606960616660A76032
:10574000009601976A460721A869F1F71DFCBDE89C
:10575000FC812DE9F0410646069C0D461746606A1D
:10576000A84205D194F93010206A0844B04203D011
:1057700021461846FEF738FA6068076094F9301041
:10578000606800EB81006060E06808B9C4E90A6500
:10579000401CE060C4E90865BDE8F081F8B5044646
:1057A0000D46002000902046FEF760FEA06838B14C
:1057B000A668356000956A460221A069F1F7E4FB0E
:1057C000F8BD2DE9F04105460E4617462846FEF77E
:1057D0004DFEA86818B1AC68E66027616661BDE857
:1057E000F081000010B50446EDF79EFD20B1BDE844
:1057F00010400121EEF774BC074804EB840100EB74
:1058000081004179002906D0012101710069BDE8BC
:105810001040EEF761BB10BD8C7B012086B0FAF71B
:10582000F1F883466449FAF784FD644864A10022D4
:105830001023CDE90232CDE9041002208C23CDE9FA
:1058400000201A461E210A20EBF73EFF81466048E1
:1058500060A100221023CDE90232CDE9041002201C
:105860008C23CDE900201A461E21AA20EBF72CFF3D
:1058700082464846FAF7BBF804465046FAF7B7F8AE
:1058800005462846FAF746F983462046FAF72BF9EB
:1058900005900020494902225B46CDE90042CDE94E
:1058A00002100146059AF9F7B9FE4E4908602846EC
:1058B000FAF730F983462846FAF715F905900020E3
:1058C000434941F202025B46CDE90052CDE90210A4
:1058D0000146059AF9F7A2FE43490860012000211C
:1058E0000222CDE9001214238C22CDE90210D2212C
:1058F0000A20EBF78DF83D49086002200021CDE930
:10590000001014238C22CDE90210D221AA20EBF73B
:105910007FF837490860374837A100221023CDE9C6
:105920000232CDE904100A202823CDE900201A46CE
:1059300050213C20EBF7C8FE06462E4830A100223D
:105940001023CDE90232CDE904100A202823CDE945
:1059500000201A465021DC20EBF7B6FE074625480A
:1059600029A100221023CDE90232CDE904100A203A
:105970002823CDE900201A46AA218C20EBF7A4FEAB
:10598000804601213046EBF7D7FF01213846EBF77F
:10599000D3FF01214046EBF7CFFF1DA1134800685C
:1059A000EBF78BF81DA112480068EBF786F802E0D0
:1059B0003220EDF76DF9FBE7896601087167010890
:1059C0004561726C7920436C697070696E67000084
:1059D000E56701084C61746520436C697070696EFD
:1059E00067000000600200206402002068020020BE
:1059F0006C020020A1680108546F70203000000084
:105A0000546F702031000000546F7020320000008D
:105A1000496E76616C6964617465000052657365F6
:105A20007420636F756E7473000000002DE9F04FF1
:105A300091B0ECF781FE0190D0E906910C910168DC
:105A400004918E693A4909684D7CAE4200D04E748B
:105A500000F12001D0F814A007910121FBF768FDA7
:105A60000E90019800214161C068ECF765FE019934
:105A70000A90D1E90101CDE90F010FA90498FBF7C4
:105A8000B6FCBDF93E7033E00198BDF93C40B0F979
:105A90000600381A0D9026E001980D9AB0F904001E
:105AA000201A834601465046EDF7A0FB5FEA000846
:105AB00018D039462046019B049AFEF700F9BAF83F
:105AC00000100D9A5143079A02EB810242F82B0015
:105AD0000A990E98049B51F82820009039462046D8
:105AE000FFF737FE641CBDF94000A042D4DA7F1CEA
:105AF000BDF94200B842C7DA0E990198FFF75EF986
:105B00000AA8ECF757FE0199AE42C1F814A002D0E2
:105B100007480068457401A8ECF74CFEB9F1000F86
:105B200003D000214A460C98904711B0BDE8F08F91
:105B3000AC02002070B5144C0546D4E90010814237
:105B400012D0FBF7D1FD297A027A91420CD121685B
:105B5000814209D0FBF7C8FD297A007A814203D13E
:105B60006068FBF7C1FD60600ECD606880E80E00E4
:105B7000FEF7E4FB60602168814203D10846FEF72E
:105B8000DDFB206070BD0000AC04002030B4044692
:105B9000094A0B46401C07D0581C05D09068411C90
:105BA00002D0D1684D1C02D14FF0FF300146C2E94E
:105BB000024330BCEEF79CBCE0020020F0B58E083A
:105BC0000023FF220546002406E0E718B7FBF2FC9D
:105BD00002FB1C7780C5641CB442F6D30546002442
:105BE0000BE004EB030CBCFBF2FE80CD02FB1ECCF1
:105BF000BC4501D00320F0BD641CB442F1D35B1C52
:105C0000022BDFD34E0800230546002407E0E718E7
:105C1000B7FBF2FC02FB1C7725F8027B641CB44244
:105C2000F5D3054600240CE004EB030CBCFBF2FEAC
:105C300035F8027B02FB1ECCBC4501D00220F0BD32
:105C4000641CB442F0D35B1C022BDDD30023054659
:105C5000002407E0E618B6FBF2F702FB176605F82A
:105C6000016B641C8C42F5D3054600240CE000BF98
:105C7000E718B7FBF2FC15F8016B02FB1C77B74283
:105C800001D00120F0BD641C8C42F1D35B1C022BBF
:105C9000DDD30022134602E000F8013B521C8A4289
:105CA000FAD30020F0BD00002DE9F04F8FB0ECF7E3
:105CB00043FDDFF8C8A00390D0F80090DAF8001098
:105CC000D9F818604D7CAE4200D04E7441690A91FB
:105CD00000F120010491D0E90110CDE90C100CA9CC
:105CE0004846FBF784FB01210398FBF721FC0B904E
:105CF000BDF9327028E00398BDF93040B0F90600D4
:105D0000A7EB000B1BE003985A46B0F90400201AD9
:105D1000804601460A98EDF769FA78B10A98049925
:105D20004B46008800FB0BF001EB80010B9851F80B
:105D30002820009039462046FFF70BFD641CBDF972
:105D40003400A042DFDA7F1CBDF93600B842D2DA57
:105D50000B990398FFF732F80398826912B1C06972
:105D60000121904703A8ECF725FDAE4202D0DAF8F6
:105D7000000045740FB0BDE8F08F0000AC020020B9
:105D800008B5ECF7D9FC00900068ECF734FF6846E2
:105D9000ECF710FD08BD00007CB5050020D0ECF745
:105DA000CBFC104900904C68AC4214D1406848606C
:105DB00013E02046ECF7C0FC01904468AC4207D1E8
:105DC000009801994068486001A8ECF7F3FC04E0F2
:105DD00001A8ECF7EFFC002CEBD16846ECF7EAFCED
:105DE0007CBD0000D40400200A4A816952F82130A9
:105DF000834202D1036842F82130416809B1026848
:105E00000A60016809B142684A600021016041608E
:105E100070470000C4020020006180E80E001044BA
:105E200040F8042C704700002DE9F74FC8488B4616
:105E30009CB0D0E90010CDE9191092461C98ECF7FF
:105E40007BFC1190D0E90454B0F90810D0F80C8014
:105E50000A91DFF80093B0F90A001390D9F8000016
:105E60004E46407CEDF712FA1090119800680069D8
:105E7000406817903068407CEDF7C4FA064611A8D8
:105E8000ECF798FC082D01D8012004E0102D01D872
:105E9000022000E004200F90012D21D0002710984F
:105EA000082871D3082D6FD91798B0426CD0D9F853
:105EB0000000407CEDF79EFA12900A988000ECF703
:105EC0003DFB1B9000287DD01C98EDF7C2FC81465D
:105ED000002C78D02046ECF72FFC002618908AE0A2
:105EE00019AFDCE700200C901898324681684B69A6
:105EF0000CA998470A990446884221D11B98ECF7CF
:105F00001BFC129B179ACDE90023014616904846C8
:105F10002246109BFBF7E6FA03AB0020169A109975
:105F200085C301200090CDE9010103460AEB06017B
:105F300058460A9AEFF7E6FD16A8ECF73BFC58E046
:105F4000012D1ED053E00C9801AB09EBE00200F0EC
:105F500007010492CDE9057101210091A3E8220116
:105F60000AEB0601584401232246F1F71BF80C986E
:105F7000324620440C90189881684B690CA99847C8
:105F80000446002CDFD134E04FE01B98ECF7D4FB43
:105F9000169001460C9B0F98179A03FB0090129BDA
:105FA000CDE900232246109BFBF79CFA02AB109828
:105FB0000021169A87C3012000900AEB0601019088
:105FC0000C9A01E02EE01EE00BEB020001232246BA
:105FD000EFF798FD16A8ECF7EDFB0C98324620443D
:105FE0000C90189881684B690CA998470446002CBE
:105FF000CBD1C144761C13988642FFF673AF18A824
:10600000ECF7D8FB0BE0012001A905970090A1E86F
:10601000210351465846139B0A9AEFF773FD1B98CC
:10602000ECF7BAFA1FB0BDE8F08F1C98EDF711FC41
:106030008146002C7ED02046ECF77EFB0024189091
:1060400070E000200C901898224681684B690CA9DA
:1060500098470A99064688421DD1069400E0641CC0
:106060001898621C81684B690CA99847B042F6D019
:10607000012001A905970090A1E8210306980A9A3A
:10608000261A0AEB0001731C5846EFF73BFD761CFD
:1060900006FB089044E0012D1ED03DE00C9801ABBA
:1060A00009EBE00200F007010492CDE9057101213E
:1060B0000091A3E822010AEB04015844012332466F
:1060C000F0F770FF0C98224630440C9018988168C5
:1060D0004B690CA998470646002EDFD11EE00C9AAA
:1060E0000F9901AB02FB0190CDE90407012000905C
:1060F000A3E821010BEB02000AEB04010123324665
:10610000EFF700FD0C98224630440C9018988168F7
:106110004B690CA998470646002EE0D109EB080010
:106120008146641C139884428BDB18A8ECF742FB71
:1061300078E7FFE7012001A905970090A1E8210376
:1061400051465846139B0A9AEFF7DCFC6AE70000B9
:1061500094B40108AC0200202DE9FF4F8DB01F461A
:1061600090460D98ECF7E8FA0890B74EB0F90AB0EF
:1061700000F11804D0F80C903068407CEDF786F8F8
:10618000082801D8012504E0102801D8022500E0E4
:1061900004250898AD4A0168096907913168497C6E
:1061A00052F821100A69079906921668D1F804A0DE
:1061B00091420FD10021CDE90441012101AA0091B2
:1061C000A2E88202B0F908205B4641460E98EFF73C
:1061D00099FC30E1202F02D0102F74D02BE1B0F9C0
:1061E000084008A8ECF7E6FA05FB04F0ECF7A6F97E
:1061F0005FEA000AEDD0ECF79FFA09900D98ECF7F2
:106200009BFA00F1180408900898012DB0F9087065
:1062100004D0022D13D0042D38D121E00698DDF8EA
:106220002490D0F810C0BCF1000F01D0012320E071
:1062300001CCB04709F8010B7F1EF9D126E0069882
:10624000DDF82490D0F810C0BCF1000F01D002237B
:106250000FE001CCB04729F8020B7F1EF9D115E001
:106260000698DDF82490D0F810C0BCF1000F07D0DC
:1062700004233A4649462046E04704EB870405E0FC
:1062800001CCB04749F8040B7F1EF9D10020E9008A
:10629000099ACDE90210CDE9042001200090019077
:1062A0000898414608F10108B0F9082001230E982A
:1062B000EFF728FCBBF1010BA6D109A8ECF77AFA9D
:1062C0005046B6E0FFE7B0F9084008A8ECF772FACC
:1062D00005FB04F0ECF732F90C9000287BD0ECF7CA
:1062E0002BFA09900D98ECF727FA00F118040890A2
:1062F000B0F908008000ECF721F90B9010B1ECF731
:106300001BFA0A900898012DB0F9087004D0022DEC
:1063100023D0042D69D141E00698DDF8249000696E
:1063200088B10798D0F814C0BCF1000F0BD00B98BF
:1063300048B102233A4620460A99E04706980123CD
:10634000D0F810C040E034F8020B51468847B047FF
:1063500009F8010B7F1EF6D147E00698DDF824907E
:10636000006988B10798D0F814C0BCF1000F0BD0B9
:106370000B9848B102233A4620460A99E04706980E
:106380000223D0F810C01FE034F8020B51468847B2
:10639000B04729F8020B7F1EF6D126E00698DDF8FB
:1063A00024900069C0B10798D0F814C0BCF1000F68
:1063B00012D00B9880B102233A4620460A99E04752
:1063C00006980423D0F810C03A4649460A98E04798
:1063D00004EB470409E02EE034F8020B51468847ED
:1063E000B04749F8040B7F1EF6D10020E900099A56
:1063F000CDE90210CDE90420012000900190089819
:10640000414608F10108B0F9082001230E98EFF782
:1064100079FBBBF1010B7FF475AF0B9828B10AA88B
:10642000ECF7C8F90B98ECF7B7F809A8ECF7C2F944
:106430000C98ECF7B1F80898002802D008A8ECF7FF
:10644000B9F911B0BDE8F08FAC020020C402002001
:1064500038B505460C480C460068006EECF76CF940
:106460000090B0F90620C36800F11801A21A02FBDF
:106470000311B0F9040001EB4501A1EB40046846AB
:10648000ECF798F9204638BDAC02002038B5054637
:106490000C480C460068006EECF74EF90090B0F91D
:1064A0000620C36800F11801A21A02FB0311B0F91B
:1064B000040001EB8501A1EB80046846ECF77AF952
:1064C000204638BDAC0200202DE9F04104460D46BF
:1064D0001646324629462046FDF743FE0746216907
:1064E00088688047804687EA080332462946204666
:1064F000FEF75EFEBDE8F081FEB507461248154680
:106500000E460068006EECF717F9019029463046F8
:10651000FFF79EFF04463869806880472188414024
:1065200021800198406950B1ECF706F9009081682C
:106530002A460B68314698476846ECF73BF901A8B4
:10654000ECF738F9FEBD0000AC020020F8B50446B7
:1065500016460F468068ECF7EFF802460090B0F957
:106560000800B2F904102468451A6D1C31463846FB
:10657000FEF7D5FB98B1009800F12001B0F9042096
:10658000B0F90600BA1A301A05FB002001EB8005AD
:1065900020698068804729684140296005E0E068FB
:1065A00032463946C369204698476846ECF702F9F7
:1065B000F8BD0000FEB5144815460E460068006E92
:1065C000ECF7BAF8019029463046FFF75FFF044622
:1065D000019800680069806880470146206848404B
:1065E00020600198406950B1ECF7A6F800908168EE
:1065F0002A460B68314698476846ECF7DBF801A855
:10660000ECF7D8F8FEBD0000AC02002000B52DED7F
:10661000048BB0EE409AF0EE609A83B051EC190B07
:1066200001F080FA41EC180B18EE100A18EE901ADF
:106630008DED008B002818BF0120084320F000409A
:10664000C0F17F6000F1E040C00F14D019EE101AC5
:1066500019EE900A8DED009B002918BF0121084317
:1066600020F00040C0F17F6000F1E040C00F04BFA7
:106670000120EAF73CF8B0EE480A03B0F0EE680AF1
:10668000BDEC048B00BD000010B5044620680F2847
:1066900002D0262845D125E00020EDF7C9FCECF713
:1066A000D7F946F2FF00EDF7CEFC0022114620A0FC
:1066B000ECF7B8FB05230022782122480068ECF7AC
:1066C0001BFB4FF6C070EDF7BEFC0C2200211EA094
:1066D000ECF7A8FB05230C22782120480068ECF792
:1066E0000BFB22E0E06802281AD11D49A068096866
:1066F000884208D11B480068F9F7A4FC1A480068D2
:10670000F9F7A0FC0CE01949A0680968884207D194
:1067100000200C490860114908606068F9F792FC94
:1067200003E02046F9F734F800BF00BF10BD0000B9
:106730005061696E74436F756E7420284561726C88
:1067400079293A00700200205061696E74436F75B8
:106750006E7420284C617465293A00007402002090
:106760006802002060020020640200206C02002009
:1067700070B5044620680F282AD118480068062101
:1067800090FBF1F201FB1200154951F82050284608
:10679000EDF74EFCECF75CF946F2FF00EDF753FC29
:1067A0000F2219210846ECF7D5FC0020EDF74BFC31
:1067B0000F2219210846ECF79FFB08480068401C8F
:1067C00006490860F9F71EF90546F9F73BFC03E0B6
:1067D0002046F8F7DDFF00BF00BF70BD700200204B
:1067E0007802002070B5044620680F282AD1184886
:1067F0000068062190FBF1F201FB1200154951F8E7
:1068000020502846EDF714FCECF722F94FF6C07043
:10681000EDF719FC0F2219210846ECF79BFC00202C
:10682000EDF711FC0F2219210846ECF765FB08482B
:106830000068401C06490860F9F7E4F80546F9F7D6
:1068400001FC03E02046F8F7A3FF00BF00BF70BDC6
:106850007402002078020020F9F7F4BBF8B50F4C61
:1068600007462068806CEBF767FF00902268D0E94C
:106870000256D2E90212C0E902126846EBF79AFF0B
:106880003868FAF797FA2068806CEBF755FF0090AC
:10689000C0E902566846EBF78DFFF8BDAC02002058
:1068A00010B5044620680F2806D14FF0FF10EDF711
:1068B000BFFBECF7CDF803E02046F8F769FF00BF17
:1068C00000BF10BD00BF704710B5044600680E2819
:1068D00002D00F2817D108E0E0684168012917D1DC
:1068E0000068BDE81040EDF76DBC6068FAF710FF76
:1068F000084951F820006FF07041884203D0EDF74D
:1069000097FBECF7A5F82046BDE81040F8F740BF2C
:1069100010BD0000D403002070B504460D460020D1
:106920002071401EE0622946204600F073FD08B148
:10693000032070BD94F82E1294F82F0241EA002033
:106940004AF65521884201D00220F2E794F8690006
:10695000010694F8680041EA004194F8670041EAB2
:10696000002094F86610084320F07F400D498842CB
:1069700001D10020DDE794F88500010694F8840039
:1069800041EA004194F8830041EA002094F8821023
:10699000084320F07F400349884201D10020C8E726
:1069A0000120C6E7464154000146002002E049109C
:1069B000421CD0B20129FAD17047000070B50446DC
:1069C0006FF00400F3F79CFDE11704EB5171C1F384
:1069D000C7010D4A1170E11704EB5171CD104FF44E
:1069E0007A7045430120094908804FF0E020006992
:1069F00040F002004FF0E02108610846456100695F
:106A000040F00100086170BD6E00002070000020A1
:106A100070B504460F480078012814D10E4800785C
:106A200088B90E480088844206DB0C48008894FB35
:106A3000F0F52846F1F744F90848008894FBF0F196
:106A400000FB114084B24FF47A7104FB01F000F0B6
:106A500007F870BDE6000020DA000020700000207A
:106A60002DE9F047074600264FF0E020D0F81490BB
:106A70001148007807FB00F800BFF0F7B5FC4FF0B5
:106A8000E020856911E04FF0E0208469AC420CD031
:106A9000AC4202D2281B064403E0A9EB04002844C0
:106AA00006442546464500D300E0ECE700BFF0F77A
:106AB000BBFCBDE8F08700006E00002070B5044606
:106AC000002514B1012C0BD103E0F2F753FA05466F
:106AD00008E0F8F781FA4FF4A0400549088001E08A
:106AE000012500BF00BF0DB1012070BD0020FCE7F3
:106AF0005C0200202DE9F04107460E4615461C4673
:106B00004FF0000814B90420BDE8F08117B1012F3F
:106B100016D106E0E2B229463046F2F795FD8046EE
:106B200011E009E069024FF400723046F8F77EFA8E
:106B30006D1C06F50076641E002CF3D1A04602E021
:106B40004FF0010800BF00BFB8F1000F01D10020D5
:106B5000DAE70120D8E70146002070472DE9F0412F
:106B600007460E4614461D464FF0000817B1012F88
:106B700016D106E0EAB221463046F3F74DF98046D9
:106B800011E009E061024FF400723046F8F7BAFAFA
:106B9000641C06F500766D1E002DF3D1A84602E0B8
:106BA0004FF0010800BF00BFB8F1000F02D1002074
:106BB000BDE8F0810120FBE7F8B5EFF7A9FEEFF79C
:106BC00017FB04003BD100252846ECF739F800906C
:106BD00048B1C0680C21426A68469047010007D05E
:106BE0000098884704436D1C022DEDDB14B126E0AC
:106BF0000120F8BDEFF716FB012540F6FF76284689
:106C0000ECF71EF80090C0B12846EDF7F9F9042022
:106C1000EFF724FF0021324633460846EFF7F8F934
:106C20000020EFF71BFF00980E21C068426A6846FB
:106C30009047010001D0009888476D1EDFD520469F
:106C4000F8BD01E0FEF7EAFDFCE7000010B54FF4E7
:106C50000C71002000F0F8FB184908604FF40C712B
:106C6000002000F0F1FB154948604FF40A71002044
:106C700000F0EAFB124908604FF40A71002000F0AE
:106C8000E3FB104908604FF40071002000F0DCFBCA
:106C90000D4908600948006868B10848406850B16B
:106CA0000748006838B10748006820B10846006806
:106CB00008B1002010BD0120FCE7000040020020C8
:106CC000480200204C02002058020020F7B582B094
:106CD00016460398019001A800F0F8F90546002D2A
:106CE00002DA0B2005B0F0BD0E4850F825400CB17B
:106CF00000202070029810B1002002990870094904
:106D0000029841F82500029808B1012E01D0002018
:106D1000E8E7002203A902A800F006F80746384673
:106D2000E0E70000187A01202DE9F74F88B0002134
:106D300008980160099800F0C9F9079007980028A1
:106D400003DA0B200BB0BDE8F08FD549079851F856
:106D500020400CB90C20F5E708980460207878B141
:106D60006078FFF7F8FE804608F0010040B90A9805
:106D700020B108F0040008B10A20E3E70020E1E7B1
:106D800000202070079860706078FFF797FE8046BB
:106D900008F0010008B10320D4E70A9820B108F0F8
:106DA000040008B10A20CDE7002739462046FFF746
:106DB000B3FD0546012D01D06DBB2CE0002614E08B
:106DC00004F5F77101EB0610017951B1C17A0A0699
:106DD000817A42EA0142417A42EA0121027A114370
:106DE00000E000214DF82610761C042EE8D3002682
:106DF00006B1761E00BF5DF8267027B139462046E1
:106E0000FFF78AFD00E0022005461DB1701C064612
:106E10000428F0D300BF032D01D1012092E70DB16A
:106E20000D208FE73B20015D94F83C0041EA0020F3
:106E3000B0F5007F01D00D2084E74620015D94F875
:106E4000470041EA0029B9F1000F0ED194F857002C
:106E5000010694F8560041EA004194F8550041EAD1
:106E6000002094F8541040EA0109C4F8189040201A
:106E7000005DE070E078012804D0E078022801D0BD
:106E80000D205FE7E07809FB00F93D20005DA07070
:106E9000A07818B1A078411E084008B10D2051E734
:106EA0004120015D94F8420041EA00202081207ACF
:106EB00000F00F0008B10D2044E74320015D94F875
:106EC000440041EA002BBBF1000F0ED194F85300AF
:106ED000010694F8520041EA004194F8510041EA59
:106EE000002094F8501040EA010B3E20015D94F818
:106EF0003F0041EA00200490049808B90D2021E7E2
:106F000004984844218900EB1110069006988345A7
:106F100001D20D2016E70698ABEB0000A178B0FB7C
:106F2000F1FABAF1000F01D10D200BE7012540F66F
:106F3000F670824500D302254FF6F670824500D3E5
:106F400003250AF102006061E76104983844206279
:106F500006983844A062032D16D1208908B10D206F
:106F6000F0E694F85F00010694F85E0041EA004103
:106F700094F85D0041EA002094F85C1008436062D8
:106F800060698000059014E0208908B90D20D9E6D9
:106F9000206A48446062022D02D16069400007E027
:106FA000207D00F00100616901EB410100EB51001F
:106FB0000590A169059800F2FF10B1EB502F01D2A6
:106FC0000D20BFE64FF0FF302061E060802060714F
:106FD000032D5AD194F8601094F8610041EA002022
:106FE000012852D1791C204600F014FAE8BB002099
:106FF000607194F82E1294F82F0241EA00204AF6AC
:107000005521884241D13320005D01063220005DC8
:1070100041EA00413120005D41EA002094F830103F
:1070200008432049884230D194F81702010694F8A9
:10703000160241EA004194F8150241EA002094F852
:1070400014120843184988421FD194F81B02010604
:1070500094F81A0241EA004194F8190241EA00202A
:1070600094F818120843206100E00EE094F81F0223
:10707000010694F81E0241EA004194F81D0241EA1B
:10708000002094F81C120843E0602570074800882F
:10709000401C80B205490880E080002052E60000D4
:1070A000187A012052526141727241615E020020E1
:1070B00000BF054A128802F04002002AF9D0C2B28D
:1070C000014B9A80704700000010014070B50246E5
:1070D0004FF0FF301568E5B1116800E0491C0D78EC
:1070E000202D02D30D783A2DF8D10D783A2D0FD1FD
:1070F000146814F8015BA5F130030A2B07D28C4207
:1071000005D1032B03D218464D1C2946156070BDCE
:10711000002000BFFBE700000EE00848006808B947
:10712000012000E00020054908604FF4FA730022B6
:1071300011461046F0F700FEEFE7000094024042CF
:107140001CB5A820FFF73AFC4FF4A060F0F7AAF8AE
:107150004FF4E13000F004FAF3F722FAF7F73CFFBE
:107160004FF478403C4908803CA010210B46C822CF
:10717000CDE9001032211E20EFF7C0FD3BA0102109
:107180000B46C822CDE9001046211E20EFF7B6FDC0
:1071900039A010210B46C822CDE900105A211E202B
:1071A000EFF7ACFD23E039A010210B46C822CDE952
:1071B000001096211E20EFF7A1FD4FF4FA70FFF7A3
:1071C00027FC38A010210B46C822CDE900109621DB
:1071D0001E20EFF793FD4FF4FA70FFF719FC3648C5
:1071E000006808B9012000E0002033490860F7F783
:1071F00045FF4EF614718842D5D130A010210B46C0
:10720000C822CDE9001096211E20EFF777FDF7F791
:1072100047FBEFF7E9FF002000F062F8022000F0E2
:107220005FF8FFF713FD29490122086828A1FFF73D
:107230004DFD26490122486826A1FFF747FDF0F7DA
:107240003BF80023244A19462448F0F731FAF0F7B6
:10725000E3F900201CBD0000000000206D63756490
:1072600065762053544D3332463400005350492044
:1072700054455354000000006D63756465762E74A8
:10728000616F62616F2E636F6D0000005732355180
:10729000313620436865636B204661696C65642103
:1072A00000000000506C6561736520436865636B86
:1072B00021202020202020009402404257323551C6
:1072C00031362052656164792100000040020020BF
:1072D000303A0000313A0000FC06002095740108A5
:1072E00010B504460C4951F824104A000B4951F8D6
:1072F0002400002100F0BCF8094951F82420074976
:107300000C3951F82400002100F0B2F801210348A3
:107310000C30015510BD0000489701089000002076
:10732000609701082DE9F04704460F460025A9465D
:107330002548005D20B92448203801682046884748
:107340001FB94FF0FF30BDE8F087204850F8240007
:10735000B7FBF0F086B21D4850F82400B7FBF0F1FF
:1073600000FB117008B1701C86B2194850F8240057
:10737000451E24E014480C3850F8240030F815005D
:1073800020B909F101001FFA80F901E04FF000096E
:10739000B14513D14FF0000809E00B480C3850F804
:1073A000240005EB080120F8116008F10108B04540
:1073B000F3D3064850F824006843C4E76D1E002D3F
:1073C000D8DA4FF0FF30BEE79C0000205497010848
:1073D0004897010810B501460023002207E00B483A
:1073E00050F8210030F8120000B15B1C521C084814
:1073F00050F821009042F2D864205843044C54F8CD
:107400002140B0FBF4F0C0B210BD0000900000209D
:107410004897010870B504460D46E06AA84210D0AE
:10742000204600F06DF808B1012070BD607801239E
:107430002A4604F13001FFF75DFB08B10120F4E7B3
:10744000E5620020F1E7000070B504460E463146C3
:107450002046FFF767FF0546681C08B9002070BD8D
:10746000024850F824002844F9E700008400002076
:1074700030B5034601E003F8011B141EA2F101021E
:10748000F9D130BD00BF011EA0F10102D0B2FAD186
:107490007047000070B5054601210803F1F75AF95D
:1074A000EBF7D2FF0420F8F7CFFFF0F7D9F8E8F7B1
:1074B0000BFF044604230C4A00210C48F0F7F8F8AF
:1074C00002230B4A00210B48F0F7F2F803230A4A83
:1074D00000210A48F0F7ECF8FF20F0F79BFB20466C
:1074E000E8F7F6FE70BD0000FC290020436C01089F
:1074F000FC0800204D750108FC09002019710108E5
:1075000070B504462079F8B1E56A607801232A460F
:1075100004F13001FFF722FB08B1012070BD00200B
:107520002071206A281AA16988420DD2E67809E004
:10753000A0690544607801232A4604F13001FFF771
:107540000DFB761E022EF3D20020E7E707E0ECF7F2
:10755000F5FE0523002211461046F0F7EDFBF6E795
:1075600010B588B0044601210846F1F7F3F801216F
:107570001020F1F70FF9072209212448EAF714FE39
:1075800007220A212148EAF70FFE4FF4C060069057
:1075900002208DF81C008DF81D0000208DF81E00C3
:1075A00001208DF81F0006A91848EAF7B5FD0294DE
:1075B0000020ADF80C00ADF80E00ADF81000ADF8ED
:1075C00014000C20ADF8120002A91148F7F766FC70
:1075D00001210F48F7F707FC40210D48F7F7FAFBA8
:1075E000012240F225510A48F7F733FC25208DF897
:1075F000040003208DF805008DF8060001208DF8A9
:10760000070001A8EFF712FE08B010BD000002400D
:107610000010014010B591EA030F48BF83F000430A
:1076200000F15483841A71EB030C05D2121943EB59
:107630000C03001B61EB0C01DFF824E14FEA11544D
:10764000A4EB135C1EEA430F18BF9EEA445F73D09D
:1076500023EA0E03DCF1200E21EA045143F48013E7
:1076600032D322FA0CFE10EB0E0023FA0CFE41EB93
:107670000E01CCF1200E03FA0EFE10EB0E0051F1BC
:107680000001B1F5801FCCF1200E32D201EB045184
:1076900012FA0EF2BDE8104058BF7047401C38BFC8
:1076A0005FEA420218BF7047002814BF20F00100B3
:1076B00041F100014FEA410313F5001F38BF704745
:1076C000A1F1C04100F0E6B9012A43EB0302ACF19D
:1076D000200CDCF11F0E32BF4FF0000E23FA0CF32A
:1076E00010EB030041EB0451B4EB115FD0D0A1EBE0
:1076F000045101F5801149085FEA300001EB0451A3
:107700000ED350F1000038BF12FA0EFE08D1BDE8CA
:107710001040C9E7401C38BF5FEA4202CAD1C3E744
:10772000BDE810404FEA410313F5001F38BF704712
:10773000A1F1C04100F0AEB99EEA445F08D011EA61
:107740005E0FBDE8104004BF01F00041002070470B
:10775000BDE8104070B500F04FF900BF64FBBE3EBD
:107760000000E0FF491058BFC1F140415B1058BF15
:10777000C3F140438B42EFF3008070474FEA11534F
:10778000A3F58063D3F11E03A8BFD3F1200C08DB5F
:107790004FF0004242EAC12252EA505232FA03F05C
:1077A000704709420BD4102BC4BF0020704703F56B
:1077B000787CBCF1FF3F05D04FF0FF3070474FF0B1
:1077C0000000704770B500F017F900BF499224809F
:1077D00000207047F0E710F0004248BF4042B0FA86
:1077E00080F310FA03F10AD0C3F11D0303F580639F
:1077F0004FEA415002EB035202EBD12170474FF0A8
:1078000000007047B0FA80F310FA03F10AD0C3F118
:107810001D0303F580634FEA41504FEA035202EB28
:10782000D12170474FF000007047000051EA030C6F
:1078300017D41CF5801F58BFBCF5801F00F10680CF
:10784000994218BF704708BF9042704707D711F59B
:10785000801F58BF13F5801F19D499427047894281
:1078600070471CF5801F08D5BCF5801FF7D58B42EB
:1078700018BF704708BF824270474FF4001C1CEBD2
:10788000410F38BF1CEB430F01D28B42704770B5DC
:1078900000F0B2F8922449004FF000514FF08053AD
:1078A000FFF760BFDFF848C170B51CEA111E1EBFAC
:1078B0001CEA13159EEA0C0F95EA0C0F00F06F807E
:1078C00081EA030423EA4C134EEAD47E21EA4C11E8
:1078D00041F4801143F48013AE44A1FB024CA0FBA1
:1078E0000365AEF17F7E361955EB0C05A1FB034C09
:1078F0004CF10003A0FB021C16EB0C06654153F192
:107900000003094218BF46F0010613F4007F0BD1B3
:107910004FEA03314FEA0530340341EA155140EA9A
:1079200016506FF003020AE04FEAC3214FEAC52068
:10793000F40241EA555140EA56506FF0020202EB60
:107940002E4201EB025585EACE710AD05FEA440C63
:1079500018BF24F0004450F1000041F1000120EA7A
:10796000D47040F2FE7C624500D270BDA84214BFC4
:107970004FF080444FF04044002E08BF0024BEF179
:10798000806FA8BFA1F1C041BDE8704080F2828045
:107990004FF0000001F1C04101F0004170479EEA44
:1079A0000C0F0CEA131518BF95EA0C0F06D04FF018
:1079B000000081EA030E0EF0004170BD00F01CF8DB
:1079C0008900013E00F007B800F009B84FEA430C07
:1079D0005FEA5C5C08D081EA030100F05BB84FEA23
:1079E000410C5FEA5C5CF6D14FF000000149704742
:1079F0000000FF070000F87F0EF1020E2EF0030ECC
:107A00005EF8046B364205D4012A43EB030515F5F5
:107A1000001F12D8012841EB010C1CF5001F0CD8E7
:107A20000ED14FEAD17C15F5001F0CEB4C0C0CF17C
:107A3000020C08BF4CEBD37C04E04FF0080C01E0D3
:107A40004FEAD37C0CEB4C0526FA05F606F0070648
:107A5000B6F1040C06D20EEB860CBDE870404CF07B
:107A6000010C6047DFE80CF0090B02024FF0004107
:107A70004FF00000A1F5002170BD19461046012805
:107A800051EB010418BFD4F5001484BF002001F0AD
:107A9000004170BD0808A0F500114FEA31017047A0
:107AA00053EA010C17D41CF5801F58BFBCF5801F8A
:107AB00000F106808B4218BF704708BF82427047B2
:107AC00007D713F5801F58BF11F5801F19D48B42BB
:107AD00070479B4270471CF5801F08D5BCF5801F7E
:107AE000F7D5994218BF704708BF904270474FF4CE
:107AF000001C1CEB430F38BF1CEB410F01D2994215
:107B000070470FB40CBC03BCFFF7C1BE91EA030F72
:107B100010B581F000413FF585AD83F0004300F0E2
:107B2000D5B800002DE9F04101F5801CBCF5001F1F
:107B3000C0F2A9804FEA115C21EA0C510CF1FD0C56
:107B400041F480115FEA5C0C0CF5C07C01D340006D
:107B5000494130A4890241EA905187028E0E0A0CF5
:107B6000A45D04FB04F602FB06F6C6F14046A4FB46
:107B70000662F60D46EA422606FB06F4A4FB012344
:107B80005242C3F1404338BF5B1EA6FB02420024B1
:107B9000E6FB0324D20B42EA4446A6FB0623A1FBE4
:107BA00002E2A3FB07E4E3FB61426442C2F1404E00
:107BB00038BFAEF1010EA6FB04234FF00002E6FB36
:107BC0000E32A2FB03463400E2FB6264A1FB06E630
:107BD000A4FB07E8E4FB61687642C8F1405838BF6F
:107BE000A8F10108A2FB06E4A3FB08E5E2FB685448
:107BF000A1FB05E6A7FB04E8E1FB648618F120057C
:107C000056F10006A809A8F11B08B10908F03F08C1
:107C1000B8F10A0F40EA86601CD901EB0C51BDE8AF
:107C2000F08100BFFCF5EEE8E2DDD8D3CFCBC7C3CF
:107C3000C0BDB9B6B4B1AEACA9A7A5A3A19F9D9B89
:107C40009A9896959392908F8D8C8B89888786854C
:107C500084838281A0FB006800FB01F208EB4208EC
:107C6000B8EB872807D5341858EB0104D5D5401C4C
:107C700051F10001D1E7341A78EB0104CDD4401E54
:107C800071F10001C9E75FEA4C0C5FEA9C5C0DD121
:107C900005D34FF0000001F00041BDE8F081BDE8E0
:107CA000F04170B5FFF7A8FE6DDBFFBEBDE8F04107
:107CB0004FF00000004970470000F87F10B591EACE
:107CC000030F48BF83F000433FF5ACAC841A71EB5F
:107CD000030C07D212198CF0004C43EB0C03001B71
:107CE00061EB0C01DFF8A4E14FEA1154A4EB135C43
:107CF0001EEA430F18BF9EEA445F00F0B08023EAFB
:107D00006E03524221EA0451C3EB6E0338BF5B1E7F
:107D1000DCF1200E25D322FA0CFE10EB0E0043FA04
:107D20000CFE41EB0E01CCF1200E03FA0EFE10EB1F
:107D30000E0051F10001CCF1200E29D412FA0EF2FE
:107D400001EB0451BDE8104058BF7047401C1CBFF8
:107D5000B2F1004F704700280CBF491C20F0010011
:107D6000704712EB020E43EB030218BF4FF0010EF7
:107D70004EEA4202ACF1200CDCF11E0E54D943FA5B
:107D80000CFE10EB0E0051F1FF31CCF11E0ED5D5DB
:107D90000EF1010E12FA0EFE404141EB010101EB22
:107DA000445C5FEA5C5C10D910EBDE7001EB0451BF
:107DB00038BFBEF1004FBDE8104018BF7047002823
:107DC0000CBF491C20F00100704730D24FEAD42C80
:107DD00011F5001124F400641BD0B1FA81F20B3AC2
:107DE000A41AA41ED2F12003914030FA03F31943E0
:107DF000904001EBCC71002C01EB0451BDE8104028
:107E0000A8BF704701F1C0414FF0000001F00041F0
:107E10007047B0FA80F310FA03F100D110BDE41AF4
:107E2000173C4805C90AE4E701EB045110BD4910AD
:107E300001EB0451BDE810404FEA300002E04FF082
:107E4000000170474A0008BF0042F8D0B2F5001F99
:107E500028BF704701F000414FF0000070479EEAD4
:107E6000445F07D011EA5E0FBDE8104004BF002157
:107E700000207047BDE8104070B5FFF7BDFD00BFA2
:107E800040DFF63E83F00041104670470000E0FFFF
:107E900043004FEAD30C4FEA3C0C43401FBF40075E
:107EA0000CF1605113F0FE4F70471CF0006F03D1CE
:107EB00000200CF0004170470CF0004343EA507082
:107EC00010B540EACC0000F00EF800BF00000092B0
:107ED0004FEA0001FFF7DEBD4FF000414FF0000018
:107EE000A1F5002170470EF1020E2EF0030E5EF890
:107EF000044B244204D44FEA4102B2F17F4F11D81F
:107F00004FEA4003B3F17F4F0CD80ED14FEAD07C3B
:107F1000B2F17F4F0CEB4C0C0CF1020C08BF4CEB98
:107F2000D17C04E04FF0080C01E04FEAD17C0CEB6F
:107F30004C0324FA03F404F00704B4F1040C06D251
:107F40000EEB840CBDE810404CF0010C6047DFE8FC
:107F50000CF0070802024FF00040A0F5800010BDB1
:107F60000846420018BFD2F1807288BF00F000407E
:107F700010BD4FF04070E1EE100A704700000000A5
:107F80000000000000000000000000003F40000072
:107F90000000000000003000400030004000000001
:107FA00009000BC03D000BC03D00090018C0244073
:107FB0007FE0224031800000180024C01B000D80AB
:107FC0003240018003801C4027401C800740004055
:107FD0001000600000000000000000000000000031
:107FE00000001F80204040200000402020401F80D3
:107FF00000000000090006001F80060009000000C4
:10800000040004003F800400040000000010006031
:108010000000000000000000040004000400040050
:10802000040000000000004000000000000000000C
:10803000002001C006003800400000001F802040E2
:10804000204020401F800000000010403FC0004042
:108050000000000018C021402240244018400000C9
:1080600010802040244024401B80000002000D00AE
:1080700011003FC0014000003C80244024402440C7
:10808000238000001F8024402440344003800000EF
:108090003000200027C03800200000001B80244052
:1080A000244024401B8000001C0022C022402240AB
:1080B0001F800000000000000840000000000000D9
:1080C0000000000004600000000000000000040048
:1080D0000A00110020804040090009000900090041
:1080E0000900000000004040208011000A00040048
:1080F0001800200023402400180000001F802040AA
:10810000274029401F400000004007C039000F00F1
:1081100001C0004020403FC0244024401B8000009C
:108120001F802040204020403080000020403FC081
:10813000204020401F80000020403FC024402E40AF
:1081400030C0000020403FC024402E00300000001E
:108150000F001080204022403380020020403FC0AA
:10816000040004003FC02040204020403FC0204089
:10817000204000000060202020203FC02000200080
:1081800020403FC024400B0030C0204020403FC072
:1081900020400040004000C03FC03C0003C03C0005
:1081A0003FC0000020403FC00C4023003FC02000E3
:1081B0001F802040204020401F80000020403FC002
:1081C00024402400180000001F802140214020E0AE
:1081D0001FA0000020403FC02440260019C00040DE
:1081E00018C024402440224031800000300020404C
:1081F0003FC020403000000020003F800040004091
:108200003F80200020003E0001C007003800200011
:10821000380007C03C0007C038000000204039C0CB
:10822000060039C0204000002000384007C0384018
:1082300020000000304021C02640384020C000000F
:10824000000000007FE0402040200000000070009F
:108250000C000380004000000000402040207FE030
:10826000000000000000200040002000000000008E
:10827000001000100010001000100010000000009E
:1082800040000000000000000000028005400540A2
:1082900003C0004020003FC00440044003800000B1
:1082A00000000380044004400640000000000380FA
:1082B000044024403FC000400000038005400540CA
:1082C00003400000000004401FC024402440200060
:1082D000000002E0055005500650042020403FC039
:1082E0000440040003C000400000044027C00040D8
:1082F0000000000000100010041027E00000000043
:1083000020403FC00140070004C0044020402040FE
:108310003FC000400040000007C0040007C0040048
:1083200003C00000044007C00440040003C0004034
:10833000000003800440044003800000041007F0A4
:1083400004500440038000000000038004400450F7
:1083500007F00010044007C00240040004000000C1
:10836000000006400540054004C000000000040075
:108370001F800440004000000400078000400440CB
:1083800007C000400400070004C00180060004008C
:10839000060001C0070001C006000000044006C03E
:1083A000010006C0044000000410071004E0018032
:1083B000060004000000044005C006400440000020
:1083C0000000000004007BE04020000000000000EE
:1083D0000000FFF000000000000040207BE00400EF
:1083E000000000004000800040002000200040000D
:1083F000000000000000000000000000000000007D
:108400000000000000001FCC000C00000000000075
:10841000000008003000600008003000600000002C
:10842000022003FC1E20022003FC1E20022000006C
:1084300000000E1811043FFF10840C7800000000AB
:108440000F0010840F3800C00778188400780000EF
:1084500000780F8410C411240E9800E400840008F2
:10846000080068007000000000000000000000002C
:1084700000000000000007E018182004400200007F
:10848000000040022004181807E00000000000006F
:108490000240024001800FF00180024002400000D3
:1084A0000080008000800FF80080008000800000C5
:1084B0000001000D000E00000000000000000000A0
:1084C000000000800080008000800080008000802C
:1084D0000000000C000C0000000000000000000084
:1084E000000000060018006001800600180020004F
:1084F000000007F0080810041004080807F0000046
:108500000000080408041FFC000400040000000030
:1085100000000E0C10141024104411840E0C0000E6
:1085200000000C1810041104110412880C700000D3
:10853000000000E00320042408241FFC00240000A5
:1085400000001F981084110411041088107000009E
:10855000000007F00888110411041888007000005A
:1085600000001C00100010FC13001C001000000094
:1085700000000E3811441084108411440E3800009D
:1085800000000700088C10441044088807F0000021
:10859000000000000000030C030C000000000000BD
:1085A00000000000000101060000000000000000C3
:1085B00000000080014002200410080810040000A0
:1085C00002200220022002200220022002200000BD
:1085D0000000100408080410022001400080000080
:1085E00000000E001200100C106C10800F00000034
:1085F00003E00C1813E4142417C4082807D0000063
:108600000004003C03C41C40074000E4001C0004BC
:1086100010041FFC1104110411040E8800700000E6
:1086200003E00C1810041004100410081C100000C3
:1086300010041FFC100410041004080807F00000C8
:1086400010041FFC1104110417C4100408180000C2
:1086500010041FFC1104110017C0100008000000D6
:1086600003E00C181004100410441C7800400000B3
:1086700010041FFC10840080008010841FFC100474
:108680000000100410041FFC10041004000000007F
:1086900000030001100110011FFE10001000000077
:1086A00010041FFC110403801464181C1004000043
:1086B00010041FFC1004000400040004000C00005F
:1086C00010041FFC1F0000FC1F001FFC1004000012
:1086D00010041FFC0C04030000E010181FFC100025
:1086E00007F00808100410041004080807F0000040
:1086F00010041FFC10841080108010800F000000F8
:1087000007F0081810241024101C080A07F20000B3
:1087100010041FFC1104110011C011300E0C0004D4
:1087200000000E1C11041084108410441C3800003A
:108730001800100010041FFC1004100018000000A6
:1087400010001FF810040004000410041FF81000AB
:1087500010001E0011E0001C007013801C001000AF
:108760001FC0103C00E01F0000E0103C1FC00000D4
:108770001004180C163401C001C01634180C100473
:1087800010001C00130400FC13041C001000000067
:108790000804101C1064108413041C04101800003A
:1087A0000000000000007FFE400240024002000086
:1087B000000030000C0003800060001C000300007B
:1087C00000004002400240027FFE00000000000066
:1087D0000000000020004000400040002000000099
:1087E0000001000100010001000100010001000181
:1087F00000004000400020000000000000000000D9
:1088000000000098012401440144014400FC0004DC
:1088100010001FFC008801040104008800700000A3
:1088200000000070008801040104010400880000B9
:108830000000007000880104010411081FFC0004FE
:10884000000000F8014401440144014400C8000054
:108850000000010401040FFC1104110411001800B0
:10886000000000D601290129012901C901060000E3
:1088700010041FFC008401000100010400FC00043E
:1088800000000104190419FC0004000400000000A9
:108890000000000300010101190119FE00000000A1
:1088A00010041FFC0024004001B4010C010400006E
:1088B0000000100410041FFC00040004000000006D
:1088C000010401FC0104010001FC0104010000FCA1
:1088D000010401FC008401000100010400FC00040B
:1088E000000000F8010401040104010400F8000084
:1088F000010101FF008501040104008800700000EF
:1089000000000070008801040104010501FF00015E
:108910000104010401FC0084010401000180000045
:10892000000000CC0124012401240124019800004E
:1089300000000100010007F801040104000000002C
:10894000010001F8000400040004010801FC000417
:10895000010001800170000C001001600180010025
:1089600001F0010C003001C00030010C01F00100E9
:1089700000000104018C00740170018C01040000EE
:10898000010101810171000E0018016001800100E8
:1089900000000184010C013401440184010C000039
:1089A000000000000000000001003EFC4002400208
:1089B0000000000000000000FFFF000000000000B9
:1089C0000000400240023EFC0100000000000000E8
:1089D0000000600080008000400040002000200077
:1089E0000000000000000000000000000000000087
:1089F0000000000000000000000000000000000077
:108A00000000000000000000000000000000000066
:108A10000000000F80380FFE380F80380000000083
:108A20000000000000000000000000000000010045
:108A3000000600000C0000380000310000060000B5
:108A40000C000038000030000000000000000000B2
:108A500061800067F807F980006180006180006133
:108A6000800061800067F807F980006180000000E5
:108A700000000000000001C0E003E0F00630080440
:108A800018081FFFFE040E080787F00381E00000AE
:108A90000000000001F000060C00040408060C7041
:108AA00001F9C0000E00003BE000EC1807080804C4
:108AB0000C180003E00000000001E00007F003F8DC
:108AC00018041C0804170807E1D003C0E00023B015
:108AD000003C080020080000100000000000000119
:108AE00000003100003200001C0000000000000007
:108AF0000000000000000000000000000000000076
:108B00000000000000000000000000000000000065
:108B10007F0001FFC00780F00C0018100004200047
:108B2000020000000000002000021000040C0018E9
:108B30000780F001FFC0007F00000000000000007F
:108B4000000000000000000000000000420000667D
:108B500000006600003C0000180003FFC000180081
:108B6000003C0000660000660000420000000000BB
:108B7000080000080000080000080000080001FFCD
:108B8000C0000800000800000800000800000800FD
:108B900000000000000100003100003200001C0055
:108BA00000000000000000000000000000000000C5
:108BB000000000000000000008000008000008009D
:108BC000000800000800000800000800000800007D
:108BD0000800000800000000000000000000000085
:108BE00038000038000038000000000000000000DD
:108BF0000000000000000000000000000000000075
:108C0000000600001C000070000180000E0000380B
:108C10000000C0000700001C000030000000000041
:108C2000000000007F8001FFE00380700600180450
:108C3000000804000806001803807001FFE0007FB0
:108C40008000000000000000000001000801000892
:108C500001000803FFF807FFF80000080000080003
:108C6000000800000000000000000001C03802C041
:108C700058040098040118040218040418061C186B
:108C800003F81801E0F800000000000000000001F7
:108C9000C0E003C0F004000804080804080806182F
:108CA0000803F41801E7F00001E0000000000000F4
:108CB000000000000300000D000011000061000032
:108CC000810803010807FFF80FFFF8000108000101
:108CD000080000000000000000E007FCD0060808C3
:108CE000061008061008061008061838060FF006C9
:108CF00007C0000000000000000000003F8001FFEE
:108D0000E003843002081804100804100804100856
:108D1000071810030FF00007C0000000000000005B
:108D2000000003C0000700000600000600F8060768
:108D3000F806180006E0000700000600000000002A
:108D400000000001E1E003F7F00634100418080405
:108D50001808040C08040C0806161803F3F001C1E7
:108D6000E000000000000000F80003FC30030638BB
:108D70000402080402080402080404100308F001B5
:108D8000FFC0007F000000000000000000000000A5
:108D900000000000000000007038007038007038DB
:108DA00000000000000000000000000000000000C3
:108DB000000000000000000000000000301A003039
:108DC0001C00000000000000000000000000000087
:108DD0000000000000000008000014000022000055
:108DE00041000080800100400200200400100800C3
:108DF0000800000000000000210000210000210008
:108E000000210000210000210000210000210000BD
:108E10002100002100000000000000000000080008
:108E20000804001002002001004000808000410082
:108E300000220000140000080000000000000003F1
:108E4000C00004C000040000080038080F380808FB
:108E5000380810000C300007E00003C000000000DC
:108E6000000000003F8000FFE0038070020F10064A
:108E7000708804C088048308047F8802C0900301BE
:108E80002000FE400000080000180001F8003E0825
:108E900001C20007020007E20000FE00001FC80038
:108EA00001F800003800000804000807FFF807FF79
:108EB000F804080804080804080804080806180844
:108EC00003F41801E7F00001E000000000000000DA
:108ED0003F8001FFE00380700200180400080400D6
:108EE000080400080400100600200780C0000000ED
:108EF00004000807FFF807FFF8040008040008044E
:108F0000000804001802001003807001FFE0007FD9
:108F10008000000004000807FFF807FFF8040808B5
:108F2000040808040808040808043E0804000806A9
:108F3000001801006000000004000807FFF807FFA8
:108F4000F8040808040800040800040800043E00AF
:108F50000600000600000180000000000000000084
:108F60003F8001FFE003807006001804000804023F
:108F7000080402080203F00783F000020000020068
:108F800004000807FFF807FFF804080800080000BD
:108F9000080000080000080004080807FFF807FFA1
:108FA000F8040008000000000000040008040008A5
:108FB00004000807FFF807FFF8040008040008048D
:108FC0000008000000000000000000000006000093
:108FD0000700000104000104000104000307FFFE74
:108FE00007FFFC0400000400000400000400080760
:108FF000FFF807FFF8040C08001800003E0004C743
:10900000800503C80600F8040038040018000008B2
:1090100004000807FFF807FFF80400080000080034
:109020000008000008000008000008000018000008
:109030006000000004000807FFF807800807FC0034
:10904000007FC00003F80007C00078000780080711
:10905000FFF807FFF804000804000807FFF80700FE
:109060000803C00000E000003800001E00000700F8
:109070000001C00400F007FFF80400000000000039
:109080007F8001FFE00380700600180400080400E0
:109090000806001803003001FFE0007F8000000098
:1090A00004000807FFF807FFF8040408040400049C
:1090B0000400040400040400060C0003F80001F09E
:1090C00000000000000000007F8001FFE0038070CE
:1090D0000600880400880400C806003C03003E0126
:1090E000FFE6007F8400000004000807FFF807FF88
:1090F000F8040808040800040C00040F00040BC066
:109100000610F003F03801E008000008000000013C
:10911000E0F803F030063010041808041808040CB6
:1091200008040C080206180207F00781E00000009E
:10913000018000060000040000040000040008078D
:10914000FFF807FFF8040008040000040000060010
:109150000001800004000007FFE007FFF004001892
:1091600000000800000800000800000800000804D3
:10917000001007FFE004000004000006000007E004
:109180000007FE00041FE00001F80000380001E0C5
:10919000043E0007C00006000004000004000007B1
:1091A000E00007FFC0041FF80007C007F80007FF32
:1091B00080043FF80007C004F80007000004000026
:1091C00000000004000806001807C07805F1C80078
:1091D0003E00001F800463E80780F80600180400C2
:1091E0000800000004000006000007800007E008F7
:1091F000047C08001FF80007F800180804E00807BE
:109200000000060000040000000000010008060045
:10921000380400F80403E8040F08047C0805F0088B
:1092200007C00807001804006000000000000000EC
:1092300000000000000000000000003FFFFE2000D2
:109240000220000220000220000220000200000094
:1092500000000000000008000007000000C000003F
:1092600038000006000001C000003000000E0000C1
:1092700001000000000000000000200002200002A9
:109280002000022000022000023FFFFE000000003C
:1092900000000000000000000000000000000000CE
:1092A0000008000010000030000020000030000026
:1092B0001000000800000000000000000000010095
:1092C0000001000001000001000001000001000099
:1092D0000100000100000100000100000100000188
:1092E000000000000000000000200000200000102E
:1092F000000010000000000000000000000000005E
:10930000000000000000000000F00019F8001B1829
:10931000002208002608002408002410003FF8005E
:109320001FF800000800001800000004000007FFFC
:10933000F80FFFF00018180010080020080020089F
:10934000003018001FF0000FC000000000000000F7
:1093500007C0001FF000183000200800200800207F
:1093600008003C08001C1000006000000000000025
:109370000000000007C0001FF0003818002008009F
:10938000200800200804101007FFF80FFFF000006D
:10939000100000000000000000000007C0001FF0E7
:1093A00000123000221800220800220800320800B3
:1093B0001E10000E20000000000000002000002011
:1093C0000800200801FFF803FFF806200804200821
:1093D0000420080720000300000000000000000037
:1093E000000E000E6E001FF30031B10020B100200E
:1093F000B1003191001F13002E1E00200E0030001E
:1094000000000004000807FFF80FFFF80010080034
:109410002000002000002008003FF8001FF8000096
:1094200008000000000000000000002008002008E4
:10943000002008063FF8063FF8000008000008007A
:109440000008000000000000000000000000000014
:1094500003000003002001002001002003063FFE5E
:10946000063FFC00000000000000000000000004B7
:10947000000807FFF80FFFF8000188000300002F25
:10948000C00038F800203800200800000800000064
:1094900000000000000004000804000804000807A1
:1094A000FFF80FFFF80000080000080000080000A7
:1094B00000000000002008003FF8003FF8001008FE
:1094C000002000003FF8003FF800100800200000D6
:1094D0003FF8003FF8000008000000002008003FAF
:1094E000F8003FF8001008001000002000002008DD
:1094F000003FF8001FF80000080000000000000016
:1095000007C0000FF00018300030080020080020CD
:1095100008003008001830000FF00007C0000000FD
:10952000000000002001003FFF003FFF001011007D
:109530002009002008002008003038001FF0000F2C
:10954000C00000000000000007C0001FF000381835
:10955000002008002008002009001011001FFF0053
:109560003FFF00000100000000200800200800204C
:1095700008003FF8003FF800080800100800200825
:10958000002000003000003000000000000000005B
:109590000000000C78001E1800330800230800218A
:1095A000080021880021980030F000386000000099
:1095B00000000000200000200000200000FFF00359
:1095C000FFF80020080020080020080000300000FC
:1095D00000000000000000002000003FF0007FF8C5
:1095E000000018000008000008002010003FF800EC
:1095F0007FF000001000000000000000200000309C
:1096000000003C00003F800023F000007800007064
:10961000002380003C0000300000200000200000FB
:109620003C00003FE00023F80000E0002700003E7F
:1096300000003FE00021F80001E0003E00002000B3
:10964000000000002008002008003838003E6800B4
:1096500027800003C8002CF80038380020180020AC
:1096600008000000000000002000003003003C0162
:10967000003F830023EC000070002380003C0000CA
:109680002000002000000000000000000000003862
:10969000080020380020F80023E8002F88003E084A
:1096A00000380800201800007000000000000000D2
:1096B000000000000000000000000000080000148E
:1096C000001FF7FC30000620000200000000000030
:1096D000000000000000000000000000000000008A
:1096E0000000FFFFFF00000000000000000000007D
:1096F0000000000000000000000020000230000612
:109700001FF7FC001400000800000000000000002B
:1097100000000000000000000000001800006000D1
:109720000040000040000020000010000008000081
:109730000400000400000C000010000000010005FF
:109740000010001400180000000900004001000093
:109750008007000020000000200000002000000022
:10976000002001000028000000F0000000000000C0
:1097700065240108A92D0108B12F010855330108FE
:1097800063410108B1510108C9640108755101081C
:10979000A13F010819400108693F01081142010871
:1097A00000000100020001000300010002000100AE
:1097B000040001000200010003000100020001009A
:1097C0000500010002000100030001000200010089
:1097D000040001000200010003000100020001007A
:1097E0000600010002000100030001000200010068
:1097F000040001000200010003000100020001005A
:109800000500010002000100030001000200010048
:109810000400010002000100030001000200010039
:109820000700010002000100030001000200010026
:109830000400010002000100030001000200010019
:109840000500010002000100030001000200010008
:1098500004000100020001000300010002000100F9
:1098600006000100020001000300010002000100E7
:1098700004000100020001000300010002000100D9
:1098800005000100020001000300010002000100C8
:1098900004000100020001000300010002000100B9
:1098A000B9140108C5610008014101080100000068
:1098B00005140108594301080D5D0008155E0008F4
:1098C0000000000001010101000000000000000094
:1098D00020202020200020004848480000000000F0
:1098E0005050F850F85050002078A07028F0200018
:1098F000C0C81020409818006090A040A890680050
:109900006020400000000000102040404020100077
:109910004020101010204000005020F8205000007F
:10992000002020F8202000000000000000602040FF
:10993000000000F80000000000000000006060006F
:109940000008102040800000708898A8C888700027
:109950002060202020207000708808304080F800AF
:10996000708808300888700010305090F81010008F
:10997000F880F00808887000304080F08888700017
:10998000F808102040404000708888708888700077
:1099900070888878081060000060600060600000D7
:1099A00000006060006020401020408040201000D7
:1099B0000000F800F80000008040201020408000E7
:1099C000708808102000200070880868A8A870001F
:1099D000708888F888888800F08888F08888F00087
:1099E0007088808080887000E09088888890E0008F
:1099F000F88080F08080F800F88080F0808080001F
:109A00007088808098887800888888F8888888009E
:109A1000702020202020700038101010109060005E
:109A20008890A0C0A0908800808080808080F8000E
:109A300088D8A8A8888888008888C8A898888800B6
:109A40007088888888887000F08888F0808080001E
:109A500070888888A8906800F08888F0A0908800B6
:109A60007088807008887000F82020202020200056
:109A7000888888888888700088888888885020002E
:109A8000888888A8A8A85000888850205088880016
:109A90008888885020202000F80810204080F80096
:109AA000704040404040700000804020100800009E
:109AB000701010101010700020508800000000007E
:109AC00000000000000000F840201000000000002E
:109AD00000007008788878008080B0C88888F0001E
:109AE0000000708080887000080868988888780076
:109AF00000007088F8807000304840E0404040002E
:109B000000007888887808708080B0C888888800CD
:109B10002000602020207000100030101010906095
:109B2000808090A0C0A090006020202020207000A5
:109B30000000D0A8888888000000B0C88888880005
:109B400000007088888870000000F08888F08080AD
:109B500000007888887808080000B0C880808000FD
:109B6000000078807008F0004040E040404830003D
:109B70000000888888986800000088888850200045
:109B800000008888A8A85000000088502050880055
:109B900000008888887808700000F8102040F800DD
:109BA00010202040202010002020202020202000F5
:109BB000402020102020400068900000000000009D
:109BC0001820000000000000C0200000000000007D
:109BD000708800000000000050000000000000003D
:109BE000689000000000000000000060202070006D
:109BF000006090F08888B08020007088F888880025
:109C000020007008788878003860A0B8E0A0B8001C
:109C1000704848E848487000E0407048487040E0AC
:109C20000000D02878A05800A040A01078887000CC
:109C30006020302830207000708898A8C888700094
:109C400000007098A8C8700000007088F88888002C
:109C50000000F880E080F8000000702020207000F4
:109C600000007088888870000000888888887000EC
:109C7000000088C8A898880020002020202020000C
:109C800020002040808870001820000000000000A4
:109C9000C020000000000000205000000000000074
:109CA000500000000000000068900000000000006C
:109CB0000000000000000020000000000000000084
:109CC000002070A0A0A87020304040E04048B000C4
:109CD00000008870507088008850F820F82020001C
:109CE00020202000202020003048205020906000BC
:109CF0008800000000000000F888A8B8A888F800D4
:109D00007008788870000000002850A050280000DB
:109D1000000000F8080800000000007000000000CB
:109D2000F888A88898A8F800F80000000000000053
:109D30002050200000000000002070200070000073
:109D400060902040F0000000E0106010E000000093
:109D500018200000000000000000888888C8B0803B
:109D6000789898781818180000000030300000002B
:109D700040C04040E000000070888888700000000B
:109D800000A0502850A000008890A050B05078103B
:109D90008890A040B8081038C040C048D82838087B
:109DA0000088502050880000002000F800200000AB
:109DB000103070FC70301000203038FC383020003B
:109DC000002070F820200000002020F87020000003
:109DD00000082868F860200000040408089050205B
:109DE0009D00FFFF9E00FFFF9F00FFFFA000FFFF01
:109DF000A100FFFFA200FFFFFFFFFFFFFFFFFFFF2C
:109E0000FFFFFFFFFFFFFFFFFFFFFFFFFFFFFFFF62
:109E1000FFFFFFFFFFFFFFFFFFFFFFFFFFFFFFFF52
:109E20007E00FFFF7600FFFF7F00FFFF8000FFFF47
:109E30008100FFFF8200FFFF8300FFFF8400FFFF20
:109E40008500FFFF8600FFFF8700FFFF8800FFFF00
:109E50008900FFFF8A00FFFF8B00FFFF8C00FFFFE0
:109E60008D00FFFF8E00FFFF8F00FFFF9000FFFFC0
:109E70009100FFFF9200FFFF9300FFFF9400FFFFA0
:109E80007D00FFFF9500FFFF9600FFFF9700FFFF9B
:109E90009800FFFF9900FFFF9A00FFFF7700FFFF88
:109EA000700079007000780070007A0070007C000B
:109EB00070007B006600FFFF6800FFFF23007D004D
:109EC000710079007100780071007A0071007B00E8
:109ED000720079007200780072007A0072007B00D4
:109EE0006900FFFF75007C00730079007300780043
:109EF00073007A0073007C0073007B009B00FFFFFF
:109F00006E00FFFF740079007400780074007A001E
:109F100074007B00390078006A00FFFF6500FFFFD6
:109F20004100600041005F004100610041006300AA
:109F3000410062006700FFFF6B00FFFF43007D00F0
:109F40004500600045005F0045006100450062007B
:109F50006400600064005F006400610064006200EF
:109F60006C00FFFF4E0063004F0060004F005F0079
:109F70004F0061004F0063004F0062009C00FFFF34
:109F80006F00FFFF5500600055005F005500610045
:109F90005500620059005F006D00FFFF590062002C
:109FA0009000FF00E09D0108C8980108C8980108CA
:109FB000A09F010820007E0006060100F521000890
:109FC000292300084123000847230008000000005F
:109FD0000000000008080101A89F0108070507000C
:109FE000000000000100000002000000030000006B
:109FF000040000000500000006000000070000004B
:10A0000008000000090000000A0000000B0000002A
:10A010000C0000000D0000000E0000000F0000000A
:10A020000400000061250108C32D0108CD2F01089F
:10A030008D3601087D41010809530108F9640108C2
:10A0400093510108F53F0108874001087D3F010851
:10A050002B420108FF00000000000000FFFFFF008E
:10A06000030000000100000054A0010800000000EF
:10A0700000000000000000000000000000000000E0
:10A080000040004000014000500006400064001AFB
:10A09000555569006AAAAAAA401A55556900064092
:10A0A000006400014000500000400040000000003B
:10A0B00000000000000000000000000000000000A0
:10A0C0000000000011001100050002006CA0010852
:10A0D00060A0010800000000C4A001080800000002
:10A0E0000800000060A1010808000000080000004E
:10A0F000CCA10108080000000800000038A20108F7
:10A10000080000000800000000004000000001906E
:10A1100000000006A40000001AA9000000559540A8
:10A12000000001900000000190000000019000007C
:10A13000000190000000019000000001900000006C
:10A14000019000000055954000001AA9000000068B
:10A15000A40000000190000000004000000000008A
:10A16000110011000500020008A1010860A001080B
:10A170000000000000000000000000000000055585
:10A1800000000006A4000000069000000006640025
:10A1900000000519000000040640000000019000C6
:10A1A00000000064040000001914000000066400B0
:10A1B000000001A400000006A400000015540000E7
:10A1C000000000000000000000000000110011006D
:10A1D0000500020074A1010860A001080000000051
:10A1E0000000000000000000000000001554000006
:10A1F0000006A400000001A40000000664000000A6
:10A2000019140000006404000001900000040640DE
:10A210000000051900000006640000000690000020
:10A220000006A4000000055500000000000000002A
:10A2300000000000000000001100110005000200F5
:10A24000E0A1010860A0010800000000000000007B
:10A2500000010101010101010102020202020202E8
:10A2600002030303030303030304040404040404B8
:10A270000405050505050505050506060606060689
:10A28000060607070707070707070808080808085A
:10A2900008080909090909090909090A0A0A0A0A2B
:10A2A0000A0A0A0B0B0B0B0B0B0B0B0C0C0C0C0CFC
:10A2B0000C0C0C0D0D0D0D0D0D0D0D0D0E0E0E0ECD
:10A2C0000E0E0E0E0F0F0F0F0F0F0F0F101010109E
:10A2D000101010101111111111111111121212126E
:10A2E0001212121212131313131313131314141440
:10A2F0001414141414151515151515151516161610
:10A3000016161616161617171717171717171818E1
:10A3100018181818181819191919191919191A1AB1
:10A320001A1A1A1A1A1A1B1B1B1B1B1B1B1B1B1C82
:10A330001C1C1C1C1C1C1C1D1D1D1D1D1D1D1D1E53
:10A340001E1E1E1E1E1E1E1F1F1F1F1F000000019F
:10A3500001010102020202030303030404040405D1
:10A360000505050606060607070707080808080981
:10A370000909090A0A0A0A0B0B0B0B0C0C0C0C0D31
:10A380000D0D0D0E0E0E0E0F0F0F0F1010101011E1
:10A390001111111212121213131313141414141591
:10A3A0001515151516161616171717171818181845
:10A3B000191919191A1A1A1A1B1B1B1B1C1C1C1CF5
:10A3C0001D1D1D1D1E1E1E1E1F1F1F1F20202020A5
:10A3D0002121212122222222232323232424242455
:10A3E0002525252526262626272727272828282805
:10A3F000292929292A2A2A2A2A2B2B2B2B2C2C2CB7
:10A400002C2D2D2D2D2E2E2E2E2F2F2F2F30303068
:10A410003031313131323232323333333334343418
:10A4200034353535353636363637373737383838C8
:10A4300038393939393A3A3A3A3B3B3B3B3C3C3C78
:10A440003C3D3D3D3D3E3E3E3E3F3F3F00081019F6
:10A450002129313A424A525B636B737B848C949C12
:10A46000A5ADB5BDC5CED6DEE6EFF7FF0004080CFE
:10A470001014181C2024282D3135393D4145494DF3
:10A480005155595D6165696D7175797D82868A8ED8
:10A4900092969A9EA2A6AAAEB2B6BABEC2C6CACEBC
:10A4A000D2D7DBDFE3E7EBEFF3F7FBFF01000000C0
:10A4B0000A00000064000000E8030000102700000C
:10A4C000A086010040420F008096980000E1F5054B
:10A4D00000CA9A3B413D0108453D0108A912010807
:10A4E0004132010875500108C54F01089550010817
:10A4F000008040C020A060E0109050D030B070F0DC
:10A50000088848C828A868E8189858D838B878F84B
:10A51000048444C424A464E4149454D434B474F47B
:10A520000C8C4CCC2CAC6CEC1C9C5CDC3CBC7CFCEB
:10A53000028242C222A262E2129252D232B272F27B
:10A540000A8A4ACA2AAA6AEA1A9A5ADA3ABA7AFAEB
:10A55000068646C626A666E6169656D636B676F61B
:10A560000E8E4ECE2EAE6EEE1E9E5EDE3EBE7EFE8B
:10A57000018141C121A161E1119151D131B171F14B
:10A58000098949C929A969E9199959D939B979F9BB
:10A59000058545C525A565E5159555D535B575F5EB
:10A5A0000D8D4DCD2DAD6DED1D9D5DDD3DBD7DFD5B
:10A5B000038343C323A363E3139353D333B373F3EB
:10A5C0000B8B4BCB2BAB6BEB1B9B5BDB3BBB7BFB5B
:10A5D000078747C727A767E7179757D737B777F78B
:10A5E0000F8F4FCF2FAF6FEF1F9F5FDF3FBF7FFFFB
:10A5F00000000000000000000040004040404040DB
:10A60000002070A0A0A87020304040E04048B0007A
:10A6100000008870507088008850F820F8202000D2
:10A620002020200020202000304820502090600072
:10A630008800000000000000F888A8B8A888F8008A
:10A640007008788870000000002850A05028000092
:10A65000000000F808080000000000700000000082
:10A66000F888A88898A8F800F8000000000000000A
:10A67000205020000000000000207020007000002A
:10A6800060902040F0000000E0106010E00000004A
:10A6900018200000000000000000888888C8B080F2
:10A6A00078989878181818000000003030000000E2
:10A6B000000000000000206040C04040E0000000BA
:10A6C000708888887000000000A0502850A000000A
:10A6D000848890244C141E04848890205C04081CF8
:10A6E000C244C854EC141E0400200020204088708E
:10A6F00000201028447C828200081028447C82823A
:10A7000000102838447C828200324C38447C82829B
:10A7100000441028447C828200382838447C82829D
:10A72000001E28484E78888E0078848080847C08BB
:10A7300040F88080F08080F810F88080F08080F809
:10A7400070F88080F08080F850F88080F08080F889
:10A750000080400080808000004080008080800079
:10A760000040A0004040400000A0004040404000A9
:10A77000784442F2424478005084C4A4948C84000B
:10A780004020788484847800081078848484780059
:10A7900020507884848478002850788484847800D9
:10A7A0004800788484847800008850205088000015
:10A7B0003A448A92A244B8002010848484847800A9
:10A7C00010208484848478002050848484847800D9
:10A7D000480084848484780010A24428101010005B
:10A7E0000080F88484F880000070889098A4980015
:10A7F0002010700878887800102070087888780019
:10A800002050700878887800285070087888780080
:10A810005000700878887800705070087888780048
:10A820000000770008807F80880088807700000023
:10A83000000070888088701040207088F880700058
:10A8400010207088F880700020507088F8807000A8
:10A8500050007088F8807000804000808080800008
:10A86000408000808080800040A000404040400048
:10A87000A000404040404000003850788888700078
:10A880002850F08888888800402070888888700068
:10A890001020708888887000205070888888700028
:10A8A00028507088888870005000708888887000F0
:10A8B000002000F80020000000006898A8C8B00040
:10A8C00040200088889868001020008888986800D8
:10A8D0002050008888986800005000888898680098
:10A8E00010208888502020400080F08888F0800068
:10A8F000002850885020204003030100F0A50108E3
:10A9000002020100F8A501080606010000A60108E0
:10A910000606010008A601080707010010A60108A5
:10A920000606010018A601080202010020A601087F
:10A930000606010028A601080404010030A601084B
:10A940000808010038A601080404010040A6010817
:10A950000606010048A601080606010050A60108E7
:10A960000404010058A601080808010060A60108B7
:10A970000606010068A601080404010070A601088B
:10A980000606010078A601080404010080A601085B
:10A990000404010088A601080404010090A601082F
:10A9A0000606010098A6010806060100A0A60108F7
:10A9B00003030100A8A6010804040100B0A60108D1
:10A9C00004040100B8A6010805050100C0A601089D
:10A9D00006060100C8A6010808080100D0A6010863
:10A9E00008080100D8A6010808080100E0A601082F
:10A9F00006060100E8A6010808080100F0A6010803
:10AA000008080100F8A601080808010000A70108CD
:10AA10000808010008A701080808010010A701089C
:10AA20000808010018A701080808010020A701086C
:10AA30000707010028A701080606010030A7010842
:10AA40000606010038A701080606010040A7010814
:10AA50000606010048A701080202010050A70108EC
:10AA60000202010058A701080202010060A70108C4
:10AA70000202010068A701080808010070A7010888
:10AA80000707010078A701080808010080A701084E
:10AA90000808010088A701080808010090A701081C
:10AAA0000808010098A7010808080100A0A70108EC
:10AAB00006060100A8A7010808080100B0A70108C0
:10AAC00007070100B8A7010807070100C0A7010890
:10AAD00007070100C8A7010807070100D0A7010860
:10AAE00008080100D8A7010807070100E0A701082E
:10AAF00007070100E8A7010806060100F0A7010802
:10AB000006060100F8A701080606010000A80108D2
:10AB10000606010008A801080606010010A80108A1
:10AB20000606010018A801080A0A020020A8010868
:10AB30000606010030A801080606010038A8010831
:10AB40000606010040A801080606010048A8010801
:10AB50000606010050A801080202010058A80108D9
:10AB60000202010060A801080202010068A80108B1
:10AB70000202010070A801080606010078A8010879
:10AB80000606010080A801080606010088A8010841
:10AB90000606010090A801080606010098A8010811
:10ABA00006060100A0A8010806060100A8A80108E1
:10ABB00006060100B0A8010806060100B8A80108B1
:10ABC00006060100C0A8010806060100C8A8010881
:10ABD00006060100D0A8010806060100D8A8010851
:10ABE00006060100E0A8010806060100E8A8010821
:10ABF00006060100F0A80108A000FF00F8A801085F
:10AC000008BB010881230008492400088D2400089E
:10AC10009324000800000000000000000808010163
:10AC2000F8AB010807050700000000000000000065
:10AC30000000000000000000400040404040404054
:10AC40000000000000202078A0A0A0A07820200014
:10AC5000000038404040F04040F800000000000094
:10AC6000008870507088000000000000885050205C
:10AC700020F82020000000004040404000004040FC
:10AC8000404040000000788080708888700808F09C
:10AC90000000005000000000000000000000000064
:10ACA0000000003E0041009C80A080A080A0809C0D
:10ACB0008041003E000000000000E0107090700035
:10ACC0000000000000000000002850A050280000F4
:10ACD00000000000000000007E02020200000000F0
:10ACE0000000000000E00000000000000000000084
:10ACF000003E0041009C8092809C80948092804124
:10AD0000003E00000000FC00000000000000000009
:10AD10000000000000609090600000000000000053
:10AD20000000101010FE1010FE0000000000006077
:10AD300010102070000000000000000060102010C3
:10AD40006000000000000000102000000000000073
:10AD500000000000000000008888888898E8808053
:10AD600000000078E8E8E868282828282800000083
:10AD70000000004040000000000000000000000053
:10AD8000000000000008300000002060202070005B
:10AD90000000000000000060909090600000000043
:10ADA000000000000000A0502850A000000000009B
:10ADB00000000000210062002200248025800A801B
:10ADC0000BC0108000000000000000000000210007
:10ADD00062002200258024400840088011C0000045
:10ADE000000000000000000071000A0032000C802A
:10ADF00075800A800BC01080000000000000002059
:10AE00000020204080807000002010003030484832
:10AE100048FC848400001020003030484848FC84FE
:10AE20008400003048003030484848FC84840000EA
:10AE30006858003030484848FC84840000004800CE
:10AE40003030484848FC848400003048483030485E
:10AE50004848FC848400000000000000003F802877
:10AE60000048004F007800880088008F80000000B4
:10AE7000000000003C4080808080403C0830201072
:10AE800000F88080F0808080F80000102000F880BA
:10AE900080F0808080F80000304800F88080F080EA
:10AEA0008080F80000005000F88080F0808080F8FA
:10AEB0000000804000E0404040404040E000002072
:10AEC0004000E0404040404040E00000609000E032
:10AED000404040404040E0000000A000E0404040D2
:10AEE000404040E00000000000784442F24242440A
:10AEF000780000685800C4C4A4A494948C8C00000A
:10AF000020100038448282828244380000081000F9
:10AF100038448282828244380000182400384482F7
:10AF200082828244380000342C003844828282823B
:10AF3000443800000028003844828282824438006D
:10AF4000000000000000221408142200000000008D
:10AF5000003A448A9292A244B800002010008484EF
:10AF60008484848484780000102000848484848411
:10AF700084847800003048008484848484848478C5
:10AF80000000004800848484848484847800001055
:10AF900020008888505020202020000000000080E1
:10AFA00080F08888F0808000000000708888B08879
:10AFB000888888B000000000201000700878888819
:10AFC0007800000000102000700878888878000061
:10AFD0000000304800700878888878000000006819
:10AFE00058007008788888780000000000500070D1
:10AFF00008788888780000003048483070087888E1
:10B0000088780000000000000000000000007700C9
:10B0100008807F8088008C807300000000000000A2
:10B0200000000070808080807020C0000040200000
:10B030007088F8808870000000001020007088F888
:10B04000808870000000003048007088F8808870A8
:10B05000000000000050007088F880887000000038
:10B060000080400040404040404000000000204040
:10B07000004040404040400000000040A0004040F0
:10B08000404040400000000000A0004040404040E0
:10B090004000000000003050087888888870000068
:10B0A0000000685800F08888888888000000004008
:10B0B00020007088888888700000000010200070D0
:10B0C0008888888870000000003048007088888870
:10B0D00088700000000068580070888888887000B8
:10B0E0000000000050007088888888700000000010
:10B0F0000000101000FE001010000000000000080A
:10B100007098A8A8C8708000000040200088888837
:10B110008888780000000010200088888888887857
:10B120000000000030480088888888887800000087
:10B13000000050008888888888780000000010206F
:10B140000088885050202040400000808080F08897
:10B15000888888F080800000005000888850502047
:10B16000204040000303010028AC01080404010052
:10B1700035AC01080606010042AC010806060100D4
:10B180004FAC0108060601005CAC01080606010090
:10B1900069AC01080404010076AC01080606010050
:10B1A00083AC01080606010090AC01080A0A0200FF
:10B1B0009DAC010805050100B7AC010806060100B9
:10B1C000C4AC010808080100D1AC01080404010066
:10B1D000DEAC01080A0A0200EBAC01080606010019
:10B1E00005AD01080505010012AD010808080100C0
:10B1F0001FAD0108050501002CAD01080505010082
:10B2000039AD01080606010046AD01080606010039
:10B2100053AD01080606010060AD010803030100FB
:10B220006DAD0108060601007AAD010805050100B3
:10B2300087AD01080505010094AD0108060601006F
:10B24000A1AD01080B0B0200AEAD01080B0B020013
:10B25000C8AD01080B0B0200E2AD010805050100B5
:10B26000FCAD01080707010009AE0108070701004E
:10B2700016AE01080707010023AE01080707010009
:10B2800030AE0108070701003DAE010807070100C5
:10B290004AAE01080A0A020057AE0108070701007A
:10B2A00071AE0108060601007EAE01080606010027
:10B2B0008BAE01080606010098AE010806060100E3
:10B2C000A5AE010804040100B2AE010804040100A7
:10B2D000BFAE010804040100CCAE01080404010063
:10B2E000D9AE010808080100E6AE01080707010011
:10B2F000F3AE01080808010000AF010808080100CA
:10B300000DAF0108080801001AAF01080808010084
:10B3100027AF01080808010034AF01080808010040
:10B3200041AF0108080801004EAF010807070100FE
:10B330005BAF01080707010068AF010807070100BC
:10B3400075AF01080707010082AF0108060601007A
:10B350008FAF0108060601009CAF01080606010038
:10B36000A9AF010806060100B6AF010806060100F4
:10B37000C3AF010806060100D0AF010806060100B0
:10B38000DDAF010806060100EAAF0108060601006C
:10B39000F7AF01080A0A020004B001080505010020
:10B3A0001EB00108060601002BB0010806060100C8
:10B3B00038B001080606010045B001080606010084
:10B3C00052B00108030301005FB00108030301004C
:10B3D0006CB001080303010079B001080303010008
:10B3E00086B001080606010093B0010806060100B8
:10B3F000A0B0010806060100ADB001080606010074
:10B40000BAB0010806060100C7B00108060601002F
:10B41000D4B0010806060100E1B0010808080100E7
:10B42000EEB0010806060100FBB0010806060100A7
:10B4300008B101080606010015B101080606010061
:10B4400022B10108060601002FB10108060601001D
:10B450003CB101080606010049B1010806060100D9
:10B4600056B10108A000FF0064B1010808C301083B
:10B4700081230008492400088D2400089324000833
:10B4800000000000000000000D0D010164B401087F
:10B490000B060800000000000100000071490108CF
:10B4A0002315010800000000C14A01082515010804
:10B4B000640400200300000011280108CD2D0108BC
:10B4C00085300108393701088B41010851530108C3
:10B4D0004D6501089B510108054001088F40010896
:10B4E0008D3F01085B42010861140108BF43010858
:10B4F000A94001080000000000000000000000005A
:10B50000B5140108C3610008FB40010800000000F9
:10B5100051140108B14301080000000000000000C0
:10B520008080808080008000A0A0A000000000003B
:10B530005050F850F85050002078A07028F02000AB
:10B54000C0C81020409818006090A040A8906800E3
:10B55000C04080000000000020408080804020002B
:10B560008040202020408000005020F82050000023
:10B57000002020F8202000000000000000C04080D3
:10B58000000000F8000000000000000000C0C00043
:10B590000008102040800000708898A8C8887000BB
:10B5A0002060202020207000708808304080F80043
:10B5B000708808300888700010305090F810100023
:10B5C000F880F00808887000304080F088887000AB
:10B5D000F80810204040400070888870888870000B
:10B5E000708888780810600000C0C000C0C00000EB
:10B5F0000000C0C000C040801020408040201000EB
:10B600000000F800F800000080402010204080007A
:10B61000708808102000200070880868A8A87000B2
:10B62000708888F888888800F08888F08888F0001A
:10B630007088808080887000E09088888890E00022
:10B64000F88080F08080F800F88080F080808000B2
:10B650007088808098887800888888F88888880032
:10B66000E04040404040E000381010101090600072
:10B670008890A0C0A0908800808080808080F800A2
:10B6800088D8A8A8888888008888C8A8988888004A
:10B690007088888888887000F08888F080808000B2
:10B6A00070888888A8906800F08888F0A09088004A
:10B6B0007088807008887000F820202020202000EA
:10B6C00088888888888870008888888888502000C2
:10B6D000888888A8A8A850008888502050888800AA
:10B6E0008888502020202000F80810204080F80092
:10B6F000E08080808080E000008040201008000012
:10B70000E02020202020E0002050880000000000E1
:10B7100000000000000000F8804020000000000051
:10B7200000007008788878008080B0C88888F000B1
:10B730000000609080906000080868988888780011
:10B7400000007088F8807000205040E040404000C9
:10B7500000007888887808708080B0C88888880061
:10B76000800080808080800020006020202020C019
:10B77000808090A0C0A09000C04040404040E000C9
:10B780000000D0A8888888000000B0D09090900079
:10B7900000006090909060000000E09090E0808059
:10B7A00000007090907010100000A0C08080800099
:10B7B000000070806010E0004040E04040404000E9
:10B7C00000009090909070000000888888502000C1
:10B7D00000008888A8A850000000885020508800E9
:10B7E00000009090907010600000F8102040F80069
:10B7F00020404080404020004040404040404000C9
:10B800008040402040408000689000000000000020
:10B810000303010018B501080202010020B5010868
:10B820000404010028B501080606010030B501082E
:10B830000606010038B501080606010040B50108FA
:10B840000606010048B501080303010050B50108D0
:10B850000404010058B501080404010060B50108A2
:10B860000606010068B501080606010070B501086A
:10B870000303010078B501080606010080B5010840
:10B880000303010088B501080606010090B5010810
:10B890000606010098B5010806060100A0B50108DA
:10B8A00006060100A8B5010806060100B0B50108AA
:10B8B00006060100B8B5010806060100C0B501087A
:10B8C00006060100C8B5010806060100D0B501084A
:10B8D00006060100D8B5010806060100E0B501081A
:10B8E00003030100E8B5010803030100F0B50108F6
:10B8F00005050100F8B501080606010000B60108BB
:10B900000505010008B601080606010010B6010889
:10B910000606010018B601080606010020B6010857
:10B920000606010028B601080606010030B6010827
:10B930000606010038B601080606010040B60108F7
:10B940000606010048B601080606010050B60108C7
:10B950000606010058B601080404010060B601089B
:10B960000606010068B601080606010070B6010867
:10B970000606010078B601080606010080B6010837
:10B980000606010088B601080606010090B6010807
:10B990000606010098B6010806060100A0B60108D7
:10B9A00006060100A8B6010806060100B0B60108A7
:10B9B00006060100B8B6010806060100C0B6010877
:10B9C00006060100C8B6010806060100D0B6010847
:10B9D00006060100D8B6010806060100E0B6010817
:10B9E00006060100E8B6010804040100F0B60108EB
:10B9F00006060100F8B601080404010000B70108BA
:10BA00000606010008B701080606010010B7010884
:10BA10000606010018B701080606010020B7010854
:10BA20000606010028B701080505010030B7010826
:10BA30000606010038B701080606010040B70108F4
:10BA40000505010048B701080606010050B70108C6
:10BA50000606010058B701080202010060B701089C
:10BA60000404010068B701080505010070B701086A
:10BA70000404010078B701080606010080B7010838
:10BA80000505010088B701080505010090B7010808
:10BA90000505010098B7010805050100A0B70108D8
:10BAA00004040100A8B7010805050100B0B70108AA
:10BAB00004040100B8B7010805050100C0B701087A
:10BAC00006060100C8B7010806060100D0B7010844
:10BAD00006060100D8B7010805050100E0B7010816
:10BAE00006060100E8B7010804040100F0B70108E8
:10BAF00003030100F8B701080404010000B80108BD
:10BB00000606010008B8010820007E0010B80108F0
:10BB10000000000000000000000000000000000025
:10BB20000000000040404040404000400000000055
:10BB3000A0A0A000000000000000000000001414FD
:10BB40007E2828FC505000000000202078A0A07023
:10BB50002828F020200000000000006200920094DD
:10BB600000640009800A40124011800000000000BB
:10BB700000006090906494888C72000000008080C7
:10BB80008000000000000000000000204040808095
:10BB900080808040402000008040402020202020E5
:10BBA000404080000020A870A82000000000000095
:10BBB00000000000101010FE101010000000000027
:10BBC0000000000000004040408000000000000035
:10BBD00000E0000000000000000000000000000085
:10BBE0004040000000002020204040404040808035
:10BBF00080000000708888888888887000000000B5
:10BC000000206020202020207000000000007088AC
:10BC10000810204080F800000000007088083008FC
:10BC2000088870000000000010305090F8101010CC
:10BC30000000000000F88080F00808887000000014
:10BC40000000304080F0888888700000000000F814
:10BC5000081010202040400000000000708888700C
:10BC60008888887000000000007088888878081034
:10BC70006000000000000000404000004040000064
:10BC800000000000004040000040404080000000F4
:10BC900000020C3040300C020000000000000000E8
:10BCA000FE00FE000000000000000040300C020C0E
:10BCB00030400000000000E0101020404000400034
:10BCC000000000000000003E0041009C80A480A411
:10BCD00080A4809F0040003C000000000000303045
:10BCE000484848FC84840000000000F08888F08800
:10BCF0008888F000000000003C4080808080403C4C
:10BD00000000000000F0888484848488F000000033
:10BD10000000F88080F0808080F80000000000F8CB
:10BD20008080F88080808000000000003C4080809F
:10BD30009C84443C0000000000848484FC8484844F
:10BD4000840000000000E0404040404040E000002F
:10BD500000000070101010101010E0000000000033
:10BD60008890A0C0C0A09088000000000080808063
:10BD700080808080F00000000000C6C6AAAA9292CF
:10BD800082820000000000C4C4A4A494948C8C009F
:10BD900000000000384482828282443800000000A3
:10BDA00000F0888888F0808080000000000038441F
:10BDB0008282828244380806000000F0888888F079
:10BDC000908884000000000078808070080808F0E7
:10BDD0000000000000F8202020202020200000008B
:10BDE00000008484848484848478000000000088B7
:10BDF000888850505020200000000000000000887B
:10BE0000808880888055005500550022002200005F
:10BE10000000000000008888502020508888000022
:10BE200000000088885050202020200000000000E2
:10BE3000F8081020204080F800000000E08080809A
:10BE4000808080808080E000008080804040404092
:10BE5000402020200000E020202020202020202042
:10BE6000E0000000102844820000000000000000F4
:10BE700000000000000000000000FC000040200066
:10BE800000000000000000000000000000700878C2
:10BE900088887800000000808080F088888888F09A
:10BEA00000000000000000708080808070000000B2
:10BEB000000808087888888888780000000000005A
:10BEC000007088F880887000000000608080E0804A
:10BED00080808080000000000000007888888888CA
:10BEE0007808700000808080F0888888888800004A
:10BEF00000000080008080808080800000000000C2
:10BF00004000C04040404040408000008080809021
:10BF1000A0C0A09088000000008080808080808089
:10BF2000808000000000000000EC9292929292004B
:10BF3000000000000000F088888888880000000069
:10BF400000000070888888887000000000000000F1
:10BF5000F088888888F08080000000000078888859
:10BF600088887808080000000000A0C080808080D9
:10BF7000000000000000007080C03010E0000000F1
:10BF800000008080E0808080806000000000000071
:10BF90000088888888887800000000000000888871
:10BFA00050502020000000000000009292AAAA44F5
:10BFB000440000000000000088502020508800004D
:10BFC0000000000000888850502020404000000001
:10BFD0000000F010204080F0000000001020202021
:10BFE00020C0202020201000004040404040404021
:10BFF0004040404000008040404040304040404091
:10C000008000000000000062928C00000000000030
:10C010000303010014BB01080404010021BB010853
:10C02000040401002EBB0108080801003BBB010805
:10C030000606010048BB01080B0B020055BB0108B6
:10C04000070701006FBB0108020201007CBB010869
:10C050000404010089BB01080404010096BB010827
:10C0600006060100A3BB010808080100B0BB0108D7
:10C0700004040100BDBB010804040100CABB01089F
:10C0800004040100D7BB010804040100E4BB01085B
:10C0900006060100F1BB010806060100FEBB01080F
:10C0A000060601000BBC01080606010018BC0108C9
:10C0B0000606010025BC01080606010032BC010885
:10C0C000060601003FBC0108060601004CBC010841
:10C0D0000606010059BC01080606010066BC0108FD
:10C0E0000404010073BC01080404010080BC0108C1
:10C0F000080801008DBC0108080801009ABC01086D
:10C1000008080100A7BC010805050100B4BC01082E
:10C110000A0A0200C1BC010807070100DBBC0108D4
:10C1200006060100E8BC010807070100F5BC01088C
:10C130000707010002BD0108060601000FBD010846
:10C14000060601001CBD01080707010029BD010802
:10C150000707010036BD01080404010043BD0108C2
:10C160000505010050BD0108060601005DBD01087E
:10C17000050501006ABD01080808010077BD010836
:10C180000707010084BD01080808010091BD0108EE
:10C19000060601009EBD010808080100ABBD0108AC
:10C1A00007070100B8BD010806060100C5BD01086A
:10C1B00006060100D2BD010807070100DFBD010826
:10C1C00006060100ECBD01080A0A0200F9BD0108DB
:10C1D0000606010013BE01080606010020BE010884
:10C1E000060601002DBE0108040401003ABE010844
:10C1F0000404010047BE01080404010054BE010804
:10C200000808010061BE0108060601006EBE0108B3
:10C21000060601007BBE01080606010088BE010873
:10C220000606010095BE010805050100A2BE010831
:10C2300006060100AFBE010806060100BCBE0108EB
:10C2400004040100C9BE010806060100D6BE0108AB
:10C2500006060100E3BE010802020100F0BE01086B
:10C2600003030100FDBE0108050501000ABF010826
:10C270000202010017BF01080808010024BF0108DD
:10C280000606010031BF0108060601003EBF010895
:10C29000060601004BBF01080606010058BF010851
:10C2A0000404010065BF01080505010072BF010813
:10C2B000040401007FBF0108060601008CBF0108CD
:10C2C0000606010099BF010808080100A6BF010881
:10C2D00006060100B3BF010806060100C0BF010841
:10C2E00005050100CDBF010805050100DABF010801
:10C2F00004040100E7BF010805050100F4BF0108BF
:10C300000808010001C0010820007E0010C00108DB
:10C31000000000000000000001000000020000001A
:10C3200003000000040000000500000006000000FB
:10C330000700000008000000090000000A000000DB
:10C340000B0000000C0000000D0000000E000000BB
:10C350000F00000004000000712A0108E12E01080E
:10C36000953101086D380108E9410108B55301080C
:10C37000B5650108A9510108094001089D4001085F
:10C38000913F01086942010855470008E14600084D
:10C390008147000800000000BB3C0108ED47000891
:10C3A00002000000ABF20008492F0108052D01082A
:10C3B000152D01080000000000000000303132336C
:10C3C00034353637383941424344454640305800C9
:10C3D00030313233343536373839616263646566FB
:10C3E00040307800506C656173652075736520740A
:10C3F0006865207374796C757320636C69636B2056
:10C400007468652063726F7373206F6E2074686543
:10C410002073637265656E2E5468652063726F7356
:10C42000732077696C6C20616C77617973206D6F14
:10C43000766520756E74696C20746865207363720C
:10C4400065656E2061646A7573746D656E742069CC
:10C450007320636F6D706C657465642E000000005E
:10C460004D503100334732004D5032004D503300B3
:10C470004D5034004D344100574D4100464C41432E
:10C4800000000000414343004C52430043000000C1
:10C490004D494400474946004A50454700000000C6
:10C4A0004F4747004A5047004800000042494E00AD
:10C4B00033475000424D50004E45530054585400ED
:10C4C00057415600E4C401080000002000050000A8
:10C4D000C40100082CC6010800050020307E0100C0
:10C4E000200200082143FFFF13A1E8140821EC14E7
:10C4F000087DDE022C0863D0907CE4C30138720111
:10C500003B14EF0E2C02030404E506070809100B88
:10C51000E1720108D5730108983D32203268161087
:10C52000985D01201A280C12F002181025FEFF0752
:10C53000601A0804014A8BACC4C001280A3188344F
:10C540000A31B8341ABC341A8C040A29A83C1A607F
:10C550002C1A68041A6C041A70041A74041AB004B1
:10C560001A64041AA0041A84041A78041AC0041A5B
:10C5700090041A7C041AB4041AA4041A98040A3108
:10C5800094A80111021A509AFF051AFF081AA00276
:10C5900039090113135761000A3808BC9F0108ECE0
:10C5A0007A01205AFF0101204F9CB401083149FC57
:10C5B0002CAAAAAA381194D3D3D3944040401A701D
:10C5C0002C41720E32051AA8144D04AC010828291A
:10C5D000DC490414C0C0C013AD1A39302112030263
:10C5E0008B012DB47B012004C119B442FF021F044A
:10C5F0004B3349D40D12E4A40108D529451B2B3D2A
:10C600001C314BA0C308C11315551B087B04012026
:10C610002809E7450108547C0120040138145555C8
:0CC6200055148080802CC0C0C0E039049C
:040000050800018965
:00000001FF
