:020000040800F2
:10000000A082012089020008E55C00082342000864
:10001000E15C00083509000837DA0008000000003C
:10002000000000000000000000000000CD8E00086D
:10003000BD1100080000000019030008E58F00084A
:10004000A3020008A3020008A3020008A3020008FC
:10005000A3020008A3020008A3020008A3020008EC
:10006000A3020008A3020008A3020008A3020008DC
:10007000A3020008A3020008A3020008A3020008CC
:10008000A3020008A3020008A3020008A3020008BC
:10009000A3020008A3020008A3020008A3020008AC
:1000A000A3020008A3020008A3020008A30200089C
:1000B000A302000831C7000849C70008A3020008CE
:1000C000A3020008A3020008A3020008A30200087C
:1000D000A302000801D80008A3020008A302000838
:1000E000A3020008A3020008A3020008A30200085C
:1000F000A3020008A3020008A3020008A30200084C
:10010000A302000871750008A3020008A3020008FA
:10011000A3020008A3020008A3020008A30200082B
:10012000A3020008A3020008A3020008A30200081B
:10013000A3020008A3020008A3020008A30200080B
:10014000A3020008A3020008A3020008A3020008FB
:10015000A3020008A3020008A3020008A3020008EB
:10016000A3020008A3020008A3020008A3020008DB
:10017000A3020008A3020008A3020008A3020008CB
:10018000A3020008A302000800F002F800F061F8E2
:100190000AA090E8000C82448344AAF10107DA45E2
:1001A00001D100F056F8AFF2090EBAE80F0013F0D3
:1001B000010F18BFFB1A43F00103184784BB01006D
:1001C000A4BB01000A444FF0000C10F8013B13F0EF
:1001D000070408BF10F8014B1D1108BF10F8015BA0
:1001E000641E05D010F8016B641E01F8016BF9D193
:1001F00013F0080F1EBF10F8014BAD1C0C1B09D1EA
:100200006D1E58BF01F801CBFAD505E014F8016B5B
:1002100001F8016B6D1EF9D59142D6D370470000ED
:100220000023002400250026103A28BF78C1FBD8FF
:10023000520728BF30C148BF0B607047782900F0D3
:10024000E980002070471FB515F091FB1FBD10B568
:1002500010BD00F041FB1146FFF7F5FF14F06EFCF6
:1002600000F05FFB03B4FFF7F2FF03BC14F028F8C3
:1002700040BA7047C0BA704730BF72B6704762B6B6
:10028000704780F30888704709488047094800474D
:10029000FEE7FEE7FEE7FEE7FEE7FEE7FEE7FEE736
:1002A000FEE7FEE704480549054A064B7047000093
:1002B000F58F000889010008A07C0120A0820120A0
:1002C000A07E0120A07E0120EFF3108072B670475F
:1002D00080F310887047264C4FF6FF7525604FF06D
:1002E000000484F30988234C4FF001052570224C4B
:1002F0004FF08055256062B6FEE730B41E4C4FF0DB
:100300008055256030BC704730B41B4C4FF0805591
:10031000256030BC704700BF72B6EFF3098050B162
:100320001EF0100F08BF20ED108A203880E8F00F73
:1003300012490968086000B5114880475DF804EB70
:10034000104811490A7802700C4810490A68026086
:10035000106890E8F00F20301EF0100F08BFB0ECCE
:10036000108A80F309884EF0040E62B6704700BF11
:1003700022ED00E0E600002004ED00E0EC000020AB
:1003800079670008DB000020DC000020F40000207A
:10039000704700000FB4044910B503AA029800F09A
:1003A00005FA10BC5DF814FB740000202DE9F04143
:1003B0000E460446002020622046E168884730B39C
:1003C000252805D0D4E901219047206A401CF2E796
:1003D000E168204600278847050018D0A5F14100B4
:1003E000192802D820354FF40067324629462046A6
:1003F0002760FFF723FF40B1012804D0F61D26F047
:1004000007060836D8E7361DD6E72846DAE7206A19
:10041000BDE8F08170B504460D4621461068AFF383
:1004200000802188090502D50F4A7A4402E00E4A6D
:100430007A440E32002104F1240305E000F00F0697
:100440000009965D5E54491C0028F7D120780023EE
:10045000000704D5702D02D009B1022311322046C5
:10046000BDE8704000F049B90AB8010040EA010354
:1004700010B59B070FD1042A0DD310C808C9121F4D
:100480009C42F8D020BA19BA884201D9012010BD87
:100490004FF0FF3010BD1AB1D30703D0521C07E054
:1004A000002010BD10F8013B11F8014B1B1B07D1B8
:1004B00010F8013B11F8014B1B1B01D1921EF1D129
:1004C000184610BD40EA0103024630B59B0710D123
:1004D0004FF0013400E008C208C91D1B9D4315EA16
:1004E000C41FF8D013F0FF0102F8011B0DD01B0A46
:1004F000F8E711F8013B002B02F8013B05D011F899
:10050000013B002B02F8013BF3D130BD032A40F23E
:10051000308010F0030C00F0158011F8013BBCF1A5
:10052000020F624498BF11F801CB00F8013B38BFBD
:1005300011F8013BA2F1040298BF00F801CB38BFCB
:1005400000F8013B11F0030300F06780083AC0F0A7
:10055000088051F8043B083A51F804CBA0E8081091
:10056000F5E7121D5CBF51F8043B40F8043BAFF3C4
:100570000080D20724BF11F8013B11F801CB48BF1E
:1005800011F8012B24BF00F8013B00F801CB48BF54
:1005900000F8012B7047431A28BF9A427FF6B6AF86
:1005A000032A1044114440F2268010F0030F1EBFAE
:1005B00011F8013D521E00F8013D10F0030F7FF4C9
:1005C000F6AF11F0030300F01681083AC0F00B807B
:1005D00051F8043D083A51F804CD40F8043D40F884
:1005E00004CDFFF7F3BF121D5CBF51F8043D40F886
:1005F000043DAFF30080D20724BF11F8013D11F88C
:1006000001CD48BF11F8012C24BF00F8013D00F8CE
:1006100001CD48BF00F8012C704710B5203AC0F05A
:100620000B80B1E81850203AA0E81850B1E81850F3
:10063000A0E81850BFF4F5AF5FEA027C24BFB1E830
:100640001850A0E8185044BF18C918C0BDE81040A1
:100650005FEA827C24BF51F8043B40F8043B08BFAA
:100660007047D20728BF31F8023B48BF11F8012B71
:1006700028BF20F8023B48BF00F8012B704702F06A
:10068000FF0343EA032242EA024200F0E0B84FF0DF
:10069000000200B5134694469646203922BFA0E8D2
:1006A0000C50A0E80C50B1F12001BFF4F7AF0907DE
:1006B00028BFA0E80C5048BF0CC05DF804EB8900CF
:1006C00028BF40F8042B08BF704748BF20F8022B12
:1006D00011F0804F18BF00F8012B7047704770472A
:1006E0007047704710B500F0D3F8006810BD10B522
:1006F000044600F0CDF8046010BD2DE9F0470D462A
:1007000099469246044600F124080168880604D5FB
:10071000E06921F01001216000E00120A84201DD24
:10072000471B00E00027A1697A1902EB0900081AAB
:10073000A0612078C00602D42046AFF300800026D6
:1007400008E0D4E901211AF806009047206A401C0D
:10075000761C20624E45F4DB2078C0060AD5204680
:10076000AFF3008006E0D4E9012130209047206AF1
:10077000401C2062381EA7F10107F4DC07E0D4E931
:10078000012118F805009047206A401C2062281EAD
:10079000A5F10105F3DC2046AFF3008020780006C8
:1007A00002D50220BDE8F0870120FBE7074B70B5BA
:1007B0000D467B4400F075F80446284600F084F8A6
:1007C00010B14FF0FF3070BD204670BDF742010000
:1007D000431A28BF9A427FF620AF104410F0030F4F
:1007E00011441EBF11F8013D521E00F8013D10F0EA
:1007F000030F7FF4F6AF103AC0F00A8010B531E96C
:100800001850103A20E91850BFF4F9AFBDE8104075
:10081000530724BF31E9081020E9081044BF51F8FC
:10082000043D40F8043D12F0030F08BF7047D207A3
:1008300028BF31F8023D48BF11F8012C28BF20F82D
:10084000023D48BF00F8012C70474FF00002042918
:10085000C0F0128010F0030C3FF41BAFCCF1040C7D
:10086000BCF1020F18BF00F8012BA8BF20F8022B23
:10087000A1EB0C01FFF70DBF5FEAC17C24BF00F8BC
:10088000012B00F8012B48BF00F8012B7047000036
:10089000004870473C7C012001694A1C02610878CD
:1008A000704700B58FB0CDE90131002105910549B0
:1008B0007944CDE9031011466846FFF777FD0FB084
:1008C00000BD0000E5FFFFFF007B00F080007047E7
:1008D000004870473C7C01207546FFF7F9FFAE46A3
:1008E00005006946534620F00700854618B020B53C
:1008F000FFF7D8FCBDE820404FF000064FF000079E
:100900004FF000084FF0000B21F00701AC46ACE8B7
:10091000C009ACE8C009ACE8C009ACE8C0098D4624
:10092000704710B50446AFF300802046BDE8104084
:10093000FFF798BC00BFFEE731B52DED068B82B006
:100940000024002574480078401C7349087008464C
:1009500000780A2190FBF1F201FB120018B16E48F9
:1009600000780A287EDA012208A9002006F0E2FBBE
:100970009DF8200000F01F00002873D09DF8200093
:1009800000F01F0040F0C000644981F820000024FE
:1009900086E0624890F820000121A140084000282C
:1009A0007CD05F4931F81400042201A906F0C2FB93
:1009B0005A4890F8340000F00100D0B39DF80710B9
:1009C0009DF8062001EB022014F003FC41EC190B0A
:1009D0009FED540B53EC102B14F062FC41EC180B00
:1009E00014F0CAFB81B24D48163020F814109DF85F
:1009F00005109DF8042001EB022014F0EAFB41EC05
:100A00001A0B9FED4A0B53EC102B14F049FC41ECF0
:100A1000190B9FED480B53EC102B14F075FD41ECB6
:100A2000180B14F0A9FB81B23C480C3020F81410CC
:100A300034E0FFE79DF807109DF8062001EB022047
:100A400014F0C7FB41EC190B9FED360B53EC102B48
:100A500014F026FC41EC180B14F08EFB81B22F48E9
:100A60000C3000E02BE020F814109DF805109DF8E4
:100A7000042001EB022014F0ACFB41EC190B9FEDBC
:100A80002B0B53EC102B14F00BFC41EC180B14F057
:100A900073FB81B22148163020F81410601CC4B2D8
:100AA000052CFFF676AF01251C48808920B91B482C
:100AB000C08A08B9002008900020174908709DF8E6
:100AC000200000F01F00D0B9144890F8200000F07A
:100AD000800040B1114890F8200020F080000F49BC
:100AE00081F820000BE04FF6FF700C498881C88226
:100AF000084690F8200000F0E00081F82000064849
:100B00000078F02802DD0A2003490870284602B068
:100B1000BDEC068B38BD000004000020080000205A
:100B2000387101087B14AE47E17AD43FD88173460F
:100B300094F6D23F000000000000894010B5052067
:100B400013F08CFC10BD000010B500200F490860A8
:100B50000F48006820F440000D490860084600680E
:100B600040F480000860FFF7E9FF00200949C1F860
:100B7000AC02FFF7E3FF012004490860FFF7DEFF46
:100B800000200549C1F8800210BD0000808240426B
:100B90000014024000804242008040421CB5012106
:100BA000222006F035FB012000908DF80400032080
:100BB0008DF8050000208DF8060001208DF8070053
:100BC0006946084800F0C4FC4FF400600090694694
:100BD000054800F0BDFC0120044908600449C1F843
:100BE000AC021CBD0004024000140240808240425E
:100BF0000080424210B500200F4908600F4800688D
:100C000020F440000D4908600846006840F4800068
:100C10000860FFF793FF01200949C1F8AC02FFF714
:100C20008DFF012004490860FFF788FF0020054977
:100C3000C1F8800210BD00008082404200140240D2
:100C4000008042420080404270B5054600241448AE
:100C5000006820F4400012490860084600680860F7
:100C6000002612E000200F4908601E2013F0F6FB5A
:100C700001200D49C1F880026006040E0B4800688F
:100C800008B1601CC4B2701CC6B2082EEADB15B9EC
:100C9000FFF7B0FF01E0FFF757FF204670BD0000EF
:100CA0000014024080824042008040422C82424236
:100CB00070B504461348006820F4400011490860EC
:100CC0000846006840F48000086000200E49086073
:100CD000FFF734FF002511E0E0090C4908606006C9
:100CE000040E01200A49C1F88002FFF727FF002007
:100CF00005490860FFF722FF681CC5B2082DEBDB31
:100D000070BD00000014024080824042AC8242422A
:100D10000080404210B50F48006820F440000D49A3
:100D200008600846006840F48000086001200A4915
:100D300008600A49C1F88002142013F08FFB0020DC
:100D400005490860FFF7FAFE00200449C1F8800257
:100D500010BD000000140240AC82424200804042BC
:100D600010B50D48006820F440000B4908600846A3
:100D7000006840F4800008600120084908601420E1
:100D800013F06CFB00200649C1F8AC02FFF7D6FE59
:100D900001200449086010BD0014024080824042D6
:100DA00000804242AC82424210B5002411480068E3
:100DB00020F440000F4908600846006808600120E0
:100DC0000D4908600D49C1F880020AE0601CC4B2F8
:100DD000FA2C03DDFFF7C4FF012010BD012013F042
:100DE0003DFB0548803800680028EFD104490860C1
:100DF00000BFF2E700140240AC8242420080404251
:100E00008082404270B500254FF4803400E0641EBB
:100E100024B1802006F08CFB0028F8D014B90325FB
:100E2000284670BD40F2FF5006F034FB2846F8E734
:100E3000014600BF0848006800F045000028F9D0CE
:100E400040F2FF50044A121D106003482038006829
:100E500008221040C0B27047342C014070B5002504
:100E60001048046801E00F48046804F045000028B9
:100E7000F9D004F0040028B10325042006F00AFB91
:100E8000284670BD04F0010028B10125012006F0BC
:100E900001FB2846F5E740F2FF5006F0FBFA284632
:100EA000EFE70000342C014070B500250B480468C2
:100EB00001E00A48046804F045000028F9D004F075
:100EC000040028B10325042006F0E4FA284670BD8A
:100ED00040F2FF5006F0DEFA2846F8E7342C0140D5
:100EE0002DE9F04106460F464FF0000822480568FC
:100EF00001E02148056805F045000028F9D005F01B
:100F0000040038B14FF00308042006F0C3FA40464D
:100F1000BDE8F08105F0010030B14FF0010801207B
:100F200006F0B8FA4046F3E706F0FCFAB04203D008
:100F30004FF010084046EBE740F2FF5006F0AAFAE7
:100F4000002006F009FB044604F4604018B9200CA8
:100F500038804046DCE704F4005008B11320D7E79E
:100F600004F4804008B11020D2E704F4004008B136
:100F70000F20CDE74046CBE7342C014070B500266A
:100F80004FF480350F48046802E06D1E0D48046878
:100F900004F0450008B9002DF7D115B104F00400A4
:100FA00028B10326042006F075FA304670BD04F01F
:100FB000400028B10026402006F06CFA3046F5E7E4
:100FC0003046F3E7342C014021B1026842F00102BF
:100FD000026003E0026822F0010202607047000034
:100FE000016821F001010160002101604160816020
:100FF000C1600161212141614A49884204D13D21FA
:10100000484A103A91608CE046491831884205D12F
:101010004FF47461434A103A916082E041493031A3
:10102000884205D14FF474113E4A103A916078E03D
:101030003C494831884205D14FF07461394A103A31
:1010400091606EE037496031884204D13649354AB3
:10105000103AD16065E033497831884204D1334990
:10106000304A103AD1605CE02E499031884204D178
:101070002F492C4A103AD16053E02A49A8318842BE
:1010800005D14FF03D51274A103AD16049E0294936
:10109000884204D13D21274A083A116041E02549A0
:1010A0001831884205D14FF47461224A083A116020
:1010B00037E020493031884205D14FF474111D4A80
:1010C000083A11602DE01B494831884205D14FF0A4
:1010D0007461184A083A116023E016496031884269
:1010E00004D11149134A121F11601AE011497831D5
:1010F000884204D10D490F4A121F116011E00D49B9
:101100009031884204D10A490A4A121F116008E04E
:101110000849A831884204D14FF03D51054A121FB9
:1011200011607047106002403D000020400F002019
:1011300000003D201064024021B1026842F020020C
:10114000026003E0026822F020020260704701465C
:1011500000200A6802F001020AB1012000E000202C
:101160007047000010B500220268134B1A40CC688B
:101170000B6823434C6923438C692343CC69234385
:101180000C6A23434C6A23438C6A23434C6B2343EE
:101190008C6B23431A430260426922F00702D1E9B3
:1011A0000B3423431A4342610B6943604B688360ED
:1011B0008B68C36010BD00003F801CF070472DE9B4
:1011C000F04306460F469046002445460320A0EB18
:1011D00048093CE07A1B91B2321990B203F0C0FB8F
:1011E0003A1B91B2721990B203F0BAFB3A1991B25C
:1011F000721990B203F0B4FB7A1991B2321990B21D
:1012000003F0AEFB7A1991B2321B90B203F0A8FB47
:101210003A1991B2721B90B203F0A2FB7A1B91B201
:10122000321B90B203F09CFB3A1B91B2721B90B23E
:1012300003F096FB641CB9F1000F03DAA000801DD7
:10124000814404E0601B80000A3081446D1EAC4282
:10125000C0DDBDE8F083000051B18200A2F1C042C0
:10126000126842F001038200A2F1C042136009E05B
:101270008200A2F1C0421268034B1A408300A3F11E
:10128000C0431A6070470000FEFF0F00D0E9011252
:101290001143C268114302691143426911438269D3
:1012A0001143C2691143026A1143426A1143826ABF
:1012B0001143C26A1143026B114302689200A2F10A
:1012C000C0421160816808290BD101688900A1F131
:1012D000C041096841F0400201688900A1F1C041A4
:1012E0000A60416B0968426B526841EA0211426B25
:1012F000926841EA0221426B928941EA0241426BC3
:10130000128A41EA0251426B127D41EA0261426B4C
:10131000926911430268521C9200A2F1C04211600E
:10132000C16AB1F5804F1BD1816B0968826B52682D
:1013300041EA0211826B926841EA0221826B128AB1
:1013400041EA0251826B127D41EA0261826B92692D
:10135000114302689200A2F1C042C2F8041107E0F2
:101360006FF0704201688900A1F1C041C1F8042109
:10137000704700002DE9FC4107460D460026002479
:1013800000200090019008205D490860102048600E
:10139000402088600020C8604FF4806008610846E3
:1013A00006F018F91020FFF743FD044614B120465B
:1013B000BDE8FC815348008800045149086037208B
:1013C0004860402088600020C8604FF48060086159
:1013D000084606F0FFF83720FFF72AFD04460CB157
:1013E0002046E5E74FF0FF30474908600820486095
:1013F000302088600220C860002008610120486118
:10140000084606F069F800203D490860332048602E
:10141000402088600020C8604FF480600861084662
:1014200006F0D8F83320FFF703FD04460CB1204640
:10143000BEE70CE04FF4001006F07AF838B106F081
:10144000C3F84DF82600761C012E00D906E02F487F
:10145000006840F22A6108400028EBD000BF082055
:1014600006F066F828B1082006F014F80424204697
:101470009EE7022006F05CF828B1022006F00AF888
:101480000224204694E7202006F052F828B12020BC
:1014900006F000F8062420468AE74FF4007006F0B4
:1014A00047F830B14FF4007005F0F4FF07242046F0
:1014B0007EE740F2FF5005F0EDFF0098000600992E
:1014C00001F47F4140EA0120009901F47F0140EAE4
:1014D0001120009940EA11606860019800060199A6
:1014E00001F47F4140EA0120019901F47F0140EAC3
:1014F0001120019940EA11602860204658E7000059
:10150000702900205000002084290020342C014044
:1015100010B5002001F098FC6FF07F4001F09FFCB7
:10152000012001F007FD002001F012FD002001F074
:101530001FFD002001F0A4FC0448006801F0ACFC91
:10154000BDE81040002001F0C7BC0000A002002050
:10155000F0B50A4600210023002400BF3DE001252C
:1015600005FA01F3156805EA03049C4234D10568C5
:101570004F000326BE40B543056015794E00B540C7
:101580000668354305601579012D02D01579022DC5
:1015900016D185684F000326BE40B5438560557956
:1015A0004E00B540866835438560456801268E400B
:1015B000B5434560456896798E40B6B2354345607F
:1015C000C5684F000326BE40B543C560D5794E00BF
:1015D000B540C6683543C560491C1029BFD3F0BD6E
:1015E000F0B5002300244D07ED0E02FA05F3CE10EE
:1015F00000F1200555F826504E07F70E0F26BE4085
:10160000B543CF1000F1200646F82750CE1000F168
:10161000200555F8265045EA0304CE1000F12005B8
:1016200045F82640F0BD0183704700002DE9F04FDA
:10163000DFF828B191B04FF0FF35DBF80030B3F997
:1016400022100691DE69B3F92490F469A1898142E0
:1016500006D8E289824203D3471AD4F8008012E008
:10166000D4E9018100296FD00A8882426CD84D8864
:10167000854269D3801A82B2486800EB8200B0F9D3
:101680000070B0F90250781C5ED0307EA17C10FB57
:1016900001FA217CCDE90801B3F92A60304603F054
:1016A0004FFFC0B20E90DBF8000007FB0A81A37C5D
:1016B000826B0127CDE90412CDE90273C069DDE92F
:1016C0000832C17E807ECDE900014946069802F0CD
:1016D0008BFF681C18D046F0020003F031FFDBF8E6
:1016E0000000A37C05FB0A81826BCDE90273CDE982
:1016F0000412C069DDE90832C17E807ECDE90001B7
:101700004946069802F070FFDBF800005D46C069AC
:10171000417E007E814214D9022E12D086F0040050
:1017200003F00EFF2868C069027EC37E12FB03919E
:10173000437E857E099A06984B4402FB050203F01E
:10174000D9F90E9803F0FCFEDBF80000627C418CB6
:101750001144418411B0BDE8F08F0000A4020020C4
:1017600004480068C069C06909B1027C0A60407C15
:1017700070470000A4020020022008807047C06962
:1017800082898A4202D8C2898A4210D2806880B196
:1017900002888A420DD843888B420AD3406800EB06
:1017A0008100A0EB8200B0F90000002801DB0120DD
:1017B00070470020704700002DE9F0432F4C03468E
:1017C00087B020681946B0F92A80C069C06900F066
:1017D00084F800284ED041680088181A01EBC00533
:1017E0004046AE7803F0ACFE814620686A6801236B
:1017F000816BCDE90236CDE90421C169CB7E8A7EB9
:10180000CDE900230B7EB0F924102A78B0F922002C
:1018100002F0EAFE2068C069477E067EB7421DD905
:10182000C07E47434643B8F1020F17D000F034FDA5
:10183000804600F0FFFC01F012FB21682A78CB699A
:10184000B1F92200DB7E12FB0302B1F92410CB199F
:10185000314403F04FF9404601F001FB484603F0E4
:101860006FFE20686A78C369B0F922109B7E12FB74
:101870000311418407B0BDE8F0830000A4020020FA
:1018800030B50F4C05460B4620682946C069C06933
:1018900000F023F8002811D04168008824682A1A33
:1018A0000120E46900EBC200085CA47E10FB04F098
:1018B000002B03D011F832106143196030BD0000D5
:1018C000A402002001200880704700B5C06900F024
:1018D00004F8002800D0012000BD06E002888A42FA
:1018E00002D842888A4202D280680028F6D1704726
:1018F00070B500240E4D16E028690E4900EBC410A7
:10190000001D78220968FEF788FE2869002100EB97
:10191000C410016000F10C018161011D0A1DC0E9C4
:101920000F12641C4164A8688442E5DB70BD0000AE
:1019300080030020A402002070B50D490B48086008
:10194000084602F023FC0A4C143CA068C501284656
:1019500000F068F82A460021206102F01FFC4FF0D9
:10196000FF302060BDE8704001F0ECBE892A01081C
:101970009403002010B5040009D000F049FD204672
:101980000DF0A4FE044601F095FE204610BD002097
:1019900010BD38B5054600F03BFD2846FFF7EAFFCD
:1019A000040009D000F0BAF82A460021009002F0A5
:1019B000F5FB684600F0F0F801F07CFE204638BDEB
:1019C000024A106021F0030050607047507A0120F5
:1019D00010B5040016D000F01BFD0B48006B10F88A
:1019E000341059B1022909D2042101EBC401415834
:1019F00048680DF02FFE204611F034F9BDE8104084
:101A000001F058BE10BD000094790120002805D0D7
:101A1000034A916B016001B1486090637047000018
:101A2000947901202DE9F041044610F0A9FE2648E2
:101A3000E41C24F00305C16B2D1DA94200D90D46FD
:101A4000846B13E054F8042CAA420ED184B12168AF
:101A500009B162684A60616809B122680A60826BF4
:101A6000A2422ED1216881632BE02468002CE9D1A9
:101A70008046416B80680F1857F8040C3E1A306896
:101A800038B1002011F056F957F8040C3E1A3068AE
:101A9000B8B97068A84214DB3044441B304611F0DA
:101AA00001F9D8F80810491BC8F80810D8F8101028
:101AB0002944C8F8101070683146401B0DF0CAFD6B
:101AC00020C42046BDE8F0819479012010B500249F
:101AD00010F056FE0C490F2001EBC002126C1AB137
:101AE00001EBC000006C08E0401EF5D508E041683D
:101AF000A14200D90C46806810B180680028F6D158
:101B0000A4F10C0010BD0000947901200248416945
:101B1000491C4161704700009479012005498A6998
:101B2000521C8A61096B01EBC0010A78521C0A70D1
:101B300000F04AB89479012010B500F069FCFFF775
:101B4000C5FF64220849B0F5800F04D990FBF2F478
:101B5000C869444303E0C9694143B1FBF2F401F0B1
:101B6000A9FD204610BD00009479012005491028E8
:101B700005D94A68B0EB520F02D3500800E010209C
:101B800088607047507A012002484169491E4161CE
:101B900070470000947901200A4902680B6B52F8E3
:101BA000082C03EBC2021378022B03D38B690BB111
:101BB0005B1E8B611178491E11700021016008467F
:101BC0007047000094790120002806D003490422C0
:101BD00002EBC000096B0858083070479479012067
:101BE00070B514460D46064600F012FC204600F083
:101BF0005FFB0300174804EB840109D050F8210073
:101C000041688068711A2A1A184601F055F91CE0DB
:101C100000EB8104A268B24201D0012200E0002260
:101C2000E368AB4201D0012300E000231A430CD04B
:101C3000236943B150F82100816840686A1A311A5B
:101C4000184601F0C1F8C4E90265BDE8704001F032
:101C500031BD00009C7B012010B5C2B2CBB2D21ABC
:101C600002D5C2F1000212B293B2C0F30722C1F34F
:101C7000072403FB03F3121B01D5524212B2000CDE
:101C800092B2A0EB114002FB023200B2002801DA4E
:101C9000404200B280B200FB002010BD10B5002110
:101CA000084600F06DFB40F6FF725042BDE8104060
:101CB00013460146AFF300802DE9FC411C46154652
:101CC0000E46074600F0A4FB042003F039FC8046D2
:101CD0001248C068C16C006D0F4406440D440444B2
:101CE000ADF80070ADF80450ADF80260ADF80640F4
:101CF00068460DF05DF807E023462A46314638462F
:101D000002F0F8FE0DF016F80028F5D1404603F079
:101D100017FC01F0CFFCBDE8FC8100009802002018
:101D2000B0F90630B0F90420B0F90210B0F90000A3
:101D3000FFF7C2BF2DE9F0411C4616460D46074687
:101D4000022B02DB0020BDE8F0811C20FFF76AFEB9
:101D50000028F8D00DB105610AE0094A52F82410B4
:101D600009B905E011460A68002AFBD10969016139
:101D700084618682002101604160C0E90217E2E7C8
:101D8000BC02002070B51D46FFF7D4FF040001D04F
:101D900000F00EF8E068006820B90348006800EB26
:101DA00085008465204670BDA4020020FFF72EBE8A
:101DB00070B590B38269022A30DA1C4C54F82210B4
:101DC00019B944F822002FE019464B68002BFBD1CB
:101DD00006E0CB68C5681B682D68AB4203DD096867
:101DE0000029F6D11AE0C1B1CB68C6681B68366815
:101DF000B3420CD1838A012B05D008E01946DB6879
:101E00001B68AB4203DB0B68002BF7D129B14B6891
:101E100033B118604A68426004E0FFE7012070BDFA
:101E200044F8220048600160002070BDBC02002020
:101E300010B503E00468FFF7BBFF20460028F9D186
:101E400010BD11F063BC00002DE9F0410026DFF861
:101E500034800D4F354600BF58F8254009E0E06852
:101E60000068385C20B1204611F050FC2660264600
:101E70002468002CF3D16D1C022DEDDB3046BDE84B
:101E8000F0810000BC020020BC720108022801DBC6
:101E900000207047054951F8200004E0C168096836
:101EA0000029F6D000680028F8D17047BC02002055
:101EB0002DE9F041044601F037FC06191EE000BF91
:101EC00000F044F9052F00DD052700F0A1FA1148C4
:101ED0000568FFF71BFE2C0017D000BF01F0EAFBDE
:101EE000641EFBD1384601F005FC1DB100F090FAEC
:101EF0006D1EFBD1FFF748FE01F0DCFB01F014FC86
:101F0000371A002FDCDCBDE8F081384601F0F2FB27
:101F1000F0E700008C03002010B500F003FA084938
:101F20000A68B2F92410091AD069437E481E034496
:101F3000B2F92200BDE810404FF47A62FFF7BCBE50
:101F4000A40200202DE9FC4706005FD000F060FAF3
:101F500000F0B8F93C4C81462068B0F9228000F0CE
:101F6000E1F9216807468A8CD01B888441E000BFD4
:101F700047F6FF71304601F0D5FF824601463046F4
:101F800001F0A6FF2168054691F82C0000F003003F
:101F9000012841D002283BD000204A8C101A4884E6
:101FA000ADF800006A1E1044ADF80400888CADF84E
:101FB0000200A9F101010844ADF806006A46514645
:101FC000304601F067FD2168BDF802008884514663
:101FD000304601F04BFA064430780A281ED00D280E
:101FE0001CD0BDF80000216828444884307818B11E
:101FF000761C30780028BBD12068818C39448184DC
:10200000818D21F00301818501F054FBBDE8FC873F
:1020100005EBD5704010C0E72846BEE7206890F871
:102020002C1001F0030101290BD0022909D0018CE9
:10203000418431780A29D9D1828C02EB090181844B
:10204000D4E7A0F82280F4E7A402002070B514467B
:102050000D46064600F0DCF9054800684584848496
:102060003046FFF76FFFBDE8704001F023BB000072
:10207000A402002010B5FFF7E9FFBDE81040FFF70C
:102080004BBF00002DE9F04107460A4815460E46B1
:102090000068B0F92C0040F0020000F059FF04463F
:1020A0002A4631463846FFF7D1FF2046BDE8F041C9
:1020B00000F04EBFA40200202DE9FC411C4616464C
:1020C0000D46074600F0A4F91A480168087ECA6C5C
:1020D000096D401E17440D440C44391A1644ADF8DE
:1020E00000103118ADF80410291A2044ADF806008C
:1020F000ADF8021068460CF05BFE15E0324629464A
:10210000384602F075FB32462146384602F070FB35
:10211000621E691C384602F035FC621E691C30469E
:1021200002F030FC0CF006FE0028E7D101F0C2FA04
:10213000BDE8FC81A4020020B0F90630B0F904200B
:10214000B0F90210B0F90000FFF7B6BF10B50024D7
:1021500000E0012400F004F80028FAD1204610BD68
:10216000064810B50068002410B1804700B1012472
:102170000BF0B2FF00B10124204610BDC4020020C4
:1021800008B50B46002805D0009281888268C08877
:1021900000F001F808BD10B50828029C30D008DC1A
:1021A00004FB01F401280AD0022813D0042804D12A
:1021B0001CE0102828D020282CD0002010BD04EBD3
:1021C000D30003F00701105CC1F10701C84000F023
:1021D000010010BD04EB93000621105C01EA4301ED
:1021E000C1F10601C84000F0030010BD04EB53002C
:1021F000D907105C02D000F00F0010BD000910BD1F
:1022000004FB0130105C10BD481004FB003032F8B4
:10221000100010BD881004FB003052F8200010BDE3
:10222000034951F82000C1688A6A0821104700005C
:10223000BC02002010B500F0EBF802F08BFC02F0BD
:1022400023FD044601F036FA204610BD10B50446C1
:1022500000F0DEF8054800210068C06942682046A9
:102260009047044601F026FA204610BDA402002043
:1022700070B50C46054600F0CBF8064821460068CC
:10228000C069426828469047044601F013FA204688
:1022900070BD0000A402002010B500F0B9F802F0F3
:1022A00061FC02F0F1FC044601F004FA204610BD86
:1022B0000021022802D2024951F820100846704736
:1022C0007803002010B500F0A3F804480068C06946
:1022D000447E01F0EFF9204610BD0000A40200206A
:1022E00070B514460D46064600F092F8224629467F
:1022F000304602F06BFC10B1002028602060BDE881
:10230000704001F0D7B970B50C46054600F080F872
:102310002146284601F022FEBDE8704001F0CAB90E
:1023200001F002BA10B5002400F072F80B48006802
:1023300090F82C1001F00C01042904D0082906D0D3
:102340000C2907D103E0C069047E641E02E0C06965
:10235000007E440801F0AEF9204610BDA402002022
:10236000024951F82000006900687047BC02002053
:10237000024951F82000006940687047BC02002003
:1023800070B50D46044600F043F8204610F02CF9D5
:102390000446284610F030F9044301F08BF920463A
:1023A00070BD0000144810B5016821F00101016002
:1023B0001248012181601249016000681149884278
:1023C00000D0FEE701F04CFB0F492E20087001F011
:1023D000AFF90E4810F086F9FFF7AEFA12F0EAF8FE
:1023E00004460021084600F085FD0CF00FF9FFF7C8
:1023F0007FFA204610BD0000002000E000300240BF
:10240000C2A507F4CDB5E8B5980200205C7A01209A
:1024100070B51F4CE06820B101F07EF96168884218
:1024200004D001F09FF901F077F96060E068401C8A
:10243000E060012825D100250AE000BF01F06CF919
:10244000216901EBC5110968814205D0D1B16D1C2C
:10245000A0688542F2DB00252068854211D0002863
:102460000EDBFFF7F1FC2268216901EBC212D06795
:10247000084A01EBC510011D1160C06FFFF7D8FCC1
:10248000256070BD216901EBC5110860E4E700001B
:1024900080030020A40200201CB5040004D10E48D3
:1024A0000068046E002C16D0FFF7B2FF2046FFF73D
:1024B00035FB009044696846FFF76EFB4CB120463F
:1024C000FFF72CFB019081688968884701A8FFF716
:1024D00063FB01F0EFF81CBDA402002001490A468D
:1024E00000F002B801F0FFFF2DE9F04387B0154678
:1024F0000C465FEA000846D0FFF78AFF002000F094
:10250000BFFC814621480068066E4046FFF706FB87
:1025100000900068806900F07FFC074640F6FF707D
:10252000001904D10098B0F90440B0F906500098A1
:10253000611E0289ADF804401144ADF808104189CC
:10254000681E0844ADF80650ADF80A000BF0F2FB27
:102550006846FFF721FB01A80CF02AFC06E02A469A
:102560002146404600F028FB0CF0E4FB0028F6D1A1
:10257000384600F051FC304600F06AF9484600F059
:102580007FFC01F097F807B0BDE8F083A4020020BB
:102590002DE9FE4F984691468A46834600270C9EB9
:1025A000FFF736FF174818490068407C51F8204073
:1025B000E1680968042903D02468002CF8D100E000
:1025C00014B9FFF763FC04460121E068C26A2046A3
:1025D0009047050011D02469A0688047401C02D1B3
:1025E0000A4C46F001060096CDE9015443464A469E
:1025F0005146584600F0C6F9074601F05BF83846E8
:10260000BDE8FE8FA4020020BC02002094BB01089C
:1026100038B504001CD0FFF7FBFE0E480068006EC2
:10262000A04201D100F0EAFB2046FFF777FA0090C4
:10263000406908B101F027F800980068FFF7B6FB81
:102640006846FFF7A9FA2046FFF7C2F901F032F811
:1026500038BD0000A40200202DE9FF4F83B0454C97
:10266000DDF840B098468A4607002BD002A901A8A1
:10267000FFF749FEB7F90060002E00DA0026B7F92F
:102680000250002D00DA00252068A146407C02F0AF
:10269000B3FA01990144491EB7F9040010F05FF93B
:1026A0000446D9F80000407C02F0ACFA02990144DB
:1026B000491EB7F9060010F052F9A71B7F1C441BF6
:1026C000641C0BE0206800263546407C02F094FA3A
:1026D00007462068407C02F095FA0446B8F1000FE6
:1026E00001D1C4F10008002F01DD002C03DC002023
:1026F00007B0BDE8F08F43463A4629463046CDF84C
:1027000000B0FFF745FF5FEA000909D000F060F86C
:102710008046484600F09CF80027DFF85CB01FE0D8
:102720005146059888470120E2E7E11B414502DA5E
:10273000484600F071F83FB1EA193146484600F0CA
:10274000B5F84846FFF7A8FE514605988847DBF8DC
:10275000001009B1002088474846FFF7BFFE4744F4
:10276000A742E2DB4846FFF753FF002000F070F875
:10277000BDE70000A4020020C403002038B5050016
:102780004FF0000411D0FFF743FE2846FFF7C6F9CB
:102790000090006800698068804703F069FA044689
:1027A0006846FFF7F9F900F085FF204638BD38B5D7
:1027B0000446FFF72DFE2046FFF7B0F900F118049C
:1027C00000906846FFF7E8F900F074FF204638BD36
:1027D00038B504460025FFF71BFE1CB90848006801
:1027E000046E44B12046FFF799F90090B0F90A5001
:1027F0006846FFF7D1F900F05DFF284638BD0000BC
:10280000A402002010B50DF0E7F8002803D0BDE8C1
:10281000104000F07DB810BD38B50C46050004D15D
:102820000A480068056E002D0FD0FFF7F1FD28461D
:10283000FFF774F90090B0F90A10A14200DD44815D
:102840006846FFF7A9F900F035FF38BDA402002063
:10285000F8B50546FFF7DCFD134E3068046E65B130
:102860000CB100F0CBFA0BF075FB2846FFF756F9D8
:10287000009031680A6E1AB106E000F0BFFA0EE06F
:10288000D1E90223C1E919230D660068FFF790FA28
:102890006846FFF781F902F0C3FF02F0ABFD00F0DC
:1028A00009FF2046F8BD0000A40200207CB51546B3
:1028B0000E46040004D115480068046E002C24D094
:1028C000FFF7A6FD2046FFF729F92DB20090C5803D
:1028D00034B2848002F08EFD0098406980B1FFF729
:1028E0001DF9009A0190B2F908108180B2F90A200E
:1028F000C28011B10AB10480458001A8FFF74CF9EC
:102900006846FFF749F900F0D5FE7CBDA40200201F
:1029100001490A4600F002B801F0FFFF7FB51546F5
:102920000C4606002DD0FFF773FD3046FFF7F6F892
:1029300040F6FF710190091903D1B0F90440B0F9D4
:1029400006500289611E1144ADF80840ADF80C1024
:102950004189681E0844ADF80E00ADF80A5001A880
:10296000FFF71AF902A80CF023FA06E02A462146DE
:10297000304600F009F90CF0DDF90028F6D100F03E
:1029800099FE7FBD2DE9FF4FDFF8E0B083B01C4614
:10299000DBF80010DDE91060924600274B7C3A46D8
:1029A0001299FFF7C7F905005DD028698068804754
:1029B00003F05EF981460AFB09F0C01D4FEAD0081A
:1029C000FFF7BAF8F10705D1C11700EB917080103D
:1029D00000EB4000002C06DC1838B0FBF8F0644235
:1029E000A04200DC0446F00707D10090DDE90301B6
:1029F0002346524600F0BAFD0746002C03DC284669
:102A0000FFF7D4F92FE004FB08F01830F10702D0EB
:102A1000FEF7B0FF01E0FEF7BCFF06001CD0FFF799
:102A20007DF801900560039981800499C180A0F828
:102A300008A04481C0F80C80C0E9049701A8FFF702
:102A4000ABF81298AE602861DBF80000407CA8610A
:102A5000304607B0BDE8F08F2846FFF7A7F917B159
:102A60003846FEF7B5FF0020F3E70000A40200207F
:102A70002DE9F74F92B090461298FFF74FF80B9060
:102A8000B0F908100691B0F90A100D9100680069BC
:102A9000D0F804B00BA8FFF77FF8384C384D206809
:102AA000407C55F82000C1688A6A08219047814619
:102AB000182801D34FF020092068407C55F82000E9
:102AC0000069079003C80C902E48814201D0012074
:102AD00000E000201090002000F056FE002849D1B0
:102AE0000026DDE91207B2460FAB069C4546761C70
:102AF0000193FFF75CFE014604FB0AF001EB800244
:102B0000234629463846CDF800B001F01BF80500F1
:102B100030D01098D0B1DDE906134A46284600F0BF
:102B2000E5FE98B9DDE906702C46D0F810C0BCF17E
:102B3000000F05D0294604233A460846E04705E041
:102B40000C992068884701C47F1EF9D10020CDE987
:102B50000305059001200090CDE901094146034697
:102B600008F10108069A139801F03EFD0D98401EE9
:102B70000D90B6D115B0BDE8F08F0000A402002082
:102B8000BC020020A74C0008F8B515460E460746C3
:102B9000FEF7C4FF009000681621C068426A00205A
:102BA000904704466846FEF7F7FF002C03D02A46FC
:102BB00031463846A047F8BDF8B515460E460746DB
:102BC000FEF7ACFF009044696846FEF7E5FF384623
:102BD000FFF7D4FD0346082800DD2CB12A46314614
:102BE000384610F0B3FDF8BD2A463146384610F09D
:102BF00045FFF8BD10B5002821D009B30AB3B1F9DB
:102C00000040B2F900309C4200DA23460380B1F95B
:102C10000240B2F902309C4200DA23464380B1F907
:102C20000440B2F904309C4200DD23468380B1F9B0
:102C30000610B2F90620914200DC1146C18010BD99
:102C400011460A6802604968416010BD00280BD037
:102C500003880B4403808388194481804188114490
:102C60004180C1881144C1807047000070B5104D8B
:102C70000446D5E9000188420ED10E49884203D1AD
:102C8000D0E90F12406C03E00C38D0E900128068E4
:102C90002160C4E9012006E090E80E0084E80E00FF
:102CA0000FF0C0FC2860207A002800D0012070BD01
:102CB00004040020C47B01200448D0E900108142B4
:102CC00001D101207047002070470000040400205B
:102CD000054A10B50349116010F036FCBDE81040FC
:102CE00000F056B96DE20008C802002070B500255A
:102CF000FFF78EFB094CD4E9002082420AD0D2E9CA
:102D0000005610460FF098FC2060314628460BF024
:102D1000A5FD012500F0CEFC284670BD6C03002007
:102D20002DE9FC41154DDDE908742D68B5F9086001
:102D3000864200DD3046B5F90C60964200DA324634
:102D4000824219DBB5F90A608E4200DD3146B5F9E1
:102D50000E509D4200DA2B468B420DDB00E02C46E4
:102D6000E5682D6825B1042D02D02568002DF6D127
:102D7000CDE9007402F0C0F8BDE8FC81A402002097
:102D8000B0F90220B1F906309A4213DCB1F9022001
:102D9000B0F906309A420DDCB0F90020B1F90430E8
:102DA0009A4207DCB1F90010B0F90400814201DC5D
:102DB00001207047002070470146024878220068D1
:102DC000FDF72BBCA402002070B515460E4604008A
:102DD0000AD0FFF71DFB2A463146204610F0CCF9F9
:102DE000BDE8704000F066BC70BD0000024978226A
:102DF0000968FDF712BC0000A402002010B5FFF71F
:102E000007FB02F0ABFA02F00BFD0AF093FFBDE8FE
:102E1000104000F04FBC000070B5094D0446286812
:102E2000467CFFF7F5FA022C03D228684474FFF7BA
:102E3000E5FF0448046000F03DFC304670BD000032
:102E4000A40200201003002010B50446FFF7E0FAAA
:102E5000204602F0A5FABDE8104000F02BBC10B5EA
:102E60000446FFF7D5FA204602F0D2FABDE810403A
:102E700000F020BC014988607047000098020020E3
:102E800010B50446FFF7C4FA204602F059FB044689
:102E900000F010FC204610BD70B50446FFF7B8FAEC
:102EA00004480068C56904B1C46100F003FC284609
:102EB00070BD0000A402002070B514460D46064601
:102EC000FFF7A6FA22462946304602F055FB044693
:102ED00000F0F0FB204670BD70B50546FFF798FA8C
:102EE00003480068847E857600F0E4FB204670BDD0
:102EF000A402002070B50C460546FFF789FA094880
:102F0000224605800848048008480068417C08483B
:102F100050F82100C1680B6A29469847BDE8704007
:102F200000F0C8BBD4020020D6020020A40200207A
:102F3000BC02002070B50546FFF76AFA0348006836
:102F4000047E057600F0B6FB204670BDA40200208A
:102F500070B50446FFF75CFA04480068B0F92C50DD
:102F6000848500F0A7FB284670BD0000A402002065
:102F700070B50446FFF74CFA04480068B0F92A50CF
:102F8000448500F097FB284670BD0000A402002095
:102F900002480068002800D000477047A4030020C2
:102FA00002498A6802B98860FFF7F2BF6C0300200B
:102FB00010B504000ED0FFF72BFA20460FF08CFE60
:102FC000204610F07BFB2046FEF702FDBDE81040D6
:102FD00000F070BB10BD38B50C46050011D0FFF7EE
:102FE00017FA2846FEF79AFD00908089204201D00A
:102FF000012400E000246846FEF7CEFD00F05AFBF5
:1030000000E00124204638BD38B505460020286080
:103010000648046844B12046FEF780FD0090006930
:1030200028606846FEF7B8FD204638BD2C04002015
:1030300038B504004FF000000D46086011D020465E
:10304000FEF76CFD0090846844B16846FEF7A4FD6D
:103050002046FEF763FD0090006928606846FEF791
:103060009BFD204638BD00002DE9F84FDFF89C801D
:103070000546274F98F818008B46410738680A9E86
:103080009946407C924607D401F0C8FD0446386852
:10309000407C01F0CFFD06E001F0CCFD044638682D
:1030A000407C01F0BBFD002795B1A0F1010400BFF9
:1030B000B9EB060000D54042142806DB5146BBEBB5
:1030C0000A0000D54042142804DA0120BDE8F88F38
:1030D000641EEDE70A464B465946384600960FF007
:1030E00033FC0C4F4B46524647F8350059462046B4
:1030F00000960FF029FC07EBC50148600FF016FFA2
:1031000001210020C8F81C10E0E70000D8020020D0
:10311000A4020020D47A01202DE9F047524D534EED
:103120000024E86978B96868346000F005017460CB
:1031300010F0060F01D000F00500B460F4600FF04D
:10314000F5FE0120E8612878C8B100F0D9F8A8465A
:10315000286100F0D3F82969286A81420BDBD8F88E
:1031600024204046914206DC836A42699A4202DB8F
:10317000C36A9A420DDD4FF0FF3001466FE000F068
:103180000FF9686100F0BBF82878401C2870BDE892
:10319000F087326898F81800354F8D1A40070028DC
:1031A0003868407C02DB01F039FD01E001F042FDAE
:1031B000401E4543D6E90020B146801A95FBF0F643
:1031C000D8F81420D9F8081098F81800551A4007B4
:1031D00000283868407C02DB01F02CFD01E001F0A2
:1031E0001DFD401E4543D9E90201081A95FBF0F583
:1031F00098F81800400700283868407C18DB01F078
:103200000DFD81463868407C01F014FDD8F8182087
:103210000146D00704D0A9EB0600A0F1010000E0B0
:103220003046920702D5491B491E18E0294616E090
:1032300001F000FD81463868407C01F0EFFCD8F8D1
:103240001820D10704D0A9EB0601A1F1010100E08B
:103250003146920702D5401B401E00E0284610F080
:103260009FF988F8004092E7D8020020D47A012024
:10327000A40200200149886170470000D8020020A4
:10328000074A002806DB002904DB01231372C2E988
:10329000000101E000201072014800F003B80000B6
:1032A0000C7C012010B504460C220749FDF7DEF81E
:1032B000002808D0044894E80E000EC02046BDE85F
:1032C0001040FFF705BD10BD307C012030B40A4C22
:1032D0002268831A01D5C3F1000362688A1A00D5F7
:1032E00052421A44022A04DDC4E9000130BCFFF74F
:1032F000C7BF30BC704700009C0300207047704778
:1033000010B52DED048B82B02048808845F2105115
:10331000884236D101221E49002003F00BFF1C48D1
:10332000007800F01F0030B3042201A9900103F0DF
:1033300001FF9DF807109DF8062001EB022011F017
:1033400048FF41EC190B9FED130B53EC102B11F0C0
:10335000A7FF41EC180B11F00FFF104988810846B8
:103360008489B4F5F07F02DB40F2DF1404E0002C26
:1033700002DA002400E00024204602B0BDEC048BF9
:1033800010BDD0200AF0AEF8F7E700004429002075
:10339000BC000020D881734694F6D23F080000207C
:1033A00010B52DED048B82B02048808845F2105175
:1033B000884237D101221E49002003F0BBFE1C4881
:1033C000007800F01F0030B3042201A9900103F03F
:1033D000B1FE9DF805109DF8042001EB022011F0CC
:1033E000F8FE41EC190B9FED130B53EC102B11F071
:1033F00057FF41EC180B11F0BFFE1049C882084678
:10340000C48AB4F5487F02DB40F21F3405E0002C8B
:1034100003DA002401E040F21F34204602B0BDEC84
:10342000048B10BD90200AF05DF8F7E744290020D6
:10343000BD0000207B14AE47E17AD43F0800002095
:103440002DE9F041084E04460568306801682846B9
:1034500088470746306841682846884728442060E6
:103460003846BDE8F0810000A80200202DE9F041B7
:103470000C4606460025064F05E038684168304690
:10348000884706440544641EF7D22846BDE8F0810B
:10349000A80200202DE9F0411E46069C17468846EA
:1034A00005463A46A8687F1C3346D0F804C041461A
:1034B0002846E047641EF4D1BDE8F08170B5B0F94C
:1034C0000040091BB0F904408C422CDD00F11404CB
:1034D000B0F902500069521B02FB0040CA1800EB11
:1034E000E104521ED010B0EBE10501F007034FF0EC
:1034F000FF0102F0070221FA03F0C2F1070201FA0C
:1035000002F1CEB221780FD001436D1E04F8011BE9
:10351000002D05DDFF2229462046FDF7B0F82C449A
:1035200020783043207070BD30400143217070BD61
:1035300010B5B0F90030B0F90240C91A00F1140317
:103540000069121B02FB003000EBE10001F00703F1
:1035500002788021D9400A43027010BDB0F90610EC
:10356000026951431430FDF792B800002DE9F84389
:10357000804602F10F000011470003FB07F01C46D4
:10358000154689461430FEF704FA060018D0FEF7F7
:103590003FFF3046FEF7C2FA0090A0F80080A0F886
:1035A00002908580C4800749816001218181076183
:1035B0006846FEF7F1FA00F07DF83046BDE8F88382
:1035C0000020FBE720BC010870B5B0F90660B0F937
:1035D00004400B6800F11405964220DD0069A34207
:1035E00002FB005000EBE30219DAA4F101044FEAF8
:1035F000E400A0EBE30512F8010B03F0070400FA66
:1036000004F0C4B208E055B112F8014B03F108030D
:10361000A5F1010523F00703002CF4D008E00020F9
:1036200070BD00BF4FEA44604FEA106403F101032C
:103630002006F7D5FF2C0AD0184605E04FEA44646F
:103640004FEA146400F101006606F7D400E0D81DCB
:10365000C443640706D007E012F8014BFF2C0FD1DA
:1036600000F108006D1EF7D5A0EB030000F101008A
:103670000B6070BD4FEA44624FEA126400F1010032
:103680002206F7D4F0E738B50546FEF7C1FE284616
:10369000FEF744FA00908189491E0CB28481684685
:1036A000FEF77AFA14B92846FEF792F900F002F80C
:1036B00038BD00000348C168491EC16001D100F057
:1036C0005BB870478003002010B54FF480310020B4
:1036D00011F0B8FB04464FF480312046FEF770F934
:1036E0008020FEF743FA0248FFF7C4FB10BD00003C
:1036F000708C010870B504464FF47A7060434FF443
:103700007A71B0FBF1F5284603F038F870BD10B5BA
:103710000120FFF7EFFF10BD0248006890F832006B
:1037200070470000EC00002010B503F093F810BDC6
:1037300010B5002002F006FC0149086010BD000031
:10374000A800002010B5012002F0FCFB034908602E
:10375000002002F081FB0249086010BDA00000209B
:10376000A400002008B56A4600210248006802F063
:103770000FFC08BDA000002010B50248006802F050
:103780007DFC10BDA00000200EB508B102AA00E02B
:103790000022002301A9684600F052FB0EBD000084
:1037A000074910B5CC6818B10120C860801E03E03D
:1037B0000020C8606FF07F4000F004FE204610BD7E
:1037C0000C04002010B5082A0EDC0346012A1AD08A
:1037D000022A58D0042A78D010F8042B03F8012BC1
:1037E000491EF9D1012010BD102A0ADC0222022A4A
:1037F000F8D1024630F8043B22F8023B491EF9D1C9
:10380000F0E7002010BD10F8042BD207120E491E5D
:1038100034D010F8044B491E04F0010442EA84122B
:103820002CD010F8044B491E04F0010442EA441263
:1038300024D010F8044B491E04F0010442EA04129B
:103840001CD010F8044B491E04F0010442EAC402E3
:1038500014D010F8044B491E04F0010442EA84021B
:103860000CD010F8044B491E04F0010442EA440253
:1038700004D010F8044B04F00104224303F8012B98
:103880000029C0D1AEE710F8042B9207120E491E92
:1038900015D010F8044B491E04F0030442EA041248
:1038A0000DD010F8044B491E04F0030442EA8402D0
:1038B00005D010F8044B04F003042243491E03F81A
:1038C000012B0029DFD18DE7FFE710F8042B120749
:1038D000120E491E05D010F8044B04F00F042243C9
:1038E000491E03F8012B0029EFD17BE72DE9F041B8
:1038F0001E680D460446082A09DC0746012A21D025
:10390000022A62D0042A7CD0082A1AD195E0102A13
:1039100003DC02200228F8D102E00020BDE8F0819B
:10392000D3F810C02746BCF1000F04D00A46214648
:10393000022308468AE001CCB04727F8020B6D1E2F
:10394000F9D18BE001CCB047C0074FEA10686D1E7B
:1039500036D001CCB04748EA801000F0FF086D1E59
:103960002ED001CCB04748EA401000F0FF086D1E91
:1039700026D001CCB04748EA001000F0FF086D1EC9
:103980001ED001CCB04748EAC00000F0FF086D1E11
:1039900016D001CCB04748EA800000F0FF086D1E49
:1039A0000ED001CCB04748EA400000F0FF086D1E81
:1039B00006D001CCB04740EA080000F0FF086D1EB9
:1039C00007F8018B002DBDD148E001CCB04780073E
:1039D0004FEA10686D1E18D001CCB04748EA0010BD
:1039E00000F0FF086D1E10D001CCB04748EA8000FF
:1039F00000F0FF086D1E08D001CCB04740EA080077
:103A000000E007E000F0FF086D1E07F8018B002DB5
:103A1000DBD123E001CCB04700074FEA10686D1EF0
:103A200006D001CCB04740EA080000F0FF086D1E48
:103A300007F8018B002DEDD110E0D3F810C0BCF1D8
:103A4000000F05D00A46014601233846E04705E04D
:103A500001CCB04707F8010B6D1EF9D101205DE7DD
:103A60000A4810B5816900290ED101218161FFF753
:103A70002BFE01F013FF054905481C310860BDE825
:103A80001040084600F082BB10BD000098020020E4
:103A9000292A01087CB5064628480D46006868B109
:103AA00000200BF085F906E06A46294630460CF006
:103AB00005FD0BF03FF90028F6D17CBD10680090A1
:103AC0001F4C506801902268BDF8000032F84C1F6E
:103AD0000844ADF80000BDF8020091880844ADF834
:103AE0000200BDF8040011880844ADF80400BDF8D8
:103AF000060091880844ADF8060068460BF058F9B6
:103B00000EE000BF2068BDF800106A464184BDF891
:103B100002108184294630460CF0D0FC0BF00AF9E3
:103B20000028EFD1206830F8221F428D891A0180C9
:103B30004188C28D891A41807CBD0000D0020020DE
:103B4000A40200202DE9FF4F00208BB0044601465F
:103B5000009019981D461646016007AB002203A984
:103B600002A800F06DF918B100200FB0BDE8F08F89
:103B70000798854200DD05465C4F0A955C49386828
:103B8000407C51F82010049109690691FEF748FB2A
:103B900005903868407CFEF7EBFB56498146884229
:103BA00004D05549894501D0012000E0002009904A
:103BB00001CE1899884782465FEA106B71D0009851
:103BC00070BB0B9800EB040848480068B0F9080087
:103BD000404503DDA0EB0807804600E0002702997E
:103BE000049801EB840101EB8701CDE90010DDE9C8
:103BF0000A010A180C9B0892521E19464046FFF70C
:103C00008FF801200090059818280ADA0298DDE95B
:103C1000052300EB840000EB8700E91B00F070F83F
:103C200010E0099870B1029800EB840000EB870760
:103C30000898A0EB080849463868884701C7B8F1DA
:103C40000108F8D12D48C06960B3DDE9020700EB37
:103C5000840007EB8402CDE90202284C361F2B4674
:103C6000E46930460299A047FF203168B0EB116F3C
:103C700002D10299096804E0029A1268B0EB126F4F
:103C800001D1039A11600299361D091D0291039911
:103C9000091D03916D1EE8D1199901200397086051
:103CA0001DE01EE0FFE7BBF1FF0F0ED00298CBF145
:103CB000FF0250F82410504600F00EFA039941F824
:103CC000240019990120086005E00298039950F832
:103CD000240041F82400641C6D1E7FF469AF039832
:103CE00043E7039941F824A0EBE70000A402002079
:103CF000BC020020A74C0008A54C0008D8030020F7
:103D00002DE9F05F0C1E16DD5E68014600EB8405B0
:103D1000082A12DC611E012A28D0022A48D0042A6F
:103D20006AD0082A07D1071917F8010DB04745F8DE
:103D3000040D641EF8D1BDE8F09F102AFBDC0222BE
:103D4000022AF8D15F693FB12246BC46BDE8F04F78
:103D500002235DF804EB604701EB440737F8020DDE
:103D6000B04745F8040D641EF8D1E4E700EBE1002C
:103D70002D1F10F801A9814601F00707802020FAC5
:103D800007F800BF0AEA0800C7F10701C840B047BA
:103D900045F804093FB17F1E4FEA4860000E804697
:103DA000641EEFD1C7E7072719F801A90120F6E73C
:103DB00000EBA1002D1F01F0030710F801A98146B7
:103DC0007900C02020FA01F84FF0060B0AEA08003B
:103DD000ABEB4701C840B04745F804093FB17F1E2F
:103DE0004FEA8860000E8046641EEFD1A3E70327E8
:103DF00019F801A93846F6E700EB610001272D1FED
:103E0000A74310F801A98146B900F02020FA01F873
:103E10004FF0040B0AEA0800ABEB8701C840B0473B
:103E200045F804093FB17F1E4FEA0870000E804636
:103E3000641EEFD17FE7012719F801A90F20F6E7EB
:103E40002DE9F047204C06461F46A069904689465A
:103E5000002540B90120A06104F120011B48086041
:103E6000084600F093F9606910B900F0C8FE60617F
:103E700007B138604EB1A06830B960698000FDF7C5
:103E8000D1FDA06000B901253060B9F1000F0AD062
:103E9000E06830B960698000FDF7C4FDE06000B9FA
:103EA0000125C9F80000B8F1000F0AD0206930B927
:103EB00060698000FDF7B6FD206100B90125C8F8F2
:103EC00000002846BDE8F087D8030020B12A010889
:103ED00073B5124A01A90098126890470024009017
:103EE000C8B10F4900250968C969496959B10A680B
:103EF0004AB1019990477CBD6846FFF7A1FA054693
:103F0000FEF7A4F904440198401E0190F4D5284618
:103F100000F032F8044420467CBD0000000400207C
:103F2000A402002073B50D460098002490B10A4900
:103F30000968C969496959B14A684AB1294690472F
:103F40007CBD6846FFF77CFA20B10A2802D0641CC9
:103F5000AC42F6DB20467CBDA4020020044AB2F944
:103F6000002002600348B0F90000086070470000BC
:103F7000D4020020D602002038B5002469460094FF
:103F8000FEF776F90099814200DD0C1A204638BD13
:103F9000B0F90030B1F90020934200DA0280B0F9A4
:103FA0000230B1F90220934200DA4280B0F90430C5
:103FB000B1F90420934200DD8280B0F90620B1F906
:103FC00006108A4200DDC180704770B5B1F900402B
:103FD000B2F900309C4200DD23460380B1F9025063
:103FE000B2F90240A54200DD2C464480B1F90460DC
:103FF000B2F90450AE4200DA35468580B1F90610B8
:10400000B2F90620914200DB1146C1809D4201DBDE
:10401000A14201DA002070BD012070BD01460248B6
:104020000068407C00F002B8A4020020F8B5012628
:104030000F46054602284BDA264C5FB3012F02D00B
:10404000022F45D116E054F8250088B92846FDF71F
:104050001DFF0090B8B3C0680D21426A68469047C2
:10406000020035D039460098904754F825000026C4
:10407000401C2BE0FDF70AFF009020B3C0680D2123
:10408000426A68469047020022D03946009890471D
:1040900000261DE054F8250001280FD12846FDF721
:1040A000F5FE009050B1C0680D21426A6846904705
:1040B000020003D0394600989047002654F82500A6
:1040C00010B1012101E003E00021401A44F825006D
:1040D0003046F8BD6403002070B5FF23B3EB116FC9
:1040E0002CD0C3B213FB02F500F47F4400F47F032D
:1040F00054435343000E10FB02F6C2F1FF00CAB254
:1041000012FB005201F47F4505FB004401F47F05DA
:1041100005FB0033090E11FB0065C2F307204FF4C5
:104120007F024FF47F4102EA132201EA14214FF08B
:104130007F43084303EA05431043184370BD2DE94C
:10414000F04F1546DDE90CB90C4606464FF0000865
:1041500018E00B9F4FF0FF0A01CE08CCAAEB1062CB
:1041600002FB09F2B2FBFAF1CAB21946FFF7B4FF3B
:1041700020F07F4001C57F1EEED1099808F10108AB
:1041800004EB8004D845E4D3BDE8F08F02494A69C6
:1041900042604861704700009802002010B502E0BC
:1041A00000F8011B521E0AB18307F9D1930818D0F9
:1041B00001EB014402F0030204EB042405E0046077
:1041C00044608460C46010301B1F042BF7DA01E0E8
:1041D00010C05B1E002BFBD103E000BF00F8011BE9
:1041E000521E002AFAD110BD10B5830702D520F85F
:1041F000021B521E530810D001EB0144042B08DBB4
:10420000046044608460C46010301B1F042BF7DA24
:1042100001E010C05B1E002BFBD1D20700D0018053
:1042200010BD00BFFEE700007CB50446002500205D
:10423000019000905F48008800045F4908600D20ED
:104240004860402088600020C8604FF480600861AA
:10425000084603F0BFF959480068009002E057484B
:1042600000680090009800F045000028F7D0009802
:1042700000F0040028B10325042003F00BF92846C0
:104280007CBD009800F0010028B10125012003F059
:1042900001F92846F4E703F045F9009000980D284D
:1042A00002D010252846EBE740F2FF5003F0F2F869
:1042B000002003F051F901900198C0F343202070D1
:1042C0003F490198084008B92846D9E7019800F00D
:1042D000004008B11C20D3E7019800F0804008B1ED
:1042E0000920CDE7019800F0005008B10A20C7E787
:1042F000019800F0805008B10B20C1E7019800F050
:10430000006008B10C20BBE7019800F0806008B1A4
:104310000D20B5E7019800F0807008B10E20AFE7DE
:10432000019800F4000008B10F20A9E7019800F4FB
:10433000800008B11020A3E7019800F4001008B134
:1043400011209DE7019800F4801008B1122097E732
:10435000019800F4002008B1132091E7019800F4BF
:10436000802008B114208BE7019800F4003008B1D8
:10437000152085E7019800F4803008B116207FE70A
:10438000019800F4004008B1172079E7019800F483
:10439000804008B1182073E7019800F4005008B17C
:1043A00019206DE7019800F0080008B11A2067E7AE
:1043B000284665E75000002070290020342C014079
:1043C00008E0FFFD02490A680860104670470000D7
:1043D0004004002030B5014601F01F04C1F345132D
:1043E000CA0AE50205EB43151544A8B230BD00002A
:1043F00070B504460026174805884088454315488F
:10440000808846F60401884216D112488079012836
:1044100012D100200F4988712A2048812B208881E1
:104420000021084601F006F801200A4988712B2076
:1044300048812A20888103E00021084600F0FAFF25
:1044400001F018FA002602E003480480761CAE4210
:10445000FAD370BD44290020000008600449054AD1
:104460000968497C52F82110096909680847000069
:10447000A4020020BC02002010B50446002C52D13A
:1044800058498871F02008804FF4A0704880084691
:10449000808849F2413188420BD05248808846F6E4
:1044A0000401884205D04F48808845F21031884287
:1044B0001AD12C204B4908812A2048812B20888141
:1044C0000846808846F60401884205D04548808821
:1044D00045F21031884206D14FF4A070414908805E
:1044E0004FF4F070488079E03E48808845F21051E2
:1044F000884210D14FF430503A4908814FF4285087
:1045000048814FF42C5088814FF4F07008804FF4AC
:104510004870488062E0222032490881202048818A
:10452000212088815AE001202E4988714FF4A07023
:104530000880F02048800846808849F2413188424E
:1045400005D02848808845F21031884207D12C20B8
:10455000244908812A2048812B2088812BE021488A
:10456000808846F60401884207D12C201D49088125
:104570002B2048812A2088811DE01A48808845F236
:104580001051884210D14FF43050164908814FF431
:10459000285048814FF42C5088814FF4487008808F
:1045A0004FF4F070488006E022200E490881212057
:1045B0004881202088810B48808846F60401884283
:1045C00005D00848808845F21031884206D14FF462
:1045D000F070044908804FF4A0704880002000F07B
:1045E00063FD10BD442900202DE9F04F05468DB034
:1045F0007C48DDF860901A9C00681E4617464FF014
:10460000000A78B11B9B199ACDF808900593CDE963
:104610000324DDE91623CDE90023046833463A4636
:10462000284682E0DDE9160201EB060805EB070CDF
:104630001043A8F10108ACF1010C012806D0C9F122
:1046400008000590002002910890C8E066480268C2
:10465000B2F90A30581A002806DD361A002E65DD38
:104660001946199B00FB0344B2F90E00A8EB0000A9
:10467000002802DD361A002E58DDB2F90C00ACEB32
:104680000000002800DD3F1AB2F908300020AB42DC
:1046900037DD581B3F1A4B46B9F1080F28D007DC0D
:1046A000012B0DD0022B13D0B9F1040F29D117E043
:1046B000102B1FD0182B20D0B9F1200F21D11CE0D6
:1046C00020F0070304EBE0041D4400F0070018E0AD
:1046D00020F0030304EBA0041D4400F0030010E0ED
:1046E00020F0010304EB60041D4400F0010008E029
:1046F000044404E004EB400401E004EB80040544BE
:104700000020002F12DD1B9BDDF864C0CDE90403FF
:10471000CDE902C4CDE90069527C34483B4650F8EB
:104720002200C26854680A462946A0470DB0BDE879
:10473000F08F17990298084409902B49401E009069
:104740000A68B2F90A30834241DCB2F90E100298CD
:1047500081423CDB4FF0000BD84603950B9434E0CC
:10476000BBF1000F05D10B984FF0080B10F801AB0F
:104770000B900599ABEB090B3AFA01F00AFA09F133
:1047800001F0FF0A04D118490968097C890716D489
:1047900015490968C96B0A680C921B9A0AB152F84C
:1047A0002000086016990398009B4218521E029937
:1047B00000F0A0F90C490C980968C96B08600399CE
:1047C000169808F1010808440390B845C8DB08981A
:1047D000401C089009980290199804440898B04227
:1047E000A7DBA3E7D0020020A4020020BC02002027
:1047F000F0B40C4612490968B1F90A30A3421CDC36
:10480000B1F90E30A34218DBB1F90830834200DD64
:104810001846B1F90C30934200DA1A4682420CDB9A
:104820004B7C084951F8235013462246E9688E68AC
:1048300001462846B446F0BC6047F0BC7047000013
:10484000A4020020BC0200202DE9FF4F84B0814665
:104850008A460020039002900698A0EB090507986D
:10486000A0EB0A06CDF80490CDF800A0002D01DDE4
:10487000012705E00DB9002702E04FF0FF376D4238
:10488000002E02DD4FF0010806E016B94FF00008D7
:1048900002E04FF0FF387642B54201DD2C4600E0E1
:1048A00034464FF0000B21E0009A91B2019A90B289
:1048B00000F056F803982844039002983044029080
:1048C0000398A04205DD0398001B0390019838442B
:1048D00001900298A04205DD0298001B029000980A
:1048E000404400900BF101001FFA80FB601C8345DF
:1048F000DADD08B0BDE8F08F0A46174930B4096820
:10490000B1F90A30934225DCB1F90E30934221DB34
:10491000B1F9083083421DDCB1F90C30834219DB58
:104920000B7C0E4CDB0709D0497C54F82130D96848
:10493000CC690146A44630BC18466047CB6B497C25
:104940001B6854F82140E1688D6901462046AC4659
:1049500030BC604730BC7047A4020020BC0200207D
:1049600030B504460D462946204600F063FD00F0B0
:1049700081FF024800880249088030BD0000002005
:1049800000000860124B30B41B68B3F90840844241
:104990001CDCB3F90C40844218DBB3F90A408C42AA
:1049A00000DD2146B3F90E40944200DA22468A42E5
:1049B0000CDB5C7C074B53F82440E368DD6813464E
:1049C0000A4601462046AC4630BC604730BC7047C2
:1049D000A4020020BC02002070B504460D46164615
:1049E0004248808849F24131884205D03F4880885A
:1049F00045F21031884214D13C49488900F02EFF1D
:104A0000201200F01FFFE0B200F01CFF3749888938
:104A100000F024FF281200F015FFE8B200F012FFAA
:104A20005DE03248808845F21051884220D12F49FC
:104A3000488900F013FF201200F004FF2B49498938
:104A4000491C88B200F00AFFE0B200F0FBFE2749E3
:104A5000888900F003FF281200F0F4FE23498989B9
:104A6000491C88B200F0FAFEE8B200F0EBFE36E036
:104A70001E48808846F6040188421DD11B48807973
:104A8000012804D119480088401E001B84B2174930
:104A9000488900F0E3FE201200F0D4FEE0B200F0FE
:104AA000D1FE1249888900F0D9FE281200F0CAFE12
:104AB000E8B200F0C7FE12E00C488079012804D16A
:104AC0000A480088401E001B84B2084948892146D4
:104AD00000F0DAFE05498889294600F0D5FE034832
:104AE000008903490880881C068070BD4429002085
:104AF000FEFF076038B5134C2468B4F908508542AE
:104B000000DD2846B4F90C50954200DA2A4682426C
:104B100017DBB4F90A508D4200DD2946B4F90E5076
:104B20009D4200DA2B468B420BDB0093647C064BE4
:104B300053F82440E3681D6913460A46014620469F
:104B4000A84738BDA4020020BC02002008210DF0B7
:104B50008DBC000002480068806B00687047000050
:104B6000A402002002480068C06B00687047000083
:104B7000A4020020024809210068407C0DF076BCA8
:104B8000A402002009210DF071BC70B500252C464F
:104B90002046FDF77BF900B16D1C641C022CF7DB8D
:104BA000284670BD02480068407C00F003B8000051
:104BB000A402002010B5FDF769F9002805D0C168EE
:104BC000CA6ABDE810400221104710BDF8B515466D
:104BD0000E460124FDF75AF9009058B1C06804212F
:104BE000426A68469047030004D02A46314600983E
:104BF000984700242046F8BD03210DF037BC032060
:104C00000DF07CBC04210DF031BC000002480121F4
:104C10000068407C0DF02ABCA402002001210DF0A8
:104C200025BC0000024802210068407C0DF01EBC3B
:104C3000A402002002210DF019BC00F001B8000010
:104C40002DE9F041002809D0876837B10D4E716811
:104C500019B10468B4F5807F02DD0020BDE8F08161
:104C60003068844200DD0446002507E057F825003F
:104C7000FFF7F4FB716841F825006D1CA542F5DBD8
:104C80007068EBE7B40300200449054A0968497CD1
:104C900052F821100969496808470000A402002061
:104CA000BC0200207047704710B500F01F01074A92
:104CB000074BC0F34514C0F3C4201B5D105C515C6E
:104CC00000EB032000EB014010BD00002CAC0108FC
:104CD0004CAC010810B50A4C606860B920688000CF
:104CE000FCF7A0FE606040B104F1080105480860CF
:104CF0000846FFF74BFA002010BD012010BD000050
:104D0000B40300209D2A01082DE9F041FFF73DFF83
:104D10000746002528E02846FDF7B8F818B32846CE
:104D2000FEF77AF880462846FFF710FF082817DCC0
:104D30000F48104950F825000069884210D02846D5
:104D4000FFF720FF0646002408E0E0B2FFF79CFFD3
:104D50000246E1B2284600F0F9FB641CB442F4DBE1
:104D60004046FEF759F86D1CBD42D4DBBDE8F0812A
:104D7000BC0200207CBB010810B50246012000E007
:104D800050430B1EA1F10104E1B2F9D110BD0000A6
:104D900008B5034800880090BDF8000008BD000079
:104DA000000008602DE9F04105460E46002400276A
:104DB000A0464F480088A84203DD4D484088B042D5
:104DC00002DC0020BDE8F0813146284600F032FBCD
:104DD0004748808849F2413188420BD04448808856
:104DE00046F60401884205D04148808845F21031DA
:104DF000884203D12E2000F031FD0DE03C48808830
:104E000045F21051884204D14FF4385000F026FD8D
:104E100002E0222000F022FD3548808849F220314E
:104E2000884202D1022010F02BF83248008800B1ED
:104E30000024022010F024F82E4804882C48808892
:104E400049F2413188420BD02948808845F210311F
:104E5000884205D02648808845F2105188420AD100
:104E6000022010F00DF82348B0F80080E7B24FF6AA
:104E7000FF7000EA07271E48808849F225318842E2
:104E800016D01B48808844F23551884210D018480B
:104E90008088091F88420BD0154880884BF2055145
:104EA000884205D0124880884CF20551884201D1D1
:104EB000204687E70E48808849F2413188420BD06E
:104EC0000B48808845F21031884205D00848808818
:104ED00045F21051884207D1E012C002B91240EAEF
:104EE000411040EAE8206DE72046FFF773FA69E7D2
:104EF00044290020000008602DE9FF4F83B01646CA
:104F0000DDE910408B46C0684769426A7AB10121E9
:104F100011A8904705000AD00698CDE90004334651
:104F20005A4603991198A84707B0BDE8F08F574833
:104F30000068407CFDF774F98246082801DC0120F6
:104F400005E0BAF1100F01DC022000E004208046E9
:104F5000002596E04046B8F1010F05D0022871D037
:104F6000B8F1040F25D17CE0BAF1090F21D2DFE8B6
:104F70000AF08605213F3F5959595900039815E019
:104F800001465A461198B847C5F1070188404FF6C7
:104F90007F722178EA40114001436D1C217004EBBF
:104FA000E50425F00700054109F101008146B04202
:104FB000E6DD64E0039817E001465A461198B847C9
:104FC0000621A1EB450188406B004FF63F72217826
:104FD000DA40114001436D1C217004EBA50425F05B
:104FE0000300054109F101008146B042E4DD46E0DD
:104FF000039813E001465A461198B8470421A1EBE3
:10500000850188402178AB000F229A40114001436E
:1050100021702C4485F0010509F101008146B04260
:10502000E8DD2CE0DDF80C9007E001465A461198C7
:10503000B847207009F1010944444846B145F4DD00
:105040001DE0FFE7DDF80C9007E001465A46119895
:10505000B847208009F1010944444846B145F4DDD0
:105060000DE0DDF80C9007E001465A461198B8476C
:10507000206009F1010944444846B145F4DD0BF1D3
:10508000010B06998B457FF765AF4DE7A402002021
:1050900001B5BDF8000000F0E1FB05200FF0DEF9DE
:1050A000FFF776FE08BD0000F0B505460024002796
:1050B000A948807901281ED1A748808846F60401B6
:1050C000884218D0082D15D2DFE805F00406080A3A
:1050D0000C0E101206250DE007250BE0042509E053
:1050E000052507E0012505E0002503E0032501E093
:1050F000022500BF00BF9848808849F241318842AC
:1051000011D09548808846F6040188420BD0924819
:10511000808845F21031884205D08F48808845F25A
:10512000105188427ED1082D1CD2DFE805F004061C
:10513000090C0F12151800BF14E044F0800411E0B0
:1051400044F040040EE044F0C0040BE044F02004BE
:1051500008E044F0600405E044F0A00402E044F0FC
:10516000E00400BF00BF7C48808845F210518842AF
:1051700002D14FF4585700E036277748808845F22F
:105180001031884207D07448808845F21051884217
:1051900001D044F008047048808846F60401884233
:1051A00001D144F002042146384600F06DFB04F0C2
:1051B000200018B96848807901280DD16648008818
:1051C00065494988884214DA6348068840886249FC
:1051D0000880084646800CE05F4800885E494988A0
:1051E000884206DD5C48068840885B49088008469E
:1051F00046805948808845F21051884254D156491A
:10520000488900F02BFB002000F01CFB5249498923
:10521000491C88B200F022FB002000F013FB4E492D
:10522000498900E06FE0891C88B200F017FB4A4909
:105230000988491EC1F30F2000F004FB4649498943
:10524000C91C88B200F00AFB43490978491EC8B25C
:1052500000F0F8FA4049888900F000FB002000F0D7
:10526000F1FA3D498989491C88B200F0F7FA00201B
:1052700000F0E8FA38498989891C88B200F0EEFA12
:1052800035494988491EC1F30F2000F0DBFA324945
:105290008989C91C88B200F0E1FA2F498978491E32
:1052A000C8B200F0CFFA55E02B49488900F0D6FA91
:1052B000002000F0C7FA002000F0C4FA264909884F
:1052C000491EC1F30F2000F0BDFA23490978491E99
:1052D000C8B200F0B7FA2049888900F0BFFA002070
:1052E00000F0B0FA002000F0ADFA1B494988491ED1
:1052F000C1F30F2000F0A6FA17498978491EC8B2F9
:1053000000F0A0FA26E0082D1CD2DFE805F0040723
:105310000A0D0F12151844F0300413E044F0100485
:1053200010E044F020040DE000BF0BE044F038042E
:1053300008E044F0280405E044F0180402E044F0DA
:10534000080400BF00BF032744F4805421463846B8
:1053500000F09AFAF0BD00004429002010B50E4C70
:105360000E492068407C51F8200050B1C16809689E
:10537000042903D000680028F8D102E008B1FCF746
:1053800060FD20680021016600F108014161BDE86F
:10539000104000F02FB80000A4020020BC02002042
:1053A0000149096849680847B003002004490968B1
:1053B0000A7C520701D5C96B00E0896B0860704711
:1053C000A40200207CB5094C05462068417C0848B1
:1053D00050F82100C1680A6B6946904720686A4608
:1053E00029460830FEF7F1FD7CBD0000A402002034
:1053F000BC0200200448016804484A7C083150F887
:105400002200C268126B1047A4020020BC020020D8
:105410000149096809680847B00300200449096880
:105420000A7C520701D5896B00E0C96B08607047A0
:10543000A402002030B504460D464048808849F259
:105440004131884205D03D48808845F2103188427C
:1054500014D13A49488900F001FA201200F0F2F91B
:10546000E0B200F0EFF93549888900F0F7F9281229
:1054700000F0E8F9E8B200F0E5F95DE02F48808837
:1054800046F6040188421DD12C488079012804D1B8
:105490002A480088401E001B84B22849488900F031
:1054A000DDF9201200F0CEF9E0B200F0CBF923498B
:1054B000888900F0D3F9281200F0C4F9E8B200F0AE
:1054C000C1F939E01D48808845F21051884220D149
:1054D0001A49488900F0C2F9201200F0B3F91749BF
:1054E0004989491C88B200F0B9F9E0B200F0AAF984
:1054F0001249888900F0B2F9281200F0A3F90F4987
:105500008989491C88B200F0A9F9E8B200F09AF93B
:1055100012E00A488079012804D108480088401E1A
:10552000001B84B205494889214600F0ADF90349C2
:105530008889294600F0A8F930BD000044290020E0
:105540000149096889680847B0030020F8B5154685
:105550000E460124FCF79AFC009058B1C068102157
:10556000426A68469047030004D02A4631460098B4
:10557000984700242046F8BDF8B515460E4601248C
:10558000FCF784FC009058B1C0680321426A684669
:105590009047030004D02A463146009898470024DB
:1055A0002046F8BDF8B515460E460124FCF76EFC02
:1055B000009058B1C0680B21426A684690470300CA
:1055C00004D02A4631460098984700242046F8BD6A
:1055D000F8B515460E460124FCF758FC009058B16A
:1055E000C0680A21426A68469047030004D02A46F0
:1055F00031460098984700242046F8BD2DE9F84F21
:105600000746884616461C46C3462046E31704EB69
:105610005373DB1021464FEAE47C04EB5C7C4FEAD9
:10562000EC0CA4EBCC0CBCF1000F02D04FF0010C41
:1056300001E04FF0000C6344224604EBD27C4FEAB9
:105640006C0C03FB0CF3DBB20093A6F12000C6B296
:10565000002556E00C2C07D106EB46002B4901EB48
:10566000800010F8059013E0102C05D1284800EBBD
:10567000061010F805900BE0182C07D106EBC600B9
:10568000244901EB800010F8059001E0BDE8F88F97
:105690004FF0000A2FE009F0800030B11E48028868
:1056A00041463846FFF798F907E00A9828B91B48A1
:1056B000028841463846FFF78FF94FEA49604FEAC2
:1056C000106908F101001FFA80F815480088B842F7
:1056D00000DCDBE7A8EB0B00A04208D1D846781C21
:1056E00087B20F480088B84200DCCFE706E00AF135
:1056F000010000F0FF0ABAF1080FCCDB00BF681C04
:10570000C5B200988542A5DB00BFBFE77859010804
:10571000EC5D0108DC6301080000002002000020AD
:10572000442900202DE9FF4F81B0074691461E46CF
:105730000E9D4FF0000A002439E0301B401EC1B21C
:105740000A20FFF719FBB9FBF0F00A21B0FBF1F2D8
:1057500001FB1208BAF1000F16D1701EA04213DD32
:10576000B8F1000F0ED10020AB4605EBDB714910FC
:1057700001FB0471009088B22B4620220299FFF7AA
:105780003DFF12E04FF0010A0020AB4605EBDB7154
:10579000491001FB0471009088B208F13001CAB2CF
:1057A0002B460299FFF72AFF00BF601CC4B2B44227
:1057B000C3DB05B0BDE8F08F2DE9F84704460D4680
:1057C00090469946DDE9096704F0FF0A08EB0400FA
:1057D0001FFA80F809EB05001FFA80F916E044452E
:1057E00002DB5446A81985B24D4500DB14E00020C9
:1057F00000903A78334629462046FFF7FFFE3046B0
:1058000006EBD07104EB61018CB27F1C38787E28E6
:1058100002DC38782028E2DA00BFBDE8F887000013
:1058200010B5074C2068006BFEF718FEFFF7F6FD79
:105830002068406BFEF712FEBDE81040FFF7B6BDD2
:10584000A402002001B5BDF800000090BDF80000E2
:105850000149088008BD00000000086001B5BDF8DE
:1058600000000090BDF800000149088008BD00005C
:10587000FEFF076002480089024908807047000067
:1058800044290020FEFF076003B5BDF80000024A6E
:105890001080901C01800CBDFEFF076008B500233E
:1058A0001A4665496548FCF76DFA6548808845F2F7
:1058B0001051884239D16248428801880020FFF7A0
:1058C00071FE5F48428801880020FFF781FE5C4836
:1058D000807998B940F2B31000234FF4F072194662
:1058E00000901846FDF7C0FB40F21F300023421C19
:1058F000194600900120FDF7B7FB9BE00620FDF75D
:10590000B9FC40F2B31000234FF4F0721946009036
:105910001846FDF7A9FB40F21F300023421C194630
:1059200000900120FDF7A0FB84E04548808845F207
:105930001031884205D04248808846F604018842EA
:105940003BD13F48428801880020FFF72BFE3C48AE
:10595000428801880020FFF73BFE39488079A0B9D2
:10596000E22040F65B734FF4A072002100900846DD
:10597000FDF77AFBC42040F6ED634FF4F07200218E
:1059800000900120FDF770FB54E00620FDF772FC4B
:10599000E22040F65B734FF4A072002100900846AD
:1059A000FDF762FBC42040F6ED634FF4F072002176
:1059B00000900120FDF758FB3CE021484288018817
:1059C0000020FFF7EFFD1E48428801880020FFF706
:1059D000FFFD1B488079B8B90120FDF74BFC40F66C
:1059E0003F700090164802889B2300210846FDF76F
:1059F0003BFB40F65F70009011484288BC230021B9
:105A00000120FDF731FB15E00720FDF733FC40F6E0
:105A10003F709B23F022002100900846FDF724FBF5
:105A200040F65F70BC234FF4A0720021009001206B
:105A3000FDF71AFB08BD00009C720108687101089F
:105A40004429002010B503461446012901D1002045
:105A500010BD4FF0FF3200BF00BF1046F8E7000056
:105A60002DE9FF4F8DB01746674ADDF870901E9EF6
:105A7000209812681D4600248AB11D9B1F98CDE90D
:105A80000293CDE90460DDE91A03CDE9000314684F
:105A90002B463A460D98A04711B0BDE8F08F0D9AFD
:105AA00001EB050802EB070CDDE91A231A43A8F104
:105AB0000108ACF1010C012A06D0C9F108004FF031
:105AC000000B029105909CE0504A1268B2F90A401E
:105AD000631A002B06DDED1A002DDDDD21461D9C2D
:105AE00003FB0466B2F90E30A8EB0303002B02DDC2
:105AF000ED1A002DD0DDB2F90C30ACEB0303002B16
:105B000000DDFF1A0D9B1C1AB2F90830A3420DDD0F
:105B1000A3EB040C0CEB0003181A20F0070004445C
:105B2000A7EB0C0706EBE30603F00700002FB3DD3D
:105B30001F9BDDF874C0CDE9040303968DE82012A5
:105B4000527C33483B4650F82200C26855680A46EA
:105B50002146A847A0E71B990298084409902B49C1
:105B6000401E03900A68B2F90A30834243DCB2F95E
:105B70000E10029881423EDB4FF0000A0D980B9602
:105B8000D046009035E000BFBAF1000F05D10B9868
:105B90004FF0080A10F8014B0B900599AAEB090A7F
:105BA00034FA01F004FA09F4E4B204D1174909689F
:105BB000097C890717D415490968C96B0A680C92D2
:105BC0001F9A0AB152F82000086000991A980A1822
:105BD0000846DDE90213521EFEF78CFF0B490C98B4
:105BE0000968C96B086000991A9808F1010808440F
:105BF0000090B845C8DB099802901D980BF1010B85
:105C00000644AB45A7DB47E7D0020020A4020020F2
:105C1000BC020020002818D0410817D0810817D0F6
:105C2000C10817D0010917D0410917D0010A17D0B0
:105C3000410A17D0010B15D0C10B13D0010C11D0A4
:105C4000810C11D0000E11D0202070470120704728
:105C500002207047032070470420704705207047DA
:105C60000820704710207047122070471820704796
:105C700000B50022FFF7CEFF012804D0811E0629BF
:105C800003D808220BE0012209E0A0F1090107294D
:105C900001D8102203E011380F2800D82022104626
:105CA00000BD00001CB50121084601F0B1FA222018
:105CB000009001208DF8040000208DF806000320DC
:105CC0008DF8050001208DF8070069460348FBF7B1
:105CD0003FFC22210148FBF7A6FC1CBD000002404E
:105CE00000BFFEE77047000070B5002100230F22BF
:105CF000C4781CB3174C246804F4E064C4F5E06471
:105D0000C4F30721C1F10404E3B20A4144789C4082
:105D1000E1B28478144021430C07210E0E4C057823
:105D20006155047804F01F050124AC4005786D111D
:105D3000AD0005F1E025C5F8004109E0047804F064
:105D40001F050124AC40054D0678761145F8264024
:105D500070BD00000CED00E000E400E080E100E038
:105D600002490143024A1160704700000000FA0531
:105D70000CED00E010B500F013F800F0FDFE00F0AF
:105D800025FF00F045FF00F0CDFE00F08DFE00F095
:105D9000D9FF00F07DFF00F0A3FF00F002F810BD76
:105DA0007047704706480078012808D105480078F8
:105DB000FF2804D203480078401C0249087070474D
:105DC000E6000020D900002010B500241A48007811
:105DD000012830D1FAF778FA04461848007820B143
:105DE00016480078401E1549087014480078F8B924
:105DF00013480078E0B901F007F812481249097811
:105E000050F82100114908600F48007810490978BE
:105E100088420DD00D480068806B401C0B49096812
:105E200088630C480068401C0A490860FAF76CFA5D
:105E30002046FAF74DFA10BDE6000020D9000020F8
:105E4000DA000020F8730120DC000020F4000020BC
:105E5000DB000020C000002070B5054600260F487A
:105E6000007808B1002070BDFAF72EFA06460C48FB
:105E70000468006820B10A48006840680849086062
:105E80003046FAF725FA3CB101202070002020812D
:105E90006560204600F0FAFD2046E4E7D9000020C6
:105EA000C400002010B500240B480078012811D14F
:105EB000FAF70AFA04460948007840B90848007819
:105EC000FF2804D206480078401C05490870204687
:105ED000FAF7FEF910BD0000E6000020D90000200E
:105EE000DA00002010B5002413480078012821D1E1
:105EF000FAF7EAF9044611480078C0B10F48007873
:105F0000401E0E4908700846007860B90C480078B9
:105F100028B92046FAF7DCF900F03CFF0AE02046F9
:105F2000FAF7D6F906E02046FAF7D2F902E0204661
:105F3000FAF7CEF910BD0000E6000020DA000020DC
:105F4000D900002070B5054600260F48007808B13A
:105F5000002070BDFAF7B8F906460C4804680068DE
:105F600020B10A4800684068084908603046FAF7DE
:105F7000AFF93CB1032020702581002060602046ED
:105F800000F084FD2046E4E7D9000020C400002092
:105F90002DE9F04105460E461446002728780328CF
:105FA00003D001202070BDE8F0813148007810B1A5
:105FB00002202070F7E72F48007810B10D202070E4
:105FC000F1E7FAF781F90746288940B12889401E90
:105FD00028813846FAF77CF900202070E3E726484C
:105FE000006890F8300040F001002349096881F80A
:105FF000300000202049096881F831001E480068FF
:10600000C662284600F004FD3846FAF761F900F050
:10601000C1FEFAF759F907461748006890F83100B1
:1060200020B1012809D0022806D102E0002020700A
:106030000BE00E20207008E000BF29460E480068E3
:1060400000F0D0FC0A20207000BF00BF00200A49E9
:10605000096881F830000849096881F8310006496B
:106060000968C8613846FAF733F900BF9BE70000BA
:10607000D9000020DA000020EC00002070B50446B2
:1060800000252078032801D0012070BDFAF71CF903
:106090000546A07A60B1002301221946204600F08F
:1060A0005FFC2846FAF714F900F074FE0020ECE7D4
:1060B00020894FF6FF71884207D22089401C208139
:1060C0002846FAF705F90020DFE72846FAF700F935
:1060D0003320DAE710B50B48007890B900F094FE51
:1060E000094800780949087009480749097850F8B3
:1060F0002100084908600846006807490860FAF767
:10610000EAF810BDE6000020DC000020DB000020E3
:10611000F8730120F4000020EC00002010B50024EA
:10612000022000F02BFBFAF7CFF8044600200B49C1
:1061300008602046FAF7CCF8642000F01FFBFAF75D
:10614000C3F8044605480068054908600120054970
:1061500008702046FAF7BCF810BD0000E8000020E7
:10616000D0000020D8000020704700002DE9FE4F2D
:1061700006460F4690461C464FF00009FAF7A4F871
:1061800081461F48007828B14846FAF7A1F83C201C
:10619000BDE8FE8F1B4850F8240060BB0120194960
:1061A00041F824004846FAF793F80023424639465E
:1061B000304600F0B5F98246002000900190034679
:1061C000024651460290204600F034FE054635B99D
:1061D0000D48007801280CD100F0DCFD09E0FAF749
:1061E00073F881460020074941F824004846FAF731
:1061F0006FF82846CCE74846FAF76AF82820C7E740
:10620000D9000020F8730120E60000202DE9F04FAE
:1062100085B081468A4693461C46DDE90F78129D7B
:1062200000200390FAF750F803902348007830B12B
:106230000398FAF74DF83C2005B0BDE8F08F1F48F1
:1062400050F8240088BB01201C4941F82400039821
:10625000FAF73EF82A464146384600F007FF2B463B
:106260005A465146484600F05BF904901198CDE932
:10627000008002953A4620460E9B049900F0DAFD14
:10628000064636B90E48007801280CD100F082FD90
:1062900009E0FAF719F803900020084941F82400B2
:1062A0000398FAF715F83046C6E7FFE70398FAF7C0
:1062B0000FF82820C0E70000D9000020F873012063
:1062C000E6000020704700002DE9F0410546002758
:1062D0004748007810B14020BDE8F0813F2D01D142
:1062E0003E20F9E7F9F7F0FF0746FF2D03D14148BB
:1062F000006890F83250404850F8254024B938469C
:10630000F9F7E6FF4320E7E7012C04D13846F9F717
:10631000DFFF3D20E0E714F8340F3849085C61786E
:1063200088432178354A505414F834091146085CE2
:1063300030B994F8361032480078884330490870F4
:10634000E06918B12046E16900F04CFB666A16B1BD
:10635000304600F0D5FB0020E06284F8300084F87D
:10636000310028480078FF2804D226480078401CD5
:10637000244908703846F9F7ABFF00F0F0FAF9F756
:10638000A3FF07461F48007820B11E480078401E32
:106390001C490870204600F041F81B480078401E58
:1063A000194908700020144941F82500A06930B946
:1063B00000206169886115496069086005E0D4E9D9
:1063C00005014861D4E905108861114800686061E1
:1063D0000F4804600FA0E0643846F9F779FF0E48D3
:1063E0000078012801D100F0D5FC002074E70000FE
:1063F000D9000020EC000020F8730120DE0000200E
:10640000DD000020DA000020E7000020F800002076
:10641000F00000203F000000E600002070477047B9
:106420002DE9F04106460F4614464FF00008154886
:10643000007818B112202070BDE8F081F9F744FF10
:106440008046FF2E03D11048006890F832600F4854
:1064500050F826502DB94046F9F73AFF43202070F6
:10646000EAE7012D05D14046F9F732FF43202070BD
:10647000E2E7EF644046F9F72BFF0020207000BFF1
:10648000DAE70000D9000020EC000020F8730120BA
:10649000704770472DE9F04707460D464FF0000A58
:1064A000002028606860F9F70FFF8246FF2F03D1B4
:1064B0001948006890F83270184850F827402CB9F5
:1064C0005046F9F705FF4320BDE8F087012C04D1C1
:1064D0005046F9F7FDFE4320F6E7207C00F001006E
:1064E00020B95046F9F7F4FE4520EDE70026D4F830
:1064F0000C90D4F808805046F9F7EAFE00E0761CCC
:1065000058F8041B0029FAD0B0002860A9EB060057
:10651000800068600020D7E7EC000020F8730120BD
:1065200070B5044610460026051F28462E604FF41D
:106530008056051F28462E601526051F28462E600A
:106540001426051F28462E601326051F28462E6098
:106550001226051F28462E601126051F28462E608C
:106560001026051F28462E600926051F28462E6086
:106570000826051F28462E600726051F28462E6080
:106580000626051F28462E600526051F28462E6074
:106590000426051F28462E600326051F28462E6068
:1065A0000226051F28462E600126051F28462E605C
:1065B0000026051F28462E604FF080750560051FD8
:1065C00028462C60414E051F28462E604FF012369B
:1065D000051F28462E604FF00336051F28462E6003
:1065E0004FF00236051F28462E607610051F2846FC
:1065F0002E60051F284629603126051F28462E607B
:106600003026051F28462E602926051F28462E60A5
:106610002826051F28462E602726051F28462E609F
:106620002626051F28462E602526051F28462E6093
:106630002426051F28462E602326051F28462E6087
:106640002226051F28462E602126051F28462E607B
:106650002026051F28462E601926051F28462E6075
:106660001826051F28462E601726051F28462E606F
:106670001626051F28462E604FF01136051F2846A6
:106680002E604FF01036051F28462E604FF0093659
:10669000051F28462E604FF00836051F28462E603D
:1066A0004FF00736051F28462E604FF00636051FAF
:1066B00028462E604FF00536051F28462E604FF005
:1066C0000436051F28462E6070BD0000916F00083B
:1066D0002DE9F04105464FF00008F9F7F5FD804639
:1066E000FF2D05D12048006890F83250012608E0BF
:1066F0001D48006890F83200A84201D1012600E050
:1067000000261A4850F825402CB94046F9F7E0FD1C
:106710004820BDE8F081012C04D14046F9F7D8FDAE
:106720004320F6E794F834701148C05D94F83510B2
:1067300088430F49C8550846C05D30B994F83610F3
:106740000C48007888430B49087094F8300040F0FA
:10675000080084F830004046F9F7BAFD012E01D157
:1067600000F018FB0020D4E7EC000020F8730120B3
:10677000DE000020DD0000207047000070B50546F7
:1067800000261748007800B170BD1648007800B1A7
:10679000FAE71DB3F9F798FD06461348006890F82C
:1067A00034401248005D1049096891F8351088435B
:1067B0000E4908550846005D40B90B48006890F83E
:1067C00036100B480078884309490870064800686D
:1067D000C5623046F9F77CFD00F0DCFA00BFD3E774
:1067E000D9000020DA000020EC000020DE000020AC
:1067F000DD0000202DE9F04105460E4617461C46F7
:106800001248007810B15520BDE8F081104800789A
:1068100008B13220F8E74FF47A7060434FF47A7190
:10682000B0FBF1F14FF461606843C6EB061200EB78
:106830008200384400EB4002C2EBC01001EBC008FC
:106840004046FFF79BFF0020DEE70000D900002054
:10685000DA00002070B50025F9F736FD054603483B
:1068600004682846F9F734FD204670BD0401002075
:1068700070B5002600F072F8F9F726FD064631489B
:106880000068401C2F4908603046F9F721FD2E486A
:106890000078012853D12D48007820B1012804D078
:1068A000022809D103E001250BE0002509E00125BC
:1068B00001202649087004E00125002023490870C2
:1068C00000BF00BF05B970BD2148046833E0F9F787
:1068D000FBFC0646E06A50B3E06A401EE062E06AF4
:1068E00028BB94F8300000F0370040B114F8300FA6
:1068F00000F0C800207001206070303C02E00020F1
:1069000084F8310094F8300000F0080078B934348D
:10691000A0781049097808430E49087020780E497C
:10692000085C6178084314F834190B4A50546469C0
:106930003046F9F7CDFC94F832003F28C7D100BFAC
:10694000C1E7000004010020E6000020FC00002058
:10695000F8000020DD000020DE00002070477047B6
:106960002DE9F04F05460F4690469946A87A1949F9
:106970000E5C05F10B00805D11F800B00BEBC6005A
:1069800000F0FF0A144850F82A4000202034E0604C
:106990002760207C20EA0800207484F81190207C75
:1069A000203C00F0080068B994F836000B490978DB
:1069B00008430A4908700A48805D94F83510084376
:1069C000074988552946204600F00CF85046BDE896
:1069D000F08F00009C710108F8730120DD00002099
:1069E000DE00002010B590F8342001F10B039B5C11
:1069F00090F83540A34301F10B04A35423469B5C5C
:106A000023B98B7A90F83640A3438B7210BD0000F7
:106A100010B51B4A1268D061194A126892F83430D6
:106A200000F10B02D25C164B1B6893F835301A4309
:106A3000134B1B6893F8344000F10B031A55827A0C
:106A40000F4B1B6893F836301A4382720C4A126857
:106A500092F834100B4A525C094B1B6893F835309E
:106A60009A43084B5A541A46525C42B9044A126877
:106A700092F83630044A12789A43034B1A7010BDCC
:106A8000EC000020DE000020DD0000200146002296
:106A90008A72002005E0002301F10B021354421C0E
:106AA000D0B20828F7D370472DE9F04150211148A2
:106AB00000F03EF900250DE0681C86B20D4800EBA1
:106AC000051400EB06170020207067600AA0E06044
:106AD000681C85B2042DEFD3064800EB0514002096
:106AE0002070606004A0E060024804490860BDE8CE
:106AF000F0810000A86F01203F000000C8000020C6
:106B000030B501464A6808682AB9CC68606028B187
:106B10000025456002E0106000B142608B680025EE
:106B20005D6230BD70B5C821114800F001F9002345
:106B30000FE0581C85B203EB83000D4901EB800484
:106B400005EB850001EB8006002020706660581C74
:106B500083B2092BEDD303EB8300054901EB8004DD
:106B600000202070606008460249086070BD000087
:106B7000E06E0120C400002000200A4908600A4994
:106B800008700A4908700A4908700A4908700A49D9
:106B900008600A4908600A4908600A4908600A4909
:106BA0000870704704010020D9000020DA0000209E
:106BB000E7000020E6000020C0000020E8000020E0
:106BC000D4000020D0000020D800002000210A4A74
:106BD0001170002004E00021084A1154411CC8B281
:106BE0000828F8D30021064A1170064A1170064A97
:106BF0001160064A11607047DD000020DE000020B1
:106C0000DB000020DC000020F4000020EC0000206D
:106C100070B54FF47C71194800F08AF84FF4807118
:106C2000174800F085F8002413E0601CC5B2C4EBDF
:106C3000C40000EB4000114901EB8003C5EBC50027
:106C400000EB400001EB80065E610EA0D864601C82
:106C5000C4B20B2CE9D3C4EBC40000EB40000749DD
:106C600001EB80030020586106A0D864002006498B
:106C7000086002480549086070BD0000F8740120F2
:106C8000F87301203F000000F8000020F000002011
:106C900000B587B00320002180220A4BCDE90132E4
:106CA000CDE903104FF6FF703F23074A00900748D5
:106CB000FFF7ACFA06AA06A13F20FFF7B1FB07B029
:106CC00000BD0000F8710120F4730120696F000815
:106CD00075432F4F532D49492049646C65000000CE
:106CE00000B587B00320002180220A4BCDE9013294
:106CF000CDE903104FF6FE703E23074A0090074887
:106D0000FFF784FA06AA06A13E20FFF789FB07B029
:106D100000BD0000F86F0120F4710120A96F000888
:106D200075432F4F532D494920537461740000005F
:106D300004E0002200F8012B4A1E91B20029F8D18C
:106D4000704700002DE9F04178211048FFF7F0FF6F
:106D500000240DE0601C86B204EB44000B4901EBFB
:106D6000C00506EB460001EBC0072F60601C84B233
:106D7000042CEFD304EB4400044901EBC0050020D0
:106D80002860084602490860BDE8F081E8780120E3
:106D90000001002010B50024F9F796FA04461348C4
:106DA0000078F8B912480078E0B900F02DF81148E1
:106DB0001149097850F82100104908600E48007800
:106DC0000F49097888420DD00C480068806B401C40
:106DD0000A49096888630B480068401C0949086033
:106DE000F9F78BFA2046F9F773FA10BDD9000020A5
:106DF000DA000020F8730120DC000020F4000020FD
:106E0000DB000020C00000200649074A1278885C99
:106E10000649095C034A515C01EBC001044A117048
:106E2000704700009C710108DD000020DE0000209A
:106E3000DC0000202DE9F84F05460F4690469946A4
:106E4000DDE90AAB00200090F9F73EFA00903F48D8
:106E50000468002C74D0183454F8040C3B490860C2
:106E60000098F9F735FA44F8187CA57600202076CA
:106E70006076606144F814BC44F80CAC44F8108CA3
:106E80000C9824F8080C24F8069C0020E077E81001
:106E9000207705F00700E076217F01208840A07769
:106EA000E17E01208840607700206060E060A060A3
:106EB0002062A0626062E062206325A06063183CEB
:106EC000002606E0002104F1500040F82610701C56
:106ED000C6B2002EF6D02046FFF746F92046FFF74F
:106EE000F1F9F9F7F1F900901A4840F825401A48ED
:106EF000006860610020A0611748006810B1164862
:106F000000688461144804603434A0781349097817
:106F100008431249087020781149085C61780843D9
:106F200014F834190E4A50540E480078401C0D498C
:106F300008700098F9F7CCF90020BDE8F88FFFE75A
:106F40000098F9F7C5F94220F7E70000F0000020AB
:106F50003F000000F8730120F8000020DD00002051
:106F6000DE000020E7000020002400BF00BFF9F78A
:106F7000ABF9044605480068401C044908602046F7
:106F8000F9F7A6F9FFF74BFAF1E70000E800002057
:106F900010B504480068FFF77BFAFF20FFF794F96B
:106FA00010BD0000EC000020002400BF02E0C8205B
:106FB000FFF7E4FB194800780028F8D0184800686B
:106FC0006421B0FBF1F0164908600846006828B952
:106FD000002014490870FF20FFF77AFB00BFF9F783
:106FE00073F90446104800681049086000200E49F3
:106FF00008602046F9F76CF90C48006808490968F0
:10700000B0FBF1F0C0F1640006490870FFF741FAE7
:1070100000F00EF86420FFF7B1FBE0E7D800002095
:10702000D0000020CC000020E8000020D400002088
:107030007CB5002514E069462846FFF72BFA064682
:1070400066B9094850F8254044B1012C06D0D4E96E
:10705000020100EB810060640198A064681CC5B265
:107060003F2DE8D97CBD0000F873012002F0010338
:1070700043B102F002032BB102E0491E002308C015
:107080000029FAD1704700000EB5002002900121BE
:10709000062000F0BDF80220009000208DF80400CA
:1070A00001208DF8070069461B48FAF751FA4FF4A2
:1070B0000050009001208DF8040003208DF8050099
:1070C00000208DF8060069461448FAF741FAF9F7EE
:1070D00065FD00201249086064200DF097F9012039
:1070E0001049C1F8B40264200DF090F9012000F0BD
:1070F00052F8012202A94FF4506000F01BF89DF8ED
:10710000081009A0F9F746F99DF80800802801D178
:1071100000200EBD0120FCE70004024000080240F0
:10712000B4024142000041424354502049443A25B0
:10713000780D0A002DE9F04105460F461646F9F78D
:10714000E9FDB220F9F7B4FDF9F72EFE2812F9F7A0
:10715000AFFDF9F729FEE8B2F9F7AAFDF9F724FE29
:10716000F9F7D8FDB320F9F7A3FDF9F71DFE0024C8
:107170000BE0711EA14201D0012100E00021084670
:10718000F9F762FD3855601CC4B2B442F1DBF9F77F
:10719000E7FDBDE8F08138B50446002000900CB151
:1071A00080200090012269464FF4506000F001F801
:1071B00038BD2DE9F04104460E4617464FF0000851
:1071C000F9F7A8FDB220F9F773FDF9F7EDFD2012EC
:1071D000F9F76EFDF9F7E8FDE0B2F9F769FDF9F7A7
:1071E000E3FD00250BE0705DF9F762FDF9F7DCFDCA
:1071F0008046B8F1000F00D003E0681CC5B2BD4264
:10720000F1DB00BFF9F7ACFD4046BDE8F0810000BE
:1072100029B1064A12680243044B1A6004E0034A8B
:1072200012688243014B1A607047000030380240F8
:1072300029B1064A12680243044B1A6004E0034A6B
:1072400012688243014B1A607047000038380240D0
:1072500029B1064A12680243044B1A6004E0034A4B
:1072600012688243014B1A607047000044380240A4
:1072700029B1064A12680243044B1A6004E0034A2B
:1072800012688243014B1A607047000024380240A4
:10729000F0B5002100220024022500260223324FEF
:1072A0003F6807F00C0121B1042905D0082937D126
:1072B00005E02E4F076036E02D4F076033E02A4F80
:1072C0003F1F3F68C7F38056274F3F1F3F6807F0B7
:1072D0003F036EB1264FB7FBF3F7DFF88CC0ACF17C
:1072E000040CDCF800C0CCF3881C07FB0CF40CE0A9
:1072F0001E4FB7FBF3F7DFF870C0ACF1040CDCF8FD
:1073000000C0CCF3881C07FB0CF4174F3F1F3F68ED
:10731000C7F301477F1C7D00B4FBF5F7076002E06F
:10732000124F076000BF00BF0F4F3F6807F0F0012A
:107330000909104F7A5C0768D74047600A4F3F68D9
:1073400007F4E051890A0B4F7A5C4768D7408760A1
:10735000054F3F6807F46041490B064F7A5C476868
:10736000D740C760F0BD0000083802400024F40098
:1073700000127A005E0000207CB505460024002043
:107380000090019000F0E8F800F0007010B10E24B9
:1073900020467CBD3D49098888B26946F9F7EAFF75
:1073A00004460CB12046F4E7012D36D1019800F4D3
:1073B000802000282ED03548008800043449086019
:1073C00037204860402088600020C860A80208611B
:1073D000084600F0FFF83720F9F72AFD04460CB103
:1073E0002046D6E702202A4908600620486040204F
:1073F00088600020C8604FF480600861084600F093
:10740000E9F80620F9F714FD04460CB12046C0E760
:107410002046BEE725242046BBE7019800F48030D3
:1074200078B31A480088000419490860372048607A
:10743000402088600020C8604FF4806008610846E2
:1074400000F0C8F83720F9F7F3FC04460CB12046E9
:107450009FE700200E4908600620486040208860B1
:107460000020C8604FF480600861084600F0B2F860
:107470000620F9F7DDFC04460CB1204689E72046DA
:1074800087E7FFE72524204683E70000500000201F
:10749000702900200149086070470000382C014025
:1074A0000149086070470000382C0140014908601C
:1074B00070470000A08025420146034A106820F072
:1074C000FF00084310607047042C01400149086028
:1074D000704700008C85254200210B4B02681A6022
:1074E0001B1D42681A601A1D116821F0F701D0E9CE
:1074F00002231A4303691A4343691A431143024A98
:107500000832116070470000242C014010B50121A1
:10751000C802FFF7ADFE00214FF40060FFF7A8FEA0
:1075200010BD000001480068C0B27047102C014037
:1075300001460020034A12680A400AB1012000E017
:1075400000207047342C01400248006800F003001E
:1075500070470000002C014008B501460020009053
:107560000248084400900098006808BD142C0140AF
:1075700010B500F049FC10BD29B1064A126802435B
:10758000044B1A6004E0034A12688243014B1A60FC
:10759000704700003C2C014000210A4A116847F660
:1075A000FF629143027D83681A4343681A43C368AC
:1075B0001A4303681A4303691A431143014A1160CD
:1075C00070470000042C014001480068704700002B
:1075D000802C01400021094B02681A601A1D1168B5
:1075E0006FF30A01D0E901231A43C3681A43036900
:1075F0001A431143014A121D11607047082C0140C3
:107600000149086070470000002C014070B590B03F
:1076100004460E46154600BF1A48F9F798FD0028A3
:10762000FAD11848F9F7DCFC4FF0006001901648D9
:107630000290039404950020059006904FF480601A
:107640000790800008908000099000200A904FF475
:1076500040300B9004200C9003200D904FF400005C
:107660000E9080100F9001A90648F9F77BFD2021AC
:107670000448F9F761FD01210248F9F7A5FC10B0B3
:1076800070BD000058640240802C014070B5044673
:10769000002520480078032802D12725284670BD00
:1076A0001C48007838B11B480078012803D01948DD
:1076B000007802282CD1B4F5805F02D12725284616
:1076C000EDE7B4F5006F13D10120FFF755FE054635
:1076D000F5B90020104908750860486088604FF4CB
:1076E0000060C860002008610846FFF755FF0FE002
:1076F0000020FFF741FE054655B9002006490875F0
:10770000086048608860C86008610846FFF744FF69
:107710002846C4E74C00002058290020F0B5014657
:1077200000200022BE4B1B7881F85630BD4B1B88D1
:10773000A1F85430BC4B1B681A0E93090B70C2F3AE
:1077400083034B7002F003038B70B74B1B68C3F3CA
:107750000742CA70B44B1B88C3F307220A71B24BAD
:107760001A784A715B681A0E1301CB80AE4B5B68C6
:10777000C3F30742CB8843EA1213CB8002F00F0316
:107780000B72A94B9B88C3F30722D3094B72C2F338
:1077900080138B72C2F34013CB72C2F300130B73CE
:1077A00000234B739E4B1B783BB19D4B1B78012BE9
:1077B00003D09B4B1B78032B4FD193071B0D0B6101
:1077C000994B1A790B6943EA82030B61964B9B68CC
:1077D0001A0E0B6943EA92130B61C2F3C2030B75D5
:1077E00002F007034B75904B9B68C3F307425309A4
:1077F0008B75C2F38203CB7593075B0F0B768A4BB5
:107800001B89C3F307220B7E43EAD2130B760B6965
:107810005B1C0024C1E912340B7ED1E912569B1C7B
:10782000012404FA03F3DC17A5FB037C06FB03C366
:1078300005FB0433C1E912730C7A0123A3400B65E5
:107840000024D1E912650B6DA6FB037C05FB03C385
:1078500006FB0433C1E912732EE0714B1B78022B37
:107860002AD1714B1A7993069B0A0B616E4B9B6868
:107870001A0E0B6943EA02230B616B4B9B68C3F33F
:1078800007420B6913430B61674B1B89C3F3072244
:107890000B695B1C4FF40074A3FB04464FF4806338
:1078A0000025A4FB037C06FB03C304FB0533C1E9ED
:1078B00012734FF400730B65C2F3801301F8193F84
:1078C00093065B0E4B70584B1A7A4B7843EAD213EF
:1078D0004B7002F07F038B70534BDB681A0ED30999
:1078E000CB70C2F341130B71C2F382034B71930748
:1078F0001B0F8B714C4BDB68C3F307428B7943EA58
:1079000092138B71C2F34013CB7100230B7202F000
:1079100001034B72444B9B89C3F30722D3098B723B
:10792000C2F38013CB72C2F340130B73C2F3001384
:107930004B73C2F381038B7302F00303CB733A4B97
:107940001A7B53080B7401234B74384B1B681A0EB7
:10795000CA741939354B1B68C3F307421402CC852E
:10796000324B1B88C3F30722CB8D1343CB852F4BA0
:107970001A7814060C635B681A0E0B6B43EA024418
:107980000C632A4B5B68C3F307420B6B43EA022488
:107990000C63264B9B88C3F307220B6B13430B63CB
:1079A000224B1A7934235A54204B9B681A0E3523E4
:1079B0005A541E4B9B68C3F3074214068C631B4B3F
:1079C0001B89C3F307228B6B43EA02448C63174B7A
:1079D0001A7A8B6B43EA02248C63144BDB681A0E11
:1079E0008B6B13438B63114BDB68C3F307423C2360
:1079F0005B5C43EA12143C235C5413071C0DCC87D8
:107A00000A4B9B89C3F30722CB8F1343CB87074BCA
:107A10001A7B540840235C54012441235C54F0BD7C
:107A20004C000020500000209C290020AC290020A0
:107A30003EB5002401213E48FFF7EAFB0121C802C0
:107A4000FFF706FC0121C802FFF712FC4FF47C503F
:107A5000019002208DF808008DF8090001208DF8B2
:107A60000B0001A93348F9F773FD0420019001A927
:107A70003148F9F76DFD0C2208212E48F9F7B0FDC9
:107A80000C2209212B48F9F7ABFD0C220A212948C9
:107A9000F9F7A6FD0C220B212648F9F7A1FD0C22CF
:107AA00011462448F9F79CFD0C2202212248F9F7DF
:107AB00097FD00214FF40060FFF7DAFB00F00AFDAC
:107AC000FFF724FD31208DF8000000208DF8010023
:107AD0008DF8020001208DF803006846FEF704F9D6
:107AE00000F0CEF8044614B900F02CF804461CB996
:107AF0001248FFF713FE044634B91049B1F8541088
:107B0000080400F003FD044624B94FF40060FFF7B9
:107B1000BDFD04461CB10A480078032806D10020A8
:107B2000FFF7CAFC002000F00BFD044620463EBDD6
:107B30000C00400000080240000C0240C029002058
:107B40004C00002038B5002401200090FFF7FCFC19
:107B500010B92524204638BD44480078042828D090
:107B600000204349086002204860C020886000204F
:107B7000C8604FF4806008610846FFF72BFDF9F7F5
:107B80006DF904460CB12046E5E70020FFF7E4FC60
:107B9000384908600420FFF7DFFC364948600820B8
:107BA000FFF7DAFC334988600C20FFF7D5FC314938
:107BB000C8602E48007858B12C480078012807D0BA
:107BC0002A480078062803D028480078022816D1D1
:107BD000002027490860032048604020886000207A
:107BE000C8604FF4806008610846FFF7F3FC6946FF
:107BF0000320F9F775F904460CB12046ABE71B48A2
:107C0000007804282ED0BDF800001B490860BDF89C
:107C1000000000041649086009204860C020886000
:107C20000020C8604FF4806008610846FFF7D2FC6E
:107C3000F9F714F904460CB120468CE70020FFF751
:107C40008BFC0E4908600420FFF786FC0B49486056
:107C50000820FFF781FC094988600C20FFF77CFCB5
:107C60000649C8600024204675E700004C0000204B
:107C700070290020AC290020500000209C29002001
:107C80002DE9F0410024002600250027A04676209B
:107C9000594908750020086048608860C86008611C
:107CA0000846FFF779FC0320FFF7AAFC0120FFF745
:107CB000FDFB00205149086048608860C8604FF4AF
:107CC000806008610846FFF785FCF9F79BF80446D9
:107CD00014B12046BDE8F0814FF4D57047490860E3
:107CE00008204860402088600020C8604FF4806011
:107CF00008610846FFF76EFCF9F740F904462CB915
:107D000001203F4908704FF0804812E000203B49B5
:107D1000086037204860402088600020C8604FF429
:107D2000806008610846FFF755FC3720F9F780F8B6
:107D300004460020314908603720486040208860B0
:107D40000020C8604FF4806008610846FFF742FCDD
:107D50003720F9F76DF80446002C4AD136E00020B0
:107D60002649086037204860402088600020C860AD
:107D70004FF4806008610846FFF72CFC3720F9F7C4
:107D800057F804460CB12046A4E71E4848EA000014
:107D90001A49086029204860402088600020C86097
:107DA0004FF4806008610846FFF714FCF9F77CF88F
:107DB00004460CB120468DE70020FFF7CDFB0646B8
:107DC000012080EAD67080F001076D1C1FB94FF6C4
:107DD000FF708542C3D34FF6FF70854202D31B2448
:107DE000204677E706F08040061E02D002200449B4
:107DF000087020466EE700005829002070290020F6
:107E00004C0000200000108010B5114800780128B7
:107E10000CD100200F49086040F24C40091D086059
:107E20000C20F9F705F80C49087002E000200A4917
:107E300008704FF48070FFF733FB00214FF480701F
:107E4000FFF79AFB0120054908700348007810BD30
:107E500055000020082C014056000020570000204B
:107E60002DE9F84F8146174698460A9C4FF0000AC4
:107E7000D3464D464FF0FF36B9F1000F02D1262010
:107E8000BDE8F88F002095490860954800780228E1
:107E900005D10402780A40EAC8574FEA6828002052
:107EA000904988604860401E0860012048610020B9
:107EB000C86008610846FFF70FFB8848183800685B
:107EC00000F0007008B10E20DAE7002C21DDB4F5D7
:107ED000006F1EDC601E2040D8B920460CF062FA0C
:107EE00000908148046010207F49486040208860ED
:107EF0000020C8604FF4806008610846FFF76AFB05
:107F00001020F8F795FF8246BAF1000F03D05046D3
:107F1000B6E72620B4E70098000172498860084659
:107F200044604FF0FF300860012048610220C860C3
:107F3000002008610846FFF7CFFA6B480760112060
:107F400069494860402088600020C8604FF4806024
:107F500008610846FFF73EFB1120F8F769FF8246EB
:107F6000BAF1000F01D050468AE760480078002837
:107F70007AD1F8F782F919E058480830006800F41F
:107F8000004078B14FF0000B06E0544854300068D0
:107F900045F82B000BF1010BBBF1080FF5D3203591
:107FA000534E03E00EB904206AE7761E4B480830B2
:107FB000006840F22A6108400028DDD047480830B8
:107FC000006800F0080048B144480C30006840F0F8
:107FD000080042490C310860042051E73F4808304E
:107FE000006800F0020048B13C480C30006840F0E6
:107FF00002003A490C310860022041E73748083056
:10800000006800F0200048B134480C30006840F0AF
:10801000200032490C310860062031E72F48083033
:10802000006800F4007048B12C480C30006840F43F
:1080300000702A490C310860072021E704E0274836
:108040005430006828602D1D24480830006800F472
:1080500000100028F3D1F8F712F940F2FF501F4941
:108060000C31086037E0FFE720480078012832D162
:1080700000202049087020490870204908701748DE
:108080001030006840F22A3108431449103108606A
:108090001248006840F0080010490860002221469C
:1080A0004846FFF7B3FA00E0761E1548006800F076
:1080B000006038B91148007820B90E48007808B936
:1080C000002EF1D10EB90420DAE60A48007810B18A
:1080D000084890F800A05046D2E600002C2C014041
:1080E0004C0000208429002070290020540000202A
:1080F000FFFF070056000020550000205700002019
:10810000006402402DE9FE4F83460E469146002052
:108110000290002534462148007818B1680240EAF0
:10812000D45564020BF00300F0B14FF0000A18E0E0
:108130004FF4007000904FEA4A20071945EBE073B6
:108140003A461748FFF78CFE02904FF4007214492C
:108150005846F8F7DBF90BF5007B0AF1010000F057
:10816000FF0ACA45E4DB16E0B9F1010F09D14FF46B
:10817000007022462B4600905846FFF771FE029091
:1081800009E04FF4007022462B46CDE9000958461D
:1081900000F008F802900298BDE8FE8F4C00002025
:1081A000182A00202DE9FF5F17469846DDE90E46A4
:1081B0004FF00009CA464FF0FF35BB4900980860F0
:1081C0000020BA490860BA480078022805D10402A4
:1081D000780A40EAC8574FEA68280020B549886005
:1081E0004860401E0860012048610020C8600861A6
:1081F0000846FFF771F9AD481838006800F00070C4
:1082000018B10E2004B0BDE8F09F002C21DDB4F5BC
:10821000006F1EDC601E2040D8B920460CF0C2F86A
:108220008346A54804601020A34948604020886028
:108230000020C8604FF4806008610846FFF7CAF963
:108240001020F8F7F5FD8146B9F1000F03D048463C
:10825000D8E72620D6E7012E70D906FB04F0B0F14E
:10826000007F01D32620CDE74FEA0B1091498860AB
:1082700006FB04F048604FF0FF30086001204861C1
:108280000220C860002008610846FFF725F98A48E7
:108290000760122088494860402088600020C8603C
:1082A0004FF4806008610846FFF794F91220F8F750
:1082B000BFFD8146B9F1000F01D04846A2E77F48D3
:1082C000007800287ED1F7F7D8FF1FE07748083004
:1082D000006800F40040A8B14FF0000A08E07348BD
:1082E000543000687049096841F82A000AF1010A0F
:1082F000BAF1080FF3D36C48006820306A4908606F
:108300006F4D03E00DB904207CE76D1E674808300F
:10831000006840F22A3108400028D7D0634808306E
:10832000006800F0080050B160480C30006840F070
:1083300008005E490C310860042063E7B1E05B4847
:108340000830006800F0020048B158480C3000685E
:1083500040F0020055490C310860022052E75348B2
:108360000830006800F0200048B150480C30006828
:1083700040F020004D490C310860062042E74B4890
:108380000830006800F4007048B148480C300068BC
:1083900040F4007045490C310860072032E70AE0DC
:1083A0004248543000684049096808603E48006807
:1083B000001D3D4908603D480830006800F4001089
:1083C000002800E031E0EBD138480830006800F4C4
:1083D000807010B33648007838B1354800780128ED
:1083E00003D033480078022817D1002032490860B2
:1083F0000C204860402088600020C8604FF48060F6
:1084000008610846FFF7E6F80C20F8F711FD8146F1
:10841000B9F1000F01D04846F4E6F7F730FF40F21B
:10842000FF5022490C3108603BE0244800780128C5
:1084300037D100202349087001202349087000200B
:108440002249087019481030006840F22A31084368
:108450001649103108601548006840F008001349BB
:10846000086006FB04F100220098FFF7CFF800E057
:108470006D1E1748006800F0006008B9002DF7D1A4
:108480000DB90420BEE600BF1048007818B90D48A9
:1084900000780028F8D00B48007810B1094890F80F
:1084A00000904846AEE60000580000202C2C014009
:1084B0004C00002084290020702900205400002056
:1084C000FFFF070056000020550000205700002045
:1084D0000064024000200B490860091D0860091D66
:1084E0000860091D0860074924310860091D0860FB
:1084F000091D086004480349383108600020091D3F
:1085000008607047002C0140FF07C00070B50446AA
:1085100000250A4804600720084948604020886018
:108520000020C8604FF4806008610846FFF752F8E9
:108530000720F8F77DFC0546284670BD702900200D
:1085400001460020012900D011B9024B197000E04A
:1085500026207047540000202DE9FF5F86B01746A3
:108560009846149D00260020059004900024814622
:108570000390824602900195DDF818B0DDF818B03E
:10858000BBF1000F03D126200AB0BDE8F09F002008
:10859000C5490860C54988604860401E08600120E0
:1085A00048610020C86008610846FEF795FFBE4894
:1085B0001838006800F0007008B10E20E4E7BC48ED
:1085C0000078022805D10502780A40EAC8574FEA28
:1085D0006828002D1FDDB5F5006F1CDC681E2840E3
:1085E000C8B928460BF0DEFE0590B24805601020A1
:1085F000B0494860402088600020C8604FF4806027
:1086000008610846FEF7E6FF1020F8F711FC064661
:108610001EB13046B8E72620B6E7A7480088000418
:10862000A44908600D204860402088600020C86090
:108630004FF4806008610846FEF7CCFF0D20F8F784
:10864000F7FB06460EB130469EE79748183800689B
:1086500003904FF0FF341CE0641E9748008800042C
:10866000944908600D204860402088600020C86060
:108670004FF4806008610846FEF7ACFF0D20F8F764
:10868000D7FB06460EB130467EE7874818380068AB
:108690000390039800F4807008B9002CDCD10CB969
:1086A000292071E7834807601820824948604020EC
:1086B00088600020C8604FF4806008610846FEF7BB
:1086C00089FF1820F8F7B4FB06460EB130465BE789
:1086D00000207A49087005980001744988600846AE
:1086E00045604FF0FF300860012048610020C860FD
:1086F00008610846FEF7F0FE4FF0FF34704800783E
:1087000000287ED1F7F7B9FD45E0674808300068DA
:1087100000F48040D0B30198A0EB0900202822D2B9
:108720000198A0EB090000F0030020B90198A0EB2C
:108730000900800804E00198A0EB09008008401CB3
:1087400002904FF0000A0AE057495431DBF800006C
:1087500008600AF1010A0BF1040B09F104090298FF
:108760008245F1D310E04FF0000A06E05BF82A00E2
:108770004D49543108600AF1010ABAF1080FF5D3E6
:108780000BF1200B09F120094E4C04E0FFE70CB976
:108790000420F9E6641E44480830006840F21A617B
:1087A00008400028B1D00820FEF7C2FE20B1082002
:1087B000FEF770FE0420E7E60220FEF7B9FE20B1C6
:1087C0000220FEF767FE0220DEE61020FEF7B0FE74
:1087D00020B11020FEF75EFE0520D5E64FF40070B4
:1087E000FEF7A6FE30B14FF40070FEF753FE0720EF
:1087F000CAE606E0F7F743FD40F2FF50FEF74AFEF7
:108800003AE02F480078012836D100202E49087020
:108810002A4908702D490870012140F21A30FEF7EC
:10882000ABFE402229460698FEF7F0FE0120FEF737
:108830004DFE00E0641E2648006800F0006008B9A4
:10884000002CF7D11CB9FFF7F3F804209CE64FF099
:10885000FF3400E0641E1D48007820B91A480078F3
:1088600008B9002CF6D10CB904208DE61648007822
:1088700010B11548007887E640F2FF50FEF70AFE77
:1088800004A8FBF7D1FC064603E004A8FBF7CCFCE8
:1088900006463EB99DF810000728F6D09DF8100056
:1088A0000628F2D030466FE62C2C014084290020A7
:1088B0004C000020702900205000002055000020AE
:1088C00054000020FFFF0700560000205700002042
:1088D000006402402DE9FE4F06468946924600207C
:1088E000029000254C462148007818B1680240EA01
:1088F000D455640206F00300F0B14FF0000B18E00D
:108900004FF4007231461A48F7F700FE4FF400703A
:1089100000904FEA4B20071945EBE0733A461448A4
:10892000FFF71AFE029006F500760BF1010000F049
:10893000FF0BD345E4DB16E0BAF1010F09D14FF488
:10894000007022462B4600903046FFF705FE02904D
:1089500009E04FF4007022462B46CDE9000A30466C
:1089600000F008F802900298BDE8FE8F4C0000204D
:10897000182A00202DE9FF5F84B0DDE912470026A8
:10898000002003900290002580468146019007FB5D
:1089900004FBDDF810A0DDF810A0BAF1000F03D140
:1089A000262008B0BDE8F09F0020D8490860D849CB
:1089B00088604860401E0860012048610020C8604F
:1089C00008610846FEF788FDD0481838006800F0B6
:1089D000007008B10E20E4E7CE480078022808D1E4
:1089E0000402DDE90601400A40EAC1504912CDE91E
:1089F0000601002C1FDDB4F5006F1CDC601E20405A
:108A0000C8B920460BF0CEFC0390C3480460102088
:108A1000C1494860402088600020C8604FF48060F1
:108A200008610846FEF7D6FD1020F8F701FA064661
:108A30001EB13046B5E72620B3E7012F6FD907FBFB
:108A400004F0B0F1007F01D32620AAE7B1480078F6
:108A500038B1B0480078012803D0AE480078022829
:108A60002DD1AE4800880004AB490860372048602B
:108A7000402088600020C8604FF48060086108468C
:108A8000FEF7A8FD3720F8F7D3F906460EB13046B9
:108A900087E7A148076017209F4948604020886009
:108AA0000020C8604FF4806008610846FEF792FD20
:108AB0001720F8F7BDF906460EB1304671E7964922
:108AC0000698086019204860402088600020C8602F
:108AD0004FF4806008610846FEF77CFD1920F8F726
:108AE000A7F906460EB130465BE7039800018849B6
:108AF000886007FB04F048604FF0FF3008600120F9
:108B000048610020C86008610846FEF7E5FC84481B
:108B10000078002874D1451EF7F7AFFB42E0DDE096
:108B20007A480830006800F48040B0B3ABEB08002E
:108B300020281FD2ABEB080000F0030018B9ABEB04
:108B40000800800803E0ABEB08008008401C01909F
:108B50004FF000090AE06D495431DAF8000008606E
:108B600009F101090AF1040A08F104080198814594
:108B7000F1D310E04FF0000906E05AF829006349EC
:108B80005431086009F10109B9F1080FF5D30AF170
:108B9000200A08F12008634D04E0FFE70DB9042026
:108BA000FFE66D1E59480830006840F21A3108404F
:108BB0000028B5D00820FEF7BBFC20B10820FEF746
:108BC00069FC0420EDE60220FEF7B2FC20B1022091
:108BD000FEF760FC0220E4E61020FEF7A9FC20B1BD
:108BE0001020FEF757FC0520DBE64FF40070FEF77F
:108BF0009FFC30B14FF40070FEF74CFC0720D0E62C
:108C00002CE04FF48070FEF793FC00B341480078ED
:108C100038B140480078012803D03E480078022847
:108C200015D100203C4908600C2048604020886035
:108C30000020C8604FF4806008610846FEF7CAFC57
:108C40000C20F8F7F5F806460EB13046A9E6F7F71E
:108C500016FB40F2FF50FEF71DFC3FE03048007865
:108C600001283BD100203049087001202F490870AD
:108C700000202F490870012140F21A30FEF77CFCD9
:108C800007FB04F140220498FEF7C0FC0120FEF728
:108C90001DFC4FF0FF3500E06D1E2648006800F017
:108CA000006008B9002DF7D11DB9FEF7C1FE042000
:108CB00077E64FF0FF3500E06D1E1D48007820B9C3
:108CC0001948007808B9002DF6D10DB9042068E6DE
:108CD0001548007810B11448007862E640F2FF5061
:108CE000FEF7D8FB02A8FBF79FFA064603E002A8AE
:108CF000FBF79AFA06463EB99DF808000728F6D019
:108D00009DF808000628F2D030464AE62C2C014097
:108D1000842900204C0000207029002050000020F1
:108D200054000020FFFF07005600002055000020DF
:108D3000570000200064024000B587B001210846BA
:108D4000FEF766FA01210803FEF782FA3820059043
:108D500002208DF8180000208DF81A0003208DF8ED
:108D6000190001208DF81B0005A92248F8F7F0FB37
:108D7000052203211F48F8F733FC052204211D4872
:108D8000F8F72EFC052211461A48F8F729FC0121B4
:108D90000803FEF76DFA00214FF48050FEF768FAE1
:108DA0000020ADF800004FF48270ADF80200002002
:108DB000ADF804000220ADF806000120ADF808006F
:108DC0004002ADF80A003820ADF80C000020ADF8E4
:108DD0000E000720ADF810006946074800F058F86B
:108DE0000121054800F03AF8FF2000F007F807B02D
:108DF00000BD0000000402400030014010B50446F0
:108E000000BF02210A4800F035F80028F9D02146B9
:108E1000074800F03BF800BF0121054800F02AF8A0
:108E20000028F9D0024800F02EF8C0B210BD0000B2
:108E30000030014010B50446074800884FF6C7715E
:108E40000840054908800846008820430880012121
:108E5000014800F003F810BD0030014021B1028844
:108E600042F04002028004E002884FF6BF731A40CD
:108E7000028070470246002013890B400BB101208D
:108E800000E0002070470146888970478181704763
:108E900010B50022028802F441520B884C8823430B
:108EA0008C882343CC8823430C8923434C89234358
:108EB0008C892343CC8923431A430280838B4FF24E
:108EC000FF74234083830B8A038210BD7047000028
:108ED0000CB50020019000903448006840F48030C8
:108EE0003249086000BF3148006800F4003000904B
:108EF0000198401C0190009818B90198B0F5A04F56
:108F0000F1D12A48006800F4003010B1012000902F
:108F100001E0002000900098012846D1234840300D
:108F2000006840F0805021494031086020480068C6
:108F300040F440401E4908601C48083000681B4946
:108F4000083108600846006840F4004008600846A0
:108F5000006840F4A05008601648091F0860081F08
:108F6000006840F08070091F086000BF0F4800686B
:108F700000F000700028F9D040F205700E4908603A
:108F80000A480830006820F00300084908310860EA
:108F90000846006840F00200086000BF034808303F
:108FA000006800F00C000828F8D10CBD0038024021
:108FB0000070004008544007003C0240042808D1DB
:108FC0004FF0E021096941F004014FF0E022116106
:108FD00007E04FF0E021096921F004014FF0E022A1
:108FE0001161704710B5FCF7DDFEFDF741FCFCF7A1
:108FF000EBFE10BD10B51548006840F47000134931
:1090000008601348006840F0010011490860002022
:109010000F49083108600E4800680E4908400C49A5
:1090200008600D48091D0860081F006820F48020B2
:10903000091F0860002006490C310860FFF748FF4F
:109040004FF0006001498039086010BD88ED00E0F4
:1090500000380240FFFFF6FE1030002400B5A1B03A
:109060000020209001217A20FEF7D2F80121084645
:10907000FEF7DEF802201E9001208DF87C00002013
:109080008DF87E0002208DF87D0001208DF87F0094
:109090001EA9FE48F8F75CFA4EF2B3701E9002204B
:1090A0008DF87C0000208DF87E0003208DF87D0077
:1090B00001208DF87F001EA9F548F8F749FA4FF610
:1090C00080701E9002208DF87C0000208DF87E00BC
:1090D00003208DF87D0001208DF87F001EA9ED484A
:1090E000F8F736FA0C220021E948F8F779FA0C2251
:1090F0000121E748F8F774FA0C220421E448F8F754
:109100006FFA0C220521E248F8F76AFA0C220721CF
:10911000DF48F8F765FA0C220821DD48F8F760FA15
:109120000C220921DA48F8F75BFA0C220A21D84808
:10913000F8F756FA0C220D21D548F8F751FA0C220F
:109140000E21D348F8F74CFA0C220F21D048F8F73B
:1091500047FA0C220721CF48F8F742FA0C220821DF
:10916000CC48F8F73DFA0C220921CA48F8F738FA3A
:109170000C220A21C748F8F733FA0C220B21C54804
:10918000F8F72EFA0C221146C248F8F729FA0C22F9
:109190000D21C048F8F724FA0C220E21BD48F8F73B
:1091A0001FFA0C220F21BB48F8F71AFA0F2008907B
:1091B0000020099018200A9000200B900C900D9030
:1091C0000E900820019000200290082003900020BB
:1091D00004900590069007900F9010901190102029
:1091E00012900020139014901590169017904FF441
:1091F00080501890002019904FF480401A90002061
:109200001B9008A81C9001A81D900FA8F8F73EF825
:1092100001210020F8F720F832200BF0F7F80121A7
:109220000020FCF731FB32200BF0F0F80020FBF7B8
:109230002FFF9949888008468088FF280ADB084666
:1092400080884FF6FF71884204D093488088B0F53B
:10925000134F7CD1D320FCF701FBFBF799FD8E491E
:109260008880FBF795FD8C498880FBF791FD8A4942
:109270008880084680884FF6FF7101EA0020864901
:109280008880FBF785FD8449898808438249888066
:109290000846808849F24131884278D0BF20FCF7E7
:1092A000DDFAFBF775FD7C498880FBF771FD7A4993
:1092B0008880FBF76DFD78498880FBF769FD76496A
:1092C0008880084680884FF6FF7101EA00207249C5
:1092D0008880FBF75DFD7049898808436E49888066
:1092E0000846808846F60401884250D0D420FCF716
:1092F000B5FAFBF74DFD68498880FBF749FD6649E3
:109300008880FBF745FD64498880084680884FF6D1
:10931000FF7101EA002060498880FBF739FD5E4952
:10932000898808435C4988800846808845F2103166
:1093300088422CD04FF45A40FCF790FAFBF728FDF6
:10934000554988804FF45B40FCF788FA00E01EE046
:10935000FBF71EFD50498880084680884FF6FF7154
:1093600001EA00204C4988804FF45C40FCF776FA13
:10937000FBF70EFD4849898808434749888008461D
:109380008088B0F5004F02D145F2105088804248E5
:10939000808849F2413188420BD03F48808845F2AD
:1093A0001031884205D03C48808845F210518842EF
:1093B00008D1032001900220039001210620F7F735
:1093C0004BFF13E03448808846F60401884205D0FC
:1093D000314880884CF20551884207D10A2001901B
:1093E0000C20039001210620F7F736FF2A488188D8
:1093F0002AA0F6F7CFFF2848808849F241318842F9
:109400007DD1CF20FCF72AFA0020FCF71BFA209828
:10941000401C2090C120FCF715FA3020FCF712FA0E
:10942000ED20FCF71BFA6420FCF70CFA0320FCF794
:1094300009FA1220FCF706FA8120FCF703FAE8206B
:10944000FCF70CFA8520FCF7FDF91020FCF7FAF97F
:109450007A20FCF7F7F9CB20FCF700FA3920FCF76B
:10946000F1F92C20FCF7EEF90020FCF7EBF93420A1
:10947000FCF7E8F90220FCF7E5F9F720FCF7EEF934
:109480002020FCF7DFF9EA200EE000000004024093
:10949000000C024000100240442900204C434420AC
:1094A00049443A25780D0A00FCF7D8F90020FCF76A
:1094B000C9F90020FCF7C6F9C020FCF7CFF91B2042
:1094C000FCF7C0F9C120FCF7C9F90120FCF7BAF993
:1094D000C520FCF7C3F93020FCF7B4F93020FCF7C5
:1094E000B1F9C720FCF7BAF9B720FCF7ABF9362081
:1094F000FCF7B4F94820FCF7A5F93A2000E0ABE00E
:10950000FCF7ACF95520FCF79DF9B120FCF7A6F962
:109510000020FCF797F91A20FCF794F9B620FCF725
:109520009DF90A20FCF78EF9A220FCF78BF9F220B6
:10953000FCF794F90020FCF785F92620FCF78EF95A
:109540000120FCF77FF9E020FCF788F90F20FCF7F9
:1095500079F92A20FCF776F92820FCF773F908201E
:10956000FCF770F90E20FCF76DF90820FCF76AF99A
:109570005420FCF767F9A920FCF764F94320FCF7B5
:1095800061F90A20FCF75EF90F20FCF75BF9002077
:10959000FCF758F90020FCF755F90020FCF752F9C8
:1095A0000020FCF74FF9E120FCF758F90020FCF708
:1095B00049F91520FCF746F91720FCF743F9072075
:1095C000FCF740F91120FCF73DF90620FCF73AF9C9
:1095D0002B20FCF737F95620FCF734F93C20FCF738
:1095E00031F90520FCF72EF91020FCF72BF90F209C
:1095F000FCF728F93F20FCF725F93F20FCF722F97A
:109600000F20FCF71FF92B20FCF728F90020FCF7AE
:1096100019F90020FCF716F90120FCF713F93F2097
:10962000FCF710F92A20FCF719F90020FCF70AF9D9
:109630000020FCF707F90020FCF704F9EF20FCF705
:1096400001F91120FCF70AF978200AF0DFFE292041
:10965000FCF704F903F05CB8FE48808846F6040184
:1096600088427CD11120FCF7F9F814200AF0CEFED4
:10967000D020FCF7F3F80720FCF7E4F84220FCF7D1
:10968000E1F81D20FCF7DEF8D120FCF7E7F8002018
:10969000FCF7D8F81A20FCF7D5F80920FCF7D2F827
:1096A000D220FCF7DBF80120FCF7CCF82220FCF7F5
:1096B000C9F8C020FCF7D2F81020FCF7C3F83B2013
:1096C000FCF7C0F80020FCF7BDF80220FCF7BAF860
:1096D0001120FCF7B7F8C520FCF7C0F80320FCF711
:1096E000B1F8C820FCF7BAF80020FCF7ABF8252049
:1096F000FCF7A8F82120FCF7A5F80520FCF7A2F854
:109700000020FCF79FF80A20FCF79CF86520FCF786
:1097100099F82520FCF796F87720FCF793F850206D
:10972000FCF790F80F20FCF78DF80020FCF78AF882
:10973000F820FCF793F80120FCF784F8FE20FCF7F2
:109740008DF80020FCF77EF80220FCF77BF8202043
:10975000FCF784F83620FCF781F8082000E02CE0C4
:10976000FCF770F83A20FCF779F85520FCF76AF816
:109770002B20FCF773F80020FCF764F80020FCF7BE
:1097800061F80120FCF75EF83F20FCF75BF82A2027
:10979000FCF764F80020FCF755F80020FCF752F8BD
:1097A0000120FCF74FF8DF20FCF74CF878200AF096
:1097B0002DFE2920FCF752F84CE7A648808845F298
:1097C0001031884240F07C87ED20FCF747F80120FB
:1097D000FCF738F8FE20FCF735F8EE20FCF73EF8F1
:1097E000DE20FCF72FF82120FCF72CF8F120FCF705
:1097F00035F80120FCF726F8DF20FCF72FF81020C1
:10980000FCF720F8C420FCF729F88F20FCF71AF8A1
:10981000C620FCF723F80020FCF714F8E220FCF740
:1098200011F8E220FCF70EF8E220FCF70BF8BF205D
:10983000FCF714F8AA20FCF705F8B020FCF70EF8A6
:109840000D20FBF7FFFF0020FBF7FCFF0D20FBF7CF
:10985000F9FF0020FBF7F6FF1120FBF7F3FF0020D4
:10986000FBF7F0FF1920FBF7EDFF0020FBF7EAFF05
:109870002120FBF7E7FF0020FBF7E4FF2D20FBF79B
:10988000E1FF0020FBF7DEFF3D20FBF7DBFF0020C0
:10989000FBF7D8FF5D20FBF7D5FF0020FBF7D2FFD9
:1098A0005D20FBF7CFFF0020FBF7CCFFB120FBF7DB
:1098B000D5FF8020FBF7C6FF0020FBF7C3FF8B20FE
:1098C000FBF7C0FF0020FBF7BDFF9620FBF7BAFFB8
:1098D0000020FBF7B7FFB220FBF7C0FF0020FBF72B
:1098E000B1FF0020FBF7AEFF0220FBF7ABFF00202B
:1098F000FBF7A8FF0320FBF7A5FF0020FBF7A2FF63
:10990000B320FBF7ABFF0020FBF79CFF0020FBF729
:1099100099FF0020FBF796FF0020FBF793FF002044
:10992000FBF790FF0020FBF78DFF0020FBF78AFF7D
:109930000020FBF787FF0020FBF784FF0020FBF7E8
:1099400081FF0020FBF77EFF0020FBF77BFF00205C
:10995000FBF778FF0020FBF775FF0020FBF772FF95
:109960000020FBF76FFF0020FBF76CFF0020FBF7E8
:1099700069FF0020FBF766FF0020FBF763FF002074
:10998000FBF760FF0020FBF75DFF0020FBF75AFFAD
:109990000020FBF757FFB420FBF760FF8B20FBF79D
:1099A00051FF0020FBF74EFF9620FBF74BFF0020F6
:1099B000FBF748FFA120FBF745FF0020FBF742FF24
:1099C000B520FBF74BFF0220FBF73CFF0020FBF725
:1099D00039FF0320FBF736FF0020FBF733FF04209D
:1099E000FBF730FF0020FBF72DFFB620FBF736FF1B
:1099F0000020FBF727FF0020FBF724FFB720FBF731
:109A00002DFF0020FBF71EFF0020FBF71BFF3F2070
:109A1000FBF718FF0020FBF715FF5E20FBF712FF96
:109A20000020FBF70FFF6420FBF70CFF0020FBF783
:109A300009FF8C20FBF706FF0020FBF703FFAC209B
:109A4000FBF700FF0020FBF7FDFEDC20FBF7FAFE32
:109A5000002001E044290020FBF7F4FE7020FBF712
:109A6000F1FE0020FBF7EEFE9020FBF7EBFE00205E
:109A7000FBF7E8FEEB20FBF7E5FE0020FBF7E2FE3C
:109A8000DC20FBF7DFFE0020FBF7DCFEB820FBF755
:109A9000E5FE0020FBF7D6FE0020FBF7D3FE0020FA
:109AA000FBF7D0FE0020FBF7CDFE0020FBF7CAFE3F
:109AB0000020FBF7C7FE0020FBF7C4FE0020FBF7E9
:109AC000C1FEBA20FBF7CAFE2420FBF7BBFE002034
:109AD000FBF7B8FE0020FBF7B5FE0020FBF7B2FE57
:109AE000C120FBF7BBFE2020FBF7ACFE0020FBF7FC
:109AF000A9FE5420FBF7A6FE0020FBF7A3FEFF20E3
:109B0000FBF7A0FE0020FBF79DFEC220FBF7A6FEA0
:109B10000A20FBF797FE0020FBF794FE0420FBF7DA
:109B200091FE0020FBF78EFEC320FBF797FE3C2042
:109B3000FBF788FE0020FBF785FE3A20FBF782FE4C
:109B40000020FBF77FFE3920FBF77CFE0020FBF7AF
:109B500079FE3720FBF776FE0020FBF773FE3C20F2
:109B6000FBF770FE0020FBF76DFE3620FBF76AFE68
:109B70000020FBF767FE3220FBF764FE0020FBF7B6
:109B800061FE2F20FBF75EFE0020FBF75BFE2C2022
:109B9000FBF758FE0020FBF755FE2920FBF752FE8D
:109BA0000020FBF74FFE2620FBF74CFE0020FBF7C2
:109BB00049FE2420FBF746FE0020FBF743FE24204D
:109BC000FBF740FE0020FBF73DFE2320FBF73AFEAB
:109BD0000020FBF737FE3C20FBF734FE0020FBF7AC
:109BE00031FE3620FBF72EFE0020FBF72BFE322045
:109BF000FBF728FE0020FBF725FE2F20FBF722FEB7
:109C00000020FBF71FFE2C20FBF71CFE0020FBF7BB
:109C100019FE2920FBF716FE0020FBF713FE262075
:109C2000FBF710FE0020FBF70DFE2420FBF70AFED9
:109C30000020FBF707FE2420FBF704FE0020FBF7C3
:109C400001FE2320FBF7FEFD0020FBF7FBFDC420F7
:109C5000FBF704FE6220FBF7F5FD0020FBF7F2FDA9
:109C60000520FBF7EFFD0020FBF7ECFD8420FBF760
:109C7000E9FD0020FBF7E6FDF020FBF7E3FD002007
:109C8000FBF7E0FD1820FBF7DDFD0020FBF7DAFD18
:109C9000A420FBF7D7FD0020FBF7D4FD1820FBF72D
:109CA000D1FD0020FBF7CEFD5020FBF7CBFD0020BF
:109CB000FBF7C8FD0C20FBF7C5FD0020FBF7C2FD3C
:109CC0001720FBF7BFFD0020FBF7BCFD9520FBF73D
:109CD000B9FD0020FBF7B6FDF320FBF7B3FD002034
:109CE000FBF7B0FDE620FBF7ADFD0020FBF7AAFD7A
:109CF000C520FBF7B3FD3220FBF7A4FD0020FBF7E6
:109D0000A1FD4420FBF79EFD0020FBF79BFD652095
:109D1000FBF798FD0020FBF795FD7620FBF792FD01
:109D20000020FBF78FFD8820FBF78CFD0020FBF760
:109D300089FDC620FBF792FD2020FBF783FD002064
:109D4000FBF780FD1720FBF77DFD0020FBF77AFD78
:109D50000120FBF777FD0020FBF774FDC720FBF720
:109D60007DFD0020FBF76EFD0020FBF76BFD002062
:109D7000FBF768FD0020FBF765FDC820FBF76EFDD3
:109D80000020FBF75FFD0020FBF75CFD0020FBF7E8
:109D900059FD0020FBF756FDC920FBF75FFD0020B1
:109DA000FBF750FD0020FBF74DFD0020FBF74AFDBF
:109DB0000020FBF747FD0020FBF744FD0020FBF7E8
:109DC00041FD0020FBF73EFD0020FBF73BFD00209E
:109DD000FBF738FD0020FBF735FD0020FBF732FDD7
:109DE0000020FBF72FFD0020FBF72CFD0020FBF7E8
:109DF00029FD0020FBF726FD0020FBF723FDE020D6
:109E0000FBF72CFD1620FBF71DFD0020FBF71AFDCC
:109E10001C20FBF717FD0020FBF714FD2120FBF7AA
:109E200011FD0020FBF70EFD3620FBF70BFD002097
:109E3000FBF708FD4620FBF705FD0020FBF702FDC0
:109E40005220FBF7FFFC0020FBF7FCFC6420FBF733
:109E5000F9FC0020FBF7F6FC7A20FBF7F3FC00206E
:109E6000FBF7F0FC8B20FBF7EDFC0020FBF7EAFC96
:109E70009920FBF7E7FC0020FBF7E4FCA820FBF7A8
:109E8000E1FC0020FBF7DEFCB920FBF7DBFC002047
:109E9000FBF7D8FCC420FBF7D5FC0020FBF7D2FC75
:109EA000CA20FBF7CFFC0020FBF7CCFCD220FBF74D
:109EB000C9FC0020FBF7C6FCD920FBF7C3FC00203F
:109EC000FBF7C0FCE020FBF7BDFC0020FBF7BAFC71
:109ED000F320FBF7B7FC0020FBF7B4FCE120FBF715
:109EE000BDFC1620FBF7AEFC0020FBF7ABFC1C20F2
:109EF000FBF7A8FC0020FBF7A5FC2220FBF7A2FC47
:109F00000020FBF79FFC3620FBF79CFC0020FBF7B2
:109F100099FC4520FBF796FC0020FBF793FC5220B0
:109F2000FBF790FC0020FBF78DFC6420FBF78AFC1C
:109F30000020FBF787FC7A20FBF784FC0020FBF76E
:109F400081FC8B20FBF77EFC0020FBF77BFC99203B
:109F5000FBF778FC0020FBF775FCA820FBF772FCF0
:109F60000020FBF76FFCB920FBF76CFC0020FBF72F
:109F700069FCC420FBF766FC0020FBF763FCCA20E9
:109F8000FBF760FC0020FBF75DFCD220FBF75AFCDE
:109F90000020FBF757FCD820FBF754FC0020FBF710
:109FA00051FCE020FBF74EFC0020FBF74BFCF320BC
:109FB000FBF748FC0020FBF745FCE220FBF74EFCDA
:109FC0000520FBF73FFC0020FBF73CFC0B20FBF7D8
:109FD00039FC0020FBF736FC1B20FBF733FC00208C
:109FE000FBF730FC3420FBF72DFC0020FBF72AFCAC
:109FF0004420FBF727FC0020FBF724FC4F20FBF755
:10A0000021FC0020FBF71EFC6120FBF71BFC00205D
:10A01000FBF718FC7920FBF715FC0020FBF712FC7E
:10A020008820FBF70FFC0020FBF70CFC9720FBF7C8
:10A0300009FC0020FBF706FCA620FBF703FC002030
:10A04000FBF700FCB720FBF7FDFB0020FBF7FAFB5A
:10A05000C220FBF7F7FB0020FBF7F4FBC720FBF760
:10A06000F1FB0020FBF7EEFBD120FBF7EBFB002020
:10A07000FBF7E8FBD620FBF7E5FB0020FBF7E2FB54
:10A08000DD20FBF7DFFB0020FBF7DCFBF320FBF719
:10A09000D9FB0020FBF7D6FBE320FBF7DFFB052015
:10A0A000FBF7D0FB0020FBF7CDFB0A20FBF7CAFB38
:10A0B0000020FBF7C7FB1C20FBF7C4FB0020FBF7CD
:10A0C000C1FB3320FBF7BEFB0020FBF7BBFB4420AA
:10A0D000FBF7B8FB0020FBF7B5FB5020FBF7B2FB0A
:10A0E0000020FBF7AFFB6220FBF7ACFB0020FBF787
:10A0F000A9FB7820FBF7A6FB0020FBF7A3FB882039
:10A10000FBF7A0FB0020FBF79DFB9720FBF79AFBDA
:10A110000020FBF797FBA620FBF794FB0020FBF742
:10A1200091FBB720FBF78EFB0020FBF78BFBC220D7
:10A13000FBF788FB0020FBF785FBC720FBF782FBC2
:10A140000020FBF77FFBD120FBF77CFB0020FBF717
:10A1500079FBD520FBF776FB0020FBF773FBDD20B6
:10A16000FBF770FB0020FBF76DFBF320FBF76AFBAE
:10A170000020FBF767FBE420FBF770FB0120FBF7F7
:10A1800061FB0020FBF75EFB0120FBF75BFB00207F
:10A19000FBF758FB0220FBF755FB0020FBF752FBB7
:10A1A0002A20FBF74FFB0020FBF74CFB3C20FBF782
:10A1B00049FB0020FBF746FB4B20FBF743FB00204D
:10A1C000FBF740FB5D20FBF73DFB0020FBF73AFB74
:10A1D0007420FBF737FB0020FBF734FB8420FBF7F0
:10A1E00031FB0020FBF72EFB9320FBF72BFB00201D
:10A1F000FBF728FBA220FBF725FB0020FBF722FB47
:10A20000B320FBF71FFB0020FBF71CFBBE20FBF776
:10A2100019FB0020FBF716FBC420FBF713FB002003
:10A22000FBF710FBCD20FBF70DFB0020FBF70AFB33
:10A23000D320FBF707FB0020FBF704FBDD20FBF737
:10A2400001FB0020FBF7FEFAF320FBF7FBFA0020EE
:10A25000FBF7F8FAE520FBF701FB0020FBF7F2FA29
:10A260000020FBF7EFFA0020FBF7ECFA0020FBF7E9
:10A27000E9FA0220FBF7E6FA0020FBF7E3FA2920CF
:10A28000FBF7E0FA0020FBF7DDFA3C20FBF7DAFAF7
:10A290000020FBF7D7FA4B20FBF7D4FA0020FBF79E
:10A2A000D1FA5D20FBF7CEFA0020FBF7CBFA742041
:10A2B000FBF7C8FA0020FBF7C5FA8420FBF7C2FAC7
:10A2C0000020FBF7BFFA9320FBF7BCFA0020FBF756
:10A2D000B9FAA220FBF7B6FA0020FBF7B3FAB320D5
:10A2E000FBF7B0FA0020FBF7ADFABE20FBF7AAFAA5
:10A2F0000020FBF7A7FAC420FBF7A4FA0020FBF725
:10A30000A1FACD20FBF79EFA0020FBF79BFAD320A1
:10A31000FBF798FA0020FBF795FADC20FBF792FA9E
:10A320000020FBF78FFAF320FBF78CFA0020FBF7F5
:10A3300089FAE620FBF792FA1120FBF783FA002056
:10A34000FBF780FA3420FBF77DFA0020FBF77AFA5E
:10A350005620FBF777FA0020FBF774FA7620FBF71C
:10A3600071FA0020FBF76EFA7720FBF76BFA0020FA
:10A37000FBF768FA6620FBF765FA0020FBF762FA44
:10A380008820FBF75FFA0020FBF75CFA9920FBF7C7
:10A3900059FA0020FBF756FABB20FBF753FA0020CE
:10A3A000FBF750FA9920FBF74DFA0020FBF74AFA29
:10A3B0006620FBF747FA0020FBF744FA5520FBF72D
:10A3C00041FA0020FBF73EFA5520FBF73BFA00204C
:10A3D000FBF738FA4520FBF735FA0020FBF732FA95
:10A3E0004320FBF72FFA0020FBF72CFA4420FBF761
:10A3F00029FA0020FBF726FAE720FBF72FFA322094
:10A40000FBF720FA0020FBF71DFA5520FBF71AFA9C
:10A410000020FBF717FA7620FBF714FA0020FBF771
:10A4200011FA6620FBF70EFA0020FBF70BFA672003
:10A43000FBF708FA0020FBF705FA6720FBF702FAA2
:10A440000020FBF7FFF98720FBF7FCF90020FBF762
:10A45000F9F99920FBF7F6F90020FBF7F3F9BB2097
:10A46000FBF7F0F90020FBF7EDF99920FBF7EAF98B
:10A470000020FBF7E7F97720FBF7E4F90020FBF772
:10A48000E1F94420FBF7DEF90020FBF7DBF9562069
:10A49000FBF7D8F90020FBF7D5F92320FBF7D2F919
:10A4A0000020FBF7CFF93320FBF7CCF90020FBF7B6
:10A4B000C9F94520FBF7C6F90020FBF7C3F9E820EE
:10A4C000FBF7CCF90020FBF7BDF90020FBF7BAF948
:10A4D0009920FBF7B7F90020FBF7B4F98720FBF7C9
:10A4E000B1F90020FBF7AEF98820FBF7ABF90020AB
:10A4F000FBF7A8F97720FBF7A5F90020FBF7A2F9F5
:10A500006620FBF79FF90020FBF79CF98820FBF7FA
:10A5100099F90020FBF796F9AA20FBF793F90020A0
:10A52000FBF790F9BB20FBF78DF90020FBF78AF9C8
:10A530009920FBF787F90020FBF784F96620FBF7E9
:10A5400081F90020FBF77EF95520FBF77BF900200D
:10A55000FBF778F95520FBF775F90020FBF772F946
:10A560004420FBF76FF90020FBF76CF94420FBF760
:10A5700069F90020FBF766F95520FBF763F9002025
:10A58000FBF760F9E920FBF769F9AA20FBF75AF914
:10A590000020FBF757F90020FBF754F90020FBF7E8
:10A5A00051F90020FBF75AF9AA20FBF74BF9CF200D
:10A5B000FBF754F90020FBF745F90020FBF742F9BF
:10A5C0000020FBF73FF90020FBF73CF90020FBF7E8
:10A5D00039F90020FBF736F90020FBF733F90020AA
:10A5E000FBF730F90020FBF72DF90020FBF72AF9E3
:10A5F0000020FBF727F90020FBF724F90020FBF7E8
:10A6000021F90020FBF71EF90020FBF71BF90020C1
:10A61000FBF718F90020FBF715F9F020FBF71EF9FE
:10A620000020FBF70FF95020FBF70CF90020FBF797
:10A6300009F90020FBF706F90020FBF703F9F320E6
:10A64000FBF70CF90020FBF7FDF8F920FBF706F902
:10A650000620FBF7F7F81020FBF7F4F82920FBF7AA
:10A66000F1F80020FBF7EEF83A20FBF7F7F8552059
:10A67000FBF7E8F81120FBF7F1F8642009F0C6FEBB
:10A680002920FBF7EBF83520FBF7E8F80020FBF773
:10A69000D9F85120FBF7E2F8FF20FBF7D3F853205D
:10A6A000FBF7DCF82C20FBF7CDF85520FBF7D6F8AC
:10A6B0008220FBF7C7F82C20FBF7D0F802F028B86F
:10A6C000FE48808845F2105188427DD155214FF4D3
:10A6D0007040FBF7D9F8AA214FF20100FBF7D4F83C
:10A6E00052214FF20200FBF7CFF808214FF203008E
:10A6F000FBF7CAF801214FF20400FBF7C5F80D2162
:10A700004FF43040FBF7C0F80D214BF20100FBF78E
:10A71000BBF80D214BF20200FBF7B6F834214FF4E1
:10A720003640FBF7B1F834214BF20160FBF7ACF88F
:10A7300034214BF20260FBF7A7F80D214FF43140B2
:10A74000FBF7A2F80D214BF20110FBF79DF80D214C
:10A750004BF20210FBF798F834214FF43740FBF727
:10A7600093F834214BF20170FBF78EF834214BF251
:10A770000270FBF789F800214FF43240FBF784F8B0
:10A7800000214BF20120FBF77FF800214BF2022061
:10A79000FBF77AF824214FF43840FBF775F82421B1
:10A7A0004BF60100FBF770F824214BF60200FBF793
:10A7B0006BF801214FF43F40FBF766F80F214FF48F
:10A7C0003340FBF761F800E0FDE30F214BF201306D
:10A7D000FBF75AF80F214BF20230FBF755F8342102
:10A7E0004FF43940FBF750F834214BF60110FBF7DA
:10A7F0004BF834214BF60210FBF746F808214FF4D2
:10A800003540FBF741F808214BF20150FBF73CF8CB
:10A8100008214BF20250FBF737F803214FF4424076
:10A82000FBF732F824214FF43A40FBF72DF82421AE
:10A830004BF60120FBF728F824214BF60220FBF70A
:10A8400023F800214FF43C40FBF71EF878214BF62B
:10A850000140FBF719F800214BF60240FBF714F812
:10A8600000214FF43D40FBF70FF878214BF60150E3
:10A87000FBF70AF800214BF60250FBF705F8002120
:10A880004FF43E40FBF700F864214BF60160FAF705
:10A89000FBFF00214FF45140FAF7F6FF33214DF250
:10A8A0000110FAF7F1FF00214DF20210FAF7ECFF68
:10A8B00034214DF20310FAF7E7FF00214DF20410A6
:10A8C000FAF7E2FF3A214DF20510FAF7DDFF002119
:10A8D0004DF20610FAF7D8FF4A214DF20710FAF7A9
:10A8E000D3FF00214DF20810FAF7CEFF5C214DF2A4
:10A8F0000910FAF7C9FF00214DF20A10FAF7C4FF58
:10A9000081214DF20B10FAF7BFFF00214DF20C1020
:10A91000FAF7BAFFA6214DF20D10FAF7B5FF0021A4
:10A920004DF20E10FAF7B0FFE5214DF20F10FAF7D5
:10A93000ABFF01214DF21010FAF7A6FF13214DF2E3
:10A940001110FAF7A1FF01214DF21210FAF79CFF46
:10A9500054214DF21310FAF797FF01214DF2141014
:10A96000FAF792FF82214DF21510FAF78DFF0121BF
:10A970004DF21610FAF788FFCA214DF21710FAF7B8
:10A9800083FF02214DF21810FAF77EFF00214DF2ED
:10A990001910FAF779FF02214DF21A10FAF774FF35
:10A9A00001214DF21B10FAF76FFF02214DF21C102E
:10A9B000FAF76AFF34214DF21D10FAF765FF022104
:10A9C0004DF21E10FAF760FF67214DF21F10FAF7E3
:10A9D0005BFF02214DF22010FAF756FF84214DF261
:10A9E0002110FAF751FF02214DF22210FAF74CFF25
:10A9F000A4214DF22310FAF747FF02214DF2241053
:10AA0000FAF742FFB7214DF22510FAF73DFF022178
:10AA10004DF22610FAF738FFCF214DF22710FAF742
:10AA200033FF02214DF22810FAF72EFFDE214DF2FE
:10AA30002910FAF729FF02214DF22A10FAF724FF14
:10AA4000F2214DF22B10FAF71FFF02214DF22C10CC
:10AA5000FAF71AFFFE214DF22D10FAF715FF032128
:10AA60004DF22E10FAF710FF10214DF22F10FAF7C9
:10AA70000BFF03214DF23010FAF706FF33214DF2A0
:10AA80003110FAF701FF03214DF23210FAF7FCFE04
:10AA90006D214DF23310FAF7F7FE00214FF45240CA
:10AAA000FAF7F2FE33214DF20120FAF7EDFE002114
:10AAB0004DF20220FAF7E8FE342101E0442900209B
:10AAC0004DF20320FAF7E0FE00214DF20420FAF7E0
:10AAD000DBFE3A214DF20520FAF7D6FE00214DF2B9
:10AAE0000620FAF7D1FE4A214DF20720FAF7CCFEF4
:10AAF00000214DF20820FAF7C7FE5C214DF2092033
:10AB0000FAF7C2FE00214DF20A20FAF7BDFE8121BC
:10AB10004DF20B20FAF7B8FE00214DF20C20FAF7A7
:10AB2000B3FEA6214DF20D20FAF7AEFE00214DF244
:10AB30000E20FAF7A9FEE5214DF20F20FAF7A4FE48
:10AB400001214DF21020FAF79FFE13214DF2112042
:10AB5000FAF79AFE01214DF21220FAF795FE5421E0
:10AB60004DF21320FAF790FE01214DF21420FAF76E
:10AB70008BFE82214DF21520FAF786FE01214DF25F
:10AB80001620FAF781FECA214DF21720FAF77CFE53
:10AB900002214DF21820FAF777FE00214DF219201C
:10ABA000FAF772FE02214DF21A20FAF76DFE01212A
:10ABB0004DF21B20FAF768FE02214DF21C20FAF735
:10ABC00063FE34214DF21D20FAF75EFE02214DF2A4
:10ABD0001E20FAF759FE67214DF21F20FAF754FEA6
:10ABE00002214DF22020FAF74FFE84214DF2212060
:10ABF000FAF74AFE02214DF22220FAF745FEA4217F
:10AC00004DF22320FAF740FE02214DF22420FAF7FC
:10AC10003BFEB7214DF22520FAF736FE02214DF218
:10AC20002620FAF731FECF214DF22720FAF72CFE2D
:10AC300002214DF22820FAF727FEDE214DF22920CD
:10AC4000FAF722FE02214DF22A20FAF71DFEF22128
:10AC50004DF22B20FAF718FE02214DF22C20FAF7C4
:10AC600013FEFE214DF22D20FAF70EFE03214DF2C8
:10AC70002E20FAF709FE10214DF22F20FAF704FEDC
:10AC800003214DF23020FAF7FFFD33214DF2312040
:10AC9000FAF7FAFD03214DF23220FAF7F5FD6D21A6
:10ACA0004DF23320FAF7F0FD00214FF45340FAF74C
:10ACB000EBFD33214DF20130FAF7E6FD00214DF2B4
:10ACC0000230FAF7E1FD34214DF20330FAF7DCFDF2
:10ACD00000214DF20430FAF7D7FD3A214DF205304C
:10ACE000FAF7D2FD00214DF20630FAF7CDFD4A21E8
:10ACF0004DF20730FAF7C8FD00214DF20830FAF79F
:10AD0000C3FD5C214DF20930FAF7BEFD00214DF282
:10AD10000A30FAF7B9FD81214DF20B30FAF7B4FD94
:10AD200000214DF20C30FAF7AFFDA6214DF20D30A7
:10AD3000FAF7AAFD00214DF20E30FAF7A5FDE52144
:10AD40004DF20F30FAF7A0FD01214DF21030FAF765
:10AD50009BFD13214DF21130FAF796FD01214DF2C2
:10AD60001230FAF791FD54214DF21330FAF78CFDB1
:10AD700001214DF21430FAF787FD82214DF2153092
:10AD8000FAF782FD01214DF21630FAF77DFDCA2156
:10AD90004DF21730FAF778FD02214DF21830FAF72C
:10ADA00073FD00214DF21930FAF76EFD02214DF2CC
:10ADB0001A30FAF769FD01214DF21B30FAF764FDF4
:10ADC00002214DF21C30FAF75FFD34214DF21D30A7
:10ADD000FAF75AFD02214DF21E30FAF755FD6721B0
:10ADE0004DF21F30FAF750FD02214DF22030FAF7F4
:10ADF0004BFD84214DF22130FAF746FD02214DF240
:10AE00002230FAF741FDA4214DF22330FAF73CFD40
:10AE100002214DF22430FAF737FDB7214DF22530EB
:10AE2000FAF732FD02214DF22630FAF72DFDCF213F
:10AE30004DF22730FAF728FD02214DF22830FAF7BB
:10AE400023FDDE214DF22930FAF71EFD02214DF2DD
:10AE50002A30FAF719FDF2214DF22B30FAF714FDE2
:10AE600002214DF22C30FAF70FFDFE214DF22D306C
:10AE7000FAF70AFD03214DF22E30FAF705FD1021F5
:10AE80004DF22F30FAF700FD03214DF23030FAF782
:10AE9000FBFC33214DF23130FAF7F6FC03214DF281
:10AEA0003230FAF7F1FC6D214DF23330FAF7ECFC59
:10AEB00000214FF45440FAF7E7FC33214DF20140F2
:10AEC000FAF7E2FC00214DF20240FAF7DDFC3421F2
:10AED0004DF20340FAF7D8FC00214DF20440FAF796
:10AEE000D3FC3A214DF20540FAF7CEFC00214DF299
:10AEF0000640FAF7C9FC4A214DF20740FAF7C4FCB4
:10AF000000214DF20840FAF7BFFC5C214DF20940E8
:10AF1000FAF7BAFC00214DF20A40FAF7B5FC81219C
:10AF20004DF20B40FAF7B0FC00214DF20C40FAF75D
:10AF3000ABFCA6214DF20D40FAF7A6FC00214DF224
:10AF40000E40FAF7A1FCE5214DF20F40FAF79CFC08
:10AF500001214DF21040FAF797FC13214DF21140F8
:10AF6000FAF792FC01214DF21240FAF78DFC5421C0
:10AF70004DF21340FAF788FC01214DF21440FAF724
:10AF800083FC82214DF21540FAF77EFC01214DF23F
:10AF90001640FAF779FCCA214DF21740FAF774FC13
:10AFA00002214DF21840FAF76FFC00214DF21940D2
:10AFB000FAF76AFC02214DF21A40FAF765FC01210A
:10AFC0004DF21B4000E006E3FAF75EFC02214DF271
:10AFD0001C40FAF759FC34214DF21D40FAF754FC9D
:10AFE00002214DF21E40FAF74FFC67214DF21F403F
:10AFF000FAF74AFC02214DF22040FAF745FC842181
:10B000004DF22140FAF740FC02214DF22240FAF7BE
:10B010003BFCA4214DF22340FAF736FC02214DF20D
:10B020002440FAF731FCB7214DF22540FAF72CFC09
:10B0300002214DF22640FAF727FCCF214DF227409E
:10B04000FAF722FC02214DF22840FAF71DFCDE211E
:10B050004DF22940FAF718FC02214DF22A40FAF786
:10B0600013FCF2214DF22B40FAF70EFC02214DF2B7
:10B070002C40FAF709FCFE214DF22D40FAF704FCB2
:10B0800003214DF22E40FAF7FFFB10214DF22F4025
:10B09000FAF7FAFB03214DF23040FAF7F5FB3321C2
:10B0A0004DF23140FAF7F0FB03214DF23240FAF74E
:10B0B000EBFB6D214DF23340FAF7E6FB00214FF434
:10B0C0005540FAF7E1FB33214DF20150FAF7DCFB72
:10B0D00000214DF20250FAF7D7FB34214DF2035014
:10B0E000FAF7D2FB00214DF20450FAF7CDFB3A21DA
:10B0F0004DF20550FAF7C8FB00214DF20650FAF761
:10B10000C3FB4A214DF20750FAF7BEFB00214DF276
:10B110000850FAF7B9FB5C214DF20950FAF7B4FB7D
:10B1200000214DF20A50FAF7AFFB81214DF20B508E
:10B13000FAF7AAFB00214DF20C50FAF7A5FBA62165
:10B140004DF20D50FAF7A0FB00214DF20E50FAF728
:10B150009BFBE5214DF20F50FAF796FB01214DF2D2
:10B160001050FAF791FB13214DF21150FAF78CFBB6
:10B1700001214DF21250FAF787FB54214DF2135082
:10B18000FAF782FB01214DF21450FAF77DFB822180
:10B190004DF21550FAF778FB01214DF21650FAF7EF
:10B1A00073FBCA214DF21750FAF76EFB02214DF2E4
:10B1B0001850FAF769FB00214DF21950FAF764FBB9
:10B1C00002214DF21A50FAF75FFB01214DF21B509C
:10B1D000FAF75AFB02214DF21C50FAF755FB3421C5
:10B1E0004DF21D50FAF750FB02214DF21E50FAF7B6
:10B1F0004BFB67214DF21F50FAF746FB02214DF23F
:10B200002050FAF741FB84214DF22150FAF73CFB24
:10B2100002214DF22250FAF737FBA4214DF22350C0
:10B22000FAF732FB02214DF22450FAF72DFBB72139
:10B230004DF22550FAF728FB02214DF22650FAF77D
:10B2400023FBCF214DF22750FAF71EFB02214DF2CE
:10B250002850FAF719FBDE214DF22950FAF714FBBA
:10B2600002214DF22A50FAF70FFBF2214DF22B503A
:10B27000FAF70AFB02214DF22C50FAF705FBFE21EA
:10B280004DF22D50FAF700FB03214DF22E50FAF744
:10B29000FBFA10214DF22F50FAF7F6FA03214DF286
:10B2A0003050FAF7F1FA33214DF23150FAF7ECFA57
:10B2B00003214DF23250FAF7E7FA6D214DF2335087
:10B2C000FAF7E2FA00214FF45640FAF7DDFA33219B
:10B2D0004DF20160FAF7D8FA00214DF20260FAF758
:10B2E000D3FA34214DF20360FAF7CEFA00214DF281
:10B2F0000460FAF7C9FA3A214DF20560FAF7C4FA88
:10B3000000214DF20660FAF7BFFA4A214DF20760BC
:10B31000FAF7BAFA00214DF20860FAF7B5FA5C21A3
:10B320004DF20960FAF7B0FA00214DF20A60FAF71F
:10B33000ABFA81214DF20B60FAF7A6FA00214DF22B
:10B340000C60FAF7A1FAA6214DF20D60FAF79CFA0B
:10B3500000214DF20E60FAF797FAE5214DF20F60E9
:10B36000FAF792FA01214DF21060FAF78DFA1321E3
:10B370004DF21160FAF788FA01214DF21260FAF7E6
:10B3800083FA54214DF21360FAF77EFA01214DF24F
:10B390001460FAF779FA82214DF21560FAF774FA1F
:10B3A00001214DF21660FAF76FFACA214DF21760CB
:10B3B000FAF76AFA02214DF21860FAF765FA0021ED
:10B3C0004DF21960FAF760FA02214DF21A60FAF7AD
:10B3D0005BFA01214DF21B60FAF756FA02214DF299
:10B3E0001C60FAF751FA34214DF21D60FAF74CFA5D
:10B3F00002214DF21E60FAF747FA67214DF21F60F5
:10B40000FAF742FA02214DF22060FAF73DFA842160
:10B410004DF22160FAF738FA02214DF22260FAF774
:10B4200033FAA4214DF22360FAF72EFA02214DF2ED
:10B430002460FAF729FAB7214DF22560FAF724FAC9
:10B4400002214DF22660FAF71FFACF214DF2276054
:10B45000FAF71AFA02214DF22860FAF715FADE21FE
:10B460004DF22960FAF710FA02214DF22A60FAF73C
:10B470000BFAF2214DF22B60FAF706FA02214DF297
:10B480002C60FAF701FAFE214DF22D60FAF7FCF973
:10B4900003214DF22E60FAF7F7F910214DF22F60DB
:10B4A000FAF7F2F903214DF23060FAF7EDF93321A2
:10B4B0004DF23160FAF7E8F903214DF23260FAF704
:10B4C000E3F96D214DF23360FAF7DEF955214FF4BF
:10B4D0007040FAF7D9F9AA214FF20100FAF7D4F92E
:10B4E00052214FF20200FAF7CFF908214FF2030080
:10B4F000FAF7CAF900214FF20400FAF7C5F9CC2196
:10B500004FF43140FAF7C0F900214BF20110FAF77D
:10B51000BBF905214FF43640FAF7B6F970214FF424
:10B520003740FAF7B1F970214BF20170FAF7ACF934
:10B5300001214FF43840FAF7A7F903214BF6010037
:10B54000FAF7A2F903214BF60200FAF79DF903215D
:10B550004BF60300FAF798F902214FF43C40FAF752
:10B5600093F900214BF60140FAF78EF900214BF6D2
:10B570000240FAF789F9D0214FF44940FAF784F9EB
:10B5800002214CF60110FAF77FF950214CF6021017
:10B59000FAF77AF950214CF60310FAF775F95021B1
:10B5A0004CF60410FAF770F900214FF45450FAF7F2
:10B5B0006BF955214FF46850FAF766F94FF488504B
:10B5C000FAF74CF9782008F049FF4FF42450FAF7C5
:10B5D00045F901F09DB8FE48808849F2253188423E
:10B5E0007ED147F6F001E520FAF74EF94FF480716D
:10B5F0000120FAF749F94FF4E0610220FAF744F923
:10B6000041F230010320FAF73FF900210420FAF754
:10B610003BF940F202210820FAF736F9002109200F
:10B62000FAF732F900210A20FAF72EF900210C204E
:10B63000FAF72AF900210D20FAF726F900210F2048
:10B64000FAF722F900211020FAF71EF9072111203C
:10B65000FAF71AF900211220FAF716F9002113203F
:10B66000FAF712F900210720FAF70EF941F290617A
:10B670001020FAF709F940F227211120FAF704F90E
:10B680009D211220FAF700F94FF4C8511320FAF760
:10B69000FBF825212920FAF7F7F80D212B20FAF7DE
:10B6A000F3F807213020FAF7EFF840F203313120A8
:10B6B000FAF7EAF803213220FAF7E6F840F2062119
:10B6C0003520FAF7E1F808213620FAF7DDF840F2E4
:10B6D00006413720FAF7D8F84FF44171382000E0DE
:10B6E00057E0FAF7D1F807213920FAF7CDF840F200
:10B6F00002613C20FAF7C8F808213D20FAF7C4F8A7
:10B7000000215020FAF7C0F8EF215120FAF7BCF8D9
:10B7100000215220FAF7B8F840F23F115320FAF70F
:10B72000B3F84FF427416020FAF7AEF80121612009
:10B73000FAF7AAF800216A20FAF7A6F8002180207B
:10B74000FAF7A2F800218120FAF79EF80021822062
:10B75000FAF79AF800218320FAF796F8002184205E
:10B76000FAF792F800218520FAF78EF81021902040
:10B77000FAF78AF84FF4C0619220FAF785F840F2A0
:10B7800033110720FAF780F822210020FAF77CF81D
:10B790001FE78F48808849F2283188427ED141F2E4
:10B7A0008F01EC20FAF770F841F23421EF20FAF71C
:10B7B0006BF84FF480710120FAF766F84FF4E061FE
:10B7C0000220FAF761F841F230010320FAF75CF841
:10B7D00000210420FAF758F840F202210820FAF775
:10B7E00053F800210920FAF74FF800210A20FAF750
:10B7F0004BF801210C20FAF747F800210D20FAF749
:10B8000043F800210F20FAF73FF800211020FAF743
:10B810003BF807211120FAF737F800211220FAF738
:10B8200033F800211320FAF72FF801210720FAF747
:10B830002BF8322008F0EAFD41F290411020FAF78F
:10B8400023F840F227211120FAF71EF8322008F0E1
:10B85000DDFD8A211220FAF717F8322008F0D6FD14
:10B860004FF4D0511320FAF70FF806212920FAF7E8
:10B870000BF80D212B20FAF707F8322008F0C6FD4F
:10B8800000212020FAF700F800212120F9F7FCFF21
:10B89000322008F0BBFD0021302000E074E0F9F711
:10B8A000F3FF40F204613120F9F7EEFF40F2053179
:10B8B0003220F9F7E9FF00213520F9F7E5FF40F6DE
:10B8C00009413620F9F7E0FF4FF401713720F9F70D
:10B8D000DBFF40F201313820F9F7D6FF40F2077163
:10B8E0003920F9F7D1FF00213C20F9F7CDFF40F6D0
:10B8F0000A213D20F9F7C8FF322008F087FD00211A
:10B900005020F9F7C1FFEF215120F9F7BDFF0021C9
:10B910005220F9F7B9FF40F23F115320F9F7B4FF75
:10B920004FF427416020F9F7AFFF01216120F9F7BB
:10B93000ABFF00216A20F9F7A7FF00218020F9F76B
:10B94000A3FF00218120F9F79FFF00218220F9F752
:10B950009BFF00218320F9F797FF00218420F9F74E
:10B9600093FF00218520F9F78FFF10219020F9F730
:10B970008BFF4FF4C0619220F9F786FF40F233113C
:10B980000720F9F781FF24E61148808849F2203129
:10B9900088427DD100210846F9F776FF4FF4807187
:10B9A0000120F9F771FF4FF4E0610220F9F76CFF15
:10B9B00041F230010320F9F767FF00210420F9F775
:10B9C00063FF40F202210820F9F75EFF002101E049
:10B9D000442900200920F9F757FF00210A20F9F730
:10B9E00053FF01210C20F9F74FFF00210D20F9F73B
:10B9F0004BFF00210F20F9F747FF322008F006FD2A
:10BA000040F201110720F9F73FFF322008F0FEFC59
:10BA10004FF486511020F9F737FF07211120F9F76D
:10BA200033FF4FF488711220F9F72EFF4FF4306185
:10BA30001320F9F729FF00212920F9F725FF44F207
:10BA400010012B20F9F720FF00215020F9F71CFFEF
:10BA5000EF215120F9F718FF00215220F9F714FFC8
:10BA600040F23F115320F9F70FFF4FF41C516020B3
:10BA7000F9F70AFF01216120F9F706FF00216A208A
:10BA8000F9F702FF00218020F9F7FEFE002100E017
:10BA900031E08120F9F7F8FE00218220F9F7F4FE69
:10BAA00000218320F9F7F0FE00218420F9F7ECFE55
:10BAB00000218520F9F7E8FE10219020F9F7E4FE37
:10BAC00000219220F9F7E0FE01219320F9F7DCFE36
:10BAD0004FF488719520F9F7D7FE00219720F9F7E8
:10BAE000D3FE00219820F9F7CFFE40F27311072012
:10BAF000F9F7CAFE6DE5FE48808849F23131884287
:10BB00007DD141F21401E720F9F7BEFE4FF48071B8
:10BB10000120F9F7B9FE4FF400710220F9F7B4FEE5
:10BB200041F238010320F9F7AFFE40F2022108206C
:10BB3000F9F7AAFE00210920F9F7A6FE00210A2044
:10BB4000F9F7A2FE00210C20F9F79EFE00210D203E
:10BB5000F9F79AFE00210F20F9F796FE0021102038
:10BB6000F9F792FE07211120F9F78EFE002112202D
:10BB7000F9F78AFE00211320F9F786FEC82008F0A5
:10BB800045FC41F290611020F9F77EFE40F227213A
:10BB90001120F9F779FE322008F038FC0C21122030
:10BBA000F9F772FE322008F031FC4FF400611320E7
:10BBB000F9F76AFE11212920F9F766FE0B212B20E7
:10BBC000F9F762FE322008F021FC00212020F9F76D
:10BBD0005BFE40F23F112120F9F756FE0021302094
:10BBE000F9F752FE4FF483713120F9F74DFE002131
:10BBF0003220F9F749FE4FF40171352000E064E08E
:10BC0000F9F742FE41F20A613620F9F73DFE40F2B3
:10BC100007713720F9F738FE4FF483713820F9F7B0
:10BC200033FE40F207713920F9F72EFE40F202414F
:10BC30003C20F9F729FE40F60F413D20F9F724FE9C
:10BC400000215020F9F720FEEF215120F9F71CFECA
:10BC500000215220F9F718FE40F23F115320F9F766
:10BC600013FE4FF41C516020F9F70EFE01216120F4
:10BC7000F9F70AFE00216A20F9F706FE002180206C
:10BC8000F9F702FE00218120F9F7FEFD0021822054
:10BC9000F9F7FAFD00218320F9F7F6FD0021842051
:10BCA000F9F7F2FD00218520F9F7EEFD1021902033
:10BCB000F9F7EAFD4FF4C0619220F9F7E5FD40F293
:10BCC00033110720F9F7E0FD83E48948808845F2C5
:10BCD000084188427ED14FF480710120F9F7D4FDEC
:10BCE0004FF4E0610220F9F7CFFD41F2300103206B
:10BCF000F9F7CAFD00210420F9F7C6FD40F207213B
:10BD00000820F9F7C1FD00210920F9F7BDFD002148
:10BD10000A20F9F7B9FD00210C20F9F7B5FD002143
:10BD20000D20F9F7B1FD00210F20F9F7ADFD14202A
:10BD300008F06CFB41F2B0611020F9F7A5FD01217C
:10BD40001120F9F7A1FD01211720F9F79DFD4FF40E
:10BD50009C711220F9F798FD4FF400611320F9F758
:10BD600093FD09212920F9F78FFD09212A20F9F7F0
:10BD70008BFD0021A420F9F787FD00215020F9F761
:10BD800083FDEF215120F9F77FFD00215220F9F7C3
:10BD90007BFD40F23F115320F9F776FD4FF41C5123
:10BDA0006020F9F771FD01216120F9F76DFD002197
:10BDB0006A20F9F769FD00218020F9F765FD00216F
:10BDC0008120F9F761FD00218220F9F75DFD002156
:10BDD000832000E023E0F9F757FD00218420F9F7E4
:10BDE00053FD00218520F9F74FFD13219020F9F72D
:10BDF0004BFD00219220F9F747FD03219320F9F72D
:10BE000043FD4FF488719520F9F73EFD40F2731120
:10BE10000720F9F739FD322008F0F8FAB8E4344881
:10BE2000808841F2055188427ED100210720F9F730
:10BE30002BFD322008F0EAFA4FF48E711220F9F748
:10BE400023FD0121A420F9F71FFD0F210820F9F798
:10BE50001BFD08210A20F9F717FD08210D20F9F72D
:10BE600013FD40F207713020F9F70EFD0721312054
:10BE7000F9F70AFD40F203613220F9F705FD4FF4AE
:10BE8000E0613320F9F700FD40F202213420F9F798
:10BE9000FBFC02213520F9F7F7FC41F60F71362043
:10BEA000F9F7F2FC40F207713720F9F7EDFC0021B9
:10BEB0003820F9F7E9FC00213920F9F7E5FC40F2D8
:10BEC00007713A20F9F7E0FC00213B20F9F7DCFC90
:10BED00007213C20F9F7D8FC00213D20F9F7D4FCDC
:10BEE000322008F093FA01210720F9F7CDFC01E098
:10BEF0004429002001211720F9F7C6FC322008F060
:10BF000085FA4FF4BD511020F9F7BEFC40F217211D
:10BF10001120F9F7B9FC4FF48F711220F9F7B4FC36
:10BF20004FF47061132000E097E0F9F7ADFC0021B9
:10BF30002A20F9F7A9FC0A212920F9F7A5FC4FF4DA
:10BF40009F711220F9F7A0FC00215020F9F79CFC0A
:10BF5000EF215120F9F798FC00215220F9F794FCC9
:10BF600040F23F115320F9F78FFC4FF41C51602031
:10BF7000F9F78AFC01216120F9F786FC00216A208B
:10BF8000F9F782FC00218020F9F77EFC0021812056
:10BF9000F9F77AFC00218220F9F776FC0021832052
:10BFA000F9F772FC00218420F9F76EFC002185204E
:10BFB000F9F76AFC13219020F9F766FC4FF4407101
:10BFC0009220F9F761FC05219320F9F75DFC00212F
:10BFD0009520F9F759FC00219720F9F755FC00212D
:10BFE0009820F9F751FC4FF480710120F9F74CFCCF
:10BFF0004FF4E0610220F9F747FC41F238010320D9
:10C00000F9F742FC00210420F9F73EFC00210C2046
:10C01000F9F73AFC00210F20F9F736FC0021202027
:10C02000F9F732FC00212120F9F72EFC212107200D
:10C03000F9F72AFC142008F0E9F961210720F9F743
:10C0400023FC142008F0E2F940F273110720F9F7FD
:10C050001BFC142008F0DAF95AE3FE4880884BF202
:10C06000055188427ED100210846F9F70DFC0021D8
:10C070000846F9F709FC00210846F9F705FC0021FC
:10C080000846F9F701FC0121A420F9F7FDFB142073
:10C0900008F0BCF94FF41C516020F9F7F5FB40F2B1
:10C0A00002210820F9F7F0FB4FF405713020F9F771
:10C0B000EBFB43F215713120F9F7E6FB40F2046126
:10C0C0003220F9F7E1FB40F616613320F9F7DCFB8B
:10C0D00042F211213420F9F7D7FB4FF4A851352053
:10C0E000F9F7D2FB48F207513620F9F7CDFB41F2C0
:10C0F00007413720F9F7C8FB41F203413820F9F72F
:10C10000C3FB20213920F9F7BFFB1A219020F9F752
:10C11000BBFB00211020F9F7B7FB07211120F9F72D
:10C12000B3FB00211220F9F7AFFB00211320F9F730
:10C13000ABFB142008F06AF94FF4E6611020F9F720
:10C14000A3FB40F237111120F9F79EFB142008F0F1
:10C150005DF94FF4DC711220F9F796FB142008F01A
:10C1600055F900E083E04FF470611320F9F78CFB80
:10C1700080212A20F9F788FB48212920F9F784FB40
:10C18000142008F043F94FF480710120F9F77CFB8B
:10C190004FF4E0610220F9F777FB41F23801032008
:10C1A000F9F772FB40F202210820F9F76DFB00213C
:10C1B0000A20F9F769FB00210C20F9F765FB002143
:10C1C0000D20F9F761FB30210E20F9F75DFB00210E
:10C1D0005020F9F759FBEF215120F9F755FB0021C9
:10C1E0005220F9F751FB40F23F115320F9F74CFB75
:10C1F0004FF41C516020F9F747FB01216120F9F74A
:10C2000043FB00216A20F9F73FFB11219020F9F749
:10C210003BFB4FF4C0619220F9F736FB40F202413C
:10C220009320F9F731FB02219420F9F72DFB14201C
:10C2300008F0ECF801210720F9F726FB142008F09C
:10C24000E5F861210720F9F71FFB40F27311072081
:10C25000F9F71AFB00212020F9F716FB0021212015
:10C26000F9F712FB22210020F9F70EFB50E2794882
:10C2700080884CF2055188427ED100210846F9F7AA
:10C2800003FB00210846F9F7FFFA142008F0BEF876
:10C2900000210846F9F7F8FA00210846F9F7F4FA00
:10C2A00000210846F9F7F0FA00210846F9F7ECFA00
:10C2B0000121A420F9F7E8FA142008F0A7F84FF4B8
:10C2C0001C516020F9F7E0FA40F606010820F9F762
:10C2D000DBFA40F203713020F9F7D6FA0121312060
:10C2E000F9F7D2FA04213220F9F7CEFA4FF481712E
:10C2F0003320F9F7C9FA4FF440713420F9F7C4FA42
:10C3000040F203113520F9F7BFFA1F213620F9F763
:10C31000BBFA40F203713720F9F7B6FA0121382051
:10C32000F9F7B2FA04213920F9F7AEFA1521902075
:10C33000F9F7AAFA4FF482611020F9F7A5FA40F252
:10C3400047211120F9F7A0FA4FF4DE711220F9F716
:10C350009BFA4FF460611320F9F796FA782008F001
:10C3600055F84FF480710120F9F78EFA4FF40071FF
:10C370000220F9F789FA00E050E041F23001032091
:10C38000F9F782FA08210A20F9F77EFA00210C2039
:10C39000F9F77AFA20210E20F9F776FA00210F201A
:10C3A000F9F772FA00212020F9F76EFA0021212016
:10C3B000F9F76AFA3D212A20F9F766FA142008F005
:10C3C00025F82D212920F9F75FFA00215020F9F7EF
:10C3D0005BFA4DF2EF015120F9F756FA0021522095
:10C3E000F9F752FA40F23F115320F9F74DFA0021C4
:10C3F0006120F9F749FA00216A20F9F745FA4FF46C
:10C4000040719220F9F740FA05219320F9F73CFAA0
:10C410004FF480710720F9F737FA79E10D488088E9
:10C4200044F2315188427CD101210020F9F72CFAE5
:10C430000A2007F0EBFF41F228611020F9F724FAF7
:10C440000E211220F9F720FA40F639211320F9F7CE
:10C450001BFA01E0442900200A2007F0D7FF402101
:10C460001120F9F711FA50211520F9F70DFA0A20D9
:10C4700007F0CCFF1E211220F9F706FA0A2007F078
:10C48000C5FF4FF4B1511020F9F7FEF942F63921FA
:10C490001320F9F7F9F90A2007F0B8FF4FF480717B
:10C4A0000120F9F7F1F94FF440710220F9F7ECF9A6
:10C4B00041F238010320F9F7E7F940F202210820A0
:10C4C000F9F7E2F908210A20F9F7DEF90021302016
:10C4D000F9F7DAF940F202413120F9F7D5F94FF4D2
:10C4E00083713220F9F7D0F940F203513320F9F784
:10C4F000CBF94FF482713420F9F7C6F940F20131DB
:10C500003520F9F7C1F940F207713620F9F7BCF987
:10C5100040F205313720F9F7B7F94FF402713820AE
:10C5200000E040E0F9F7B0F940F60B713920F9F777
:10C53000ABF902214120F9F7A7F94FF41C51602013
:10C54000F9F7A2F901216120F9F79EF94FF404717E
:10C550009020F9F799F94FF485719220F9F794F941
:10C5600004219320F9F790F94FF48071A020F9F796
:10C570008BF901210720F9F787F921210720F9F725
:10C5800083F923210720F9F77FF933210720F9F7F1
:10C590007BF940F233110720F9F776F90021A0204A
:10C5A000F9F772F9B4E06048808844F23551884266
:10C5B000F8D130211520F9F767F910219A20F9F701
:10C5C00063F920211120F9F75FF943F22841102087
:10C5D000F9F75AF902211220F9F756F941F2380118
:10C5E0001320F9F751F9282007F010FF122108460F
:10C5F000F9F74AF9282007F009FF43F220411020FB
:10C60000F9F742F943F238011320F9F73DF94620D2
:10C6100007F0FCFE00213020F9F736F940F2024124
:10C620003120F9F731F940F207313220F9F72CF9CE
:10C630004FF441713320F9F727F904213420F9F739
:10C6400023F940F201413520F9F71EF940F2077154
:10C650003620F9F719F940F205313720F9F714F9C6
:10C660004FF4C2613820F9F70FF94FF4C261392055
:10C67000F9F70AF94FF480710120F9F705F94FF441
:10C6800040710220F9F700F941F230010320F9F777
:10C69000FBF840F608010820F9F7F6F808210A200F
:10C6A000F9F7F2F84FF41C516020F9F7EDF8012189
:10C6B0006120F9F7E9F84FF49F719020F9F7E4F859
:10C6C0004FF480719220F9F7DFF84FF480719320D6
:10C6D000F9F7DAF84FF44051A020F9F7D5F8102116
:10C6E000A320F9F7D1F801210720F9F7CDF821218E
:10C6F0000720F9F7C9F823210720F9F7C5F83321F6
:10C700000720F9F7C1F840F233110720F9F7BCF818
:10C710000120F7F7B1FE0120044908604FF6FF70D1
:10C72000F7F766FE21B000BD442900208482404214
:10C7300010B50121034800F01AF80121014800F06A
:10C7400013F810BD0004004010B50121054800F0A9
:10C750000EF8012805D10121024800F005F8F6F78E
:10C76000DBFC10BD00080040CA430282704730B5B0
:10C770000246002000230024158A05EA010395895A
:10C7800005EA010413B10CB1012000E0002030BD26
:10C790002DE9FC5F04460D4617461E46DDE90EAB4B
:10C7A000DDE90C894FF478405749088057A01021E3
:10C7B000CDE90010564843880288A0212820F8F7C8
:10C7C000FBFF54A01021CDE9001051484388028896
:10C7D000A0217820F8F7F0FF4FA01021CDE900103C
:10C7E0004B4843880288B4212820F8F7E5FF4BA086
:10C7F0001021CDE90010464843880288B4217820F2
:10C80000F8F7DAFF46A01021CDE900104048438830
:10C810000288C8212820F8F7CFFF42A01021CDE9D7
:10C8200000103B4843880288C8217820F8F7C4FFED
:10C830003DA01021CDE90010354843880288DC2155
:10C840002820F8F7B9FF39A01021CDE900103048B1
:10C8500043880288DC217820F8F7AEFF34A010214D
:10C86000CDE900102A4843880288F0212820F8F7F3
:10C87000A3FF102004232246A02100904020F8F7B7
:10C8800051FF102004232A46A02100909020F8F7A1
:10C8900049FF102004233A46B42100904020F8F7C5
:10C8A00041FF102004233246B42100909020F8F775
:10C8B00039FF102004234246C82100904020F8F799
:10C8C00031FF102004234A46C82100909020F8F739
:10C8D00029FF102004235246DC2100904020F8F765
:10C8E00021FF102004235A46DC2100909020F8F705
:10C8F00019FF102000900648018803236020109A39
:10C90000F8F710FFBDE8FC9F0000002078313A00E6
:10C910004429002079313A0078323A0079323A00DD
:10C9200078333A0079333A0078343A0079343A006F
:10C930006661632069733A0000B597B000201290D9
:10C940000B9012901F21FE4801804FF6FF70FD49A9
:10C950000880F7F74DFD4FF47841F94801804FF614
:10C96000FF70F7F745FD0020F5490880F64800689C
:10C9700010216423A022CDE9001028210846F8F7F1
:10C980001BFF4FF478421421084600F04BFC0021B5
:10C99000EE4880F820109FEDEE0A80ED090A49E28A
:10C9A000EA4840680A9001200A998847E74890F8C9
:10C9B000200000F0C000402870D100200B90E34818
:10C9C00090F8200020F04000E04981F8200008465F
:10C9D000828913A9129821F82020DC48C18A13AA61
:10C9E000129802EB800041801298401CC0B2129055
:10C9F0001298012806D0022815D0032829D004282F
:10CA000010D141E04FF6FF721421084600F00AFCF5
:10CA1000D0480088143880B24FF4784214210A902C
:10CA200000F000FCE8E3CB480088143880B24FF6F1
:10CA3000FF7214210A9000F0F5FBC64840881438B4
:10CA400080B24FF4784201460A90142000F0EAFBCD
:10CA5000D2E3C0484088143880B24FF6FF720146D6
:10CA60000A90142000F0DEFBBA484088143880B2E7
:10CA70000A90B8480088143880B24FF47842099080
:10CA80000A9900F0CFFBB7E3BDF84C10BDF8500099
:10CA9000081A0A90002802DB0A9802E0ADE30A981F
:10CAA00040420F90BDF84E1013A8C088081A0A9093
:10CAB000002801DB0A9801E00A9840420E900F9886
:10CAC00040430F900E9840430E90DDE90E1008444D
:10CAD000059008F095FBCDE906019DED060B07F0EA
:10CAE000F3F98DED080B9DED080B51EC100B08F0E0
:10CAF00043FB80B21190BDF85400BDF85810401AA5
:10CB00000A90002801DB0A9801E00A9840420F9041
:10CB100013A84189C089081A0A90002801DB0A98E5
:10CB200001E00A9840420E900F9840430F900E98F3
:10CB300040430E90DDE90E100844059008F060FBBC
:10CB4000CDE906019DED060B07F0BEF98DED080B52
:10CB50009DED080B51EC100B08F00EFB80B210900D
:10CB60009DED110AF8EE400A9DED100AB8EE401A4C
:10CB700080EE810A8DED0A0A0A9808F087FECDE959
:10CB80000C019FED750B53EC102B9DED0C0B51EC34
:10CB9000100B08F049FB0ED39FED710B53EC102BDB
:10CBA0009DED0C0B51EC100B08F078FC03D31198A1
:10CBB00008B11098F0BB00201290664840881438E5
:10CBC00080B20A9063480088143880B24FF6FF7232
:10CBD00009900A9900F026FB4FF478421421084688
:10CBE00000F020FB9FED600B53EC102B9DED0C0B28
:10CBF00051EC100B08F054FBCDE908019DED080B3A
:10CC000051EC100B08F0B8FA80B213A90A90C98948
:10CC1000BDF8582013AB5B89CDE90132CDE9031093
:10CC2000BDF85400009013A8C0880990BDF85000CA
:10CC3000089000E00AE0BDF84E000790BDF84C00F7
:10CC4000069007A90EC9FFF7A3FDE5E2BDF84C1059
:10CC5000BDF85400081A0A90002801DB0A9801E088
:10CC60000A9840420F90BDF84E1013A84089081A48
:10CC70000A90002801DB0A9801E00A9840420E90D1
:10CC80000F9840430F900E9840430E90DDE90E1030
:10CC90000844059008F0B4FACDE906019DED060BB5
:10CCA00007F012F98DED080B9DED080B51EC100B00
:10CCB00008F062FA80B21190BDF85000BDF858102B
:10CCC000401A0A90002801DB0A9801E00A984042C5
:10CCD0000F9013A8C188C089081A0A90002801DBA8
:10CCE0000A9801E00A9840420E900F9840430F9036
:10CCF0000E9840430E90DDE90E100844059008F0B0
:10CD00007FFACDE906019DED060B07F0DDF88DED0C
:10CD1000080B9DED080B51EC100B08F02DFA80B2BA
:10CD200010909DED110AF8EE400A9DED100AB8EE44
:10CD3000401A80EE810A8DED0A0A0A9818E0000078
:10CD40000000002002000020480000200800002011
:10CD50000000000044290020666666666666EE3FB5
:10CD6000CDCCCCCCCCCCF03F000000000000594032
:10CD700008F08CFDCDE90C011FED090B53EC102BD5
:10CD80009DED0C0B51EC100B08F04EFA0AD31FED81
:10CD90000C0B53EC102B9DED0C0B51EC100B08F011
:10CDA0007DFB48D200201290FE484088143880B2A3
:10CDB0000A90FC480088143880B24FF6FF72099040
:10CDC0000A9900F02FFA4FF478421421084600F037
:10CDD00029FA1FED1B0B53EC102B9DED0C0B51ECA6
:10CDE000100B08F05DFACDE908019DED080B51EC40
:10CDF000100B08F0C1F980B213A90A90CA89BDF8D6
:10CE0000581013AB5B89CDE90131CDE90320BDF8A2
:10CE10005400009013A8C0880990BDF850000890F5
:10CE2000BDF84E000790BDF84C00069007A90EC94A
:10CE3000FFF7AEFCF0E1BDF85000BDF85410401A09
:10CE40000A90002801DB0A9801E00A9840420F90FE
:10CE500013A8C1884089081A0A90002801DB0A98A3
:10CE600001E00A9840420E900F9840430F900E98B0
:10CE700040430E90DDE90E100844059008F0C0F91B
:10CE8000CDE906019DED060B07F01EF88DED080BB0
:10CE90009DED080B51EC100B08F06EF980B211906B
:10CEA000BDF84C00BDF85810401A0A90002801DB6C
:10CEB0000A9801E00A9840420F90BDF84E1013A85E
:10CEC000C089081A0A90002801DB0A9801E00A9834
:10CED00040420E900F9840430F900E9840430E90A2
:10CEE000DDE90E100844059008F08AF9CDE9060145
:10CEF0009DED060B06F0E8FF8DED080B9DED080B90
:10CF000051EC100B08F038F980B210909DED110A29
:10CF1000F8EE400A9DED100AB8EE401A80EE810A44
:10CF20008DED0A0A0A9808F0B1FCCDE90C011FED5D
:10CF3000760B53EC102B9DED0C0B51EC100B08F005
:10CF400073F90AD31FED7A0B53EC102B9DED0C0BEC
:10CF500051EC100B08F0A2FA49D20020129091482F
:10CF60004088143880B20A908E480088143880B205
:10CF70004FF6FF7209900A9900F054F94FF4784285
:10CF80001421084600F04EF91FED890B53EC102BCD
:10CF90009DED0C0B51EC100B08F082F9CDE9080166
:10CFA0009DED080B51EC100B08F0E6F880B202463C
:10CFB0000A9013A8C089BDF8581013AB5B89CDE95E
:10CFC0000131CDE90302BDF85400009013A8C088D8
:10CFD0000990BDF850000890BDF84E000790BDF8CC
:10CFE0004C00069007A90EC9FFF7D2FB14E1BDF86B
:10CFF0005000BDF84C10401A00EE100AF8EEC00ABE
:10D0000068480088283800EE100AB8EEC00A80EEA2
:10D01000201A654880ED091ABDF85000BDF84C1083
:10D02000084400EE100AF8EEC00A5E48008800EEE0
:10D03000100AB8EE400A5C4890ED091A01EE600A49
:10D04000F0EE000A80EE201A80ED0B1A13A840893A
:10D05000BDF84E10401A00EE100AF8EEC00A514812
:10D060004088283800EE100AB8EEC00A80EE201A78
:10D070004D4880ED0A1A13A84089BDF84E100844A7
:10D0800000EE100AF8EEC00A4648408800EE100A8A
:10D09000B8EE400A444890ED0A1A01EE600AF0EE3C
:10D0A000000A80EE201A80ED0C1A90ED090ABDEE00
:10D0B000C00A8DED090A0998002801DB099801E0F2
:10D0C0000998404202280FDC374890ED0A0ABDEE6D
:10D0D000C00A8DED0A0A0A98002801DB0A9801E0CF
:10D0E0000A984042022842DD002012902D484088D4
:10D0F000143880B20A902B480088143880B24FF65A
:10D10000FF7209900A9900F08DF84FF478421421CB
:10D11000084600F087F825A01021CDE9001021482D
:10D1200040880A901F480088099002461A2128204A
:10D130000A9BF8F741FB1C4890F8340008B901201D
:10D1400000E00020184981F83400084690F83400C7
:10D1500030B190201A490870D0201A49087005E0B3
:10D16000D0201749087090201649087054E01F21FC
:10D17000154801804FF6FF70F7F73AF913A0102118
:10D18000CDE90010074840880A90064800880990B9
:10D1900002466E2123200A9BF8F70EFB4FF47A70AB
:10D1A00020E0000044290020080000205450204EB8
:10D1B00065656420726561646A757374210000009E
:10D1C000400000204100002000000020546F7563E3
:10D1D000682053637265656E2041646A75737420BC
:10D1E0004F4B210007F012F900F030FA4FF6FF70B4
:10D1F000F7F7FEF817B000BD00BF0A2007F006F9E8
:10D200000B98401C80B20B900B98B0F57A7F02DD32
:10D2100000F040F802E000BFFFF7C2BB00BF00BF54
:10D22000E8E7000070B504460D461646184806802B
:10D2300004F10D018AB2193988B22B462946F7F755
:10D2400003FB05F10D0083B2193881B22246204656
:10D25000F7F7FAFA6A1C91B2621C90B2F7F780FBFA
:10D260006A1C91B2621E90B2F7F77AFB6A1E91B205
:10D27000621C90B2F7F774FB6A1E91B2621E90B204
:10D28000F7F76EFB062229462046F3F798FF70BD9C
:10D290000000002010B586B018220021684600F07A
:10D2A00023FC9DF80E400A2C4CD1274800990160C0
:10D2B000046800EE104AB8EEC00ADFED240A80EEE2
:10D2C000201A234880ED091A1F480199016004685B
:10D2D00000EE104AB8EEC00ADFED1C0A80EE201AFC
:10D2E0001B4880ED0A1A184802990160046800EE94
:10D2F000104AB8EEC00A164880ED0B0A124803998E
:10D300000160046800EE104AB8EEC00A104880EDD3
:10D310000C0A9DF80D000E4981F83400084690F87B
:10D32000340030B190200B490870D0200A490870B1
:10D3300005E0D020074908709020074908700120B7
:10D3400006B010BD0020FBE74400002020BCBE4C0E
:10D350000800002040000020410000201CB5374894
:10D36000808845F21051884218D1F9F78DFE344873
:10D3700034494860084690F8340040F0800081F855
:10D380003400084690F834002C49897901F00101F5
:10D3900008432C4981F8340000201CBD01212620BF
:10D3A000F9F736FF4FF48040009000208DF804001C
:10D3B0008DF8060003208DF8050001208DF8070088
:10D3C00069462148F4F7C4F82020009000208DF829
:10D3D00004008DF8060003208DF8050001208DF86B
:10D3E000070069461948F4F7B3F84FF4304000904D
:10D3F00001208DF8040069461348F4F7A9F8114993
:10D400001631A1F10A0000F0A9F80E491631A1F178
:10D410000A0000F0A3F8FFF73DFF08B10020BCE7C9
:10D420000B480088F6F7E4FFFFF786FA00F00EF9E4
:10D43000FFF730FF00BF0120AFE7000044290020C4
:10D4400039090008080000200004024000080240DA
:10D450000200002070B506460025002400201F4968
:10D4600008601F49C1F8BC021C49091F086030460A
:10D4700000F0A6F9062006F0F1FF00201849C1F8D7
:10D48000B402012006F0EAFF01201449086006F00A
:10D49000E5FF00201249C1F8B40200BF15E04FF6C5
:10D4A000FF7000EA440400200C490860012006F0E7
:10D4B000D5FF01200A49C1F8B40208487C38006849
:10D4C00008B1601C84B2681CC5B2102DE7DB2411C2
:10D4D00001200249091F0860204670BDB482404205
:10D4E000008040422DE9FE4380460027002406E0EC
:10D4F0004046FFF7AFFF2DF81400601C84B2052CE6
:10D50000F6DB002416E0601C85B20FE03DF8140045
:10D510003DF81510884207DD3DF814603DF8150010
:10D520002DF814002DF81560681C85B2052DEDDB73
:10D53000601C84B2042CE6DB0027012405E03DF8E2
:10D540001400384487B2601C84B2042CF7DB03203B
:10D5500097FBF0F086B23046BDE8FE832DE9F0413E
:10D5600004460D4607480078FFF7BCFF064606480C
:10D570000078FFF7B7FF074626802F800120BDE81F
:10D58000F081000040000020410000207FB50446EB
:10D590000D4602A903A8FFF7E1FF064616B90020D1
:10D5A00004B070BD694601A8FFF7D8FF06460EB962
:10D5B0000020F5E7BDF80400BDF80C10884206DC39
:10D5C000BDF80C10BDF80400323081420CDBBDF810
:10D5D0000C00BDF80410884236DCBDF80410BDF81C
:10D5E0000C00323081422FDABDF80000BDF808107F
:10D5F000884206DCBDF80810BDF8000032308142D8
:10D600000CDBBDF80800BDF8001088421CDCBDF83A
:10D610000010BDF808003230814215DABDF80C1058
:10D62000BDF80420881800EBD071C1F34F012180B0
:10D63000BDF80810BDF80020881800EBD071C1F3C8
:10D640004F0129800120ABE70020A9E700B587B092
:10D650001F4890ED090ADFED1F0A20EE200ABDEEFB
:10D66000C00A1D4880ED000A00680190184890ED3E
:10D670000A0ADFED180A20EE200ABDEEC00A16489D
:10D6800080ED000A00680290114890ED0B0ABDEE93
:10D69000C00A114880ED000A006803900C4890ED24
:10D6A0000C0ABDEEC00A0C4880ED000A0068049028
:10D6B000074890F834008DF811000A208DF8120008
:10D6C0001822002101A800F07BFA07B000BD00007D
:10D6D0000800002020BCBE4C4400002010B50446C9
:10D6E00035480068002843D12CB13449A1F10A0023
:10D6F000FFF74CFF2AE03149A1F10A00FFF746FF8E
:10D7000020B32E48163890ED0B0A90ED091A808947
:10D7100000EE900AF8EE600A01EE200ABCEEC00AA4
:10D7200010EE100A254916398881084690ED0C0A3A
:10D7300090ED0A1AC08A00EE900AF8EE600A01EE37
:10D74000200ABCEEC00A10EE100AC8821B48163828
:10D7500090F8200000F0800038BBC020174916392F
:10D7600081F82000084681898182C18AC1831CE03A
:10D770001248163890F8200000F0800050B10F4891
:10D78000163890F8200020F080000C49163981F8F6
:10D7900020000AE00021094816388182C1834FF633
:10D7A000FF70064916398881C8820448163890F8F7
:10D7B000200000F0800010BD140241421E00002035
:10D7C000002100BF15E000F080021AB101220A4BCF
:10D7D0001A6002E00022084B1A604206100E002276
:10D7E000054B083B1A600122044BC3F8B4224A1CC3
:10D7F000D1B20829E7DB7047BC824042008040423A
:10D8000010B5F8F7CFFA40F225511E4800F055F850
:10D8100010B31C4800F00AF9C4B21B48008800F499
:10D820000040C8B91848008800F4804060B10A2C54
:10D8300003D000201449088020E01348008840F4F9
:10D8400000401149088019E00D2C06D10E480088CF
:10D8500040F480400C49088010E00B480088C0F379
:10D860000D000A490C5408480088401C06490880ED
:10D8700008460088C72801DD00200880F8F7A4FAD0
:10D8800010BD00000010014078000020183C00206E
:10D8900001F40072B2F5007F00D100BFCA430280DC
:10D8A000704721B1828942F40052828104E082896A
:10D8B0004DF6FF731A408281704770B5024600240E
:10D8C00000230025002040F66A16B14200D100BFB7
:10D8D000C1F3421501F01F03012606FA03F3012DDF
:10D8E00002D19689334006E0022D02D1168A3340D8
:10D8F00001E0968A33400C12012606FA04F41688D9
:10D90000344013B10CB1012000E0002070BDF0B52F
:10D910000346002400260025002040F66A17B9427D
:10D9200000D100BF1846C1F3421401F01F060127C1
:10D9300007FA06F5012C01D10C3004E0022C01D1CC
:10D94000103000E014301AB107682F43076002E07E
:10D950000768AF430760F0BD2DE9FF4705460E4657
:10D960000024A14600BFA046B08900B100BF2C8AA8
:10D9700024F44054F08804432C82AC8941F20C60BA
:10D980008443B08831890843718908430443AC81DA
:10D99000AC8A24F44074B0890443AC826846F9F739
:10D9A00077FC2048854202D01F48854202D1DDF82D
:10D9B0000C9001E0DDF80890A88900F4004040B127
:10D9C00009EBC90000EB091031684900B0FBF1F721
:10D9D00007E009EBC90000EB091031688900B0FBD2
:10D9E000F1F76420B7FBF0F004012009642101FB8A
:10D9F0001078A88900F4004040B1322000EBC80044
:10DA0000B0FBF1F000F00700044308E0322000EB27
:10DA100008106421B0FBF1F000F00F0004432C81EA
:10DA2000BDE8FF87001001400014014001468888CE
:10DA3000C0F30800704700BFFEE7000010B50446C1
:10DA4000214610A0F2F7A6FC240300F015F900F01F
:10DA5000ADF800200D4908602020FBF7CFF9C4F392
:10DA60000740FBF7CBF9C4F30720FBF7C7F9E0B297
:10DA7000FBF7C4F901200649C1F8800200F096F8CE
:10DA800010BD000066653A25780D0A00808240428C
:10DA9000008040421CB501210220F9F7B9FB0120AA
:10DAA00000908DF8040000208DF8060003208DF80A
:10DAB000050001208DF8070069460848F3F748FD86
:10DAC000012007490860FBF737F90020FBF7B2F99E
:10DAD00000F032F8034908801CBD00000004024039
:10DAE000808240425C0000202DE9F04106460C4651
:10DAF000174600200F4908600320FBF77FF9C4F3A5
:10DB00000740FBF77BF9C4F30720FBF777F9E0B296
:10DB1000FBF774F9002505E0FF20FBF76FF970555E
:10DB2000681C85B2BD42F7DB012002490860BDE8F0
:10DB3000F08100008082404210B5002400200E4990
:10DB400008609020FBF75AF90020FBF757F90020F6
:10DB5000FBF754F90020FBF751F9FF20FBF74EF9D2
:10DB600044EA0024FF20FBF749F90443012003495C
:10DB7000C1F88002204610BD8082404200804042B1
:10DB800010B500240020074908600520FBF736F98E
:10DB9000FF20FBF733F9044601200349C1F8800256
:10DBA000204610BD808240420080404210B500BF38
:10DBB000FFF7E6FF00F001000028F9D110BD0000DA
:10DBC0002DE9F05F81460F461646DFF8A8B04FEA10
:10DBD0001738C7F30B0ACAF58054A64200DC344656
:10DBE00044E04FEA08314FF480525846FFF77CFF7B
:10DBF000002508E00AEB05001BF80000FF2800D014
:10DC000003E0681C85B2A542F4DB00BFA54216DA2A
:10DC10004046FFF713FF002507E019F8050005EB64
:10DC20000A010BF80100681C85B2A542F5DB4FEA3A
:10DC300008314FF48052584600F02EF804E0224696
:10DC40003946484600F028F8A64200D10FE008F116
:10DC500001084FF0000AA1442744301B86B2B6F5F4
:10DC6000805F02DD4FF4805400E03446B9E700BF26
:10DC7000BDE8F09F182C002010B500200449086072
:10DC80000620FBF7BBF801200249C1F8800210BD55
:10DC900080824042008040422DE9F04107460E4616
:10DCA0001446F0B2C0F58075AC4200DC254612E0A7
:10DCB0002A463146384600F013F8AC4200D10BE05A
:10DCC0002F442E44601B84B2B4F5807F02DD4FF4F4
:10DCD000807500E02546EBE700BFBDE8F08100005D
:10DCE0002DE9F04106460C461746FFF7C5FF002018
:10DCF0000F4908600220FBF781F8C4F30740FBF7E7
:10DD00007DF8C4F30720FBF779F8E0B2FBF776F86B
:10DD1000002504E0705DFBF771F8681C85B2BD4218
:10DD2000F8DB012002490860FFF740FFBDE8F08101
:10DD30008082404202490120096881F854007047FE
:10DD4000A40200202DE9F0418AB00446F4F760FBFC
:10DD5000BCB32046F3F7E2FE0190D0E90012CDE912
:10DD60000412876A056A01A8F3F716FF204601F03E
:10DD700001F8060025D0204600F03CFA8046B8079E
:10DD800004D52A46414604A801F052F92046F3F78B
:10DD9000C5FE01904046F3F7C1FE06903046F3F70A
:10DDA000BDFE039005620698019AC1691162C461C3
:10DDB00001A8F3F7F1FE06A8F3F7EEFE03A8F3F7C8
:10DDC000EBFEF5F777FC0AB0BDE8F08110B504462C
:10DDD000F4F71EFB204601F0D7FCBDE81040F5F734
:10DDE00069BC2DE9FF410AAF0DF1040870CF00278F
:10DDF0000097A8E8700000F003F804B0BDE8F081D7
:10DE00002DE9FC5F9846DDE90C5491460E46074625
:10DE1000DDF83CB0F4F7FCFADFF82CA1DAF81400D6
:10DE200004434DB9BAF8020048B348480AF1380132
:10DE30000068407C51F82050681C0ED0FDB1284687
:10DE4000F3F76CFE0190B0F90010B0F902200F4416
:10DE50001644B9F1000F02D006E000250FE0B0F93A
:10DE60000430591A01F10109B8F1000F04D1B0F9D9
:10DE70000600801A00F1010801A8F3F78DFE0BF1EE
:10DE80002C00F3F786FD5FEA000B57D0BAF80200CA
:10DE9000401CAAF802005846F3F740FE00900780A5
:10DEA00007EB09014680491E818006EB0801491EE7
:10DEB000C1800E990161264A816A22401143816224
:10DEC0006846F3F769FEDAF80C005E4650B1F3F7E6
:10DED0007BFE07463046F3F777FE014678694861D6
:10DEE0007E6101E0CAF80CB02946584600F0D8FF20
:10DEF000A00602D5584600F073FDE00705D0DAF819
:10DF0000201001F10101CAF82010600602D5584620
:10DF1000FFF718FFA0070DD55846F3F7FFFD009057
:10DF2000816A41F0020181626846F3F735FE584686
:10DF300000F016FC0121584601F0DDFAF5F7BAFBB6
:10DF40005846BDE8FC9F000008030020A402002002
:10DF50009F3F0700064910B50968002081F854006A
:10DF6000F4F756FAF7F746FABDE81040F5F7A2BB0A
:10DF7000A402002010B50446C168D4E90020172A85
:10DF80000DD004DC0E2A0CD0142A07D104E0222A7A
:10DF90000CD0282A02D10CE000F0A6FE0020E060A0
:10DFA00010BD2146BDE8104000F058BD6FF0704034
:10DFB000F5E7BDE8104000F0D3BB38B5040010D041
:10DFC000F4F726FA2046F3F7A9FD00900068F4F76D
:10DFD000EFFF6846F3F7E0FD2046F3F7F9FCF5F7AD
:10DFE00069FB38BDF8B5050061D0F4F711FA284691
:10DFF00001F07AF8002858D0284600F0CDFE0646F9
:10E000000B21284601F077FA284600F01AFE284630
:10E01000F3F784FD0090406A08B1F4F7F9FA244C54
:10E02000002104F15002A162A06852F82030AB42F6
:10E0300001D142F820101E4A483252F82030AB423B
:10E0400001D142F82010206904E04368AB4200D1BE
:10E05000416000680028F8D10721284600F0F6FB4F
:10E06000009801F053FD284600F014FE284601F008
:10E07000C1F90098806AC10703D0216AA1F10101AA
:10E080002162800602D5A088401EA0806846F3F772
:10E0900083FD6088401E60802846F3F799FC0448A1
:10E0A000383050F8260000F09BFCF5F703FBF8BD74
:10E0B0000803002010B504000CD0F4F7A9F920469D
:10E0C000F3F782FD816A41F004018162BDE81040EE
:10E0D000F5F7F0BA10BD00002DE9F0410025F4F786
:10E0E00097F900E0012503F0DDFC0028FAD11A4E73
:10E0F0001A4C306890F8540038B1A08828B1E06913
:10E10000012720B10068804704E0002702E00120D9
:10E11000F5F784FFF5F7CEFA306890F8540058B15F
:10E12000A08848B1F4F774F903F080FBF5F7C2FA60
:10E13000A08808B10125EFE7F4F76AF93FB1E0697B
:10E1400010B14068804702E00020F5F767FFF5F75F
:10E15000B1FA2846BDE8F081A4020020080300209F
:10E1600070B514460D460646F4F752F92246294684
:10E17000304600F0A3FDBDE87040F5F79BBA000003
:10E1800001480068806C7047A402002003480449DD
:10E190000068407C51F8200070470000A402002075
:10E1A000400300200021022802D2024951F8201029
:10E1B000084670474003002010B5040007D0F4F76C
:10E1C00027F92046F3F700FDC469F5F773FA2046F6
:10E1D00010BD0000014602480068806C00F002B8E3
:10E1E000A40200201FB5039114210091694600F09C
:10E1F00019FC1FBD10B5040007D0F4F709F920463B
:10E20000F3F7E2FC8469F5F755FA204610BD38B5FE
:10E210000446F4F7FDF8204604F0A6F8F3F77EFC78
:10E220000090B0F90410B0F900000C1A641C6846A4
:10E23000F3F7B2FCF5F73EFA204638BD38B5044690
:10E24000F4F7E6F8204604F08FF8F3F767FC009047
:10E25000B0F90610B0F902000C1A641C6846F3F716
:10E260009BFCF5F727FA204638BD00002DE9F04F5A
:10E270009BB04FF0000B5E46CDF820B0CDF824B037
:10E28000CDF828B0F4F718FD18B100201BB0BDE898
:10E29000F08F6846F4F7EAFC0098C84DC84C401C63
:10E2A0000ED10198401C0BD120689DF8081000EB9E
:10E2B000400005EB8000007A884201D15846E5E72E
:10E2C000F4F7A6F8009800280EDB019800280BDB75
:10E2D000BC490098B1F900100844BB49009001986E
:10E2E000B1F9001008440EE00098401C0CD10198D0
:10E2F000401C09D1206800EB400055F8201005EBC8
:10E30000800000914068019005A800F063FC9DF832
:10E310000900022800D2206007AA12A92068F3F79A
:10E32000DFFF12990098401A009007990198009A0F
:10E33000401A0190206800EB400055F820109142EF
:10E340000AD105EB8000019A4168914204D1007A1C
:10E350009DF8081088427CD0DDE900019DF8092075
:10E36000F3F73EFC994F396809B1684688479848E9
:10E37000216850F8210018B9DDE9000100F020FB08
:10E3800006907A6812B10699684690478B4F2068CC
:10E39000383707EBC0014868069A824201D0012253
:10E3A00000E000220DF12009F0B1EAB1486800F068
:10E3B0005FFEC8B1206807EBC000406800F04DFE6A
:10E3C00090B19DE8070008AB07C31220CDF8449038
:10E3D0000E90206807EBC00040680EA901F0B1F86C
:10E3E000206807EBC0004660069800F041FE002858
:10E3F0007ED00699206807EBC002516000EB400018
:10E4000005EB80009DF80810007ADFF8B0A1884283
:10E410000AF1280A5DD00698C0B30698F3F77EFB90
:10E420009DF8081013908DF83410216801EB41011C
:10E4300005EB8101097A8DF83510B0F900200099BB
:10E44000891A0B91B0F902000199081A0C9013A8CF
:10E4500000E0ACE0F3F7A0FB0BA8119011200E90A8
:10E46000206800EB400105EB810191E88C000492EB
:10E47000CDE914379DF808200A729DF8281031B1B3
:10E480000AEBC0014F68069A4A6001E021E00027CC
:10E490000AEBC000D0F8048006980EA901F00AF833
:10E4A00021680AEBC1004368434501D040680690EB
:10E4B00001EB410005EB8003DDE91412049807C36A
:10E4C0003FB1384600F098F918B121680AEBC10055
:10E4D000476020689DF8081000EB400805EB8802B3
:10E4E000137A0B434BD00C234FF0010B574600E03F
:10E4F00052E00AEBC0000E934368DDF818C09C455B
:10E5000015D043689BB109B1119608E055F8281061
:10E510000891516809918DF82860CDF844904068C1
:10E520000EA901F00EF8206807EBC00046602068D5
:10E530009DF8081000EB400205EB8202117206996B
:10E5400051B39DE80E000DF12008A8E80E009DF8DB
:10E55000281021B1069907EBC000416008E01D4872
:10E56000007808B100F0A8F9206807EBC000466009
:10E570000698CDF844900EA900F0E3FF0CE0069851
:10E5800050B1069800F069FD30B19DE8070008AB76
:10E5900007C310200E90EBE721689DE81C0001EBFB
:10E5A000410005EB80001CC0684600F077F905A823
:10E5B00000F00AFFF5F77EF880E60000547B0120AA
:10E5C00010030020D4020020D6020020D003002037
:10E5D000500300206003002038B5040014D0F3F786
:10E5E00017FF2046F3F79AFA0090816A8A0706D54A
:10E5F00021F002018162026A816900F019FD68461A
:10E60000F3F7CAFAF5F756F838BD00002DE9FF5FB9
:10E610002C4D6878002853D100272B48EF60AF625B
:10E620000068DFF8A8903C464764AF806F804FF0E9
:10E63000020A4FF0FF3B40F6FF7805F1380620460E
:10E64000F3F724FC98B1CDE90297CDE900BA002197
:10E65000424643460846FFF7D3FB1A4A46F82400D1
:10E6600040326FF0704142F8241000F079F8641CD9
:10E67000022CE4DB164FDFF85C80DFF85C900024AE
:10E6800007EBC40000F0A6FA08EBC40000F0A2FA01
:10E6900009EBC40000F09EFA641C022CF0DB306829
:10E6A00000F09EF9FFF746FB012006496870303103
:10E6B0000A48086004B00846BDE8F05FF5F766BD9B
:10E6C000BDE8FF9F08030020A4020020C542010806
:10E6D0006C7B01207C7B01208C7B0120552A01086A
:10E6E00070B586B00D46060031D0F3F791FE304686
:10E6F000F3F714FA0090846AA10723D5D0E900103B
:10E70000CDE90110E00302D5304600F01EFC5DB1FA
:10E71000286803906868049003A9009800F062FAE2
:10E7200003A901A8F5F734FC314601A800F062FA0C
:10E7300040B140F601000440012C0AD001A9304646
:10E7400000F000FC6846F3F727FAF4F7B3FF06B0D1
:10E7500070BD0098026A816901A800F069FCF1E7C8
:10E760000021FFF7BDBF10B50446F3F751FE84B199
:10E770002046FFF7F5FF2046FFF71EFD044606E0A2
:10E780002046FFF7F0FF2046F3F71EFA046A002C3C
:10E79000F6D1BDE81040F4F78DBFFEB515460E4624
:10E7A00004001CD0F3F7BAF90246009090F8280054
:10E7B000800711D5314601A8F5F707FC60B168461E
:10E7C000F3F7EAF92A4601A9204604F02BF820467F
:10E7D000FFF7F2FC04460CE06846F3F7DDF9FEBDF6
:10E7E0002A4601A92046FFF7D8FF2046F3F7ECF9A7
:10E7F000046A002CF4D1FEBD10B50446F3F708FE00
:10E80000204600F071FC0446F4F754FF204610BD8A
:10E8100070B514460D460646F3F7FAFD2246294622
:10E82000304600F073FCBDE87040F4F743BF70B5AC
:10E8300014460D460646F3F7EBFD224629463046C0
:10E8400000F07BFCBDE87040F4F734BF1FB5262212
:10E8500003910092694600F001F91FBD70B586B0C2
:10E860000D4606460024F3F7D3FD0B490948096815
:10E8700050F8210048B10E210595009104A9CDE979
:10E880000316694600F0F8FD0124F4F713FF06B003
:10E89000204670BD5803002010030020054A01EBFC
:10E8A000410102EB8101D0E9002380680A60C1E9DF
:10E8B00001307047187C012010B5F3F7A9FD00F076
:10E8C0006DFDBDE81040F4F7F5BE70B5154606467F
:10E8D0008AB00C4651EA050070D0002E6ED0F3F7D6
:10E8E00097FD3046F3F71AF90590D0E90012CDE90B
:10E8F0000212CDE9061284B1816A0A0608D589059B
:10E9000006D4BDF81810A1EB0401ADF8181004E00E
:10E91000BDF81C102144ADF81C1085B1816ACA05F0
:10E9200008D5490506D4BDF81A10A1EB0501ADF8CC
:10E930001A1004E0BDF81E102944ADF81E10806ABC
:10E94000C00302D5304600F000FB05AB07CBC0E9A1
:10E95000001290F8280080070AD506AA02A908A884
:10E96000F4F748F90598026A816908A800F060FB8D
:10E97000BDF91E00BDF90E10401A0090BDF91C0033
:10E98000BDF90C10431ABDF91A00BDF90A10421A5C
:10E99000BDF91800BDF90810411A059800F0ECFD0A
:10E9A000059901F10800F5F7F3FA0521304600F06A
:10E9B000A2FD05A8F3F7F0F8F4F77CFE0AB070BDED
:10E9C00070B50C460546F3F723FD22462946002084
:10E9D00004F02EFA0446F4F76DFE204670BD0000E8
:10E9E00070B50446F3F714FD0C4D2868866C0CB91D
:10E9F0000B49CC688464204600F034FDF6F7FAFC3D
:10EA00002046F3F7E1F82968B0F90020CA64B0F9AC
:10EA100002000865F4F74EFE304670BDA4020020E7
:10EA20000803002070B50D46040009D0F3F7F0FC90
:10EA30002946204600F020FDBDE87040F4F73ABEBC
:10EA400070BD70B50C460546F3F7E2FC214628463A
:10EA500000F03EFDBDE87040F4F72CBE70B50C0030
:10EA600005460DD0F3F7D4FC2846FFF7C3FB18B1D9
:10EA70002146A56000F000FDBDE87040F4F71ABE25
:10EA800070BDF8B50E4605004FF000040FD0F3F747
:10EA9000BFFC2846F3F742F8009004690661684617
:10EAA000F3F77AF82846FFF75BFEF4F703FE2046FB
:10EAB000F8BD000002490A6808601046704700006F
:10EAC0001C03002010B5F2F723FD0249002009685D
:10EAD000486410BDA402002002490968497C00F086
:10EAE00003B80000A402002010B502466FF0704485
:10EAF000022909D2054850F8214040F82120044855
:10EB000050F82100FFF72CFE204610BD48030020DE
:10EB100040030020F8B516460C4605001DD0F3F75B
:10EB200077FC2846F2F7FAFF0090B0F90410B0F92C
:10EB30000020891A641AB0F90610B0F90200641EA8
:10EB4000081A361A761E6846F3F726F8324621462A
:10EB50002846FFF7BAFEF4F7ADFDF8BD38B504005E
:10EB600013D0F3F755FC2046F2F7D8FF0090816AE6
:10EB70008A0705D441F0020181622046FFF7F3FDC8
:10EB80006846F3F709F8F4F795FD38BD0EB50E4861
:10EB9000006890F8541009B10C4811E0806CF2F74D
:10EBA000BDFF0090D0E90010CDE901106846F2F7F2
:10EBB000F3FF0748416A11B101A800F01BF801A852
:10EBC00004F058F90EBD0000A4020020EC7A0120E8
:10EBD0000803002002490A680260086070470000CC
:10EBE000180300200B46B0F90220B0F900101846B7
:10EBF000F4F72CB838B50C4605462046F2F78EFFE0
:10EC00000146009090F82800800703D46846F2F788
:10EC1000C3FF12E02846F5F7BBF90098806920B1E0
:10EC200004466846F2F7B8FFE7E76846F2F7B4FF34
:10EC3000204601F033FC002801DA002038BD012015
:10EC400038BDF8B50546F3F7E3FB6846F4F7DCF9A1
:10EC50001AE001212046F4F7BEF9009981B178B19C
:10EC60000846F2F7B1FF4068A84209D1694620463C
:10EC7000009EF4F7DDF904463046FFF79EF904E004
:10EC800069462046F4F7D4F90446002CE1D1F4F7A4
:10EC900011FDF8BD38B50446F2F740FF00908169D8
:10ECA00041B1026A00F0C4F9204600F0BBFB0099B4
:10ECB000002088616846F2F76FFF38BD70B51646D0
:10ECC0000D46F2F781FFC4690BE031462046A847A4
:10ECD000324629462046FFF7F1FF2046F2F774FF3F
:10ECE000046A002CF1D170BD38B50C4600280AD05A
:10ECF000002C08D0F2F712FF2146009000F004F833
:10ED00006846F2F749FF38BD00224A800A808288AF
:10ED10000388D21A8A80C2884088101AC880704737
:10ED200010B5FFF767FA002802D0F2F74DFFC0696F
:10ED300010BD00000D4810B5006890F85400002880
:10ED400006D00B4C6069012803DD401E6061002085
:10ED500010BD2069401C206103F024F918B1FFF7B1
:10ED600015FF012010BD6069EFE70000A40200203C
:10ED7000E47A012070B50546FFF7D2FF08E0AC4207
:10ED800001D1002406E0F2F71FFF006AA84201D07B
:10ED90000400F4D1204670BD10B50446F2F714FF0C
:10EDA00080690028F9D12046BDE8104001F076BB0B
:10EDB000F0B5384E074687B0306890F8541041B12E
:10EDC000354C6169491C6161012905DD012007B0ED
:10EDD000F0BDFFF7DBFEF9E7806CF2F79FFE2F4DE9
:10EDE0004FF0FF3100902161297821B181680291B3
:10EDF000C068039007E090F8281089073CD5D0E957
:10EE00000010CDE902101FB1394602A8F5F7C0F88D
:10EE10003068406C78B3009804903068406C0168AA
:10EE2000059140680690686A30B104A8F2F7B4FE14
:10EE3000686AF2F773FE049005A90498FFF7D2FE02
:10EE400005A902A8F5F7A4F80DF11000F2F7A4FE49
:10EE5000696A19B102A8FFF7CDFEB0B13068816CC4
:10EE600002A8FFF7C7FE80B1DDE90201C4E9000195
:10EE7000FFF760FFABE706E06069401E606168462F
:10EE8000F2F78AFE04E06846E0E76069401E6061D0
:10EE900000209CE7A4020020E47A0120080300205F
:10EEA000FEB50D00044647D0F2F738FE0090002171
:10EEB000856101622846F2F731FE00990290C5692A
:10EEC00091F8281001F008062DB12846F2F726FE29
:10EED000019036B115E0C4616846F2F75DFE02A804
:10EEE00028E090F8280000070BD5009805620298EA
:10EEF000C4616846F2F750FE02A8F2F74DFE01A881
:10EF000018E002A8F2F748FE01A8F2F745FE2846ED
:10EF1000F2F75AFE11E004620BE02846F2F754FEC5
:10EF20005EB990F82810090707D501980462009887
:10EF300005626846F2F730FEFEBD0190056A002DBD
:10EF4000EBD1E8E7202203F06DBC38B504001ED0F9
:10EF5000F2F7E4FD009090F82810890714D5406A74
:10EF600020B1F3F755FB0099002048622046FFF7D7
:10EF700023F9044606E02046FFF7E7FF2046F2F7B4
:10EF800023FE046A002CF6D16846F2F705FE38BD70
:10EF900070B5064615460C460846F2F715FE806A1F
:10EFA000C00302D54FF4804300E020232A462146C7
:10EFB0003046BDE87040AFF300802DE9FF41984630
:10EFC000164607460D0031D00846F2F7A7FD00901F
:10EFD000846A0246A00726D5394601A8F4F7F5FF52
:10EFE00008B340F601000440012C07D0424601A9B5
:10EFF000284603F017FC0098C46912E000984346C5
:10F00000026A816901A8FFF7D8FFF4E7B4420AD089
:10F01000424601A92046FFF7C0FB2046F2F7D4FD87
:10F02000046A002CF2D16846F2F7B6FDBDE8FF8114
:10F030002023FFF7C2BF000070B50C46002550B179
:10F040004CB100BFF2F7C0FD8069A04201D101259B
:10F0500001E00028F6D1284670BD10B50124F2F772
:10F06000B3FD90F82800C00600D50024204610BD4E
:10F0700070B5104D06460E4C286804EBC000416880
:10F080003046FFF7D9FF296804EBC102516829B166
:10F0900000215268B24203D1012202E00121F8E7C7
:10F0A00000220143114301D0012070BD002070BD3A
:10F0B0006C7B01201003002090F828309B0711D5AD
:10F0C000B0F900308B420DDCB0F904308B4209DB23
:10F0D000B0F90210914205DCB0F90600904201DB64
:10F0E000012070470020704710B504460648C068EC
:10F0F00006E0A04201D1012010BDF2F765FD406994
:10F100000028F6D110BD000008030020F8B5154610
:10F110000E46040010D0F2F701FD0090B0F9001087
:10F12000B0F90200761A2D1A6846F2F735FD2A4624
:10F130003146204600F001F8F8BDF0B58BB006006E
:10F140004FF0000015460C4604900590069007907D
:10F150003DD054EA05003AD03046F2F7DFFC00908B
:10F16000D0E90012CDE902122A462146F3F76EFDDE
:10F1700000982A4621460830F3F768FD0098C769D1
:10F180006846F2F709FD2A462146384603F0EBFBB4
:10F190003046F2F7C3FC009090F8281089070AD592
:10F1A000816941B1026AFFF7F3FE0098026A816942
:10F1B00002A8FFF7EDFE6846F2F7EEFC032004908C
:10F1C00007AA08A831C204A9304600F055F90BB0CF
:10F1D000F0BD00002DE9F14187B000250798F2F756
:10F1E0009DFC0190D0E90212CDE9031207698669FE
:10F1F000846A01A8F2F7D0FC44F2200814EA080F50
:10F2000030D0DFB103A80799FFF7F4FCB0B107983D
:10F21000FFF7E6FB60070DD556B144F30000401C34
:10F220000090002307AA114903A8F3F715FA05E097
:10F230000120F5E7079800F065F801250798F2F737
:10F240006DFC0190816A21EA080181628A0402D57D
:10F2500041F00401816201A8F2F79EFC044988880C
:10F26000401E888008B02846BDE8F0815D41010855
:10F2700008030020F0B589B00546F2F74FFC029074
:10F28000866A0469D0E90210CDE9001002A8F2F7FD
:10F2900083FC002C31D0B0072FD52E212846FFF754
:10F2A000D0FB174C6F46207800F101002070F0046D
:10F2B0004FF00F0609D5CDE904650797FFF702FC6B
:10F2C00004A9284600F0D8F810E03846FFF770FD92
:10F2D0000AE0CDE904650797FFF7F4FB04A9284687
:10F2E00000F0CAF8FFF726FD0028F2D120782F2180
:10F2F000401E20702846FFF7A4FB09B0F0BD0000B7
:10F300000803002038B50446F2F708FC0090806A34
:10F3100040F601010840012805D06846F2F73CFCA0
:10F32000204603F0D9FB1448006A002823D0204669
:10F3300003F02AFC2046F2F747FC8569046A18E0CE
:10F340002046F2F741FC90F82800C043800702D124
:10F35000204603F0D3FB204603F016FC2046F2F7CC
:10F3600033FC046A002CEBD12846F2F72DFC8569AA
:10F37000046A002DF6D138BD08030020B0F9001052
:10F38000B0F90420914205DCB0F90210B0F9060092
:10F39000814201DD00207047012070477FB5094D93
:10F3A000074C286854F82000002808D01821009144
:10F3B000694600F061F82968002044F821007FBD0B
:10F3C0005003002010030020094B1968002905D0C4
:10F3D0000022814206D108680AB1106070470028F7
:10F3E000186070470A4609680029F2D1704700008A
:10F3F0001803002070B505460948C0680CE000BF3E
:10F40000F2F7E2FB04464069A84205D12846F2F72C
:10F41000DBFB4069606170BD0028F1D170BD000068
:10F420000803002070B50646F2F7CEFB054680695A
:10F43000002809D0F2F7C8FB0446C069B0420ED1DB
:10F44000F2F7C2FB006AE06170BD00BFF2F7BCFBDF
:10F450000146006AB04202D1286A086270BD0028E5
:10F46000F4D170BD10B5FFF797FC002803DBBDE8B1
:10F470001040F3F7D1BC10BD70B50D4C06460D46DB
:10F48000206814280DDA3046F2F79EFB01696E60A1
:10F4900041B12068401C2060284688472068401EF3
:10F4A000206070BD2846BDE87040FEF763BD0000D7
:10F4B000CC03002070B50C460546FFF7CEFD0028B2
:10F4C00005D021462846BDE87040FFF7D5BF70BD86
:10F4D0007FB50546002000900190029003900C46F5
:10F4E0002846F2F771FB0269002A03D06846CDE98D
:10F4F000004590477FBD1FB5CDE900106946FFF775
:10F50000BBFF1FBD7FB505460E464868C96803911D
:10F51000CDE901050D202C46009008E02046FEF7BD
:10F5200069FE040003D069460396FFF7C3FF204637
:10F53000FFF762F90028F1D131462846FFF7BAFFFC
:10F540007FBDF8B5CC680D46064684B1F2F7E6FA01
:10F550000090B0F900002168081A206000996068E6
:10F56000B1F90210401A60606846F2F715FB2946AF
:10F570003046FFF7C7FFF8BD2DE9FF4F81B09B462E
:10F58000C66962E03046F2F7C9FA01460090D1E957
:10F590000004896A254601F420730246802B09D0B5
:10F5A000B3F5207F029B134406D063F30F02029B46
:10F5B000234405E002EB0B0363F30F0204EB0B03A0
:10F5C00001F4A06163F30F04B1F5807F0BD0B1F5B6
:10F5D000A06F03994FEA224307D0194461F31F42F9
:10F5E0002314039906E00E991314194461F31F4282
:10F5F0000E99231419440FFA82FA61F31F440FFA8B
:10F6000080F917144FEA2048AAEB0901A7EB08027A
:10F6100051EA020002D03046FFF709F92AB221B2BE
:10F62000A2EB0900A1EB0A01091AC7EB2440C8EBC1
:10F630002542821A51EA020002D03046FFF745F90E
:10F640000098066A6846F2F7A7FA002E9AD105B02C
:10F65000BDE8F08F2DE9F0411B4D0C460646A96828
:10F66000686B0144491EA019884205D8016819B980
:10F6700041680E4403F016FB686BA0420AD254F8AE
:10F68000040C271A386828B978680644384603F00D
:10F6900009FB3C46304602F041FF05EBC00732460D
:10F6A000002120463B6C04F049F857F8400F08341D
:10F6B00000B144602060002060603C6028683044F5
:10F6C00028603046BDE8F081947901202DE9F041B1
:10F6D000054603F055F82B48C46BAC4202D8ED1C2C
:10F6E00025F00304804600680C34A04202D20020BA
:10F6F000BDE8F08103F096FA0600F9D0204602F04A
:10F700000DFF424611E000BF02EBC001096C59B188
:10F710008D686B68A3420BD2A96829B18D686B68AC
:10F72000A34205D2002DF7D1401C1028ECD31FE0D6
:10F73000F5B1D8F83C00191B0C301F46814200D2AD
:10F740003C46284603F0AEFA0421D8F8300001EB1D
:10F75000C6010023455022463146284603F0EEFFFD
:10F76000A74203DD2919381BFFF774FF3046BFE7B6
:10F77000204603F0DFFA0028C0D0304603F072FACA
:10F78000B5E70000947901207CB5040016D0F2F7AB
:10F79000C5F90090016A91B190F82800000713D4D0
:10F7A0000846F2F7BBF9019090F82800000708D549
:10F7B0006846F2F7F1F901A8F2F7EEF97CBD684668
:10F7C000FAE701A8F2F7E8F9009885696846F2F7C8
:10F7D000E3F92046FFF726FE29462046FFF760FBA7
:10F7E0002046FEF7BDFF002202492046FEF7B8FC86
:10F7F0007CBD000059410108012070477FB50446D7
:10F800004FF4806000900394FEF7C0FC0546694603
:10F81000FFF708F9FEF7BAFC0546FEF7A1FF7FBD2A
:10F82000F0B40F4C246814B1A446F0BC60470D4DF1
:10F83000DFF834C010C855FA84F63778C4F30726C9
:10F84000C4F307441CF806602C5D521E04EB4614FA
:10F8500004EBC7240C801944ECD1F0BC70470000C5
:10F86000880200202CAA01082CAB010810B510C892
:10F870000C601944521EFAD110BD00002DE9F0476A
:10F880008146F5F777F94FF0000807466FF07F449F
:10F890004546F5F787F9060018D000BF56F8251041
:10F8A000494502D12846BDE8F0876D1CBD42F5DB15
:10F8B0005FF00005484656F82510F2F7CDF9A04252
:10F8C00001D20446A8466D1CBD42F3DB4046EAE780
:10F8D0007047000010B5084A52FA80F1074BC0F398
:10F8E0000724C0F307401B5D105C097800EB431050
:10F8F00000EBC12010BD00002CAA01082CAB0108B0
:10F900002DE9F05F9A46DDE90A8791460C460546E7
:10F910008B46164635F8020B41468847B84701C466
:10F92000761EF7D15046BAF1200F06D2024649465C
:10F930005846BDE8F05FF3F745BFBDE8F09F2DE9FD
:10F94000F041054640690E463421008801EB8000F5
:10F95000F2F710F80746F2F7E1F8044628688069E4
:10F96000F2F794FAC1688A6A08219047032810DBED
:10F9700004280DDD082809DD102803DD20200421DE
:10F98000A06108E010200221A06104E0082000E04E
:10F9900004200121A061216168690088E061484379
:10F9A0006061F2F793F86169814200DD606104F102
:10F9B000340000212060C4E9027184F83060012E17
:10F9C00005D0E1696FF0030202EB81010844606039
:10F9D0002046BDE8F08100002DE9F04385B0814666
:10F9E000F2F79CF80390B0F90080B0F90270B0F91A
:10F9F0000440B0F90650466A03A8F2F7CDF8A4EB2C
:10FA00000804ED1B641C6D1C002C01DD002D03DCC3
:10FA1000002005B0BDE8F083AEB13046F2F77EF8C5
:10FA20000490B0F90440B0F9065004A8F2F7B4F815
:10FA30004046444501D1BD424FD001463A4630468A
:10FA4000F2F734FF49E0FEF7A1FB814513D1F5F74A
:10FA5000DDF80646F5F7E6F8B44201DC85420ADD3A
:10FA6000B44200DD3446854200DD05462A46214683
:10FA70004846FFF74FF81D4A1D4901208DE8070051
:10FA80002B46224639464046F2F77CFF064648465A
:10FA9000F2F744F8039046620EB3816A41F4803174
:10FAA000816203A8F2F778F83046F2F7D1FE0746F4
:10FAB0000120F3F775FE3046F2F779FE0D496C43ED
:10FAC000A2000978F4F76AFB4846FFF7D3FB002051
:10FAD000F3F766FE3846F2F7BBFE304699E703A817
:10FAE000F2F75AF84846FFF7C5FB91E794BB0108C7
:10FAF000ECBB0108C80300200349884202D101F190
:10FB00003C0070470C387047C47B012010B5044698
:10FB1000E069FEF767FAE0690028F9D110BD00003E
:10FB200010B508A0FFF76AFE40F2E240F2F7C0F914
:10FB300009480068FEF706F940F2E240F2F7B8F92A
:10FB400010BD0000574D5F4272696E67546F426F7F
:10FB500074746F6D282900007C02002010B508A085
:10FB6000FFF74CFE40F2E240F2F7A2F908480068C5
:10FB7000FEF72CF940F2E240F2F79AF910BD0000CE
:10FB8000574D5F4272696E67546F546F7028290039
:10FB90007C02002070B53BA0FFF730FE002411E08E
:10FBA000F2F7BEFB0546002201213E480068FEF741
:10FBB0003EFEF2F7B5FB401BC0F10F063046F2F7F0
:10FBC00077F9641C192CEBDB002411E0F2F7A8FB99
:10FBD00005460122002133480068FEF728FEF2F7AF
:10FBE0009FFB401BC0F10F063046F2F761F9641C21
:10FBF000192CEBDB002411E0F2F792FB0546002202
:10FC0000511E28480068FEF712FEF2F789FB401BE0
:10FC1000C0F10F063046F2F74BF9641C322CEBDBD7
:10FC2000002412E0F2F77CFB05464FF0FF32002182
:10FC30001C480068FEF7FBFDF2F772FB401BC0F1A9
:10FC40000F063046F2F734F9641C192CEADB002465
:10FC500011E0F2F765FB054600220121114800681A
:10FC6000FEF7E5FDF2F75CFB401BC0F10F063046E6
:10FC7000F2F71EF9641C192CEBDB40F2E240F2F7BC
:10FC800017F970BD44656D6F7374726174696E6746
:10FC900020636C697070696E67206F6620636869A5
:10FCA0006C640000840200203EB5FEF76FFA044643
:10FCB0001849FEF7E6FE1849086018A0FFF79EFDF8
:10FCC00040F2E240F2F7F4F80020194906226423DA
:10FCD000CDE900210290A52246213220FEF781F8CD
:10FCE000144908604FF4D070F2F7E2F8002012498E
:10FCF00006226423CDE900210290A5227D216920FE
:10FD0000FEF76FF80D49086040F2E240F2F7D0F8D4
:10FD10003EBD0000453F010878020020574D5F437B
:10FD2000726561746557696E646F772829000000F9
:10FD3000A14101087C02002031420108800200201C
:10FD40001FB50EA0FFF75AFD40F2E240F2F7B0F8FF
:10FD5000002010490622104B1B68CDE90032CDE986
:10FD600002102823912232210A20FEF749F80B497C
:10FD7000086040F2E240F2F79BF81FBD574D5F4329
:10FD8000726561746557696E646F774368696C6406
:10FD900028290000C53F01088002002084020020BD
:10FDA00010B517A0FFF72AFD40F2E240F2F780F805
:10FDB00018480068FEF716F94FF4D070F2F778F89B
:10FDC00015480068FEF70EF940F2E240F2F770F8CD
:10FDD00012A0FFF713FD40F2E240F2F769F8FEF7D8
:10FDE000D5F904460E4801682046FEF74AFE4FF456
:10FDF0007F400C490860FF200B49086010BD0000DF
:10FE0000574D5F44656C65746557696E646F7728FC
:10FE100029000000800200207C0200200000000079
:10FE200078020020600200206802002010B50FA0B8
:10FE3000FFF7E4FC40F2E240F2F73AF811480068BC
:10FE4000FEF7CAFB40F2E240F2F732F80EA0FFF7ED
:10FE5000D5FC40F2E240F2F72BF80A480068FEF7C2
:10FE60007DFE40F2E240F2F723F810BD574D5F48A7
:10FE700069646557696E646F77284368696C6429A3
:10FE80000000000084020020574D5F53686F7757D1
:10FE9000696E646F77284368696C6429000000000C
:10FEA00010B515A0FFF7AAFC40F2E240F2F700F807
:10FEB00017480068FEF790FB4FF4D070F1F7F8FF99
:10FEC00014480068FEF788FB40F2E240F1F7F0FFCB
:10FED00011A0FFF793FC40F2E240F1F7E9FF0D4873
:10FEE0000068FEF73BFE0A480068FEF737FE40F266
:10FEF000E240F1F7DDFF10BD574D5F48696465577B
:10FF0000696E646F7728506172656E742900000015
:10FF1000800200207C020020574D5F53686F7757A6
:10FF2000696E646F7728506172656E7429000000F5
:10FF300010B50BA0FFF762FC4FF47F000E4908607C
:10FF400000120E49086040F2E240F1F7B1FF0C48A0
:10FF50000068FEF705FC40F2E240F1F7A9FF10BD92
:10FF6000574D5F496E76616C696461746557696E5F
:10FF7000646F7728290000006002002064020020DE
:10FF80007C02002070B526A0FFF738FC40F2E2406A
:10FF9000F1F78EFF01241BE0F2F7C2F9054604F1E8
:10FFA000460204F1320121480068FEF731FCC4F139
:10FFB0007D02C4F169011E480068FEF729FCF2F7D2
:10FFC000AFF9401BC0F10F063046F1F771FF641C1A
:10FFD000382CE1DB01241BE0F2F7A2F90546C4F15D
:10FFE0007D02C4F1690111480068FEF711FC04F1BB
:10FFF000460204F132010E480068FEF709FCF2F7F0
:020000040801F1
:100000008FF9401BC0F10F063046F1F751FF641C19
:10001000382CE1DB40F2E240F1F74AFF70BD00000E
:10002000574D5F4D6F7665546F2829007C02002084
:100030008002002070B523A0FFF7E0FB40F2E24011
:10004000F1F736FF002418E0F2F76AF905460122BD
:10005000114620480068FEF7EAFB4FF0FF321146D8
:100060001D480068FEF7E3FBF2F75AF9401BC0F1A8
:100070000F063046F1F71CFF641C372CE4DB00242C
:1000800018E0F2F74DF905464FF0FF3211461148DE
:100090000068FEF7CCFB012211460F480068FEF70E
:1000A000C6FBF2F73DF9401BC0F10F063046F1F7F1
:1000B000FFFE641C372CE4DB40F2E240F1F7F8FE6F
:1000C00070BD0000574D5F4D6F766557696E646F68
:1000D000772829007C020020800200202DE9F041D1
:1000E0005EA0FFF78BFB40F2E240F1F7E1FE282033
:1000F00002F000FC4FF4D070F1F7DAFE5DA0FFF7DC
:100100007DFB4FF4D070F1F7D3FE002418E0F2F736
:1001100007F90546012211465E480068FEF787FB95
:100120004FF0FF3211465C480068FEF780FBF2F7A3
:10013000F7F8401BC0F10F063046F1F7B9FE641C1A
:10014000372CE4DB002418E0F2F7EAF805464FF01C
:10015000FF3211464F480068FEF769FB0122114645
:100160004D480068FEF763FBF2F7DAF8401BC0F178
:100170000F063046F1F79CFE641C372CE4DB4FF48D
:100180009C70F1F795FE1E2002F08CFB40F271206E
:10019000F1F78EFE41A0FFF731FB40F2E240F1F7AC
:1001A00087FE1E2002F0A6FB4FF49C70F1F780FE44
:1001B000FDF7ECFF07463E4801683846FEF761FC54
:1001C000002418E0F2F7ACF8054601221146314848
:1001D0000068FEF72CFB4FF0FF3211462E480068F6
:1001E000FEF725FBF2F79CF8401BC0F10F063046E6
:1001F000F1F75EFE641C372CE4DB002418E0F2F714
:100200008FF805464FF0FF32114622480068FEF78E
:100210000EFB0122114620480068FEF708FBF2F7AA
:100220007FF8401BC0F10F063046F1F741FE641C19
:10023000372CE4DB4FF4D070F1F73AFEFDF7A6FF60
:1002400007461C49FEF71DFC282002F02BFB40F25C
:10025000E240F1F72DFEBDE8F081000044656D6FCE
:100260006E7374726174696E67207265647261770F
:10027000696E67005573696E6720612063616C6CFD
:100280006261636B20666F72207265647261776968
:100290006E6700007C0200208002002057697468AD
:1002A0006F757420726564726177696E6700000013
:1002B00078020020453F010870B534A0FFF79EFA90
:1002C00040F2E240F1F7F4FD1E2002F013FB00249F
:1002D00018E0F2F725F8054601221146304800687B
:1002E000FEF7F3FA4FF0FF3211462E480068FEF792
:1002F000ECFAF2F715F8401BC0F10F063046F1F7A3
:10030000D7FD641C142CE4DB002418E0F2F708F895
:1003100005464FF0FF32114621480068FEF7D5FA36
:10032000012211461F480068FEF7CFFAF1F7F8FFE7
:10033000401BC0F10F063046F1F7BAFD641C282CB3
:10034000E4DB002418E0F1F7EBFF0546012211463B
:1003500013480068FEF7B9FA4FF0FF321146114812
:100360000068FEF7B2FAF1F7DBFF401BC0F10F06A1
:100370003046F1F79DFD641C142CE4DB1E2002F0D6
:1003800091FA40F2E240F1F793FD70BD574D5F5294
:100390006573697A6557696E646F77282900000074
:1003A0007C0200208002002010B51CA0FFF726FA76
:1003B0001F4920480068FEF764FB1E480068FEF7EE
:1003C000CFF940F27120F1F773FD1B491B4800681B
:1003D000FEF757FB19480068FEF7C2F940F6A66021
:1003E000F1F766FD164913480068FEF74AFB11480D
:1003F0000068FEF7B5F940F27120F1F759FD114997
:100400000E480068FEF73DFB0C480068FEF7A8F9AF
:1004100040F2E240F1F74CFD10BD0000574D5F5334
:10042000657443616C6C6261636B28290000000095
:10043000554001087C020020D540010880020020C0
:10044000A14101083142010810B54FF47F00F2F7D5
:10045000FBFCF1F723FC0BA001F0C0F940F2537054
:10046000F1F726FD0020FEF737FB40F27120F1F78F
:100470001FFD0020F2F7E8FC6FF07040FEF72CFB48
:1004800010BD0000574D5F5365744465736B746F06
:1004900070436F6C6F722829000000000146064A05
:1004A000002000BF52F820308B4204D0401C0228AC
:1004B000F8DB4FF0FF30704740030020F7B51546DA
:1004C000184A01A9009812689047174C00902068BC
:1004D000406920B12946F2F753FC002821D00120C1
:1004E000F3F79CFD2068C069406920B18268DDE9AE
:1004F0000001904712E00D4D0CE06846F2F7A0FFB6
:1005000006462068C069016830468847296809B1F5
:10051000304688470198401E0190EED50020F3F741
:100520007DFDFEBD00040020A4020020CC020020BE
:100530002DE9F04781460C4617461D46DDF8208020
:10054000B9B2A0B2F4F776FF0948008909490968F1
:10055000088007E02E88084800680680A8F1010896
:10056000641CAD1CB8F1000FF4DCBDE8F08700009E
:1005700044290020B4000020B80000202DE9FF4FDE
:1005800083B081460E461C46DDE9117A109DDAF8EB
:1005900000000290DAF8040001902E44324800680E
:1005A000007C00F0030030B1012836D002281CD0B6
:1005B000032855D130E000BF207880222A41104026
:1005C00008B1019800E0029803463146761C48467F
:1005D000059A02F0DDFC681C0546082801D10025BB
:1005E000641C781E071EE7D13AE000BF2078802106
:1005F0002941084028B131464846019B059A02F03E
:10060000C7FC761C681C0546082801D10025641C1F
:10061000781E071EEAD123E000BFD9F810108868C1
:100620008047804600BF207880212941084060B182
:1006300031464846059A01F07FFF83468BEA08035E
:1006400031464846059A02F0A3FC761C681C054614
:10065000082801D10025641C781E071EE3D100BFC5
:1006600000BF07B0BDE8F08FA40200202DE9FF5FB6
:100670009046DDE90E924B4B99F80050C2F1080408
:100680008A465D5DDDE91071D540474A139E1268C8
:10069000127C12F0030225D0012A03D0022A37D09F
:1006A000032A7DD10069806880471FFA80FBBC4225
:1006B00000D93C463F1BBAF1000F65D0E8070AD0CD
:1006C000DAF808004146039A036850469847318893
:1006D00081EA0B013180B61C6D0808F10108641E27
:1006E000ECD15BE02F4ABC4200D93C46B7EB040793
:1006F00005F001006D0831F8200026F8020B641E99
:10070000F6D1002F4CD019F8010F0824155CEAE748
:1007100088881FFA80FBBC4200D93C463F1BBAF1D7
:10072000000F16D08DB1E80708D0DAF8080041466E
:10073000039A036850469847A6F800B0B61C08F123
:100740000108641E11D06D08ECE706EB4406A044D6
:100750000BE045B1E80701D0A6F800B0B61C641E56
:1007600003D06D08F5E706EB4406002F18D019F802
:10077000011F0C480824455CCDE719F8011F094802
:100780000824455C93E70BE0E80703D0308880EA53
:100790000B003080B61C6D08641EF5D1002FECD123
:1007A000BDE8FF9FA8AC0108A40200202DE9FF4F7F
:1007B00081B08A46DDF8388011ACDFF8FCB098F8DB
:1007C00000509146DDE90F1745CC1BF80550C1F1EB
:1007D0000804CD4039495B460968097C11F00301E2
:1007E0001ED0012903D002292FD0032961D110681E
:1007F0000069806880475946BC4200D93C463F1B8F
:10080000EA0702D0326842403260361D6D08641E2D
:10081000F6D1002F4DD018F8012F08248D5CEBE79E
:100820001946BC4200D93C46B7EB040705F001026B
:100830006D0850F82220641E04C6F7D1002F38D06E
:1008400018F8012F08248D5CEBE740680090BC424B
:1008500000D93C463F1BBAF1000F16D08DB1E80716
:1008600008D0DAF808004946049A036850469847C9
:1008700000983060361D09F10109641E11D06D0821
:10088000ECE706EB8406A1440BE045B1E80701D094
:1008900000983060361D641E03D06D08F5E706EB46
:1008A0008406002F05D018F8011F08241BF80150FA
:1008B000CDE705B0BDE8F08FA8AC0108A402002088
:1008C0002DE9FF4F81B00F469846DDE90F9A98F861
:1008D00000B00E9D0E9D2F4453480068007C00F030
:1008E000030010B102284BD14BE0BAF1000F25D024
:1008F00000BFC5F103004400C4F10601C020084157
:1009000000EA0B0020FA04F65AF826000090394657
:100910007F1CDDE90030039A02F03AFB681C0546B3
:10092000042805D1002508F10100804690F800B0A8
:10093000A9F10100B0F10009DBD121E000BFC5F150
:1009400003004400C4F10601C020084100EA0B0086
:1009500020FA04F639467F1C3346039A019802F0C8
:1009600017FB681C0546042805D1002508F1010085
:10097000804690F800B0A9F10100B0F10009DED185
:100980004DE0BAF1000F26D000BFC5F103004400CE
:10099000C4F10601C020084100EA0B0020FA04F669
:1009A00046B15AF8260000903946DDE90030039A36
:1009B00002F0EEFA7F1C681C0546042805D10025CC
:1009C00008F10100804690F800B0A9F10100B0F1F3
:1009D0000009DAD122E000BFC5F103004400C4F1F0
:1009E0000601C020084100EA0B0020FA04F62EB1EF
:1009F00033463946039A019802F0CAFA7F1C681CF4
:100A00000546042805D1002508F10100804690F82C
:100A100000B0A9F10100B0F10009DDD100BF00BFB5
:100A200005B0BDE8F08F0000A40200202DE9FF5FB3
:100A30008B460FA9DDF83880B1E82104C0F104012C
:100A4000CCB298F80010400081402F48129F914688
:100A50000068CEB2007C10F0030004D001283AD028
:100A600002284FD114E0AC4200DDECB22D1BB109DD
:100A70003AF8210027F8020BB006060E641E14F0A7
:100A8000FF04F4D1002D3DD0042418F8016FEAE7EB
:100A9000AC4200DDECB22D1BB0090DD0B109BBF1A9
:100AA000000F3AF82100388006D0DBF808004946EC
:100AB000039A036858469847B006BF1C060E641E8A
:100AC00009F1010914F0FF04E6D1002D1AD0042425
:100AD00018F8016FDCE7AC4200DDECB22D1BB00969
:100AE00003D0388880F0FF003880B006BF1C060EA7
:100AF000641E14F0FF04F2D1002D03D0042418F872
:100B0000016FE8E7BDE8FF9FA40200202DE9FF5F29
:100B10008B460FA9DDF83880B1E82104C0F104014B
:100B2000CCB298F80010400081402F48129F9146A7
:100B30000068CEB2007C10F0030004D0012839D048
:100B400002284ED113E0AC4200DDECB22D1BB109FE
:100B50005AF8210001C7B006060E641E14F0FF0407
:100B6000F5D1002D3DD0042418F8016FEBE7AC421D
:100B700000DDECB22D1BB0090DD0B109BBF1000FA7
:100B80005AF82100386006D0DBF808004946039A7D
:100B9000036858469847B0063F1D060E641E09F1CB
:100BA000010914F0FF04E6D1002D1AD0042418F82E
:100BB000016FDCE7AC4200DDECB22D1BB00903D0C5
:100BC000386880F0FF003860B0063F1D060E641ED6
:100BD00014F0FF04F2D1002D03D0042418F8016FA3
:100BE000E8E7BDE8FF9F0000A40200202DE9F041E6
:100BF00007460D4690461C46069E08E0424629469A
:100C00003846236802F0C4F9761E6D1C241D002EA0
:100C1000F4DCBDE8F0812DE9F0479946DDE90854A0
:100C20000A9F92465FEA0108064608D0D8F80800F5
:100C300023464A46D0F804C051464046E047306952
:100C4000C06830B1A20029463846BDE8F047EFF74A
:100C5000E4BC28462146002604C8120E02D1761CA8
:100C6000491EF9D156B1B20029463846EFF7D5FCF6
:100C700007EB860705EB8605A41B0CE02868010E30
:100C8000FF2905D2C1F1FF023968F3F725FA386070
:100C90003F1D2D1D641E002CDBD1BDE8F087000038
:100CA0002DE9FF4F81B00F469846DDE90F9A98F87D
:100CB00000B00E9D0E9D2F4453480068007C00F04C
:100CC000030010B102284BD14BE0BAF1000F25D040
:100CD00000BFC5F101008400C4F10401F020084107
:100CE00000EA0B0020FA04F65AF826000090394674
:100CF0007F1CDDE90030039A02F04AF9681C0546C2
:100D0000022805D1002508F10100804690F800B0C6
:100D1000A9F10100B0F10009DBD121E000BFC5F16C
:100D200001008400C4F10401F020084100EA0B0036
:100D300020FA04F639467F1C3346039A019802F0E4
:100D400027F9681C0546022805D1002508F1010095
:100D5000804690F800B0A9F10100B0F10009DED1A1
:100D60004DE0BAF1000F26D000BFC5F101008400AC
:100D7000C4F10401F020084100EA0B0020FA04F657
:100D800046B15AF8260000903946DDE90030039A52
:100D900002F0FEF87F1C681C0546022805D10025DC
:100DA00008F10100804690F800B0A9F10100B0F10F
:100DB0000009DAD122E000BFC5F101008400C4F1CE
:100DC0000401F020084100EA0B0020FA04F62EB1DD
:100DD00033463946039A019802F0DAF87F1C681C02
:100DE0000546022805D1002508F10100804690F84B
:100DF00000B0A9F10100B0F10009DDD100BF00BFD2
:100E000005B0BDE8F08F0000A40200202DE9F05FDE
:100E100092460BAA8946B2E842010A9F9B468B0084
:100E20003A78C1F102009A40D5B24D4A0E9CC0B248
:100E30001268127C12F003021AD0012A79D0022A19
:100E400038D100295FD028090DD02909B9F1000F48
:100E500038F82100208006D0D9F808005A465146BB
:100E6000036848469847A41C0AF1010A761E48E028
:100E700039B12909761E38F8210024F8020B17F839
:100E8000015F022E10DB701006F001062A0938F807
:100E9000221005F00F02218038F822106180241DF5
:100EA00017F8015F401EF1D1002E03D0290938F850
:100EB00021002080BDE8F09F28090DD02909B9F153
:100EC000000F38F82100208006D0D9F808005A46D3
:100ED000514603684846984715F00F000DD038F882
:100EE00020006080B9F1000F07D0D9F808005A46F9
:100EF0000AF10101036848469847241D0AF1020AD5
:100F0000B61E17F8015F022ED6DA002ED2D02809BD
:100F1000D0D038F820002080B9F1000FCAD0D9F81D
:100F200008005A46514603684846BDE8F05F184736
:100F3000FFE7B04200DDF0B2361AA90903D02188DC
:100F400081F0FF0121802907A41C0D0E401E10F026
:100F5000FF00F2D1002EADD0022017F8015FE8E7C4
:100F6000A40200202DE9F05F92460BAA8946B2E860
:100F700042010A9F9B468B003A78C1F102009A40D9
:100F8000D5B24D4A0E9CC0B21268127C12F0030218
:100F90001AD0012A78D0022A37D100295ED0280938
:100FA0000DD02909B9F1000F58F82100206006D0B2
:100FB000D9F808005A465146036848469847241D08
:100FC0000AF1010A761E47E031B12909761E58F868
:100FD000210001C417F8015F022E10DB701006F02B
:100FE00001062A0958F8221005F00F02216058F86E
:100FF00022106160083417F8015F401EF1D1002E05
:1010000003D0290958F821002060BDE8F09F280985
:101010000DD02909B9F1000F58F82100206006D041
:10102000D9F808005A46514603684846984715F0D3
:101030000F000DD058F820006060B9F1000F07D004
:10104000D9F808005A460AF1010103684846984752
:1010500008340AF1020AB61E17F8015F022ED6DA2A
:10106000002ED2D02809D0D058F820002060B9F145
:10107000000FCAD0D9F808005A46514603684846BE
:10108000BDE8F05F1847FFE7B04200DDF0B2361A66
:10109000A90903D0216881F0FF0121602907241DDF
:1010A0000D0E401E10F0FF00F2D1002EADD0022038
:1010B00017F8015FE8E70000A40200202DE9F047DF
:1010C00081460F4692461C46DDE9085826480068CE
:1010D000007C00F0030010B1022841D11EE0B8F1FD
:1010E000000F0ED00AE0267858F8263052463946CE
:1010F000484601F04DFF6D1E7F1C641C002DF2DC84
:101100000BE008E0237852463946484601F040FF9C
:101110006D1E7F1C641C002DF4DC21E0B8F1000F73
:101120000FD00BE0267836B158F8263052463946B3
:10113000484601F02DFF6D1E7F1C641C002DF1DC64
:101140000DE00AE026782EB133465246394648462D
:1011500001F01EFF6D1E7F1C641C002DF2DC00BF21
:1011600000BFBDE8F0870000A40200202DE9FF4F7A
:1011700083B015461E46DDE914BADDE91297DDF8A5
:101180004080119808283FD006DC012809D00228A9
:1011900018D0042863D126E0102844D020285ED13E
:1011A0004FE000240BE062193B46CDE900B6CDF8D4
:1011B00008A0DDE90301FFF7E1F94F44641C444551
:1011C000F1DB4CE000240BE062193B46CDE900B6B0
:1011D000CDF808A0DDE90301FFF772FB4F44641C62
:1011E0004445F1DB3BE000240BE062193B46CDE9CE
:1011F00000B6CDF808A0DDE90301FFF751FD4F442B
:10120000641C4445F1DB2AE0002409E062193B46F6
:10121000CDE9006ADDE90301FFF750FF4F44641C8C
:101220004445F3DB1BE0002408E062193B460096CE
:10123000DDE90301FFF77CF94F44641C4445F4DB0E
:101240000DE0002408E062193B460096DDE9030149
:10125000FFF7CCFC4F44641C4445F4DB00BF00BFE7
:1012600007B0BDE8F08F00002DE9FF4F8DB0A84812
:10127000DDE91D860068DDE91A970C46006EF0F77F
:101280004DFC0690406908B1F0F748FC0A900698BA
:10129000C068089006A8F0F77FFCA0190E900A9885
:1012A00050B19B490968097C890705D10EACCDF87E
:1012B00000900ECCF2F7EEF8DDE90E0102F05AFDD7
:1012C0000446102F03D0182F5CDB002056E00025C9
:1012D0001FE000BFDDE90EB02844DDF828A0109E15
:1012E00002905FEA08010FD020000DD07200EFF7E6
:1012F0000DF9BAF1000F07D0DAF808003346594665
:1013000047685046029AB8471C986D1C804408985C
:1013100004444D45DEDBF1E00A980390DDE90EB1AF
:101320000B985FEA080508440190DDF840A02646C6
:101330001ED0EEB1039830B18068534659464768D5
:10134000019A0398B8470D99286809690968884780
:101350003080039828B180685946019A0368039841
:101360009847B61C2D1D0BF1010BBAF1010AEAD109
:1013700008981C9904440B988844401C0B904845DD
:10138000CADBBBE0082F03D01F9800286CD06DE0AB
:10139000002065E01F9800280A9832D0DDE90EA1F0
:1013A00002900BEB010000901F9804905848109F8A
:1013B000454600682646007C10F0030002D0022853
:1013C00048D109E015F8011B04987F1E30F8210070
:1013D00026F8020BF6D13DE0287858B1049931F88F
:1013E00020003080029828B180685146009A036836
:1013F00002989847B61C6D1C0AF1010A7F1EEBD1BA
:1014000028E0DDE90EA101900BEB010002904048BD
:10141000109F464600682546007C10F0030002D06D
:10142000022817D105E03A4641462046EFF76EF80C
:1014300010E0307840B12880019828B1806851468A
:101440000368DDE901029847AD1C761C0AF1010A28
:101450007F1EEED108981C99044488440BF10100CA
:101460008346484596DB49E02A481F90002543E023
:101470003846012F04D002281CD0042F37D128E091
:1014800023480068006EF0F749FB0690CDF8008015
:10149000109A1F990594CDE90310CDE901620F98C8
:1014A0000A992B18DDE90D02FFF7E0F806A8F0F71E
:1014B00073FB1CE010991F98CDE90086CDE902105E
:1014C0000F9804942B18DDE90D020A99FFF7AEFA84
:1014D0000DE010991F98CDE90086CDE902100F9814
:1014E00004942B18DDE90D020A99FFF78FFC1C9973
:1014F0000898884404446D1C4D45B9DB0A980028BF
:1015000002D00AA8F0F748FB11B0BDE8F08F000048
:10151000A4020020B8A901082DE9FF4F8FB0A1480F
:10152000DDE91C960068DDE91F870C46006EF0F7C8
:10153000F5FA0690406908B1F0F7F0FA0A900698BB
:10154000C068089006A8F0F727FB04EB070010908E
:101550000A9850B193490968097C890705D410ACF1
:10156000CDF800900ECCF1F795FFDDE9100102F007
:101570001FFC0446182E15DB002510E01298CDF84C
:101580000080CDE9010411980A992B18DDE90F02BA
:10159000FFF741FB1E990898884404446D1C4D4593
:1015A000ECDBF6E0102E05D0082E3ED02198002866
:1015B00073D0A7E0002034E01098029011990B98A6
:1015C000DDF828A00844DDF848B0464601902546DD
:1015D000BAF1000F07D0DAF80800DDE90121476809
:1015E0005B465046B8470F99308809694968884773
:1015F0002860BAF1000F06D0DAF80800DDE9012111
:1016000003685046984702982D1D401CB61C029056
:10161000BBF1010BE7D108981E9904440B9888444C
:10162000401C0B904845C7DBB3E0002064E02198E4
:1016300000280A9832D0DDE910A103900BEB0100DD
:101640000190219800905748129F45460068264611
:10165000007C10F0030002D0022847D108E015F802
:10166000011B00987F1E50F8210001C6F7D13DE014
:10167000287858B1009951F820003060039828B1BB
:1016800080685146019A036803989847361D6D1C7F
:101690000AF1010A7F1EEBD128E031E00490DDE978
:1016A00010A0584402903F48129F454600682646C5
:1016B000007C10F0030002D0022817D105E03A4662
:1016C00041462046EEF722FF10E0287840B1306016
:1016D000049828B180685146029A03680498984794
:1016E000361D6D1C0AF1010A7F1EEED108981E9965
:1016F000044488440BF101008346484597DB48E0E9
:1017000029482190002542E0012E04D0022E1CD051
:10171000042E37D128E023480068006EF0F7FEF968
:10172000CDF800800690219A12990594CDE9032006
:10173000CDE9017111980A992B18DDE90F02FFF725
:1017400035F806A8F0F728FA1CE021981299CDE99F
:101750000210CDE90087119804942B18DDE90F02DF
:101760000A99FFF7D3F90DE021981299CDE90210FB
:10177000CDE90087119804942B18DDE90F020A992E
:10178000FFF7F0FB1E986D1C8044089804444D45FB
:10179000BADB0A98002802D00AA8F0F7FDF913B0C6
:1017A000BDE8F08FA4020020ACBB0108F8B50546E7
:1017B0000E4614461F463B462246314628460094B4
:1017C00000F0ACF9F8BD08B5009200F043FB08BD8D
:1017D00008B5009200F094FB08BD000010B5044667
:1017E0006FF07F40F1F73BFB0848F1F755FB05220E
:1017F000A02107A0F0F746FC0B48F1F74DFB28228B
:1018000005212046F0F736FC10BD00005885010880
:1018100057696E646F774D616E61676572202D2028
:1018200053616D706C650000A09801082DE9F041CE
:10183000134E9EB00125B46A04B9F4686846F1F706
:10184000D5FA10480068D0E90C875CB12046FDF756
:10185000C1FC00B16D1E2046F0F7B6F944690CB129
:10186000002DF3D14046B462F1F7F9FA3846F1F7AA
:10187000EBFA6846F1F7A0FA1EB0BDE8F08100006F
:1018800008030020A4020020F8B506460C461746BF
:101890001D4623463A4621463046009500F03EF963
:1018A000F8BD00002DE9FC47DFF8AC8081461E46FC
:1018B000D8F8000015468A46006EF0F72FF901901F
:1018C000406908B1F0F72AF900902946504602F025
:1018D00051FA04460198C768D8F80000017CC9078E
:1018E00015D0D9F810008068804787B2009820B1E1
:1018F00081682A460B685146984720886D1C7840BD
:1019000020800198B542C0680444EFDD19E0C06B47
:101910000168009870B11FFA81F800982A46816822
:101920000B6851469847A4F800806D1C3C44B542B2
:10193000F3DD06E0701B401C89B221803C44401E50
:10194000FBD101A8F0F728F90098002802D06846DA
:10195000F0F722F9BDE8FC87A40200202DE9FC473E
:10196000284F1E46154638688946006EF0F7D6F8AF
:101970000190406908B1F0F7D1F800902946484637
:1019800002F016FA396804460198CA6B097CD0F84F
:101990000C801768C90715D0006800698068804707
:1019A0000746009820B181682A460B684946984747
:1019B00020686D1C784020600198B542C0680444DE
:1019C000EFDD13E0009858B100982A4681680B6853
:1019D0004946984727606D1C4444B542F4DD05E054
:1019E000701B401C27604444401EFBD101A8F0F747
:1019F000D3F80098002802D06846F0F7CDF8BDE88B
:101A0000FC870000A4020020017001207047000044
:101A10002DE9F047224C0426A06AE0B1E06806EB0D
:101A2000D0014518E800FDF751FE070036D0216BC4
:101A300006EBC700B1460E58E0680836C2003046D3
:101A4000D4F82880EEF7E9FDA7622663E0684B46EC
:101A500001466A1E0EE01248BC30D0E90110083081
:101A6000B1FBF0F5AD1CDDE7471C03EBC00C401CDF
:101A700046F80C709042F7D309EBC00000223250B8
:101A800021626068691A0844E56060605FEA0800E6
:101A900001D0EFF79DFF0020BDE8F0870120FBE7B4
:101AA00094790120F8B51A4DE86AE8B1F0F7B0FC76
:101AB000EC6813E02046F0F731F80090018D09043E
:101AC00008D5264644696846F0F766F83046FCF7C4
:101AD00089FA03E044696846F0F75EF8002CE9D122
:101AE0000020E862F1F7E6FDA86900B180470948E7
:101AF000006808B1804738B90748006890F854007A
:101B000020B1F1F7F3F808B10120F8BD0020F8BDCD
:101B100008030020C8020020A4020020F0B50646F9
:101B2000059CC84DAD8849F24137BD420BD0C54D2B
:101B3000AD8845F21037BD4205D0C24DAD8846F69E
:101B40000407BD427ED1BF4D6D89BF4F3F683D80C8
:101B5000C1F30F25BD4F3F683D80CDB2BB4F3F68FD
:101B60003D80C3F30F25B94F3F683D80DDB2B74FCD
:101B70003F683D80B34DAD89B34F3F683D80C2F3B0
:101B80000F25B24F3F683D80D5B2B04F3F683D80D2
:101B9000C4F30F25AD4F3F683D80E5B2AB4F3F68C2
:101BA0003D80A84D6D89A84F3F683D80C1F30F254A
:101BB000A64F3F683D80CDB2A44F3F683D80A14D08
:101BC000AD89A14F3F683D80C2F30F259F4F3F680D
:101BD0003D80D5B29D4F3F683D80A51A6D1C5F1AB0
:101BE0007F1C05FB07F0974D2D89974F3F683D807F
:101BF00006E0974D2D68ED6B2D88944F3F683D8032
:101C0000051EA0F10100F4D18E4D6D898E4F3F6805
:101C10003D8000258D4F3F683D808C4F3F683D8063
:101C2000884D2D882D12894F3F683D80854D2D7838
:101C3000864F3F683D80834DAD89834F3F683D802F
:101C4000002500E011E0814F3F683D807F4F3F68F5
:101C50003D807C4D6D882D127C4F3F683D80794DD5
:101C6000AD787A4F3F683D80EAE0764DAD8845F229
:101C70001057BD42F8D1734D6D89734F3F683D8059
:101C8000C1F30F25714F3F683D806E4D6D896D1C0E
:101C90006D4F3F683D80CDB26C4F3F683D80694DD0
:101CA0006D89AD1C684F3F683D80C3F30F25674FBA
:101CB0003F683D80634D6D89ED1C634F3F683D80FB
:101CC000DDB2624F3F683D805E4DAD895E4F3F683B
:101CD0003D80C2F30F255D4F3F683D80594DAD8972
:101CE0006D1C594F3F683D80D5B2584F3F683D80CD
:101CF000544DAD89AD1C544F3F683D80C4F30F2552
:101D0000524F3F683D804F4DAD89ED1C4E4F3F68AF
:101D10003D80E5B24D4F3F683D804A4D6D894A4F49
:101D20003F683D80C1F30F25484F3F683D80454DDA
:101D30006D896D1C444F3F683D80CDB2434F3F6875
:101D40003D80404DAD89404F3F683D80C2F30F2537
:101D50003E4F3F683D803B4DAD896D1C3A4F3F681B
:101D60003D80D5B2394F3F683D80A51A6D1C5F1A82
:101D70007F1C05FB07F0334D2D89334F3F683D80B5
:101D800006E0334D2D68ED6B2D88304F3F683D8068
:101D9000051EA0F10100F4D12A4D6D892A4F3F683C
:101DA0003D800025294F3F683D80264D6D896D1C83
:101DB000254F3F683D800025244F3F683D80214DE1
:101DC0006D89AD1C204F3F683D801E4D2D882D1222
:101DD0001E4F3F683D801B4D6D89ED1C1A4F3F68BB
:101DE0003D80184D2D78194F3F683D80154DAD89C8
:101DF000154F3F683D800025144F3F683D80114DD1
:101E0000AD896D1C104F3F683D8000250F4F3F6826
:101E10003D800C4DAD89AD1C0B4F3F683D80094D99
:101E20006D882D12094F3F683D80064DAD89ED1C30
:101E3000054F3F683D80034DAD78044F3F683D80BE
:101E4000F0BD000044290020B4000020B8000020AC
:101E5000A40200202DE9FF4FDFF8A0A00C4685B0BA
:101E6000DAF80000DDF848801F46C16B15460968A6
:101E70000391006EEFF752FE01902946204601F0D3
:101E800079FF06460198391B01F1010BD0F80C903F
:101E9000406950B3EFF742FEA8EB0501491C0091E1
:101EA0005B462A4602902146F1F7F4FA02A8EFF7C2
:101EB00073FE1AE0DAF80000007CC0070DD0059828
:101EC0005F46344600698068804780B2218841407F
:101ED00024F8021B7F1EF9D105E003985A4681B20F
:101EE0003046F2F781F94E446D1C4545E2DD01A80C
:101EF000EFF752FE09B0BDE8F08F0000A402002009
:101F00002DE9FE4F264E1F46144630680D46DDF87B
:101F10003090006EEFF702FE01902146284601F056
:101F200047FF791B01F1010A316880460198C96BAE
:101F3000D0F80CB00E68406958B3EFF7EFFDA9EB8D
:101F40000401491C00915346224602902946F1F7AC
:101F5000A1FA02A8EFF720FE1BE011480068007C00
:101F6000C0070CD001985746454600680069806854
:101F700080472968414002C57F1EFAD107E0BAF1C7
:101F8000000004DD01464046491E40C0FCD1D84453
:101F9000641C4C45E1DD01A8EFF7FEFDBDE8FE8FB6
:101FA000A4020020FEB54F4CD4E90201CDE90001A6
:101FB000206970B3A089401C00B2ADF800006189AF
:101FC000ADF80210B4F90410884207DD2088ADF89E
:101FD0000000E08910F10100ADF80200BDF9020037
:101FE000B4F90610884274DC3F4D2868806CEFF726
:101FF00095FD0290BDF90000B4F90010884220D18F
:10200000E088ADF80600A088ADF804002868806C70
:102010000FE0FFE72088ADF800006088DCE700BF34
:10202000EFF7D2FD0646006A0022694600F0D5F8B7
:10203000B0690028F4D1029800226946C06900F016
:10204000CCF8BDF80000ADF804002868806C0AE008
:10205000EFF7BAFD0646006A0022694600F046F82E
:102060000028EED1B0690028F2D10298002269461A
:10207000C06900F03BF80028E3D1B4F90400BDF9D1
:102080000010ADF80400884207DADDE90001C4E978
:10209000020102A8EFF780FD98E72868806C08E04D
:1020A000EFF792FD0546006A0022694600F05CF8F1
:1020B000A8690028F4D1029800226946C06900F09E
:1020C00053F802A8EFF768FD206944F620618842C2
:1020D00001DD0020FEBDDDE90001C4E902010120AF
:1020E000FEBD0000E47A0120A4020020FEB51746E0
:1020F0000E460546002433E02846EFF70FFD00901A
:10210000856A0146A80726D527B13A4601A8F1F706
:102110005CFF03E0D1E90001CDE9010101A93046EE
:10212000F0F72EFEB8B1E80702D00098C56910E0BC
:10213000BDF80800401C308001240CE001AA3146A3
:102140002846FFF7D3FF00B101242846EFF73CFDF6
:10215000056A002DF2D10098056A6846EFF71CFD6C
:10216000002DC9D12046FEBDFEB516460D460446DB
:1021700030E02046EFF7D2FC0090846A0146A007C9
:1021800023D526B1324601A8F1F71FFF03E0D1E9BC
:102190000001CDE9010101A92846F0F7F1FDA0B148
:1021A000E00702D00098C4690DE0BDF80400401EAD
:1021B000A8800AE001AA29462046FFF7D5FF20465D
:1021C000EFF702FD046A002CF4D10098046A684617
:1021D000EFF7E2FC002CCCD1FEBDFEB516460D4655
:1021E000044648E02046EFF799FC0090846A0146D7
:1021F000A0073BD526B1324601A8F1F7E6FE03E081
:10220000D1E90001CDE9010101A92846F0F7B8FDA7
:1022100000B3E00702D00098C46925E000983EB101
:10222000B0F90210B6F90200814203DD084601E070
:10223000B0F90200B5F90210814205DABDF90600D5
:10224000401E03E0E88011E0BDF90A00B5F9061070
:102250008842F7DB0AE001AA29462046FFF7BDFFC6
:102260002046EFF7B1FC046A002CF4D10098046A10
:102270006846EFF791FC002CB4D1FEBD2DE9F0418A
:102280000C46C96886B049B306685EB394F830005E
:10229000012829D0E2696FF00303206803EB820272
:1022A000656810446060276A2D1D2846A269F1F711
:1022B00089FA61694FF000080291CDE90358CDF821
:1022C0001480A1690120CDE90001F068E368E26AA9
:1022D000456839463046A847C4F80C80002006B04F
:1022E000BDE8F0810120FAE725686560A76ADCE7B0
:1022F000EFF76EBB2DE9F0470D46B3F90410064623
:102300001C469146B14220DCB4F90800B0421CDB07
:10231000B4F90600A84218DCB4F90A20AA4214DB7A
:102320002F1A711A88463A466069EFF729FF60B1A3
:10233000B4F90800B4F90410401A401C00FB0780EF
:10234000203454F82000BDE8F087D9F800000028B8
:10235000F9D0C1682A464B693146BDE8F0471847B5
:102360000078704701207047002801D1FBF708BFB3
:10237000704700000246012901D102487047002041
:10238000FCE70000F8A90108012901D000207047EE
:1023900000487047F8A90108012901D000207047C2
:1023A00000487047ECBB01080246A1F1090008286B
:1023B00013D2DFE800F00406080A120C0E100848D9
:1023C00070470848FCE70848FAE70848F8E7084873
:1023D000F6E70848F4E70848F2E70020F0E70000D5
:1023E000AD340108D334010825340108C72601089B
:1023F000E5290108D52901080D2F0108162901D06A
:102400000020704700487047B92B0008162901D0FA
:102410000020704700487047712A000803460A46AA
:1024200099680F2A1FD2DFE802F01E080A0C0E1E60
:102430001E1E10121416181A1C004868704788686F
:10244000FCE7C868FAE70869F8E78869F6E700205A
:10245000F4E70120F2E70120F0E70020EEE700209A
:10246000ECE70020EAE74FF0FF30E7E770B5002423
:102470000D46022807DAEFF709FD20B1C1688A6A24
:10248000294690470446204670BD0068C268926A9B
:102490001047082901D0002070472020704710B550
:1024A000F2F768FBB0F5807F03D0802803D30721C3
:1024B0001AE0082118E0402801D3062114E0202862
:1024C00001D3052110E0102801D304210CE00828D5
:1024D00001D3032108E0042801D3022104E00228EB
:1024E00001D3012100E0002101208840401E10BDE1
:1024F0004FF0FF3070474FF6FF70704770B5002403
:102500000646012531462846FFF7B0FF844200DA2F
:1025100004466D1EF6D5204670BD00000146054AF2
:102520000F2000BF02EBC003DB6B8B4201D9401EC2
:10253000F8D57047947901202DE9F04107460C4603
:102540001546A9B2A0B2F2F72DFC06463046BDE80A
:10255000F08110B50846114601F00CFC008810BD52
:1025600010B50846114601F023FC006810BD8268D2
:1025700000230B804B8093895B1E1BB28B80138AD8
:102580005B1E1BB2CB80704738B50C468068EFF7F6
:10259000C5FA009081882180C18861808188028984
:1025A0001144491EA180C18840890844401EE08032
:1025B0006846EFF7F1FA38BD38B50C468068EFF79A
:1025C000ADFA009081882180C1886180818802896C
:1025D0001144491EA180C18840890844401EE08002
:1025E0006846EFF7D9FA38BD0249096848840020E7
:1025F00070470000A4020020024909688884002076
:1026000070470000A4020020054A904201D1503AD0
:1026100001E000F1080209B18A4200D0104670477B
:102620004C7B01200349884202D1A1F13C00704754
:102630000C307047007C01200021FFF7E5BF00004F
:10264000F0B4124C646814B1A446F0BC6047541E48
:1026500004FB030401EB82000D4DDFF838C0001FBE
:102660002188E41A01F01F06521EAF5DC1F3451622
:1026700005EBD1211CF80660097801EB062101EB7E
:10268000074140F80419EBD1F0BC704788020020E4
:102690002CAC01084CAC010810B50468184410C1FA
:1026A000521EFAD110BD70B50446F2F763FA054622
:1026B000F2F778FAAC4201D3002070BD0028FCD0BC
:1026C00050F8240070BD70B50446204600F042F872
:1026D000054600220121A069F3F7B4F90543284615
:1026E00070BD000070B5184D0446E868011DC0E9D2
:1026F0000E01091D00646161417C05F1240050F860
:102700002100C1680A6B04F1080190470F48E06698
:10271000A868E061E8680830606101202076FBF776
:1027200035FDA064032084F870006FF070402063D2
:1027300060630020F2F734FE6FF07F40F2F768FE2E
:102740000348286170BD000098020020B47201089F
:102750008CAC010870B50446A06858B91C20EFF78E
:1027600061F9A060A5682169886880470646F3F78B
:1027700051FAA861A06808B9012070BD0020FCE7EB
:102780002DE9F041244C94F82400002841D1012582
:1027900004F1BC0684F8245071684FF42050814243
:1027A00000D90146306800F013FFB06810B97068B6
:1027B0008008B0601A49194808600846F1F7E6FC3D
:1027C0005A20E0610020102101FA00F204EBC0035E
:1027D000401CDA631028F7D3D6E900100223C4E9BD
:1027E00002030E18143EC4E90C6100224FF0040CE1
:1027F0005B1E05E0571C0CEBC20E521C46F80E7017
:102800009342F7D825626360FCF724FFFFF700F9D5
:10281000E562BDE8F081000094790120F529010806
:1028200090020020FEB514460D460646EFF7CCF99F
:102830000090836A980731D52846FCF79FFD002851
:102840002CD040F601000340012B27D03046EFF793
:1028500065F902460090294601A8F1F7B6FB01A8E8
:10286000FCF78CFDB8B1009944F22002886A10424E
:1028700005D0083101AA0846F0F7BCF90BE0DDE904
:10288000012320438862C1E9022305498888401C4E
:102890008880F0F77DFB6846EFF77EF9FEBD00000B
:1028A0000803002070B50446002517E0EFF738FD57
:1028B0000646042200210D480068FBF7B8FF0422F9
:1028C00000210B480068FBF7B2FF01E0FBF704FCB6
:1028D000EFF726FD801B1428F8DB6D1CE11704EBD5
:1028E0009171B5EBA10FE1DB70BD00007C0200200F
:1028F0008002002070B50446002519E0EFF710FDB6
:1029000006466FF0030200210D480068FBF78FFFB9
:102910006FF0030200210B480068FBF788FF01E01D
:10292000FBF7DAFBEFF7FCFC801B1428F8DB6D1CCF
:10293000E11704EB9171B5EBA10FDFDB70BD000077
:102940007C0200208002002010B5401A029CE41A8C
:102950004443501A94FBF0F0184410BD704788426D
:1029600000DD084670472DE9F0478AB00446002094
:1029700091468A4601900290039006AE4FF00308FC
:10298000049022E02046EFF7C9F84A4651460090ED
:10299000F0F75CF900984A4651460830F0F756F9CE
:1029A0000098D0E907576846EFF7F6F84A465146CF
:1029B0002846FFF7D8FFCDF80480CDE906A901A984
:1029C00020460496FCF758FD3C46002CDAD10AB0AC
:1029D000BDE8F08710B5044600220621A069F3F790
:1029E00031F810BD10B5044600220521A069F3F7A7
:1029F00029F810BD0B4910B5002081F824000146CC
:102A0000084880223C30F1F7C9FBBC220021054870
:102A1000F1F7C4FB03480C220021BDE81040BC3094
:102A2000F1F7BCBB94790120084910B500208861FA
:102A3000014678220648F1F7B1FB0448082200213C
:102A4000BDE810402430F1F7A9BB00009802002037
:102A50005C7A01200B4A10B500215170D162084602
:102A600002F1500402F14803C2F8101044F820109B
:102A700043F82010401C0228F8D3116251625161C2
:102A8000D16110BD0803002010B5034C2069EEF79A
:102A9000BDFF0020206110BD8003002010B5034C55
:102AA0006068EEF7B3FF0020606010BDB403002043
:102AB00010B5084CA068EEF7A9FFE068EEF7A6FF96
:102AC0002069EEF7A3FF00202061E060A060606154
:102AD000A06110BDD803002010B50446EFF774F8CC
:102AE000806AC00301D5034900E003492046BDE8E0
:102AF000104008470528000875F200082DE9FC4140
:102B00001F4C80462068806CEFF708F80090404624
:102B1000EFF704F80146019000980830F0F730F91B
:102B200028B32068009A0199D0E91356083201F1C0
:102B30000800F1F74AFA6846EFF72EF8114FC7F888
:102B4000248001992068B1F90020C264B1F9021013
:102B5000016501A8EFF720F84046FFF7BDFF002010
:102B600078622068C0E913560120BDE8FC81684600
:102B7000EFF712F801A8EFF70FF80020F5E70000D3
:102B8000A4020020080300202DE9FC410546EEF7D1
:102B9000C5FF009090F8281089073DD5C46939E039
:102BA0002046EEF7BBFF019090F82810C943890733
:102BB0002BD100990831F0F7E3F830B30098D0E951
:102BC00002676846EEF7E8FF01A8EEF7E5FF20464A
:102BD000FFF794FF70B12046EEF7F6FF0190204614
:102BE000FFF7D2FF2046EEF7EFFF01902846EEF701
:102BF000EBFF00902846EEF791FF00902046EEF79D
:102C00008DFF01900098C0E902670198046A01A84D
:102C1000EEF7C2FF002CC3D16846EEF7BDFFBDE85A
:102C2000FC81000010B50E4C6168E06A814209D851
:102C3000401EE062FEF7ECFEE16A491CE16208B169
:102C4000002010BD60680422401E6060206A216B75
:102C500002EBC0028A582262012201F8302010BD26
:102C600094790120074910B54A680424521C4A602F
:102C70000A6B04EBC0040B6A1351002302F83030D6
:102C8000086210BD9479012013B500680199FFF71F
:102C9000F5FA0198846801A8EEF77EFF2046EEF76A
:102CA00097FE1CBD10B504464068FFF737FC01468F
:102CB000084863680268D21A026000EBC102D4E9D6
:102CC0000201403200B1416009B1086010BD1060DE
:102CD00010BD0000947901207CB5050025D0144C6E
:102CE0002068A84206D1EEF719FF009080682060A6
:102CF000684611E004462046EEF710FF0190806818
:102D0000A8420DD1EEF70AFF019900908068886013
:102D10006846EEF741FF01A8EEF73EFF00207CBDBC
:102D2000044601A8EEF738FFE5E701207CBD00006E
:102D30002C0400202DE9F05FDFF894808346D8F85A
:102D40003440D8F80810601E0F182046D0E900154E
:102D5000B9BB6619BE4236D2D6E9001989B3D8F894
:102D6000303013F83130012B2DD1D8F82820914282
:102D700001D1012100E000218A46FFF793FF30686E
:102D8000D8F83010042202EBC0004A460C503146FD
:102D90002046EDF700FCBAF1000F05D0D8F830104E
:102DA000321B891AC8F8301004EB09012846FCF7D9
:102DB00051FCBBF1000F05D0834503D80020BDE8CE
:102DC000F09F00E04D462C44BC42BED30120F6E704
:102DD000947901202DE9F8431F4690460E460500E0
:102DE0000AD0EEF79BFE3A4641460090FCF764F9A4
:102DF00028B10098C46912E00020BDE8F883684655
:102E0000EEF7CAFEF8E73B46424631462046FFF75A
:102E1000E1FF00B105462046EEF7D6FE046A0CB18C
:102E2000B442F0D16846EEF7B7FE2846E5E7000069
:102E300070B50646064814460D460068FBF7B2F921
:102E400023462A463146BDE87040FFF7C3BF000065
:102E500010030020064910B509684A6B824206D06B
:102E60004863F1F7FBFABDE81040F2F79FBA10BDD6
:102E7000A40200201FB504460F480168486C38B111
:102E800002680292406803900C48406A18B901E059
:102E900020460EE0886CEEF741FE02A90090FBF799
:102EA000A1FE6846EEF778FE214602A8F1F770F819
:102EB00002A8F2F787FA1FBDA40200200803002031
:102EC000064910B509680A6B824206D00863F1F71B
:102ED000C5FABDE81040F2F7A1BA10BDA402002067
:102EE00030B509490B681A7C82EA0004640707D5EB
:102EF0009C6BDB6B25681B6823600B68DB6B1D60BC
:102F000009680874104630BDA40200207CB5044650
:102F10000D4616460020009001908DF80450009652
:102F20006A460421A069F2F78DFD7CBD0A490B4871
:102F3000D1E90032934202DAC0E9083201E0C0E987
:102F40000823D1E902218A4202DAC0E90A21704746
:102F5000C0E90A1270470000D47A0120D80200208C
:102F60007CB504460D461646002000900190009561
:102F700001966A460321A069F2F764FD7CBD0068F2
:102F8000C3681B6A18470068C3681B6A18470000BB
:102F900030B5524CA48849F24135AC4205D04F4C73
:102FA000A48845F21035AC421CD14C4C64894C4D80
:102FB0002D682C80C1F30F244A4D2D682C80CCB293
:102FC000484D2D682C80454CA489454D2D682C809A
:102FD000C2F30F24434D2D682C80D4B2414D2D688F
:102FE0002C8071E03D4CA48846F60405AC4224D107
:102FF0003A4CA488012C03D1384C2488641E611AF1
:10300000364C6489364D2D682C80C1F30F24354D24
:103010002D682C80CCB2334D2D682C802F4CA48988
:103020002F4D2D682C80C2F30F242E4D2D682C803F
:10303000D4B22C4D2D682C8046E0284CA48845F253
:103040001055AC4228D1254C6489254D2D682C8023
:10305000C1F30F24234D2D682C80204C6489641CFF
:103060001F4D2D682C80CCB21E4D2D682C801B4C22
:10307000A4891B4D2D682C80C2F30F24194D2D6897
:103080002C80164CA489641C154D2D682C80D4B25C
:10309000144D2D682C8017E0104CA488012C03D10E
:1030A0000E4C2488641E611A0C4C64890C4D2D68EA
:1030B0002C800C4D2D682980084CA489084D2D6862
:1030C0002C80084D2D682A80044C2489044D2D68DD
:1030D0002C80044D2D682B8030BD00004429002039
:1030E000B4000020B80000207CB510481C461546EE
:1030F00000680E46006EEEF711FD0190294630463D
:1031000000F038FE04800198406950B1EEF706FDEA
:10311000009081682A460B68314698476846EEF76A
:103120003BFD01A8EEF738FD7CBD0000A4020020A5
:103130007CB510481E46144600680D46006EEEF73A
:10314000EDFC01902146284600F032FE0660019811
:10315000406950B1EEF7E2FC0090816822460B68AE
:10316000294698476846EEF717FD01A8EEF714FDCB
:103170007CBD0000A40200202DE9F74FA8B0EEF7B7
:10318000CDFC039001680891B0F9042029998A4286
:103190000AD1B0F906002A99884205D103A8EEF7B2
:1031A000FBFC2BB0BDE8F08F0020EFF751FB259022
:1031B000089882699A4818920168487C1790824260
:1031C00000D04A740398B0F904100991B0F90820AE
:1031D000B0F906B0A2EB0101B0F90A2001F1010A31
:1031E000A2EB0B0101F101012491017C89077DD53E
:1031F00041690C9100F120011B91099A2999A1EBD9
:1032000002082A99B8F1000FA1EB0B074FF0FF312C
:1032100009DD012210920022554616926A1ECDF851
:1032200038801E9209E0AAF10102169200220E9245
:10323000169A0D46424410911E92002F09DD01217D
:10324000DDF890901D91A9F101011F9700240B91C9
:1032500007E01D91249C89460021641E1F91E119FD
:103260000B91C068EEF75AFC2190089804A9C06839
:10327000026B0898904710990398FCF760FB1A902E
:1032800010990398FCF75BFB2290A1E01F98844201
:1032900004DB0B98844201DC012000E00020269032
:1032A0000BEB040038440790169E8CE0002023901E
:1032B000224631460C98EEF763FF209000287DD01F
:1032C0001B9800EB860104FB0AF001EB80000F90D5
:1032D0000998811901EB080006900E98864208DBD8
:1032E0001E98864205DC269818B100E07EE0012099
:1032F00000E000200090BDF910100698814215DC16
:10330000BDF912100798814210DCBDF9141006981F
:1033100081420BDBBDF916100798814206DB01469E
:10332000039B089A0698FEF7E5FF2390009840B1AA
:10333000B6EB080120D4E21B1ED40C98EEF720FF58
:10334000D0B90998BDF91020304404EB0B0182423A
:1033500012DCBDF912208A420EDCBDF91420824233
:103360000ADBBDF916208A4206DB229A00920F9AE8
:10337000089B126800F075F8BDF91010069881429C
:103380001ADCBDF912100798814215DCBDF9141042
:103390000698814210DBBDF91610079881420BDBBD
:1033A000DDE920010DF1180C51F820201A98009049
:1033B000BCE80B0000F055F80F9900E001E02398FD
:1033C000086010980644AE427FF470AF1D98044424
:1033D0004C457FF45BAF1A990398FFF755FC22998F
:1033E0000398FFF751FC21A8EEF7D6FB0398299923
:1033F00081802A99C18029995144491E0181249ACA
:103400002A991144491E4181DDE91710884203D0F1
:1034100008460349096848742598EFF719FABDE68C
:10342000A40200202DE9FC4105460E461746002067
:10343000009001902846FFF78DF9A86878B1AC6834
:10344000606908B9304600E0606960616660A76045
:10345000009601976A460721A869F2F7F3FABDE8DA
:10346000FC812DE9F0410646069C0D461746606A30
:10347000A84205D194F93010206A0844B04203D024
:1034800021461846FEF7FAFE6068076094F930108E
:10349000606800EB81006060E06808B9C4E90A6513
:1034A000401CE060C4E90865BDE8F081F8B5044659
:1034B0000D46002000902046FFF74CF9A06838B177
:1034C000A668356000956A460221A069F2F7BAFA4B
:1034D000F8BD2DE9F04105460E4617462846FFF790
:1034E00039F9A86818B1AC68E66027616661BDE883
:1034F000F0810020EFF7A8FC0420FBF7DBFAFAF7D5
:1035000045FE0446FAF7D6FD1DE0FCF79DFFFCF7EB
:10351000CBFBFCF715FCFCF70BFDFCF71FFBFCF7E6
:1035200031FDFCF7FDFAFCF785FDFCF7B9FCFCF773
:103530007DFCFCF72FFBFCF7D1FDFCF7BDFEFCF793
:1035400033FFFCF72DFCE0E770B5144C0546D4E9D9
:103550000010814212D0FCF7CFFA297A027A914208
:103560000CD12168814209D0FCF7C6FA297A007A89
:10357000814203D16068FCF7BFFA60600ECD6068DD
:1035800080E80E00FFF74EF860602168814203D1A9
:103590000846FFF747F8206070BD000004040020D3
:1035A00030B40446094A0B46401C07D0581C05D0CD
:1035B0009068411C02D0D1684D1C02D14FF0FF3001
:1035C0000146C2E9024330BCEFF780BED8020020BA
:1035D000F0B58E080023FF220546002406E0E71818
:1035E000B7FBF2FC02FB1C7780C5641CB442F6D327
:1035F000054600240BE004EB030CBCFBF2FE80CD7F
:1036000002FB1ECCBC4501D00320F0BD641CB442BB
:10361000F1D35B1C022BDFD34E08002305460024A8
:1036200007E0E718B7FBF2FC02FB1C7725F8027BEA
:10363000641CB442F5D3054600240CE004EB030CF3
:10364000BCFBF2FE35F8027B02FB1ECCBC4501D070
:103650000220F0BD641CB442F0D35B1C022BDDD30E
:1036600000230546002407E0E618B6FBF2F702FB4C
:10367000176605F8016B641C8C42F5D305460024DF
:103680000CE000BFE718B7FBF2FC15F8016B02FB7A
:103690001C77B74201D00120F0BD641C8C42F1D3ED
:1036A0005B1C022BDDD30022134602E000F8013B35
:1036B000521C8A42FAD30020F0BD00007CB5050000
:1036C00020D0EEF72BFA104900904C68AC4214D190
:1036D0004068486013E02046EEF720FA0190446805
:1036E000AC4207D1009801994068486001A8EEF704
:1036F00053FA04E001A8EEF74FFA002CEBD168462C
:10370000EEF74AFA7CBD00002C0400200A4A8169C9
:1037100052F82130834202D1036842F821304168D7
:1037200009B102680A60016809B142684A60002173
:103730000160416070470000BC020020006180E829
:103740000E00104440F8042C704700002DE9F74F9C
:10375000C8488B469CB0D0E90010CDE919109246BC
:103760001C98EEF7DBF91190D0E90454B0F9081079
:10377000D0F80C800A91DFF80093B0F90A0013909A
:10378000D9F800004E46407CEEF74AFD10901198A3
:1037900000680069406817903068407CEEF7E8FDEB
:1037A000064611A8EEF7F8F9082D01D8012004E02B
:1037B000102D01D8022000E004200F90012D21D00F
:1037C00000271098082871D3082D6FD91798B04298
:1037D0006CD0D9F80000407CEEF7C2FD12900A9838
:1037E0008000EEF7C7F81B9000287DD01C98EEF7FC
:1037F000DEFF8146002C78D02046EEF78FF90026B8
:1038000018908AE019AFDCE700200C901898324637
:1038100081684B690CA998470A990446884221D1CE
:103820001B98EEF77BF9129B179ACDE9002301460E
:10383000169048462246109BFCF762F803AB002026
:10384000169A109985C301200090CDE90101034625
:103850000AEB060158460A9AF0F7C6FE16A8EEF7DC
:103860009BF958E0012D1ED053E00C9801AB09EBF9
:10387000E00200F007010492CDE9057101210091F9
:10388000A3E822010AEB0601584401232246F2F77D
:10389000E7F80C98324620440C90189881684B69E0
:1038A0000CA998470446002CDFD134E04FE01B9868
:1038B000EEF734F9169001460C9B0F98179A03FB0C
:1038C0000090129BCDE900232246109BFCF718F8CC
:1038D00002AB10980021169A87C3012000900AEBD2
:1038E000060101900C9A01E02EE01EE00BEB0200B5
:1038F00001232246F0F778FE16A8EEF74DF90C9852
:10390000324620440C90189881684B690CA998475E
:103910000446002CCBD1C144761C13988642FFF696
:1039200073AF18A8EEF738F90BE0012001A905974D
:103930000090A1E8210351465846139B0A9AF0F7DC
:1039400053FE1B98EEF744F81FB0BDE8F08F1C98AB
:10395000EEF72DFF8146002C7ED02046EEF7DEF8F4
:103960000024189070E000200C901898224681687E
:103970004B690CA998470A99064688421DD10694BE
:1039800000E0641C1898621C81684B690CA9984778
:10399000B042F6D0012001A905970090A1E82103CB
:1039A00006980A9A261A0AEB0001731C5846F0F78B
:1039B0001BFE761C06FB089044E0012D1ED03DE066
:1039C0000C9801AB09EBE00200F007010492CDE98D
:1039D000057101210091A3E822010AEB040158447A
:1039E00001233246F2F73CF80C98224630440C9002
:1039F000189881684B690CA998470646002EDFD1BC
:103A00001EE00C9A0F9901AB02FB0190CDE904076F
:103A100001200090A3E821010BEB02000AEB040156
:103A200001233246F0F7E0FD0C98224630440C901A
:103A3000189881684B690CA998470646002EE0D17A
:103A400009EB08008146641C139884428BDB18A89C
:103A5000EEF7A2F878E7FFE7012001A905970090AB
:103A6000A1E8210351465846139B0A9AF0F7BCFD82
:103A70006AE7000074BB0108A40200202DE9FF4F93
:103A80008DB01F4690460D98EEF748F80890B74E57
:103A9000B0F90AB000F11804D0F80C903068407CFE
:103AA000EEF7BEFB082801D8012504E0102801D854
:103AB000022500E004250898AD4A016809690791CC
:103AC0003168497C52F821100A69079906921668F4
:103AD000D1F804A091420FD10021CDE90441012188
:103AE00001AA0091A2E88202B0F908205B46414693
:103AF0000E98F0F779FD30E1202F02D0102F74D00E
:103B00002BE1B0F9084008A8EEF746F805FB04F0F1
:103B1000EDF730FF5FEA000AEDD0EDF7FFFF099007
:103B20000D98EDF7FBFF00F1180408900898012D9F
:103B3000B0F9087004D0022D13D0042D38D121E043
:103B40000698DDF82490D0F810C0BCF1000F01D029
:103B5000012320E001CCB04709F8010B7F1EF9D109
:103B600026E00698DDF82490D0F810C0BCF1000FD4
:103B700001D002230FE001CCB04729F8020B7F1ED1
:103B8000F9D115E00698DDF82490D0F810C0BCF10A
:103B9000000F07D004233A4649462046E04704EB8D
:103BA000870405E001CCB04749F8040B7F1EF9D12A
:103BB0000020E900099ACDE90210CDE90420012096
:103BC000009001900898414608F10108B0F90820DA
:103BD00001230E98F0F708FDBBF1010BA6D109A84F
:103BE000EDF7DAFF5046B6E0FFE7B0F9084008A865
:103BF000EDF7D2FF05FB04F0EDF7BCFE0C900028BA
:103C00007BD0EDF78BFF09900D98EDF787FF00F162
:103C100018040890B0F908008000EDF7ABFE0B9097
:103C200010B1EDF77BFF0A900898012DB0F90870EC
:103C300004D0022D23D0042D69D141E00698DDF88F
:103C40002490006988B10798D0F814C0BCF1000F27
:103C50000BD00B9848B102233A4620460A99E04718
:103C600006980123D0F810C040E034F8020B51460A
:103C70008847B04709F8010B7F1EF6D147E0069848
:103C8000DDF82490006988B10798D0F814C0BCF121
:103C9000000F0BD00B9848B102233A4620460A99F0
:103CA000E04706980223D0F810C01FE034F8020B5A
:103CB00051468847B04729F8020B7F1EF6D126E00F
:103CC0000698DDF824900069C0B10798D0F814C0B8
:103CD000BCF1000F12D00B9880B102233A46204667
:103CE0000A99E04706980423D0F810C03A4649469E
:103CF0000A98E04704EB470409E02EE034F8020B91
:103D000051468847B04749F8040B7F1EF6D1002082
:103D1000E900099ACDE90210CDE9042001200090C4
:103D200001900898414608F10108B0F908200123E4
:103D30000E98F0F759FCBBF1010B7FF475AF0B98AF
:103D400028B10AA8EDF728FF0B98EDF741FE09A866
:103D5000EDF722FF0C98EDF73BFE0898002802D003
:103D600008A8EDF719FF11B0BDE8F08FA4020020FC
:103D7000BC02002038B505460C480C460068006EB1
:103D8000EDF7CCFE0090B0F90620C36800F11801F1
:103D9000A21A02FB0311B0F9040001EB4501A1EBEB
:103DA00040046846EDF7F8FE204638BDA402002026
:103DB00038B505460C480C460068006EEDF7AEFEBF
:103DC0000090B0F90620C36800F11801A21A02FBA6
:103DD0000311B0F9040001EB8501A1EB80046846F2
:103DE000EDF7DAFE204638BDA40200202DE9F041AF
:103DF00004460D461646324629462046FEF79CFBF1
:103E00000746216988688047804687EA080332466A
:103E100029462046FFF7BCF8BDE8F081FEB507460D
:103E2000124815460E460068006EEDF777FE0190C9
:103E300029463046FFF79EFF044638698068804770
:103E40002188414021800198406950B1EDF766FE1C
:103E5000009081682A460B68314698476846EDF71E
:103E60009BFE01A8EDF798FEFEBD0000A402002015
:103E7000FEB5144815460E460068006EEDF74EFE7E
:103E8000019029463046FFF793FF044601980068E9
:103E9000006980688047014620684840206001989A
:103EA000406950B1EDF73AFE009081682A460B68F0
:103EB000314698476846EDF76FFE01A8EDF76CFEB6
:103EC000FEBD0000A402002000B52DED048BB0EE75
:103ED000409AF0EE609A83B051EC190B01F020FB90
:103EE00041EC180B18EE100A18EE901A8DED008BAD
:103EF000002818BF0120084320F00040C0F17F6077
:103F000000F1E040C00F14D019EE101A19EE900A1B
:103F10008DED009B002918BF0121084320F00040CF
:103F2000C0F17F6000F1E040C00F04BF0120ECF75A
:103F3000DEFBB0EE480A03B0F0EE680ABDEC048B7D
:103F400000BD000010B5044620680F2807D0B0F56A
:103F5000806F1ED11248E168ECF7B4FA00BF002070
:103F6000EEF772FFEDF79AFE6FF07F40EEF777FF06
:103F70000C48EEF791FF0522A0210BA0EEF782F886
:103F80000F48EEF789FF282205210548EEF75EF875
:103F900003E02046F9F7EEFF00BF00BF10BD0000B0
:103FA0006C7901205885010857696E646F774D61FF
:103FB0006E61676572202D2053616D706C65000025
:103FC000A09801082DE9FC41044620680F282CD157
:103FD0006846FAF7FFF818480068EEF735FF17480B
:103FE0000068EEF73CFF6846EDF79AFE6846EEF78C
:103FF000A3F8FF20EEF733FF1148EEF74DFF60689E
:10400000FAF705F905466068FAF718F90646A84672
:10401000374606EBD7704010A0F10C0205EBD870C4
:10402000411008A0EEF72EF803E02046F9F7A2FFB2
:1040300000BF00BFBDE8FC817002002074020020B8
:10404000588501084368696C642077696E646F77EE
:10405000000000002DE9F041044620680F2821D11E
:104060004FF47F40EEF7F0FEEDF718FEFF20EEF77D
:10407000F6FE1048EEF710FF6068FAF7C8F805463C
:104080006068FAF7DBF80646A846374606EBD770B5
:104090004010A0F1120205EBD870411006A0EDF718
:1040A000F1FF03E02046F9F765FF00BF00BFBDE860
:1040B000F081000094A9010857696E646F77203180
:1040C0000A616E6F746865722043616C6C62616333
:1040D0006B0000002DE9F041044620680F2823D131
:1040E0004FF0FF10EEF7B0FEEDF7D8FD4FF6FF7082
:1040F000EEF7B5FE1048EEF7CFFE6068FAF787F8E6
:1041000006466068FAF79AF80546B0462F46E81763
:1041100005EB90708010A0F1120206EBD8704110F0
:1041200006A0EDF7AFFF03E02046F9F723FF00BF3D
:1041300000BFBDE8F081000094A9010857696E64D2
:104140006F7720320A616E6F746865722043616C0C
:104150006C6261636B000000FAF702BBF8B50F4CAC
:1041600007462068806CEDF7D9FC00902268D0E902
:104170000256D2E90212C0E902126846EDF70CFDC0
:104180003868FBF7BFF82068806CEDF7C7FC00903B
:10419000C0E902566846EDF7FFFCF8BDA402002016
:1041A0002DE9FC41044620680F282DD16846FAF716
:1041B00011F819480068EEF747FE18480068EEF756
:1041C0004EFE6846EDF7ACFD6846EDF7B5FF6FF0C3
:1041D0007F40EEF744FE1248EEF75EFE6068FAF7A5
:1041E00016F805466068FAF729F80646A8463746E5
:1041F00006EBD7704010A0F10C0205EBD87041100F
:1042000008A0EDF73FFF03E02046F9F7B3FE00BF3B
:1042100000BFBDE8FC8100006002002064020020B5
:104220005885010857696E646F77203100000000DF
:104230002DE9FC41044620680F282ED16846F9F785
:10424000C9FF19480068EEF7FFFD18480068EEF74F
:1042500006FE6846EDF764FD6846EDF76DFF6FF00A
:104260007F40EEF7FCFD1248EEF716FE6068F9F7A6
:10427000CEFF06466068F9F7E1FF0546B0462F46D7
:10428000E81705EB90708010A0F10C0206EBD870D7
:10429000411008A0EDF7F6FE03E02046F9F76AFEAC
:1042A00000BF00BFBDE8FC81680200206C02002056
:1042B0005885010857696E646F772032000000004E
:1042C00000BF704710B5044600680E2802D00F28C2
:1042D00017D108E0E0684168012917D10068BDE8FE
:1042E0001040EEF75DBE6068FCF7D8F8084951F859
:1042F00020006FF07041884203D0EEF7A5FDEDF786
:10430000CDFC2046BDE81040F9F734BE10BD0000DA
:104310004803002070B504460D4600202071401E61
:10432000E0622946204600F073FD08B1032070BD0D
:1043300094F82E1294F82F0241EA00204AF65521F3
:10434000884201D00220F2E794F86900010694F84F
:10435000680041EA004194F8670041EA002094F8BF
:104360006610084320F07F400D49884201D10020AB
:10437000DDE794F88500010694F8840041EA0041E5
:1043800094F8830041EA002094F88210084320F05A
:104390007F400349884201D10020C8E70120C6E7D9
:1043A000464154000146002002E04910421CD0B2B0
:1043B0000129FAD17047000070B504466FF004007F
:1043C000F4F7FCFDE11704EB5171C1F3C7010D4A8D
:1043D0001170E11704EB5171CD104FF47A70454321
:1043E0000120094908804FF0E020006940F00200F8
:1043F0004FF0E021086108464561006940F0010086
:10440000086170BD6E0000207000002070B5044689
:104410000F480078012814D10E48007888B90E485A
:104420000088844206DB0C48008894FBF0F528469F
:10443000F2F7A4F90848008894FBF0F100FB114062
:1044400084B24FF47A7104FB01F000F007F870BDFC
:10445000E6000020DA000020700000202DE9F0477F
:10446000074600264FF0E020D0F81490114800785D
:1044700007FB00F800BFF1F715FD4FF0E02085695C
:1044800011E04FF0E0208469AC420CD0AC4202D283
:10449000281B064403E0A9EB0400284406442546F3
:1044A000464500D300E0ECE700BFF1F71BFDBDE897
:1044B000F08700006E00002070B50446002514B19E
:1044C000012C0BD103E0F3F7B3FA054608E0F9F746
:1044D000E1FA4FF4A0400549088001E0012500BF42
:1044E00000BF0DB1012070BD0020FCE75C02002080
:1044F0002DE9F04107460E4615461C464FF00008D0
:1045000014B90420BDE8F08117B1012F16D106E0DF
:10451000E2B229463046F3F7F5FD804611E009E0A6
:1045200069024FF400723046F9F7DEFA6D1C06F5A9
:104530000076641E002CF3D1A04602E04FF0010883
:1045400000BF00BFB8F1000F01D10020DAE7012061
:10455000D8E70146002070472DE9F04107460E4696
:1045600014461D464FF0000817B1012F16D106E082
:10457000EAB221463046F4F7ADF9804611E009E091
:1045800061024FF400723046F9F71AFB641C06F51D
:1045900000766D1E002DF3D1A84602E04FF0010811
:1045A00000BF00BFB8F1000F02D10020BDE8F081CC
:1045B0000120FBE7F8B5F0F71DFFF0F78BFB0400D7
:1045C0003BD100252846EDF761FC009048B1C0685A
:1045D0000C21426A68469047010007D0009888473E
:1045E00004436D1C022DEDDB14B126E00120F8BD63
:1045F000F0F78AFB012540F6FF762846EDF746FCEA
:104600000090C0B12846EEF707FC0420F0F798FFB1
:104610000021324633460846F0F76CFA0020F0F7E6
:104620008FFF00980E21C068426A684690470100DB
:1046300001D0009888476D1EDFD52046F8BD01E007
:10464000FEF757FFFCE7000010B54FF40C71002097
:1046500000F0F8FB184908604FF40C71002000F0DE
:10466000F1FB154948604FF40A71002000F0EAFBA5
:10467000124908604FF40A71002000F0E3FB104972
:1046800008604FF40071002000F0DCFB0D49086069
:104690000948006868B10848406850B10748006898
:1046A00038B10748006820B10846006808B100200A
:1046B00010BD0120FCE7000040020020480200205D
:1046C0004C02002058020020F7B582B0164603982D
:1046D000019001A800F0F8F90546002D02DA0B2040
:1046E00005B0F0BD0E4850F825400CB100202070F8
:1046F000029810B10020029908700949029841F807
:104700002500029808B1012E01D00020E8E7002220
:1047100003A902A800F006F807463846E0E70000C3
:10472000607901202DE9F74F88B0002108980160D9
:10473000099800F0C9F907900798002803DA0B20C0
:104740000BB0BDE8F08FD549079851F820400CB95F
:104750000C20F5E708980460207878B16078FFF7BE
:10476000F8FE804608F0010040B90A9820B108F030
:10477000040008B10A20E3E70020E1E700202070F0
:10478000079860706078FFF797FE804608F0010098
:1047900008B10320D4E70A9820B108F0040008B15A
:1047A0000A20CDE7002739462046FFF7B3FD05462E
:1047B000012D01D06DBB2CE0002614E004F5F7714B
:1047C00001EB0610017951B1C17A0A06817A42EAF9
:1047D0000142417A42EA0121027A114300E00021BC
:1047E0004DF82610761C042EE8D3002606B1761E5E
:1047F00000BF5DF8267027B139462046FFF78AFDD5
:1048000000E0022005461DB1701C06460428F0D3C6
:1048100000BF032D01D1012092E70DB10D208FE7DC
:104820003B20015D94F83C0041EA0020B0F5007F98
:1048300001D00D2084E74620015D94F8470041EA4D
:104840000029B9F1000F0ED194F85700010694F831
:10485000560041EA004194F8550041EA002094F8DE
:10486000541040EA0109C4F818904020005DE0703F
:10487000E078012804D0E078022801D00D205FE71D
:10488000E07809FB00F93D20005DA070A07818B128
:10489000A078411E084008B10D2051E74120015D7C
:1048A00094F8420041EA00202081207A00F00F00B5
:1048B00008B10D2044E74320015D94F8440041EA2B
:1048C000002BBBF1000F0ED194F85300010694F8B1
:1048D000520041EA004194F8510041EA002094F866
:1048E000501040EA010B3E20015D94F83F0041EA80
:1048F00000200490049808B90D2021E7049848444A
:10490000218900EB111006900698834501D20D20F5
:1049100016E70698ABEB0000A178B0FBF1FABAF10C
:10492000000F01D10D200BE7012540F6F6708245FE
:1049300000D302254FF6F670824500D303250AF115
:1049400002006061E76104983844206206983844A8
:10495000A062032D16D1208908B10D20F0E694F84D
:104960005F00010694F85E0041EA004194F85D00A2
:1049700041EA002094F85C1008436062606980009E
:10498000059014E0208908B90D20D9E6206A484432
:104990006062022D02D16069400007E0207D00F0D6
:1049A0000100616901EB410100EB51000590A16933
:1049B000059800F2FF10B1EB502F01D20D20BFE699
:1049C0004FF0FF302061E06080206071032D5AD1EC
:1049D00094F8601094F8610041EA0020012852D157
:1049E000791C204600F014FAE8BB0020607194F8AE
:1049F0002E1294F82F0241EA00204AF655218842EF
:104A000041D13320005D01063220005D41EA0041C2
:104A10003120005D41EA002094F83010084320491D
:104A2000884230D194F81702010694F8160241EA40
:104A3000004194F8150241EA002094F8141208434A
:104A4000184988421FD194F81B02010694F81A02F3
:104A500041EA004194F8190241EA002094F8181242
:104A60000843206100E00EE094F81F02010694F86C
:104A70001E0241EA004194F81D0241EA002094F828
:104A80001C120843E060257007480088401C80B273
:104A900005490880E080002052E60000607901208E
:104AA00052526141727241615E02002000BF054AAC
:104AB000128802F04002002AF9D0C2B2014B9A805B
:104AC000704700000010014070B502464FF0FF3003
:104AD0001568E5B1116800E0491C0D78202D02D35E
:104AE0000D783A2DF8D10D783A2D0FD1146814F8BD
:104AF000015BA5F130030A2B07D28C4205D1032BB1
:104B000003D218464D1C2946156070BD002000BF19
:104B1000FBE700000EE00848006808B9012000E04B
:104B20000020054908604FF4FA7300221146104630
:104B3000F1F760FEEFE70000940240421CB5A820A8
:104B4000FFF73AFC4FF4A060F1F70AF94FF4E130B7
:104B500000F004FAF4F782FAF8F79CFF4FF478407B
:104B60003C4908803CA010210B46C822CDE900102A
:104B700032211E20F0F720FE3BA010210B46C82258
:104B8000CDE9001046211E20F0F716FE39A01021B5
:104B90000B46C822CDE900105A211E20F0F70CFE6A
:104BA00023E039A010210B46C822CDE90010962140
:104BB0001E20F0F701FE4FF4FA70FFF727FC38A033
:104BC00010210B46C822CDE9001096211E20F0F7D7
:104BD000F3FD4FF4FA70FFF719FC3648006808B986
:104BE000012000E0002033490860F8F7A5FF4EF6E9
:104BF00014718842D5D130A010210B46C822CDE9CE
:104C0000001096211E20F0F7D7FDF8F7A7FBF1F76B
:104C100049F8002000F062F8022000F05FF8FFF78A
:104C200013FD29490122086828A1FFF74DFD2649F7
:104C30000122486826A1FFF747FDF1F79BF8002302
:104C4000244A19462448F1F791FAF1F743FA002073
:104C50001CBD0000000000206D6375646576205364
:104C6000544D333246340000535049205445535478
:104C7000000000006D63756465762E74616F62617B
:104C80006F2E636F6D00000057323551313620436F
:104C90006865636B204661696C65642100000000F3
:104CA000506C6561736520436865636B212020202B
:104CB0002020200094024042573235513136205294
:104CC000656164792100000040020020303A000054
:104CD000313A000040060020914E010810B504460C
:104CE0000C4951F824104A000B4951F824000021C6
:104CF00000F0BCF8094951F8242007490C3951F853
:104D00002400002100F0B2F8012103480C300155C5
:104D100010BD000044710108900000205C71010882
:104D20002DE9F04704460F460025A9462548005DB9
:104D300020B9244820380168204688471FB94FF021
:104D4000FF30BDE8F087204850F82400B7FBF0F0B2
:104D500086B21D4850F82400B7FBF0F100FB11703B
:104D600008B1701C86B2194850F82400451E24E092
:104D700014480C3850F8240030F8150020B909F117
:104D800001001FFA80F901E04FF00009B14513D18D
:104D90004FF0000809E00B480C3850F8240005EBF0
:104DA000080120F8116008F10108B045F3D3064866
:104DB00050F824006843C4E76D1E002DD8DA4FF088
:104DC000FF30BEE79C0000205071010844710108CB
:104DD00010B501460023002207E00B4850F82100DF
:104DE00030F8120000B15B1C521C084850F821003A
:104DF0009042F2D864205843044C54F82140B0FB50
:104E0000F4F0C0B210BD0000900000204471010811
:104E100070B504460D46E06AA84210D0204600F066
:104E20006DF808B1012070BD607801232A4604F1B5
:104E30003001FFF75DFB08B10120F4E7E5620020D7
:104E4000F1E7000070B504460E4631462046FFF7F4
:104E500067FF0546681C08B9002070BD024850F87D
:104E600024002844F9E700008400002030B5034600
:104E700001E003F8011B141EA2F10102F9D130BDBB
:104E800000BF011EA0F10102D0B2FAD170470000AC
:104E900070B5054601210803F2F7BAF9EDF782FA79
:104EA0000420F9F707FEF1F739F9EBF70DFA04469C
:104EB00004230C4A00210C48F1F758F902230B4A4D
:104EC00000210B48F1F752F903230A4A00210A484E
:104ED000F1F74CF9FF20F1F7FBFB2046EBF7F8F96F
:104EE00070BD0000402900203F4601084008002016
:104EF000494F010840090020154B010870B50446D0
:104F00002079F8B1E56A607801232A4604F130017E
:104F1000FFF722FB08B1012070BD00202071206A3C
:104F2000281AA16988420DD2E67809E0A0690544F3
:104F3000607801232A4604F13001FFF70DFB761E4D
:104F4000022EF3D20020E7E707E0EEF7E5F80523AD
:104F5000002211461046F1F74DFCF6E710B588B077
:104F6000044601210846F2F753F901211020F2F717
:104F70006FF9072209212448ECF732FB07220A21A6
:104F80002148ECF72DFB4FF4C060069002208DF80D
:104F90001C008DF81D0000208DF81E0001208DF8EA
:104FA0001F0006A91848ECF7D3FA02940020ADF8C8
:104FB0000C00ADF80E00ADF81000ADF814000C2098
:104FC000ADF8120002A91148F8F7C6FC01210F48FC
:104FD000F8F767FC40210D48F8F75AFC012240F22F
:104FE00025510A48F8F793FC25208DF8040003208A
:104FF0008DF805008DF8060001208DF8070001A846
:10500000F0F772FE08B010BD000002400010014031
:1050100010B591EA030F48BF83F0004300F15483B9
:10502000841A71EB030C05D2121943EB0C03001B1D
:1050300061EB0C01DFF824E14FEA1154A4EB135C9F
:105040001EEA430F18BF9EEA445F73D023EA0E03A3
:10505000DCF1200E21EA045143F4801332D322FA0A
:105060000CFE10EB0E0023FA0CFE41EB0E01CCF10E
:10507000200E03FA0EFE10EB0E0051F10001B1F507
:10508000801FCCF1200E32D201EB045112FA0EF245
:10509000BDE8104058BF7047401C38BF5FEA42026D
:1050A00018BF7047002814BF20F0010041F1000133
:1050B0004FEA410313F5001F38BF7047A1F1C0410B
:1050C00000F0E6B9012A43EB0302ACF1200CDCF15D
:1050D0001F0E32BF4FF0000E23FA0CF310EB03004B
:1050E00041EB0451B4EB115FD0D0A1EB045101F5B9
:1050F000801149085FEA300001EB04510ED350F1F2
:10510000000038BF12FA0EFE08D1BDE81040C9E712
:10511000401C38BF5FEA4202CAD1C3E7BDE8104075
:105120004FEA410313F5001F38BF7047A1F1C0419A
:1051300000F0AEB99EEA445F08D011EA5E0FBDE808
:10514000104004BF01F0004100207047BDE810404E
:1051500070B500F04FF900BF64FBBE3E0000E0FFF9
:10516000491058BFC1F140415B1058BFC3F14043E3
:105170008B42EFF3008070474FEA1153A3F5806331
:10518000D3F11E03A8BFD3F1200C08DB4FF000427F
:1051900042EAC12252EA505232FA03F07047094201
:1051A0000BD4102BC4BF0020704703F5787CBCF1F2
:1051B000FF3F05D04FF0FF3070474FF000007047C1
:1051C00070B500F017F900BF4992248000207047A5
:1051D000F0E710F0004248BF4042B0FA80F310FA06
:1051E00003F10AD0C3F11D0303F580634FEA415078
:1051F00002EB035202EBD12170474FF000007047E1
:10520000B0FA80F310FA03F10AD0C3F11D0303F5DD
:1052100080634FEA41504FEA035202EBD1217047BD
:105220004FF000007047000051EA030C17D41CF542
:10523000801F58BFBCF5801F00F10680994218BF3F
:10524000704708BF9042704707D711F5801F58BFBD
:1052500013F5801F19D499427047894270471CF595
:10526000801F08D5BCF5801FF7D58B4218BF70474B
:1052700008BF824270474FF4001C1CEB410F38BF3F
:105280001CEB430F01D28B42704770B500F0B2F8AF
:10529000922449004FF000514FF08053FFF760BF58
:1052A000DFF848C170B51CEA111E1EBF1CEA1315B9
:1052B0009EEA0C0F95EA0C0F00F06F8081EA030460
:1052C00023EA4C134EEAD47E21EA4C1141F48011BA
:1052D00043F48013AE44A1FB024CA0FB0365AEF186
:1052E0007F7E361955EB0C05A1FB034C4CF10003F6
:1052F000A0FB021C16EB0C06654153F100030942AA
:1053000018BF46F0010613F4007F0BD14FEA0331BA
:105310004FEA0530340341EA155140EA16506FF068
:1053200003020AE04FEAC3214FEAC520F40241EA32
:10533000555140EA56506FF0020202EB2E4201EB4B
:10534000025585EACE710AD05FEA440C18BF24F0FA
:10535000004450F1000041F1000120EAD47040F215
:10536000FE7C624500D270BDA84214BF4FF080445D
:105370004FF04044002E08BF0024BEF1806FA8BF4C
:10538000A1F1C041BDE8704080F282804FF0000082
:1053900001F1C04101F0004170479EEA0C0F0CEA98
:1053A000131518BF95EA0C0F06D04FF0000081EAE4
:1053B000030E0EF0004170BD00F01CF88900013EA4
:1053C00000F007B800F009B84FEA430C5FEA5C5CF4
:1053D00008D081EA030100F05BB84FEA410C5FEAB4
:1053E0005C5CF6D14FF00000014970470000FF07F8
:1053F0000000F87F0EF1020E2EF0030E5EF8046B33
:10540000364205D4012A43EB030515F5001F12D8D7
:10541000012841EB010C1CF5001F0CD80ED14FEAFE
:10542000D17C15F5001F0CEB4C0C0CF1020C08BFE5
:105430004CEBD37C04E04FF0080C01E04FEAD37C46
:105440000CEB4C0526FA05F606F00706B6F1040C3F
:1054500006D20EEB860CBDE870404CF0010C6047A4
:10546000DFE80CF0090B02024FF000414FF00000A2
:10547000A1F5002170BD19461046012851EB010429
:1054800018BFD4F5001484BF002001F0004170BDA6
:105490000808A0F500114FEA3101704753EA010CEA
:1054A00017D41CF5801F58BFBCF5801F00F1068083
:1054B0008B4218BF704708BF8242704707D713F569
:1054C000801F58BF11F5801F19D48B4270479B4233
:1054D00070471CF5801F08D5BCF5801FF7D5994291
:1054E00018BF704708BF904270474FF4001C1CEB78
:1054F000430F38BF1CEB410F01D2994270470FB4E4
:105500000CBC03BCFFF7C1BE91EA030F10B581F0DC
:1055100000413FF585AD83F0004300F0D5B80000B1
:105520002DE9F04101F5801CBCF5001FC0F2A980F7
:105530004FEA115C21EA0C510CF1FD0C41F4801191
:105540005FEA5C0C0CF5C07C01D34000494130A4FB
:10555000890241EA905187028E0E0A0CA45D04FB79
:1055600004F602FB06F6C6F14046A4FB0662F60D01
:1055700046EA422606FB06F4A4FB01235242C3F18D
:10558000404338BF5B1EA6FB02420024E6FB032417
:10559000D20B42EA4446A6FB0623A1FB02E2A3FB90
:1055A00007E4E3FB61426442C2F1404E38BFAEF112
:1055B000010EA6FB04234FF00002E6FB0E32A2FB15
:1055C00003463400E2FB6264A1FB06E6A4FB07E8A5
:1055D000E4FB61687642C8F1405838BFA8F1010881
:1055E000A2FB06E4A3FB08E5E2FB6854A1FB05E689
:1055F000A7FB04E8E1FB648618F1200556F10006DC
:10560000A809A8F11B08B10908F03F08B8F10A0F72
:1056100040EA86601CD901EB0C51BDE8F08100BF67
:10562000FCF5EEE8E2DDD8D3CFCBC7C3C0BDB9B639
:10563000B4B1AEACA9A7A5A3A19F9D9B9A9896953E
:105640009392908F8D8C8B898887868584838281C5
:10565000A0FB006800FB01F208EB4208B8EB8728CA
:1056600007D5341858EB0104D5D5401C51F1000181
:10567000D1E7341A78EB0104CDD4401E71F100015A
:10568000C9E75FEA4C0C5FEA9C5C0DD105D34FF093
:10569000000001F00041BDE8F081BDE8F04170B5C7
:1056A000FFF7A8FE6DDBFFBEBDE8F0414FF0000044
:1056B000004970470000F87F10B591EA030F48BF1A
:1056C00083F000433FF5ACAC841A71EB030C07D2B6
:1056D00012198CF0004C43EB0C03001B61EB0C0126
:1056E000DFF8A4E14FEA1154A4EB135C1EEA430F68
:1056F00018BF9EEA445F00F0B08023EA6E03524276
:1057000021EA0451C3EB6E0338BF5B1EDCF1200EAF
:1057100025D322FA0CFE10EB0E0043FA0CFE41EBEF
:105720000E01CCF1200E03FA0EFE10EB0E0051F12B
:105730000001CCF1200E29D412FA0EF201EB045133
:10574000BDE8104058BF7047401C1CBFB2F1004F6D
:10575000704700280CBF491C20F00100704712EB75
:10576000020E43EB030218BF4FF0010E4EEA420255
:10577000ACF1200CDCF11E0E54D943FA0CFE10EBF8
:105780000E0051F1FF31CCF11E0ED5D50EF1010EF8
:1057900012FA0EFE404141EB010101EB445C5FEA6D
:1057A0005C5C10D910EBDE7001EB045138BFBEF128
:1057B000004FBDE8104018BF704700280CBF491CBF
:1057C00020F00100704730D24FEAD42C11F50011BF
:1057D00024F400641BD0B1FA81F20B3AA41AA41E7F
:1057E000D2F12003914030FA03F31943904001EBCA
:1057F000CC71002C01EB0451BDE81040A8BF7047EC
:1058000001F1C0414FF0000001F000417047B0FAD3
:1058100080F310FA03F100D110BDE41A173C4805DB
:10582000C90AE4E701EB045110BD491001EB045132
:10583000BDE810404FEA300002E04FF00001704731
:105840004A0008BF0042F8D0B2F5001F28BF7047D9
:1058500001F000414FF0000070479EEA445F07D01E
:1058600011EA5E0FBDE8104004BF00210020704720
:10587000BDE8104070B5FFF7BDFD00BF40DFF63E4C
:1058800083F00041104670470000E0FF43004FEAFC
:10589000D30C4FEA3C0C43401FBF40070CF1605152
:1058A00013F0FE4F70471CF0006F03D100200CF086
:1058B000004170470CF0004343EA507010B540EAD5
:1058C000CC0000F00EF800BF000000924FEA00018B
:1058D000FFF7DEBD4FF000414FF00000A1F50021C1
:1058E00070470EF1020E2EF0030E5EF8044B2442B8
:1058F00004D44FEA4102B2F17F4F11D84FEA40037E
:10590000B3F17F4F0CD80ED14FEAD07CB2F17F4F6C
:105910000CEB4C0C0CF1020C08BF4CEBD17C04E0FE
:105920004FF0080C01E04FEAD17C0CEB4C0324FA59
:1059300003F404F00704B4F1040C06D20EEB840C5B
:10594000BDE810404CF0010C6047DFE80CF00708A0
:1059500002024FF00040A0F5800010BD0846420052
:1059600018BFD2F1807288BF00F0004010BD4FF028
:105970004070E1EE100A70470000000000000000D7
:1059800000000000000000003F4000000000000098
:1059900000003000400030004000000009000BC053
:1059A0003D000BC03D00090018C024407FE02240AC
:1059B00031800000180024C01B000D80324001809F
:1059C00003801C4027401C800740004010006000FE
:1059D00000000000000000000000000000001F8028
:1059E000204040200000402020401F800000000098
:1059F000090006001F8006000900000004000400E2
:105A00003F8004000400000000100060000000005F
:105A10000000000004000400040004000400000072
:105A2000000000400000000000000000002001C055
:105A300006003800400000001F8020402040204029
:105A40001F800000000010403FC000400000000028
:105A500018C02140224024401840000010802040FF
:105A6000244024401B80000002000D0011003FC0B4
:105A7000014000003C80244024402440238000005A
:105A80001F80244024403440038000003000200068
:105A900027C03800200000001B8024402440244000
:105AA0001B8000001C0022C0224022401F800000FA
:105AB000000000000840000000000000000000009E
:105AC0000460000000000000000004000A00110053
:105AD0002080404009000900090009000900000079
:105AE00000004040208011000A000400180020003F
:105AF00023402400180000001F8020402740294038
:105B00001F400000004007C039000F0001C00040E6
:105B100020403FC0244024401B8000001F802040C4
:105B2000204020403080000020403FC020402040E6
:105B30001F80000020403FC024402E4030C00000A5
:105B400020403FC024402E00300000000F00108095
:105B5000204022403380020020403FC00400040067
:105B60003FC02040204020403FC020402040000057
:105B70000060202020203FC02000200020403FC0A7
:105B800024400B0030C0204020403FC02040004057
:105B9000004000C03FC03C0003C03C003FC00000CC
:105BA00020403FC00C4023003FC020001F80204009
:105BB000204020401F80000020403FC0244024009F
:105BC000180000001F802140214020E01FA000009D
:105BD00020403FC02440260019C0004018C0244087
:105BE0002440224031800000300020403FC020404F
:105BF0003000000020003F80004000403F80200037
:105C000020003E0001C0070038002000380007C017
:105C10003C0007C038000000204039C0060039C0F1
:105C2000204000002000384007C03840200000001D
:105C3000304021C02640384020C000000000000055
:105C40007FE0402040200000000070000C00038036
:105C5000004000000000402040207FE000000000E5
:105C60000000200040002000000000000010001094
:105C700000100010001000100000000040000000A4
:105C800000000000000002800540054003C0004005
:105C900020003FC004400440038000000000038057
:105CA00004400440064000000000038004402440FB
:105CB0003FC0004000000380054005400340000055
:105CC000000004401FC0244024402000000002E0E7
:105CD000055005500650042020403FC004400400F9
:105CE00003C000400000044027C000400000000046
:105CF00000100010041027E00000000020403FC00A
:105D00000140070004C00440204020403FC0004044
:105D10000040000007C0040007C0040003C00000EA
:105D2000044007C00440040003C00040000003809A
:105D30000440044003800000041007F004500440B5
:105D400003800000000003800440045007F00010AE
:105D5000044007C0024004000400000000000640A8
:105D60000540054004C00000000004001F800440FE
:105D700000400000040007800040044007C00040CD
:105D80000400070004C0018006000400060001C0F2
:105D9000070001C006000000044006C0010006C064
:105DA000044000000410071004E001800600040015
:105DB0000000044005C00640044000000000000050
:105DC00004007BE040200000000000000000FFF025
:105DD00000000000000040207BE004000000000004
:105DE0004000800040002000200040000000000033
:105DF00000000000000000000000000000000000A3
:105E000000001FCC000C0000000000000000080093
:105E1000300060000800300060000000022003FC39
:105E20001E20022003FC1E200220000000000E188D
:105E300011043FFF10840C78000000000F00108454
:105E40000F3800C0077818840078000000780F84AD
:105E500010C411240E9800E40084000808006800B3
:105E600070000000000000000000000000000000C2
:105E7000000007E018182004400200000000400263
:105E80002004181807E00000000000000240024053
:105E900001800FF00180024002400000008000807D
:105EA00000800FF800800080008000000001000DDD
:105EB000000E000000000000000000000000008054
:105EC0000080008000800080008000800000000CC6
:105ED000000C0000000000000000000000000006B0
:105EE000001800600180060018002000000007F084
:105EF000080810041004080807F000000000080457
:105F000008041FFC000400040000000000000E0C48
:105F100010141024104411840E0C000000000C1802
:105F200010041104110412880C700000000000E03D
:105F30000320042408241FFC0024000000001F98F4
:105F4000108411041104108810700000000007F084
:105F500008881104110418880070000000001C005B
:105F6000100010FC13001C001000000000000E3890
:105F700011441084108411440E3800000000070002
:105F8000088C10441044088807F00000000000004E
:105F90000000030C030C00000000000000000000E3
:105FA0000001010600000000000000000000008069
:105FB0000140022004100808100400000220022002
:105FC0000220022002200220022000000000100413
:105FD00008080410022001400080000000000E00AC
:105FE0001200100C106C10800F00000003E00C1861
:105FF00013E4142417C4082807D000000004003C50
:1060000003C41C40074000E4001C000410041FFCF3
:106010001104110411040E880070000003E00C1834
:1060200010041004100410081C10000010041FFCC1
:10603000100410041004080807F0000010041FFCEE
:106040001104110417C410040818000010041FFCE8
:106050001104110017C010000800000003E00C1824
:106060001004100410441C780040000010041FFCB1
:1060700010840080008010841FFC100400001004B5
:1060800010041FFC100410040000000000030001B5
:10609000100110011FFE10001000000010041FFC72
:1060A000110403801464181C1004000010041FFC69
:1060B0001004000400040004000C000010041FFC85
:1060C0001F0000FC1F001FFC1004000010041FFC38
:1060D0000C04030000E010181FFC100007F0080873
:1060E000100410041004080807F0000010041FFC3E
:1060F00010841080108010800F00000007F0081836
:1061000010241024101C080A07F2000010041FFCC1
:106110001104110011C011300E0C000400000E1CFF
:1061200011041084108410441C3800001800100062
:1061300010041FFC100410001800000010001FF8CD
:1061400010040004000410041FF8100010001E00CA
:1061500011E0001C007013801C0010001FC0103CD8
:1061600000E01F0000E0103C1FC000001004180CED
:10617000163401C001C01634180C100410001C00A5
:10618000130400FC13041C00100000000804101C81
:106190001064108413041C04101800000000000098
:1061A00000007FFE4002400240020000000030007C
:1061B0000C0003800060001C00030000000040028F
:1061C000400240027FFE00000000000000000000CE
:1061D00020004000400040002000000000010001BD
:1061E0000001000100010001000100010000400069
:1061F00040002000000000000000000000000098A7
:10620000012401440144014400FC000410001FFC6F
:106210000088010401040088007000000000007084
:1062200000880104010401040088000000000070DF
:1062300000880104010411081FFC0004000000F89C
:10624000014401440144014400C80000000001046D
:1062500001040FFC1104110411001800000000D605
:1062600001290129012901C90106000010041FFCB0
:10627000008401000100010400FC0004000001048E
:10628000190419FC000400040000000000000003D1
:1062900000010101190119FE0000000010041FFC9B
:1062A0000024004001B4010C0104000000001004AF
:1062B00010041FFC0004000400000000010401FCA5
:1062C0000104010001FC0104010000FC010401FCC7
:1062D000008401000100010400FC0004000000F83B
:1062E000010401040104010400F80000010101FFA0
:1062F00000850104010400880070000000000070A7
:10630000008801040104010501FF000101040104EA
:1063100001FC00840104010001800000000000CCA9
:10632000012401240124012401980000000001003F
:10633000010007F80104010400000000010001F859
:10634000000400040004010801FC000401000180B5
:106350000170000C001001600180010001F0010CCF
:10636000003001C00030010C01F001000000010408
:10637000018C00740170018C010400000101018195
:106380000171000E0018016001800100000001840D
:10639000010C013401440184010C000000000000E4
:1063A0000000000001003EFC40024002000000002E
:1063B00000000000FFFF000000000000000040029D
:1063C00040023EFC010000000000000000006000F0
:1063D00080008000400040002000200000000000FD
:1063E00000000000000000000000000000000000AD
:1063F000000000000000000000000000000000009D
:106400000000000000000000000000000000000F7D
:1064100080380FFE380F80380000000000000000B8
:106420000000000000000000000001000006000065
:106430000C00003800003100000600000C0000389D
:1064400000003000000000000000000061800067D4
:10645000F807F98000618000618000618000618040
:106460000067F807F980006180000000000000006C
:10647000000001C0E003E0F00630080418081FFF28
:10648000FE040E080787F00381E000000000000012
:1064900001F000060C00040408060C7001F9C000AD
:1064A0000E00003BE000EC18070808040C1800037D
:1064B000E00000000001E00007F003F818041C08E9
:1064C00004170807E1D003C0E00023B0003C080037
:1064D0002008000010000000000000010000310052
:1064E000003200001C00000000000000000000005E
:1064F000000000000000000000000000000000009C
:106500000000000000000000000000007F0001FF0C
:10651000C00780F00C0018100004200002000000EA
:106520000000002000021000040C00180780F00199
:10653000FFC0007F0000000000000000000000001D
:10654000000000000000000042000066000066003D
:10655000003C0000180003FFC0001800003C0000D1
:10656000660000660000420000000000080000080D
:106570000000080000080000080001FFC00008003B
:1065800000080000080000080000080000000000EB
:10659000000100003100003200001C00000000007B
:1065A00000000000000000000000000000000000EB
:1065B00000000000080000080000080000080000BB
:1065C000080000080000080000080000080000089B
:1065D000000000000000000000000000380000384B
:1065E0000000380000000000000000000000000073
:1065F0000000000000000000000000000006000095
:106600001C000070000180000E0000380000C00077
:106610000700001C00003000000000000000000027
:106620007F8001FFE003807006001804000804006A
:106630000806001803807001FFE0007F8000000062
:10664000000000000000010008010008010008032C
:10665000FFF807FFF800000800000800000800002D
:106660000000000000000001C03802C0580400987B
:10667000040118040218040418061C1803F8180171
:10668000E0F800000000000000000001C0E003C0CE
:10669000F004000804080804080806180803F418A1
:1066A00001E7F00001E00000000000000000000031
:1066B0000300000D000011000061000081080301CB
:1066C0000807FFF80FFFF8000108000108000000AC
:1066D0000000000000E007FCD006080806100806CD
:1066E0001008061008061838060FF00607C000004C
:1066F00000000000000000003F8001FFE003843044
:1067000002081804100804100804100807181003E1
:106710000FF00007C000000000000000000003C0F0
:10672000000700000600000600F80607F80618003B
:1067300006E0000700000600000000000000000165
:10674000E1E003F7F0063410041808041808040CFC
:1067500008040C0806161803F3F001C1E00000005D
:1067600000000000F80003FC3003063804020804AF
:1067700002080402080404100308F001FFC0007FAF
:106780000000000000000000000000000000000009
:106790000000000070380070380070380000000001
:1067A00000000000000000000000000000000000E9
:1067B0000000000000000000301A00301C00000043
:1067C00000000000000000000000000000000000C9
:1067D00000000008000014000022000041000080BA
:1067E00080010040020020040010080008000000A2
:1067F0000000000021000021000021000021000015
:1068000021000021000021000021000021000021C2
:106810000000000000000000000008000804001054
:1068200002002001004000808000410000220000A2
:10683000140000080000000000000003C00004C0B5
:1068400000040000080038080F3808083808100055
:106850000C300007E00003C0000000000000000052
:106860003F8000FFE0038070020F1006708804C0B4
:1068700088048308047F8802C09003012000FE4042
:106880000000080000180001F8003E0801C20007DF
:10689000020007E20000FE00001FC80001F800002F
:1068A0003800000804000807FFF807FFF80408088C
:1068B00004080804080804080806180803F4180166
:1068C000E7F00001E0000000000000003F8001FF51
:1068D000E0038070020018040008040008040008A7
:1068E0000400100600200780C00000000400080714
:1068F000FFF807FFF804000804000804000804007B
:106900001802001003807001FFE0007F800000008B
:1069100004000807FFF807FFF80408080408080443
:106920000808040808043E080400080600180100CE
:106930006000000004000807FFF807FFF8040808DB
:10694000040800040800040800043E0006000006D5
:106950000000018000000000000000003F8001FFF7
:10696000E00380700600180400080402080402080E
:106970000203F00783F00002000002000400080791
:10698000FFF807FFF80408080008000008000008E6
:106990000000080004080807FFF807FFF8040008D3
:1069A00000000000000004000804000804000807BC
:1069B000FFF807FFF80400080400080400080000BE
:1069C00000000000000000000006000007000001B9
:1069D00004000104000104000307FFFE07FFFC049C
:1069E000000004000004000004000807FFF807FF8F
:1069F000F8040C08001800003E0004C7800503C816
:106A00000600F80400380400180000080400080715
:106A1000FFF807FFF8040008000008000008000065
:106A200008000008000008000018000060000000D6
:106A300004000807FFF807800807FC00007FC0007B
:106A400003F80007C000780007800807FFF807FF79
:106A5000F804000804000807FFF807000803C00056
:106A600000E000003800001E000007000001C00424
:106A700000F007FFF8040000000000007F8001FF25
:106A8000E0038070060018040008040008060018DF
:106A900003003001FFE0007F8000000004000807D1
:106AA000FFF807FFF80404080404000404000404C9
:106AB00000040400060C0003F80001F000000000D0
:106AC000000000007F8001FFE00380700600880462
:106AD00000880400C806003C03003E01FFE6007F7A
:106AE0008400000004000807FFF807FFF804080806
:106AF000040800040C00040F00040BC00610F0038F
:106B0000F03801E00800000800000001E0F803F0A0
:106B100030063010041808041808040C08040C0887
:106B20000206180207F00781E0000000018000065D
:106B3000000004000004000004000807FFF807FF3D
:106B4000F8040008040000040000060000018000B2
:106B500004000007FFE007FFF00400180000080031
:106B6000000800000800000800000804001007FFEB
:106B7000E004000004000006000007E00007FE003B
:106B8000041FE00001F80000380001E0043E0007A7
:106B9000C00006000004000004000007E00007FF3A
:106BA000C0041FF80007C007F80007FF80043FF883
:106BB0000007C004F8000700000400000000000403
:106BC000000806001807C07805F1C8003E00001F45
:106BD000800463E80780F80600180400080000003D
:106BE00004000006000007800007E008047C08009D
:106BF0001FF80007F800180804E008070000060066
:106C0000000400000000000100080600380400F83D
:106C10000403E8040F08047C0805F00807C008070F
:106C200000180400600000000000000000000000E8
:106C3000000000000000003FFFFE200002200002D4
:106C400020000220000220000200000000000000DE
:106C5000000008000007000000C000003800000627
:106C6000000001C000003000000E00000100000024
:106C7000000000000000200002200002200002208E
:106C800000022000023FFFFE0000000000000000A4
:106C900000000000000000000000000000080000EC
:106CA000100000300000200000300000100000083C
:106CB00000000000000000000000010000010000D2
:106CC00001000001000001000001000001000001BE
:106CD00000000100000100000100000100000000B0
:106CE0000000000000200000200000100000100044
:106CF0000000000000000000000000000000000094
:106D00000000000000F00019F8001B180022080025
:106D10002608002408002410003FF8001FF8000097
:106D20000800001800000004000007FFF80FFFF043
:106D30000018180010080020080020080030180073
:106D40001FF0000FC00000000000000007C0001F7F
:106D5000F0001830002008002008002008003C083F
:106D6000001C100000600000000000000000000097
:106D700007C0001FF000381800200800200800207D
:106D80000804101007FFF80FFFF0000010000000CB
:106D90000000000000000007C0001FF000123000DB
:106DA0002218002208002208003208001E10000EDF
:106DB0002000000000000000200000200800200843
:106DC00001FFF803FFF80620080420080420080744
:106DD000200003000000000000000000000E000E74
:106DE0006E001FF30031B10020B10020B1003191DD
:106DF000001F13002E1E00200E00300000000004B3
:106E0000000807FFF80FFFF800100800200000201E
:106E100000002008003FF8001FF8000008000000F4
:106E200000000000000000200800200800200806E4
:106E30003FF8063FF80000080000080000080000C6
:106E4000000000000000000000000000030000033C
:106E5000002001002001002003063FFE063FFC0049
:106E6000000000000000000000000004000807FF10
:106E7000F80FFFF8000188000300002FC00038F869
:106E8000002038002008000008000000000000007A
:106E9000000004000804000804000807FFF80FFFC2
:106EA000F8000008000008000008000000000000D2
:106EB000002008003FF8003FF80010080020000004
:106EC0003FF8003FF8001008002000003FF8003FA6
:106ED000F8000008000000002008003FF8003FF81C
:106EE000001008001000002000002008003FF800FB
:106EF0001FF80000080000000000000007C0000F9D
:106F0000F000183000300800200800200800300889
:106F1000001830000FF00007C00000000000000063
:106F20002001003FFF003FFF00101100200900205A
:106F300008002008003038001FF0000FC0000000DB
:106F40000000000007C0001FF000381800200800F3
:106F50002008002009001011001FFF003FFF000063
:106F600001000000002008002008002008003FF871
:106F7000003FF8000808001008002008002000006A
:106F80003000003000000000000000000000000C95
:106F900078001E180033080023080021080021880B
:106FA0000021980030F00038600000000000000070
:106FB000200000200000200000FFF003FFF8002068
:106FC0000800200800200800003000000000000039
:106FD000000000002000003FF0007FF800001800D3
:106FE0000008000008002010003FF8007FF00000BB
:106FF00010000000000000002000003000003C00F5
:10700000003F800023F00000780000700023800023
:107010003C00003000002000002000003C00003F49
:10702000E00023F80000E0002700003E00003FE001
:107030000021F80001E0003E0000200000000000F8
:107040002008002008003838003E68002780000330
:10705000C8002CF800383800201800200800000074
:10706000000000002000003003003C01003F8300CE
:1070700023EC000070002380003C00002000002072
:107080000000000000000000000000380800203868
:107090000020F80023E8002F88003E080038080090
:1070A0002018000070000000000000000000000038
:1070B000000000000000000008000014001FF7FCA2
:1070C0003000062000020000000000000000000068
:1070D0000000000000000000000000000000FFFFB2
:1070E000FF000000000000000000000000000000A1
:1070F0000000000000002000023000061FF7FC0026
:107100001400000800000000000000000000000063
:1071100000000000000000180000600000400000B7
:1071200040000020000010000008000004000004DF
:1071300000000C0000100000000100050010001409
:107140000018000000090000400100008007000056
:1071500020000000200000002000000000200100AE
:107160000028000000F00000000000006D11010880
:10717000AD170108891801081D1B010839250108F0
:10718000912F0108ED3D0108612F0108A923010895
:107190001D240108752301086F2501080000010066
:1071A00002000100030001000200010004000100D0
:1071B00002000100030001000200010005000100BF
:1071C00002000100030001000200010004000100B0
:1071D000020001000300010002000100060001009E
:1071E0000200010003000100020001000400010090
:1071F000020001000300010002000100050001007F
:10720000020001000300010002000100040001006F
:10721000020001000300010002000100070001005C
:10722000020001000300010002000100040001004F
:10723000020001000300010002000100050001003E
:10724000020001000300010002000100040001002F
:10725000020001000300010002000100060001001D
:10726000020001000300010002000100040001000F
:1072700002000100030001000200010005000100FE
:1072800002000100030001000200010004000100EF
:10729000020001000300010002000100D5F800080F
:1072A000A94C0008F72401080100000021F800089B
:1072B00041260108F1470008F948000800000000D5
:1072C00001010101000000000000000000000000BA
:1072D00000000000000000000000000000000000AE
:1072E000303030303030303030303000003030002E
:1072F0000000000000000000666666666600000090
:10730000000000000000000000000000000000007D
:10731000000000000C600C600CE018C0FFF0FFF0F3
:1073200018C031803180FFF0FFF0318073006300BE
:1073300063000000000000000000000000000000EA
:10734000000004001F003F8075C064C0640074002A
:107350003E000F8005C004C004C064C075C03F80FB
:107360001F000400040000000000000000000000F6
:1073700000000000000000001C0600360C00630C3A
:10738000006318006318006330003660001C67005B
:1073900000CD8000D8C00198C00198C00318C00675
:1073A0000D80060700000000000000000000000043
:1073B00000000000000000000000000007800FC077
:1073C0001860186018C00D800F001F00339861D836
:1073D00060F0606070F03FD81F08000000000000FF
:1073E00000000000000000006060606060000000BD
:1073F000000000000000000000000000000000008D
:1074000004081810303060606060606060303010D8
:1074100018080400000000004020301018180C0C60
:107420000C0C0C0C0C181810302040000000000050
:107430001818FF183C660000000000000000000063
:10744000000000000000000000000000000000003C
:10745000000006000600060006007FE07FE0060050
:10746000060006000600000000000000000000000A
:10747000000000000000000000000000000000000C
:10748000000000000030301010200000000000005C
:107490000000000000000000FCFC000000000000F4
:1074A00000000000000000000000000000000000DC
:1074B000000000000030300000000000000000006C
:1074C0000C0C1818181830303060606060C0C000B4
:1074D0000000000000000000000000001F003FC08E
:1074E00030C060606060606060606060606060606C
:1074F0006060606030C03FC00F800000000000008E
:107500000000000000000000000000000300030075
:107510000F001F00330003000300030003000300FB
:10752000030003000300030003000000000000004C
:107530000000000000000000000000001F803FC0AD
:1075400070E060600060006000C000C00180070063
:107550000E00180030007FE07FE000000000000017
:107560000000000000000000000000001F003F803D
:1075700071C060C000C00180070007C000E000606B
:107580000060606070C03FC01F000000000000008D
:1075900000000000000000000000000000800180EA
:1075A000038007800D800D801980318061807FE02D
:1075B0007FE0018001800180018000000000000068
:1075C0000000000000000000000000001FC01FC0FD
:1075D00030003000300037807FC060E00060006025
:1075E0000060606070C03FC01F000000000000002D
:1075F0000000000000000000000000000F801FC01D
:1076000030E03060600067807FC070E06060606084
:107610006060606030C01FC00F000000000000000C
:107620000000000000000000000000007FE07FE09C
:1076300000C00180018003000300060006000C006A
:107640000C000C00180018001800000000000000DA
:107650000000000000000000000000000F001F807C
:1076600030C030C030C030C01F801F8030C060606C
:107670006060606070E03FC01F800000000000009C
:107680000000000000000000000000000F003F802C
:1076900030C0606060606060606030E03FE01E604D
:1076A000006060C070C03F801F000000000000004C
:1076B000000000000000000000000000303000006A
:1076C000000000000030300000000000000000005A
:1076D00000000000303000000000000000303010DA
:1076E000102000000000000000000000000000006A
:1076F000002000E003C00F003800600038000F00D9
:1077000003C000E0002000000000000000000000B6
:107710000000000000000000000000000000000069
:10772000000000007FE07FE00000000000007FE03C
:107730007FE00000000000000000000000000000EA
:107740000000000000000000000000000000000039
:10775000400070003C000F0001C0006001C00F003D
:107760003C0070004000000000000000000000002D
:107770000000000000000000000000001F803FC06B
:1077800070E06060006000C001C003800700060078
:1077900006000000000006000600000000000000D7
:1077A00000000000000000000000000000000000D9
:1077B00000FE0007FF800F03C01C00E0187360315B
:1077C000FB70338E30630630660630660630660422
:1077D00070660C60671CC033FF8039EF301C00609E
:1077E0000F01C007FF8001FE000000000000000044
:1077F00000000000070007000D800D800D8018C0FC
:1078000018C018C03FE03FE0603060306030C01802
:10781000C018000000000000000000000000000090
:10782000000000003FC03FE030703030303030703A
:107830003FE03FE0303030183018301830383FF03B
:107840003FE0000000000000000000000000000019
:107850000000000007E01FF01C38301C700C6000B6
:107860006000600060006000700C30183C381FF051
:1078700007E0000000000000000000000000000021
:10788000000000003FC03FF030383018300C300CA2
:10789000300C300C300C300C300C301830383FF0DD
:1078A0003FC00000000000000000000000000000D9
:1078B000000000003FF83FF830003000300030009A
:1078C0003FF03FF0300030003000300030003FF833
:1078D0003FF8000000000000000000000000000071
:1078E000000000003FF03FF030003000300030007A
:1078F0003FE03FE03000300030003000300030002A
:107900003000000000000000000000000000000047
:107910000000000007F00FF81C1C300E300460005F
:10792000600060FE60FE6006300630061C1E0FFC24
:1079300003F0000000000000000000000000000054
:107940000000000060186018601860186018601867
:107950007FF87FF860186018601860186018601869
:10796000601800000000000000000000000000009F
:107970003030303030303030303030303030300037
:1079800000000000000000000000000001800180F5
:1079900001800180018001800180018001800180DF
:1079A0006180618073803F001E00000000000000C5
:1079B00000000000000000000000000030383070BF
:1079C00030E031C03380370037003F003B8031C0AA
:1079D00030E0306030703038301C000000000000B3
:1079E0000000000000000000000000003000300037
:1079F0003000300030003000300030003000300007
:107A00003000300030003FE03FE0000000000000A8
:107A10000000000000000000000000000000000066
:107A2000700700780F00780F00680B006C1B006C6B
:107A30001B00641300663300663300622300636337
:107A40000063630061430061C30061C30000000084
:107A50000000000000000000000000000000000026
:107A60000000000060187018781878186C186618F4
:107A7000661863186198619860D86078607860389B
:107A8000601800000000000000000000000000007E
:107A90000000000007E00FF01C38300C700E60068C
:107AA0006006600660066006700E300C1C380FF031
:107AB00007E00000000000000000000000000000DF
:107AC000000000003FE03FF0303830183018301828
:107AD00030383FF03FE03000300030003000300000
:107AE0003000000000000000000000000000000066
:107AF0000000000007E00FF81C3C300C700E600620
:107B00006006600660066006700C30EC1C380FFCE6
:107B100007EE00020000000000000000000000006E
:107B2000000000003FE03FF03038301830183038A7
:107B30003FF03FE030C030E0306030703038301817
:107B4000301C0000000000000000000000000000E9
:107B50000000000007C01FF038383018300038002F
:107B60001F8007E0007000186018701838381FF088
:107B70000FC0000000000000000000000000000036
:107B800000000000FFF0FFF00600060006000600FF
:107B900006000600060006000600060006000600B5
:107BA00006000000000000000000000000000000CF
:107BB00000000000601860186018601860186018F5
:107BC00060186018601860186018703838701FE00E
:107BD0000FC00000000000000000000000000000D6
:107BE00000000000C018E038603060307070306015
:107BF000306038E018C018C01DC00D800D800F80A7
:107C0000070000000000000000000000000000006D
:107C10000000000000000000C07018C0701860D89C
:107C20003060D83060D83070C870318C60318C6072
:107C3000318C601B06C01B06C01B06C01B06C00E95
:107C400003800E0380000000000000000000000020
:107C500000000000000000000000000070383870D4
:107C600018600CC00CC007800300078007800DC09F
:107C70001CE0186030307038E01C0000000000008C
:107C8000000000000000000000000000E01C601880
:107C9000303038701CE00CC0078007800300030000
:107CA00003000300030003000300000000000000C5
:107CB0000000000000000000000000007FF07FF0E6
:107CC000006000C001800180030006000C00180065
:107CD000180030006000FFF0FFF00000000000001E
:107CE0000000000000000000787860606060606064
:107CF0006060606060606060607878000000000034
:107D0000C0C060606060303030181818180C0C006B
:107D100000000000000000007878181818181818E3
:107D2000181818181818181818787800000000008B
:107D3000183C3C3C666666C3000000000000000082
:107D40000000000000000000000000000000000033
:107D50000000000000000000000000000000000023
:107D60000000000000000000000000000000FFF024
:107D7000FFF0000000000000603010000000000074
:107D800000000000000000000000000000000000F3
:107D90000000000000000000000000001F807FC005
:107DA00060C000C007C03FC078C060C061C07FC075
:107DB0003E60000000000000000000000000000025
:107DC0000000000060006000600060006F007F80C5
:107DD000718060C060C060C060C060C071807F8022
:107DE0006F00000000000000000000000000000024
:107DF0000000000000000000000000000F003F80B5
:107E000031C060C060006000600060C031C03F8071
:107E10001F00000000000000000000000000000043
:107E20000000000000C000C000C000C01EC03FC075
:107E300031C060C060C060C060C060C031C03FC0C1
:107E40001EC0000000000000000000000000000054
:107E50000000000000000000000000000F003FC014
:107E600030C060607FE07FE06000600030E03FC0D5
:107E70000F80000000000000000000000000000073
:107E80001C3C3030FCFC3030303030303030300092
:107E900000000000000000000000000000000000E2
:107EA000000000001EC03FC031C060C060C060C0A4
:107EB00060C060C031C03FC01EC000C061C07F80D4
:107EC0001F000000000000000000000060006000D3
:107ED000600060006F007F8071C060C060C060C0E3
:107EE00060C060C060C060C060C0000000000000F2
:107EF0000000000000000000606000006060606042
:107F000060606060606060000000000000000000D1
:107F10006060000060606060606060606060606021
:107F200060E0C00000000000000000006000600091
:107F30006000600061C0638067006E007C007E00AE
:107F4000660063006380618061C000000000000083
:107F50000000000000000000606060606060606021
:107F60006060606060606000000000000000000071
:107F70000000000000000000000000006F3C7F7E59
:107F800071C6618661866186618661866186618669
:107F900061860000000000000000000000000000FA
:107FA0000000000000000000000000006F007F8063
:107FB00071C060C060C060C060C060C060C060C0B0
:107FC00060C0000000000000000000000000000091
:107FD0000000000000000000000000000F003FC093
:107FE00030C06060606060606060606030C03FC0F2
:107FF0000F00000000000000000000000000000072
:108000000000000000000000000000006F007F8002
:10801000718060C060C060C060C060C071807F80DF
:108020006F00600060006000600000000000000061
:108030000000000000000000000000001EC03FC063
:1080400031C060C060C060C060C060C031C03FC0AF
:108050001EC000C000C000C000C000000000000042
:10806000000000006E7E70606060606060606000B4
:108070000000000000000000000000000000000000
:10808000000000001F003F8060C060007C003F8057
:1080900003C000C060C03F801F000000000000005F
:1080A000000000000000000020606060F8F86060E0
:1080B0006060606060783800000000000000000030
:1080C00000000000000000000000000060C060C070
:1080D00060C060C060C060C060C060C071C03FC0B0
:1080E0001EC00000000000000000000000000000B2
:1080F000000000000000000000000000C060C06040
:1081000060C060C0318031801B001B000E000E007B
:10811000040000000000000000000000000000005B
:10812000000000000000000000000000C106C3863F
:108130004384628C66CC36D836D814501C701C70C0
:108140000C600000000000000000000000000000C3
:10815000000000000000000000000000E1C061809D
:10816000330033001E000C001E003300330061801A
:10817000E1C000000000000000000000000000005E
:1081800000000000000000000000000060C060C0AF
:1081900031803180398019801B000F000F000600EC
:1081A000060006000C007C007800000000000000C3
:1081B0000000000000000000000000007F807F80C1
:1081C000038007000E001C0038007000E000FF80F4
:1081D000FF80000000000000000000000000000020
:1081E0001C3C303030303070E0E0603030303030C7
:1081F000303C1C0000000000303030303030303077
:10820000303030303030303030303030000000002E
:10821000707818181818181C0E0E1C181818181832
:10822000187870000000000000000000000000004E
:10823000000000000000000038007E2047E001C080
:10824000000000000000000000000000000000002E
:108250000000000006060100C472010806060100C5
:10826000DC72010807070100F47201080C0C02001F
:108270000C7301080C0C02003C730108131303007B
:108280006C7301080E0E0200B473010804040100AF
:10829000E473010807070100FC73010807070100E8
:1082A00014740108080801002C7401080C0C020069
:1082B00044740108060601007474010807070100F0
:1082C0008C74010806060100A4740108060601006A
:1082D000BC7401080C0C0200D47401080C0C0200E0
:1082E000047501080C0C0200347501080C0C020026
:1082F000647501080C0C0200947501080C0C020056
:10830000C47501080C0C0200F47501080C0C020085
:10831000247601080C0C0200547601080C0C0200B3
:108320008476010806060100B476010806060100FD
:10833000CC7601080C0C0200E47601080C0C02005B
:10834000147701080C0C0200447701080C0C0200A1
:108350007477010815150300A47701080D0D0200BC
:10836000EC7701080E0E02001C7801080F0F0200C6
:108370004C7801080F0F02007C7801080E0E0200F5
:10838000AC7801080D0D0200DC7801081010020025
:108390000C7901080E0E02003C7901080606010066
:1083A0006C7901080B0B0200847901080E0E0200A3
:1083B000B47901080C0C0200E479010811110300E2
:1083C000147A01080E0E02005C7A010810100200F7
:1083D0008C7A01080E0E0200BC7A0108101002000F
:1083E000EC7A01080F0F02001C7B01080E0E020040
:1083F0004C7B01080C0C02007C7B01080E0E020075
:10840000AC7B01080D0D0200DC7B01081515030093
:108410000C7C01080E0E0200547C01080E0E0200B6
:10842000847C01080D0D0200B47C010806060100E1
:10843000E47C010806060100FC7C01080606010038
:10844000147D0108080801002C7D01080C0C0200B5
:10845000447D010807070100747D01080C0C02002F
:108460008C7D01080B0B0200BC7D01080B0B020088
:10847000EC7D01080B0B02001C7E01080C0C0200B5
:108480004C7E0108060601007C7E01080B0B0200F1
:10849000947E01080B0B0200C47E01080505010053
:1084A000F47E0108040401000C7F01080A0A02009E
:1084B000247F010804040100547F01081010020009
:1084C0006C7F01080B0B02009C7F01080C0C020062
:1084D000CC7F01080B0B0200FC7F01080B0B020094
:1084E0002C800108070701005C8001080B0B0200CB
:1084F0007480010806060100A48001080B0B02002D
:10850000BC8001080B0B0200EC8001080F0F020079
:108510001C8101080A0A02004C8101080B0B0200B1
:108520007C81010809090200AC81010807070100EC
:10853000DC81010806060100F4810108070701003B
:108540000C8201080C0C02002482010820007E002D
:108550005482010800000000B917000881180008C3
:10856000C5180008CB18000800000000000000003B
:10857000181801014C850108130B0F0000000000C2
:108580000000000020202020200020004848480053
:10859000000000005050F850F85050002078A070B3
:1085A00028F02000C0C81020409818006090A0401B
:1085B000A8906800602040000000000010204040AB
:1085C000402010004020101010204000005020F8E3
:1085D00020500000002020F82020000000000000B3
:1085E00000602040000000F80000000000000000D3
:1085F000006060000008102040800000708898A88B
:10860000C88870002060202020207000708808300A
:108610004080F80070880830088870001030509052
:10862000F8101000F880F00808887000304080F0E2
:1086300088887000F80810204040400070888870DA
:10864000888870007088887808106000006060007A
:1086500060600000000060600060204010204080EA
:10866000402010000000F800F800000080402010BA
:108670002040800070880810200020007088086862
:10868000A8A87000708888F888888800F08888F02A
:108690008888F0007088808080887000E0908888EA
:1086A0008890E000F88080F08080F800F88080F00A
:1086B000808080007088808098887800888888F81A
:1086C000888888007020202020207000381010102A
:1086D000109060008890A0C0A0908800808080806A
:1086E0008080F80088D8A8A8888888008888C8A8CA
:1086F000988888007088888888887000F08888F05A
:108700008080800070888888A8906800F08888F051
:10871000A09088007088807008887000F820202061
:108720002020200088888888888870008888888829
:1087300088502000888888A8A8A8500088885020E1
:10874000508888008888885020202000F808102051
:108750004080F80070404040404070000080402061
:1087600010080000701010101010700020508800C9
:108770000000000000000000000000F84020100091
:108780000000000000007008788878008080B0C881
:108790008888F00000007080808870000808689861
:1087A0008888780000007088F8807000304840E0C9
:1087B0004040400000007888887808708080B0C809
:1087C0008888880020006020202070001000301071
:1087D00010109060808090A0C0A0900060202020A9
:1087E000202070000000D0A8888888000000B0C851
:1087F0008888880000007088888870000000F088F1
:1088000088F0808000007888887808080000B0C868
:1088100080808000000078807008F0004040E040D8
:1088200040483000000088888898680000008888E8
:108830008850200000008888A8A8500000008850B8
:108840002050880000008888887808700000F810A0
:108850002040F80010202040202010002020202060
:1088600020202000402020102020400068900000A0
:10887000000000001820000000000000C0200000E0
:1088800000000000708800000000000050000000A0
:108890000000000068900000000000000000006080
:1088A00020207000006090F08888B08020007088E0
:1088B000F888880020007008788878003860A0B8B0
:1088C000E0A0B800704848E848487000E0407048B0
:1088D000487040E00000D02878A05800A040A010C8
:1088E000788870006020302830207000708898A848
:1088F000C888700000007098A8C8700000007088D8
:10890000F88888000000F880E080F80000007020FF
:10891000202070000000708888887000000088881F
:1089200088887000000088C8A8988800200020204F
:1089300020202000200020408088700018200000A7
:1089400000000000C02000000000000020500000D7
:1089500000000000500000000000000068900000CF
:1089600000000000000000000000002000000000E7
:1089700000000000002070A0A0A87020304040E05F
:108980004048B00000008870507088008850F8207F
:10899000F8202000202020002020200030482050F7
:1089A000209060008800000000000000F888A8B84F
:1089B000A888F8007008788870000000002850A08F
:1089C00050280000000000F80808000000000070B7
:1089D00000000000F888A88898A8F800F8000000B7
:1089E0000000000020502000000000000020702047
:1089F0000070000060902040F0000000E010601067
:108A0000E00000001820000000000000000088883E
:108A100088C8B0807898987818181800000000303E
:108A20003000000040C04040E000000070888888AE
:108A30007000000000A0502850A000008890A050B6
:108A4000B05078108890A040B8081038C040C04896
:108A5000D82838080088502050880000002000F8EE
:108A600000200000103070FC70301000203038FC06
:108A700038302000002070F820200000002020F86E
:108A80007020000000082868F86020000004040836
:108A9000089050209D00FFFF9E00FFFF9F00FFFFFA
:108AA000A000FFFFA100FFFFA200FFFFFFFFFFFFED
:108AB000FFFFFFFFFFFFFFFFFFFFFFFFFFFFFFFFC6
:108AC000FFFFFFFFFFFFFFFFFFFFFFFFFFFFFFFFB6
:108AD000FFFFFFFF7E00FFFF7600FFFF7F00FFFF2D
:108AE0008000FFFF8100FFFF8200FFFF8300FFFF88
:108AF0008400FFFF8500FFFF8600FFFF8700FFFF68
:108B00008800FFFF8900FFFF8A00FFFF8B00FFFF47
:108B10008C00FFFF8D00FFFF8E00FFFF8F00FFFF27
:108B20009000FFFF9100FFFF9200FFFF9300FFFF07
:108B30009400FFFF7D00FFFF9500FFFF9600FFFF01
:108B40009700FFFF9800FFFF9900FFFF9A00FFFFCB
:108B50007700FFFF700079007000780070007A00E5
:108B600070007C0070007B006600FFFF6800FFFF64
:108B700023007D00710079007100780071007A0097
:108B800071007B00720079007200780072007A0038
:108B900072007B006900FFFF75007C0073007900A4
:108BA0007300780073007A0073007C0073007B0010
:108BB0009B00FFFF6E00FFFF7400790074007800D7
:108BC00074007A0074007B00390078006A00FFFFAF
:108BD0006500FFFF4100600041005F00410061004F
:108BE00041006300410062006700FFFF6B00FFFF70
:108BF00043007D004500600045005F0045006100C6
:108C0000450062006400600064005F006400610071
:108C1000640062006C00FFFF4E0063004F006000C4
:108C20004F005F004F0061004F0063004F00620083
:108C30009C00FFFF6F00FFFF5500600055005F00C4
:108C4000550061005500620059005F006D00FFFF94
:108C5000590062009000FF00948A01087C85010899
:108C60007C850108548C010820007E000606010066
:108C70002D16000861170008791700087F170008F3
:108C80000000000000000000080801015C8C0108E1
:108C900007050700000000000000000000000000C1
:108CA000000000000000183C3C3C18181800181880
:108CB000000000000066666624000000000000005E
:108CC000000000000000006C6CFE6C6C6CFE6C6CB4
:108CD0000000000018187CC6C2C07C060686C67C50
:108CE0001818000000000000C2C60C183060C686CC
:108CF000000000000000386C6C3876DCCCCCCC7600
:108D00000000000000303030600000000000000073
:108D10000000000000000C18303030303030180CEB
:108D200000000000000030180C0C0C0C0C0C18306B
:108D3000000000000000000000663CFF3C660000F0
:108D400000000000000000000018187E1818000045
:108D500000000000000000000000000000181818CB
:108D60003000000000000000000000FE00000000D5
:108D700000000000000000000000000000001818C3
:108D8000000000000000000002060C183060C080E7
:108D9000000000000000386CC6C6C6C6C6C66C38E7
:108DA0000000000000001838781818181818187EED
:108DB0000000000000007CC6060C183060C0C6FE33
:108DC0000000000000007CC606063C060606C67CC5
:108DD0000000000000000C1C3C6CCCFE0C0C0C1EB7
:108DE000000000000000FEC0C0C0FC060606C67CF5
:108DF0000000000000003860C0C0FCC6C6C6C67CCB
:108E0000000000000000FEC606060C1830303030AE
:108E10000000000000007CC6C6C67CC6C6C6C67C74
:108E20000000000000007CC6C6C67E0606060C7860
:108E300000000000000000001818000000181800D2
:108E40000000000000000000181800000018183092
:108E500000000000000000060C18306030180C06FE
:108E60000000000000000000007E00007E00000006
:108E7000000000000000006030180C060C18306084
:108E80000000000000007CC6C60C18181800181856
:108E9000000000000000007CC6C6DEDEDEDCC07C18
:108EA00000000000000010386CC6C6FEC6C6C6C66C
:108EB000000000000000FC6666667C66666666FC74
:108EC0000000000000003C66C2C0C0C0C0C2663CDA
:108ED000000000000000F86C6666666666666CF866
:108EE000000000000000FE6662687868606266FE4E
:108EF000000000000000FE6662687868606060F054
:108F00000000000000003C66C2C0C0DEC6C6663A73
:108F1000000000000000C6C6C6C6FEC6C6C6C6C65D
:108F20000000000000003C18181818181818183C09
:108F30000000000000001E0C0C0C0C0CCCCCCC78FB
:108F4000000000000000E666666C78786C6666E6F5
:108F5000000000000000F06060606060606266FE1B
:108F6000000000000000C6EEFEFED6C6C6C6C6C69D
:108F7000000000000000C6E6F6FEDECEC6C6C6C68D
:108F80000000000000007CC6C6C6C6C6C6C6C67CB9
:108F9000000000000000FC6666667C60606060F0B7
:108FA0000000000000007CC6C6C6C6C6C6D6DE7C71
:108FB0000C0E00000000FC6666667C6C666666E669
:108FC0000000000000007CC6C660380C06C6C67CE7
:108FD0000000000000007E7E5A1818181818183C6F
:108FE000000000000000C6C6C6C6C6C6C6C6C67C0F
:108FF000000000000000C6C6C6C6C6C6C66C381053
:10900000000000000000C6C6C6C6D6D6D6FEEE6C6E
:10901000000000000000C6C66C7C38387C6CC6C6F8
:10902000000000000000666666663C181818183CD0
:10903000000000000000FEC6860C183060C2C6FEAC
:109040000000000000003C30303030303030303C28
:109050000000000000000080C0E070381C0E060216
:109060000000000000003C0C0C0C0C0C0C0C0C3C28
:109070000000000010386CC6000000000000000076
:1090800000000000000000000000000000000000E0
:1090900000FF00000030180C00000000000000007D
:1090A000000000000000000000780C7CCCCCCC76E6
:1090B000000000000000E06060786C666666667C18
:1090C0000000000000000000007CC6C0C0C0C67CDC
:1090D0000000000000001C0C0C3C6CCCCCCCCC760E
:1090E0000000000000000000007CC6FEC0C0C67C7E
:1090F0000000000000001C3632307830303030780C
:1091000000000000000000000076CCCCCCCCCC7C71
:109110000CCC78000000E060606C7666666666E6FF
:109120000000000000001818003818181818183C23
:109130000000000000000606000E060606060606F1
:1091400066663C000000E06060666C78786C66E6FD
:109150000000000000003818181818181818183CDB
:10916000000000000000000000ECFED6D6D6D6C6F7
:10917000000000000000000000DC666666666666AF
:109180000000000000000000007CC6C6C6C6C67C09
:10919000000000000000000000DC66666666667C79
:1091A0006060F000000000000076CCCCCCCCCC7C21
:1091B0000C0C1E000000000000DC7666606060F0B1
:1091C0000000000000000000007CC660380CC67C77
:1091D000000000000000103030FC30303030361C11
:1091E000000000000000000000CCCCCCCCCCCC7641
:1091F000000000000000000000C6C6C6C6C66C38ED
:10920000000000000000000000C6C6D6D6D6FE6CE6
:10921000000000000000000000C66C3838386CC642
:10922000000000000000000000C6C6C6C6C6C67E1C
:10923000060CF8000000000000FECC183060C6FEEE
:109240000000000000000E18181870181818180EEA
:10925000000000000000181818181818181818181E
:10926000000000000000701818180E181818187068
:10927000000000000076DC0000000000000000009C
:109280000000000000001C30000000000000000092
:109290000000000000007018000000000000000046
:1092A000000000000010386C00000000000000000A
:1092B0000000000000C6C600000000000000000022
:1092C000000000000076DC0000000000000000004C
:1092D0000000000000000000003818181818183CA2
:1092E000000000000000386C6C6C786C6666666C80
:1092F00060C00000102810007CC6C6FEC6C6C6C6E8
:10930000000000000030483000780C7CCCCCCC76DB
:109310000000000000001E7AD8D8D8FED8D8DADEC7
:10932000000000000000FC666666F6F6666666FCF5
:10933000000000000000F0607C666666667C60F0FD
:10934000000000000000000000CC323E70B0B26CA3
:10935000000000000000D060B0187CC6C6C6C67C05
:10936000000000000000E06060786C6C786060F0E5
:109370000000000000007CC6CECED6D6E6E6C67C55
:109380000000000000000000003A44CED6E644B8D9
:1093900000000000000000386CC6C6FEC6C6C6C687
:1093A00000000000000000FE66626878686266FEE9
:1093B000000000000000003C181818181818183C8D
:1093C000000000000000007CC6C6C6C6C6C6C67C3B
:1093D00000000000000000C6C6C6C6C6C6C6C67CE1
:1093E00000000000000000C6E6F6FEDECEC6C6C6DF
:1093F0000000000000001818001818183C3C3C1829
:1094000000000000000030300030303060C6C67C04
:10941000000000001C300000000000000000000000
:1094200000000000701800000000000000000000B4
:1094300000000000386C0000000000000000000088
:1094400000000000C6C60000000000000000000090
:109450000000000076DC00000000000000000000BA
:1094600000000000000000000000000000000000FC
:1094700018300000000000000000000000000000A4
:109480000000000000000010107CD0D0D0D0D67CAE
:109490001010000000001C30303078303030325C6A
:1094A0000000000000000000423C24243C42000078
:1094B000000000000000663C187E18187E1818187E
:1094C00000000000000018181818000018181818DC
:1094D0000000000000003C6460384444380C4C78C4
:1094E0000000000000C6C6000000000000000000F0
:1094F00000000000000000007E425A5E5A427E00DA
:1095000000000000000070087888887400000000E7
:10951000000000000000000000366CD86C3600002F
:109520000000000000000000000000FC0404000037
:1095300000000000000000000000007C00000000AF
:1095400000000000000000007C4454444C547C00A7
:1095500000000000FE00000000000000000000000D
:10956000000000000070D888D870000000000000E3
:10957000000000000000000010107C1010007C00B3
:1095800000000000788C0C183060FC000000000027
:1095900000000000788C0C780C8C78000000000033
:1095A00000000000000E1820000000000000000075
:1095B0000000000000000000006666666666667CCB
:1095C0006060C00000007ED4D4D474141414143E1F
:1095D00000000000000000000000383838000000E3
:1095E0000000000060E060606060F00000000000CB
:1095F0000000000000003C6666663C0000000000C1
:10960000000000000000000000D86C366CD800009C
:1096100000000000000040C0444810244C941E0488
:1096200000000000000040C04448102C5284081E76
:10963000000000000000C0204428D0244C941E04E8
:10964000000000000000000000663C183C660000BE
:1096500000000000000000001818007E001818002C
:109660000000000000000000000818387FFF7F386D
:1096700018080000000000000010181CFEFFFE1C6F
:109680001810000000000000000010387CFE383880
:109690003838000000000000000038383838FE7C00
:1096A000381000000000000606060616367EFE7C16
:1096B00030100000000000000000030306060CCC80
:1096C000783800009D00FFFF9E00FFFF9F00FFFF16
:1096D000A000FFFFA100FFFFA200FFFFFFFFFFFFB1
:1096E000FFFFFFFFFFFFFFFFFFFFFFFFFFFFFFFF8A
:1096F000FFFFFFFFFFFFFFFFFFFFFFFFFFFFFFFF7A
:10970000FFFFFFFF7E00FFFF7600FFFF7F00FFFFF0
:109710008000FFFF8100FFFF8200FFFF8300FFFF4B
:109720008400FFFF8500FFFF8600FFFF8700FFFF2B
:109730008800FFFF8900FFFF8A00FFFF8B00FFFF0B
:109740008C00FFFF8D00FFFF8E00FFFF8F00FFFFEB
:109750009000FFFF9100FFFF9200FFFF9300FFFFCB
:109760009400FFFF7D00FFFF9500FFFF9600FFFFC5
:109770009700FFFF9800FFFF9900FFFF9A00FFFF8F
:109780007700FFFF700079007000780070007A00A9
:1097900070007C0070007B006600FFFF6800FFFF28
:1097A00023007D00710079007100780071007A005B
:1097B00071007B00720079007200780072007A00FC
:1097C00072007B006900FFFF75007C007300790068
:1097D0007300780073007A0073007C0073007B00D4
:1097E0009B00FFFF6E00FFFF74007900740078009B
:1097F00074007A0074007B00390078006A00FFFF73
:109800006500FFFF4100600041005F004100610012
:1098100041006300410062006700FFFF6B00FFFF33
:1098200043007D004500600045005F004500610089
:10983000450062006400600064005F006400610035
:10984000640062006C00FFFF4E0063004F00600088
:109850004F005F004F0061004F0063004F00620047
:109860009C00FFFF6F00FFFF55005F005500600088
:10987000550061005500620059005F006D00FFFF58
:10988000590062009000FF00C4960108948C010802
:10989000948C01088498010820007F0008080100CA
:1098A0002D16000861170008791700087F170008B7
:1098B0000000000000000000101001018C98010859
:1098C0000C070A000000000000000000000000007B
:1098D0000000000000000000006060006060606048
:1098E000606060606060000000000C000C001E8082
:1098F0003F806D80CC00CC00CC00CC80ED807F0020
:109900001E000C000C000000000000000000000021
:1099100007C01FE018603800300030007FC07FC0F3
:1099200010001800180018103E303FF001E0000051
:10993000000000000000C000E0C07FC07F80630026
:10994000630063007E00FF00C18001800000000012
:109950000000000000000000000061806180330012
:10996000738073801E000C003F003F000C000C0051
:109970000C000000000000000000606060606000FB
:109980000060606060606000000000000000000097
:109990003E007F0063006000FC00C70073001E00F3
:1099A0008300C3007F003E000000000000000000B4
:1099B00000000000000066006600000000000000DB
:1099C0000000000000000000000000000000000097
:1099D00000000000000007801FE03860333067306F
:1099E0006C306CB06FB0676030E03FC00F8000003B
:1099F0000000000000000000003C7C6C6C767626C5
:109A00000000000000000000000000000000000056
:109A100000000000198033006600CC0066003300AF
:109A2000198000000000000000000000000000009D
:109A300000000000000000000000000000007F00A7
:109A40007F00030003000000000000000000000091
:109A50000000000000000000007C7C00000000000E
:109A60000000000000000F801FC038603F706930A8
:109A700069306E306E306D6030E03FC00F00000026
:109A80000000000000000000FFC000000000000017
:109A900000000000000000000000000000000000C6
:109AA000000000000000000000000078FCCCCCFCAE
:109AB000780000000000000000000000000000002E
:109AC0000000181818FFFF18181800FFFF0000000A
:109AD0000C001E000600040008001E001E0000000E
:109AE0000000000000000000000000000000000076
:109AF000000000003C003E0006000C0006003E0096
:109B00003C00000000000000000000000000000019
:109B1000000000000000000018306040000000005D
:109B200000000000000000000000000000000063D2
:109B300063C2C6C6C4FCFC80000000000000000038
:109B400003C01FC036C066C066C066C06EC07F80DE
:109B50003D800D800D801B001B00000000000000F8
:109B60000000000000006060000000000000000035
:109B700000000000000000000000000000000000E5
:109B800000000000000000000000000018000C00B1
:109B90000C003C00000006000E0006000600060057
:109BA0000F000F0000000000000000000000000097
:109BB000000000000000000000183C6666663E3CA5
:109BC0000000000000000000000000000000000095
:109BD0000000000000009800CC0066003300660022
:109BE000CC009800000000000000000000000C0005
:109BF0001C000C000C000C001E001E0000007F80EA
:109C00007F8000000C000C001C002C007E000C006B
:109C10000C000C001C000C000C000C001E001E00B0
:109C200000007F807F8000000E001F0013000200F4
:109C30000C001F001F003C003E0006001E00060036
:109C40003E003C0000007F807F8000000C000C0084
:109C50001C002C007E000C000C0000000000000026
:109C6000000006000600000004001C003000600038
:109C70006000600073003F001E0000000000030051
:109C80000100000001800180038006C006C00CC0F6
:109C90001FC01FC030E030606060606000000000E6
:109CA000000003000200000001800180038006C064
:109CB00006C00CC01FC01FC030E030606060606034
:109CC00000000000000003C0066000000180018069
:109CD000038006C006C00CC01FC01FC030E030604B
:109CE000606060600000000000000FE009C000003C
:109CF00001800180038006C006C00CC01FC01FC0C9
:109D000030E03060606060600000000000000CC067
:109D10000CC0000001800180038006C006C00CC09A
:109D20001FC01FC030E03060606060600000000055
:109D300000000220022001C001800180038006C0D3
:109D400006C00CC01FC01FC030E0306060606060A3
:109D5000000000000000000000000000003FC00004
:109D60007FC000F00001B00003300003FF8007FF58
:109D7000800C3000183000183000303000603000A7
:109D8000603F80001F800000000000000000000015
:109D900000000F801F803980300060006000C0002C
:109DA000C000C000E1807F803E000C00040038004D
:109DB0000600020000007F007F006000600060007D
:109DC0007F007F006000600060007F003F000000B7
:109DD000000000000800000000007F007F0060001D
:109DE000600060007F007F006000600060007F0016
:109DF0003F000000000000001E00330000007F0054
:109E00007F006000600060007F007F0060006000F5
:109E100060007F003F0000000000000033003300BE
:109E200000007F007F006000600060007F007F0016
:109E30006000600060007F003F0000000000000044
:109E4000180008000000FF00FF00180018001800AC
:109E500018001800180018001800FF00FF0000008C
:109E600000000000180010000000FF00FF001800B4
:109E70001800180018001800180018001800FF003B
:109E8000FF00000000000000660000000000FF006E
:109E9000FF0018001800180018001800180018001B
:109EA0001800FF00FF0000000000000066006600D0
:109EB0000000FF00FF00180018001800180018002C
:109EC000180018001800FF00FF000000000000004C
:109ED00000000000000030003E00378031C03060DC
:109EE000FE70FE3030303030307030E03FC01F80C8
:109EF000000000001FC01380000060206030703040
:109F000078306C3066306230633061B060F0607021
:109F1000603000000000000001800080000007C0E9
:109F20001FE03870303070306030603060706060DA
:109F300030E03FC00F0000000000000003000200FE
:109F4000000007C01FE03870303070306030603083
:109F50006070606030E03FC00F0000000000000053
:109F60000CC00000000007C01FE0387030307030B7
:109F7000603060306070606030E03FC00F00000013
:109F8000000000000FE009C0000007C01FE03870AB
:109F900030307030603060306070606030E03FC002
:109FA0000F000000000000000CC00CC0000007C043
:109FB0001FE038703030703060306030607060604A
:109FC00030E03FC00F000000000000000000000073
:109FD000000000663E181C36220000000000000051
:109FE0000000000007C80FF0186030F031B0613099
:109FF00062306470686078E03FC07F80400000009D
:10A000000000060002000000606060606060606048
:10A01000606060606060606070C031C03F800F0051
:10A0200000000000000006000400000060606060A6
:10A0300060606060606060606060606070C031C07F
:10A040003F800F00000000000000198000000000A9
:10A050006060606060606060606060606060606000
:10A0600070C031C03F800F00000000000000198068
:10A0700019800000606060606060606060606060C7
:10A080006060606070C031C03F800F000000000061
:10A0900000000C000800000060C060C031C03180CA
:10A0A0001B801B000F000F0006000E000C001800A4
:10A0B000000000000000000000607E7F63616163BB
:10A0C0007F7E60606000000000001C3E7666666E69
:10A0D0006C6E6666767E6C600000000020301808AA
:10A0E000003E7EE6C6C6C6FE7B0000000000060CF1
:10A0F0001810003E7EE6C6C6C6FE7B0000000000CB
:10A10000183C6600003E7EE6C6C6C6FE7B00000028
:10A11000000000397F4E003E7EE6C6C6C6FE7B00CC
:10A120000000000000006666003E7EE6C6C6C6FE71
:10A130007B000000001C22221C00003E7EE6C6C6FA
:10A14000C6FE7B00000000000000000000000000D0
:10A15000000000000E703FF871B861F061C07184BA
:10A160003FFC1EF80000000000000000000000009E
:10A17000003C7E62C0C0C6FE7C180878000020301B
:10A180001808003C7EE6CCD8E2FE3C00000000004F
:10A19000060C1810003C7EE6CCD8E2FE3C00000025
:10A1A000000000183C66003C7EE6CCD8E2FE3C0095
:10A1B0000000000000666600003C7EE6CCD8E2FEAF
:10A1C0003C000000000080C06020006060606060B3
:10A1D00060606000000000003060C080006060606F
:10A1E000606060606000000000000060F098006047
:10A1F000606060606060600000000000000098988F
:10A20000006060606060606060000000000060608E
:10A210003E387C6C0E3E66C6C6FC7800000000002E
:10A2200000397F4E00DCFEE6C6C6C6C6C60000008A
:10A23000000010180C0400387CC6C6C6C67C380066
:10A2400000000000060C181000387CC6C6C6C67C8C
:10A25000380000000000003078CC00387CC6C6C64C
:10A26000C67C3800000000000072FE9C00387CC6EE
:10A27000C6C6C67C380000000000000066660038D4
:10A280007CC6C6C6C67C3800000000000000000086
:10A290000000000008000800000000007F007F00B0
:10A2A000000008000800000000000000000000009E
:10A2B00000000000003A7EE6DEE6CEFCB8000000BA
:10A2C00000002030180800C6C6C6C6C6C6FE7E00FE
:10A2D00000000000060C181000C6C6C6C6C6C6FEA2
:10A2E0007E0000000000003078CC00C6C6C6C6C69E
:10A2F000C6FE7E00000000000066660000C6C6C6FE
:10A30000C6C6C6FE7E0000000000000006000C006D
:10A31000180010000000C300E30063007600360060
:10A320003C001C0018001800300030000000000045
:10A33000600060006000600060006E007F006300ED
:10A340006300630063007E007C00600060006000CA
:10A350000000000000000000CC00CC000000C300A2
:10A36000E3006300760036003C001C001800180073
:10A370003000300005050100C49801080404010004
:10A38000D69801080A0A0200E89801080D0D02009B
:10A390000C9901080A0A0200309901080A0A020011
:10A3A0005499010806060100789901080A0A02007A
:10A3B0008A99010809090200AE9901080D0D0200F1
:10A3C000D299010808080100F6990108090902005C
:10A3D000089A0108090902002C9A010807070100E0
:10A3E000509A01080D0D0200629A01080A0A020043
:10A3F000869A010807070100AA9A010808080100C7
:10A40000BC9A01080A0A0200CE9A01080A0A020050
:10A41000F29A010808080100169B010808080100CB
:10A42000289B01080B0B02003A9B01080404010061
:10A430005E9B010809090200709B01080A0A0200DC
:10A44000949B010808080100B89B01080909020053
:10A45000CA9B01080A0A0200EE9B01080A0A0200D0
:10A46000129C01080A0A0200369C01080909020030
:10A470005A9C01080C0C02007E9C01080C0C020086
:10A48000A29C01080C0C0200C69C01080C0C0200E6
:10A49000EA9C01080C0C02000E9D01080C0C020045
:10A4A000329D010813130300569D01080A0A020099
:10A4B0008C9D01080A0A0200B09D01080A0A0200E8
:10A4C000D49D01080A0A0200F89D01080A0A020048
:10A4D0001C9E010809090200409E010809090200AA
:10A4E000649E010809090200889E0108090902000A
:10A4F000AC9E01080C0C0200D09E01080D0D02005C
:10A50000F49E01080D0D0200189F01080D0D0200B8
:10A510003C9F01080D0D0200609F01080D0D020017
:10A52000849F01080D0D0200A89F01080808010082
:10A53000CC9F01080D0D0200DE9F01080C0C0200EB
:10A5400002A001080C0C020026A001080C0C02005D
:10A550004AA001080C0C02006EA001080B0B0200BF
:10A5600092A0010808080100B6A00108080801002F
:10A57000C8A0010808080100DAA0010808080100C5
:10A58000ECA0010808080100FEA00108080801006D
:10A5900010A101080808010022A101080808010013
:10A5A00034A101080F0F020046A1010808080100AC
:10A5B0006AA10108080801007CA10108080801003F
:10A5C0008EA1010808080100A0A1010808080100E7
:10A5D000B2A1010805050100C4A10108050501009B
:10A5E000D6A1010805050100E8A101080505010043
:10A5F000FAA10108080801000CA2010808080100DE
:10A600001EA201080808010030A201080808010084
:10A6100042A201080808010054A20108080801002C
:10A6200066A201080808010078A2010809090200D1
:10A630008AA2010808080100AEA20108080801006A
:10A64000C0A2010808080100D2A201080808010000
:10A65000E4A2010808080100F6A2010809090200A5
:10A6600008A30108090902002CA301080909020036
:10A6700050A30108000000000000000000000000DE
:10A6800000000000000000000000000000000000CA
:10A6900000000000000000000000000000000000BA
:10A6A00000000000000000000000000000000000AA
:10A6B000000000000000000000000000000000009A
:10A6C000000000000000000000000000000000008A
:10A6D000000000000000000000000000000000007A
:10A6E000000000000000000000000000000000006A
:10A6F000000000000000000000000000000000005A
:10A700000000000000000000000000000000000049
:10A710000000000000000000000000000000000039
:10A720000000000000000000000000000000000029
:10A730000000000000000000000000000000000019
:10A740000000000000000000000000000000000009
:10A7500000000000000000000000000000000000F9
:10A7600000000000000000000000000000000000E9
:10A7700000000000000000000000000000000000D9
:10A7800000000000000000000000000000000000C9
:10A7900000000000000000000000000000000000B9
:10A7A00000000000000000000000000000000000A9
:10A7B0000000000000000000000000000000000099
:10A7C0000000000000000000000000000000000089
:10A7D0000000000000000000000000000000000079
:10A7E0000000000000000000000000000000000069
:10A7F0000000000000000000000000000000000059
:10A800000000000000000000000000000000000048
:10A810000000000000000000000000000000000038
:10A820000000000000000000000000000000000028
:10A830000000000000000000000000000000000018
:10A840000000000000000000000000000000000008
:10A8500000000000000000000000000000000000F8
:10A8600000000000000000000000000000000000E8
:10A8700000000000000000000000000000000000D8
:10A8800000000000000000000000000000000000C8
:10A8900000000000000000000000000000000000B8
:10A8A00000000000000000000000000000000000A8
:10A8B0000000000000000000000000000000000098
:10A8C0000000000000000000000000000000000088
:10A8D0000000000000000000000000000000000078
:10A8E0000000000000000000000000000000000068
:10A8F0000000000000000000000000000000000058
:10A900000000000000000000000000000000000047
:10A910000000000000000000000000000000000037
:10A920000000000000000000000000000000000027
:10A930000000000000000000000000000000000017
:10A940000000000000000000000000000000000007
:10A9500000000000000000000000000000000000F7
:10A9600000000000000000000000000000000000E7
:10A97000000000000000000000000000A000FF0038
:10A9800074A301080000000020007F006CB80108DB
:10A990007CA90108B917000881180008C51800082B
:10A9A000CB18000800000000000000001212010196
:10A9B00088A901080F080C00000000000100000039
:10A9C0000200000003000000040000000500000079
:10A9D0000600000007000000080000000900000059
:10A9E0000A0000000B0000000C0000000D00000039
:10A9F0000E0000000F0000000400000069120108B2
:10AA0000C7170108A5180108551E0108532501089C
:10AA1000E93001081D3E01087F2F0108FD230108D0
:10AA20008B24010889230108892501080000000002
:10AA30000001010101010101010202020202020200
:10AA400002030303030303030304040404040404D0
:10AA500004050505050505050505060606060606A1
:10AA60000606070707070707070708080808080872
:10AA700008080909090909090909090A0A0A0A0A43
:10AA80000A0A0A0B0B0B0B0B0B0B0B0C0C0C0C0C14
:10AA90000C0C0C0D0D0D0D0D0D0D0D0D0E0E0E0EE5
:10AAA0000E0E0E0E0F0F0F0F0F0F0F0F10101010B6
:10AAB0001010101011111111111111111212121286
:10AAC0001212121212131313131313131314141458
:10AAD0001414141414151515151515151516161628
:10AAE00016161616161617171717171717171818FA
:10AAF00018181818181819191919191919191A1ACA
:10AB00001A1A1A1A1A1A1B1B1B1B1B1B1B1B1B1C9A
:10AB10001C1C1C1C1C1C1C1D1D1D1D1D1D1D1D1E6B
:10AB20001E1E1E1E1E1E1E1F1F1F1F1F00000001B7
:10AB300001010102020202030303030404040405E9
:10AB40000505050606060607070707080808080999
:10AB50000909090A0A0A0A0B0B0B0B0C0C0C0C0D49
:10AB60000D0D0D0E0E0E0E0F0F0F0F1010101011F9
:10AB700011111112121212131313131414141415A9
:10AB8000151515151616161617171717181818185D
:10AB9000191919191A1A1A1A1B1B1B1B1C1C1C1C0D
:10ABA0001D1D1D1D1E1E1E1E1F1F1F1F20202020BD
:10ABB000212121212222222223232323242424246D
:10ABC000252525252626262627272727282828281D
:10ABD000292929292A2A2A2A2A2B2B2B2B2C2C2CCF
:10ABE0002C2D2D2D2D2E2E2E2E2F2F2F2F30303081
:10ABF0003031313131323232323333333334343431
:10AC000034353535353636363637373737383838E0
:10AC100038393939393A3A3A3A3B3B3B3B3C3C3C90
:10AC20003C3D3D3D3D3E3E3E3E3F3F3F000810190E
:10AC30002129313A424A525B636B737B848C949C2A
:10AC4000A5ADB5BDC5CED6DEE6EFF7FF0004080C16
:10AC50001014181C2024282D3135393D4145494D0B
:10AC60005155595D6165696D7175797D82868A8EF0
:10AC700092969A9EA2A6AAAEB2B6BABEC2C6CACED4
:10AC8000D2D7DBDFE3E7EBEFF3F7FBFF612301084C
:10AC900065230108F9F70008091A0108C12E010807
:10ACA000552E0108E12E0108008040C020A060E080
:10ACB000109050D030B070F0088848C828A868E8D4
:10ACC000189858D838B878F8048444C424A464E4A4
:10ACD000149454D434B474F40C8C4CCC2CAC6CEC74
:10ACE0001C9C5CDC3CBC7CFC028242C222A262E274
:10ACF000129252D232B272F20A8A4ACA2AAA6AEA74
:10AD00001A9A5ADA3ABA7AFA068646C626A666E643
:10AD1000169656D636B676F60E8E4ECE2EAE6EEE13
:10AD20001E9E5EDE3EBE7EFE018141C121A161E12B
:10AD3000119151D131B171F1098949C929A969E943
:10AD4000199959D939B979F9058545C525A565E513
:10AD5000159555D535B575F50D8D4DCD2DAD6DEDE3
:10AD60001D9D5DDD3DBD7DFD038343C323A363E3E3
:10AD7000139353D333B373F30B8B4BCB2BAB6BEBE3
:10AD80001B9B5BDB3BBB7BFB078747C727A767E7B3
:10AD9000179757D737B777F70F8F4FCF2FAF6FEF83
:10ADA0001F9F5FDF3FBF7FFF00000000000000002B
:10ADB0000000000000000000000000006060606013
:10ADC00060606060606060006060000000000066BD
:10ADD00066666666000000000000000000000000DB
:10ADE000000000000C600C607FF87FF818C019C0EC
:10ADF0003180FFF0FFF0338063006300000000004B
:10AE0000000000000C000C001F007F80EC00CC0054
:10AE1000CC00FF003F800DC00CC0CDC0FF807F0084
:10AE20000C000C000C000000000000807180F90094
:10AE3000DB00FA00760004000C0008E019F011B005
:10AE400031F020E0000000000000000000000000E1
:10AE50000E001F001B001E001C003C406640C3C0CB
:10AE6000C1C0E1807FC03E00000000000000000083
:10AE700000303030303000000000000000000000E2
:10AE800000000C1C18303060606060606060303022
:10AE9000180C0000C0E06030301818181818181886
:10AEA000303060C000000000000008007F003F005C
:10AEB0001C0036002600000000000000000000001A
:10AEC0000000000000000000000000000000181852
:10AED00018FFFF1818180000000000000000000014
:10AEE00000000000000000002060400000000000A2
:10AEF00000000000007C7C0000000000000000005A
:10AF00000000000000000000000000606000000081
:10AF1000000000000000030003000300060006001C
:10AF20000C000C00180018003000300060006000B9
:10AF3000000000000000000000001E007F00630011
:10AF4000C180C180C180C180C180C18063007F0099
:10AF50003E0000000000000000000018387858187B
:10AF600018181818187E7E0000000000000000006D
:10AF70001E003F8071806180018007000E00380054
:10AF8000700060007F807F800000000000000000F3
:10AF9000000000003E007F006300030007003C004B
:10AFA0001F000300030043007E003E00000000007D
:10AFB0000000000000000000030007000F000B006D
:10AFC000130033006300FFC0FFC003000300030051
:10AFD0000000000000000000000000007F807F8073
:10AFE00060007E007F00638061800180018063805B
:10AFF0007F003E0000000000000000000000000094
:10B0000006000E001C00380030007F007F80618049
:10B01000618073803F001E000000000000000000FF
:10B02000000000007FC07FC0018003000200060016
:10B0300006000C000C0018001800100000000000B2
:10B0400000000000000000001E007F0061806180A1
:10B050007F003F0073806180618061807F001E00FF
:10B060000000000000000000000000001E003F0083
:10B0700073806180618073803F801F8003000700C0
:10B080000E003C0030000000000000000000000046
:10B090000060600000006060000000000000000030
:10B0A0000000003030000000003060600000000050
:10B0B000000000000C1C386030180C00000000007C
:10B0C0000000000000007E7E0000007E7E00000088
:10B0D00000000000000000006030180C38704000D4
:10B0E0000000000000000000000000003C007E00A6
:10B0F000670003000300030006001C0010000000AE
:10B1000030003000000000000000000007C01FF009
:10B1100018383018330C660C6C8C6D8C6FF86670B8
:10B120007000300018601FE007C000000000000041
:10B13000000001800180038006C006C00CC01FC053
:10B140001FC030E030606060606000000000000000
:10B150000000000000007C007E00670063006700C4
:10B160007E007F006380618063807F007C00000040
:10B17000000000000000000000000F001F0033006E
:10B1800060006000C000C000C000C100E7007E0099
:10B190003C00000000000000000000000000600013
:10B1A0007C007F00638060C06060606060606060A1
:10B1B00061C07F803F000000000000000000000030
:10B1C00000007F007F006000600060007F007F0063
:10B1D0006000600060007F003F0000000000000091
:10B1E0000000000000007F807FC060006000600001
:10B1F0007F807F8060006000600060006000000071
:10B20000000000000000000000000E001F803980D8
:10B2100070006000DFC0DFC0C0C0C180C3807F009D
:10B220003C00000000000000000000000000606022
:10B23000606060606060606067E07FE078606060D0
:10B2400060606060606000000000000000000000BE
:10B250000000FF00FF001800180018001800180078
:10B26000180018001800FF00FF0000000000000098
:10B270000000000000003FC03FC0060006000600BE
:10B2800006000600C600C600E6007E001C000000A6
:10B29000000000000000000000006080618063008A
:10B2A00066006C007000700078006C0066006380BF
:10B2B000618000000000000000000000000060004D
:10B2C000600060006000600060006000600060007E
:10B2D00060007F007F000000000000000000000010
:10B2E00000000C201C701C701C70145036D836D80E
:10B2F00036D826D86798638C638C00000000000065
:10B3000000000000000060206030703078306C3049
:10B3100066306230633061B060F0607060300000B1
:10B320000000000000000000000007C01FE03870AF
:10B3300030307030603060306070606030E03FC04E
:10B340000F000000000000000000007C7E676367C3
:10B350007E7C606060606000000000000000000013
:10B360000FC03FE078706030C018C018C018C21815
:10B37000631871B03FF00F60003000180008000043
:10B380000000000078007E006700638061806180BB
:10B3900063007E007E00670061C060C000000000A6
:10B3A00000000000000000000F001F803800300087
:10B3B0003F001F8001C000C060C061C03F801E0010
:10B3C000000000000000000000000000FFC0FFC0FF
:10B3D0000C000C000C000C000C000C000C000C000D
:10B3E0000C000C0000000000000000000000000045
:10B3F000606060606060606060606060606060604D
:10B4000070C031C03F800F0000000000000000004D
:10B410000000000060C060C06180318031803180F8
:10B4200033001B001B001B000E000E00000000007C
:10B43000000000000000000000000060C30061C3C5
:10B440000061C30061430033660033660033660069
:10B45000366C00166C001C6C001C78001C38000058
:10B46000000000000000000000000000000060601C
:10B47000606030C019800F00060007000F8019803F
:10B4800030C060606060000000000000000000004C
:10B49000000060C060C031C031801B801B000F0005
:10B4A0000F0006000E000C00180000000000000055
:10B4B0000000000000007FE07FE001C00380070083
:10B4C0000E000C001800300060007FE07FE00000FC
:10B4D0000000000000003C3C303030303030303074
:10B4E000303030303C3C00000060603030101818C4
:10B4F000080C0C0C060600000000F8F818181818C4
:10B500001818181818181818F8F80000183C36629F
:10B51000000000000000000000000000000000002B
:10B52000000000000000000000000000000000001B
:10B530000000000000000000000000000000FFC04C
:10B54000000000004000600030001000000000001B
:10B5500000000000000000000000000000000000EB
:10B5600000000000000000000000003E7EE6C6C6AD
:10B57000C6FE7B000000000000006000600060006C
:10B58000600060006E007F00738061806180638076
:10B590007F007E00000000000000000000000000AE
:10B5A000003C7E62C0C0C27E3C0000000000000083
:10B5B000030003000300030003003F007F00E300DB
:10B5C000C300C300E3007F003F0000000000000054
:10B5D000000000000000003C7EE6CCD8E2FE3C000B
:10B5E00000000000070F1C18187E7E181818181885
:10B5F000180000000000000000003C7EE6C6C6CE39
:10B60000FE76060CFC780000C0C0C0C0C0DCFEE6C0
:10B61000C6C6C6C6C600000000000060600000602C
:10B62000606060606060600000000000003030001A
:10B6300000303030303030303030303000000000FA
:10B6400060006000600060006000620066006C00E6
:10B650007C007C00660063006300000000000000C6
:10B6600000006060606060606060606060606000FA
:10B6700000000000000000000000000000000000CA
:10B68000DD80FFC0EEC0CCC0CCC0CCC0CCC0CCC034
:10B6900000000000000000000000000000DCFEE6EA
:10B6A000C6C6C6C6C6000000000000000000003884
:10B6B0007CC6C6C6C67C3800000000000000000042
:10B6C00000000000000060006E007F006300630067
:10B6D000630063007E007C0060006000600000008A
:10B6E00000000000003E7EE6C6C6C67E3E06060698
:10B6F000000000000000006E766660606060600020
:10B700000000000000000000001C7CE0F87C0CFC45
:10B710007800000000000000303030FCFC30303099
:10B7200030303000000000000000000000C6C6C637
:10B73000C6C6C6FE7E00000000000000000000C675
:10B74000C66C6C6C3838100000000000000000006F
:10B750000000000000000000CCC0CCC0CCC0DEC0A7
:10B76000DAC0DAC0738073800000000000000000BF
:10B77000000000000000000000000000C300E7001F
:10B780007E003C003C007E00E700C300000000009B
:10B7900000000000000000000000000000000000A9
:10B7A000C300E3006300760036003C001C00180074
:10B7B0001800300030000000000000000000000011
:10B7C000000000007F007F0006000C001800300021
:10B7D0007F007F0000000000000000001C3C3030B3
:10B7E000303030706030303030301C1C00001818A1
:10B7F00018181818181818181818181818180000F9
:10B80000E0F03030303030381C3830303030E0E06C
:10B8100000000000000000000000000018003C8054
:10B820006C806780470000000000000000000000FE
:10B830000000000000007E7E4242424242424242FC
:10B84000427E7E00000000000000000007C01FC014
:10B850003800FF00FF006000FE00FE006000718005
:10B860003F801E00000000000000000005050100F0
:10B87000A8AD010804040100BAAD010808080100E0
:10B88000CCAD01080D0D0200DEAD01080B0B02006E
:10B8900002AE01080D0D020026AE01080A0A0200E0
:10B8A0004AAE0108060601006EAE01080606010058
:10B8B00080AE01080606010092AE010809090200E7
:10B8C000A4AE010808080100C8AE01080404010084
:10B8D000DAAE010807070100ECAE0108040401001C
:10B8E000FEAE01080909020010AF01080A0A0200B1
:10B8F00034AF01080707010058AF01080A0A020027
:10B900006AAF01080A0A02008EAF01080A0A0200A3
:10B91000B2AF01080A0A0200D6AF01080A0A020003
:10B92000FAAF01080A0A02001EB001080A0A020062
:10B9300042B001080A0A020066B0010805050100CC
:10B940008AB00108050501009CB001080606010047
:10B95000AEB0010808080100C0B0010807070100E7
:10B96000D2B0010809090200E4B001080F0F02007B
:10B9700008B101080C0C02002CB101080A0A0200EF
:10B9800050B101080A0A020074B101080C0C02004F
:10B9900098B101080A0A0200BCB101080A0A0200B3
:10B9A000E0B101080B0B020004B201080C0C02000C
:10B9B00028B20108090902004CB201080B0B020071
:10B9C00070B201080A0A020094B2010809090200D3
:10B9D000B8B201080F0F0200DCB201080D0D020021
:10B9E00000B301080D0D020024B30108080801008E
:10B9F00048B301080E0E02005AB301080B0B0200F7
:10BA00007EB301080B0B0200A2B301080B0B02006E
:10BA1000C6B301080C0C0200EAB301080A0A0200CE
:10BA20000EB401081111030032B401080C0C02001D
:10BA300068B401080B0B02008CB401080C0C020066
:10BA4000B0B4010806060100D4B4010808080100DA
:10BA5000E6B4010806060100F8B401080808010070
:10BA60000AB501080A0A02001CB50108090902000A
:10BA700040B501080808010064B501080A0A02007F
:10BA800076B50108080801009AB501080909020005
:10BA9000ACB5010808080100D0B50108080801008C
:10BAA000E2B5010808080100F4B501080808010022
:10BAB00006B601080505010018B6010806060100D2
:10BAC0002AB60108090902003CB601080505010073
:10BAD00060B601080B0B020072B6010808080100ED
:10BAE00096B6010808080100A8B601080909020075
:10BAF000BAB6010808080100DEB60108080801000E
:10BB0000F0B601080707010002B7010807070100A6
:10BB100014B701080808010026B701080808010049
:10BB200038B701080B0B02004AB7010809090200E7
:10BB30006EB701080909020092B70108090902005D
:10BB4000B6B7010806060100DAB7010807070100C9
:10BB5000ECB7010806060100FEB701080A0A020058
:10BB600010B801080808010034B801080B0B0200E6
:10BB700046B8010800000000010000007DF8000840
:10BB8000A72601089F240108000000000000000013
:10BB900000000000D1F80008A74C0008F1240108BB
:10BBA000000000006DF80008992601080000000060
:10BBB000010000000200000003000000040000007B
:10BBC000050000000600000007000000080000005B
:10BBD000090000000A0000000B0000000C0000003B
:10BBE0000D0000000E0000000F0000000400000027
:10BBF00019150108D11701085D190108011F010875
:10BC00006125010831310108713E0108872F0108C3
:10BC10000D2401089324010899230108B92501087E
:10BC200031350008BD3400085D3500080000000013
:10BC3000F1220108C9350008303132333435363746
:10BC40003839414243444546403058003031323360
:10BC50003435363738396162636465664030780060
:10BC6000506C656173652075736520746865207319
:10BC700074796C757320636C69636B2074686520DC
:10BC800063726F7373206F6E2074686520736372C4
:10BC900065656E2E5468652063726F7373207769D3
:10BCA0006C6C20616C77617973206D6F766520759F
:10BCB0006E74696C207468652073637265656E20AC
:10BCC00061646A7573746D656E7420697320636F47
:10BCD0006D706C657465642E000000004D5031007D
:10BCE000334732004D5032004D5033004D50340038
:10BCF0004D344100574D4100464C41430000000087
:10BD0000414343004C524300430000004D4944006E
:10BD1000474946004A504547000000004F4747004A
:10BD20004A5047004800000042494E003347500047
:10BD3000424D50004E455300545854005741560050
:10BD400060BD01080000002044040000C401000898
:10BD500058BE0108440400205C7E01002002000857
:10BD60002143FFFF135DD31408DDD6140839C9023F
:10BD70002C0863D0907C60BC013872013B14EF0E3C
:10BD80002C02030404E506070809100BDD4C01082A
:10BD9000D14D0108E03C322032681610E05C0120F1
:10BDA0001A280C12F002181025FEFF07601A08046A
:10BDB000014A8B28BDC001280A3104340A313434C9
:10BDC0001A38341A08040A29243C1EDCBC0108E491
:10BDD000041AE8041AEC041AF0041A2C401AE008B9
:10BDE0002A1C4819041AF40C1A3C081A0C041AF8F4
:10BDF0000C1A30081A20041A14040A3110A8011170
:10BE0000325042FF3AFF071AFF0529040128133B6D
:10BE10004C000A3808708C01085C7A01205AFF0136
:10BE200001841AFCC82904E9A041021F04130F373A
:10BE30004208159CAC01080A1101E8F113D9404CE5
:10BE4000083F4134011C28095D290108C47B0120F9
:08BE500004013429BF000000C9
:040000050800018965
:00000001FF
