:020000040800F2
:10000000388601208902000839590008CB3E0008D3
:1000100035590008ED080008FBD300080000000077
:1000200000000000000000000000000091880008AF
:10003000751100080000000019030008A9890008D4
:10004000A3020008A3020008A3020008A3020008FC
:10005000A3020008A3020008A3020008A3020008EC
:10006000A3020008A3020008A3020008A3020008DC
:10007000A3020008A3020008A3020008A3020008CC
:10008000A3020008A3020008A3020008A3020008BC
:10009000A3020008A3020008A3020008A3020008AC
:1000A000A3020008A3020008A3020008A30200089C
:1000B000A3020008F5C000080DC10008A302000853
:1000C000A3020008A3020008A3020008A30200087C
:1000D000A3020008C5D10008A3020008A30200087B
:1000E000A3020008A3020008A3020008A30200085C
:1000F000A3020008A3020008A3020008A30200084C
:10010000A3020008356F0008A3020008A30200083C
:10011000A3020008A3020008A3020008A30200082B
:10012000A3020008A3020008A3020008A30200081B
:10013000A3020008A3020008A3020008A30200080B
:10014000A3020008A3020008A3020008A3020008FB
:10015000A3020008A3020008A3020008A3020008EB
:10016000A3020008A3020008A3020008A3020008DB
:10017000A3020008A3020008A3020008A3020008CB
:10018000A3020008A302000800F002F800F061F8E2
:100190000AA090E8000C82448344AAF10107DA45E2
:1001A00001D100F056F8AFF2090EBAE80F0013F0D3
:1001B000010F18BFFB1A43F001031847D48C01004C
:1001C000F48C01000A444FF0000C10F8013B13F0CE
:1001D000070408BF10F8014B1D1108BF10F8015BA0
:1001E000641E05D010F8016B641E01F8016BF9D193
:1001F00013F0080F1EBF10F8014BAD1C0C1B09D1EA
:100200006D1E58BF01F801CBFAD505E014F8016B5B
:1002100001F8016B6D1EF9D59142D6D370470000ED
:100220000023002400250026103A28BF78C1FBD8FF
:10023000520728BF30C148BF0B607047782900F0D3
:10024000E980002070471FB514F0ADF91FBD10B54F
:1002500010BD00F01DFB1146FFF7F5FF13F086F906
:1002600000F03BFB03B4FFF7F2FF03BC12F030FDDC
:1002700040BA7047C0BA704730BF72B6704762B6B6
:10028000704780F30888704709488047094800474D
:10029000FEE7FEE7FEE7FEE7FEE7FEE7FEE7FEE736
:1002A000FEE7FEE704480549054A064B7047000093
:1002B000B989000889010008387C012038860120AE
:1002C000387E0120387E0120EFF3108072B670472F
:1002D00080F310887047264C4FF6FF7525604FF06D
:1002E000000484F30988234C4FF001052570224C4B
:1002F0004FF08055256062B6FEE730B41E4C4FF0DB
:100300008055256030BC704730B41B4C4FF0805591
:10031000256030BC704700BF72B6EFF3098050B162
:100320001EF0100F08BF20ED108A203880E8F00F73
:1003300012490968086000B5114880475DF804EB70
:10034000104811490A7802700C4810490A68026086
:10035000106890E8F00F20301EF0100F08BFB0ECCE
:10036000108A80F309884EF0040E62B6704700BF11
:1003700022ED00E0E200002004ED00E0E8000020B3
:100380003D620008D7000020D8000020F0000020C7
:10039000704700000FB4044910B503AA029800F09A
:1003A000E1F910BC5DF814FB740000202DE9F04168
:1003B0000E460446002020622046E168884730B39C
:1003C000252805D0D4E901219047206A401CF2E796
:1003D000E168204600278847050018D0A5F14100B4
:1003E000192802D820354FF40067324629462046A6
:1003F0002760FFF723FF40B1012804D0F61D26F047
:1004000007060836D8E7361DD6E72846DAE7206A19
:10041000BDE8F08170B504460D4621461068AFF383
:1004200000802188090502D50F4A7A4402E00E4A6D
:100430007A440E32002104F1240305E000F00F0697
:100440000009965D5E54491C0028F7D120780023EE
:10045000000704D5702D02D009B1022311322046C5
:10046000BDE8704000F025B95A89010040EA010357
:1004700010B59B070FD1042A0DD310C808C9121F4D
:100480009C42F8D020BA19BA884201D9012010BD87
:100490004FF0FF3010BD1AB1D30703D0521C07E054
:1004A000002010BD10F8013B11F8014B1B1B07D1B8
:1004B00010F8013B11F8014B1B1B01D1921EF1D129
:1004C000184610BD032A40F2308010F0030C00F0F3
:1004D000158011F8013BBCF1020F624498BF11F87E
:1004E00001CB00F8013B38BF11F8013BA2F1040237
:1004F00098BF00F801CB38BF00F8013B11F00303AF
:1005000000F06780083AC0F0088051F8043B083AD0
:1005100051F804CBA0E80810F5E7121D5CBF51F8B4
:10052000043B40F8043BAFF30080D20724BF11F82E
:10053000013B11F801CB48BF11F8012B24BF00F893
:10054000013B00F801CB48BF00F8012B7047431A6C
:1005500028BF9A427FF6B6AF032A1044114440F2F6
:10056000268010F0030F1EBF11F8013D521E00F847
:10057000013D10F0030F7FF4F6AF11F0030300F01C
:100580001681083AC0F00B8051F8043D083A51F842
:1005900004CD40F8043D40F804CDFFF7F3BF121D31
:1005A0005CBF51F8043D40F8043DAFF30080D20732
:1005B00024BF11F8013D11F801CD48BF11F8012CFD
:1005C00024BF00F8013D00F801CD48BF00F8012C20
:1005D000704710B5203AC0F00B80B1E81850203AAF
:1005E000A0E81850B1E81850A0E81850BFF4F5AFD3
:1005F0005FEA027C24BFB1E81850A0E8185044BF5D
:1006000018C918C0BDE810405FEA827C24BF51F8C9
:10061000043B40F8043B08BF7047D20728BF31F8BD
:10062000023B48BF11F8012B28BF20F8023B48BF0E
:1006300000F8012B704702F0FF0343EA032242EA6D
:10064000024200F0E0B84FF0000200B513469446B5
:100650009646203922BFA0E80C50A0E80C50B1F11A
:100660002001BFF4F7AF090728BFA0E80C5048BF2E
:100670000CC05DF804EB890028BF40F8042B08BFCC
:10068000704748BF20F8022B11F0804F18BF00F8C8
:10069000012B7047704770477047704710B500F0E6
:1006A000D3F8006810BD10B5044600F0CDF8046022
:1006B00010BD2DE9F0470D4699469246044600F1DB
:1006C00024080168880604D5E06921F01001216042
:1006D00000E00120A84201DD471B00E00027A169DE
:1006E0007A1902EB0900081AA0612078C00602D42A
:1006F0002046AFF30080002608E0D4E901211AF873
:1007000006009047206A401C761C20624E45F4DBB0
:100710002078C0060AD52046AFF3008006E0D4E971
:10072000012130209047206A401C2062381EA7F12A
:100730000107F4DC07E0D4E9012118F8050090472F
:10074000206A401C2062281EA5F10105F3DC20462A
:10075000AFF300802078000602D50220BDE8F087C4
:100760000120FBE7074B70B50D467B4400F075F8A0
:100770000446284600F084F810B14FF0FF3070BDF9
:10078000204670BD6F2D0100431A28BF9A427FF6A4
:1007900020AF104410F0030F11441EBF11F8013DAB
:1007A000521E00F8013D10F0030F7FF4F6AF103A2F
:1007B000C0F00A8010B531E91850103A20E91850FD
:1007C000BFF4F9AFBDE81040530724BF31E908106A
:1007D00020E9081044BF51F8043D40F8043D12F0F0
:1007E000030F08BF7047D20728BF31F8023D48BF4A
:1007F00011F8012C28BF20F8023D48BF00F8012C59
:1008000070474FF000020429C0F0128010F0030C72
:100810003FF41BAFCCF1040CBCF1020F18BF00F881
:10082000012BA8BF20F8022BA1EB0C01FFF70DBF95
:100830005FEAC17C24BF00F8012B00F8012B48BF00
:1008400000F8012B7047000000487047D47B01205E
:1008500001694A1C02610878704700B58FB0CDE984
:1008600001310021059105497944CDE90310114674
:100870006846FFF79BFD0FB000BD0000E5FFFFFFDE
:10088000007B00F08000704700487047D47B012057
:100890007546FFF7F9FFAE4605006946534620F05E
:1008A0000700854618B020B5FFF7FCFCBDE82040E6
:1008B0004FF000064FF000074FF000084FF0000B1C
:1008C00021F00701AC46ACE8C009ACE8C009ACE8CF
:1008D000C009ACE8C0098D46704710B50446AFF3B7
:1008E00000802046BDE81040FFF7BCBC00BFFEE71B
:1008F00031B52DED068B82B00024002574480078B8
:10090000401C73490870084600780A2190FBF1F2F8
:1009100001FB120018B16E4800780A287EDA012225
:1009200008A9002006F0E8F89DF8200000F01F005C
:10093000002873D09DF8200000F01F0040F0C00098
:10094000644981F82000002486E0624890F8200085
:100950000121A140084000287CD05F4931F81400F3
:10096000042201A906F0C8F85A4890F8340000F0B3
:100970000100D0B39DF807109DF8062001EB02207E
:1009800013F043FA41EC190B9FED540B53EC102B71
:1009900013F0A2FA41EC180B13F00AFA81B24D4899
:1009A000163020F814109DF805109DF8042001EB76
:1009B000022013F02AFA41EC1A0B9FED4A0B53EC7C
:1009C000102B13F089FA41EC190B9FED480B53ECF7
:1009D000102B13F0B5FB41EC180B13F0E9F981B2C1
:1009E0003C480C3020F8141034E0FFE79DF8071065
:1009F0009DF8062001EB022013F007FA41EC190BD9
:100A00009FED360B53EC102B13F066FA41EC180BEC
:100A100013F0CEF981B22F480C3000E02BE020F823
:100A200014109DF805109DF8042001EB022013F02E
:100A3000ECF941EC190B9FED2B0B53EC102B13F041
:100A40004BFA41EC180B13F0B3F981B22148163080
:100A500020F81410601CC4B2052CFFF676AF0125F7
:100A60001C48808920B91B48C08A08B9002008901A
:100A70000020174908709DF8200000F01F00D0B931
:100A8000144890F8200000F0800040B1114890F820
:100A9000200020F080000F4981F820000BE04FF685
:100AA000FF700C498881C882084690F8200000F049
:100AB000E00081F8200006480078F02802DD0A20D6
:100AC00003490870284602B0BDEC068B38BD000013
:100AD00004000020080000207A5D01087B14AE4766
:100AE000E17AD43FD881734694F6D23F00000000EB
:100AF0000000894010B5052012F0B8F910BD0000C3
:100B000010B500200F4908600F48006820F440002D
:100B10000D4908600846006840F480000860FFF74F
:100B2000E9FF00200949C1F8AC02FFF7E3FF01200B
:100B300004490860FFF7DEFF00200549C1F8800284
:100B400010BD0000808240420014024000804242FA
:100B5000008040421CB50121222006F03BF8012014
:100B600000908DF8040003208DF8050000208DF81A
:100B7000060001208DF807006946084800F0C4FC13
:100B80004FF4006000906946054800F0BDFC01206C
:100B9000044908600449C1F8AC021CBD00040240CD
:100BA00000140240808240420080424210B5002082
:100BB0000F4908600F48006820F440000D490860A4
:100BC0000846006840F480000860FFF793FF0120AA
:100BD0000949C1F8AC02FFF78DFF01200449086004
:100BE000FFF788FF00200549C1F8800210BD000012
:100BF0008082404200140240008042420080404215
:100C000070B5054600241448006820F440001249DD
:100C10000860084600680860002612E000200F49BE
:100C200008601E2012F022F901200D49C1F880024F
:100C30006006040E0B48006808B1601CC4B2701C4A
:100C4000C6B2082EEADB15B9FFF7B0FF01E0FFF7E7
:100C500057FF204670BD00000014024080824042D1
:100C6000008040422C82424270B50446134800681E
:100C700020F44000114908600846006840F48000F4
:100C8000086000200E490860FFF734FF002511E0DE
:100C9000E0090C4908606006040E01200A49C1F809
:100CA0008002FFF727FF002005490860FFF722FFB9
:100CB000681CC5B2082DEBDB70BD000000140240BB
:100CC00080824042AC8242420080404210B50F48D0
:100CD000006820F440000D4908600846006840F4B0
:100CE0008000086001200A4908600A49C1F88002B2
:100CF000142012F0BBF8002005490860FFF7FAFE47
:100D000000200449C1F8800210BD00000014024018
:100D1000AC8242420080404210B50D48006820F489
:100D200040000B4908600846006840F480000860F5
:100D3000012008490860142012F098F800200649A4
:100D4000C1F8AC02FFF7D6FE01200449086010BDCF
:100D5000001402408082404200804242AC82424203
:100D600010B500241148006820F440000F490860C5
:100D700008460068086001200D4908600D49C1F867
:100D800080020AE0601CC4B2FA2C03DDFFF7C4FF46
:100D9000012010BD012012F069F805488038006874
:100DA0000028EFD10449086000BFF2E700140240B8
:100DB000AC824242008040428082404270B50025B1
:100DC0004FF4803400E0641E24B1802006F092F8D5
:100DD0000028F8D014B90325284670BD40F2FF5012
:100DE00006F03AF82846F8E7014600BF08480068D0
:100DF00000F045000028F9D040F2FF50044A121DCF
:100E0000106003482038006808221040C0B27047C4
:100E1000342C014070B500251048046801E00F48EB
:100E2000046804F045000028F9D004F0040028B15B
:100E30000325042006F010F8284670BD04F00100D8
:100E400028B10125012006F007F82846F5E740F211
:100E5000FF5006F001F82846EFE70000342C01406F
:100E600070B500250B48046801E00A48046804F0E6
:100E700045000028F9D004F0040028B1032504201F
:100E800005F0EAFF284670BD40F2FF5005F0E4FF90
:100E90002846F8E7342C01402DE9F04106460F467C
:100EA0004FF000082248056801E02148056805F078
:100EB00045000028F9D005F0040038B14FF00308D0
:100EC000042005F0C9FF4046BDE8F08105F00100AF
:100ED00030B14FF00108012005F0BEFF4046F3E7B6
:100EE00006F002F8B04203D04FF010084046EBE79E
:100EF00040F2FF5005F0B0FF002006F00FF8044666
:100F000004F4604018B9200C38804046DCE704F453
:100F1000005008B11320D7E704F4804008B1102036
:100F2000D2E704F4004008B10F20CDE74046CBE7FC
:100F3000342C014070B500264FF480350F4804680A
:100F400002E06D1E0D48046804F0450008B9002D4C
:100F5000F7D115B104F0040028B10326042005F0F0
:100F60007BFF304670BD04F0400028B100264020D1
:100F700005F072FF3046F5E73046F3E7342C0140C8
:100F800021B1026842F00102026003E0026822F02F
:100F90000102026070470000016821F00101016058
:100FA0000021016041608160C160016121214161D6
:100FB0004A49884204D13D21484A103A91608CE068
:100FC00046491831884205D14FF47461434A103ABA
:100FD000916082E041493031884205D14FF474116B
:100FE0003E4A103A916078E03C494831884205D148
:100FF0004FF07461394A103A91606EE037496031C0
:10100000884204D13649354A103AD16065E0334907
:101010007831884204D13349304A103AD1605CE0DB
:101020002E499031884204D12F492C4A103AD16080
:1010300053E02A49A831884205D14FF03D51274A53
:10104000103AD16049E02949884204D13D21274A1C
:10105000083A116041E025491831884205D14FF422
:101060007461224A083A116037E0204930318842E1
:1010700005D14FF474111D4A083A11602DE01B4947
:101080004831884205D14FF07461184A083A11601E
:1010900023E016496031884204D11149134A121FD6
:1010A00011601AE011497831884204D10D490F4A84
:1010B000121F116011E00D499031884204D10A4994
:1010C0000A4A121F116008E00849A831884204D179
:1010D0004FF03D51054A121F1160704710600240E9
:1010E0003D000020400F002000003D201064024021
:1010F00021B1026842F02002026003E0026822F09F
:10110000200202607047014600200A6802F00102D6
:101110000AB1012000E000207047000010B5002255
:101120000268134B1A40CC680B6823434C69234375
:101130008C692343CC6923430C6A23434C6A2343C1
:101140008C6A23434C6B23438C6B23431A4302600A
:10115000426922F00702D1E90B3423431A4342616A
:101160000B6943604B6883608B68C36010BD0000EF
:101170003F801CF070472DE9F04306460F4690462D
:10118000002445460320A0EB48093CE07A1B91B2BD
:10119000321990B203F038FA3A1B91B2721990B238
:1011A00003F032FA3A1991B2721990B203F02CFAA4
:1011B0007A1991B2321990B203F026FA7A1991B2E3
:1011C000321B90B203F020FA3A1991B2721B90B21E
:1011D00003F01AFA7A1B91B2321B90B203F014FAA0
:1011E0003A1B91B2721B90B203F00EFA641CB9F173
:1011F000000F03DAA000801D814404E0601B800022
:101200000A3081446D1EAC42C0DDBDE8F0830000B1
:1012100051B18200A2F1C042126842F00103820083
:10122000A2F1C042136009E08200A2F1C04212683C
:10123000034B1A408300A3F1C0431A6070470000BB
:10124000FEFF0F00D0E901121143C2681143026989
:1012500011434269114382691143C2691143026A11
:101260001143426A1143826A1143C26A1143026BFD
:10127000114302689200A2F1C042116081680829FE
:101280000BD101688900A1F1C041096841F0400219
:1012900001688900A1F1C0410A60416B0968426B95
:1012A000526841EA0211426B926841EA0221426BA4
:1012B000928941EA0241426B128A41EA0251426B31
:1012C000127D41EA0261426B926911430268521C2D
:1012D0009200A2F1C0421160C16AB1F5804F1BD1EA
:1012E000816B0968826B526841EA0211826B9268D5
:1012F00041EA0221826B128A41EA0251826B127D1D
:1013000041EA0261826B9269114302689200A2F184
:10131000C042C2F8041107E06FF070420168890012
:10132000A1F1C041C1F80421704700002DE9FC4142
:1013300007460D460026002400200090019008205A
:101340005D49086010204860402088600020C86027
:101350004FF480600861084605F01EFE1020FFF77C
:1013600043FD044614B12046BDE8FC815348008883
:101370000004514908603720486040208860002000
:10138000C8604FF480600861084605F005FE37200C
:10139000FFF72AFD04460CB12046E5E74FF0FF3089
:1013A0004749086008204860302088600220C860F3
:1013B0000020086101204861084605F06FFD00200B
:1013C0003D49086033204860402088600020C860A4
:1013D0004FF480600861084605F0DEFD3320FFF71A
:1013E00003FD04460CB12046BEE70CE04FF40010AC
:1013F00005F080FD38B105F0C9FD4DF82600761CDA
:10140000012E00D906E02F48006840F22A6108400A
:101410000028EBD000BF082005F06CFD28B10820A3
:1014200005F01AFD042420469EE7022005F062FD27
:1014300028B1022005F010FD0224204694E7202068
:1014400005F058FD28B1202005F006FD06242046B1
:101450008AE74FF4007005F04DFD30B14FF4007095
:1014600005F0FAFC072420467EE740F2FF5005F025
:10147000F3FC00980006009901F47F4140EA012046
:10148000009901F47F0140EA1120009940EA1160BF
:10149000686001980006019901F47F4140EA01204B
:1014A000019901F47F0140EA1120019940EA11609D
:1014B0002860204658E70000302900205000002016
:1014C00044290020342C014010B5002001F0A2FB7B
:1014D0006FF07F4001F0A0FB012001F0D7FB00205E
:1014E00001F0DCFB002001F0E3FB002001F09CFB9D
:1014F0000448006801F09AFBBDE81040002001F0AC
:10150000A1BB000074020020F0B50A4600210023B0
:10151000002400BF3DE0012505FA01F3156805EA46
:1015200003049C4234D105684F000326BE40B543F6
:10153000056015794E00B54006683543056015799C
:10154000012D02D01579022D16D185684F00032692
:10155000BE40B543856055794E00B5408668354339
:101560008560456801268E40B5434560456896799B
:101570008E40B6B235434560C5684F000326BE4075
:10158000B543C560D5794E00B540C6683543C560E2
:10159000491C1029BFD3F0BDF0B5002300244D072E
:1015A000ED0E02FA05F3CE1000F1200555F8265095
:1015B0004E07F70E0F26BE40B543CF1000F12006B0
:1015C00046F82750CE1000F1200555F8265045EA80
:1015D0000304CE1000F1200545F82640F0BD01833C
:1015E000704700002DE9F04FDFF828B191B04FF0BF
:1015F000FF35DBF80030B3F922100691DE69B3F94C
:101600002490F469A189814206D8E289824203D3F9
:10161000471AD4F8008012E0D4E9018100296FD084
:101620000A8882426CD84D88854269D3801A82B27A
:10163000486800EB8200B0F90070B0F90250781CE5
:101640005ED0307EA17C10FB01FA217CCDE908013F
:10165000B3F92A60304603F09DFDC0B20E90DBF86E
:10166000000007FB0A81A37C826B0127CDE90412ED
:10167000CDE90273C069DDE90832C17E807ECDE923
:1016800000014946069802F003FE681C18D046F097
:10169000020003F07FFDDBF80000A37C05FB0A815C
:1016A000826BCDE90273CDE90412C069DDE908322D
:1016B000C17E807ECDE900014946069802F0E8FD32
:1016C000DBF800005D46C069417E007E814214D98E
:1016D000022E12D086F0040003F05CFD2868C06979
:1016E000027EC37E12FB0391437E857E099A069893
:1016F0004B4402FB050203F027F80E9803F04AFD65
:10170000DBF80000627C418C1144418411B0BDE8DB
:10171000F08F00007802002004480068C069C069AA
:1017200009B1027C0A60407C70470000780200200A
:10173000022008807047C06982898A4202D8C28923
:101740008A4210D2806880B102888A420DD84388CC
:101750008B420AD3406800EB8100A0EB8200B0F915
:101760000000002801DB01207047002070470000C6
:101770002DE9F0432F4C034687B020681946B0F995
:101780002A80C069C06900F084F800284ED0416802
:101790000088181A01EBC0054046AE7803F0FAFC49
:1017A000814620686A680123816BCDE90236CDE964
:1017B0000421C169CB7E8A7ECDE900230B7EB0F97E
:1017C00024102A78B0F9220002F062FD2068C06976
:1017D000477E067EB7421DD9C07E47434643B8F1D7
:1017E000020F17D000F0E2FC804600F0C7FC01F0C9
:1017F00013FA21682A78CB69B1F92200DB7E12FB4B
:101800000302B1F92410CB19314402F09DFF404688
:1018100001F002FA484603F0BDFC20686A78C3690B
:10182000B0F922109B7E12FB0311418407B0BDE882
:10183000F08300007802002030B50F4C05460B46BF
:1018400020682946C069C06900F023F8002811D03B
:101850004168008824682A1A0120E46900EBC2006C
:10186000085CA47E10FB04F0002B03D011F83210AA
:101870006143196030BD000078020020012008801B
:10188000704700B5C06900F004F8002800D00120BE
:1018900000BD06E002888A4202D842888A4202D20B
:1018A00080680028F6D17047002801D00DF016BAE4
:1018B000704738B50546FFF7F7FF040009D000F080
:1018C000AFF82A460021009002F0BCFA684600F00A
:1018D000D7F8204638BD0000024A106021F003000E
:1018E00050607047E879012010B5002814D00446F4
:1018F0000A48006B10F8341000290DD002290BD2D1
:10190000042101EBC401415848680DF0ABF92046B1
:10191000BDE810400FF038BF10BD00002C79012049
:10192000002805D0034A916B016001B148609063C3
:10193000704700002C7901202DE9F04104460FF09A
:101940000DFD2648E41C24F00305C16B2D1DA942A2
:1019500000D90D46846B13E054F8042CAA420ED132
:1019600084B1216809B162684A60616809B122687E
:101970000A60826BA2422ED1216881632BE0246829
:10198000002CE9D18046416B80680F1857F8040C91
:101990003E1A306838B100200FF05EFF57F8040C93
:1019A0003E1A3068B8B97068A84214DB3044441B52
:1019B00030460FF009FFD8F80810491BC8F8081086
:1019C000D8F810102944C8F8101070683146401B30
:1019D0000DF048F920C42046BDE8F0812C790120A3
:1019E00010B500240FF0BAFC0C490F2001EBC00227
:1019F000126C1AB101EBC000006C08E0401EF5D576
:101A000008E04168A14200D90C46806810B18068A6
:101A10000028F6D1A4F10C0010BD00002C790120A3
:101A200005498A69521C8A61096B01EBC0010A7879
:101A3000521C0A7000F03CB82C79012010B5FFF759
:101A4000CFFF64220649B0F5800F04D990FBF2F075
:101A5000C969484310BDC9694143B1FBF2F010BDEB
:101A60002C7901200549102805D94A68B0EB520F9E
:101A700002D3500800E0102088607047E879012008
:101A80000A4902680B6B52F8082C03EBC202137868
:101A9000022B03D38B690BB15B1E8B611178491E3E
:101AA0001170002101600846704700002C79012068
:101AB000002806D00349042202EBC000096B085835
:101AC000083070472C79012010B513685C18146039
:101AD0000022227005E000BF00F0010230325A54AB
:101AE00040080A00A1F10101C9B2F5D110BD000002
:101AF000F0B52D271C68B0F1004F08D00025002854
:101B00000DDA661C1E6027704042012408E0661C46
:101B100001251E606FF000402770491E01E000247F
:101B2000091BC9B22AB3491EC9B222E00C46491E9C
:101B3000C9B2944205D1124C27781C68661C1E60FD
:101B40002770104C54F8216090FBF6F4E4B20A2C94
:101B500011D804FB160011B90DB1641CE4B20A2CB3
:101B600002D10124491CC9B21E683034771C1F60A1
:101B700034700029DAD1196800200870F0BD000027
:101B80006C020020708B010810B5136808290FD86B
:101B90005C18146000222270064A04E000F00F0472
:101BA0000009145D5C540C00A1F10101C9B2F5D12A
:101BB00010BD0000988B010810B5002807DD0A68E9
:101BC0002B24531C0B601470096800220A7010BD8E
:101BD00070B506460D461446104600F0EFFA0300B5
:101BE000164804EB84010AD050F82100416880684F
:101BF000711A2A1ABDE87040184601F021B800EBAE
:101C00008104A268B24201D0012200E00022E36810
:101C1000AB4201D0012300E000231A430CD023691A
:101C200043B150F82100816840686A1A311A184699
:101C300000F0C6FFC4E9026570BD0000407B0120D2
:101C400010B5C2B2CBB2D21A02D5C2F1000212B2A2
:101C500093B2C0F30722C1F3072403FB03F3121B63
:101C600001D5524212B2000C92B2A0EB114002FB1D
:101C7000023200B2002801DA404200B280B200FB1A
:101C8000002010BD10B50021084600F0E9FA40F62A
:101C9000FF725042BDE8104013460146AFF300808A
:101CA0002DE9FC4107461C4615460E46042003F06C
:101CB00071FA80461148C068C16C006D0F4406443B
:101CC0000D440444ADF80070ADF80450ADF8026066
:101CD000ADF8064068460CF08BFB07E023462A4629
:101CE0003146384602F030FD0CF044FB0028F5D1B7
:101CF000404603F04FFABDE8FC8100006C02002072
:101D00002DE9F0411C4616460D460746022B02DB24
:101D10000020BDE8F0811C20FFF70EFE0028F8D05F
:101D20000DB105610AE0094A52F8241009B905E02D
:101D300011460A68002AFBD1096901618461868223
:101D4000002101604160C0E90217E2E79002002033
:101D500070B51D46FFF7D4FF040001D000F00EF867
:101D6000E068006820B90348006800EB85008465DE
:101D7000204670BD78020020FFF7D2BD70B590B349
:101D80008269022A30DA1C4C54F8221019B944F83E
:101D900022002FE019464B68002BFBD106E0CB68F0
:101DA000C5681B682D68AB4203DD09680029F6D1C0
:101DB0001AE0C1B1CB68C6681B683668B3420CD163
:101DC000838A012B05D008E01946DB681B68AB420B
:101DD00003DB0B68002BF7D129B14B6833B11860D6
:101DE0004A68426004E0FFE7012070BD44F8220029
:101DF00048600160002070BD9002002010F012BA0F
:101E0000022801DB00207047054951F8200004E05A
:101E1000C16809680029F6D000680028F8D1704729
:101E20009002002070B5044601F0F4FA051908E0AC
:101E300000F030F9052C01DD052000E0204601F01E
:101E4000D7FA01F0E7FA2C1A002CF1DC70BD30B59E
:101E50008BB014460D46CDF824D009AA1946FFF7D9
:101E600033FE22462946684600F0F2F80BB030BD3A
:101E70007FB51E4614460D46CDF80CD003AB0022AC
:101E80003146FFF735FE22462946684600F0E0F865
:101E90007FBD1FB503ABCDF80CD0FFF729FE684618
:101EA00000F056F81FBD10B504462DED028BB0EEC4
:101EB000408ABDEEC80A10EE100A00F00DFA211A91
:101EC000B5EEC08A491EF1EE10FA05D218EE100ADE
:101ED00010F1814F00D2491E002900DA0021B0EE36
:101EE000480ABDEC028B2046BDE81040C9B2002272
:101EF0000DF0E4B81FB503AACDF80CD0FFF744FEEF
:101F0000684600F025F81FBD7FB514460D46CDF894
:101F10000CD003AA1946FFF737FE22462946684629
:101F200000F096F87FBD7FB50C461546CDF80CD075
:101F300003A9FFF741FE002801DD641EE4B203ABF4
:101F40002A462146FFF7D4FD684600F001F87FBD20
:101F50002DE9FC4706005BD000F03AF93B4C814686
:101F60002068B0F9228000F053F9216807468A8C76
:101F7000D01B888441E000BF47F6FF71304601F076
:101F800025FE82460146304601F0F6FD21680546F1
:101F900091F82C0000F0030001283FD0022839D02E
:101FA00000204A8C101A4884ADF800006A1E1044C4
:101FB000ADF80400888CADF80200A9F101010844D5
:101FC000ADF806006A465146304601F0B7FB21687D
:101FD000BDF8020088845146304601F0D7F8064427
:101FE00030780A281CD00D281AD0BDF800002168CE
:101FF00028444884307818B1761C30780028BBD14A
:102000002068818C39448184818D21F00301818590
:10201000BDE8FC8705EBD5704010C2E72846C0E755
:10202000206890F82C1001F0030101290BD002293F
:1020300009D0018C418431780A29DBD1828C02EBF2
:1020400009018184D6E7A0F82280F4E77802002015
:10205000024B1B6859849A84FFF77ABF78020020EC
:102060002DE9F04107460A4815460E460068B0F9CA
:102070002C0040F0020000F011FE04462A463146D2
:102080003846FFF7E5FF2046BDE8F04100F006BE08
:102090007802002010B5002400E0012400F004F8CC
:1020A0000028FAD1204610BD064810B5006800246B
:1020B00010B1804700B101240BF0AEFC00B1012447
:1020C000204610BD9802002008B50B46002805D018
:1020D000009281888268C08800F001F808BD10B5C0
:1020E0000828029C30D008DC04FB01F401280AD047
:1020F000022813D0042804D11CE0102828D020285E
:102100002CD0002010BD04EBD30003F00701105CBD
:10211000C1F10701C84000F0010010BD04EB9300BD
:102120000621105C01EA4301C1F10601C84000F03C
:10213000030010BD04EB5300D907105C02D000F07F
:102140000F0010BD000910BD04FB0130105C10BD74
:10215000481004FB003032F8100010BD881004FB5A
:10216000003052F8200010BD034951F82000C1682A
:102170008A6A0821104700009002002010B502F082
:1021800013FBBDE8104002F0A9BB0000024909683A
:10219000C9694A680021104778020020024A126883
:1021A000D2695268104700007802002010B502F092
:1021B00003FBBDE8104002F091BB000000210228A3
:1021C00002D2024951F820100846704774030020DB
:1021D00002480068C069407E704700007802002015
:1021E00070B514460D4602F01BFB002802D00020FB
:1021F0002860206070BD01F005BD00000348352156
:10220000017032218170C17070470000AC02002063
:102210000A490020096891F82C2002F00C02042AD7
:1022200007D0082A01D00C2A02D1C869007E4008D4
:102230007047C869007E401E704700007802002089
:10224000024951F8200000690068704790020020A0
:10225000024951F820000069406870479002002050
:1022600070B50D460EF0AEFF044628460EF0B2FFE4
:10227000204370BD124810B5016821F001010160D2
:102280001048012181601049016000680F498842AF
:1022900000D0FEE701F038FA0D492E20087001F059
:1022A000BDF80C480FF00CF810F08CFE044600212D
:1022B000084600F0CFFC0BF0BDFD204610BD00002D
:1022C000002000E000300240C2A507F4CDB5E8B51B
:1022D0006C020020F479012010B5011E01DD0246D8
:1022E00000E04A42064B012053F82040944202D8B5
:1022F000401C0A28F8DB002900DA401C10BD000051
:10230000708B01081CB520B90C480068006E0028CD
:1023100012D0FFF785FB009044696846FFF7B0FBD9
:10232000002C09D02046FFF77BFB0190816889686B
:10233000884701A8FFF7A4FB1CBD0000780200201D
:1023400001490A4600F002B801F0FFFF2DE9F04311
:1023500087B015460C465FEA000842D0002000F026
:1023600063FC814620480068066E4046FFF758FB34
:1023700000900068806900F03BFC074640F6FF7063
:10238000001904D10098B0F90440B0F90650009843
:10239000611E0289ADF804401144ADF8081041896E
:1023A000681E0844ADF80650ADF80A000BF0A4F919
:1023B0006846FFF765FB01A80CF01AF806E02A460C
:1023C0002146404600F0F8FA0BF0D4FF0028F6D181
:1023D000384600F00DFC304600F048F9484600F061
:1023E00023FC07B0BDE8F083780200202DE9FE4F02
:1023F000834619488A46194900680C9E9846407CD5
:102400009146002751F82040E1680968042903D06B
:102410002468002CF8D100E014B9FFF7F1FC044661
:102420000121E068C26A20469047050011D0246966
:10243000A0688047401C02D1094C46F00106009676
:10244000CDE9015443464A465146584600F09AF9B0
:1024500007463846BDE8FE8F780200209002002033
:10246000E48C010838B5040018D00D480068006EEF
:10247000A04201D100F0B2FB2046FFF7D1FA009054
:10248000406908B100F08BFF00980068FFF774FC0A
:102490006846FFF7F5FA2046FFF726FA38BD000038
:1024A000780200202DE9FF4F83B0454CDDF840B0A5
:1024B00098468A4607002BD002A901A8FFF79BFE89
:1024C000B7F90060002E00DA0026B7F90250002D9F
:1024D00000DA00252068A146407C02F0B7F9019996
:1024E0000144491EB7F904000EF0D5FF0446D9F89F
:1024F0000000407C02F0B0F902990144491EB7F98E
:1025000006000EF0C8FFA71B7F1C441B641C0BE0D9
:10251000206800263546407C02F098F9074620687E
:10252000407C02F099F90446B8F1000F01D1C4F1E2
:102530000008002F01DD002C03DC002007B0BDE8FF
:10254000F08F43463A4629463046CDF800B0FFF7B3
:102550004DFF5FEA000909D000F054F88046484674
:1025600000F084F80027DFF85CB01FE051460598C2
:1025700088470120E2E7E11B414502DA484600F0C6
:102580005FF83FB1EA193146484600F099F84846ED
:10259000FFF7B8FE514605988847DBF8001009B1EF
:1025A000002088474846FFF7CBFE4744A742E2DBBE
:1025B0004846FFF757FF002000F058F8BDE700003D
:1025C000780200208803002038B5002460B1FFF7AE
:1025D00027FA0090006800698068804703F072F96C
:1025E00004466846FFF74CFA204638BD38B5FFF779
:1025F00017FA00F1180400906846FFF741FA2046E8
:1026000038BD000038B5002418B907480068006ECE
:1026100038B1FFF705FA0090B0F90A406846FFF7B5
:102620002FFA204638BD00007802002010B50CF0CB
:1026300091FC002803D0BDE8104000F06DB810BD3B
:1026400038B50C4620B908480068006E00280AD04A
:10265000FFF7E6F90090B0F90A10A14200DD4481CD
:102660006846FFF70DFA38BD78020020F8B5134E22
:1026700005003068046E0CD00CB100F0AFFA0BF01E
:1026800029F92846FFF7CCF9009031680A6E1AB193
:1026900006E000F0A3FA0EE0D1E90223C1E9192314
:1026A0000D660068FFF76AFB6846FFF7E9F902F07C
:1026B000E1FE02F0C9FC2046F8BD000078020020CF
:1026C0007CB515460C4620B912480068006E0028FB
:1026D0001FD0FFF7A5F92DB20090C58024B28480E9
:1026E00002F0B2FC0098406980B1FFF799F9009AB6
:1026F0000190B2F908108180B2F90A20C28011B1AC
:102700000AB10480458001A8FFF7BAF96846FFF7CF
:10271000B7F97CBD7802002001490A4600F002B8F2
:1027200001F0FFFF7FB515460C46060028D0FFF7E5
:1027300077F940F6FF710190091903D1B0F904400F
:10274000B0F906500289611E1144ADF80840ADF899
:102750000C104189681E0844ADF80E00ADF80A500F
:1027600001A8FFF78DF902A80BF042FE06E02A4609
:102770002146304600F008F90BF0FCFD0028F6D1A8
:102780007FBD00002DE9FF4FDFF8E0B083B01C46AD
:10279000DBF80010DDE91060924600274B7C3A46DA
:1027A0001299FFF7ADFA05005DD02869806880476F
:1027B00003F088F881460AFB09F0C01D4FEAD008F3
:1027C000FFF73CF9F10705D1C11700EB91708010BC
:1027D00000EB4000002C06DC1838B0FBF8F0644237
:1027E000A04200DC0446F00707D10090DDE90301B8
:1027F0002346524600F04AFD0746002C03DC2846DB
:10280000FFF7BAFA2FE004FB08F01830F10702D006
:10281000FFF74AF801E0FFF74CF806001CD0FFF77D
:10282000FFF801900560039981800499C180A0F8A8
:1028300008A04481C0F80C80C0E9049701A8FFF704
:102840001FF91298AE602861DBF80000407CA86197
:10285000304607B0BDE8F08F2846FFF78DFA17B174
:102860003846FFF741F80020F3E700007802002027
:102870002DE9F74F92B090461298FFF7D1F80B90E0
:10288000B0F908100691B0F90A100D9100680069BE
:10289000D0F804B00BA8FFF7F3F8384C384D206897
:1028A000407C55F82000C1688A6A0821904781461B
:1028B000182801D34FF020092068407C55F82000EB
:1028C0000069079003C80C902E48814201D0012076
:1028D00000E000201090002000F0AAFD002849D15F
:1028E0000026DDE91207B2460FAB069C4546761C72
:1028F0000193FFF77BFE014604FB0AF001EB800227
:10290000234629463846CDF800B000F06FFF050099
:1029100030D01098D0B1DDE906134A46284600F0C1
:1029200039FE98B9DDE906702C46D0F810C0BCF12C
:10293000000F05D0294604233A460846E04705E043
:102940000C992068884701C47F1EF9D10020CDE989
:102950000305059001200090CDE901094146034699
:1029600008F10108069A139801F092FC0D98401E98
:102970000D90B6D115B0BDE8F08F000078020020B0
:1029800090020020FB480008F8B515460E460746A1
:10299000FFF746F8009000681621C068426A0020E0
:1029A000904704466846FFF76BF8002C03D02A4690
:1029B00031463846A047F8BDF8B515460E460746DD
:1029C000FFF72EF8009044696846FFF759F838463B
:1029D000FFF7FAFD0346082800DD2CB12A463146F0
:1029E00038460FF03FFCF8BD2A46314638460FF016
:1029F000D1FDF8BD10B5002821D009B30AB3B1F953
:102A00000040B2F900309C4200DA23460380B1F95D
:102A10000240B2F902309C4200DA23464380B1F909
:102A20000440B2F904309C4200DD23468380B1F9B2
:102A30000610B2F90620914200DC1146C18010BD9B
:102A400011460A6802604968416010BD00280BD039
:102A500003880B4403808388194481804188114492
:102A60004180C1881144C1807047000070B5104D8D
:102A70000446D5E9000188420ED10E49884203D1AF
:102A8000D0E90F12406C03E00C38D0E900128068E6
:102A90002160C4E9012006E090E80E0084E80E0001
:102AA0000EF0AEFB2860207A002800D0012070BD17
:102AB000C4030020687B01200448D0E90010814253
:102AC00001D101207047002070470000C40300209E
:102AD000054A10B5034911600FF0C2FABDE8104075
:102AE00000F0F0B8D1DA00089C02002070B5094C63
:102AF0000020D4E900218A420AD0D2E900561046CB
:102B00000EF088FB2060314628460BF077FA012052
:102B100070BD0000680300202DE9FC41154DDDE982
:102B200008742D68B5F90860864200DD3046B5F9B5
:102B30000C60964200DA3246824219DBB5F90A602F
:102B40008E4200DD3146B5F90E509D4200DA2B462B
:102B50008B420DDB00E02C46E5682D6825B1042D85
:102B600002D02568002DF6D1CDE9007401F0EEFF0A
:102B7000BDE8FC8178020020B0F90220B1F90630EE
:102B80009A4213DCB1F90220B0F906309A420DDC0A
:102B9000B0F90020B1F904309A4207DCB1F9001015
:102BA000B0F90400814201DC012070470020704729
:102BB0000146024878220068FDF70BBD780200202C
:102BC000002801D00FF08EB870470000024978222B
:102BD0000968FDF7FEBC00007802002010B502F085
:102BE000E7F902F047FCBDE810400AF085BD00009F
:102BF00070B504460548022C0068457C02D2447436
:102C0000FFF7ECFF02480460284670BD7802002000
:102C10000C03002002F0EEB902F024BA01498860EA
:102C2000704700006C02002002F0B4BA0349096842
:102C3000CA6900B1C86110467047000078020020E0
:102C400002F0C4BA024909688A7E88761046704745
:102C500078020020094A30B41080094A1180094ADC
:102C60001268537C084A52F82330DA68146A0A461C
:102C7000A446014630BC184660470000A802002068
:102C8000AA02002078020020900200200249096870
:102C90000A7E0876104670477802002003490968CA
:102CA000B1F92C208885104670470000780200207A
:102CB00003490968B1F92A20488510467047000089
:102CC0007802002002480068002800D000477047C2
:102CD0007C03002002498A6802B98860FFF7F2BFCE
:102CE0006803002010B5040009D00EF087FD2046CF
:102CF0000FF070FA2046BDE81040FEF7F5BD10BD9C
:102D000038B50C4660B1FEF78BFE009080892042FA
:102D100001D0012400E000246846FEF7B1FE00E087
:102D20000124204638BD000038B505460020286043
:102D30000648046844B12046FEF772FE0090006920
:102D400028606846FEF79CFE204638BDEC03002054
:102D500038B504004FF000000D46086011D0204641
:102D6000FEF75EFE0090846844B16846FEF788FE78
:102D70002046FEF755FE0090006928606846FEF781
:102D80007FFE204638BD00002DE9F84FDFF89C801B
:102D90000546274F98F818008B46410738680A9E69
:102DA0009946407C924607D401F062FD044638689B
:102DB000407C01F069FD06E001F066FD04463868DC
:102DC000407C01F055FD002795B1A0F1010400BF42
:102DD000B9EB060000D54042142806DB5146BBEB98
:102DE0000A0000D54042142804DA0120BDE8F88F1B
:102DF000641EEDE70A464B465946384600960EF0EB
:102E00003FFB0C4F4B46524647F83500594620468B
:102E100000960EF035FB07EBC50148600EF03CFE56
:102E200001210020C8F81C10E0E70000B4020020D7
:102E3000780200206C7A01202DE9F047524D534E64
:102E40000024E86978B96868346000F005017460AE
:102E500010F0060F01D000F00500B460F4600EF031
:102E60001BFE0120E8612878C8B100F0D9F8A84617
:102E7000286100F0D3F82969286A81420BDBD8F871
:102E800024204046914206DC836A42699A4202DB72
:102E9000C36A9A420DDD4FF0FF3001466FE000F04B
:102EA0000FF9686100F0BBF82878401C2870BDE875
:102EB000F087326898F81800354F8D1A40070028BF
:102EC0003868407C02DB01F0D3FC01E001F0DCFC5F
:102ED000401E4543D6E90020B146801A95FBF0F626
:102EE000D8F81420D9F8081098F81800551A400797
:102EF00000283868407C02DB01F0C6FC01E001F0EC
:102F0000B7FC401E4543D9E90201081A95FBF0F5CC
:102F100098F81800400700283868407C18DB01F05A
:102F2000A7FC81463868407C01F0AEFCD8F8182038
:102F30000146D00704D0A9EB0600A0F1010000E093
:102F40003046920702D5491B491E18E0294616E073
:102F500001F09AFC81463868407C01F089FCD8F881
:102F60001820D10704D0A9EB0601A1F1010100E06E
:102F70003146920702D5401B401E00E028460FF064
:102F80009BF888F8004092E7B40200206C7A012098
:102F9000780200200149886170470000B4020020D7
:102FA000074A002806DB002904DB01231372C2E96B
:102FB000000101E000201072014800F003B8000099
:102FC000EC7A012010B504460C220749FDF74EFAB1
:102FD000002808D0044894E80E000EC02046BDE842
:102FE0001040FFF775BD10BDB07B012030B40A4C16
:102FF0002268831A01D5C3F1000362688A1A00D5DA
:1030000052421A44022A04DDC4E9000130BCFFF731
:10301000C7BF30BC70470000E8020020704770470F
:1030200010B52DED048B82B02048808845F21051F8
:10303000884236D101221E49002003F05DFD1C4864
:10304000007800F01F0030B3042201A9900103F0C2
:1030500053FD9DF807109DF8062001EB022010F0AB
:10306000D4FE41EC190B9FED130B53EC102B10F019
:1030700033FF41EC180B10F09BFE10498881084685
:103080008489B4F5F07F02DB40F2DF1404E0002C09
:1030900002DA002400E00024204602B0BDEC048BDC
:1030A00010BDD02009F000FFF7E700000429002040
:1030B000B9000020D881734694F6D23F0800002062
:1030C00010B52DED048B82B02048808845F2105158
:1030D000884237D101221E49002003F00DFD1C4813
:1030E000007800F01F0030B3042201A9900103F022
:1030F00003FD9DF805109DF8042001EB022010F05F
:1031000084FE41EC190B9FED130B53EC102B10F0C8
:10311000E3FE41EC180B10F04BFE1049C882084644
:10312000C48AB4F5487F02DB40F21F3405E0002C6E
:1031300003DA002401E040F21F34204602B0BDEC67
:10314000048B10BD902009F0AFFEF7E704290020A2
:10315000BA0000207B14AE47E17AD43F080000207B
:103160002DE9F041084E044605683068016828469C
:1031700088470746306841682846884728442060C9
:103180003846BDE8F08100007C0200202DE9F041C6
:103190000C4606460025064F05E038684168304673
:1031A000884706440544641EF7D22846BDE8F081EE
:1031B0007C0200202DE9F0411E46069C17468846F9
:1031C00005463A46A8687F1C3346D0F804C04146FD
:1031D0002846E047641EF4D1BDE8F08170B5B0F92F
:1031E0000040091BB0F904408C422CDD00F11404AE
:1031F000B0F902500069521B02FB0040CA1800EBF4
:10320000E104521ED010B0EBE10501F007034FF0CE
:10321000FF0102F0070221FA03F0C2F1070201FAEE
:1032200002F1CEB221780FD001436D1E04F8011BCC
:10323000002D05DDFF2229462046FDF7FCF92C4430
:1032400020783043207070BD30400143217070BD44
:1032500010B5B0F90030B0F90240C91A00F11403FA
:103260000069121B02FB003000EBE10001F00703D4
:1032700002788021D9400A43027010BDB0F90610CF
:10328000026951431430FDF7DEB900002DE9F8431F
:10329000804602F10F000011470003FB07F01C46B7
:1032A000154689461430FEF704FB060013D0FEF7DE
:1032B000B7FB0090A0F80080A0F802908580C48041
:1032C000064981600121818107616846FEF7D8FBCC
:1032D0003046BDE8F8830020FBE70000708D010850
:1032E00070B5B0F90660B0F904400B6800F1140540
:1032F000964220DD0069A34202FB005000EBE3028E
:1033000019DAA4F101044FEAE400A0EBE30512F896
:10331000010B03F0070400FA04F0C4B208E055B151
:1033200012F8014B03F10803A5F1010523F007038F
:10333000002CF4D008E0002070BD00BF4FEA4460CC
:103340004FEA106403F101032006F7D5FF2C0AD0E1
:10335000184605E04FEA44644FEA146400F10100A6
:103360006606F7D400E0D81DC443640706D007E022
:1033700012F8014BFF2C0FD100F108006D1EF7D59C
:10338000A0EB030000F101000B6070BD4FEA446246
:103390004FEA126400F101002206F7D4F0E738B5D5
:1033A0000546FEF73DFB00908189491E0CB28481E1
:1033B0006846FEF765FB002C02D12846FEF794FA1A
:1033C00038BD000010B54FF48031002010F052FAE3
:1033D00004464FF480312046FEF77EFA8020FEF747
:1033E00041FB0248FFF71AFC10BD00007888010875
:1033F00070B504464FF47A7060434FF47A71B0FBB5
:10340000F1F5284602F01CFF70BD10B50120FFF752
:10341000EFFF10BD10B502F07FFF10BD10B500200A
:1034200002F094FB0149086010BD0000B0000020CC
:103430000EB508B102AA00E00022002301A96846E7
:1034400000F052FB0EBD0000074910B5CC6818B162
:103450000120C860801E03E00020C8606FF07F403C
:1034600000F004FE204610BDCC03002010B5082A51
:103470000EDC0346012A1AD0022A58D0042A78D03A
:1034800010F8042B03F8012B491EF9D1012010BDBF
:10349000102A0ADC0222022AF8D1024630F8043B44
:1034A00022F8023B491EF9D1F0E7002010BD10F8C8
:1034B000042BD207120E491E34D010F8044B491EBB
:1034C00004F0010442EA84122CD010F8044B491E87
:1034D00004F0010442EA441224D010F8044B491EBF
:1034E00004F0010442EA04121CD010F8044B491EF7
:1034F00004F0010442EAC40214D010F8044B491E3F
:1035000004F0010442EA84020CD010F8044B491E76
:1035100004F0010442EA440204D010F8044B04F021
:103520000104224303F8012B0029C0D1AEE710F8B3
:10353000042B9207120E491E15D010F8044B491E99
:1035400004F0030442EA04120DD010F8044B491EA3
:1035500004F0030442EA840205D010F8044B04F09E
:1035600003042243491E03F8012B0029DFD18DE714
:10357000FFE710F8042B1207120E491E05D010F8B1
:10358000044B04F00F042243491E03F8012B0029C9
:10359000EFD17BE72DE9F0411E680D460446082A6D
:1035A00009DC0746012A21D0022A62D0042A7CD0F5
:1035B000082A1AD195E0102A03DC02200228F8D14B
:1035C00002E00020BDE8F081D3F810C02746BCF12E
:1035D000000F04D00A462146022308468AE001CCA7
:1035E000B04727F8020B6D1EF9D18BE001CCB04734
:1035F000C0074FEA10686D1E36D001CCB04748EACC
:10360000801000F0FF086D1E2ED001CCB04748EAB4
:10361000401000F0FF086D1E26D001CCB04748EAEC
:10362000001000F0FF086D1E1ED001CCB04748EA24
:10363000C00000F0FF086D1E16D001CCB04748EA6C
:10364000800000F0FF086D1E0ED001CCB04748EAA4
:10365000400000F0FF086D1E06D001CCB04740EAE4
:10366000080000F0FF086D1E07F8018B002DBDD18A
:1036700048E001CCB04780074FEA10686D1E18D0B3
:1036800001CCB04748EA001000F0FF086D1E10D0D2
:1036900001CCB04748EA800000F0FF086D1E08D05A
:1036A00001CCB04740EA080000E007E000F0FF0866
:1036B0006D1E07F8018B002DDBD123E001CCB04754
:1036C00000074FEA10686D1E06D001CCB04740EAF3
:1036D000080000F0FF086D1E07F8018B002DEDD1EA
:1036E00010E0D3F810C0BCF1000F05D00A46014627
:1036F00001233846E04705E001CCB04707F8010B4D
:103700006D1EF9D101205DE70A4810B581690029D5
:103710000ED101218161FFF755FE01F0E9FE054957
:1037200005481C310860BDE81040084600F082BB27
:1037300010BD00006C020020611501087CB5064632
:1037400028480D46006868B100200AF051FE06E0E6
:103750006A46294630460BF0D1FC0AF00BFE0028E1
:10376000F6D17CBD106800901F4C50680190226813
:10377000BDF8000032F84C1F0844ADF80000BDF859
:10378000020091880844ADF80200BDF804001188D9
:103790000844ADF80400BDF8060091880844ADF86F
:1037A000060068460AF024FE0EE000BF2068BDF85F
:1037B00000106A464184BDF80210818429463046D3
:1037C0000BF09CFC0AF0D6FD0028EFD1206830F801
:1037D000221F428D891A01804188C28D891A418039
:1037E0007CBD0000A4020020780200202DE9FF4FDC
:1037F00000208BB004460146009019981D461646DD
:10380000016007AB002203A902A800F06DF918B10E
:1038100000200FB0BDE8F08F0798854200DD054617
:103820005C4F0A955C493868407C51F8201004913F
:1038300009690691FEF798FC05903868407CFEF710
:1038400007FD56498146884204D05549894501D033
:10385000012000E00020099001CE18998847824697
:103860005FEA106B71D0009870BB0B9800EB0408F6
:1038700048480068B0F90800404503DDA0EB0807A0
:10388000804600E000270299049801EB840101EBD7
:103890008701CDE90010DDE90A010A180C9B0892A6
:1038A000521E19464046FFF737F90120009005984F
:1038B00018280ADA0298DDE9052300EB840000EB02
:1038C0008700E91B00F070F810E0099870B10298C9
:1038D00000EB840000EB87070898A0EB0808494636
:1038E0003868884701C7B8F10108F8D12D48C06988
:1038F00060B3DDE9020700EB840007EB8402CDE949
:103900000202284C361F2B46E46930460299A04734
:10391000FF203168B0EB116F02D10299096804E011
:10392000029A1268B0EB126F01D1039A11600299EA
:10393000361D091D02910399091D03916D1EE8D1E1
:1039400019990120039708601DE01EE0FFE7BBF115
:10395000FF0F0ED00298CBF1FF0250F82410504612
:1039600000F00EFA039941F824001999012008602B
:1039700005E00298039950F8240041F82400641CE3
:103980006D1E7FF469AF039843E7039941F824A0C3
:10399000EBE700007802002090020020FB480008BE
:1039A000F94800089C0300202DE9F05F0C1E16DD8D
:1039B0005E68014600EB8405082A12DC611E012ABC
:1039C00028D0022A48D0042A6AD0082A07D1071929
:1039D00017F8010DB04745F8040D641EF8D1BDE895
:1039E000F09F102AFBDC0222022AF8D15F693FB166
:1039F0002246BC46BDE8F04F02235DF804EB604769
:103A000001EB440737F8020DB04745F8040D641E7A
:103A1000F8D1E4E700EBE1002D1F10F801A9814681
:103A200001F00707802020FA07F800BF0AEA080023
:103A3000C7F10701C840B04745F804093FB17F1EF0
:103A40004FEA4860000E8046641EEFD1C7E70727A3
:103A500019F801A90120F6E700EBA1002D1F01F0E4
:103A6000030710F801A981467900C02020FA01F867
:103A70004FF0060B0AEA0800ABEB4701C840B0471D
:103A800045F804093FB17F1E4FEA8860000E80466A
:103A9000641EEFD1A3E7032719F801A93846F6E71A
:103AA00000EB610001272D1FA74310F801A98146F3
:103AB000B900F02020FA01F84FF0040B0AEA0800E0
:103AC000ABEB8701C840B04745F804093FB17F1E02
:103AD0004FEA0870000E8046641EEFD17FE7012791
:103AE00019F801A90F20F6E72DE9F047204C06460A
:103AF0001F46A06990468946002540B90120A06173
:103B000004F120011B480860084600F093F9606941
:103B100010B900F09EFE606107B138604EB1A06838
:103B200030B960698000FDF707FFA06000B901258A
:103B30003060B9F1000F0AD0E06830B960698000E8
:103B4000FDF7FAFEE06000B90125C9F80000B8F100
:103B5000000F0AD0206930B960698000FDF7ECFEE3
:103B6000206100B90125C8F800002846BDE8F087AB
:103B70009C030020D515010873B5124A01A90098CD
:103B80001268904700240090C8B10F4900250968C9
:103B9000C969496959B10A684AB1019990477CBD20
:103BA0006846FFF7DDFA0546FEF7F0FA044401988F
:103BB000401E0190F4D5284600F032F80444204617
:103BC0007CBD0000E40200207802002073B50D46A1
:103BD0000098002490B10A490968C969496959B136
:103BE0004A684AB1294690477CBD6846FFF7B8FA53
:103BF00020B10A2802D0641CAC42F6DB20467CBD12
:103C000078020020044AB2F9002002600348B0F9AB
:103C10000000086070470000A8020020AA020020EF
:103C200038B5002469460094FEF7B8FA009981423D
:103C300000DD0C1A204638BDB0F90030B1F9002083
:103C4000934200DA0280B0F90230B1F902209342C7
:103C500000DA4280B0F90430B1F90420934200DD6B
:103C60008280B0F90620B1F906108A4200DDC180D9
:103C7000704770B5B1F90040B2F900309C4200DDE8
:103C800023460380B1F90250B2F90240A54200DD9B
:103C90002C464480B1F90460B2F90450AE4200DA17
:103CA00035468580B1F90610B2F90620914200DB55
:103CB0001146C1809D4201DBA14201DA002070BDA6
:103CC000012070BD014602480068407C00F002B847
:103CD00078020020F8B501260F46054602284BDA87
:103CE000264C5FB3012F02D0022F45D116E054F8C5
:103CF000250088B92846FEF783F80090B8B3C0685D
:103D00000D21426A68469047020035D03946009836
:103D1000904754F825000026401C2BE0FEF770F871
:103D2000009020B3C0680D21426A684690470200A7
:103D300022D039460098904700261DE054F825000F
:103D400001280FD12846FEF75BF8009050B1C068FB
:103D50000D21426A68469047020003D03946009818
:103D60009047002654F8250010B1012101E003E03E
:103D70000021401A44F825003046F8BD60030020B9
:103D800070B5FF23B3EB116F2CD0C3B213FB02F558
:103D900000F47F4400F47F0354435343000E10FBB0
:103DA00002F6C2F1FF00CAB212FB005201F47F45D5
:103DB00005FB004401F47F0505FB0033090E11FBF0
:103DC0000065C2F307204FF47F024FF47F4102EAFF
:103DD000132201EA14214FF07F43084303EA05430D
:103DE0001043184370BD2DE9F04F1546DDE90CB9BD
:103DF0000C4606464FF0000818E00B9F4FF0FF0AF4
:103E000001CE08CCAAEB106202FB09F2B2FBFAF178
:103E1000CAB21946FFF7B4FF20F07F4001C57F1EEC
:103E2000EED1099808F1010804EB8004D845E4D3E9
:103E3000BDE8F08F02494A6942604861704700005E
:103E40006C02002010B502E000F8011B521E0AB1FE
:103E50008307F9D1930818D001EB014402F0030263
:103E600004EB042405E0046044608460C460103006
:103E70001B1F042BF7DA01E010C05B1E002BFBD1E7
:103E800003E000BF00F8011B521E002AFAD110BD4A
:103E900010B5830702D520F8021B521E530810D01C
:103EA00001EB0144042B08DB046044608460C460BF
:103EB00010301B1F042BF7DA01E010C05B1E002B33
:103EC000FBD1D20700D0018010BD00BFFEE700008B
:103ED0007CB5044600250020019000905F480088D2
:103EE00000045F4908600D20486040208860002081
:103EF000C8604FF480600861084603F04DF85948E7
:103F00000068009002E0574800680090009800F0B8
:103F100045000028F7D0009800F0040028B10325E0
:103F2000042002F099FF28467CBD009800F00100B3
:103F300028B10125012002F08FFF2846F4E702F0A6
:103F4000D3FF009000980D2802D010252846EBE7FB
:103F500040F2FF5002F080FF002002F0DFFF0190EE
:103F60000198C0F3432020703F490198084008B9E8
:103F70002846D9E7019800F0004008B11C20D3E79B
:103F8000019800F0804008B10920CDE7019800F0C9
:103F9000005008B10A20C7E7019800F0805008B12E
:103FA0000B20C1E7019800F0006008B10C20BBE7CE
:103FB000019800F0806008B10D20B5E7019800F08D
:103FC000807008B10E20AFE7019800F4000008B13E
:103FD0000F20A9E7019800F4800008B11020A3E7A2
:103FE000019800F4001008B111209DE7019800F439
:103FF000801008B1122097E7019800F4002008B162
:10400000132091E7019800F4802008B114208BE779
:10401000019800F4003008B1152085E7019800F4FC
:10402000803008B116207FE7019800F4004008B105
:10403000172079E7019800F4804008B1182073E751
:10404000019800F4005008B119206DE7019800F0C4
:10405000080008B11A2067E7284665E750000020ED
:1040600030290020342C014008E0FFFD02490A6895
:1040700008601046704700000004002030B501467B
:1040800001F01F04C1F34513CA0AE50205EB43150D
:104090001544A8B230BD000070B50446002617488C
:1040A0000588408845431548808846F604018842C3
:1040B00016D112488079012812D100200F49887149
:1040C0002A2048812B2088810021084600F0DCFF4F
:1040D00001200A4988712B2048812A20888103E029
:1040E0000021084600F0D0FF01F0EEF9002602E0C2
:1040F00003480480761CAE42FAD370BD0429002028
:10410000000008600449054A0968497C52F82110FA
:104110000969096808470000780200209002002021
:1041200010B50446002C52D158498871F0200880FF
:104130004FF4A07048800846808849F24131884297
:104140000BD05248808846F60401884205D04F487B
:10415000808845F2103188421AD12C204B490881C1
:104160002A2048812B2088810846808846F6040151
:10417000884205D04548808845F21031884206D1F2
:104180004FF4A070414908804FF4F070488079E006
:104190003E48808845F21051884210D14FF430508B
:1041A0003A4908814FF4285048814FF42C508881B7
:1041B0004FF4F07008804FF44870488062E022208D
:1041C0003249088120204881212088815AE001203D
:1041D0002E4988714FF4A0700880F020488008466E
:1041E000808849F24131884205D02848808845F2CC
:1041F0001031884207D12C20244908812A20488187
:104200002B2088812BE02148808846F604018842D3
:1042100007D12C201D4908812B2048812A20888124
:104220001DE01A48808845F21051884210D14FF4A1
:104230003050164908814FF4285048814FF42C50D3
:1042400088814FF4487008804FF4F070488006E091
:1042500022200E49088121204881202088810B4896
:10426000808846F60401884205D00848808845F2D7
:104270001031884206D14FF4F070044908804FF4A1
:10428000A0704880002000F039FD10BD04290020F6
:104290002DE9F04F05468DB07C48DDF860901A9C02
:1042A00000681E4617464FF0000A78B11B9B199A0A
:1042B000CDF808900593CDE90324DDE91623CDE977
:1042C0000023046833463A46284682E0DDE91602B8
:1042D00001EB060805EB070C1043A8F10108ACF14F
:1042E000010C012806D0C9F10800059000200291B8
:1042F0000890C8E066480268B2F90A30581A0028E7
:1043000006DD361A002E65DD1946199B00FB0344B5
:10431000B2F90E00A8EB0000002802DD361A002ECC
:1043200058DDB2F90C00ACEB0000002800DD3F1AAC
:10433000B2F908300020AB4237DD581B3F1A4B461C
:10434000B9F1080F28D007DC012B0DD0022B13D0B8
:10435000B9F1040F29D117E0102B1FD0182B20D052
:10436000B9F1200F21D11CE020F0070304EBE00499
:104370001D4400F0070018E020F0030304EBA00444
:104380001D4400F0030010E020F0010304EB600482
:104390001D4400F0010008E0044404E004EB400484
:1043A00001E004EB800405440020002F12DD1B9B7C
:1043B000DDF864C0CDE90403CDE902C4CDE90069AC
:1043C000527C34483B4650F82200C26854680A4682
:1043D0002946A0470DB0BDE8F08F17990298084410
:1043E00009902B49401E00900A68B2F90A308342B6
:1043F00041DCB2F90E10029881423CDB4FF0000B19
:10440000D84603950B9434E0BBF1000F05D10B980F
:104410004FF0080B10F801AB0B900599ABEB090BB3
:104420003AFA01F00AFA09F101F0FF0A04D1184939
:104430000968097C890716D415490968C96B0A6897
:104440000C921B9A0AB152F8200008601699039842
:10445000009B4218521E029900F076F90C490C9804
:104460000968C96B08600399169808F101080844A7
:104470000390B845C8DB0898401C08900998029042
:10448000199804440898B042A7DBA3E7A4020020CF
:104490007802002090020020F0B40C46124909680E
:1044A000B1F90A30A3421CDCB1F90E30A34218DB8B
:1044B000B1F90830834200DD1846B1F90C3093425F
:1044C00000DA1A4682420CDB4B7C084951F8235033
:1044D00013462246E9688E6801462846B446F0BC79
:1044E0006047F0BC70470000780200209002002076
:1044F0002DE9FF4F84B081468A4600200390029048
:104500000698A0EB09050798A0EB0A06CDF80490E1
:10451000CDF800A0002D01DD012705E00DB9002731
:1045200002E04FF0FF376D42002E02DD4FF0010830
:1045300006E016B94FF0000802E04FF0FF3876426F
:10454000B54201DD2C4600E034464FF0000B21E07F
:10455000009A91B2019A90B200F056F8039828445C
:1045600003900298304402900398A04205DD03981E
:10457000001B03900198384401900298A04205DD89
:104580000298001B02900098404400900BF101003B
:104590001FFA80FB601C8345DADD08B0BDE8F08FB0
:1045A0000A46174930B40968B1F90A30934225DC4C
:1045B000B1F90E30934221DBB1F9083083421DDCA2
:1045C000B1F90C30834219DB0B7C0E4CDB0709D0B0
:1045D000497C54F82130D968CC690146A44630BCE6
:1045E00018466047CB6B497C1B6854F82140E16852
:1045F0008D6901462046AC4630BC604730BC7047F0
:10460000780200209002002030B504460D4629466D
:10461000204600F039FD00F057FF024800880249AB
:10462000088030BD000000200000086070B504461E
:104630000D4616464248808849F24131884205D0ED
:104640003F48808845F21031884214D13C4948895E
:1046500000F02EFF201200F01FFFE0B200F01CFF60
:104660003749888900F024FF281200F015FFE8B2CE
:1046700000F012FF5DE03248808845F21051884218
:1046800020D12F49488900F013FF201200F004FFC9
:104690002B494989491C88B200F00AFFE0B200F0BA
:1046A000FBFE2749888900F003FF281200F0F4FE82
:1046B00023498989491C88B200F0FAFEE8B200F06B
:1046C000EBFE36E01E48808846F6040188421DD184
:1046D0001B488079012804D119480088401E001B1E
:1046E00084B21749488900F0E3FE201200F0D4FE9E
:1046F000E0B200F0D1FE1249888900F0D9FE2812FC
:1047000000F0CAFEE8B200F0C7FE12E00C48807963
:10471000012804D10A480088401E001B84B20849C1
:104720004889214600F0DAFE05498889294600F0CB
:10473000D5FE0348008903490880881C068070BDA7
:1047400004290020FEFF076038B5134C2468B4F933
:104750000850854200DD2846B4F90C50954200DA35
:104760002A46824217DBB4F90A508D4200DD294601
:10477000B4F90E509D4200DA2B468B420BDB0093BE
:10478000647C064B53F82440E3681D6913460A46CF
:1047900001462046A84738BD78020020900200203C
:1047A00008210CF051BC000002480068806B0068D2
:1047B000704700007802002002480068C06B006863
:1047C0007047000078020020024809210068407C00
:1047D0000CF03ABC7802002009210CF035BC70B511
:1047E00000252C462046FDF70BFB00B16D1C641C18
:1047F000022CF7DB284670BD02480068407C00F0C0
:1048000003B800007802002010B5FDF7F9FA00287F
:1048100005D0C168CA6ABDE810400221104710BD2A
:10482000F8B515460E460124FDF7EAFA009058B196
:10483000C0680421426A68469047030004D02A46B3
:1048400031460098984700242046F8BD03210CF01B
:10485000FBBB03200CF040BC04210CF0F5BB0000B6
:10486000024801210068407C0CF0EEBB7802002079
:1048700001210CF0E9BB0000024802210068407CE5
:104880000CF0E2BB7802002002210CF0DDBB00F04E
:1048900001B800002DE9F041002809D0876837B140
:1048A0000D4E716819B10468B4F5807F02DD0020F7
:1048B000BDE8F0813068844200DD0446002507E051
:1048C00057F82500FFF71EFC716841F825006D1CA4
:1048D000A542F5DB7068EBE7F40200200449054AC5
:1048E0000968497C52F821100969496808470000A5
:1048F00078020020900200207047704710B500F049
:104900001F01074A074BC0F34514C0F3C4201B5DC9
:10491000105C515C00EB032000EB014010BD000077
:10492000108B0108308B010810B50A4C606860B923
:1049300020688000FDF700F8606040B104F10801D4
:10494000054808600846FFF775FA002010BD0120F1
:1049500010BD0000F40200208D1501082DE9F04182
:10496000FFF73DFF0746002528E02846FDF748FAF7
:1049700018B32846FEF73CF980462846FFF710FF9B
:10498000082817DC0F48104950F8250000698842B4
:1049900010D02846FFF720FF0646002408E0E0B2CA
:1049A000FFF79CFF0246E1B2284600F0F9FB641CC9
:1049B000B442F4DB4046FEF71BF96D1CBD42D4DB6C
:1049C000BDE8F08190020020CC8C010810B50246B1
:1049D000012000E050430B1EA1F10104E1B2F9D126
:1049E00010BD000008B5034800880090BDF8000025
:1049F00008BD0000000008602DE9F04105460E46A4
:104A000000240027A0464F480088A84203DD4D48F7
:104A10004088B04202DC0020BDE8F08131462846E3
:104A200000F032FB4748808849F2413188420BD080
:104A30004448808846F60401884205D04148808871
:104A400045F21031884203D12E2000F031FD0DE0F7
:104A50003C48808845F21051884204D14FF43850C8
:104A600000F026FD02E0222000F022FD354880887B
:104A700049F22031884202D102200EF0EFFF324885
:104A8000008800B1002402200EF0E8FF2E480488C0
:104A90002C48808849F2413188420BD029488088CF
:104AA00045F21031884205D02648808845F21051E1
:104AB00088420AD102200EF0D1FF2348B0F80080CE
:104AC000E7B24FF6FF7000EA07271E48808849F2D8
:104AD0002531884216D01B48808844F235518842DF
:104AE00010D018488088091F88420BD0154880884C
:104AF0004BF20551884205D0124880884CF205518E
:104B0000884201D1204687E70E48808849F241312A
:104B100088420BD00B48808845F21031884205D07E
:104B20000848808845F21051884207D1E012C0023F
:104B3000B91240EA411040EAE8206DE72046FFF74D
:104B40009DFA69E704290020000008602DE9FF4F65
:104B500083B01646DDE910408B46C0684769426A5B
:104B60007AB1012111A8904705000AD00698CDE935
:104B7000000433465A4603991198A84707B0BDE888
:104B8000F08F57480068407CFDF7EEFA824608280F
:104B900001DC012005E0BAF1100F01DC022000E089
:104BA00004208046002596E04046B8F1010F05D06C
:104BB000022871D0B8F1040F25D17CE0BAF1090FB9
:104BC00021D2DFE80AF08605213F3F5959595900A3
:104BD000039815E001465A461198B847C5F10701F8
:104BE00088404FF67F722178EA40114001436D1CE6
:104BF000217004EBE50425F00700054109F10100EF
:104C00008146B042E6DD64E0039817E001465A466B
:104C10001198B8470621A1EB450188406B004FF67B
:104C20003F722178DA40114001436D1C217004EB82
:104C3000A50425F00300054109F101008146B042B9
:104C4000E4DD46E0039813E001465A461198B84760
:104C50000421A1EB850188402178AB000F229A4006
:104C60001140014321702C4485F0010509F1010038
:104C70008146B042E8DD2CE0DDF80C9007E001460B
:104C80005A461198B847207009F101094444484632
:104C9000B145F4DD1DE0FFE7DDF80C9007E00146CB
:104CA0005A461198B847208009F101094444484602
:104CB000B145F4DD0DE0DDF80C9007E001465A4601
:104CC0001198B847206009F1010944444846B145AC
:104CD000F4DD0BF1010B06998B457FF765AF4DE7CE
:104CE0007802002001B5BDF8000000F0E1FB0520CE
:104CF0000EF0BCF8FFF776FE08BD0000F0B50546E3
:104D000000240027A948807901281ED1A74880885F
:104D100046F60401884218D0082D15D2DFE805F0C8
:104D20000406080A0C0E101206250DE007250BE0FC
:104D3000042509E0052507E0012505E0002503E03D
:104D4000032501E0022500BF00BF9848808849F292
:104D50004131884211D09548808846F60401884246
:104D60000BD09248808845F21031884205D08F4898
:104D7000808845F2105188427ED1082D1CD2DFE890
:104D800005F00406090C0F12151800BF14E044F0DA
:104D9000800411E044F040040EE044F0C0040BE055
:104DA00044F0200408E044F0600405E044F0A0046E
:104DB00002E044F0E00400BF00BF7C48808845F278
:104DC0001051884202D14FF4585700E036277748F7
:104DD000808845F21031884207D07448808845F2B7
:104DE0001051884201D044F008047048808846F68B
:104DF0000401884201D144F002042146384600F003
:104E00006DFB04F0200018B96848807901280DD1A5
:104E10006648008865494988884214DA63480688EC
:104E2000408862490880084646800CE05F48008858
:104E30005E494988884206DD5C48068840885B49AF
:104E40000880084646805948808845F210518842BB
:104E500054D15649488900F02BFB002000F01CFB80
:104E600052494989491C88B200F022FB002000F019
:104E700013FB4E49498900E06FE0891C88B200F0BD
:104E800017FB4A490988491EC1F30F2000F004FBB3
:104E900046494989C91C88B200F00AFB4349097890
:104EA000491EC8B200F0F8FA4049888900F000FBBA
:104EB000002000F0F1FA3D498989491C88B200F0D0
:104EC000F7FA002000F0E8FA38498989891C88B28D
:104ED00000F0EEFA35494988491EC1F30F2000F071
:104EE000DBFA32498989C91C88B200F0E1FA2F49FE
:104EF0008978491EC8B200F0CFFA55E02B4948899D
:104F000000F0D6FA002000F0C7FA002000F0C4FA42
:104F100026490988491EC1F30F2000F0BDFA234934
:104F20000978491EC8B200F0B7FA2049888900F014
:104F3000BFFA002000F0B0FA002000F0ADFA1B49E3
:104F40004988491EC1F30F2000F0A6FA1749897855
:104F5000491EC8B200F0A0FA26E0082D1CD2DFE8F6
:104F600005F004070A0D0F12151844F0300413E081
:104F700044F0100410E044F020040DE000BF0BE00A
:104F800044F0380408E044F0280405E044F0180434
:104F900002E044F0080400BF00BF032744F480543B
:104FA0002146384600F09AFAF0BD0000042900209E
:104FB00010B50E4C0E492068407C51F8200050B1CD
:104FC000C1680968042903D000680028F8D102E00C
:104FD00008B1FCF713FF20680021016600F1080109
:104FE0004161BDE8104000F02FB8000078020020B9
:104FF000900200200149096849680847F002002032
:10500000044909680A7C520701D5C96B00E0896B25
:1050100008607047780200207CB5094C054620687E
:10502000417C084850F82100C1680A6B69469047E6
:1050300020686A4629460830FEF71BFE7CBD00004A
:1050400078020020900200200448016804484A7C4D
:10505000083150F82200C268126B10477802002015
:10506000900200200149096809680847F002002001
:10507000044909680A7C520701D5896B00E0C96BB5
:10508000086070477802002030B504460D4640485D
:10509000808849F24131884205D03D48808845F2F8
:1050A0001031884214D13A49488900F001FA20129F
:1050B00000F0F2F9E0B200F0EFF93549888900F02C
:1050C000F7F9281200F0E8F9E8B200F0E5F95DE040
:1050D0002F48808846F6040188421DD12C488079EB
:1050E000012804D12A480088401E001B84B22849A8
:1050F000488900F0DDF9201200F0CEF9E0B200F0AE
:10510000CBF92349888900F0D3F9281200F0C4F9BB
:10511000E8B200F0C1F939E01D48808845F210512D
:10512000884220D11A49488900F0C2F9201200F0C3
:10513000B3F917494989491C88B200F0B9F9E0B2BE
:1051400000F0AAF91249888900F0B2F9281200F09B
:10515000A3F90F498989491C88B200F0A9F9E8B27E
:1051600000F09AF912E00A488079012804D1084831
:105170000088401E001B84B205494889214600F082
:10518000ADF903498889294600F0A8F930BD00002F
:10519000042900200149096889680847F0020020B5
:1051A000F8B515460E460124FCF72AFE009058B1CA
:1051B000C0681021426A68469047030004D02A461E
:1051C00031460098984700242046F8BDF8B51546AA
:1051D0000E460124FCF714FE009058B1C06803216C
:1051E000426A68469047030004D02A463146009838
:1051F000984700242046F8BDF8B515460E46012410
:10520000FCF7FEFD009058B1C0680B21426A684669
:105210009047030004D02A4631460098984700245E
:105220002046F8BDF8B515460E460124FCF7E8FD0A
:10523000009058B1C0680A21426A6846904703004E
:1052400004D02A4631460098984700242046F8BDED
:105250002DE9F84F0746884616461C46C3462046A9
:10526000E31704EB5373DB1021464FEAE47C04EBB5
:105270005C7C4FEAEC0CA4EBCC0CBCF1000F02D030
:105280004FF0010C01E04FF0000C6344224604EBA8
:10529000D27C4FEA6C0C03FB0CF3DBB20093A6F15B
:1052A0002000C6B2002556E00C2C07D106EB4600C4
:1052B0002B4901EB800010F8059013E0102C05D16C
:1052C000284800EB061010F805900BE0182C07D1C9
:1052D00006EBC600244901EB800010F8059001E0C0
:1052E000BDE8F88F4FF0000A2FE009F0800030B1E0
:1052F0001E48028841463846FFF798F907E00A98A9
:1053000028B91B48028841463846FFF78FF94FEA13
:1053100049604FEA106908F101001FFA80F815484A
:105320000088B84200DCDBE7A8EB0B00A04208D104
:10533000D846781C87B20F480088B84200DCCFE717
:1053400006E00AF1010000F0FF0ABAF1080FCCDB19
:1053500000BF681CC5B200988542A5DB00BFBFE74F
:10536000BA4501082E4A01081E500108000000201D
:1053700002000020042900202DE9FF4F81B00746DC
:1053800091461E460E9D4FF0000A002439E0301B66
:10539000401EC1B20A20FFF719FBB9FBF0F00A2149
:1053A000B0FBF1F201FB1208BAF1000F16D1701E2A
:1053B000A04213DDB8F1000F0ED10020AB4605EB83
:1053C000DB71491001FB0471009088B22B4620224A
:1053D0000299FFF73DFF12E04FF0010A0020AB46B3
:1053E00005EBDB71491001FB0471009088B208F1F4
:1053F0003001CAB22B460299FFF72AFF00BF601C9A
:10540000C4B2B442C3DB05B0BDE8F08F2DE9F84764
:1054100004460D4690469946DDE9096704F0FF0A07
:1054200008EB04001FFA80F809EB05001FFA80F969
:1054300016E0444502DB5446A81985B24D4500DB11
:1054400014E0002000903A78334629462046FFF7C2
:10545000FFFE304606EBD07104EB61018CB27F1C7D
:1054600038787E2802DC38782028E2DA00BFBDE8F0
:10547000F887000010B5074C2068006BFEF742FE6D
:10548000FFF7F6FD2068406BFEF73CFEBDE81040DC
:10549000FFF7B6BD7802002001B5BDF8000000900E
:1054A000BDF800000149088008BD00000000086048
:1054B00001B5BDF800000090BDF80000014908806A
:1054C00008BD0000FEFF076002480089024908800D
:1054D0007047000004290020FEFF076003B5BDF8F7
:1054E0000000024A1080901C01800CBDFEFF076086
:1054F00008B500231A4665496548FCF729FC65484C
:10550000808845F21051884239D16248428801882A
:105510000020FFF771FE5F48428801880020FFF7F6
:1055200081FE5C48807998B940F2B31000234FF4B3
:10553000F072194600901846FDF726FC40F21F3025
:105540000023421C194600900120FDF71DFC9BE042
:105550000620FDF71FFD40F2B31000234FF4F07258
:10556000194600901846FDF70FFC40F21F3000234B
:10557000421C194600900120FDF706FC84E04548D6
:10558000808845F21031884205D04248808846F62E
:10559000040188423BD13F48428801880020FFF740
:1055A0002BFE3C48428801880020FFF73BFE39482B
:1055B0008079A0B9E22040F65B734FF4A07200211D
:1055C00000900846FDF7E0FBC42040F6ED634FF481
:1055D000F072002100900120FDF7D6FB54E0062078
:1055E000FDF7D8FCE22040F65B734FF4A072002177
:1055F00000900846FDF7C8FBC42040F6ED634FF469
:10560000F072002100900120FDF7BEFB3CE0214834
:10561000428801880020FFF7EFFD1E48428801887C
:105620000020FFF7FFFD1B488079B8B90120FDF786
:10563000B1FC40F63F700090164802889B23002181
:105640000846FDF7A1FB40F65F70009011484288C4
:10565000BC2300210120FDF797FB15E00720FDF793
:1056600099FC40F63F709B23F022002100900846F1
:10567000FDF78AFB40F65F70BC234FF4A072002157
:1056800000900120FDF780FB08BD0000DC5E0108F2
:10569000A85D01080429002010B50346144601291D
:1056A00001D1002010BD4FF0FF3200BF00BF1046F7
:1056B000F8E700002DE9FF4F8DB01746674ADDF887
:1056C00070901E9E209812681D4600248AB11D9B72
:1056D0001F98CDE90293CDE90460DDE91A03CDE915
:1056E000000314682B463A460D98A04711B0BDE858
:1056F000F08F0D9A01EB050802EB070CDDE91A2388
:105700001A43A8F10108ACF1010C012A06D0C9F135
:1057100008004FF0000B029105909CE0504A12687F
:10572000B2F90A40631A002B06DDED1A002DDDDD0B
:1057300021461D9C03FB0466B2F90E30A8EB03035F
:10574000002B02DDED1A002DD0DDB2F90C30ACEBF0
:105750000303002B00DDFF1A0D9B1C1AB2F9083061
:10576000A3420DDDA3EB040C0CEB0003181A20F090
:1057700007000444A7EB0C0706EBE30603F0070061
:10578000002FB3DD1F9BDDF874C0CDE90403039641
:105790008DE82012527C33483B4650F82200C26804
:1057A00055680A462146A847A0E71B990298084475
:1057B00009902B49401E03900A68B2F90A308342CF
:1057C00043DCB2F90E10029881423EDB4FF0000A32
:1057D0000D980B96D046009035E000BFBAF1000F4F
:1057E00005D10B984FF0080A10F8014B0B90059962
:1057F000AAEB090A34FA01F004FA09F4E4B204D17C
:1058000017490968097C890717D415490968C96BC4
:105810000A680C921F9A0AB152F820000860009999
:105820001A980A180846DDE90213521EFEF78CFF8B
:105830000B490C980968C96B086000991A9808F11F
:10584000010808440090B845C8DB099802901D98EB
:105850000BF1010B0644AB45A7DB47E7A402002090
:105860007802002090020020002818D0410817D0AC
:10587000810817D0C10817D0010917D0410917D0E6
:10588000010A17D0410A17D0010B15D0C10B13D054
:10589000010C11D0810C11D0000E11D020207047C6
:1058A0000120704702207047032070470420704792
:1058B000052070470820704710207047122070475D
:1058C0001820704700B50022FFF7CEFF012804D052
:1058D000811E062903D808220BE0012209E0A0F16D
:1058E0000901072901D8102203E011380F2800D838
:1058F0002022104600BD00001CB50121084601F021
:1059000069F92220009001208DF8040000208DF814
:10591000060003208DF8050001208DF80700694678
:105920000348FBF7F1FD22210148FBF758FE1CBD9F
:105930000000024000BFFEE77047000070B5002184
:1059400000230F22C4781CB3174C246804F4E064CD
:10595000C4F5E064C4F30721C1F10404E3B20A41D1
:1059600044789C40E1B28478144021430C07210E16
:105970000E4C05786155047804F01F050124AC40F5
:1059800005786D11AD0005F1E025C5F8004109E08D
:10599000047804F01F050124AC40054D067876110B
:1059A00045F8264070BD00000CED00E000E400E08A
:1059B00080E100E002490143024A116070470000A3
:1059C0000000FA050CED00E010B500F013F800F04F
:1059D000B5FD00F0DDFD00F0FDFD00F085FD00F0FF
:1059E00045FD00F091FE00F035FE00F05BFE00F09A
:1059F00002F810BD7047704706480078012808D1AA
:105A000005480078FF2804D203480078401C02496A
:105A100008707047E2000020D500002010B5002477
:105A20001A480078012830D1FAF74EFC044618488D
:105A3000007820B116480078401E154908701448B7
:105A40000078F8B913480078E0B900F0BFFE1248BA
:105A50001249097850F82100114908600F48007870
:105A60001049097888420DD00D480068806B401CB1
:105A70000B49096888630C480068401C0A490860A3
:105A8000FAF742FC2046FAF723FC10BDE2000020A2
:105A9000D5000020D6000020B8730120D8000020D7
:105AA000F0000020D7000020BC00002010B500242A
:105AB0000B480078012811D1FAF706FC0446094882
:105AC000007840B908480078FF2804D206480078DA
:105AD000401C054908702046FAF7FAFB10BD00008B
:105AE000E2000020D5000020D600002010B50024E0
:105AF00013480078012821D1FAF7E6FB0446114843
:105B00000078C0B10F480078401E0E490870084662
:105B1000007860B90C48007828B92046FAF7D8FB1D
:105B200000F01AFE0AE02046FAF7D2FB06E0204613
:105B3000FAF7CEFB02E02046FAF7CAFB10BD0000E0
:105B4000E2000020D6000020D500002070B50546F8
:105B500000260F48007808B1002070BDFAF7B4FBAA
:105B600006460C480468006820B10A48006840688E
:105B7000084908603046FAF7ABFB3CB103202070BF
:105B8000258100206060204600F061FC2046E4E7AB
:105B9000D5000020C000002010B50B48007890B957
:105BA00000F014FE094800780949087009480749BF
:105BB000097850F82100084908600846006807493C
:105BC0000860FAF788FB10BDE2000020D800002032
:105BD000D7000020B8730120F0000020E80000206A
:105BE00010B50024022000F02BFBFAF76DFB0446F1
:105BF00000200B4908602046FAF76AFB642000F099
:105C00001FFBFAF761FB0446054800680549086078
:105C10000120054908702046FAF75AFB10BD000024
:105C2000E4000020CC000020D400002070470000D9
:105C30002DE9FE4F06460F4690461C464FF00009E0
:105C4000FAF742FB81461F48007828B14846FAF728
:105C50003FFB3C20BDE8FE8F1B4850F8240060BB92
:105C60000120194941F824004846FAF731FB002386
:105C700042463946304600F0B5F982460020009091
:105C800001900346024651460290204600F0B4FDC2
:105C9000054635B90D48007801280CD100F05CFDAF
:105CA00009E0FAF711FB81460020074941F824007A
:105CB0004846FAF70DFB2846CCE74846FAF708FBBA
:105CC0002820C7E7D5000020B8730120E20000209B
:105CD0002DE9F04F85B081468A4693461C46DDE9A2
:105CE0000F78129D00200390FAF7EEFA03902348F4
:105CF000007830B10398FAF7EBFA3C2005B0BDE824
:105D0000F08F1F4850F8240088BB01201C4941F83F
:105D100024000398FAF7DCFA2A464146384600F098
:105D200087FE2B465A465146484600F05BF90490E0
:105D30001198CDE9008002953A4620460E9B0499C1
:105D400000F05AFD064636B90E48007801280CD1FD
:105D500000F002FD09E0FAF7B7FA039000200849C5
:105D600041F824000398FAF7B3FA3046C6E7FFE794
:105D70000398FAF7ADFA2820C0E70000D50000200C
:105D8000B8730120E2000020704700002DE9F041C7
:105D9000054600274748007810B14020BDE8F08153
:105DA0003F2D01D13E20F9E7FAF78EFA0746FF2D85
:105DB00003D14148006890F83250404850F82540DF
:105DC00024B93846FAF784FA4320E7E7012C04D1D6
:105DD0003846FAF77DFA3D20E0E714F8340F3849E9
:105DE000085C617888432178354A505414F83409A6
:105DF0001146085C30B994F8361032480078884370
:105E000030490870E06918B12046E16900F00AFBEA
:105E1000666A16B1304600F055FB0020E06284F857
:105E2000300084F8310028480078FF2804D2264842
:105E30000078401C244908703846FAF749FA00F007
:105E4000F0FAFAF741FA07461F48007820B11E48D9
:105E50000078401E1C490870204600F041F81B489D
:105E60000078401E194908700020144941F82500A7
:105E7000A06930B9002061698861154960690860CE
:105E800005E0D4E905014861D4E9051088611148AD
:105E9000006860610F4804600FA0E0643846FAF7BC
:105EA00017FA0E480078012801D100F055FC0020B7
:105EB00074E70000D5000020E8000020B87301203E
:105EC000DA000020D9000020D6000020E3000020E6
:105ED000F4000020EC0000203F000000E200002061
:105EE000704770472DE9F04106460F4614464FF0C3
:105EF00000081548007818B112202070BDE8F08124
:105F0000FAF7E2F98046FF2E03D11048006890F8B6
:105F100032600F4850F826502DB94046FAF7D8F9AC
:105F200043202070EAE7012D05D14046FAF7D0F969
:105F300043202070E2E7EF644046FAF7C9F90020F9
:105F4000207000BFDAE70000D5000020E800002044
:105F5000B8730120704770472DE9F04707460D469A
:105F60004FF0000A002028606860FAF7ADF9824619
:105F7000FF2F03D11948006890F83270184850F884
:105F800027402CB95046FAF7A3F94320BDE8F08723
:105F9000012C04D15046FAF79BF94320F6E7207C08
:105FA00000F0010020B95046FAF792F94520EDE7DC
:105FB0000026D4F80C90D4F808805046FAF788F9F7
:105FC00000E0761C58F8041B0029FAD0B0002860C5
:105FD000A9EB0600800068600020D7E7E8000020F9
:105FE000B873012070B5044610460026051F2846E8
:105FF0002E604FF48056051F28462E601526051F7B
:1060000028462E601426051F28462E601326051FDD
:1060100028462E601226051F28462E601126051FD1
:1060200028462E601026051F28462E600926051FCB
:1060300028462E600826051F28462E600726051FC5
:1060400028462E600626051F28462E600526051FB9
:1060500028462E600426051F28462E600326051FAD
:1060600028462E600226051F28462E600126051FA1
:1060700028462E600026051F28462E604FF08075AA
:106080000560051F28462C60414E051F28462E60DE
:106090004FF01236051F28462E604FF00336051FBD
:1060A00028462E604FF00236051F28462E607610D7
:1060B000051F28462E60051F284629603126051F2A
:1060C00028462E603026051F28462E602926051FEB
:1060D00028462E602826051F28462E602726051FE5
:1060E00028462E602626051F28462E602526051FD9
:1060F00028462E602426051F28462E602326051FCD
:1061000028462E602226051F28462E602126051FC0
:1061100028462E602026051F28462E601926051FBA
:1061200028462E601826051F28462E601726051FB4
:1061300028462E601626051F28462E604FF0113681
:10614000051F28462E604FF01036051F28462E608A
:106150004FF00936051F28462E604FF00836051F00
:1061600028462E604FF00736051F28462E604FF058
:106170000636051F28462E604FF00536051F2846B7
:106180002E604FF00436051F28462E6070BD0000BB
:10619000556900082DE9F04105464FF00008FAF76F
:1061A00093F88046FF2D05D12048006890F83250C2
:1061B000012608E01D48006890F83200A84201D18D
:1061C000012600E000261A4850F825402CB9404628
:1061D000FAF77EF84820BDE8F081012C04D1404652
:1061E000FAF776F84320F6E794F834701148C05D6A
:1061F00094F8351088430F49C8550846C05D30B93A
:1062000094F836100C48007888430B49087094F8CD
:10621000300040F0080084F830004046FAF758F8A3
:10622000012E01D100F098FA0020D4E7E800002008
:10623000B8730120DA000020D90000207047000068
:1062400070B5054600261748007800B170BD1648A5
:10625000007800B1FAE71DB3FAF736F8064613489E
:10626000006890F834401248005D1049096891F8C0
:10627000351088430E4908550846005D40B90B4863
:10628000006890F836100B48007888430949087078
:1062900006480068C5623046FAF71AF800F05CFA62
:1062A00000BFD3E7D5000020D6000020E800002082
:1062B000DA000020D90000202DE9F04105460E4605
:1062C00017461C461248007810B15520BDE8F081F1
:1062D0001048007808B13220F8E74FF47A70604334
:1062E0004FF47A71B0FBF1F14FF461606843C6EB93
:1062F000061200EB8200384400EB4002C2EBC010F3
:1063000001EBC0084046FFF79BFF0020DEE70000DE
:10631000D5000020D600002070B50025F9F7D4FF85
:106320000546034804682846F9F7D2FF204670BDA9
:106330000001002070B5002600F072F8F9F7C4FFE4
:10634000064631480068401C2F4908603046F9F77E
:10635000BFFF2E480078012853D12D48007820B186
:10636000012804D0022809D103E001250BE0002513
:1063700009E0012501202649087004E001250020DC
:106380002349087000BF00BF05B970BD21480468EB
:1063900033E0F9F799FF0646E06A50B3E06A401E21
:1063A000E062E06A28BB94F8300000F0370040B1AA
:1063B00014F8300F00F0C800207001206070303CED
:1063C00002E0002084F8310094F8300000F008006A
:1063D00078B93434A0781049097808430E49087018
:1063E00020780E49085C6178084314F834190B4A88
:1063F000505464693046F9F76BFF94F832003F2837
:10640000C7D100BFC1E7000000010020E20000206A
:10641000F8000020F4000020D9000020DA0000205D
:106420007047704710B590F8342001F10B039B5C66
:1064300090F83540A34301F10B04A35423469B5C21
:1064400023B98B7A90F83640A3438B7210BD014676
:1064500000228A72002005E0002301F10B02135490
:10646000421CD0B20828F7D3704700002DE9F04154
:106470005021114800F03EF900250DE0681C86B25D
:106480000D4800EB051400EB061700202070676034
:106490000AA0E060681C85B2042DEFD3064800EB2B
:1064A000051400202070606004A0E06002480449E8
:1064B0000860BDE8F0810000686F01203F00000027
:1064C000C400002030B501464A6808682AB9CC6883
:1064D000606028B10025456002E0106000B14260B4
:1064E0008B6800255D6230BD70B5C821114800F091
:1064F00001F900230FE0581C85B203EB83000D491E
:1065000001EB800405EB850001EB80060020207084
:106510006660581C83B2092BEDD303EB8300054959
:1065200001EB80040020207060600846024908608A
:1065300070BD0000A06E0120C000002000200A49AC
:1065400008600A4908700A4908700A4908700A492F
:1065500008700A4908600A4908600A4908600A493F
:1065600008600A490870704700010020D50000202B
:10657000D6000020E3000020E2000020BC00002044
:10658000E4000020D0000020CC000020D400002037
:1065900000210A4A1170002004E00021084A115429
:1065A000411CC8B20828F8D30021064A1170064AD7
:1065B0001170064A1160064A11607047D900002028
:1065C000DA000020D7000020D8000020F0000020D2
:1065D000E800002070B54FF47C71194800F08AF88B
:1065E0004FF48071174800F085F8002413E0601C18
:1065F000C5B2C4EBC40000EB4000114901EB8003BD
:10660000C5EBC50000EB400001EB80065E610EA00B
:10661000D864601CC4B20B2CE9D3C4EBC40000EBFB
:106620004000074901EB80030020586106A0D864B0
:1066300000200649086002480549086070BD000056
:10664000B8740120B87301203F000000F40000205E
:10665000EC00002000B587B00320002180220A4B07
:10666000CDE90132CDE903104FF6FF703F23074A11
:1066700000900748FFF72CFB06AA06A13F20FFF772
:1066800031FC07B000BD0000B8710120B4730120D7
:106690002D69000875432F4F532D49492049646CDB
:1066A0006500000000B587B00320002180220A4B5E
:1066B000CDE90132CDE903104FF6FE703E23074AC3
:1066C00000900748FFF704FB06AA06A13E20FFF74B
:1066D00009FC07B000BD0000B86F0120B4710120B3
:1066E0006D69000875432F4F532D4949205374613C
:1066F0007400000004E0002200F8012B4A1E91B251
:106700000029F8D1704700002DE9F04178211048A8
:10671000FFF7F0FF00240DE0601C86B204EB44009C
:106720000B4901EBC00506EB460001EBC0072F60EB
:10673000601C84B2042CEFD304EB4400044901EB49
:10674000C00500202860084602490860BDE8F081C5
:10675000A8780120FC00002010B50024F9F7B4FD52
:10676000044613480078F8B912480078E0B900F000
:106770002DF811481149097850F821001049086096
:106780000E4800780F49097888420DD00C480068FF
:10679000806B401C0A49096888630B480068401CEC
:1067A00009490860F9F7A9FD2046F9F791FD10BDE8
:1067B000D5000020D6000020B8730120D8000020AA
:1067C000F0000020D7000020BC0000200649074A46
:1067D0001278885C0649095C034A515C01EBC001F0
:1067E000044A117070470000DC5D0108D9000020E8
:1067F000DA000020D80000202DE9F84F05460F46AA
:1068000090469946DDE90AAB00200090F9F75CFD5F
:1068100000903F480468002C74D0183454F8040CDD
:106820003B4908600098F9F753FD44F8187CA576B9
:10683000002020766076606144F814BC44F80CAC0B
:1068400044F8108C0C9824F8080C24F8069C0020BE
:10685000E077E810207705F00700E076217F01203F
:106860008840A077E17E012088406077002060604A
:10687000E060A0602062A0626062E062206325A008
:106880006063183C002606E0002104F1500040F847
:106890002610701CC6B2002EF6D02046FFF7C6F9AF
:1068A0002046FFF771FAF9F70FFD00901A4840F8FB
:1068B00025401A48006860610020A0611748006800
:1068C00010B1164800688461144804603434A0781C
:1068D0001349097808431249087020781149085C67
:1068E0006178084314F834190E4A50540E48007861
:1068F000401C0D4908700098F9F7EAFC0020BDE83B
:10690000F88FFFE70098F9F7E3FC4220F7E7000073
:10691000EC0000203F000000B8730120F4000020CC
:10692000D9000020DA000020E3000020002400BF8E
:1069300000BFF9F7C9FC044605480068401C04493B
:1069400008602046F9F7C4FCFFF7CBFAF1E7000036
:10695000E400002010B504480068FFF7FBFAFF20B0
:10696000FFF714FA10BD0000E8000020002400BF6B
:1069700002E0C820FFF764FC194800780028F8D02E
:10698000184800686421B0FBF1F016490860084619
:10699000006828B9002014490870FF20FFF7FAFBAF
:1069A00000BFF9F791FC04461048006810490860E0
:1069B00000200E4908602046F9F78AFC0C48006860
:1069C00008490968B0FBF1F0C0F16400064908709D
:1069D000FFF7C1FA00F00EF86420FFF731FCE0E7A2
:1069E000D4000020CC000020C8000020E4000020DB
:1069F000D00000207CB5002514E069462846FFF74A
:106A0000ABFA064666B9094850F8254044B1012C56
:106A100006D0D4E9020100EB810060640198A06413
:106A2000681CC5B23F2DE8D97CBD0000B8730120B9
:106A300002F0010343B102F002032BB102E0491E50
:106A4000002308C00029FAD1704700000EB50020CD
:106A500002900121062000F0BDF8022000900020E5
:106A60008DF8040001208DF8070069461B48FAF7ED
:106A70004BFD4FF40050009001208DF804000320DE
:106A80008DF8050000208DF8060069461448FAF7D5
:106A90003BFDFAF75FF800201249086064200CF013
:106AA000BDF901201049C1F8B40264200CF0B6F918
:106AB000012000F052F8012202A94FF4506000F0CA
:106AC0001BF89DF8081009A0F9F764FC9DF8080070
:106AD000802801D100200EBD0120FCE70004024007
:106AE00000080240B4024142000041424354502099
:106AF00049443A25780D0A002DE9F04105460F4634
:106B00001646FAF7E3F8B220FAF7AEF8FAF728F9E2
:106B10002812FAF7A9F8FAF723F9E8B2FAF7A4F875
:106B2000FAF71EF9FAF7D2F8B320FAF79DF8FAF758
:106B300017F900240BE0711EA14201D0012100E0F1
:106B400000210846FAF75CF83855601CC4B2B4421C
:106B5000F1DBFAF7E1F8BDE8F08138B50446002032
:106B600000900CB180200090012269464FF45060E3
:106B700000F001F838BD2DE9F04104460E461746F5
:106B80004FF00008FAF7A2F8B220FAF76DF8FAF71A
:106B9000E7F82012FAF768F8FAF7E2F8E0B2FAF745
:106BA00063F8FAF7DDF800250BE0705DFAF75CF8A2
:106BB000FAF7D6F88046B8F1000F00D003E0681C61
:106BC000C5B2BD42F1DB00BFFAF7A6F84046BDE80A
:106BD000F081000029B1064A12680243044B1A6092
:106BE00004E0034A12688243014B1A6070470000B8
:106BF0003038024029B1064A12680243044B1A6039
:106C000004E0034A12688243014B1A607047000097
:106C10003838024029B1064A12680243044B1A6010
:106C200004E0034A12688243014B1A607047000077
:106C30004438024029B1064A12680243044B1A60E4
:106C400004E0034A12688243014B1A607047000057
:106C500024380240F0B5002100220024022500263D
:106C60000223324F3F6807F00C0121B1042905D0FF
:106C7000082937D105E02E4F076036E02D4F076019
:106C800033E02A4F3F1F3F68C7F38056274F3F1F0F
:106C90003F6807F03F036EB1264FB7FBF3F7DFF80D
:106CA0008CC0ACF1040CDCF800C0CCF3881C07FBF2
:106CB0000CF40CE01E4FB7FBF3F7DFF870C0ACF13B
:106CC000040CDCF800C0CCF3881C07FB0CF4174F55
:106CD0003F1F3F68C7F301477F1C7D00B4FBF5F7FA
:106CE000076002E0124F076000BF00BF0F4F3F6810
:106CF00007F0F0010909104F7A5C0768D740476038
:106D00000A4F3F6807F4E051890A0B4F7A5C4768E5
:106D1000D7408760054F3F6807F46041490B064F35
:106D20007A5C4768D740C760F0BD00000838024071
:106D30000024F40000127A005E0000207CB50546B5
:106D4000002400200090019000F0E8F800F00070AE
:106D500010B10E2420467CBD3D49098888B26946A1
:106D6000FAF7E4FA04460CB12046F4E7012D36D1D7
:106D7000019800F4802000282ED0354800880004B7
:106D80003449086037204860402088600020C8608F
:106D9000A8020861084600F0FFF83720FAF724F847
:106DA00004460CB12046D6E702202A490860062096
:106DB0004860402088600020C8604FF4806008610F
:106DC000084600F0E9F80620FAF70EF804460CB180
:106DD0002046C0E72046BEE725242046BBE70198B1
:106DE00000F4803078B31A4800880004194908601C
:106DF00037204860402088600020C8604FF48060E1
:106E00000861084600F0C8F83720F9F7EDFF04469E
:106E10000CB120469FE700200E490860062048601C
:106E2000402088600020C8604FF4806008610846F8
:106E300000F0B2F80620F9F7D7FF04460CB120465F
:106E400089E7204687E7FFE72524204683E70000FF
:106E500050000020302900200149086070470000E0
:106E6000382C01400149086070470000382C01406F
:106E70000149086070470000A08025420146034A8E
:106E8000106820F0FF00084310607047042C014098
:106E900001490860704700008C85254200210B4B9A
:106EA00002681A601B1D42681A601A1D116821F0E1
:106EB000F701D0E902231A4303691A4343691A43CD
:106EC0001143024A0832116070470000242C01402F
:106ED00010B50121C802FFF7ADFE00214FF400609C
:106EE000FFF7A8FE10BD000001480068C0B270475F
:106EF000102C014001460020034A12680A400AB1E2
:106F0000012000E000207047342C01400248006856
:106F100000F0030070470000002C014008B5014656
:106F2000002000900248084400900098006808BDC6
:106F3000142C014010B500F049FC10BD29B1064ADF
:106F400012680243044B1A6004E0034A1268824349
:106F5000014B1A60704700003C2C014000210A4A96
:106F6000116847F6FF629143027D83681A434368C4
:106F70001A43C3681A4303681A4303691A43114347
:106F8000014A116070470000042C0140014800686C
:106F900070470000802C01400021094B02681A60F4
:106FA0001A1D11686FF30A01D0E901231A43C3685F
:106FB0001A4303691A431143014A121D11607047B5
:106FC000082C01400149086070470000002C014076
:106FD00070B590B004460E46154600BF1A48FAF741
:106FE00092F80028FAD11848F9F7D6FF4FF0006060
:106FF0000190164802900394049500200590069095
:107000004FF4806007908000089080000990002075
:107010000A904FF440300B9004200C9003200D9008
:107020004FF400000E9080100F9001A90648FAF767
:1070300075F820210448FAF75BF801210248F9F7B6
:107040009FFF10B070BD000058640240802C0140CA
:1070500070B50446002520480078032802D1272572
:10706000284670BD1C48007838B11B4800780128BC
:1070700003D01948007802282CD1B4F5805F02D1E2
:1070800027252846EDE7B4F5006F13D10120FFF75F
:1070900055FE0546F5B9002010490875086048609E
:1070A00088604FF40060C860002008610846FFF760
:1070B00055FF0FE00020FFF741FE054655B90020BF
:1070C00006490875086048608860C860086108461D
:1070D000FFF744FF2846C4E74C0000201829002091
:1070E000F0B5014600200022BE4B1B7881F85630D7
:1070F000BD4B1B88A1F85430BC4B1B681A0E93097A
:107100000B70C2F383034B7002F003038B70B74B19
:107110001B68C3F30742CA70B44B1B88C3F3072232
:107120000A71B24B1A784A715B681A0E1301CB8050
:10713000AE4B5B68C3F30742CB8843EA1213CB80A4
:1071400002F00F030B72A94B9B88C3F30722D309EC
:107150004B72C2F380138B72C2F34013CB72C2F333
:1071600000130B7300234B739E4B1B783BB19D4B5D
:107170001B78012B03D09B4B1B78032B4FD193071C
:107180001B0D0B61994B1A790B6943EA82030B6162
:10719000964B9B681A0E0B6943EA92130B61C2F37C
:1071A000C2030B7502F007034B75904B9B68C3F34A
:1071B000074253098B75C2F38203CB7593075B0FAC
:1071C0000B768A4B1B89C3F307220B7E43EAD2134B
:1071D0000B760B695B1C0024C1E912340B7ED1E9EC
:1071E00012569B1C012404FA03F3DC17A5FB037C55
:1071F00006FB03C305FB0433C1E912730C7A0123B8
:10720000A3400B650024D1E912650B6DA6FB037C3E
:1072100005FB03C306FB0433C1E912732EE0714B77
:107220001B78022B2AD1714B1A7993069B0A0B61AA
:107230006E4B9B681A0E0B6943EA02230B616B4B82
:107240009B68C3F307420B6913430B61674B1B89B0
:10725000C3F307220B695B1C4FF40074A3FB0446C5
:107260004FF480630025A4FB037C06FB03C304FBEF
:107270000533C1E912734FF400730B65C2F3801339
:1072800001F8193F93065B0E4B70584B1A7A4B78F6
:1072900043EAD2134B7002F07F038B70534BDB68D1
:1072A0001A0ED309CB70C2F341130B71C2F38203E0
:1072B0004B7193071B0F8B714C4BDB68C3F3074279
:1072C0008B7943EA92138B71C2F34013CB71002385
:1072D0000B7202F001034B72444B9B89C3F30722EC
:1072E000D3098B72C2F38013CB72C2F340130B73BA
:1072F000C2F300134B73C2F381038B7302F00303D9
:10730000CB733A4B1A7B53080B7401234B74384BE5
:107310001B681A0ECA741939354B1B68C3F3074230
:107320001402CC85324B1B88C3F30722CB8D134349
:10733000CB852F4B1A7814060C635B681A0E0B6B07
:1073400043EA02440C632A4B5B68C3F307420B6BAE
:1073500043EA02240C63264B9B88C3F307220B6B82
:1073600013430B63224B1A7934235A54204B9B68E6
:107370001A0E35235A541E4B9B68C3F3074214065A
:107380008C631B4B1B89C3F307228B6B43EA0244BC
:107390008C63174B1A7A8B6B43EA02248C63144B71
:1073A000DB681A0E8B6B13438B63114BDB68C3F3E3
:1073B00007423C235B5C43EA12143C235C541307F2
:1073C0001C0DCC870A4B9B89C3F30722CB8F134339
:1073D000CB87074B1A7B540840235C54012441237C
:1073E0005C54F0BD4C000020500000205C290020BF
:1073F0006C2900203EB5002401213E48FFF7EAFB3E
:107400000121C802FFF706FC0121C802FFF712FCA8
:107410004FF47C50019002208DF808008DF809008F
:1074200001208DF80B0001A93348FAF76DF804200C
:10743000019001A93148FAF767F80C2208212E487B
:10744000FAF7AAF80C2209212B48FAF7A5F80C2222
:107450000A212948FAF7A0F80C220B212648FAF74E
:107460009BF80C2211462448FAF796F80C220221C8
:107470002248FAF791F800214FF40060FFF7DAFB99
:1074800000F00AFDFFF724FD31208DF800000020F8
:107490008DF801008DF8020001208DF80300684688
:1074A000FEF74CFA00F0CEF8044614B900F02CF8C0
:1074B00004461CB91248FFF713FE044634B91049BC
:1074C000B1F85410080400F003FD044624B94FF449
:1074D0000060FFF7BDFD04461CB10A480078032890
:1074E00006D10020FFF7CAFC002000F00BFD044687
:1074F00020463EBD0C00400000080240000C024047
:10750000802900204C00002038B500240120009084
:10751000FFF7FCFC10B92524204638BD444800780C
:10752000042828D000204349086002204860C02079
:1075300088600020C8604FF4806008610846FFF74B
:107540002BFDF9F767FC04460CB12046E5E7002067
:10755000FFF7E4FC384908600420FFF7DFFC3649F8
:1075600048600820FFF7DAFC334988600C20FFF7F9
:10757000D5FC3149C8602E48007858B12C480078B5
:10758000012807D02A480078062803D02848007828
:10759000022816D1002027490860032048604020B7
:1075A00088600020C8604FF4806008610846FFF7DB
:1075B000F3FC69460320F9F76FFC04460CB1204642
:1075C000ABE71B48007804282ED0BDF800001B490B
:1075D0000860BDF8000000041649086009204860F2
:1075E000C02088600020C8604FF4806008610846B1
:1075F000FFF7D2FCF9F70EFC04460CB120468CE7ED
:107600000020FFF78BFC0E4908600420FFF786FC82
:107610000B4948600820FFF781FC094988600C206D
:10762000FFF77CFC0649C8600024204675E700008F
:107630004C000020302900206C2900205000002040
:107640005C2900202DE9F0410024002600250027B8
:10765000A046762059490875002008604860886077
:10766000C86008610846FFF779FC0320FFF7AAFC11
:107670000120FFF7FDFB0020514908604860886049
:10768000C8604FF4806008610846FFF785FCF9F791
:1076900095FB044614B12046BDE8F0814FF4D57047
:1076A0004749086008204860402088600020C86082
:1076B0004FF4806008610846FFF76EFCF9F73AFC6A
:1076C00004462CB901203F4908704FF0804812E071
:1076D00000203B4908603720486040208860002037
:1076E000C8604FF4806008610846FFF755FC3720FA
:1076F000F9F77AFB044600203149086037204860DA
:10770000402088600020C8604FF48060086108460F
:10771000FFF742FC3720F9F767FB0446002C4AD1FB
:1077200036E0002026490860372048604020886005
:107730000020C8604FF4806008610846FFF72CFC09
:107740003720F9F751FB04460CB12046A4E71E4848
:1077500048EA00001A4908602920486040208860F3
:107760000020C8604FF4806008610846FFF714FCF1
:10777000F9F776FB04460CB120468DE70020FFF7B1
:10778000CDFB0646012080EAD67080F001076D1C13
:107790001FB94FF6FF708542C3D34FF6FF70854285
:1077A00002D31B24204677E706F08040061E02D055
:1077B00002200449087020466EE7000018290020C6
:1077C000302900204C0000200000108010B5114826
:1077D000007801280CD100200F49086040F24C408D
:1077E000091D08600C20F9F7FFFA0C49087002E047
:1077F00000200A4908704FF48070FFF733FB002126
:107800004FF48070FFF79AFB012005490870034888
:10781000007810BD55000020082C014056000020C3
:10782000570000202DE9F84F8146174698460A9CDC
:107830004FF0000AD3464D464FF0FF36B9F1000F26
:1078400002D12620BDE8F88F0020954908609548B0
:107850000078022805D10402780A40EAC8574FEAA6
:1078600068280020904988604860401E0860012018
:1078700048610020C86008610846FFF70FFB884890
:107880001838006800F0007008B10E20DAE7002C0C
:1078900021DDB4F5006F1EDC601E2040D8B9204603
:1078A0000BF088FA00908148046010207F494860FE
:1078B000402088600020C8604FF48060086108465E
:1078C000FFF76AFB1020F9F78FFA8246BAF1000F32
:1078D00003D05046B6E72620B4E70098000172496D
:1078E0008860084644604FF0FF300860012048611E
:1078F0000220C860002008610846FFF7CFFA6B48F5
:107900000760112069494860402088600020C860F5
:107910004FF4806008610846FFF73EFB1120F9F73D
:1079200063FA8246BAF1000F01D050468AE76048F8
:10793000007800287AD1F8F7A0FC19E05848083000
:10794000006800F4004078B14FF0000B06E05448A6
:107950005430006845F82B000BF1010BBBF1080F08
:10796000F5D32035534E03E00EB904206AE7761EA6
:107970004B480830006840F22A6108400028DDD0FA
:1079800047480830006800F0080048B144480C300F
:10799000006840F0080042490C310860042051E7BB
:1079A0003F480830006800F0020048B13C480C3005
:1079B000006840F002003A490C310860022041E7BB
:1079C00037480830006800F0200048B134480C30D7
:1079D000006840F0200032490C310860062031E791
:1079E0002F480830006800F4007048B12C480C3073
:1079F000006840F400702A490C310860072021E734
:107A000004E027485430006828602D1D24480830C1
:107A1000006800F400100028F3D1F8F730FC40F2C1
:107A2000FF501F490C31086037E0FFE7204800781D
:107A3000012832D1002020490870204908702049CF
:107A4000087017481030006840F22A310843144982
:107A5000103108601248006840F0080010490860C2
:107A6000002221464846FFF7B3FA00E0761E15488B
:107A7000006800F0006038B91148007820B90E485D
:107A8000007808B9002EF1D10EB90420DAE60A48D0
:107A9000007810B1084890F800A05046D2E60000E7
:107AA0002C2C01404C0000204429002030290020CB
:107AB00054000020FFFF0700560000205500002062
:107AC00057000020006402402DE9FE4F83460E4619
:107AD000914600200290002534462148007818B1D4
:107AE000680240EAD45564020BF00300F0B14FF095
:107AF000000A18E04FF4007000904FEA4A2007197E
:107B000045EBE0733A461748FFF78CFE02904FF4BE
:107B1000007214495846F8F7D5FC0BF5007B0AF1C2
:107B2000010000F0FF0ACA45E4DB16E0B9F1010FDD
:107B300009D14FF4007022462B4600905846FFF7BB
:107B400071FE029009E04FF4007022462B46CDE909
:107B50000009584600F008F802900298BDE8FE8F30
:107B60004C000020D82900202DE9FF5F17469846D9
:107B7000DDE90E464FF00009CA464FF0FF35BB491C
:107B8000009808600020BA490860BA4800780228C6
:107B900005D10402780A40EAC8574FEA6828002055
:107BA000B54988604860401E086001204861002097
:107BB000C86008610846FFF771F9AD4818380068D9
:107BC00000F0007018B10E2004B0BDE8F09F002C4A
:107BD00021DDB4F5006F1EDC601E2040D8B92046C0
:107BE0000BF0E8F88346A54804601020A3494860DC
:107BF000402088600020C8604FF48060086108461B
:107C0000FFF7CAF91020F9F7EFF88146B9F1000F34
:107C100003D04846D8E72620D6E7012E70D906FBC8
:107C200004F0B0F1007F01D32620CDE74FEA0B101E
:107C30009149886006FB04F048604FF0FF3008600F
:107C4000012048610220C860002008610846FFF753
:107C500025F98A48076012208849486040208860DA
:107C60000020C8604FF4806008610846FFF794F96F
:107C70001220F9F7B9F88146B9F1000F01D0484652
:107C8000A2E77F48007800287ED1F8F7F6FA1FE0D7
:107C900077480830006800F40040A8B14FF0000AAF
:107CA00008E07348543000687049096841F82A00B8
:107CB0000AF1010ABAF1080FF3D36C4800682030CA
:107CC0006A4908606F4D03E00DB904207CE76D1E22
:107CD00067480830006840F22A3108400028D7D0B1
:107CE00063480830006800F0080050B160480C306C
:107CF000006840F008005E490C310860042063E72A
:107D0000B1E05B480830006800F0020048B1584814
:107D10000C30006840F0020055490C310860022028
:107D200052E753480830006800F0200048B150483E
:107D30000C30006840F020004D490C3108600620EE
:107D400042E74B480830006800F4007048B14848EA
:107D50000C30006840F4007045490C310860072081
:107D600032E70AE042485430006840490968086038
:107D70003E480068001D3D4908603D4808300068E5
:107D800000F40010002800E031E0EBD13848083062
:107D9000006800F4807010B33648007838B1354878
:107DA0000078012803D033480078022817D100203A
:107DB000324908600C204860402088600020C8607C
:107DC0004FF4806008610846FFF7E6F80C20F9F7E9
:107DD0000BF88146B9F1000F01D04846F4E6F8F7F8
:107DE0004EFA40F2FF5022490C3108603BE0244833
:107DF0000078012837D10020234908700120234949
:107E0000087000202249087019481030006840F2BC
:107E10002A3108431649103108601548006840F0BF
:107E200008001349086006FB04F100220098FFF7E0
:107E3000CFF800E06D1E1748006800F0006008B938
:107E4000002DF7D10DB90420BEE600BF1048007820
:107E500018B90D4800780028F8D00B48007810B108
:107E6000094890F800904846AEE60000580000200F
:107E70002C2C01404C0000204429002030290020F7
:107E800054000020FFFF070056000020550000208E
:107E9000570000200064024000200B490860091DC3
:107EA0000860091D0860091D086007492431086041
:107EB000091D0860091D086004480349383108603D
:107EC0000020091D08607047002C0140FF07C0001A
:107ED00070B5044600250A48046007200849486038
:107EE000402088600020C8604FF480600861084628
:107EF000FFF752F80720F8F777FF0546284670BDD0
:107F00003029002001460020012900D011B9024B80
:107F1000197000E026207047540000202DE9FF5F13
:107F200086B017469846149D0026002005900490C0
:107F3000002481460390824602900195DDF818B036
:107F4000DDF818B0BBF1000F03D126200AB0BDE860
:107F5000F09F0020C5490860C54988604860401E00
:107F60000860012048610020C86008610846FEF7EB
:107F700095FFBE481838006800F0007008B10E2068
:107F8000E4E7BC480078022805D10502780A40EAF7
:107F9000C8574FEA6828002D1FDDB5F5006F1CDCBF
:107FA000681E2840C8B928460AF004FF0590B24868
:107FB00005601020B0494860402088600020C860FB
:107FC0004FF4806008610846FEF7E6FF1020F8F7DE
:107FD0000BFF06461EB13046B8E72620B6E7A74895
:107FE00000880004A44908600D2048604020886093
:107FF0000020C8604FF4806008610846FEF7CCFF9F
:108000000D20F8F7F1FE06460EB130469EE7974880
:108010001838006803904FF0FF341CE0641E974846
:1080200000880004944908600D2048604020886062
:108030000020C8604FF4806008610846FEF7ACFF7E
:108040000D20F8F7D1FE06460EB130467EE7874890
:10805000183800680390039800F4807008B9002C69
:10806000DCD10CB9292071E78348076018208249C8
:108070004860402088600020C8604FF4806008613C
:108080000846FEF789FF1820F8F7AEFE06460EB147
:1080900030465BE700207A49087005980001744972
:1080A0008860084645604FF0FF3008600120486155
:1080B0000020C86008610846FEF7F0FE4FF0FF346C
:1080C0007048007800287ED1F8F7D7F845E0674877
:1080D0000830006800F48040D0B30198A0EB09009C
:1080E000202822D20198A0EB090000F0030020B95B
:1080F0000198A0EB0900800804E00198A0EB0900BA
:108100008008401C02904FF0000A0AE057495431A1
:10811000DBF8000008600AF1010A0BF1040B09F119
:10812000040902988245F1D310E04FF0000A06E0FE
:108130005BF82A004D49543108600AF1010ABAF18E
:10814000080FF5D30BF1200B09F120094E4C04E088
:10815000FFE70CB90420F9E6641E444808300068C3
:1081600040F21A6108400028B1D00820FEF7C2FE94
:1081700020B10820FEF770FE0420E7E60220FEF79B
:10818000B9FE20B10220FEF767FE0220DEE61020D5
:10819000FEF7B0FE20B11020FEF75EFE0520D5E60A
:1081A0004FF40070FEF7A6FE30B14FF40070FEF7FA
:1081B00053FE0720CAE606E0F8F761F840F2FF50E8
:1081C000FEF74AFE3AE02F480078012836D1002019
:1081D0002E4908702A4908702D490870012140F283
:1081E0001A30FEF7ABFE402229460698FEF7F0FE55
:1081F0000120FEF74DFE00E0641E2648006800F0F6
:10820000006008B9002CF7D11CB9FFF7F3F804207F
:108210009CE64FF0FF3400E0641E1D48007820B952
:108220001A48007808B9002CF6D10CB904208DE664
:108230001648007810B11548007887E640F2FF50E4
:10824000FEF70AFE04A8FBF743FE064603E004A877
:10825000FBF73EFE06463EB99DF810000728F6D013
:108260009DF810000628F2D030466FE62C2C014015
:10827000442900204C00002030290020500000201C
:108280005500002054000020FFFF0700560000208A
:1082900057000020006402402DE9FE4F0646894643
:1082A00092460020029000254C462148007818B1E3
:1082B000680240EAD455640206F00300F0B14FF0C2
:1082C000000B18E04FF4007231461A48F8F7FAF83C
:1082D0004FF4007000904FEA4B20071945EBE07314
:1082E0003A461448FFF71AFE029006F500760BF1A5
:1082F000010000F0FF0BD345E4DB16E0BAF1010FFB
:1083000009D14FF4007022462B4600903046FFF70B
:1083100005FE029009E04FF4007022462B46CDE99D
:10832000000A304600F008F802900298BDE8FE8F7F
:108330004C000020D82900202DE9FF5F84B0DDE942
:1083400012470026002003900290002580468146B7
:10835000019007FB04FBDDF810A0DDF810A0BAF1D6
:10836000000F03D1262008B0BDE8F09F0020D849B7
:108370000860D84988604860401E08600120486154
:108380000020C86008610846FEF788FDD04818380C
:10839000006800F0007008B10E20E4E7CE480078D5
:1083A000022808D10402DDE90601400A40EAC15072
:1083B0004912CDE90601002C1FDDB4F5006F1CDC6D
:1083C000601E2040C8B920460AF0F4FC0390C34860
:1083D00004601020C1494860402088600020C860C7
:1083E0004FF4806008610846FEF7D6FD1020F8F7CC
:1083F000FBFC06461EB13046B5E72620B3E7012F49
:108400006FD907FB04F0B0F1007F01D32620AAE763
:10841000B148007838B1B0480078012803D0AE48A0
:10842000007802282DD1AE4800880004AB490860CE
:1084300037204860402088600020C8604FF480608A
:1084400008610846FEF7A8FD3720F8F7CDFC064680
:108450000EB1304687E7A148076017209F49486062
:10846000402088600020C8604FF4806008610846A2
:10847000FEF792FD1720F8F7B7FC06460EB130461E
:1084800071E7964906980860192048604020886086
:108490000020C8604FF4806008610846FEF77CFD4C
:1084A0001920F8F7A1FC06460EB130465BE70398A9
:1084B00000018849886007FB04F048604FF0FF30F6
:1084C0000860012048610020C86008610846FEF786
:1084D000E5FC84480078002874D1451EF7F7CDFEEE
:1084E00042E0DDE07A480830006800F48040B0B334
:1084F000ABEB080020281FD2ABEB080000F0030014
:1085000018B9ABEB0800800803E0ABEB080080086B
:10851000401C01904FF000090AE06D495431DAF82F
:108520000000086009F101090AF1040A08F10408D1
:1085300001988145F1D310E04FF0000906E05AF8A8
:10854000290063495431086009F10109B9F1080FA4
:10855000F5D30AF1200A08F12008634D04E0FFE793
:108560000DB90420FFE66D1E59480830006840F23E
:108570001A3108400028B5D00820FEF7BBFC20B116
:108580000820FEF769FC0420EDE60220FEF7B2FCAD
:1085900020B10220FEF760FC0220E4E61020FEF786
:1085A000A9FC20B11020FEF757FC0520DBE64FF4B4
:1085B0000070FEF79FFC30B14FF40070FEF74CFCEA
:1085C0000720D0E62CE04FF48070FEF793FC00B358
:1085D0004148007838B140480078012803D03E482F
:1085E0000078022815D100203C4908600C20486022
:1085F000402088600020C8604FF480600861084611
:10860000FEF7CAFC0C20F8F7EFFB06460EB1304629
:10861000A9E6F7F734FE40F2FF50FEF71DFC3FE0FD
:108620003048007801283BD10020304908700120F3
:108630002F49087000202F490870012140F21A309C
:10864000FEF77CFC07FB04F140220498FEF7C0FC17
:108650000120FEF71DFC4FF0FF3500E06D1E26489F
:10866000006800F0006008B9002DF7D11DB9FEF7D1
:10867000C1FE042077E64FF0FF3500E06D1E1D4877
:10868000007820B91948007808B9002DF6D10DB945
:10869000042068E61548007810B11448007862E6B6
:1086A00040F2FF50FEF7D8FB02A8FBF711FC06468C
:1086B00003E002A8FBF70CFC06463EB99DF8080053
:1086C0000728F6D09DF808000628F2D030464AE682
:1086D0002C2C0140442900204C000020302900208F
:1086E0005000002054000020FFFF0700560000202B
:1086F00055000020570000200064024000B587B0FC
:1087000001210846FEF766FA01210803FEF782FA06
:108710003820059002208DF8180000208DF81A00EE
:1087200003208DF8190001208DF81B0005A92248AF
:10873000F8F7EAFE052203211F48F8F72DFF05226E
:1087400004211D48F8F728FF052211461A48F8F7BA
:1087500023FF01210803FEF76DFA00214FF480503A
:10876000FEF768FA0020ADF800004FF48270ADF813
:1087700002000020ADF804000220ADF80600012040
:10878000ADF808004002ADF80A003820ADF80C0042
:108790000020ADF80E000720ADF81000694607482C
:1087A00000F058F80121054800F03AF8FF2000F0E9
:1087B00007F807B000BD000000040240003001408F
:1087C00010B5044600BF02210A4800F035F8002821
:1087D000F9D02146074800F03BF800BF01210548C9
:1087E00000F02AF80028F9D0024800F02EF8C0B2B4
:1087F00010BD00000030014010B504460748008855
:108800004FF6C77108400549088008460088204394
:1088100008800121014800F003F810BD003001403C
:1088200021B1028842F04002028004E002884FF643
:10883000BF731A40028070470246002013890B4024
:108840000BB1012000E00020704701468889704785
:108850008181704710B50022028802F441520B88D2
:108860004C8823438C882343CC8823430C8923439F
:108870004C8923438C892343CC8923431A430280A8
:10888000838B4FF2FF74234083830B8A038210BDD6
:10889000704700000CB5002001900090344800683B
:1088A00040F480303249086000BF3148006800F46D
:1088B000003000900198401C0190009818B9019870
:1088C000B0F5A04FF1D12A48006800F4003010B193
:1088D0000120009001E0002000900098012846D17E
:1088E00023484030006840F0805021494031086002
:1088F0002048006840F440401E4908601C48083089
:1089000000681B49083108600846006840F40040D0
:1089100008600846006840F4A05008601648091F27
:108920000860081F006840F08070091F086000BFE1
:108930000F48006800F000700028F9D040F2057080
:108940000E4908600A480830006820F00300084912
:10895000083108600846006840F00200086000BF67
:1089600003480830006800F00C000828F8D10CBD5E
:10897000003802400070004008544007003C0240AC
:10898000042808D14FF0E021096941F004014FF0BB
:10899000E022116107E04FF0E021096921F00401B4
:1089A0004FF0E0221161704710B5FDF725F8FDF793
:1089B000C1FCFDF733F810BD10B51548006840F450
:1089C0007000134908601348006840F00100114925
:1089D000086000200F49083108600E4800680E4901
:1089E00008400C4908600D48091D0860081F006810
:1089F00020F48020091F0860002006490C3108601F
:108A0000FFF748FF4FF0006001498039086010BD52
:108A100088ED00E000380240FFFFF6FE1030002431
:108A200000B5A1B00020209001217A20FEF7D2F8F5
:108A300001210846FEF7DEF802201E9001208DF885
:108A40007C0000208DF87E0002208DF87D00012042
:108A50008DF87F001EA9FE48F8F756FD4EF2B37060
:108A60001E9002208DF87C0000208DF87E000320EF
:108A70008DF87D0001208DF87F001EA9F548F8F7DC
:108A800043FD4FF680701E9002208DF87C00002080
:108A90008DF87E0003208DF87D0001208DF87F0089
:108AA0001EA9ED48F8F730FD0C220021E948F8F73F
:108AB00073FD0C220121E748F8F76EFD0C2204211A
:108AC000E448F8F769FD0C220521E248F8F764FD57
:108AD0000C220721DF48F8F75FFD0C220821DD4852
:108AE000F8F75AFD0C220921DA48F8F755FD0C2257
:108AF0000A21D848F8F750FD0C220D21D548F8F787
:108B00004BFD0C220E21D348F8F746FD0C220F2115
:108B1000D048F8F741FD0C220721CF48F8F73CFD7B
:108B20000C220821CC48F8F737FD0C220921CA484D
:108B3000F8F732FD0C220A21C748F8F72DFD0C2268
:108B40000B21C548F8F728FD0C221146C248F8F75A
:108B500023FD0C220D21C048F8F71EFD0C220E212A
:108B6000BD48F8F719FD0C220F21BB48F8F714FD9A
:108B70000F2008900020099018200A9000200B90E8
:108B80000C900D900E90082001900020029008207B
:108B90000390002004900590069007900F9010908D
:108BA00011901020129000201390149015901690A0
:108BB00017904FF480501890002019904FF4804087
:108BC0001A9000201B9008A81C9001A81D900FA8C7
:108BD000F8F738FB01210020F8F71AFB32200AF0E1
:108BE0001DF901210020FCF779FC32200AF016F96A
:108BF0000020FCF777F89949888008468088FF288C
:108C00000ADB084680884FF6FF71884204D09348FB
:108C10008088B0F5134F7CD1D320FCF749FCFBF7DB
:108C2000E1FE8E498880FBF7DDFE8C498880FBF7EA
:108C3000D9FE8A498880084680884FF6FF7101EA8C
:108C4000002086498880FBF7CDFE84498988084347
:108C5000824988800846808849F24131884278D02C
:108C6000BF20FCF725FCFBF7BDFE7C498880FBF7A5
:108C7000B9FE7A498880FBF7B5FE78498880FBF712
:108C8000B1FE76498880084680884FF6FF7101EA78
:108C9000002072498880FBF7A5FE70498988084347
:108CA0006E4988800846808846F60401884250D084
:108CB000D420FCF7FDFBFBF795FE68498880FBF7A5
:108CC00091FE66498880FBF78DFE644988800846DE
:108CD00080884FF6FF7101EA002060498880FBF729
:108CE00081FE5E49898808435C49888008468088FF
:108CF00045F2103188422CD04FF45A40FCF7D8FB93
:108D0000FBF770FE554988804FF45B40FCF7D0FBC1
:108D100000E01EE0FBF766FE504988800846808828
:108D20004FF6FF7101EA00204C4988804FF45C4007
:108D3000FCF7BEFBFBF756FE4849898808434749C4
:108D4000888008468088B0F5004F02D145F2105067
:108D500088804248808849F2413188420BD03F48A0
:108D6000808845F21031884205D03C48808845F221
:108D70001051884208D10320019002200390012164
:108D80000620F8F745FA13E03448808846F60401D7
:108D9000884205D0314880884CF20551884207D17D
:108DA0000A2001900C20039001210620F8F730FAE8
:108DB0002A4881882AA0F7F7EDFA2848808849F2E6
:108DC000413188427DD1CF20FCF772FB0020FCF7B7
:108DD00063FB2098401C2090C120FCF75DFB3020F5
:108DE000FCF75AFBED20FCF763FB6420FCF754FB17
:108DF0000320FCF751FB1220FCF74EFB8120FCF70F
:108E00004BFBE820FCF754FB8520FCF745FB1020CA
:108E1000FCF742FB7A20FCF73FFBCB20FCF748FB3A
:108E20003920FCF739FB2C20FCF736FB0020FCF73F
:108E300033FB3420FCF730FB0220FCF72DFBF7203E
:108E4000FCF736FB2020FCF727FBEA200EE00000B1
:108E500000040240000C02400010024004290020DF
:108E60004C43442049443A25780D0A00FCF720FB86
:108E70000020FCF711FB0020FCF70EFBC020FCF7E4
:108E800017FB1B20FCF708FBC120FCF711FB01209E
:108E9000FCF702FBC520FCF70BFB3020FCF7FCFACB
:108EA0003020FCF7F9FAC720FCF702FBB720FCF7EB
:108EB000F3FA3620FCF7FCFA4820FCF7EDFA3A20EA
:108EC00000E0ABE0FCF7F4FA5520FCF7E5FAB1203E
:108ED000FCF7EEFA0020FCF7DFFA1A20FCF7DCFAC8
:108EE000B620FCF7E5FA0A20FCF7D6FAA220FCF738
:108EF000D3FAF220FCF7DCFA0020FCF7CDFA2620AA
:108F0000FCF7D6FA0120FCF7C7FAE020FCF7D0FA0C
:108F10000F20FCF7C1FA2A20FCF7BEFA2820FCF744
:108F2000BBFA0820FCF7B8FA0E20FCF7B5FA0820C7
:108F3000FCF7B2FA5420FCF7AFFAA920FCF7ACFA20
:108F40004320FCF7A9FA0A20FCF7A6FA0F20FCF749
:108F5000A3FA0020FCF7A0FA0020FCF79DFA0020FD
:108F6000FCF79AFA0020FCF797FAE120FCF7A0FA48
:108F70000020FCF791FA1520FCF78EFA1720FCF779
:108F80008BFA0720FCF788FA1120FCF785FA0620F7
:108F9000FCF782FA2B20FCF77FFA5620FCF77CFACC
:108FA0003C20FCF779FA0520FCF776FA1020FCF754
:108FB00073FA0F20FCF770FA3F20FCF76DFA3F20A0
:108FC000FCF76AFA0F20FCF767FA2B20FCF770FA1F
:108FD0000020FCF761FA0020FCF75EFA0120FCF7A4
:108FE0005BFA3F20FCF758FA2A20FCF761FA0020D0
:108FF000FCF752FA0020FCF74FFA0020FCF74CFA7D
:10900000EF20FCF749FA1120FCF752FA782009F01A
:1090100005FF2920FCF74CFA03F05CB8FE48808875
:1090200046F6040188427CD11120FCF741FA142055
:1090300009F0F4FED020FCF73BFA0720FCF72CFAED
:109040004220FCF729FA1D20FCF726FAD120FCF774
:109050002FFA0020FCF720FA1A20FCF71DFA09204D
:10906000FCF71AFAD220FCF723FA0120FCF714FAD5
:109070002220FCF711FAC020FCF71AFA1020FCF7A6
:109080000BFA3B20FCF708FA0020FCF705FA022057
:10909000FCF702FA1120FCF7FFF9C520FCF708FAEB
:1090A0000320FCF7F9F9C820FCF702FA0020FCF7CE
:1090B000F3F92520FCF7F0F92120FCF7EDF9052064
:1090C000FCF7EAF90020FCF7E7F90A20FCF7E4F9DD
:1090D0006520FCF7E1F92520FCF7DEF97720FCF7A5
:1090E000DBF95020FCF7D8F90F20FCF7D5F9002068
:1090F000FCF7D2F9F820FCF7DBF90120FCF7CCF9FA
:10910000FE20FCF7D5F90020FCF7C6F90220FCF799
:10911000C3F92020FCF7CCF93620FCF7C9F9082068
:1091200000E02CE0FCF7B8F93A20FCF7C1F9552033
:10913000FCF7B2F92B20FCF7BBF90020FCF7ACF9E7
:109140000020FCF7A9F90120FCF7A6F93F20FCF765
:10915000A3F92A20FCF7ACF90020FCF79DF90020C8
:10916000FCF79AF90120FCF797F9DF20FCF794F956
:10917000782009F053FE2920FCF79AF94CE7A6481D
:10918000808845F21031884240F07C87ED20FCF762
:109190008FF90120FCF780F9FE20FCF77DF9EE2025
:1091A000FCF786F9DE20FCF777F92120FCF774F94B
:1091B000F120FCF77DF90120FCF76EF9DF20FCF7C8
:1091C00077F91020FCF768F9C420FCF771F98F20BB
:1091D000FCF762F9C620FCF76BF90020FCF75CF99C
:1091E000E220FCF759F9E220FCF756F9E220FCF7FF
:1091F00053F9BF20FCF75CF9AA20FCF74DF9B02029
:10920000FCF756F90D20FCF747F90020FCF744F96C
:109210000D20FCF741F90020FCF73EF91120FCF786
:109220003BF90020FCF738F91920FCF735F900204C
:10923000FCF732F92120FCF72FF90020FCF72CF97C
:109240002D20FCF729F90020FCF726F93D20FCF73A
:1092500023F90020FCF720F95D20FCF71DF9002020
:10926000FCF71AF95D20FCF717F90020FCF714F958
:10927000B120FCF71DF98020FCF70EF90020FCF767
:109280000BF98B20FCF708F90020FCF705F9962074
:10929000FCF702F90020FCF7FFF8B220FCF708F910
:1092A0000020FCF7F9F80020FCF7F6F80220FCF7A4
:1092B000F3F80020FCF7F0F80320FCF7EDF80020AD
:1092C000FCF7EAF8B320FCF7F3F80020FCF7E4F829
:1092D0000020FCF7E1F80020FCF7DEF80020FCF7A6
:1092E000DBF80020FCF7D8F80020FCF7D5F80020C8
:1092F000FCF7D2F80020FCF7CFF80020FCF7CCF800
:109300000020FCF7C9F80020FCF7C6F80020FCF7A5
:10931000C3F80020FCF7C0F80020FCF7BDF80020DF
:10932000FCF7BAF80020FCF7B7F80020FCF7B4F817
:109330000020FCF7B1F80020FCF7AEF80020FCF7A5
:10934000ABF80020FCF7A8F80020FCF7A5F80020F7
:10935000FCF7A2F80020FCF79FF8B420FCF7A8F86F
:109360008B20FCF799F80020FCF796F89620FCF784
:1093700093F80020FCF790F8A120FCF78DF800206E
:10938000FCF78AF8B520FCF793F80220FCF784F884
:109390000020FCF781F80320FCF77EF80020FCF7A2
:1093A0007BF80420FCF778F80020FCF775F8B6206D
:1093B000FCF77EF80020FCF76FF80020FCF76CF853
:1093C000B720FCF775F80020FCF766F80020FCF7E2
:1093D00063F83F20FCF760F80020FCF75DF85E20A2
:1093E000FCF75AF80020FCF757F86420FCF754F813
:1093F0000020FCF751F88C20FCF74EF80020FCF719
:109400004BF8AC20FCF748F80020FCF745F8DC20CE
:10941000FCF742F8002001E004290020FCF73CF8AA
:109420007020FCF739F80020FCF736F89020FCF7A4
:1094300033F80020FCF730F8EB20FCF72DF8002083
:10944000FCF72AF8DC20FCF727F80020FCF724F8CA
:10945000B820FCF72DF80020FCF71EF80020FCF7E0
:109460001BF80020FCF718F80020FCF715F8002086
:10947000FCF712F80020FCF70FF80020FCF70CF8BE
:109480000020FCF709F8BA20FCF712F82420FCF7BA
:1094900003F80020FCF700F80020FBF7FDFF002098
:1094A000FBF7FAFFC120FCF703F82020FBF7F4FFDD
:1094B0000020FBF7F1FF5420FBF7EEFF0020FBF745
:1094C000EBFFFF20FBF7E8FF0020FBF7E5FFC220E2
:1094D000FBF7EEFF0A20FBF7DFFF0020FBF7DCFFC6
:1094E0000420FBF7D9FF0020FBF7D6FFC320FBF7D2
:1094F000DFFF3C20FBF7D0FF0020FBF7CDFF3A2039
:10950000FBF7CAFF0020FBF7C7FF3920FBF7C4FFBA
:109510000020FBF7C1FF3720FBF7BEFF0020FBF761
:10952000BBFF3C20FBF7B8FF0020FBF7B5FF362060
:10953000FBF7B2FF0020FBF7AFFF3220FBF7ACFFD9
:109540000020FBF7A9FF2F20FBF7A6FF0020FBF769
:10955000A3FF2C20FBF7A0FF0020FBF79DFF292095
:10956000FBF79AFF0020FBF797FF2620FBF794FFFD
:109570000020FBF791FF2420FBF78EFF0020FBF774
:109580008BFF2420FBF788FF0020FBF785FF2320BB
:10959000FBF782FF0020FBF77FFF3C20FBF77CFFFF
:1095A0000020FBF779FF3620FBF776FF0020FBF762
:1095B00073FF3220FBF770FF0020FBF76DFF2F20B9
:1095C000FBF76AFF0020FBF767FF2C20FBF764FF27
:1095D0000020FBF761FF2920FBF75EFF0020FBF76F
:1095E0005BFF2620FBF758FF0020FBF755FF2420E8
:1095F000FBF752FF0020FBF74FFF2420FBF74CFF47
:109600000020FBF749FF2320FBF746FF0020FBF774
:1096100043FFC420FBF74CFF6220FBF73DFF002017
:10962000FBF73AFF0520FBF737FF0020FBF734FF7D
:109630008420FBF731FF0020FBF72EFFF020FBF723
:109640002BFF0020FBF728FF1820FBF725FF002049
:10965000FBF722FFA420FBF71FFF0020FBF71CFFF6
:109660001820FBF719FF0020FBF716FF5020FBF72F
:1096700013FF0020FBF710FF0C20FBF70DFF00206D
:10968000FBF70AFF1720FBF707FF0020FBF704FF9B
:109690009520FBF701FF0020FBF7FEFEF320FBF710
:1096A000FBFE0020FBF7F8FEE620FBF7F5FE0020AE
:1096B000FBF7F2FEC520FBF7FBFE3220FBF7ECFECA
:1096C0000020FBF7E9FE4420FBF7E6FE0020FBF755
:1096D000E3FE6520FBF7E0FE0020FBF7DDFE7620D1
:1096E000FBF7DAFE0020FBF7D7FE8820FBF7D4FE5D
:1096F0000020FBF7D1FEC620FBF7DAFE2020FBF7A7
:10970000CBFE0020FBF7C8FE1720FBF7C5FE0020AC
:10971000FBF7C2FE0120FBF7BFFE0020FBF7BCFEFB
:10972000C720FBF7C5FE0020FBF7B6FE0020FBF7C5
:10973000B3FE0020FBF7B0FE0020FBF7ADFEC82013
:10974000FBF7B6FE0020FBF7A7FE0020FBF7A4FE08
:109750000020FBF7A1FE0020FBF79EFEC920FBF7CF
:10976000A7FE0020FBF798FE0020FBF795FE0020E7
:10977000FBF792FE0020FBF78FFE0020FBF78CFE2C
:109780000020FBF789FE0020FBF786FE0020FBF798
:1097900083FE0020FBF780FE0020FBF77DFE00200B
:1097A000FBF77AFE0020FBF777FE0020FBF774FE44
:1097B0000020FBF771FE0020FBF76EFE0020FBF798
:1097C0006BFEE020FBF774FE1620FBF765FE002021
:1097D000FBF762FE1C20FBF75FFE0020FBF75CFE40
:1097E0002120FBF759FE0020FBF756FE3620FBF741
:1097F00053FE0020FBF750FE4620FBF74DFE0020F5
:10980000FBF74AFE5220FBF747FE0020FBF744FE21
:109810006420FBF741FE0020FBF73EFE7A20FBF7B9
:109820003BFE0020FBF738FE8B20FBF735FE0020C7
:10983000FBF732FE9920FBF72FFE0020FBF72CFEF2
:10984000A820FBF729FE0020FBF726FEB920FBF736
:1098500023FE0020FBF720FEC420FBF71DFE0020A6
:10986000FBF71AFECA20FBF717FE0020FBF714FED9
:10987000D220FBF711FE0020FBF70EFED920FBF7EC
:109880000BFE0020FBF708FEE020FBF705FE0020A2
:10989000FBF702FEF320FBF7FFFD0020FBF7FCFDCA
:1098A000E120FBF705FE1620FBF7F6FD0020FBF795
:1098B000F3FD1C20FBF7F0FD0020FBF7EDFD22205F
:1098C000FBF7EAFD0020FBF7E7FD3620FBF7E4FDA0
:1098D0000020FBF7E1FD4520FBF7DEFD0020FBF754
:1098E000DBFD5220FBF7D8FD0020FBF7D5FD6420FF
:1098F000FBF7D2FD0020FBF7CFFD7A20FBF7CCFD74
:109900000020FBF7C9FD8B20FBF7C6FD0020FBF70D
:10991000C3FD9920FBF7C0FD0020FBF7BDFDA8208B
:10992000FBF7BAFD0020FBF7B7FDB920FBF7B4FD4C
:109930000020FBF7B1FDC420FBF7AEFD0020FBF7D4
:10994000ABFDCA20FBF7A8FD0020FBF7A5FDD22048
:10995000FBF7A2FD0020FBF79FFDD820FBF79CFD45
:109960000020FBF799FDE020FBF796FD0020FBF7B8
:1099700093FDF320FBF790FD0020FBF78DFDE22027
:10998000FBF796FD0520FBF787FD0020FBF784FD24
:109990000B20FBF781FD0020FBF77EFD1B20FBF772
:1099A0007BFD0020FBF778FD3420FBF775FD0020E0
:1099B000FBF772FD4420FBF76FFD0020FBF76CFD09
:1099C0004F20FBF769FD0020FBF766FD6120FBF7E8
:1099D00063FD0020FBF760FD7920FBF75DFD0020B3
:1099E000FBF75AFD8820FBF757FD0020FBF754FDDD
:1099F0009720FBF751FD0020FBF74EFDA620FBF75B
:109A00004BFD0020FBF748FDB720FBF745FD00208C
:109A1000FBF742FDC220FBF73FFD0020FBF73CFDBA
:109A2000C720FBF739FD0020FBF736FDD120FBF7FF
:109A300033FD0020FBF730FDD620FBF72DFD002085
:109A4000FBF72AFDDD20FBF727FD0020FBF724FDB7
:109A5000F320FBF721FD0020FBF71EFDE320FBF7C1
:109A600027FD0520FBF718FD0020FBF715FD0A2058
:109A7000FBF712FD0020FBF70FFD1C20FBF70CFD90
:109A80000020FBF709FD3320FBF706FD0020FBF764
:109A900003FD4420FBF700FD0020FBF7FDFC5020F8
:109AA000FBF7FAFC0020FBF7F7FC6220FBF7F4FC65
:109AB0000020FBF7F1FC7820FBF7EEFC0020FBF721
:109AC000EBFC8820FBF7E8FC0020FBF7E5FC972087
:109AD000FBF7E2FC0020FBF7DFFCA620FBF7DCFC39
:109AE0000020FBF7D9FCB720FBF7D6FC0020FBF7E2
:109AF000D3FCC220FBF7D0FC0020FBF7CDFCC72035
:109B0000FBF7CAFC0020FBF7C7FCD120FBF7C4FC25
:109B10000020FBF7C1FCD520FBF7BEFC0020FBF7C3
:109B2000BBFCDD20FBF7B8FC0020FBF7B5FCF32005
:109B3000FBF7B2FC0020FBF7AFFCE420FBF7B8FC1E
:109B40000120FBF7A9FC0020FBF7A6FC0120FBF796
:109B5000A3FC0020FBF7A0FC0220FBF79DFC0020EB
:109B6000FBF79AFC2A20FBF797FC0020FBF794FCFC
:109B70003C20FBF791FC0020FBF78EFC4B20FBF711
:109B80008BFC0020FBF788FC5D20FBF785FC0020A8
:109B9000FBF782FC7420FBF77FFC0020FBF77CFCCA
:109BA0008420FBF779FC0020FBF776FC9320FBF781
:109BB00073FC0020FBF770FCA220FBF76DFC00207B
:109BC000FBF76AFCB320FBF767FC0020FBF764FCA3
:109BD000BE20FBF761FC0020FBF75EFCC420FBF716
:109BE0005BFC0020FBF758FCCD20FBF755FC002068
:109BF000FBF752FCD320FBF74FFC0020FBF74CFC9B
:109C0000DD20FBF749FC0020FBF746FCF320FBF7C7
:109C100043FC0020FBF740FCE520FBF749FC00205B
:109C2000FBF73AFC0020FBF737FC0020FBF734FC85
:109C30000020FBF731FC0220FBF72EFC0020FBF795
:109C40002BFC2920FBF728FC0020FBF725FC3C20FF
:109C5000FBF722FC0020FBF71FFC4B20FBF71CFC52
:109C60000020FBF719FC5D20FBF716FC0020FBF73A
:109C700013FC7420FBF710FC0020FBF70DFC842084
:109C8000FBF70AFC0020FBF707FC9320FBF704FC22
:109C90000020FBF701FCA220FBF7FEFB0020FBF7F6
:109CA000FBFBB320FBF7F8FB0020FBF7F5FBBE2026
:109CB000FBF7F2FB0020FBF7EFFBC420FBF7ECFB0C
:109CC0000020FBF7E9FBCD20FBF7E6FB0020FBF7CC
:109CD000E3FBD320FBF7E0FB0020FBF7DDFBDC2000
:109CE000FBF7DAFB0020FBF7D7FBF320FBF7D4FBF5
:109CF0000020FBF7D1FBE620FBF7DAFB1120FBF796
:109D0000CBFB0020FBF7C8FB3420FBF7C5FB002092
:109D1000FBF7C2FB5620FBF7BFFB0020FBF7BCFBA9
:109D20007620FBF7B9FB0020FBF7B6FB7720FBF7AB
:109D3000B3FB0020FBF7B0FB6620FBF7ADFB002078
:109D4000FBF7AAFB8820FBF7A7FB0020FBF7A4FB8F
:109D50009920FBF7A1FB0020FBF79EFBBB20FBF744
:109D60009BFB0020FBF798FB9920FBF795FB00205D
:109D7000FBF792FB6620FBF78FFB0020FBF78CFBC9
:109D80005520FBF789FB0020FBF786FB5520FBF7EE
:109D900083FB0020FBF780FB4520FBF77DFB0020C9
:109DA000FBF77AFB4320FBF777FB0020FBF774FB04
:109DB0004420FBF771FB0020FBF76EFBE720FBF76D
:109DC00077FB3220FBF768FB0020FBF765FB552093
:109DD000FBF762FB0020FBF75FFB7620FBF75CFBE9
:109DE0000020FBF759FB6620FBF756FB0020FBF732
:109DF00053FB6720FBF750FB0020FBF74DFB672070
:109E0000FBF74AFB0020FBF747FB8720FBF744FBEF
:109E10000020FBF741FB9920FBF73EFB0020FBF7FE
:109E20003BFBBB20FBF738FB0020FBF735FB992001
:109E3000FBF732FB0020FBF72FFB7720FBF72CFB17
:109E40000020FBF729FB4420FBF726FB0020FBF753
:109E500023FB5620FBF720FB0020FBF71DFB2320F4
:109E6000FBF71AFB0020FBF717FB3320FBF714FB73
:109E70000020FBF711FB4520FBF70EFB0020FBF752
:109E80000BFBE820FBF714FB0020FBF705FB002091
:109E9000FBF702FB9920FBF7FFFA0020FBF7FCFA27
:109EA0008720FBF7F9FA0020FBF7F6FA8820FBF78A
:109EB000F3FA0020FBF7F0FA7720FBF7EDFA002029
:109EC000FBF7EAFA6620FBF7E7FA0020FBF7E4FA73
:109ED0008820FBF7E1FA0020FBF7DEFAAA20FBF767
:109EE000DBFA0020FBF7D8FABB20FBF7D5FA0020FD
:109EF000FBF7D2FA9920FBF7CFFA0020FBF7CCFA58
:109F00006620FBF7C9FA0020FBF7C6FA5520FBF7DD
:109F1000C3FA0020FBF7C0FA5520FBF7BDFA00207A
:109F2000FBF7BAFA4420FBF7B7FA0020FBF7B4FAC4
:109F30004420FBF7B1FA0020FBF7AEFA5520FBF7FF
:109F4000ABFA0020FBF7A8FAE920FBF7B1FAAA2048
:109F5000FBF7A2FA0020FBF79FFA0020FBF79CFA20
:109F60000020FBF799FA0020FBF7A2FAAA20FBF7E2
:109F700093FACF20FBF79CFA0020FBF78DFA002024
:109F8000FBF78AFA0020FBF787FA0020FBF784FA38
:109F90000020FBF781FA0020FBF77EFA0020FBF798
:109FA0007BFA0020FBF778FA0020FBF775FA002017
:109FB000FBF772FA0020FBF76FFA0020FBF76CFA50
:109FC0000020FBF769FA0020FBF766FA0020FBF798
:109FD00063FA0020FBF760FA0020FBF75DFAF0203F
:109FE000FBF766FA0020FBF757FA5020FBF754FA0C
:109FF0000020FBF751FA0020FBF74EFA0020FBF798
:10A000004BFAF320FBF754FA0020FBF745FAF9204E
:10A01000FBF74EFA0620FBF73FFA1020FBF73CFA5D
:10A020002920FBF739FA0020FBF736FA3A20FBF734
:10A030003FFA5520FBF730FA1120FBF739FA64207C
:10A0400008F0ECFE2920FBF733FA3520FBF730FA55
:10A050000020FBF721FA5120FBF72AFAFF20FBF73B
:10A060001BFA5320FBF724FA2C20FBF715FA552096
:10A07000FBF71EFA8220FBF70FFA2C20FBF718FAE9
:10A0800002F028B8FE48808845F2105188427DD100
:10A0900055214FF47040FBF721FAAA214FF201003D
:10A0A000FBF71CFA52214FF20200FBF717FA0821C6
:10A0B0004FF20300FBF712FA01214FF20400FBF705
:10A0C0000DFA0D214FF43040FBF708FA0D214BF249
:10A0D0000100FBF703FA0D214BF20200FBF7FEF93A
:10A0E00034214FF43640FBF7F9F934214BF201608B
:10A0F000FBF7F4F934214BF20260FBF7EFF90D2185
:10A100004FF43140FBF7EAF90D214BF20110FBF758
:10A11000E5F90D214BF20210FBF7E0F934214FF481
:10A120003740FBF7DBF934214BF20170FBF7D6F92E
:10A1300034214BF20270FBF7D1F900214FF4324089
:10A14000FBF7CCF900214BF20120FBF7C7F9002106
:10A150004BF20220FBF7C2F924214FF43840FBF701
:10A16000BDF924214BF60100FBF7B8F924214BF689
:10A170000200FBF7B3F901214FF43F40FBF7AEF9C2
:10A180000F214FF43340FBF7A9F900E0FDE30F2165
:10A190004BF20130FBF7A2F90F214BF20230FBF733
:10A1A0009DF934214FF43940FBF798F934214BF6EF
:10A1B0000110FBF793F934214BF60210FBF78EF9EF
:10A1C00008214FF43540FBF789F908214BF2015083
:10A1D000FBF784F908214BF20250FBF77FF90321CA
:10A1E0004FF44240FBF77AF924214FF43A40FBF751
:10A1F00075F924214BF60120FBF770F924214BF669
:10A200000220FBF76BF900214FF43C40FBF766F9A5
:10A2100078214BF60140FBF761F900214BF6024033
:10A22000FBF75CF900214FF43D40FBF757F978212B
:10A230004BF60150FBF752F900214BF60250FBF7A9
:10A240004DF900214FF43E40FBF748F964214BF6ED
:10A250000160FBF743F900214FF45140FBF73EF951
:10A2600033214DF20110FBF739F900214DF20210B4
:10A27000FBF734F934214DF20310FBF72FF90021DD
:10A280004DF20410FBF72AF93A214DF20510FBF7C5
:10A2900025F900214DF20610FBF720F94A214DF275
:10A2A0000710FBF71BF900214DF20810FBF716F918
:10A2B0005C214DF20910FBF711F900214DF20A1053
:10A2C000FBF70CF981214DF20B10FBF707F9002188
:10A2D0004DF20C10FBF702F9A6214DF20D10FBF721
:10A2E000FDF800214DF20E10FBF7F8F8E5214DF2D4
:10A2F0000F10FBF7F3F801214DF21010FBF7EEF809
:10A3000013214DF21110FBF7E9F801214DF2121063
:10A31000FBF7E4F854214DF21310FBF7DFF80121AD
:10A320004DF21410FBF7DAF882214DF21510FBF70D
:10A33000D5F801214DF21610FBF7D0F8CA214DF2E5
:10A340001710FBF7CBF802214DF21810FBF7C6F8F7
:10A3500000214DF21910FBF7C1F802214DF21A103D
:10A36000FBF7BCF801214DF21B10FBF7B7F80221F7
:10A370004DF21C10FBF7B2F834214DF21D10FBF723
:10A38000ADF802214DF21E10FBF7A8F867214DF23F
:10A390001F10FBF7A3F802214DF22010FBF79EF8E7
:10A3A00084214DF22110FBF799F802214DF2221081
:10A3B000FBF794F8A4214DF22310FBF78FF802214C
:10A3C0004DF22410FBF78AF8B7214DF22510FBF768
:10A3D00085F802214DF22610FBF780F8CF214DF2CF
:10A3E0002710FBF77BF802214DF22810FBF776F8D7
:10A3F000DE214DF22910FBF771F802214DF22A10EF
:10A40000FBF76CF8F2214DF22B10FBF767F80221F5
:10A410004DF22C10FBF762F8FE214DF22D10FBF7E8
:10A420005DF803214DF22E10FBF758F810214DF284
:10A430002F10FBF753F803214DF23010FBF74EF8C5
:10A4400033214DF23110FBF749F803214DF2321060
:10A45000FBF744F86D214DF23310FBF73FF8002174
:10A460004FF45240FBF73AF833214DF20120FBF74D
:10A4700035F800214DF20220FBF730F8342101E0DD
:10A48000042900204DF20320FBF728F800214DF2AB
:10A490000420FBF723F83A214DF20520FBF71EF8C4
:10A4A00000214DF20620FBF719F84A214DF2072052
:10A4B000FBF714F800214DF20820FBF70FF85C21A0
:10A4C0004DF20920FBF70AF800214DF20A20FBF7B4
:10A4D00005F881214DF20B20FBF700F800214DF229
:10A4E0000C20FAF7FBFFA6214DF20D20FAF7F6FF3C
:10A4F00000214DF20E20FAF7F1FFE5214DF20F2079
:10A50000FAF7ECFF01214DF21020FAF7E7FF1321D3
:10A510004DF21120FAF7E2FF01214DF21220FAF775
:10A52000DDFF54214DF21320FAF7D8FF01214DF23F
:10A530001420FAF7D3FF82214DF21520FAF7CEFF4F
:10A5400001214DF21620FAF7C9FFCA214DF217205A
:10A55000FAF7C4FF02214DF21820FAF7BFFF0021DD
:10A560004DF21920FAF7BAFF02214DF21A20FAF73C
:10A57000B5FF01214DF21B20FAF7B0FF02214DF289
:10A580001C20FAF7ABFF34214DF21D20FAF7A6FF8D
:10A5900002214DF21E20FAF7A1FF67214DF21F2084
:10A5A000FAF79CFF02214DF22020FAF797FF842151
:10A5B0004DF22120FAF792FF02214DF22220FAF704
:10A5C0008DFFA4214DF22320FAF788FF02214DF2DE
:10A5D0002420FAF783FFB7214DF22520FAF77EFFFA
:10A5E00002214DF22620FAF779FFCF214DF22720E4
:10A5F000FAF774FF02214DF22820FAF76FFFDE21EF
:10A600004DF22920FAF76AFF02214DF22A20FAF7CB
:10A6100065FFF2214DF22B20FAF760FF02214DF287
:10A620002C20FAF75BFFFE214DF22D20FAF756FFA2
:10A6300003214DF22E20FAF751FF10214DF22F2069
:10A64000FAF74CFF03214DF23020FAF747FF332190
:10A650004DF23120FAF742FF03214DF23220FAF792
:10A660003DFF6D214DF23320FAF738FF00214FF402
:10A670005340FAF733FF33214DF20130FAF72EFF42
:10A6800000214DF20230FAF729FF34214DF2033058
:10A69000FAF724FF00214DF20430FAF71FFF3A21A8
:10A6A0004DF20530FAF71AFF00214DF20630FAF7A5
:10A6B00015FF4A214DF20730FAF710FF00214DF245
:10A6C0000830FAF70BFF5C214DF20930FAF706FF6C
:10A6D00000214DF20A30FAF701FF81214DF20B30D3
:10A6E000FAF7FCFE00214DF20C30FAF7F7FEA62136
:10A6F0004DF20D30FAF7F2FE00214DF20E30FAF76E
:10A70000EDFEE5214DF20F30FAF7E8FE01214DF2A2
:10A710001030FAF7E3FE13214DF21130FAF7DEFEA6
:10A7200001214DF21230FAF7D9FE54214DF21330C7
:10A73000FAF7D4FE01214DF21430FAF7CFFE822150
:10A740004DF21530FAF7CAFE01214DF21630FAF734
:10A75000C5FECA214DF21730FAF7C0FE02214DF2B4
:10A760001830FAF7BBFE00214DF21930FAF7B6FEA9
:10A7700002214DF21A30FAF7B1FE01214DF21B30E1
:10A78000FAF7ACFE02214DF21C30FAF7A7FE342195
:10A790004DF21D30FAF7A2FE02214DF21E30FAF7FB
:10A7A0009DFE67214DF21F30FAF798FE02214DF20F
:10A7B0002030FAF793FE84214DF22130FAF78EFE15
:10A7C00002214DF22230FAF789FEA4214DF2233006
:10A7D000FAF784FE02214DF22430FAF77FFEB7210A
:10A7E0004DF22530FAF77AFE02214DF22630FAF7C3
:10A7F00075FECF214DF22730FAF770FE02214DF29F
:10A800002830FAF76BFEDE214DF22930FAF766FEAA
:10A8100002214DF22A30FAF761FEF2214DF22B307F
:10A82000FAF75CFE02214DF22C30FAF757FEFE21BA
:10A830004DF22D30FAF752FE03214DF22E30FAF789
:10A840004DFE10214DF22F30FAF748FE03214DF254
:10A850003030FAF743FE33214DF23130FAF73EFE45
:10A8600003214DF23230FAF739FE6D214DF23330CB
:10A87000FAF734FE00214FF45440FAF72FFE33214B
:10A880004DF20140FAF72AFE00214DF20240FAF79C
:10A8900025FE34214DF20340FAF720FE00214DF24F
:10A8A0000440FAF71BFE3A214DF20540FAF716FE76
:10A8B00000214DF20640FAF711FE4A214DF2074001
:10A8C000FAF70CFE00214DF20840FAF707FE5C2172
:10A8D0004DF20940FAF702FE00214DF20A40FAF764
:10A8E000FDFD81214DF20B40FAF7F8FD00214DF2FC
:10A8F0000C40FAF7F3FDA6214DF20D40FAF7EEFDFC
:10A9000000214DF20E40FAF7E9FDE5214DF20F402E
:10A91000FAF7E4FD01214DF21040FAF7DFFD1321B3
:10A920004DF21140FAF7DAFD01214DF21240FAF72B
:10A93000D5FD54214DF21340FAF7D0FD01214DF21F
:10A940001440FAF7CBFD82214DF21540FAF7C6FD0F
:10A9500001214DF21640FAF7C1FDCA214DF2174010
:10A96000FAF7BCFD02214DF21840FAF7B7FD0021BD
:10A970004DF21940FAF7B2FD02214DF21A40FAF7F2
:10A98000ADFD01214DF21B4000E006E3FAF7A6FD04
:10A9900002214DF21C40FAF7A1FD34214DF21D4079
:10A9A000FAF79CFD02214DF21E40FAF797FD672150
:10A9B0004DF21F40FAF792FD02214DF22040FAF7C6
:10A9C0008DFD84214DF22140FAF788FD02214DF2E0
:10A9D0002240FAF783FDA4214DF22340FAF77EFDD1
:10A9E00002214DF22440FAF779FDB7214DF22540BE
:10A9F000FAF774FD02214DF22640FAF76FFDCF21E0
:10AA00004DF22740FAF76AFD02214DF22840FAF78D
:10AA100065FDDE214DF22940FAF760FD02214DF27D
:10AA20002A40FAF75BFDF2214DF22B40FAF756FD72
:10AA300002214DF22C40FAF751FDFE214DF22D403E
:10AA4000FAF74CFD03214DF22E40FAF747FD102195
:10AA50004DF22F40FAF742FD03214DF23040FAF754
:10AA60003DFD33214DF23140FAF738FD03214DF21F
:10AA70003240FAF733FD6D214DF23340FAF72EFDE7
:10AA800000214FF45540FAF729FD33214DF20150D2
:10AA9000FAF724FD00214DF20250FAF71FFD342190
:10AAA0004DF20350FAF71AFD00214DF20450FAF767
:10AAB00015FD3A214DF20550FAF710FD00214DF237
:10AAC0000650FAF70BFD4A214DF20750FAF706FD42
:10AAD00000214DF20850FAF701FD5C214DF20950BA
:10AAE000FAF7FCFC00214DF20A50FAF7F7FC81213D
:10AAF0004DF20B50FAF7F2FC00214DF20C50FAF730
:10AB0000EDFCA6214DF20D50FAF7E8FC00214DF2C4
:10AB10000E50FAF7E3FCE5214DF20F50FAF7DEFC98
:10AB200001214DF21050FAF7D9FC13214DF21150CA
:10AB3000FAF7D4FC01214DF21250FAF7CFFC542160
:10AB40004DF21350FAF7CAFC01214DF21450FAF7F6
:10AB5000C5FC82214DF21550FAF7C0FC01214DF2DF
:10AB60001650FAF7BBFCCA214DF21750FAF7B6FCA3
:10AB700002214DF21850FAF7B1FC00214DF21950A4
:10AB8000FAF7ACFC02214DF21A50FAF7A7FC0121AA
:10AB90004DF21B50FAF7A2FC02214DF21C50FAF7BD
:10ABA0009DFC34214DF21D50FAF798FC02214DF224
:10ABB0001E50FAF793FC67214DF21F50FAF78EFCF6
:10ABC00002214DF22050FAF789FC84214DF22150E8
:10ABD000FAF784FC02214DF22250FAF77FFCA421FF
:10ABE0004DF22350FAF77AFC02214DF22450FAF785
:10ABF00075FCB7214DF22550FAF770FC02214DF299
:10AC00002650FAF76BFCCF214DF22750FAF766FC7D
:10AC100002214DF22850FAF761FCDE214DF2295055
:10AC2000FAF75CFC02214DF22A50FAF757FCF221A8
:10AC30004DF22B50FAF752FC02214DF22C50FAF74C
:10AC40004DFCFE214DF22D50FAF748FC03214DF248
:10AC50002E50FAF743FC10214DF22F50FAF73EFC2C
:10AC600003214DF23050FAF739FC33214DF23150C7
:10AC7000FAF734FC03214DF23250FAF72FFC6D2124
:10AC80004DF23350FAF72AFC00214FF45640FAF700
:10AC900025FC33214DF20160FAF720FC00214DF232
:10ACA0000260FAF71BFC34214DF20360FAF716FC40
:10ACB00000214DF20460FAF711FC3A214DF20560D3
:10ACC000FAF70CFC00214DF20660FAF707FC4A2166
:10ACD0004DF20760FAF702FC00214DF20860FAF726
:10ACE000FDFB5C214DF20960FAF7F8FB00214DF203
:10ACF0000A60FAF7F3FB81214DF20B60FAF7EEFBE5
:10AD000000214DF20C60FAF7E9FBA6214DF20D602F
:10AD1000FAF7E4FB00214DF20E60FAF7DFFBE521C4
:10AD20004DF20F60FAF7DAFB01214DF21060FAF7ED
:10AD3000D5FB13214DF21160FAF7D0FB01214DF242
:10AD40001260FAF7CBFB54214DF21360FAF7C6FB01
:10AD500001214DF21460FAF7C1FB82214DF215601A
:10AD6000FAF7BCFB01214DF21660FAF7B7FBCA21D6
:10AD70004DF21760FAF7B2FB02214DF21860FAF7B4
:10AD8000ADFB00214DF21960FAF7A8FB02214DF24C
:10AD90001A60FAF7A3FB01214DF21B60FAF79EFB44
:10ADA00002214DF21C60FAF799FB34214DF21D602F
:10ADB000FAF794FB02214DF21E60FAF78FFB672130
:10ADC0004DF21F60FAF78AFB02214DF22060FAF77C
:10ADD00085FB84214DF22160FAF780FB02214DF2C0
:10ADE0002260FAF77BFBA4214DF22360FAF776FB91
:10ADF00002214DF22460FAF771FBB7214DF2256074
:10AE0000FAF76CFB02214DF22660FAF767FBCF21BF
:10AE10004DF22760FAF762FB02214DF22860FAF743
:10AE20005DFBDE214DF22960FAF758FB02214DF25D
:10AE30002A60FAF753FBF2214DF22B60FAF74EFB32
:10AE400002214DF22C60FAF749FBFE214DF22D60F4
:10AE5000FAF744FB03214DF22E60FAF73FFB102175
:10AE60004DF22F60FAF73AFB03214DF23060FAF70A
:10AE700035FB33214DF23160FAF730FB03214DF2FF
:10AE80003260FAF72BFB6D214DF23360FAF726FBA7
:10AE900055214FF47040FAF721FBAA214FF201002F
:10AEA000FAF71CFB52214FF20200FAF717FB0821B8
:10AEB0004FF20300FAF712FB00214FF20400FAF7F9
:10AEC0000DFBCC214FF43140FAF708FB00214BF287
:10AED0000110FAF703FB05214FF43640FAF7FEFAAA
:10AEE00070214FF43740FAF7F9FA70214BF20170F4
:10AEF000FAF7F4FA01214FF43840FAF7EFFA032198
:10AF00004BF60100FAF7EAFA03214BF60200FAF7D2
:10AF1000E5FA03214BF60300FAF7E0FA02214FF4B9
:10AF20003C40FAF7DBFA00214BF60140FAF7D6FA7B
:10AF300000214BF60240FAF7D1FAD0214FF44940F4
:10AF4000FAF7CCFA02214CF60110FAF7C7FA5021B1
:10AF50004CF60210FAF7C2FA50214CF60310FAF739
:10AF6000BDFA50214CF60410FAF7B8FA00214FF45C
:10AF70005450FAF7B3FA55214FF46850FAF7AEFA85
:10AF80004FF48850FAF794FA782007F06FFF4FF4E7
:10AF90002450FAF78DFA01F09DB8FE48808849F2F6
:10AFA000253188427ED147F6F001E520FAF796FA7E
:10AFB0004FF480710120FAF791FA4FF4E06102201A
:10AFC000FAF78CFA41F230010320FAF787FA0021F0
:10AFD0000420FAF783FA40F202210820FAF77EFAF9
:10AFE00000210920FAF77AFA00210A20FAF776FA06
:10AFF00000210C20FAF772FA00210D20FAF76EFA00
:10B0000000210F20FAF76AFA00211020FAF766FAF9
:10B0100007211120FAF762FA00211220FAF75EFAEE
:10B0200000211320FAF75AFA00210720FAF756FAFE
:10B0300041F290611020FAF751FA40F227211120D5
:10B04000FAF74CFA9D211220FAF748FA4FF4C8514A
:10B050001320FAF743FA25212920FAF73FFA0D21A8
:10B060002B20FAF73BFA07213020FAF737FA40F2A3
:10B0700003313120FAF732FA03213220FAF72EFA9F
:10B0800040F206213520FAF729FA08213620FAF78E
:10B0900025FA40F206413720FAF720FA4FF44171C1
:10B0A000382000E057E0FAF719FA07213920FAF7BB
:10B0B00015FA40F202613C20FAF710FA08213D200F
:10B0C000FAF70CFA00215020FAF708FAEF21512084
:10B0D000FAF704FA00215220FAF700FA40F23F1181
:10B0E0005320FAF7FBF94FF427416020FAF7F6F9FD
:10B0F00001216120FAF7F2F900216A20FAF7EEF94E
:10B1000000218020FAF7EAF900218120FAF7E6F918
:10B1100000218220FAF7E2F900218320FAF7DEF914
:10B1200000218420FAF7DAF900218520FAF7D6F910
:10B1300010219020FAF7D2F94FF4C0619220FAF76B
:10B14000CDF940F233110720FAF7C8F92221002087
:10B15000FAF7C4F91FE78F48808849F228318842FE
:10B160007ED141F28F01EC20FAF7B8F941F2342197
:10B17000EF20FAF7B3F94FF480710120FAF7AEF936
:10B180004FF4E0610220FAF7A9F941F230010320FF
:10B19000FAF7A4F900210420FAF7A0F940F20221FD
:10B1A0000820FAF79BF900210920FAF797F9002106
:10B1B0000A20FAF793F901210C20FAF78FF9002100
:10B1C0000D20FAF78BF900210F20FAF787F90021FB
:10B1D0001020FAF783F907211120FAF77FF90021EF
:10B1E0001220FAF77BF900211320FAF777F90121F1
:10B1F0000720FAF773F9322007F010FE41F2904170
:10B200001020FAF76BF940F227211120FAF766F9BE
:10B21000322007F003FE8A211220FAF75FF932206C
:10B2200007F0FCFD4FF4D0511320FAF757F906212F
:10B230002920FAF753F90D212B20FAF74FF9322084
:10B2400007F0ECFD00212020FAF748F90021212029
:10B25000FAF744F9322007F0E1FD0021302000E048
:10B2600074E0FAF73BF940F204613120FAF736F95D
:10B2700040F205313220FAF731F900213520FAF792
:10B280002DF940F609413620FAF728F94FF40171FB
:10B290003720FAF723F940F201313820FAF71EF986
:10B2A00040F207713920FAF719F900213C20FAF72A
:10B2B00015F940F60A213D20FAF710F9322007F07F
:10B2C000ADFD00215020FAF709F9EF215120FAF7DE
:10B2D00005F900215220FAF701F940F23F115320FD
:10B2E000FAF7FCF84FF427416020FAF7F7F801214C
:10B2F0006120FAF7F3F800216A20FAF7EFF800214D
:10B300008020FAF7EBF800218120FAF7E7F8002116
:10B310008220FAF7E3F800218320FAF7DFF8002112
:10B320008420FAF7DBF800218520FAF7D7F81021FE
:10B330009020FAF7D3F84FF4C0619220FAF7CEF8D4
:10B3400040F233110720FAF7C9F824E61148808843
:10B3500049F2203188427DD100210846FAF7BEF833
:10B360004FF480710120FAF7B9F84FF4E061022040
:10B37000FAF7B4F841F230010320FAF7AFF80021F0
:10B380000420FAF7ABF840F202210820FAF7A6F8F9
:10B39000002101E0042900200920FAF79FF800218C
:10B3A0000A20FAF79BF801210C20FAF797F8002100
:10B3B0000D20FAF793F800210F20FAF78FF83220CA
:10B3C00007F02CFD40F201110720FAF787F8322030
:10B3D00007F024FD4FF486511020FAF77FF807217B
:10B3E0001120FAF77BF84FF488711220FAF776F8FB
:10B3F0004FF430611320FAF771F800212920FAF791
:10B400006DF844F210012B20FAF768F80021502063
:10B41000FAF764F8EF215120FAF760F80021522082
:10B42000FAF75CF840F23F115320FAF757F84FF45F
:10B430001C516020FAF752F801216120FAF74EF80A
:10B4400000216A20FAF74AF800218020FAF746F82E
:10B45000002100E031E08120FAF740F8002182204D
:10B46000FAF73CF800218320FAF738F8002184200D
:10B47000FAF734F800218520FAF730F810219020EF
:10B48000FAF72CF800219220FAF728F801219320EE
:10B49000FAF724F84FF488719520FAF71FF8002185
:10B4A0009720FAF71BF800219820FAF717F840F2D6
:10B4B00073110720FAF712F86DE5FE48808849F20B
:10B4C000313188427DD141F21401E720FAF706F8C4
:10B4D0004FF480710120FAF701F84FF40071022057
:10B4E000F9F7FCFF41F238010320F9F7F7FF40F2CA
:10B4F00002210820F9F7F2FF00210920F9F7EEFFF9
:10B5000000210A20F9F7EAFF00210C20F9F7E6FFF5
:10B5100000210D20F9F7E2FF00210F20F9F7DEFFEF
:10B5200000211020F9F7DAFF07211120F9F7D6FFE3
:10B5300000211220F9F7D2FF00211320F9F7CEFFE6
:10B54000C82007F06BFC41F290611020F9F7C6FFAC
:10B5500040F227211120F9F7C1FF322007F05EFCED
:10B560000C211220F9F7BAFF322007F057FC4FF4F4
:10B5700000611320F9F7B2FF11212920F9F7AEFF7E
:10B580000B212B20F9F7AAFF322007F047FC0021FE
:10B590002020F9F7A3FF40F23F112120F9F79EFF89
:10B5A00000213020F9F79AFF4FF483713120F9F729
:10B5B00095FF00213220F9F791FF4FF401713520FA
:10B5C00000E064E0F9F78AFF41F20A613620F9F7FA
:10B5D00085FF40F207713720F9F780FF4FF4837140
:10B5E0003820F9F77BFF40F207713920F9F776FF31
:10B5F00040F202413C20F9F771FF40F60F413D2037
:10B60000F9F76CFF00215020F9F768FFEF21512076
:10B61000F9F764FF00215220F9F760FF40F23F1173
:10B620005320F9F75BFF4FF41C516020F9F756FFE8
:10B6300001216120F9F752FF00216A20F9F74EFF3E
:10B6400000218020F9F74AFF00218120F9F746FF09
:10B6500000218220F9F742FF00218320F9F73EFF05
:10B6600000218420F9F73AFF00218520F9F736FF01
:10B6700010219020F9F732FF4FF4C0619220F9F7C2
:10B680002DFF40F233110720F9F728FF83E48948A2
:10B69000808845F2084188427ED14FF480710120B4
:10B6A000F9F71CFF4FF4E0610220F9F717FF41F2B0
:10B6B00030010320F9F712FF00210420F9F70EFFF3
:10B6C00040F207210820F9F709FF00210920F9F7C6
:10B6D00005FF00210A20F9F701FF00210C20F9F7EE
:10B6E000FDFE00210D20F9F7F9FE00210F20F9F7EA
:10B6F000F5FE142007F092FB41F2B0611020F9F73B
:10B70000EDFE01211120F9F7E9FE01211720F9F7DB
:10B71000E5FE4FF49C711220F9F7E0FE4FF4006152
:10B720001320F9F7DBFE09212920F9F7D7FE0921BB
:10B730002A20F9F7D3FE0021A420F9F7CFFE00213B
:10B740005020F9F7CBFEEF215120F9F7C7FE002179
:10B750005220F9F7C3FE40F23F115320F9F7BEFE25
:10B760004FF41C516020F9F7B9FE01216120F9F76F
:10B77000B5FE00216A20F9F7B1FE00218020F9F71B
:10B78000ADFE00218120F9F7A9FE00218220F9F702
:10B79000A5FE0021832000E023E0F9F79FFE0021B1
:10B7A0008420F9F79BFE00218520F9F797FE1321ED
:10B7B0009020F9F793FE00219220F9F78FFE0321E4
:10B7C0009320F9F78BFE4FF488719520F9F786FEE8
:10B7D00040F273110720F9F781FE322007F01EFBBB
:10B7E000B8E43448808841F2055188427ED1002176
:10B7F0000720F9F773FE322007F010FB4FF48E712B
:10B800001220F9F76BFE0121A420F9F767FE0F2142
:10B810000820F9F763FE08210A20F9F75FFE0821E6
:10B820000D20F9F75BFE40F207713020F9F756FE64
:10B8300007213120F9F752FE40F203613220F9F777
:10B840004DFE4FF4E0613320F9F748FE40F202214B
:10B850003420F9F743FE02213520F9F73FFE41F687
:10B860000F713620F9F73AFE40F207713720F9F7E9
:10B8700035FE00213820F9F731FE00213920F9F793
:10B880002DFE40F207713A20F9F728FE00213B20F7
:10B89000F9F724FE07213C20F9F720FE00213D2086
:10B8A000F9F71CFE322007F0B9FA01210720F9F759
:10B8B00015FE01E00429002001211720F9F70EFEF2
:10B8C000322007F0ABFA4FF4BD511020F9F706FE15
:10B8D00040F217211120F9F701FE4FF48F71122069
:10B8E000F9F7FCFD4FF47061132000E097E0F9F7E1
:10B8F000F5FD00212A20F9F7F1FD0A212920F9F7A9
:10B90000EDFD4FF49F711220F9F7E8FD0021502062
:10B91000F9F7E4FDEF215120F9F7E0FD0021522075
:10B92000F9F7DCFD40F23F115320F9F7D7FD4FF452
:10B930001C516020F9F7D2FD01216120F9F7CEFDFD
:10B9400000216A20F9F7CAFD00218020F9F7C6FD21
:10B9500000218120F9F7C2FD00218220F9F7BEFD08
:10B9600000218320F9F7BAFD00218420F9F7B6FD04
:10B9700000218520F9F7B2FD13219020F9F7AEFDE3
:10B980004FF440719220F9F7A9FD05219320F9F7B2
:10B99000A5FD00219520F9F7A1FD00219720F9F7D9
:10B9A0009DFD00219820F9F799FD4FF48071012049
:10B9B000F9F794FD4FF4E0610220F9F78FFD41F2B1
:10B9C00038010320F9F78AFD00210420F9F786FDEC
:10B9D00000210C20F9F782FD00210F20F9F77EFDF0
:10B9E00000212020F9F77AFD00212120F9F776FDCA
:10B9F00021210720F9F772FD142007F00FFA6121C9
:10BA00000720F9F76BFD142007F008FA40F27311D4
:10BA10000720F9F763FD142007F000FA5AE3FE4807
:10BA200080884BF2055188427ED100210846F9F703
:10BA300055FD00210846F9F751FD00210846F9F7A8
:10BA40004DFD00210846F9F749FD0121A420F9F731
:10BA500045FD142007F0E2F94FF41C516020F9F77E
:10BA60003DFD40F202210820F9F738FD4FF4057141
:10BA70003020F9F733FD43F215713120F9F72EFD2F
:10BA800040F204613220F9F729FD40F616613320B7
:10BA9000F9F724FD42F211213420F9F71FFD4FF48C
:10BAA000A8513520F9F71AFD48F207513620F9F769
:10BAB00015FD41F207413720F9F710FD41F203412E
:10BAC0003820F9F70BFD20213920F9F707FD1A215D
:10BAD0009020F9F703FD00211020F9F7FFFC072162
:10BAE0001120F9F7FBFC00211220F9F7F7FC0021E7
:10BAF0001320F9F7F3FC142007F090F94FF4E661F6
:10BB00001020F9F7EBFC40F237111120F9F7E6FCB1
:10BB1000142007F083F94FF4DC711220F9F7DEFCF2
:10BB2000142007F07BF900E083E04FF470611320EC
:10BB3000F9F7D4FC80212A20F9F7D0FC48212920EC
:10BB4000F9F7CCFC142007F069F94FF4807101205B
:10BB5000F9F7C4FC4FF4E0610220F9F7BFFC41F2B1
:10BB600038010320F9F7BAFC40F202210820F9F766
:10BB7000B5FC00210A20F9F7B1FC00210C20F9F7EF
:10BB8000ADFC00210D20F9F7A9FC30210E20F9F7BA
:10BB9000A5FC00215020F9F7A1FCEF215120F9F775
:10BBA0009DFC00215220F9F799FC40F23F115320EF
:10BBB000F9F794FC4FF41C516020F9F78FFC012138
:10BBC0006120F9F78BFC00216A20F9F787FC11212D
:10BBD0009020F9F783FC4FF4C0619220F9F77EFCC6
:10BBE00040F202419320F9F779FC02219420F9F701
:10BBF00075FC142007F012F901210720F9F76EFCFB
:10BC0000142007F00BF961210720F9F767FC40F2D7
:10BC100073110720F9F762FC00212020F9F75EFC80
:10BC200000212120F9F75AFC22210020F9F756FCC7
:10BC300050E2794880884CF2055188427ED100213B
:10BC40000846F9F74BFC00210846F9F747FC142099
:10BC500007F0E4F800210846F9F740FC0021084607
:10BC6000F9F73CFC00210846F9F738FC00210846AA
:10BC7000F9F734FC0121A420F9F730FC142007F077
:10BC8000CDF84FF41C516020F9F728FC40F606016E
:10BC90000820F9F723FC40F203713020F9F71EFC6D
:10BCA00001213120F9F71AFC04213220F9F716FCA2
:10BCB0004FF481713320F9F711FC4FF440713420B7
:10BCC000F9F70CFC40F203113520F9F707FC1F21AE
:10BCD0003620F9F703FC40F203713720F9F7FEFB39
:10BCE00001213820F9F7FAFB04213920F9F7F6FB96
:10BCF00015219020F9F7F2FB4FF482611020F9F73B
:10BD0000EDFB40F247211120F9F7E8FB4FF4DE711B
:10BD10001220F9F7E3FB4FF460611320F9F7DEFB23
:10BD2000782007F07BF84FF480710120F9F7D6FBFB
:10BD30004FF400710220F9F7D1FB00E050E041F22E
:10BD400030010320F9F7CAFB08210A20F9F7C6FBE6
:10BD500000210C20F9F7C2FB20210E20F9F7BEFBD1
:10BD600000210F20F9F7BAFB00212020F9F7B6FBDC
:10BD700000212120F9F7B2FB3D212A20F9F7AEFB83
:10BD8000142007F04BF82D212920F9F7A7FB0021FB
:10BD90005020F9F7A3FB4DF2EF015120F9F79EFB7C
:10BDA00000215220F9F79AFB40F23F115320F9F796
:10BDB00095FB00216120F9F791FB00216A20F9F73A
:10BDC0008DFB4FF440719220F9F788FB05219320F9
:10BDD000F9F784FB4FF480710720F9F77FFB79E1D5
:10BDE0000D48808844F2315188427CD101210020E5
:10BDF000F9F774FB0A2007F011F841F228611020CE
:10BE0000F9F76CFB0E211220F9F768FB40F6392197
:10BE10001320F9F763FB01E0042900200A2006F053
:10BE2000FDFF40211120F9F759FB50211520F9F7AA
:10BE300055FB0A2006F0F2FF1E211220F9F74EFBF7
:10BE40000A2006F0EBFF4FF4B1511020F9F746FB42
:10BE500042F639211320F9F741FB0A2006F0DEFFF4
:10BE60004FF480710120F9F739FB4FF44071022043
:10BE7000F9F734FB41F238010320F9F72FFB40F2C8
:10BE800002210820F9F72AFB08210A20F9F726FBEE
:10BE900000213020F9F722FB40F202413120F9F76E
:10BEA0001DFB4FF483713220F9F718FB40F2035168
:10BEB0003320F9F713FB4FF482713420F9F70EFBAE
:10BEC00040F201313520F9F709FB40F207713620C5
:10BED000F9F704FB40F205313720F9F7FFFA4FF488
:10BEE0000271382000E040E0F9F7F8FA40F60B71F3
:10BEF0003920F9F7F3FA02214120F9F7EFFA4FF46C
:10BF00001C516020F9F7EAFA01216120F9F7E6FAFD
:10BF10004FF404719020F9F7E1FA4FF48571922003
:10BF2000F9F7DCFA04219320F9F7D8FA4FF480717D
:10BF3000A020F9F7D3FA01210720F9F7CFFA212140
:10BF40000720F9F7CBFA23210720F9F7C7FA3321A5
:10BF50000720F9F7C3FA40F233110720F9F7BEFAC8
:10BF60000021A020F9F7BAFAB4E06048808844F2D2
:10BF700035518842F8D130211520F9F7AFFA102158
:10BF80009A20F9F7ABFA20211120F9F7A7FA43F22A
:10BF900028411020F9F7A2FA02211220F9F79EFA9F
:10BFA00041F238011320F9F799FA282006F036FFFC
:10BFB00012210846F9F792FA282006F02FFF43F2E3
:10BFC00020411020F9F78AFA43F238011320F9F7DB
:10BFD00085FA462006F022FF00213020F9F77EFA8C
:10BFE00040F202413120F9F779FA40F2073132206C
:10BFF000F9F774FA4FF441713320F9F76FFA04211D
:10C000003420F9F76BFA40F201413520F9F766FA6E
:10C0100040F207713620F9F761FA40F20531372016
:10C02000F9F75CFA4FF4C2613820F9F757FA4FF488
:10C03000C2613920F9F752FA4FF480710120F9F703
:10C040004DFA4FF440710220F9F748FA41F23001FD
:10C050000320F9F743FA40F608010820F9F73EFA01
:10C0600008210A20F9F73AFA4FF41C516020F9F739
:10C0700035FA01216120F9F731FA4FF49F719020D0
:10C08000F9F72CFA4FF480719220F9F727FA4FF460
:10C0900080719320F9F722FA4FF44051A020F9F76C
:10C0A0001DFA1021A320F9F719FA01210720F9F749
:10C0B00015FA21210720F9F711FA23210720F9F7B2
:10C0C0000DFA33210720F9F709FA40F2331107205E
:10C0D000F9F704FA0120F8F723F801200449086071
:10C0E0004FF6FF70F7F7D8FF21B000BD04290020FC
:10C0F0008482404210B50121034800F01AF8012162
:10C10000014800F013F810BD0004004010B50121F3
:10C11000054800F00EF8012805D10121024800F081
:10C1200005F8F6F789FE10BD00080040CA430282F8
:10C13000704730B50246002000230024158A05EA26
:10C140000103958905EA010413B10CB1012000E057
:10C15000002030BD2DE9FC5F04460D4617461E4603
:10C16000DDE90EABDDE90C894FF4784057490880D2
:10C1700057A01021CDE90010564843880288A0211D
:10C180002820F9F743F954A01021CDE900105148B7
:10C1900043880288A0217820F9F738F94FA01021B0
:10C1A000CDE900104B4843880288B4212820F9F7D4
:10C1B0002DF94BA01021CDE9001046484388028894
:10C1C000B4217820F9F722F946A01021CDE900101A
:10C1D000404843880288C8212820F9F717F942A06F
:10C1E0001021CDE900103B4843880288C8217820FF
:10C1F000F9F70CF93DA01021CDE90010354843882E
:10C200000288DC212820F9F701F939A01021CDE9B5
:10C210000010304843880288DC217820F9F7F6F8CE
:10C2200034A01021CDE900102A4843880288F0216B
:10C230002820F9F7EBF8102004232246A0210090D3
:10C240004020F9F799F8102004232A46A0210090F5
:10C250009020F9F791F8102004233A46B421009079
:10C260004020F9F789F8102004233246B4210090C9
:10C270009020F9F781F8102004234246C82100904D
:10C280004020F9F779F8102004234A46C82100908D
:10C290009020F9F771F8102004235246DC21009019
:10C2A0004020F9F769F8102004235A46DC21009059
:10C2B0009020F9F761F810200090064801880323C8
:10C2C0006020109AF9F758F8BDE8FC9F00000020A4
:10C2D00078313A000429002079313A0078323A0066
:10C2E00079323A0078333A0079333A0078343A00B8
:10C2F00079343A006661632069733A0000B597B0FB
:10C30000002012900B9012901F21FE4801804FF6E2
:10C31000FF70FD490880F7F7BFFE4FF47841F948F8
:10C3200001804FF6FF70F7F7B7FE0020F54908804F
:10C33000F648006810216423A022CDE900102821CE
:10C340000846F9F763F84FF478421421084600F0E4
:10C350004BFC0021EE4880F820109FEDEE0A80EDA6
:10C36000090A49E2EA4840680A9001200A99884788
:10C37000E74890F8200000F0C000402870D100206D
:10C380000B90E34890F8200020F04000E04981F84D
:10C3900020000846828913A9129821F82020DC4841
:10C3A000C18A13AA129802EB800041801298401CA7
:10C3B000C0B212901298012806D0022815D0032886
:10C3C00029D0042810D141E04FF6FF72142108460D
:10C3D00000F00AFCD0480088143880B24FF478424C
:10C3E00014210A9000F000FCE8E3CB4800881438E0
:10C3F00080B24FF6FF7214210A9000F0F5FBC64898
:10C400004088143880B24FF4784201460A901420D4
:10C4100000F0EAFBD2E3C0484088143880B24FF6FF
:10C42000FF7201460A90142000F0DEFBBA484088F3
:10C43000143880B20A90B8480088143880B24FF49B
:10C44000784209900A9900F0CFFBB7E3BDF84C1091
:10C45000BDF85000081A0A90002802DB0A9802E092
:10C46000ADE30A9840420F90BDF84E1013A8C08863
:10C47000081A0A90002801DB0A9801E00A98404255
:10C480000E900F9840430F900E9840430E90DDE9B8
:10C490000E100844059007F0CFFCCDE906019DED94
:10C4A000060B06F0B5FB8DED080B9DED080B51EC6E
:10C4B000100B07F07DFC80B21190BDF85400BDF860
:10C4C0005810401A0A90002801DB0A9801E00A98E7
:10C4D00040420F9013A84189C089081A0A90002889
:10C4E00001DB0A9801E00A9840420E900F98404301
:10C4F0000F900E9840430E90DDE90E100844059011
:10C5000007F09AFCCDE906019DED060B06F080FBD5
:10C510008DED080B9DED080B51EC100B07F048FC5E
:10C5200080B210909DED110AF8EE400A9DED100AC0
:10C53000B8EE401A80EE810A8DED0A0A0A9807F0DB
:10C54000C1FFCDE90C019FED750B53EC102B9DED58
:10C550000C0B51EC100B07F083FC0ED39FED710B0D
:10C5600053EC102B9DED0C0B51EC100B07F0B2FDB2
:10C5700003D3119808B11098F0BB002012906648C0
:10C580004088143880B20A9063480088143880B21A
:10C590004FF6FF7209900A9900F026FB4FF478429B
:10C5A0001421084600F020FB9FED600B53EC102B8C
:10C5B0009DED0C0B51EC100B07F08EFCCDE9080142
:10C5C0009DED080B51EC100B07F0F2FB80B213A9A4
:10C5D0000A90C989BDF8582013AB5B89CDE90132B7
:10C5E000CDE90310BDF85400009013A8C08809904D
:10C5F000BDF85000089000E00AE0BDF84E0007903A
:10C60000BDF84C00069007A90EC9FFF7A3FDE5E2AF
:10C61000BDF84C10BDF85400081A0A90002801DB40
:10C620000A9801E00A9840420F90BDF84E1013A8F6
:10C630004089081A0A90002801DB0A9801E00A984C
:10C6400040420E900F9840430F900E9840430E903A
:10C65000DDE90E100844059007F0EEFBCDE9060178
:10C660009DED060B06F0D4FA8DED080B9DED080B41
:10C6700051EC100B07F09CFB80B21190BDF85000FC
:10C68000BDF85810401A0A90002801DB0A9801E012
:10C690000A9840420F9013A8C188C089081A0A90CE
:10C6A000002801DB0A9801E00A9840420E900F989A
:10C6B00040430F900E9840430E90DDE90E10084461
:10C6C000059007F0B9FBCDE906019DED060B06F0DC
:10C6D0009FFA8DED080B9DED080B51EC100B07F048
:10C6E00067FB80B210909DED110AF8EE400A9DEDB7
:10C6F000100AB8EE401A80EE810A8DED0A0A0A98F7
:10C7000018E0000000000020020000204800002087
:10C71000080000200000000004290020666666660C
:10C720006666EE3FCDCCCCCCCCCCF03F0000000018
:10C730000000594007F0C6FECDE90C011FED090BC2
:10C7400053EC102B9DED0C0B51EC100B07F088FBFC
:10C750000AD31FED0C0B53EC102B9DED0C0B51EC81
:10C76000100B07F0B7FC48D200201290FE4840881A
:10C77000143880B20A90FC480088143880B24FF612
:10C78000FF7209900A9900F02FFA4FF478421421B1
:10C79000084600F029FA1FED1B0B53EC102B9DED02
:10C7A0000C0B51EC100B07F097FBCDE908019DED48
:10C7B000080B51EC100B07F0FBFA80B213A90A909A
:10C7C000CA89BDF8581013AB5B89CDE90131CDE9B9
:10C7D0000320BDF85400009013A8C0880990BDF84C
:10C7E00050000890BDF84E000790BDF84C00069030
:10C7F00007A90EC9FFF7AEFCF0E1BDF85000BDF887
:10C800005410401A0A90002801DB0A9801E00A98A7
:10C8100040420F9013A8C1884089081A0A90002846
:10C8200001DB0A9801E00A9840420E900F984043BD
:10C830000F900E9840430E90DDE90E1008440590CD
:10C8400007F0FAFACDE906019DED060B06F0E0F9D6
:10C850008DED080B9DED080B51EC100B07F0A8FABD
:10C8600080B21190BDF84C00BDF85810401A0A90E3
:10C87000002801DB0A9801E00A9840420F90BDF8B9
:10C880004E1013A8C089081A0A90002801DB0A98E4
:10C8900001E00A9840420E900F9840430F900E9886
:10C8A00040430E90DDE90E100844059007F0C4FAED
:10C8B000CDE906019DED060B06F0AAF98DED080BFA
:10C8C0009DED080B51EC100B07F072FA80B210903E
:10C8D0009DED110AF8EE400A9DED100AB8EE401ADF
:10C8E00080EE810A8DED0A0A0A9807F0EBFDCDE98A
:10C8F0000C011FED760B53EC102B9DED0C0B51EC46
:10C90000100B07F0ADFA0AD31FED7A0B53EC102B86
:10C910009DED0C0B51EC100B07F0DCFB49D2002015
:10C92000129091484088143880B20A908E4800884E
:10C93000143880B24FF6FF7209900A9900F054F94A
:10C940004FF478421421084600F04EF91FED890B90
:10C9500053EC102B9DED0C0B51EC100B07F0BCFAB7
:10C96000CDE908019DED080B51EC100B07F020FA02
:10C9700080B202460A9013A8C089BDF8581013ABC4
:10C980005B89CDE90131CDE90302BDF85400009087
:10C9900013A8C0880990BDF850000890BDF84E005B
:10C9A0000790BDF84C00069007A90EC9FFF7D2FB0F
:10C9B00014E1BDF85000BDF84C10401A00EE100A0A
:10C9C000F8EEC00A68480088283800EE100AB8EE71
:10C9D000C00A80EE201A654880ED091ABDF85000A3
:10C9E000BDF84C10084400EE100AF8EEC00A5E488C
:10C9F000008800EE100AB8EE400A5C4890ED091A73
:10CA000001EE600AF0EE000A80EE201A80ED0B1AAB
:10CA100013A84089BDF84E10401A00EE100AF8EE37
:10CA2000C00A51484088283800EE100AB8EEC00A03
:10CA300080EE201A4D4880ED0A1A13A84089BDF8EF
:10CA40004E10084400EE100AF8EEC00A464840882E
:10CA500000EE100AB8EE400A444890ED0A1A01EEC2
:10CA6000600AF0EE000A80EE201A80ED0C1A90EDBC
:10CA7000090ABDEEC00A8DED090A0998002801DBFC
:10CA8000099801E00998404202280FDC374890EDF0
:10CA90000A0ABDEEC00A8DED0A0A0A98002801DBD9
:10CAA0000A9801E00A984042022842DD00201290D4
:10CAB0002D484088143880B20A902B4800881438DA
:10CAC00080B24FF6FF7209900A9900F08DF84FF48A
:10CAD00078421421084600F087F825A01021CDE9FE
:10CAE0000010214840880A901F480088099002469B
:10CAF0001A2128200A9BF8F789FC1C4890F834007A
:10CB000008B9012000E00020184981F834000846E7
:10CB100090F8340030B190201A490870D0201A499A
:10CB2000087005E0D0201749087090201649087059
:10CB300054E01F21154801804FF6FF70F7F7ACFA5B
:10CB400013A01021CDE90010074840880A9006483C
:10CB50000088099002466E2123200A9BF8F756FCB4
:10CB60004FF47A7020E00000042900200800002023
:10CB70005450204E65656420726561646A757374F3
:10CB800021000000400000204100002000000020A3
:10CB9000546F7563682053637265656E2041646AE3
:10CBA000757374204F4B210006F038F900F030FA0D
:10CBB0004FF6FF70F7F770FA17B000BD00BF0A20FC
:10CBC00006F02CF90B98401C80B20B900B98B0F536
:10CBD0007A7F02DD00F040F802E000BFFFF7C2BB41
:10CBE00000BF00BFE8E7000070B504460D461646DA
:10CBF0001848068004F10D018AB2193988B22B4613
:10CC00002946F7F775FC05F10D0083B2193881B29A
:10CC100022462046F7F76CFC6A1C91B2621C90B267
:10CC2000F7F7F2FC6A1C91B2621E90B2F7F7ECFCC7
:10CC30006A1E91B2621C90B2F7F7E6FC6A1E91B2CE
:10CC4000621E90B2F7F7E0FC062229462046F4F770
:10CC500092FA70BD0000002010B586B018220021A5
:10CC6000684600F023FC9DF80E400A2C4CD1274862
:10CC700000990160046800EE104AB8EEC00ADFEDCA
:10CC8000240A80EE201A234880ED091A1F480199D2
:10CC90000160046800EE104AB8EEC00ADFED1C0A1D
:10CCA00080EE201A1B4880ED0A1A1848029901608C
:10CCB000046800EE104AB8EEC00A164880ED0B0A70
:10CCC000124803990160046800EE104AB8EEC00AE9
:10CCD000104880ED0C0A9DF80D000E4981F83400D3
:10CCE000084690F8340030B190200B490870D020ED
:10CCF0000A49087005E0D0200749087090200749CC
:10CD00000870012006B010BD0020FBE744000020A1
:10CD100020BCBE4C08000020400000204100002044
:10CD20001CB53748808845F21051884218D1F9F770
:10CD30008DFE344834494860084690F8340040F08D
:10CD4000800081F83400084690F834002C49897935
:10CD500001F0010108432C4981F8340000201CBD7A
:10CD600001212620F9F736FF4FF480400090002083
:10CD70008DF804008DF8060003208DF805000120D1
:10CD80008DF8070069462148F4F7BEFB202000908B
:10CD900000208DF804008DF8060003208DF80500B2
:10CDA00001208DF8070069461948F4F7ADFB4FF4F0
:10CDB0003040009001208DF8040069461348F4F7D4
:10CDC000A3FB11491631A1F10A0000F0A9F80E49A0
:10CDD0001631A1F10A0000F0A3F8FFF73DFF08B1FA
:10CDE0000020BCE70B480088F7F756F9FFF786FAF2
:10CDF00000F00EF9FFF730FF00BF0120AFE70000A1
:10CE000004290020F1080008080000200004024066
:10CE1000000802400200002070B5064600250024EC
:10CE200000201F4908601F49C1F8BC021C49091FA6
:10CE30000860304600F0A6F9062006F017F800203A
:10CE40001849C1F8B402012006F010F80120144975
:10CE5000086006F00BF800201249C1F8B40200BFC8
:10CE600015E04FF6FF7000EA440400200C4908600A
:10CE7000012005F0FBFF01200A49C1F8B40208486F
:10CE80007C38006808B1601C84B2681CC5B2102DE3
:10CE9000E7DB241101200249091F0860204670BD0C
:10CEA000B4824042008040422DE9FE438046002784
:10CEB000002406E04046FFF7AFFF2DF81400601C89
:10CEC00084B2052CF6DB002416E0601C85B20FE06E
:10CED0003DF814003DF81510884207DD3DF8146058
:10CEE0003DF815002DF814002DF81560681C85B26A
:10CEF000052DEDDB601C84B2042CE6DB0027012449
:10CF000005E03DF81400384487B2601C84B2042C5C
:10CF1000F7DB032097FBF0F086B23046BDE8FE83D6
:10CF20002DE9F04104460D4607480078FFF7BCFFA5
:10CF3000064606480078FFF7B7FF074626802F8091
:10CF40000120BDE8F08100004000002041000020E9
:10CF50007FB504460D4602A903A8FFF7E1FF064688
:10CF600016B9002004B070BD694601A8FFF7D8FFCC
:10CF700006460EB90020F5E7BDF80400BDF80C1018
:10CF8000884206DCBDF80C10BDF804003230814246
:10CF90000CDBBDF80C00BDF80410884236DCBDF88F
:10CFA0000410BDF80C00323081422FDABDF80000C9
:10CFB000BDF80810884206DCBDF80810BDF8000076
:10CFC000323081420CDBBDF80800BDF80010884209
:10CFD0001CDCBDF80010BDF808003230814215DAC3
:10CFE000BDF80C10BDF80420881800EBD071C1F317
:10CFF0004F012180BDF80810BDF80020881800EB13
:10D00000D071C1F34F0129800120ABE70020A9E7CF
:10D0100000B587B01F4890ED090ADFED1F0A20EE2A
:10D02000200ABDEEC00A1D4880ED000A006801908C
:10D03000184890ED0A0ADFED180A20EE200ABDEE2E
:10D04000C00A164880ED000A00680290114890ED71
:10D050000B0ABDEEC00A114880ED000A006803907B
:10D060000C4890ED0C0ABDEEC00A0C4880ED000A99
:10D0700000680490074890F834008DF811000A20E9
:10D080008DF812001822002101A800F07BFA07B0E9
:10D0900000BD00000800002020BCBE4C4400002061
:10D0A00010B5044635480068002843D12CB13449F6
:10D0B000A1F10A00FFF74CFF2AE03149A1F10A0073
:10D0C000FFF746FF20B32E48163890ED0B0A90ED7F
:10D0D000091A808900EE900AF8EE600A01EE200A33
:10D0E000BCEEC00A10EE100A2549163988810846A0
:10D0F00090ED0C0A90ED0A1AC08A00EE900AF8EE44
:10D10000600A01EE200ABCEEC00A10EE100AC882C6
:10D110001B48163890F8200000F0800038BBC02073
:10D120001749163981F82000084681898182C18A11
:10D13000C1831CE01248163890F8200000F08000EF
:10D1400050B10F48163890F8200020F080000C49AC
:10D15000163981F820000AE000210948163881823A
:10D16000C1834FF6FF70064916398881C88204488A
:10D17000163890F8200000F0800010BD14024142E3
:10D180001E000020002100BF15E000F080021AB14F
:10D1900001220A4B1A6002E00022084B1A60420684
:10D1A000100E0022054B083B1A600122044BC3F805
:10D1B000B4224A1CD1B20829E7DB7047BC82404246
:10D1C0000080404210B5F8F717FC40F225511E4888
:10D1D00000F055F810B31C4800F00AF9C4B21B481F
:10D1E000008800F40040C8B91848008800F4804066
:10D1F00060B10A2C03D000201449088020E01348B5
:10D20000008840F400401149088019E00D2C06D137
:10D210000E48008840F480400C49088010E00B481C
:10D220000088C0F30D000A490C5408480088401CCF
:10D230000649088008460088C72801DD00200880CC
:10D24000F8F7ECFB10BD0000001001407800002052
:10D25000D83B002001F40072B2F5007F00D100BF7E
:10D26000CA430280704721B1828942F40052828110
:10D2700004E082894DF6FF731A408281704770B5D1
:10D280000246002400230025002040F66A16B14221
:10D2900000D100BFC1F3421501F01F03012606FAB9
:10D2A00003F3012D02D19689334006E0022D02D10D
:10D2B000168A334001E0968A33400C12012606FAA2
:10D2C00004F41688344013B10CB1012000E00020B2
:10D2D00070BDF0B50346002400260025002040F66E
:10D2E0006A17B94200D100BF1846C1F3421401F0D9
:10D2F0001F06012707FA06F5012C01D10C3004E0C6
:10D30000022C01D1103000E014301AB107682F430D
:10D31000076002E00768AF430760F0BD2DE9FF47F3
:10D3200005460E460024A14600BFA046B08900B1C4
:10D3300000BF2C8A24F44054F08804432C82AC892A
:10D3400041F20C608443B0883189084371890843F5
:10D350000443AC81AC8A24F44074B0890443AC82A9
:10D360006846F9F777FC2048854202D01F4885427D
:10D3700002D1DDF80C9001E0DDF80890A88900F4F6
:10D38000004040B109EBC90000EB091031684900C9
:10D39000B0FBF1F707E009EBC90000EB09103168B9
:10D3A0008900B0FBF1F76420B7FBF0F0040120091D
:10D3B000642101FB1078A88900F4004040B13220BC
:10D3C00000EBC800B0FBF1F000F00700044308E0F8
:10D3D000322000EB08106421B0FBF1F000F00F00E8
:10D3E00004432C81BDE8FF87001001400014014078
:10D3F00001468888C0F30800704700BFFEE70000C0
:10D4000010B50446214610A0F2F7C4FF240300F033
:10D4100015F900F0ADF800200D4908602020FBF759
:10D42000CFF9C4F30740FBF7CBF9C4F30720FBF7B0
:10D43000C7F9E0B2FBF7C4F901200649C1F8800240
:10D4400000F096F810BD000066653A25780D0A00D8
:10D4500080824042008040421CB501210220F9F741
:10D46000B9FB012000908DF8040000208DF8060023
:10D4700003208DF8050001208DF807006946084853
:10D48000F4F742F8012007490860FBF737F900205C
:10D49000FBF7B2F900F032F8034908801CBD000028
:10D4A00000040240808240425C0000202DE9F041EF
:10D4B00006460C46174600200F4908600320FBF77C
:10D4C0007FF9C4F30740FBF77BF9C4F30720FBF7B0
:10D4D00077F9E0B2FBF774F9002505E0FF20FBF7D0
:10D4E0006FF97055681C85B2BD42F7DB0120024917
:10D4F0000860BDE8F08100008082404210B5002441
:10D5000000200E4908609020FBF75AF90020FBF735
:10D5100057F90020FBF754F90020FBF751F9FF20E1
:10D52000FBF74EF944EA0024FF20FBF749F90443D6
:10D5300001200349C1F88002204610BD808240428C
:10D540000080404210B500240020074908600520F3
:10D55000FBF736F9FF20FBF733F9044601200349B6
:10D56000C1F88002204610BD8082404200804042C7
:10D5700010B500BFFFF7E6FF00F001000028F9D169
:10D5800010BD00002DE9F05F81460F461646DFF81A
:10D59000A8B04FEA1738C7F30B0ACAF58054A64261
:10D5A00000DC344644E04FEA08314FF480525846DC
:10D5B000FFF77CFF002508E00AEB05001BF80000E0
:10D5C000FF2800D003E0681C85B2A542F4DB00BF51
:10D5D000A54216DA4046FFF713FF002507E019F8C9
:10D5E000050005EB0A010BF80100681C85B2A54295
:10D5F000F5DB4FEA08314FF48052584600F02EF820
:10D6000004E022463946484600F028F8A64200D1F8
:10D610000FE008F101084FF0000AA1442744301B35
:10D6200086B2B6F5805F02DD4FF4805400E03446E8
:10D63000B9E700BFBDE8F09FD82B002010B500204F
:10D64000044908600620FBF7BBF801200249C1F835
:10D65000800210BD80824042008040422DE9F041AE
:10D6600007460E461446F0B2C0F58075AC4200DCA9
:10D67000254612E02A463146384600F013F8AC42FF
:10D6800000D10BE02F442E44601B84B2B4F5807FA0
:10D6900002DD4FF4807500E02546EBE700BFBDE8F2
:10D6A000F08100002DE9F04106460C461746FFF7D1
:10D6B000C5FF00200F4908600220FBF781F8C4F382
:10D6C0000740FBF77DF8C4F30720FBF779F8E0B2D9
:10D6D000FBF776F8002504E0705DFBF771F8681C35
:10D6E00085B2BD42F8DB012002490860FFF740FF28
:10D6F000BDE8F0818082404202490120096881F83A
:10D7000054007047780200202DE9F0418AB00400EF
:10D7100036D0F4F785F90190D0E90012CDE9041272
:10D72000876A056A01A8F4F7ABF9204600F042FECB
:10D73000060025D0204600F0C4F98046B80704D57D
:10D740002A46414604A800F093FF2046F4F768F902
:10D7500001904046F4F764F906903046F4F760F91A
:10D76000039005620698019AC1691162C46101A81B
:10D77000F4F786F906A8F4F783F903A8F4F780F91B
:10D780000AB0BDE8F08100002DE9FC5FDFF838A1A8
:10D790000746DDE90C54DAF81400DDF83CB0984691
:10D7A00091460E4604434DB9BAF8020048B34748C3
:10D7B0000AF138010068407C51F82050681C0ED0F6
:10D7C000FDB12846F4F72CF90190B0F90010B0F93A
:10D7D00002200F441644B9F1000F02D006E00025E4
:10D7E0000FE0B0F90430591A01F10109B8F1000F46
:10D7F00004D1B0F90600801A00F1010801A8F4F77D
:10D800003FF90BF12C00F4F754F85FEA000B57D006
:10D81000BAF80200401CAAF802005846F4F700F9D2
:10D820000090078007EB09014680491E818006EBC6
:10D830000801491EC1800E990161254A816A224072
:10D84000114381626846F4F71BF9DAF80C005E4672
:10D8500050B1F4F72DF907463046F4F729F901469F
:10D86000786948617E6101E0CAF80CB029465846E3
:10D8700000F036FEA00602D5584600F067FCE0072F
:10D8800005D0DAF8201001F10101CAF82010600675
:10D8900002D55846FFF738FFA0070DD55846F4F7D4
:10D8A000BFF80090816A41F0020181626846F4F796
:10D8B000E7F8584600F063FB0121584601F023F9D0
:10D8C0005846BDE8FC9F00000403002078020020B9
:10D8D0009F3F070003490020096881F85400F7F7CB
:10D8E000B3BB00007802002010B50446C168D4E93B
:10D8F0000020172A0DD004DC0E2A0CD0142A07D1E0
:10D9000004E0222A0CD0282A02D10CE000F00CFD01
:10D910000020E06010BD2146BDE8104000F036BC9C
:10D920006FF07040F5E7BDE8104000F028BB38B557
:10D9300004000BD0F4F774F800900068F5F7D2F902
:10D940006846F4F79DF82046F3F7CEFF38BD000097
:10D95000F8B505005CD000F0E7FE002858D0284656
:10D9600000F03AFD06460B21284601F0CCF8284687
:10D9700000F0A1FC2846F4F753F80090406A08B183
:10D98000F4F770FD234C002104F15002A162A0685D
:10D9900052F82030AB4201D142F820101D4A4832E3
:10D9A00052F82030AB4201D142F82010206904E047
:10D9B0004368AB4200D1416000680028F8D10721DC
:10D9C000284600F012FB009801F05EFB284600F0AC
:10D9D00097FC284601F016F80098806AC10703D02A
:10D9E000216AA1F101012162800602D5A088401EB2
:10D9F000A0806846F4F744F86088401E608028469E
:10DA0000F3F772FF0348383050F8260000F09EFB11
:10DA1000F8BD0000040300202DE9F041002500E0DE
:10DA2000012502F037FE0028FAD1154E154C30685A
:10DA300090F8540038B1A08828B1E069012720B1DE
:10DA40000068804704E000270EE00120F6F73AF96D
:10DA5000306890F8540038B1A08828B102F0DEFC9C
:10DA6000A08808B10125F3E73FB1E06910B1406833
:10DA7000804702E00020F6F725F92846BDE8F0814E
:10DA80007802002004030020034804490068407C19
:10DA900051F8200070470000780200203C0300206D
:10DAA0000021022802D2024951F82010084670478E
:10DAB0003C03002010B5002802D0F3F7F9FFC0693D
:10DAC00010BD10B5002802D0F3F7F2FF806910BD39
:10DAD0002DE9F04F9BB04FF0000B5E46CDF820B023
:10DAE000CDF824B0CDF828B0F4F7E6FF18B1002047
:10DAF0001BB0BDE8F08F6846F4F7B8FF0098C64D3C
:10DB0000C64C401C11D0009800281DDB019800284D
:10DB10001ADBC3490098B1F900100844C1490090CC
:10DB20000198B1F9001008441DE00198401C1BD178
:10DB300020689DF8081000EB400005EB8000007A9B
:10DB4000884207D15846D3E70098401C0CD1019871
:10DB5000401C09D1206800EB400055F8201005EB6F
:10DB6000800000914068019005A800F06DFB9DF8D1
:10DB70000900022800D2206007AA12A92068F4F741
:10DB80002FFB12990098401A009007990198009A6B
:10DB9000401A0190206800EB400055F82010914297
:10DBA0000AD105EB8000019A4168914204D1007AC4
:10DBB0009DF8081088427CD0DDE900019DF809201D
:10DBC000F4F706F8984F396809B1684688479748CE
:10DBD000216850F8210018B9DDE9000100F0B1FA20
:10DBE00006907A6812B10699684690478A4F206875
:10DBF000383707EBC0014868069A824201D00122FB
:10DC000000E000220DF12009F0B1EAB1486800F00F
:10DC10004FFDC8B1206807EBC000406800F03DFD33
:10DC200090B19DE8070008AB07C31220CDF84490DF
:10DC30000E90206807EBC00040680EA900F089FF35
:10DC4000206807EBC0004660069800F031FD002810
:10DC50007ED00699206807EBC002516000EB4000BF
:10DC600005EB80009DF80810007ADFF8ACA188422F
:10DC70000AF1280A5DD00698C0B30698F3F7D0FEE3
:10DC80009DF8081013908DF83410216801EB4101C4
:10DC900005EB8101097A8DF83510B0F90020009963
:10DCA000891A0B91B0F902000199081A0C9013A877
:10DCB00000E0ACE0F3F7E4FE0BA8119011200E9009
:10DCC000206800EB400105EB810191E88C00049293
:10DCD000CDE914379DF808200A729DF8281031B15B
:10DCE0000AEBC0014F68069A4A6001E021E0002774
:10DCF0000AEBC000D0F8048006980EA900F0E2FEFE
:10DD000021680AEBC1004368434501D04068069092
:10DD100001EB410005EB8003DDE91412049807C311
:10DD20003FB1384600F05DF918B121680AEBC10037
:10DD3000476020689DF8081000EB400805EB88025A
:10DD4000137A0B434BD00C234FF0010B574600E0E6
:10DD500052E00AEBC0000E934368DDF818C09C4502
:10DD600015D043689BB109B1119608E055F8281009
:10DD70000891516809918DF82860CDF84490406869
:10DD80000EA900F0E6FE206807EBC00046602068A0
:10DD90009DF8081000EB400205EB82021172069913
:10DDA00051B39DE80E000DF12008A8E80E009DF883
:10DDB000281021B1069907EBC000416008E01C481B
:10DDC000007808B100F044F9206807EBC000466015
:10DDD0000698CDF844900EA900F0BBFE0CE0069822
:10DDE00050B1069800F059FC30B19DE8070008AB2F
:10DDF00007C310200E90EBE721689DE81C0001EBA3
:10DE0000410005EB80001CC0684600F013F905A82E
:10DE100000F0E2FD96E60000F87A01200C030020F5
:10DE2000A8020020AA020020940300204C03002036
:10DE30005C0300202DE9FF5F2C4D6878002853D14A
:10DE400000272B48EF60AF620068DFF8A8903C46DF
:10DE50004764AF806F804FF0020A4FF0FF3B40F6FF
:10DE6000FF7805F138062046F3F7CAFF98B1CDE9EF
:10DE70000297CDE900BA0021424643460846FFF723
:10DE800083FC1A4A46F8240040326FF0704142F891
:10DE9000241000F074F8641C022CE4DB164FDFF849
:10DEA0005C80DFF85C90002407EBC40000F0CCF944
:10DEB00008EBC40000F0C8F909EBC40000F0C4F995
:10DEC000641C022CF0DB306800F040F9FFF714FC12
:10DED00001200649687030310A48086004B00846DD
:10DEE000BDE8F05FF5F7A6BFBDE8FF9F0403002083
:10DEF00078020020D52C0108107B0120207B012016
:10DF0000307B0120A115010870B586B00D460600D2
:10DF10002CD0F3F785FD0090846AA10723D5D0E9C2
:10DF20000010CDE90110E00302D5304600F02DFBD2
:10DF30005DB1286803906868049003A9009800F018
:10DF40008BF903A901A8F5F777FE314601A800F087
:10DF50008BF940B140F601000440012C08D001A922
:10DF6000304600F00FFB6846F3F78AFD06B070BD3F
:10DF70000098026A816901A800F07AFBF3E70021AA
:10DF8000FFF7C2BFFEB515460E4604001CD0F3F7DE
:10DF900047FD0246009090F82800800711D53146D1
:10DFA00001A8F5F766FE60B16846F3F769FD2A46F9
:10DFB00001A9204603F024FA2046FFF77BFD044622
:10DFC0000CE06846F3F75CFDFEBD2A4601A9204639
:10DFD000FFF7D8FF2046F3F76BFD046A002CF4D15D
:10DFE000FEBD00F0A1BB00F0B1BB1FB5262203911E
:10DFF0000092694600F0CAF81FBD000010B50C4C35
:10E000000A4A03462468002086B052F82420002AD9
:10E010000AD00E200090CDE9043104A8039069468F
:10E02000104600F031FD012006B010BD5403002061
:10E030000C030020054A01EB410102EB8101D0E90C
:10E04000002380680A60C1E901307047BC7B012071
:10E0500000F0ACBC70B5154606468AB00C4651EAD5
:10E0600005006CD0002E6AD03046F3F7D9FC05903D
:10E07000D0E90012CDE90212CDE9061284B1816A1D
:10E080000A0608D5890506D4BDF81810A1EB0401CD
:10E09000ADF8181004E0BDF81C102144ADF81C10B8
:10E0A00085B1816ACA0508D5490506D4BDF81A109C
:10E0B000A1EB0501ADF81A1004E0BDF81E102944CB
:10E0C000ADF81E10806AC00302D5304600F05DFA3C
:10E0D00005AB07CBC0E9001290F8280080070AD5ED
:10E0E00006AA02A908A8F4F785FC0598026A8169C6
:10E0F00008A800F0BDFABDF91E00BDF90E10401AC7
:10E100000090BDF91C00BDF90C10431ABDF91A00AE
:10E11000BDF90A10421ABDF91800BDF90810411ADC
:10E12000059800F031FD059901F10800F5F784FD2F
:10E130000521304600F0E7FC05A8F3F7A1FC0AB082
:10E1400070BD0A460146002003F028BC70B50C4D96
:10E1500004002868866C01D10A49CC688464204692
:10E1600000F088FCF6F770FF2046F3F7A1FC296861
:10E17000B0F90020CA64B0F902000865304670BDED
:10E18000780200200403002000F0AABC70B50C0047
:10E19000054609D0FFF795FC002805D02146A5606B
:10E1A000BDE8704000F070BC70BD000010B5F3F722
:10E1B0008BF9024900200968486410BD78020020EC
:10E1C000F8B516460C46050018D0F3F729FC009068
:10E1D000B0F90410B0F90020891A641AB0F90610D9
:10E1E000B0F90200641E081A361A761E6846F3F764
:10E1F00047FC324621462846FFF72CFFF8BD0000B9
:10E200000EB50E48006890F8541009B10C4811E0A2
:10E21000806CF3F705FC0090D0E90010CDE9011007
:10E220006846F3F72DFC0748416A11B101A800F0D8
:10E230001BF801A803F0D4FB0EBD000078020020FB
:10E24000847A01200403002002490A680260086001
:10E2500070470000140300200B46B0F90220B0F90B
:10E2600000101846F4F7F2BB38B50C4605462046B8
:10E27000F3F7D6FB0146009090F82800800703D4FE
:10E280006846F3F7FDFB12E02846F5F7D5FC009849
:10E29000806920B104466846F3F7F2FBE7E7684679
:10E2A000F3F7EEFB204600F0F9FE002801DA00202B
:10E2B00038BD012038BDF8B505466846F4F734FD91
:10E2C0001AE001212046F4F71BFD009981B178B1D5
:10E2D0000846F3F7EDFB4068A84209D1694620469D
:10E2E000009EF4F735FD04463046FFF720FB04E0BE
:10E2F00069462046F4F72CFD0446002CE1D1F8BD18
:10E3000038B50446F3F78CFB0090816941B1026A8D
:10E3100000F0AEF9204600F08DFB009900208861E6
:10E320006846F3F7ADFB38BD38B50C4600280AD077
:10E33000002C08D0F3F774FB2146009000F004F89D
:10E340006846F3F79DFB38BD00224A800A80828828
:10E350000388D21A8A80C2884088101AC880704701
:10E3600010B5FFF7AEFB002802D0F3F7A1FBC069A0
:10E3700010BD00000D4810B5006890F8540000284A
:10E3800006D00B4C6069012803DD401E606100204F
:10E3900010BD2069401C206102F0F8FB18B1FFF7A6
:10E3A0002FFF012010BD6069EFE700007802002018
:10E3B0007C7A012070B50546FFF7D2FF08E0AC4239
:10E3C00001D1002406E0F3F773FB006AA84201D0F4
:10E3D0000400F4D1204670BD10B50446F3F768FB85
:10E3E00080690028F9D12046BDE8104000F056BEF3
:10E3F000F0B5384E074687B0306890F8541041B1F8
:10E40000354C6169491C6161012905DD012007B0B6
:10E41000F0BDFFF7F5FEF9E7806CF3F701FB2F4D38
:10E420004FF0FF3100902161297821B1816802917C
:10E43000C068039007E090F8281089073CD5D0E920
:10E440000010CDE902101FB1394602A8F5F7F4FB20
:10E450003068406C78B3009804903068406C016874
:10E46000059140680690686A30B104A8F3F708FB8C
:10E47000686AF3F7D5FA049005A90498FFF7ECFE53
:10E4800005A902A8F5F7D8FB0DF11000F3F7F8FA8B
:10E49000696A19B102A8FFF7E7FEB0B13068816C74
:10E4A00002A8FFF7E1FE80B1DDE90201C4E9000145
:10E4B000FFF760FFABE706E06069401E60616846F9
:10E4C000F3F7DEFA04E06846E0E76069401E606149
:10E4D00000209CE7780200207C7A012004030020C1
:10E4E000FEB50D00044647D0F3F79AFA00900021DC
:10E4F000856101622846F3F793FA00990290C56995
:10E5000091F8281001F008062DB12846F3F788FA93
:10E51000019036B115E0C4616846F3F7B1FA02A87C
:10E5200028E090F8280000070BD5009805620298B3
:10E53000C4616846F3F7A4FA02A8F3F7A1FA01A8A8
:10E5400018E002A8F3F79CFA01A8F3F799FA284615
:10E55000F3F7AEFA11E004620BE02846F3F7A8FAED
:10E560005EB990F82810090707D501980462009851
:10E5700005626846F3F784FAFEBD0190056A002D36
:10E58000EBD1E8E7202202F03BBF38B504001ED0F3
:10E59000F3F746FA009090F82810890714D5406ADE
:10E5A00020B1F3F75FFF0099002048622046FFF793
:10E5B00081FA044606E02046FFF7E7FF2046F3F71E
:10E5C00077FA046A002CF6D16846F3F759FA38BD99
:10E5D00070B5064615460C460846F3F769FA806A98
:10E5E000C00302D54FF4804300E020232A46214691
:10E5F0003046BDE87040AFF300802DE9FF419846FA
:10E60000164607460D0031D00846F3F709FA009088
:10E61000846A0246A00726D5394601A8F5F729FBEA
:10E6200008B340F601000440012C07D0424601A97E
:10E63000284602F0E5FE0098C46912E000984346BF
:10E64000026A816901A8FFF7D8FFF4E7B4420AD053
:10E65000424601A92046FFF795FC2046F3F728FA29
:10E66000046A002CF2D16846F3F70AFABDE8FF818C
:10E670002023FFF7C2BF000070B50C46002550B143
:10E680004CB100BFF3F714FA8069A04201D1012513
:10E6900001E00028F6D1284670BD10B50124F3F73B
:10E6A00007FA90F82800C00600D50024204610BDC7
:10E6B00070B5104D06460E4C286804EBC00041684A
:10E6C0003046FFF7D9FF296804EBC102516829B130
:10E6D00000215268B24203D1012202E00121F8E791
:10E6E00000220143114301D0012070BD002070BD04
:10E6F000107B01200C03002090F828309B0711D5D7
:10E70000B0F900308B420DDCB0F904308B4209DBEC
:10E71000B0F90210914205DCB0F90600904201DB2D
:10E72000012070470020704710B504460648C068B5
:10E7300006E0A04201D1012010BDF3F7B9F940690C
:10E740000028F6D110BD000004030020F0B58BB006
:10E7500006004FF0000015460C4604900590069008
:10E7600007903DD054EA05003AD03046F3F758F907
:10E770000090D0E90012CDE902122A462146F4F7B2
:10E7800065F900982A4621460830F4F75FF90098A9
:10E79000C7696846F3F774F92A462146384602F0FD
:10E7A0007EFE3046F3F73CF9009090F82810890778
:10E7B0000AD5816941B1026AFFF70AFF0098026A2F
:10E7C000816902A8FFF704FF6846F3F759F90320AF
:10E7D000049007AA08A831C204A9304600F054F9F1
:10E7E0000BB0F0BD2DE9F14187B000250798F3F794
:10E7F00017F90190D0E90212CDE903120769866981
:10E80000846A01A8F3F73CF944F2200814EA080FDF
:10E8100030D0DFB103A80799FFF726FDB0B1079804
:10E82000FFF794FC60070DD556B144F30000401C7F
:10E830000090002307AA114903A8F3F733FE05E06F
:10E840000120F5E7079800F065F801250798F3F730
:10E85000E7F80190816A21EA080181628A0402D501
:10E8600041F00401816201A8F3F70AF9044988889C
:10E87000401E888008B02846BDE8F0818D2C010834
:10E8800004030020F0B589B00546F3F7C9F80290FB
:10E89000866A0469D0E90210CDE9001002A8F3F7F6
:10E8A000EFF8002C31D0B0072FD52E212846FFF7E6
:10E8B0006BFC174C6F46207800F101002070F004CB
:10E8C0004FF00F0609D5CDE904650797FFF76EFCF9
:10E8D00004A9284600F0D8F810E03846FFF788FD74
:10E8E0000AE0CDE904650797FFF760FC04A9284614
:10E8F00000F0CAF8FFF73EFD0028F2D120782F2162
:10E90000401E20702846FFF73FFC09B0F0BD000014
:10E910000403002038B50446F3F782F80090806ABB
:10E9200040F601010840012805D06846F3F7A8F831
:10E93000204602F063FE1448006A002823D02046D7
:10E9400002F0B4FE2046F3F7B3F88569046A18E0D4
:10E950002046F3F7ADF890F82800C043800702D1B5
:10E96000204602F05DFE204602F0A0FE2046F3F7AE
:10E970009FF8046A002CEBD12846F3F799F88569D3
:10E98000046A002DF6D138BD04030020B0F9001050
:10E99000B0F90420914205DCB0F90210B0F906008C
:10E9A000814201DD00207047012070477FB5094D8D
:10E9B000074C286854F82000002808D0182100913E
:10E9C000694600F061F82968002044F821007FBD05
:10E9D0004C0300200C030020094B1968002905D0C6
:10E9E0000022814206D108680AB1106070470028F1
:10E9F000186070470A4609680029F2D17047000084
:10EA00001403002070B505460948C0680CE000BF3B
:10EA1000F3F74EF804464069A84205D12846F3F7BB
:10EA200047F84069606170BD0028F1D170BD0000F9
:10EA30000403002070B50646F3F73AF805468069EE
:10EA4000002809D0F3F734F80446C069B0420ED16B
:10EA5000F3F72EF8006AE06170BD00BFF3F728F805
:10EA60000146006AB04202D1286A086270BD0028DF
:10EA7000F4D170BD10B5FFF7AFFC002803DBBDE893
:10EA80001040F4F7B5B810BD70B50D4C06460D46F4
:10EA9000206814280DDA3046F3F70AF801696E6031
:10EAA00041B12068401C2060284688472068401EED
:10EAB000206070BD2846BDE87040FEF715BF00001D
:10EAC0009003002070B50C460546FFF7E6FD0028D0
:10EAD00005D021462846BDE87040FFF7D5BF70BD80
:10EAE0007FB50546002000900190029003900C46EF
:10EAF0002846F2F7DDFF0269002A03D06846CDE917
:10EB0000004590477FBD1FB5CDE900106946FFF76E
:10EB1000BBFF1FBD7FB505460E464868C968039117
:10EB2000CDE901050D202C46009008E02046FEF7B7
:10EB3000C8FF040003D069460396FFF7C3FF2046D1
:10EB4000FFF74FFA0028F1D131462846FFF7BAFF08
:10EB50007FBDF8B5CC680D46064684B1F2F760FF7C
:10EB60000090B0F900002168081A206000996068E0
:10EB7000B1F90210401A60606846F2F781FF294639
:10EB80003046FFF7C7FFF8BD2DE9FF4F81B09B4628
:10EB9000C66962E03046F2F743FF01460090D1E9D2
:10EBA0000004896A254601F420730246802B09D0AF
:10EBB000B3F5207F029B134406D063F30F02029B40
:10EBC000234405E002EB0B0363F30F0204EB0B039A
:10EBD00001F4A06163F30F04B1F5807F0BD0B1F5B0
:10EBE000A06F03994FEA224307D0194461F31F42F3
:10EBF0002314039906E00E991314194461F31F427C
:10EC00000E99231419440FFA82FA61F31F440FFA84
:10EC100080F917144FEA2048AAEB0901A7EB080274
:10EC200051EA020002D03046FFF7DDF92AB221B2E4
:10EC3000A2EB0900A1EB0A01091AC7EB2440C8EBBB
:10EC40002542821A51EA020002D03046FFF702FA4A
:10EC50000098066A6846F2F713FF002E9AD105B0B5
:10EC6000BDE8F08F2DE9F0411B4D0C460646A96822
:10EC7000686B0144491EA019884205D8016819B97A
:10EC800041680E4402F0A0FD686BA0420AD254F81D
:10EC9000040C271A386828B978680644384602F008
:10ECA00093FD3C46304602F027FA05EBC00732469A
:10ECB000002120463B6C03F0CDFA57F8400F083492
:10ECC00000B144602060002060603C6028683044EF
:10ECD00028603046BDE8F0812C7901202DE9F04113
:10ECE000054602F03BFB2B48C46BAC4202D8ED1C3E
:10ECF00025F00304804600680C34A04202D20020B4
:10ED0000BDE8F08102F020FD0600F9D0204602F0B7
:10ED1000F3F9424611E000BF02EBC001096C59B1A2
:10ED20008D686B68A3420BD2A96829B18D686B68A6
:10ED3000A34205D2002DF7D1401C1028ECD31FE0D0
:10ED4000F5B1D8F83C00191B0C301F46814200D2A7
:10ED50003C46284602F038FD0421D8F8300001EB8B
:10ED6000C6010023455022463146284603F072FA78
:10ED7000A74203DD2919381BFFF774FF3046BFE7B0
:10ED8000204602F069FD0028C0D0304602F0FCFCAD
:10ED9000B5E700002C79012001207047F0B40F4C3A
:10EDA000246814B1A446F0BC60470D4DDFF834C0B0
:10EDB00010C855FA84F63778C4F30726C4F307441D
:10EDC0001CF806602C5D521E04EB461404EBC724AD
:10EDD0000C801944ECD1F0BC704700005C020020AC
:10EDE00010890108108A010810B510C80C60194478
:10EDF000521EFAD110BD00002DE9F0478146F5F70B
:10EE0000E3FC4FF0000807466FF07F444546F5F7F6
:10EE1000F3FC060018D000BF56F82510494502D172
:10EE20002846BDE8F0876D1CBD42F5DB5FF00005AC
:10EE3000484656F82510F2F703FFA04201D20446D7
:10EE4000A8466D1CBD42F3DB4046EAE77047000070
:10EE500010B5084A52FA80F1074BC0F30724C0F3FB
:10EE600007401B5D105C097800EB431000EBC120EC
:10EE700010BD000010890108108A01082DE9F05F1B
:10EE80009A46DDE90A8791460C4605468B461646AA
:10EE900035F8020B41468847B84701C4761EF7D1C2
:10EEA0005046BAF1200F06D2024649465846BDE800
:10EEB000F05FF4F7DBBABDE8F09F2DE9F0410546BD
:10EEC00040690E463421008801EB8000F2F7ECFC2B
:10EED0000746F2F7A5FD044628688069F2F790FF1F
:10EEE000C1688A6A08219047032810DB04280DDDD9
:10EEF000082809DD102803DD20200421A06108E096
:10EF000010200221A06104E0082000E0042001217B
:10EF1000A061216168690088E06148436061F2F79F
:10EF20005FFD6169814200DD606104F13400002110
:10EF30002060C4E9027184F83060012E05D0E169D7
:10EF40006FF0030202EB8101084460602046BDE8D7
:10EF5000F08100002DE9F04385B08146F2F760FDB5
:10EF60000390B0F90080B0F90270B0F90440B0F934
:10EF70000650466A03A8F2F783FDA4EB0804ED1BD4
:10EF8000641C6D1C002C01DD002D03DC002005B08D
:10EF9000BDE8F083AEB13046F2F742FD0490B0F91F
:10EFA0000440B0F9065004A8F2F76AFD4046444513
:10EFB00001D1BD424FD001463A463046F3F780FBBF
:10EFC00049E0FEF761FD814513D1F5F749FC06469E
:10EFD000F5F752FCB44201DC85420ADDB44200DDA3
:10EFE0003446854200DD05462A4621464846FFF75D
:10EFF000E7F81D4A1D4901208DE807002B462246EF
:10F0000039464046F3F7BEFB06464846F2F708FD90
:10F01000039046620EB3816A41F48031816203A895
:10F02000F2F72EFD3046F3F721FB07460120F4F7F7
:10F030000BFA3046F3F7DAFA0D496C43A20009786F
:10F04000F4F700FF4846FFF71DFC0020F4F7FCF939
:10F050003846F3F70BFB304699E703A8F2F710FDAB
:10F060004846FFF70FFC91E7E48C01083C8D01084E
:10F070008C0300200349884202D101F13C00704713
:10F080000C387047687B012010B50446E069FEF734
:10F090005FFCE0690028F9D110BD00000146064A76
:10F0A000002000BF52F820308B4204D0401C0228C0
:10F0B000F8DB4FF0FF3070473C03002070B5064688
:10F0C0000D480C46154650F8241000EE901AF8EE44
:10F0D000600A20EE800A02F00FFCBDEEC00A224654
:10F0E000314610EE100A1DB1BDE87040F2F71BBFAB
:10F0F000BDE87040F2F7CDBE708B0108F7B515463C
:10F10000184A01A9009812689047174C009020688F
:10F11000406920B12946F3F72FFD002821D00120B6
:10F12000F4F7D0FD2068C069406920B18268DDE94C
:10F130000001904712E00D4D0CE06846F4F710F81E
:10F1400006462068C069016830468847296809B1C9
:10F15000304688470198401E0190EED50020F4F714
:10F16000B1FDFEBDE402002078020020A0020020D4
:10F170002DE9F04781460C4617461D46DDF82080F4
:10F18000B9B2A0B2F5F780FF0948008909490968BA
:10F19000088007E02E88084800680680A8F101086A
:10F1A000641CAD1CB8F1000FF4DCBDE8F087000072
:10F1B00004290020A0000020A40000202DE9FF4F1A
:10F1C00083B081460E461C46DDE9117A109DDAF8BF
:10F1D00000000290DAF8040001902E4432480068E2
:10F1E000007C00F0030030B1012836D002281CD08A
:10F1F000032855D130E000BF207880222A411040FA
:10F2000008B1019800E0029803463146761C484652
:10F21000059A02F073FC681C0546082801D10025F8
:10F22000641C781E071EE7D13AE000BF20788021D9
:10F230002941084028B131464846019B059A02F011
:10F240005DFC761C681C0546082801D10025641C5D
:10F25000781E071EEAD123E000BFD9F81010886895
:10F260008047804600BF207880212941084060B156
:10F2700031464846059A01F04DFF83468BEA080364
:10F2800031464846059A02F039FC761C681C054652
:10F29000082801D10025641C781E071EE3D100BF99
:10F2A00000BF07B0BDE8F08F780200202DE9FF5FB6
:10F2B0009046DDE90E924B4B99F80050C2F10804DC
:10F2C0008A465D5DDDE91071D540474A139E12689C
:10F2D000127C12F0030225D0012A03D0022A37D073
:10F2E000032A7DD10069806880471FFA80FBBC42F9
:10F2F00000D93C463F1BBAF1000F65D0E8070AD0A1
:10F30000DAF808004146039A036850469847318866
:10F3100081EA0B013180B61C6D0808F10108641EFA
:10F32000ECD15BE02F4ABC4200D93C46B7EB040766
:10F3300005F001006D0831F8200026F8020B641E6C
:10F34000F6D1002F4CD019F8010F0824155CEAE71C
:10F3500088881FFA80FBBC4200D93C463F1BBAF1AB
:10F36000000F16D08DB1E80708D0DAF80800414642
:10F37000039A036850469847A6F800B0B61C08F1F7
:10F380000108641E11D06D08ECE706EB4406A044AA
:10F390000BE045B1E80701D0A6F800B0B61C641E2A
:10F3A00003D06D08F5E706EB4406002F18D019F8D6
:10F3B000011F0C480824455CCDE719F8011F0948D6
:10F3C0000824455C93E70BE0E80703D0308880EA27
:10F3D0000B003080B61C6D08641EF5D1002FECD1F7
:10F3E000BDE8FF9FC48B0108780200202DE9FF4F84
:10F3F00081B08A46DDF8388011ACDFF8FCB098F8AF
:10F4000000509146DDE90F1745CC1BF80550C1F1BE
:10F410000804CD4039495B460968097C11F00301B5
:10F420001ED0012903D002292FD0032961D11068F1
:10F430000069806880475946BC4200D93C463F1B62
:10F44000EA0702D0326842403260361D6D08641E01
:10F45000F6D1002F4DD018F8012F08248D5CEBE772
:10F460001946BC4200D93C46B7EB040705F001023F
:10F470006D0850F82220641E04C6F7D1002F38D042
:10F4800018F8012F08248D5CEBE740680090BC421F
:10F4900000D93C463F1BBAF1000F16D08DB1E807EA
:10F4A00008D0DAF808004946049A0368504698479D
:10F4B00000983060361D09F10109641E11D06D08F5
:10F4C000ECE706EB8406A1440BE045B1E80701D068
:10F4D00000983060361D641E03D06D08F5E706EB1A
:10F4E0008406002F05D018F8011F08241BF80150CE
:10F4F000CDE705B0BDE8F08FC48B0108780200208D
:10F500002DE9FF4F81B00F469846DDE90F9A98F834
:10F5100000B00E9D0E9D2F4453480068007C00F003
:10F52000030010B102284BD14BE0BAF1000F25D0F7
:10F5300000BFC5F103004400C4F10601C02008412A
:10F5400000EA0B0020FA04F65AF82600009039462B
:10F550007F1CDDE90030039A02F0D0FA681C0546F2
:10F56000042805D1002508F10100804690F800B07C
:10F57000A9F10100B0F10009DBD121E000BFC5F124
:10F5800003004400C4F10601C020084100EA0B005A
:10F5900020FA04F639467F1C3346039A019802F09C
:10F5A000ADFA681C0546042805D1002508F10100C4
:10F5B000804690F800B0A9F10100B0F10009DED159
:10F5C0004DE0BAF1000F26D000BFC5F103004400A2
:10F5D000C4F10601C020084100EA0B0020FA04F63D
:10F5E00046B15AF8260000903946DDE90030039A0A
:10F5F00002F084FA7F1C681C0546042805D100250A
:10F6000008F10100804690F800B0A9F10100B0F1C6
:10F610000009DAD122E000BFC5F103004400C4F1C3
:10F620000601C020084100EA0B0020FA04F62EB1C2
:10F6300033463946039A019802F060FA7F1C681C31
:10F640000546042805D1002508F10100804690F800
:10F6500000B0A9F10100B0F10009DDD100BF00BF89
:10F6600005B0BDE8F08F0000780200202DE9FF5FB3
:10F670008B460FA9DDF83880B1E82104C0F1040100
:10F68000CCB298F80010400081402F48129F91465C
:10F690000068CEB2007C10F0030004D001283AD0FC
:10F6A00002284FD114E0AC4200DDECB22D1BB109B1
:10F6B0003AF8210027F8020BB006060E641E14F07B
:10F6C000FF04F4D1002D3DD0042418F8016FEAE7BF
:10F6D000AC4200DDECB22D1BB0090DD0B109BBF17D
:10F6E000000F3AF82100388006D0DBF808004946C0
:10F6F000039A036858469847B006BF1C060E641E5E
:10F7000009F1010914F0FF04E6D1002D1AD00424F8
:10F7100018F8016FDCE7AC4200DDECB22D1BB0093C
:10F7200003D0388880F0FF003880B006BF1C060E7A
:10F73000641E14F0FF04F2D1002D03D0042418F845
:10F74000016FE8E7BDE8FF9F780200202DE9FF5F29
:10F750008B460FA9DDF83880B1E82104C0F104011F
:10F76000CCB298F80010400081402F48129F91467B
:10F770000068CEB2007C10F0030004D0012839D01C
:10F7800002284ED113E0AC4200DDECB22D1BB109D2
:10F790005AF8210001C7B006060E641E14F0FF04DB
:10F7A000F5D1002D3DD0042418F8016FEBE7AC42F1
:10F7B00000DDECB22D1BB0090DD0B109BBF1000F7B
:10F7C0005AF82100386006D0DBF808004946039A51
:10F7D000036858469847B0063F1D060E641E09F19F
:10F7E000010914F0FF04E6D1002D1AD0042418F802
:10F7F000016FDCE7AC4200DDECB22D1BB00903D099
:10F80000386880F0FF003860B0063F1D060E641EA9
:10F8100014F0FF04F2D1002D03D0042418F8016F76
:10F82000E8E7BDE8FF9F0000780200202DE9F041E5
:10F8300007460D4690461C46069E08E0424629466D
:10F840003846236802F05AF9761E6D1C241D002EDE
:10F85000F4DCBDE8F0812DE9F0479946DDE9085474
:10F860000A9F92465FEA0108064608D0D8F80800C9
:10F8700023464A46D0F804C051464046E047306926
:10F88000C06830B1A20029463846BDE8F047F0F71D
:10F89000A0BE28462146002604C8120E02D1761CBE
:10F8A000491EF9D156B1B20029463846F0F791FE0B
:10F8B00007EB860705EB8605A41B0CE02868010E04
:10F8C000FF2905D2C1F1FF023968F4F759FA38600F
:10F8D0003F1D2D1D641E002CDBD1BDE8F08700000C
:10F8E0002DE9FF4F81B00F469846DDE90F9A98F851
:10F8F00000B00E9D0E9D2F4453480068007C00F020
:10F90000030010B102284BD14BE0BAF1000F25D013
:10F9100000BFC5F101008400C4F10401F0200841DA
:10F9200000EA0B0020FA04F65AF826000090394647
:10F930007F1CDDE90030039A02F0E0F8681C054600
:10F94000022805D1002508F10100804690F800B09A
:10F95000A9F10100B0F10009DBD121E000BFC5F140
:10F9600001008400C4F10401F020084100EA0B000A
:10F9700020FA04F639467F1C3346039A019802F0B8
:10F98000BDF8681C0546022805D1002508F10100D4
:10F99000804690F800B0A9F10100B0F10009DED175
:10F9A0004DE0BAF1000F26D000BFC5F10100840080
:10F9B000C4F10401F020084100EA0B0020FA04F62B
:10F9C00046B15AF8260000903946DDE90030039A26
:10F9D00002F094F87F1C681C0546022805D100251A
:10F9E00008F10100804690F800B0A9F10100B0F1E3
:10F9F0000009DAD122E000BFC5F101008400C4F1A2
:10FA00000401F020084100EA0B0020FA04F62EB1B0
:10FA100033463946039A019802F070F87F1C681C3F
:10FA20000546022805D1002508F10100804690F81E
:10FA300000B0A9F10100B0F10009DDD100BF00BFA5
:10FA400005B0BDE8F08F0000780200202DE9F05FDE
:10FA500092460BAA8946B2E842010A9F9B468B0058
:10FA60003A78C1F102009A40D5B24D4A0E9CC0B21C
:10FA70001268127C12F003021AD0012A79D0022AED
:10FA800038D100295FD028090DD02909B9F1000F1C
:10FA900038F82100208006D0D9F808005A4651468F
:10FAA000036848469847A41C0AF1010A761E48E0FC
:10FAB00039B12909761E38F8210024F8020B17F80D
:10FAC000015F022E10DB701006F001062A0938F8DB
:10FAD000221005F00F02218038F822106180241DC9
:10FAE00017F8015F401EF1D1002E03D0290938F824
:10FAF00021002080BDE8F09F28090DD02909B9F127
:10FB0000000F38F82100208006D0D9F808005A46A6
:10FB1000514603684846984715F00F000DD038F855
:10FB200020006080B9F1000F07D0D9F808005A46CC
:10FB30000AF10101036848469847241D0AF1020AA8
:10FB4000B61E17F8015F022ED6DA002ED2D0280991
:10FB5000D0D038F820002080B9F1000FCAD0D9F8F1
:10FB600008005A46514603684846BDE8F05F18470A
:10FB7000FFE7B04200DDF0B2361AA90903D02188B0
:10FB800081F0FF0121802907A41C0D0E401E10F0FA
:10FB9000FF00F2D1002EADD0022017F8015FE8E798
:10FBA000780200202DE9F05F92460BAA8946B2E860
:10FBB00042010A9F9B468B003A78C1F102009A40AD
:10FBC000D5B24D4A0E9CC0B21268127C12F00302EC
:10FBD0001AD0012A78D0022A37D100295ED028090C
:10FBE0000DD02909B9F1000F58F82100206006D086
:10FBF000D9F808005A465146036848469847241DDC
:10FC00000AF1010A761E47E031B12909761E58F83B
:10FC1000210001C417F8015F022E10DB701006F0FE
:10FC200001062A0958F8221005F00F02216058F841
:10FC300022106160083417F8015F401EF1D1002ED8
:10FC400003D0290958F821002060BDE8F09F280959
:10FC50000DD02909B9F1000F58F82100206006D015
:10FC6000D9F808005A46514603684846984715F0A7
:10FC70000F000DD058F820006060B9F1000F07D0D8
:10FC8000D9F808005A460AF1010103684846984726
:10FC900008340AF1020AB61E17F8015F022ED6DAFE
:10FCA000002ED2D02809D0D058F820002060B9F119
:10FCB000000FCAD0D9F808005A4651460368484692
:10FCC000BDE8F05F1847FFE7B04200DDF0B2361A3A
:10FCD000A90903D0216881F0FF0121602907241DB3
:10FCE0000D0E401E10F0FF00F2D1002EADD002200C
:10FCF00017F8015FE8E70000780200202DE9F047DF
:10FD000081460F4692461C46DDE9085826480068A1
:10FD1000007C00F0030010B1022841D11EE0B8F1D0
:10FD2000000F0ED00AE0267858F8263052463946A1
:10FD3000484601F0E3FE6D1E7F1C641C002DF2DCC2
:10FD40000BE008E0237852463946484601F0D6FEDB
:10FD50006D1E7F1C641C002DF4DC21E0B8F1000F47
:10FD60000FD00BE0267836B158F826305246394687
:10FD7000484601F0C3FE6D1E7F1C641C002DF1DCA3
:10FD80000DE00AE026782EB1334652463946484601
:10FD900001F0B4FE6D1E7F1C641C002DF2DC00BF60
:10FDA00000BFBDE8F0870000780200202DE9FF4F7A
:10FDB00083B015461E46DDE914BADDE91297DDF879
:10FDC0004080119808283FD006DC012809D002287D
:10FDD00018D0042863D126E0102844D020285ED112
:10FDE0004FE000240BE062193B46CDE900B6CDF8A8
:10FDF00008A0DDE90301FFF7E1F94F44641C444525
:10FE0000F1DB4CE000240BE062193B46CDE900B683
:10FE1000CDF808A0DDE90301FFF772FB4F44641C35
:10FE20004445F1DB3BE000240BE062193B46CDE9A1
:10FE300000B6CDF808A0DDE90301FFF751FD4F44FE
:10FE4000641C4445F1DB2AE0002409E062193B46CA
:10FE5000CDE9006ADDE90301FFF750FF4F44641C60
:10FE60004445F3DB1BE0002408E062193B460096A2
:10FE7000DDE90301FFF77CF94F44641C4445F4DBE2
:10FE80000DE0002408E062193B460096DDE903011D
:10FE9000FFF7CCFC4F44641C4445F4DB00BF00BFBB
:10FEA00007B0BDE8F08F00002DE9FF4F8DB0A848E6
:10FEB000DDE91D860068DDE91A970C46006EF1F752
:10FEC000AFFD0690406908B1F1F7AAFD0A900698C7
:10FED000C068089006A8F1F7D3FDA0190E900A9803
:10FEE00050B19B490968097C890705D10EACCDF852
:10FEF00000900ECCF3F75EF9DDE90E0102F0C6FCCE
:10FF00000446102F03D0182F5CDB002056E000259C
:10FF10001FE000BFDDE90EB02844DDF828A0109EE8
:10FF200002905FEA08010FD020000DD07200F0F7B8
:10FF3000C9FABAF1000F07D0DAF80800334659467B
:10FF400047685046029AB8471C986D1C8044089830
:10FF500004444D45DEDBF1E00A980390DDE90EB183
:10FF60000B985FEA080508440190DDF840A026469A
:10FF70001ED0EEB1039830B18068534659464768A9
:10FF8000019A0398B8470D99286809690968884754
:10FF90003080039828B180685946019A0368039815
:10FFA0009847B61C2D1D0BF1010BBAF1010AEAD1DD
:10FFB00008981C9904440B988844401C0B904845B1
:10FFC000CADBBBE0082F03D01F9800286CD06DE07F
:10FFD000002065E01F9800280A9832D0DDE90EA1C4
:10FFE00002900BEB010000901F9804905848109F5E
:10FFF000454600682646007C10F0030002D0022827
:020000040801F1
:1000000048D109E015F8011B04987F1E30F8210043
:1000100026F8020BF6D13DE0287858B1049931F862
:1000200020003080029828B180685146009A036809
:1000300002989847B61C6D1C0AF1010A7F1EEBD18D
:1000400028E0DDE90EA101900BEB01000290404891
:10005000109F464600682546007C10F0030002D041
:10006000022817D105E03A4641462046F0F72AFA21
:1000700010E0307840B12880019828B1806851465E
:100080000368DDE901029847AD1C761C0AF1010AFC
:100090007F1EEED108981C99044488440BF101009E
:1000A0008346484596DB49E02A481F90002543E0F7
:1000B0003846012F04D002281CD0042F37D128E065
:1000C00023480068006EF1F7ABFC0690CDF8008085
:1000D000109A1F990594CDE90310CDE901620F989C
:1000E0000A992B18DDE90D02FFF7E0F806A8F1F7F1
:1000F000C7FC1CE010991F98CDE90086CDE90210DD
:100100000F9804942B18DDE90D020A99FFF7AEFA57
:100110000DE010991F98CDE90086CDE902100F98E7
:1001200004942B18DDE90D020A99FFF78FFC1C9946
:100130000898884404446D1C4D45B9DB0A98002892
:1001400002D00AA8F1F79CFC11B0BDE8F08F0000C6
:10015000780200209C8801082DE9FF4F8FB0A1484C
:10016000DDE91C960068DDE91F870C46006EF1F79B
:1001700057FC0690406908B1F1F752FC0A900698C6
:10018000C068089006A8F1F77BFC04EB070010900C
:100190000A9850B193490968097C890705D410ACC5
:1001A000CDF800900ECCF3F705F8DDE9100102F070
:1001B0008BFB0446182E15DB002510E01298CDF8B5
:1001C0000080CDE9010411980A992B18DDE90F028E
:1001D000FFF741FB1E990898884404446D1C4D4567
:1001E000ECDBF6E0102E05D0082E3ED0219800283A
:1001F00073D0A7E0002034E01098029011990B987A
:10020000DDF828A00844DDF848B0464601902546B0
:10021000BAF1000F07D0DAF80800DDE901214768DC
:100220005B465046B8470F99308809694968884746
:100230002860BAF1000F06D0DAF80800DDE90121E4
:1002400003685046984702982D1D401CB61C02902A
:10025000BBF1010BE7D108981E9904440B98884420
:10026000401C0B904845C7DBB3E0002064E02198B8
:1002700000280A9832D0DDE910A103900BEB0100B1
:100280000190219800905748129F454600682646E5
:10029000007C10F0030002D0022847D108E015F8D6
:1002A000011B00987F1E50F8210001C6F7D13DE0E8
:1002B000287858B1009951F820003060039828B18F
:1002C00080685146019A036803989847361D6D1C53
:1002D0000AF1010A7F1EEBD128E031E00490DDE94C
:1002E00010A0584402903F48129F45460068264699
:1002F000007C10F0030002D0022817D105E03A4636
:1003000041462046F0F7DEF810E0287840B1306032
:10031000049828B180685146029A03680498984767
:10032000361D6D1C0AF1010A7F1EEED108981E9938
:10033000044488440BF101008346484597DB48E0BC
:1003400029482190002542E0012E04D0022E1CD025
:10035000042E37D128E023480068006EF1F760FBD7
:10036000CDF800800690219A12990594CDE90320DA
:10037000CDE9017111980A992B18DDE90F02FFF7F9
:1003800035F806A8F1F77CFB1CE021981299CDE91D
:100390000210CDE90087119804942B18DDE90F02B3
:1003A0000A99FFF7D3F90DE021981299CDE90210CF
:1003B000CDE90087119804942B18DDE90F020A9902
:1003C000FFF7F0FB1E986D1C8044089804444D45CF
:1003D000BADB0A98002802D00AA8F1F751FB13B043
:1003E000BDE8F08F78020020FC8C0108F8B50546C6
:1003F0000E4614461F463B46224631462846009488
:1004000000F080F9F8BD08B5009200F017FB08BDB8
:1004100008B5009200F068FB08BD00002DE9F0412E
:10042000134E9EB00125B46A04B9F4686846F2F729
:10043000CDFB10480068D0E90C875CB12046FEF780
:10044000D1F900B16D1E2046F1F732FB44690CB1C1
:10045000002DF3D14046B462F2F7DEFB3846F2F7E6
:10046000D9FB6846F2F7A4FB1EB0BDE8F08100009E
:100470000403002078020020F8B506460C46174613
:100480001D4623463A4621463046009500F03AF98B
:10049000F8BD00002DE9FC47DFF8AC8081461E4620
:1004A000D8F8000015468A46006EF1F7B9FA0190B7
:1004B000406908B1F1F7B4FA00902946504602F0BD
:1004C000E5F904460198C768D8F80000017CC9071F
:1004D00015D0D9F810008068804787B2009820B105
:1004E00081682A460B685146984720886D1C7840E1
:1004F00020800198B542C0680444EFDD19E0C06B6C
:100500000168009870B11FFA81F800982A46816846
:100510000B6851469847A4F800806D1C3C44B542D6
:10052000F3DD06E0701B401C89B221803C44401E74
:10053000FBD101A8F1F7A4FA0098002802D0684680
:10054000F1F79EFABDE8FC87780200202DE9FC4710
:10055000284F1E46154638688946006EF1F760FA46
:100560000190406908B1F1F75BFA009029464846CE
:1005700002F0AAF9396804460198CA6B097CD0F8E0
:100580000C801768C90715D000680069806880472B
:100590000746009820B181682A460B68494698476B
:1005A00020686D1C784020600198B542C068044402
:1005B000EFDD13E0009858B100982A4681680B6877
:1005C0004946984727606D1C4444B542F4DD05E078
:1005D000701B401C27604444401EFBD101A8F1F76A
:1005E0004FFA0098002802D06846F1F749FABDE8B2
:1005F000FC87000078020020017001207047000095
:100600002DE9F047224C0426A06AE0B1E06806EB31
:10061000D0014518E800FEF761FB070036D0216BDA
:1006200006EBC700B1460E58E0680836C2003046F7
:10063000D4F82880EFF7CDFFA7622663E0684B4629
:1006400001466A1E0EE01248BC30D0E901100830A5
:10065000B1FBF0F5AD1CDDE7471C03EBC00C401C03
:1006600046F80C709042F7D309EBC00000223250DC
:1006700021626068691A0844E56060605FEA08000A
:1006800001D0F1F731F90020BDE8F0870120FBE748
:100690002C790120F8B5184DE86AC8B1EC6813E070
:1006A0002046F1F7BDF90090018D090408D52646D2
:1006B00044696846F1F7E4F93046FDF749F903E08B
:1006C00044696846F1F7DCF9002CE9D10020E862C2
:1006D000A86900B180470948006808B1804738B967
:1006E0000748006890F8540020B1F2F7FFF908B10C
:1006F0000120F8BD0020F8BD040300209C0200206A
:1007000078020020F0B50646059CC84DAD8849F238
:100710004137BD420BD0C54DAD8845F21037BD42C3
:1007200005D0C24DAD8846F60407BD427ED1BF4D0F
:100730006D89BF4F3F683D80C1F30F25BD4F3F68B6
:100740003D80CDB2BB4F3F683D80C3F30F25B94F0D
:100750003F683D80DDB2B74F3F683D80B34DAD8906
:10076000B34F3F683D80C2F30F25B24F3F683D80D5
:10077000D5B2B04F3F683D80C4F30F25AD4F3F6801
:100780003D80E5B2AB4F3F683D80A84D6D89A84FD5
:100790003F683D80C1F30F25A64F3F683D80CDB235
:1007A000A44F3F683D80A14DAD89A14F3F683D807A
:1007B000C2F30F259F4F3F683D80D5B29D4F3F68E4
:1007C0003D80A51A6D1C5F1A7F1C05FB07F0974D35
:1007D0002D89974F3F683D8006E0974D2D68ED6B62
:1007E0002D88944F3F683D80051EA0F10100F4D193
:1007F0008E4D6D898E4F3F683D8000258D4F3F683F
:100800003D808C4F3F683D80884D2D882D12894F4B
:100810003F683D80854D2D78864F3F683D80834DF4
:10082000AD89834F3F683D80002500E011E0814F96
:100830003F683D807F4F3F683D807C4D6D882D1225
:100840007C4F3F683D80794DAD787A4F3F683D8061
:10085000EAE0764DAD8845F21057BD42F8D1734DB0
:100860006D89734F3F683D80C1F30F25714F3F681D
:100870003D806E4D6D896D1C6D4F3F683D80CDB2E2
:100880006C4F3F683D80694D6D89AD1C684F3F6876
:100890003D80C3F30F25674F3F683D80634D6D89F1
:1008A000ED1C634F3F683D80DDB2624F3F683D8085
:1008B0005E4DAD895E4F3F683D80C2F30F255D4FB1
:1008C0003F683D80594DAD896D1C594F3F683D8053
:1008D000D5B2584F3F683D80544DAD89AD1C544F43
:1008E0003F683D80C4F30F25524F3F683D804F4D18
:1008F000AD89ED1C4E4F3F683D80E5B24D4F3F68DE
:100900003D804A4D6D894A4F3F683D80C1F30F25B8
:10091000484F3F683D80454D6D896D1C444F3F6891
:100920003D80CDB2434F3F683D80404DAD89404F43
:100930003F683D80C2F30F253E4F3F683D803B4DF1
:10094000AD896D1C3A4F3F683D80D5B2394F3F6845
:100950003D80A51A6D1C5F1A7F1C05FB07F0334D07
:100960002D89334F3F683D8006E0334D2D68ED6B98
:100970002D88304F3F683D80051EA0F10100F4D165
:100980002A4D6D892A4F3F683D800025294F3F68D9
:100990003D80264D6D896D1C254F3F683D800025AB
:1009A000244F3F683D80214D6D89AD1C204F3F682D
:1009B0003D801E4D2D882D121E4F3F683D801B4DE2
:1009C0006D89ED1C1A4F3F683D80184D2D78194FE9
:1009D0003F683D80154DAD89154F3F683D8000252E
:1009E000144F3F683D80114DAD896D1C104F3F681D
:1009F0003D8000250F4F3F683D800C4DAD89AD1CFB
:100A00000B4F3F683D80094D6D882D12094F3F689F
:100A10003D80064DAD89ED1C054F3F683D80034D7F
:100A2000AD78044F3F683D80F0BD000004290020F0
:100A3000A0000020A4000020780200202DE9FF4F34
:100A4000DFF8A0A00C4685B0DAF80000DDF8488099
:100A50001F46C16B154609680391006EF0F7E0FF71
:100A600001902946204601F011FF06460198391BE6
:100A700001F1010BD0F80C90406950B3F0F7D0FFB2
:100A8000A8EB0501491C00915B462A4602902146CD
:100A9000F2F790FB02A8F0F7F3FF1AE0DAF8000093
:100AA000007CC0070DD005985F4634460069806819
:100AB000804780B22188414024F8021B7F1EF9D173
:100AC00005E003985A4681B23046F3F7E1F94E4407
:100AD0006D1C4545E2DD01A8F0F7D2FF09B0BDE885
:100AE000F08F0000780200202DE9FE4F264E1F46B1
:100AF000144630680D46DDF83090006EF0F790FF38
:100B000001902146284601F0DFFE791B01F1010A20
:100B1000316880460198C96BD0F80CB00E68406906
:100B200058B3F0F77DFFA9EB0401491C009153462F
:100B3000224602902946F2F73DFB02A8F0F7A0FFFB
:100B40001BE011480068007CC0070CD00198574694
:100B5000454600680069806880472968414002C5B1
:100B60007F1EFAD107E0BAF1000004DD01464046DD
:100B7000491E40C0FCD1D844641C4C45E1DD01A8AD
:100B8000F0F77EFFBDE8FE8F78020020FEB54F4CE7
:100B9000D4E90201CDE90001206970B3A089401CAD
:100BA00000B2ADF800006189ADF80210B4F904108C
:100BB000884207DD2088ADF80000E08910F10100CF
:100BC000ADF80200BDF90200B4F90610884274DCE9
:100BD0003F4D2868806CF0F723FF0290BDF90000BC
:100BE000B4F90010884220D1E088ADF80600A08852
:100BF000ADF804002868806C0FE0FFE72088ADF8AE
:100C000000006088DCE700BFF0F752FF0646006A8C
:100C10000022694600F0D5F8B0690028F4D10298A6
:100C200000226946C06900F0CCF8BDF80000ADF8BC
:100C300004002868806C0AE0F0F73AFF0646006A74
:100C40000022694600F046F80028EED1B06900287D
:100C5000F2D1029800226946C06900F03BF80028F2
:100C6000E3D1B4F90400BDF90010ADF804008842E6
:100C700007DADDE90001C4E9020102A8F0F700FF8C
:100C800098E72868806C08E0F0F712FF0546006AD4
:100C90000022694600F05CF8A8690028F4D10298A7
:100CA00000226946C06900F053F802A8F0F7E8FE98
:100CB000206944F62061884201DD0020FEBDDDE9A7
:100CC0000001C4E902010120FEBD00007C7A012080
:100CD00078020020FEB517460E460546002433E094
:100CE0002846F0F79DFE0090856A0146A80726D5A4
:100CF00027B13A4601A8F2F7BCFF03E0D1E90001B1
:100D0000CDE9010101A93046F1F736FFB8B1E80796
:100D100002D00098C56910E0BDF80800401C308082
:100D200001240CE001AA31462846FFF7D3FF00B1A9
:100D300001242846F0F7BCFE056A002DF2D1009888
:100D4000056A6846F0F79CFE002DC9D12046FEBD1D
:100D5000FEB516460D46044630E02046F0F760FE2C
:100D60000090846A0146A00723D526B1324601A827
:100D7000F2F77FFF03E0D1E90001CDE9010101A90C
:100D80002846F1F7F9FEA0B1E00702D00098C46947
:100D90000DE0BDF80400401EA8800AE001AA294623
:100DA0002046FFF7D5FF2046F0F782FE046A002CAC
:100DB000F4D10098046A6846F0F762FE002CCCD1AA
:100DC000FEBDFEB516460D46044648E02046F0F747
:100DD00027FE0090846A0146A0073BD526B1324623
:100DE00001A8F2F746FF03E0D1E90001CDE90101D6
:100DF00001A92846F1F7C0FE00B3E00702D0009831
:100E0000C46925E000983EB1B0F90210B6F90200BD
:100E1000814203DD084601E0B0F90200B5F9021095
:100E2000814205DABDF90600401E03E0E88011E0CA
:100E3000BDF90A00B5F906108842F7DB0AE001AAFD
:100E400029462046FFF7BDFF2046F0F731FE046A31
:100E5000002CF4D10098046A6846F0F711FE002CCB
:100E6000B4D1FEBD2DE9F0410C46C96886B049B346
:100E700006685EB394F83000012829D0E2696FF06B
:100E80000303206803EB8202656810446060276AF0
:100E90002D1D2846A269F2F7E9FA61694FF00008B2
:100EA0000291CDE90358CDF81480A1690120CDE964
:100EB0000001F068E368E26A456839463046A847B1
:100EC000C4F80C80002006B0BDE8F0810120FAE7EC
:100ED00025686560A76ADCE7F0F706BD2DE9F047F5
:100EE0000D46B3F9041006461C469146B14220DC7B
:100EF000B4F90800B0421CDBB4F90600A84218DCC3
:100F0000B4F90A20AA4214DB2F1A711A88463A460D
:100F10006069F1F7D9F860B1B4F90800B4F90410C8
:100F2000401A401C00FB0780203454F82000BDE824
:100F3000F087D9F800000028F9D0C1682A464B692B
:100F40003146BDE8F04718470078704701207047E8
:100F50000246012901D1024870470020FCE7000049
:100F6000DC880108012901D0002070470048704743
:100F7000DC880108012901D0002070470048704733
:100F80003C8D01080246A1F10900082813D2DFE8D0
:100F900000F00406080A120C0E10084870470848B2
:100FA000FCE70848FAE70848F8E70848F6E7084881
:100FB000F4E70848F2E70020F0E7000019200108F4
:100FC0003F200108911F0108A31201081D15010807
:100FD0000D150108791A0108162901D00020704763
:100FE00000487047B9290008162901D00020704731
:100FF000004870477128000803460A4699680F2A7E
:101000001FD2DFE802F01E080A0C0E1E1E1E101270
:101010001416181A1C00486870478868FCE7C868EE
:10102000FAE70869F8E78869F6E70020F4E70120A5
:10103000F2E70120F0E70020EEE70020ECE70020D7
:10104000EAE74FF0FF30E7E770B500240D460228CD
:1010500007DAF0F7D5FE20B1C1688A6A29469047C1
:101060000446204670BD0068C268926A104708298D
:1010700001D0002070472020704710B5F3F7A4FB83
:10108000B0F5807F03D0802803D307211AE0082120
:1010900018E0402801D3062114E0202801D30521BF
:1010A00010E0102801D304210CE0082801D303210B
:1010B00008E0042801D3022104E0022801D3012121
:1010C00000E0002101208840401E10BD4FF0FF309D
:1010D00070474FF6FF70704770B500240646012533
:1010E00031462846FFF7B0FF844200DA04466D1E01
:1010F000F6D5204670BD00000146054A0F2000BF0E
:1011000002EBC003DB6B8B4201D9401EF8D5704760
:101110002C7901202DE9F04107460C461546A9B26D
:10112000A0B2F3F769FC06463046BDE8F08110B581
:101130000846114601F0AAFB008810BD10B508460C
:10114000114601F0C1FB006810BD826800230B80CE
:101150004B8093895B1E1BB28B80138A5B1E1BB274
:10116000CB80704738B50C468068F0F759FC00908A
:1011700081882180C1886180818802891144491E4B
:10118000A180C18840890844401EE0806846F0F78D
:1011900077FC38BD38B50C468068F0F741FC00900C
:1011A00081882180C1886180818802891144491E1B
:1011B000A180C18840890844401EE0806846F0F75D
:1011C0005FFC38BD02490968488400207047000070
:1011D00078020020024909688884002070470000D6
:1011E00078020020054A904201D1503A01E000F116
:1011F000080209B18A4200D010467047E47A012003
:101200000349884202D1A1F13C0070470C3070477D
:10121000A47B01200021FFF7E5BF0000F0B4124CD1
:10122000646814B1A446F0BC6047541E04FB030478
:1012300001EB82000D4DDFF838C0001F2188E41A51
:1012400001F01F06521EAF5DC1F3451605EBD1211B
:101250001CF80660097801EB062101EB074140F814
:101260000419EBD1F0BC70475C020020108B010820
:10127000308B010810B50468184410C1521EFAD111
:1012800010BD70B50446F3F79FFA0546F3F7B4FABC
:10129000AC4201D3002070BD0028FCD050F82400DF
:1012A00070BD70B50446204600F042F805460022A5
:1012B0000121A069F4F7F0F90543284670BD00004C
:1012C00070B5184D0446E868011DC0E90E01091DFE
:1012D00000646161417C05F1240050F82100C1687F
:1012E0000A6B04F1080190470F48E066A868E061C6
:1012F000E8680830606101202076FCF7C5FBA06437
:10130000032084F870006FF0704020636063002059
:10131000F3F770FE6FF07F40F3F7A4FE03482861F7
:1013200070BD00006C020020F45E0108A88B01086B
:1013300070B50446A06858B91C20F0F7FDFAA0600B
:10134000A5682169886880470646F4F78DFAA86188
:10135000A06808B9012070BD0020FCE72DE9F0412C
:10136000244C94F82400002841D1012504F1BC0646
:1013700084F8245071684FF42050814200D901460E
:10138000306800F0B1FEB06810B970688008B060D5
:101390001A49194808600846F2F74CFD5A20E061E6
:1013A0000020102101FA00F204EBC003401CDA63B4
:1013B0001028F7D3D6E900100223C4E902030E185F
:1013C000143EC4E90C6100224FF0040C5B1E05E0E2
:1013D000571C0CEBC20E521C46F80E709342F7D805
:1013E00025626360FDF73EFCFFF70AF9E562BDE8A0
:1013F000F08100002C7901202D15010864020020E5
:10140000FEB514460D460646F0F752FB0090836A7F
:10141000980731D52846FDF7B9FA00282CD040F6B8
:1014200001000340012B27D03046F0F7F9FA0246BD
:101430000090294601A8F2F71CFC01A8FDF7A6FAC6
:10144000B8B1009944F22002886A104205D00831F0
:1014500001AA0846F1F7CEFA0BE0DDE901232043AB
:101460008862C1E9022305498888401C8880F1F719
:1014700029FC6846F0F704FBFEBD000004030020D1
:1014800010B5401A029CE41A4443501A94FBF0F041
:10149000184410BD7047884200DD084670472DE9AA
:1014A000F0478AB00446002091468A460190029097
:1014B000039006AE4FF00308049022E02046F0F7B8
:1014C000AFFA4A4651460090F1F7C0FA00984A46F2
:1014D00051460830F1F7BAFA0098D0E90757684644
:1014E000F0F7CEFA4A4651462846FFF7D8FFCDF826
:1014F0000480CDE906A901A920460496FDF7C4FAA7
:101500003C46002CDAD10AB0BDE8F08710B504469D
:1015100000220621A069F4F7BFF810BD10B50446FB
:1015200000220521A069F4F7B7F810BD0B4910B5EA
:10153000002081F824000146084880223C30F2F760
:1015400081FCBC2200210548F2F77CFC03480C22F8
:101550000021BDE81040BC30F2F774BC2C790120AA
:10156000084910B500208861014678220648F2F744
:1015700069FC044808220021BDE810402430F2F73D
:1015800061BC00006C020020F479012010B5034C0E
:101590006068F0F7C5F90020606010BDF40200201B
:1015A0000B4A10B500215170D162084602F1500477
:1015B00002F14803C2F8101044F8201043F820103C
:1015C000401C0228F8D3116251625161D16110BDF3
:1015D0000403002010B5084CA068F0F7A1F9E068FA
:1015E000F0F79EF92069F0F79BF900202061E06098
:1015F000A0606061A06110BD9C03002010B504468E
:10160000F0F756FA806AC00301D5034900E00349A8
:101610002046BDE8104008472D26000885E8000850
:101620002DE9FC411F4C80462068806CF0F7F8F9EA
:1016300000904046F0F7F4F9014601900098083018
:10164000F1F79AFA28B32068009A0199D0E9135665
:10165000083201F10800F2F70CFB6846F0F710FAC7
:10166000114FC7F8248001992068B1F90020C264A5
:10167000B1F90210016501A8F0F702FA4046FFF740
:10168000BDFF002078622068C0E913560120BDE844
:10169000FC816846F0F7F4F901A8F0F7F1F90020B1
:1016A000F5E7000078020020040300202DE9FC414A
:1016B0000546F0F7B5F9009090F8281089073DD558
:1016C000C46939E02046F0F7ABF9019090F8281092
:1016D000C94389072BD100990831F1F74DFA30B38E
:1016E0000098D0E902676846F0F7CAF901A8F0F758
:1016F000C7F92046FFF794FF70B12046F0F7D8F9FC
:1017000001902046FFF7D2FF2046F0F7D1F9019073
:101710002846F0F7CDF900902846F0F781F90090BF
:101720002046F0F77DF901900098C0E90267019822
:10173000046A01A8F0F7A4F9002CC3D16846F0F7B9
:101740009FF9BDE8FC81000010B50E4C6168E06AAD
:10175000814209D8401EE062FEF752FFE16A491C4F
:10176000E16208B1002010BD60680422401E606084
:10177000206A216B02EBC0028A582262012201F822
:10178000302010BD2C790120074910B54A68042487
:10179000521C4A600A6B04EBC0040B6A135100230D
:1017A00002F83030086210BD2C79012013B50068B2
:1017B0000199FFF757FB0198846801A8F0F760F9D9
:1017C0002046F0F791F81CBD10B504464068FFF7BD
:1017D00093FC0146084863680268D21A026000EB75
:1017E000C102D4E90201403200B1416009B1086090
:1017F00010BD106010BD00002C7901207CB50500E3
:1018000025D0144C2068A84206D1F0F709F90090C1
:1018100080682060684611E004462046F0F700F931
:1018200001908068A8420DD1F0F7FAF80199009074
:10183000806888606846F0F723F901A8F0F720F97E
:1018400000207CBD044601A8F0F71AF9E5E7012065
:101850007CBD0000EC0300202DE9F05FDFF89480F0
:101860008346D8F83440D8F80810601E0F18204678
:10187000D0E90015B9BB6619BE4236D2D6E90019C7
:1018800089B3D8F8303013F83130012B2DD1D8F886
:101890002820914201D1012100E000218A46FFF772
:1018A00093FF3068D8F83010042202EBC0004A469B
:1018B0000C5031462046EEF74AFEBAF1000F05D033
:1018C000D8F83010321B891AC8F8301004EB09011F
:1018D0002846FDF7C7F9BBF1000F05D0834503D8B3
:1018E0000020BDE8F09F00E04D462C44BC42BED332
:1018F0000120F6E72C790120B5EEC00AF6EE000AC9
:10190000F1EE10FA10B50AD230EE600A10EE100AAD
:1019100002F0D8FD41EC100B01F062F809E030EE66
:10192000200A10EE100A02F0CDFD41EC100B01F080
:10193000E3F851EC100B02F055F900EE100A10BD5F
:101940002DE9F8431F4690460E4605000AD0F0F7F1
:1019500067F83A4641460090FCF7CEFE28B1009861
:10196000C46912E00020BDE8F8836846F0F788F803
:10197000F8E73B46424631462046FFF7E1FF00B11B
:1019800005462046F0F794F8046A0CB1B442F0D151
:101990006846F0F775F82846E5E7000070B506469A
:1019A000064814460D460068FCF77AF823462A4696
:1019B0003146BDE87040FFF7C3BF00000C030020B4
:1019C000064910B509684A6B824206D04863F2F7AF
:1019D00099FBBDE81040F3F713BB10BD780200205F
:1019E0001FB504460F480168486C38B1026802927E
:1019F000406803900C48406A18B901E020460EE0A8
:101A0000886CF0F70DF802A90090FCF725FC6846F9
:101A1000F0F736F8214602A8F2F70EF902A8F3F71C
:101A2000FBFA1FBD7802002004030020064910B510
:101A300009680A6B824206D00863F2F763FBBDE8CF
:101A40001040F3F715BB10BD7802002030B50949EE
:101A50000B681A7C82EA0004640707D59C6BDB6B79
:101A600025681B6823600B68DB6B1D6009680874C0
:101A7000104630BD780200207CB504460D4616465F
:101A80000020009001908DF8045000966A460421D1
:101A9000A069F3F701FE7CBD0A490B48D1E9003289
:101AA000934202DAC0E9083201E0C0E90823D1E933
:101AB00002218A4202DAC0E90A217047C0E90A120B
:101AC000704700006C7A0120B40200207CB5044607
:101AD0000D461646002000900190009501966A463A
:101AE0000321A069F3F7D8FD7CBD0068C3681B6AB9
:101AF00018470068C3681B6A1847000030B5524C8D
:101B0000A48849F24135AC4205D04F4CA48845F237
:101B10001035AC421CD14C4C64894C4D2D682C8046
:101B2000C1F30F244A4D2D682C80CCB2484D2D684E
:101B30002C80454CA489454D2D682C80C2F30F2480
:101B4000434D2D682C80D4B2414D2D682C8071E01E
:101B50003D4CA48846F60405AC4224D13A4CA488F6
:101B6000012C03D1384C2488641E611A364C6489D8
:101B7000364D2D682C80C1F30F24354D2D682C80F7
:101B8000CCB2334D2D682C802F4CA4892F4D2D685D
:101B90002C80C2F30F242E4D2D682C80D4B22C4DF6
:101BA0002D682C8046E0284CA48845F21055AC42A4
:101BB00028D1254C6489254D2D682C80C1F30F2434
:101BC000234D2D682C80204C6489641C1F4D2D688A
:101BD0002C80CCB21E4D2D682C801B4CA4891B4D33
:101BE0002D682C80C2F30F24194D2D682C80164CC3
:101BF000A489641C154D2D682C80D4B2144D2D6819
:101C00002C8017E0104CA488012C03D10E4C2488A2
:101C1000641E611A0C4C64890C4D2D682C800C4D8F
:101C20002D682980084CA489084D2D682C80084D0A
:101C30002D682A80044C2489044D2D682C80044D85
:101C40002D682B8030BD000004290020A00000205A
:101C5000A40000207CB510481C46154600680E46BE
:101C6000006EEFF7DDFE01902946304600F00EFED3
:101C700004800198406950B1EFF7D2FE009081686E
:101C80002A460B68314698476846EFF7F9FE01A8E7
:101C9000EFF7F6FE7CBD0000780200207CB510480E
:101CA0001E46144600680D46006EEFF7B9FE01901F
:101CB0002146284600F008FE06600198406950B1B0
:101CC000EFF7AEFE0090816822460B6829469847E0
:101CD0006846EFF7D5FE01A8EFF7D2FE7CBD000005
:101CE000780200202DE9F74FA8B0EFF799FE039096
:101CF00001680891B0F9042029998A420AD1B0F903
:101D000006002A99884205D103A8EFF7B9FE2BB047
:101D1000BDE8F08F0020F0F7A9FC259008988269B3
:101D20009A4818920168487C1790824200D04A7401
:101D30000398B0F904100991B0F90820B0F906B081
:101D4000A2EB0101B0F90A2001F1010AA2EB0B019B
:101D500001F101012491017C89077DD541690C9134
:101D600000F120011B91099A2999A1EB02082A99F7
:101D7000B8F1000FA1EB0B074FF0FF3109DD012295
:101D800010920022554616926A1ECDF838801E9297
:101D900009E0AAF10102169200220E92169A0D464F
:101DA000424410911E92002F09DD0121DDF8909030
:101DB0001D91A9F101011F9700240B9107E01D91CE
:101DC000249C89460021641E1F91E1190B91C06873
:101DD000EFF726FE2190089804A9C068026B0898C6
:101DE000904710990398FDF768F81A901099039896
:101DF000FDF763F82290A1E01F98844204DB0B9862
:101E0000844201DC012000E0002026900BEB04005E
:101E100038440790169E8CE00020239022463146DD
:101E20000C98F0F751F9209000287DD01B9800EB1A
:101E3000860104FB0AF001EB80000F9009988119DC
:101E400001EB080006900E98864208DB1E98864239
:101E500005DC269818B100E07EE0012000E00020BB
:101E60000090BDF910100698814215DCBDF91210E2
:101E70000798814210DCBDF91410069881420BDBF3
:101E8000BDF916100798814206DB0146039B089AAC
:101E90000698FFF723F82390009840B1B6EB0801AD
:101EA00020D4E21B1ED40C98F0F70EF9D0B9099893
:101EB000BDF91020304404EB0B01824212DCBDF965
:101EC00012208A420EDCBDF9142082420ADBBDF9E1
:101ED00016208A4206DB229A00920F9A089B12680B
:101EE00000F075F8BDF91010069881421ADCBDF9B2
:101EF00012100798814215DCBDF914100698814232
:101F000010DBBDF91610079881420BDBDDE92001DB
:101F10000DF1180C51F820201A980090BCE80B0025
:101F200000F055F80F9900E001E023980860109840
:101F30000644AE427FF470AF1D9804444C457FF4D4
:101F40005BAF1A990398FFF731FC22990398FFF7CA
:101F50002DFC21A8EFF794FD0398299981802A99F7
:101F6000C18029995144491E0181249A2A9911441A
:101F7000491E4181DDE91710884203D00846034914
:101F8000096848742598F0F771FBBDE678020020D7
:101F90002DE9FC4105460E461746002000900190B1
:101FA0002846FFF7C5F9A86878B1AC68606908B938
:101FB000304600E0606960616660A7600096019746
:101FC0006A460721A869F3F767FBBDE8FC812DE9A4
:101FD000F0410646069C0D461746606AA84205D1A8
:101FE00094F93010206A0844B04203D021461846C4
:101FF000FEF738FF6068076094F93010606800EB06
:1020000081006060E06808B9C4E90A65401CE060CE
:10201000C4E90865BDE8F081F8B504460D46002026
:1020200000902046FFF784F9A06838B1A6683560B3
:1020300000956A460221A069F3F72EFBF8BD2DE951
:10204000F04105460E4617462846FFF771F9A86885
:1020500018B1AC68E66027616661BDE8F0810000F8
:1020600070B5144C0546D4E90010814212D0FDF73A
:1020700001F8297A027A91420CD12168814209D073
:10208000FCF7F8FF297A007A814203D16068FCF7F7
:10209000F1FF60600ECD606880E80E00FFF7B0F8D9
:1020A00060602168814203D10846FFF7A9F82060EB
:1020B00070BD0000C403002030B40446094A0B463A
:1020C000401C07D0581C05D09068411C02D0D16834
:1020D0004D1C02D14FF0FF300146C2E9024330BC33
:1020E000F0F784BFB4020020F0B58E080023FF2271
:1020F0000546002406E0E718B7FBF2FC02FB1C775C
:1021000080C5641CB442F6D3054600240BE004EB02
:10211000030CBCFBF2FE80CD02FB1ECCBC4501D003
:102120000320F0BD641CB442F1D35B1C022BDFD34F
:102130004E0800230546002407E0E718B7FBF2FC31
:1021400002FB1C7725F8027B641CB442F5D30546DC
:1021500000240CE004EB030CBCFBF2FE35F8027B20
:1021600002FB1ECCBC4501D00220F0BD641CB44271
:10217000F0D35B1C022BDDD300230546002407E0CF
:10218000E618B6FBF2F702FB176605F8016B641C54
:102190008C42F5D3054600240CE000BFE718B7FBDE
:1021A000F2FC15F8016B02FB1C77B74201D001204D
:1021B000F0BD641C8C42F1D35B1C022BDDD30022EA
:1021C000134602E000F8013B521C8A42FAD3002079
:1021D000F0BD00007CB5050020D0EFF721FC1049D0
:1021E00000904C68AC4214D14068486013E020462F
:1021F000EFF716FC01904468AC4207D100980199B2
:102200004068486001A8EFF73BFC04E001A8EFF745
:1022100037FC002CEBD16846EFF732FC7CBD0000A8
:10222000EC0300200A4A816952F82130834202D12E
:10223000036842F82130416809B102680A60016808
:1022400009B142684A6000210160416070470000A6
:1022500090020020006180E80E00104440F8042C39
:10226000704700002DE9F74FC8488B469CB0D0E975
:102270000010CDE9191092461C98EFF7D1FB119090
:10228000D0E90454B0F90810D0F80C800A91DFF8B6
:102290000093B0F90A001390D9F800004E46407C34
:1022A000EFF762FF1090119800680069406817907E
:1022B0003068407CEFF7CCFF064611A8EFF7E0FB53
:1022C000082D01D8012004E0102D01D8022000E0E3
:1022D00004200F90012D21D000271098082871D3D9
:1022E000082D6FD91798B0426CD0D9F80000407C07
:1022F000EFF7A6FF12900A988000EFF7D5FA1B902F
:1023000000287DD01C98F0F771F98146002C78D018
:102310002046EFF785FB002618908AE019AFDCE72E
:1023200000200C901898324681684B690CA9984798
:102330000A990446884221D11B98EFF771FB129B42
:10234000179ACDE900230146169048462246109B75
:10235000FCF794FD03AB0020169A109985C3012069
:102360000090CDE9010103460AEB060158460A9A9E
:10237000F1F78EFF16A8EFF783FB58E0012D1ED072
:1023800053E00C9801AB09EBE00200F00701049266
:10239000CDE9057101210091A3E822010AEB0601B4
:1023A000584401232246F3F785F90C98324620441D
:1023B0000C90189881684B690CA998470446002C2A
:1023C000DFD134E04FE01B98EFF72AFB169001466F
:1023D0000C9B0F98179A03FB0090129BCDE90023EA
:1023E0002246109BFCF74AFD02AB10980021169A7A
:1023F00087C3012000900AEB060101900C9A01E0CE
:102400002EE01EE00BEB020001232246F1F740FF15
:1024100016A8EFF735FB0C98324620440C9018981C
:1024200081684B690CA998470446002CCBD1C14464
:10243000761C13988642FFF673AF18A8EFF720FBBF
:102440000BE0012001A905970090A1E82103514666
:102450005846139B0A9AF1F71BFF1B98EFF744FAB3
:102460001FB0BDE8F08F1C98F0F7C0F88146002C33
:102470007ED02046EFF7D4FA0024189070E00020B8
:102480000C901898224681684B690CA998470A99C4
:10249000064688421DD1069400E0641C1898621C10
:1024A00081684B690CA99847B042F6D0012001A978
:1024B00005970090A1E8210306980A9A261A0AEBCC
:1024C0000001731C5846F1F7E3FE761C06FB0890EA
:1024D00044E0012D1ED03DE00C9801AB09EBE00279
:1024E00000F007010492CDE9057101210091A3E8F4
:1024F00022010AEB0401584401233246F3F7DAF8CB
:102500000C98224630440C90189881684B690CA9AD
:1025100098470646002EDFD11EE00C9A0F9901ABBA
:1025200002FB0190CDE9040701200090A3E82101FE
:102530000BEB02000AEB040101233246F1F7A8FE7F
:102540000C98224630440C90189881684B690CA96D
:1025500098470646002EE0D109EB08008146641C2E
:10256000139884428BDB18A8EFF78AFA78E7FFE725
:10257000012001A905970090A1E821035146584682
:10258000139B0A9AF1F784FE6AE70000C48C0108E5
:10259000780200202DE9FF4F8DB01F4690460D9820
:1025A000EFF73EFA0890B74EB0F90AB000F1180400
:1025B000D0F80C903068407CEFF7D6FD082801D8A1
:1025C000012504E0102801D8022500E00425089820
:1025D000AD4A0168096907913168497C52F82110B8
:1025E0000A69079906921668D1F804A091420FD1A2
:1025F0000021CDE90441012101AA0091A2E8820253
:10260000B0F908205B4641460E98F1F741FE30E1F3
:10261000202F02D0102F74D02BE1B0F9084008A869
:10262000EFF72EFA05FB04F0EFF73EF95FEA000A38
:10263000EDD0EFF7F5F909900D98EFF7F1F900F10A
:10264000180408900898012DB0F9087004D0022DE4
:1026500013D0042D38D121E00698DDF82490D0F86D
:1026600010C0BCF1000F01D0012320E001CCB04725
:1026700009F8010B7F1EF9D126E00698DDF82490B9
:10268000D0F810C0BCF1000F01D002230FE001CC44
:10269000B04729F8020B7F1EF9D115E00698DDF846
:1026A0002490D0F810C0BCF1000F07D004233A46A4
:1026B00049462046E04704EB870405E001CCB047DB
:1026C00049F8040B7F1EF9D10020E900099ACDE9F1
:1026D0000210CDE9042001200090019008984146A5
:1026E00008F10108B0F9082001230E98F1F7D0FD98
:1026F000BBF1010BA6D109A8EFF7C2F95046B6E02D
:10270000FFE7B0F9084008A8EFF7BAF905FB04F0B5
:10271000EFF7CAF80C9000287BD0EFF781F9099009
:102720000D98EFF77DF900F118040890B0F9080052
:102730008000EFF7B9F80B9010B1EFF771F90A903C
:102740000898012DB0F9087004D0022D23D0042D73
:1027500069D141E00698DDF82490006988B10798B6
:10276000D0F814C0BCF1000F0BD00B9848B1022375
:102770003A4620460A99E04706980123D0F810C04F
:1027800040E034F8020B51468847B04709F8010B86
:102790007F1EF6D147E00698DDF82490006988B1E5
:1027A0000798D0F814C0BCF1000F0BD00B9848B1BB
:1027B00002233A4620460A99E04706980223D0F8B9
:1027C00010C01FE034F8020B51468847B04729F883
:1027D000020B7F1EF6D126E00698DDF824900069F2
:1027E000C0B10798D0F814C0BCF1000F12D00B98FC
:1027F00080B102233A4620460A99E047069804230E
:10280000D0F810C03A4649460A98E04704EB47041E
:1028100009E02EE034F8020B51468847B04749F8EA
:10282000040B7F1EF6D10020E900099ACDE90210C1
:10283000CDE904200120009001900898414608F15C
:102840000108B0F9082001230E98F1F721FDBBF132
:10285000010B7FF475AF0B9828B10AA8EFF710F9B8
:102860000B98EFF741F809A8EFF70AF90C98EFF782
:102870003BF80898002802D008A8EFF701F911B03A
:10288000BDE8F08F780200209002002038B50546A0
:102890000C480C460068006EEFF7C2F80090B0F9E3
:1028A0000620C36800F11801A21A02FB0311B0F957
:1028B000040001EB4501A1EB40046846EFF7E0F8A6
:1028C000204638BD7802002038B505460C480C4635
:1028D0000068006EEFF7A4F80090B0F90620C36816
:1028E00000F11801A21A02FB0311B0F9040001EB78
:1028F0008501A1EB80046846EFF7C2F8204638BD99
:10290000780200202DE9F04104460D461646324675
:1029100029462046FEF7FEFB074621698868804766
:10292000804687EA0803324629462046FFF7E6F844
:10293000BDE8F081FEB50746124815460E46006810
:10294000006EEFF76DF8019029463046FFF79EFFC5
:102950000446386980688047218841402180019879
:10296000406950B1EFF75CF8009081682A460B6827
:10297000314698476846EFF783F801A8EFF780F8EB
:10298000FEBD000078020020FEB5144815460E4634
:102990000068006EEFF744F8019029463046FFF7D3
:1029A00093FF0446019800680069806880470146EB
:1029B0002068484020600198406950B1EFF730F836
:1029C000009081682A460B68314698476846EFF7C1
:1029D00057F801A8EFF754F8FEBD00007802002078
:1029E0002DE9F0412DED020B9FED3D0B2DED028BFE
:1029F0009FED3D8BDDE90254C4F30A50A0F2FF368F
:102A0000142E37DA002E18DA53EC102B9DED020B42
:102A100051EC100B01F018F953EC182B01F05AFB94
:102A200057D2002CBCBF4FF00044002551DB54EAC4
:102A3000050018BF2E4C1BD14BE02E4820FA06F79C
:102A400004EA070028431FD053EC102B9DED020B26
:102A500051EC100B01F0F8F853EC182B01F03AFB95
:102A600037D2002C03DD4FF48010F0400444BC4307
:102A700000252EE0332E07DCA6F114004FF0FF31C5
:102A800021FA00F73D4206D19DED020BBDEC028B11
:102A900002B0BDE8F08153EC102B9DED020B51EC20
:102AA000100B01F04DFB53EC182B01F013FB10D26F
:102AB000002C0DDD142E08BF641C09D0C6F13400B3
:102AC000012101FA00F02844A84238BF641C0546E1
:102AD000BD43CDE902549DED020BD7E70000000095
:102AE0009C7500883CE4377E000000000000000078
:102AF0000000F03FFFFF0F002DE9F0412DED020B2C
:102B00009FED3D0B2DED028B9FED3D8BDDE90254DA
:102B1000C4F30A50A0F2FF36142E37DA002E18DA6A
:102B200053EC102B9DED020B51EC100B01F08CF8C7
:102B300053EC182B01F0CEFA57D2002CA4BF00247E
:102B4000254652DA24F00040284318BF2E4C4CD0C2
:102B50001AE02E4820FA06F704EA070028431FD09F
:102B600053EC102B9DED020B51EC100B01F06CF8A7
:102B700053EC182B01F0AEFA37D2002C03DA4FF4E5
:102B80008010F0400444BC4300252EE0332E07DCC7
:102B9000A6F114004FF0FF3121FA00F73D4206D1B3
:102BA0009DED020BBDEC028B02B0BDE8F08153EC51
:102BB000102B9DED020B51EC100B01F0C1FA53EC00
:102BC000182B01F087FA10D2002C0DDA142E08BF52
:102BD000641C09D0C6F13400012101FA00F0284438
:102BE000A84238BF641C0546BD43CDE902549DEDA3
:102BF000020BD7E7000000009C7500883CE4377E9C
:102C000000000000000000000000F0BFFFFF0F0008
:102C100000B52DED048BB0EE409AF0EE609A83B0D3
:102C200051EC190B01F098FA41EC180B18EE100A50
:102C300018EE901A8DED008B002818BF0120084374
:102C400020F00040C0F17F6000F1E040C00F14D0E0
:102C500019EE101A19EE900A8DED009B002918BF8D
:102C60000121084320F00040C0F17F6000F1E04006
:102C7000C00F04BF0120EDF716FDB0EE480A03B007
:102C8000F0EE680ABDEC048B00BD0000F8B50F4CF7
:102C900007462068806CEEF7C3FE00902268D0E9FA
:102CA0000256D2E90212C0E902126846EEF7E8FEC7
:102CB0003868FBF72FFE2068806CEEF7B1FE0090BD
:102CC000C0E902566846EEF7DBFEF8BD7802002048
:102CD00000BF704710B5044600680E2802D00F28C8
:102CE00017D108E0E0684168012917D10068BDE804
:102CF0001040EFF7EFBF6068FCF7D0F9084951F8D2
:102D000020006FF07041884203D0EFF783FFEEF7A9
:102D1000B9FF2046BDE81040FAF7E6BD10BD00003F
:102D20004403002070B504460D4600202071401E6B
:102D3000E0622946204600F083FD08B1032070BD03
:102D400094F82E1294F82F0241EA00204AF65521F9
:102D5000884201D00220F2E794F86900010694F855
:102D6000680041EA004194F8670041EA002094F8C5
:102D70006610084320F07F400D49884201D10020B1
:102D8000DDE794F88500010694F8840041EA0041EB
:102D900094F8830041EA002094F88210084320F060
:102DA0007F400349884201D10020C8E70120C6E7DF
:102DB000464154000146002002E04910421CD0B2B6
:102DC0000129FAD17047000070B504466FF0040085
:102DD000F5F7D6FDE11704EB5171C1F3C7010D4AB8
:102DE0001170E11704EB5171CD104FF47A70454327
:102DF0000120094908804FF0E020006940F00200FE
:102E00004FF0E021086108464561006940F001008B
:102E1000086170BD6E0000207000002070B504468F
:102E20000F480078012814D10E48007888B90E4860
:102E30000088844206DB0C48008894FBF0F52846A5
:102E4000F3F7FEF90848008894FBF0F100FB11400D
:102E500084B24FF47A7104FB01F000F007F870BD02
:102E6000E2000020D6000020700000202DE9F0478D
:102E7000074600264FF0E020D0F814901148007863
:102E800007FB00F800BFF2F711FE4FF0E020856964
:102E900011E04FF0E0208469AC420CD0AC4202D289
:102EA000281B064403E0A9EB0400284406442546F9
:102EB000464500D300E0ECE700BFF2F717FEBDE89F
:102EC000F08700006E00002070B50446002514B1A4
:102ED000012C0BD103E0F4F78DFA054608E0FAF770
:102EE000BBFA4FF4A0400549088001E0012500BF6E
:102EF00000BF0DB1012070BD0020FCE7580200208A
:102F00002DE9F04107460E4615461C464FF00008D5
:102F100014B90420BDE8F08117B1012F16D106E0E5
:102F2000E2B229463046F4F7CFFD804611E009E0D1
:102F300069024FF400723046FAF7B8FA6D1C06F5D4
:102F40000076641E002CF3D1A04602E04FF0010889
:102F500000BF00BFB8F1000F01D10020DAE7012067
:102F6000D8E70146002070472DE9F04107460E469C
:102F700014461D464FF0000817B1012F16D106E088
:102F8000EAB221463046F5F787F9804611E009E0BC
:102F900061024FF400723046FAF7F4FA641C06F549
:102FA00000766D1E002DF3D1A84602E04FF0010817
:102FB00000BF00BFB8F1000F02D10020BDE8F081D2
:102FC0000120FBE7F8B5F2F73FF8F1F7ADFC04009C
:102FD0003BD100252846EEF713FF009048B1C068AA
:102FE0000C21426A68469047010007D00098884744
:102FF00004436D1C022DEDDB14B126E00120F8BD69
:10300000F1F7ACFC012540F6FF762846EEF7F8FE16
:103010000090C0B12846EFF7EBFD0420F2F7BAF8B4
:103020000021324633460846F1F78EFB0020F2F7C6
:10303000B1F800980E21C068426A684690470100C6
:1030400001D0009888476D1EDFD52046F8BD0000EE
:103050003221142000F02CFC0AE06420EEF7E2FE9E
:103060000448006808B9012000E000200149086018
:10307000F3E700008402404210B54FF40C710020C9
:1030800000F0F8FB184908604FF40C71002000F0C4
:10309000F1FB154948604FF40A71002000F0EAFB8B
:1030A000124908604FF40A71002000F0E3FB104958
:1030B00008604FF40071002000F0DCFB0D4908604F
:1030C0000948006868B10848406850B1074800687E
:1030D00038B10748006820B10846006808B10020F0
:1030E00010BD0120FCE700003C020020440200204B
:1030F0004802002054020020F7B582B0164603981B
:10310000019001A800F0F8F90546002D02DA0B2025
:1031100005B0F0BD0E4850F825400CB100202070DD
:10312000029810B10020029908700949029841F8EC
:103130002500029808B1012E01D00020E8E7002206
:1031400003A902A800F006F807463846E0E70000A9
:10315000207901202DE9F74F88B0002108980160FF
:10316000099800F0C9F907900798002803DA0B20A6
:103170000BB0BDE8F08FD549079851F820400CB945
:103180000C20F5E708980460207878B16078FFF7A4
:10319000E8FE804608F0010040B90A9820B108F026
:1031A000040008B10A20E3E70020E1E700202070D6
:1031B000079860706078FFF787FE804608F001008E
:1031C00008B10320D4E70A9820B108F0040008B140
:1031D0000A20CDE7002739462046FFF7A3FD054624
:1031E000012D01D06DBB2CE0002614E004F5F77131
:1031F00001EB0610017951B1C17A0A06817A42EADF
:103200000142417A42EA0121027A114300E00021A1
:103210004DF82610761C042EE8D3002606B1761E43
:1032200000BF5DF8267027B139462046FFF77AFDCA
:1032300000E0022005461DB1701C06460428F0D3AC
:1032400000BF032D01D1012092E70DB10D208FE7C2
:103250003B20015D94F83C0041EA0020B0F5007F7E
:1032600001D00D2084E74620015D94F8470041EA33
:103270000029B9F1000F0ED194F85700010694F817
:10328000560041EA004194F8550041EA002094F8C4
:10329000541040EA0109C4F818904020005DE07025
:1032A000E078012804D0E078022801D00D205FE703
:1032B000E07809FB00F93D20005DA070A07818B10E
:1032C000A078411E084008B10D2051E74120015D62
:1032D00094F8420041EA00202081207A00F00F009B
:1032E00008B10D2044E74320015D94F8440041EA11
:1032F000002BBBF1000F0ED194F85300010694F897
:10330000520041EA004194F8510041EA002094F84B
:10331000501040EA010B3E20015D94F83F0041EA65
:1033200000200490049808B90D2021E7049848442F
:10333000218900EB111006900698834501D20D20DB
:1033400016E70698ABEB0000A178B0FBF1FABAF1F2
:10335000000F01D10D200BE7012540F6F6708245E4
:1033600000D302254FF6F670824500D303250AF1FB
:1033700002006061E761049838442062069838448E
:10338000A062032D16D1208908B10D20F0E694F833
:103390005F00010694F85E0041EA004194F85D0088
:1033A00041EA002094F85C10084360626069800084
:1033B000059014E0208908B90D20D9E6206A484418
:1033C0006062022D02D16069400007E0207D00F0BC
:1033D0000100616901EB410100EB51000590A16919
:1033E000059800F2FF10B1EB502F01D20D20BFE67F
:1033F0004FF0FF302061E06080206071032D5AD1D2
:1034000094F8601094F8610041EA0020012852D13C
:10341000791C204600F014FAE8BB0020607194F893
:103420002E1294F82F0241EA00204AF655218842D4
:1034300041D13320005D01063220005D41EA0041A8
:103440003120005D41EA002094F830100843204903
:10345000884230D194F81702010694F8160241EA26
:10346000004194F8150241EA002094F81412084330
:10347000184988421FD194F81B02010694F81A02D9
:1034800041EA004194F8190241EA002094F8181228
:103490000843206100E00EE094F81F02010694F852
:1034A0001E0241EA004194F81D0241EA002094F80E
:1034B0001C120843E060257007480088401C80B259
:1034C00005490880E080002052E6000020790120B4
:1034D00052526141727241615A02002000BF054A96
:1034E000128802F04002002AF9D0C2B2014B9A8041
:1034F000704700000010014070B502464FF0FF30E9
:103500001568E5B1116800E0491C0D78202D02D343
:103510000D783A2DF8D10D783A2D0FD1146814F8A2
:10352000015BA5F130030A2B07D28C4205D1032B96
:1035300003D218464D1C2946156070BD002000BFFF
:10354000FBE700000EE00848006808B9012000E031
:103550000020054908604FF4FA7300221146104616
:10356000F2F7AAFEEFE70000940240421CB5A82043
:10357000FFF72AFC4FF4A060F2F71CFA4FF4E13099
:1035800000F0D6FAF5F74CFAF9F766FF4FF47840F9
:103590003C4908803CA010210B46C822CDE9001010
:1035A00032211E20F1F732FF3BA010210B46C8222A
:1035B000CDE9001046211E20F1F728FF39A0102187
:1035C0000B46C822CDE900105A211E20F1F71EFF3C
:1035D00023E039A010210B46C822CDE90010962126
:1035E0001E20F1F713FF4FF4FA70FFF717FC38A015
:1035F00010210B46C822CDE9001096211E20F1F7BC
:1036000005FF4FF4FA70FFF709FC3648006808B967
:10361000012000E0002033490860F9F76FFF4EF603
:1036200014718842D5D130A010210B46C822CDE9B3
:10363000001096211E20F1F7E9FEF9F771FBF2F771
:103640005BF9002000F062F8022000F05FF8FFF75D
:1036500013FD29490122086828A1FFF74DFD2649DD
:103660000122486826A1FFF747FDF2F7ADF90023D4
:10367000244A19462448F2F7DBFAF2F78DFA0020C3
:103680001CBD0000000000206D637564657620534A
:10369000544D33324634000053504920544553545E
:1036A000000000006D63756465762E74616F626161
:1036B0006F2E636F6D000000573235513136204355
:1036C0006865636B204661696C65642100000000D9
:1036D000506C6561736520436865636B2120202011
:1036E000202020009402404257323551313620527A
:1036F00065616479210000003C020020303A00003E
:10370000313A0000000600206D3A010810B5044669
:103710000C4951F824104A000B4951F824000021AB
:1037200000F0BCF8094951F8242007490C3951F838
:103730002400002100F0B2F8012103480C300155AB
:1037400010BD0000845D0108900000209C5D010810
:103750002DE9F04704460F460025A9462548005D9F
:1037600020B9244820380168204688471FB94FF007
:10377000FF30BDE8F087204850F82400B7FBF0F098
:1037800086B21D4850F82400B7FBF0F100FB117021
:1037900008B1701C86B2194850F82400451E24E078
:1037A00014480C3850F8240030F8150020B909F1FD
:1037B00001001FFA80F901E04FF00009B14513D173
:1037C0004FF0000809E00B480C3850F8240005EBD6
:1037D000080120F8116008F10108B045F3D306484C
:1037E00050F824006843C4E76D1E002DD8DA4FF06E
:1037F000FF30BEE79C000020905D0108845D010859
:1038000010B501460023002207E00B4850F82100C4
:1038100030F8120000B15B1C521C084850F821001F
:103820009042F2D864205843044C54F82140B0FB35
:10383000F4F0C0B210BD000090000020845D0108CB
:1038400070B504460D46E06AA84210D0204600F04C
:103850003FF908B1012070BD607801232A4604F1C8
:103860003001FFF74DFB08B10120F4E7E5620020CD
:10387000F1E7000070B504460E4631462046FFF7DA
:1038800067FF0546681C08B9002070BD024850F863
:1038900024002844F9E700008400002030B50346E6
:1038A00001E003F8011B141EA2F10102F9D130BDA1
:1038B00070B505460C464FF47F00EFF7ABF9EEF715
:1038C000E1F90220EFF7F4F93C48EFF7AFF94FF6D2
:1038D000FF70EFF7A1F90A22782139A0EEF7C0FBBB
:1038E000FF20EFF799F93B48EFF7A0F92246294668
:1038F00039A0EEF7ADFB032322B205F1960001B229
:10390000C820EEF7B5FA04F11402294637A0EEF705
:103910009FFB04F1140105F19600EEF7A1FC0520D0
:103920009FED370AEEF7BFFA36A0EEF711FB06203F
:103930009FED350AEEF7B7FA04F12802294633A0C5
:10394000EEF786FB042304F1280002B205F196008D
:1039500001B20820EEF77BFA04F13C02294630A0C0
:10396000EEF776FB04F13C0105F19600EEF778FCEA
:1039700003216420EEF7BEFA04F1500229462CA080
:10398000EEF766FB032304F1500002B205F1960046
:1039900001B26420EEF7B8FA04F16402294629A0C6
:1039A000EEF756FBEEF72AFC064604F1640205F139
:1039B000C8013046EEF74CFB70BD00006081010885
:1039C0004D6375646576204E554D20444953504CE7
:1039D00041592000A86E01084755495F446973703A
:1039E000446563417428293A000000004755495F47
:1039F00044697370466C6F617428293A00000000B6
:103A00006666454220202000D7A3B0BE4755495FD7
:103A10004469737042696E417428293A00000000BD
:103A20004755495F4469737048657828293A000012
:103A30004755495F44697370486578417428293A4D
:103A4000000000004755495F476574566572736909
:103A50006F6E537472696E6728293A0000BF011EA9
:103A6000A0F10102D0B2FAD17047000070B505464E
:103A700001210803F3F7AEF8EEF7FCFBF2F7B0F81C
:103A8000ECF722FC044604230B4A00210B48F2F712
:103A9000CFF802230A4A00210A48F2F7C9F80323A3
:103AA000094A00210948F2F7C3F8FF20F2F772FB38
:103AB0002046ECF70DFC70BD0029002051300108B4
:103AC000000800201D3B01080009002045350108C1
:103AD00070B504462079F8B1E56A607801232A467A
:103AE00004F13001FFF740FA08B1012070BD002059
:103AF0002071206A281AA16988420DD2E67809E06F
:103B0000A0690544607801232A4604F13001FFF7DB
:103B10002BFA761E022EF3D20020E7E707E0EFF73C
:103B20008BF90523002211461046F2F7C5FBF6E794
:103B300010B588B0044601210846F3F74BF801217F
:103B40001020F3F767F8072209212448EDF724FD38
:103B500007220A212148EDF71FFD4FF4C0600690AF
:103B600002208DF81C008DF81D0000208DF81E002D
:103B700001208DF81F0006A91848EDF7C5FC029436
:103B80000020ADF80C00ADF80E00ADF81000ADF857
:103B900014000C20ADF8120002A91148F9F7BEFB81
:103BA00001210F48F9F75FFB40210D48F9F752FB5F
:103BB000012240F225510A48F9F78BFB25208DF8A8
:103BC000040003208DF805008DF8060001208DF813
:103BD000070001A8F1F7B2FE08B010BD00000240D6
:103BE0000010014021F00042A2F16052B2F5801FA6
:103BF00001F0004328BFD2F17F6C0BD95FEA001CB3
:103C000043EAC20242EB507018BF704728BF20F051
:103C100001007047B2F5801FBCBF184670474FEADD
:103C2000410C1CF5001F02D2084600F0C1BC70B563
:103C300000F0FCF900000089FFF7F6BF4FF00040EC
:103C4000A0F580007047000010B591EA030F48BF4F
:103C500083F0004300F15483841A71EB030C05D206
:103C6000121943EB0C03001B61EB0C01DFF824E19C
:103C70004FEA1154A4EB135C1EEA430F18BF9EEAEF
:103C8000445F73D023EA0E03DCF1200E21EA0451D5
:103C900043F4801332D322FA0CFE10EB0E0023FA09
:103CA0000CFE41EB0E01CCF1200E03FA0EFE10EBE0
:103CB0000E0051F10001B1F5801FCCF1200E32D27F
:103CC00001EB045112FA0EF2BDE8104058BF7047E4
:103CD000401C38BF5FEA420218BF7047002814BF7B
:103CE00020F0010041F100014FEA410313F5001FEC
:103CF00038BF7047A1F1C04100F0E6B9012A43EB9B
:103D00000302ACF1200CDCF11F0E32BF4FF0000EAD
:103D100023FA0CF310EB030041EB0451B4EB115FF9
:103D2000D0D0A1EB045101F5801149085FEA3000C1
:103D300001EB04510ED350F1000038BF12FA0EFE11
:103D400008D1BDE81040C9E7401C38BF5FEA420215
:103D5000CAD1C3E7BDE810404FEA410313F5001F85
:103D600038BF7047A1F1C04100F0AEB99EEA445F90
:103D700008D011EA5E0FBDE8104004BF01F0004119
:103D800000207047BDE8104070B500F04FF900BF4B
:103D900064FBBE3E0000E0FF491058BFC1F1404146
:103DA0005B1058BFC3F140438B42EFF30080704774
:103DB0004FEA1153A3F58063D3F11E03A8BFD3F1DB
:103DC000200C08DB4FF0004242EAC12252EA505276
:103DD00032FA03F0704709420BD4102BC4BF002005
:103DE000704703F5787CBCF1FF3F05D04FF0FF3002
:103DF00070474FF00000704770B500F017F900BF32
:103E00004992248000207047F0E710F0004248BF3C
:103E10004042B0FA80F310FA03F10AD0C3F11D0357
:103E200003F580634FEA415002EB035202EBD121CC
:103E300070474FF000007047B0FA80F310FA03F1BA
:103E40000AD0C3F11D0303F580634FEA41504FEAE6
:103E5000035202EBD12170474FF000007047000081
:103E600051EA030C17D41CF5801F58BFBCF5801F06
:103E700000F10680994218BF704708BF9042704712
:103E800007D711F5801F58BF13F5801F19D4994229
:103E90007047894270471CF5801F08D5BCF5801F0C
:103EA000F7D58B4218BF704708BF824270474FF466
:103EB000001C1CEB410F38BF1CEB430F01D28B429F
:103EC000704770B500F0B2F8922449004FF00051ED
:103ED0004FF08053FFF760BFDFF848C170B51CEAB0
:103EE000111E1EBF1CEA13159EEA0C0F95EA0C0F5B
:103EF00000F06F8081EA030423EA4C134EEAD47E7B
:103F000021EA4C1141F4801143F48013AE44A1FB2B
:103F1000024CA0FB0365AEF17F7E361955EB0C0514
:103F2000A1FB034C4CF10003A0FB021C16EB0C069A
:103F3000654153F10003094218BF46F0010613F42E
:103F4000007F0BD14FEA03314FEA0530340341EAD9
:103F5000155140EA16506FF003020AE04FEAC32100
:103F60004FEAC520F40241EA555140EA56506FF03D
:103F7000020202EB2E4201EB025585EACE710AD015
:103F80005FEA440C18BF24F0004450F1000041F1F6
:103F9000000120EAD47040F2FE7C624500D270BD80
:103FA000A84214BF4FF080444FF04044002E08BF99
:103FB0000024BEF1806FA8BFA1F1C041BDE87040F0
:103FC00080F282804FF0000001F1C04101F0004119
:103FD00070479EEA0C0F0CEA131518BF95EA0C0FF8
:103FE00006D04FF0000081EA030E0EF0004170BDD4
:103FF00000F01CF88900013E00F007B800F009B895
:104000004FEA430C5FEA5C5C08D081EA030100F0F0
:104010005BB84FEA410C5FEA5C5CF6D14FF0000000
:10402000014970470000FF070000F87F0EF1020E03
:104030002EF0030E5EF8046B364205D4012A43EBE2
:10404000030515F5001F12D8012841EB010C1CF5E2
:10405000001F0CD80ED14FEAD17C15F5001F0CEBD8
:104060004C0C0CF1020C08BF4CEBD37C04E04FF07D
:10407000080C01E04FEAD37C0CEB4C0526FA05F660
:1040800006F00706B6F1040C06D20EEB860CBDE86E
:1040900070404CF0010C6047DFE80CF0090B0202A5
:1040A0004FF000414FF00000A1F5002170BD19460E
:1040B0001046012851EB010418BFD4F5001484BF49
:1040C000002001F0004170BD0808A0F500114FEA82
:1040D0003101704753EA010C17D41CF5801F58BFFB
:1040E000BCF5801F00F106808B4218BF704708BFE7
:1040F0008242704707D713F5801F58BF11F5801F04
:1041000019D48B4270479B4270471CF5801F08D51D
:10411000BCF5801FF7D5994218BF704708BF904281
:1041200070474FF4001C1CEB430F38BF1CEB410FD2
:1041300001D2994270470FB40CBC03BCFFF7C1BE5B
:1041400091EA030F10B581F000413FF585AD83F092
:10415000004300F0D5B800002DE9F04101F5801CC6
:10416000BCF5001FC0F2A9804FEA115C21EA0C5196
:104170000CF1FD0C41F480115FEA5C0C0CF5C07C85
:1041800001D34000494130A4890241EA905187029D
:104190008E0E0A0CA45D04FB04F602FB06F6C6F1C3
:1041A0004046A4FB0662F60D46EA422606FB06F4EC
:1041B000A4FB01235242C3F1404338BF5B1EA6FB60
:1041C00002420024E6FB0324D20B42EA4446A6FB4B
:1041D0000623A1FB02E2A3FB07E4E3FB6142644286
:1041E000C2F1404E38BFAEF1010EA6FB04234FF0E2
:1041F0000002E6FB0E32A2FB03463400E2FB6264DF
:10420000A1FB06E6A4FB07E8E4FB61687642C8F17F
:10421000405838BFA8F10108A2FB06E4A3FB08E55B
:10422000E2FB6854A1FB05E6A7FB04E8E1FB64861A
:1042300018F1200556F10006A809A8F11B08B109DC
:1042400008F03F08B8F10A0F40EA86601CD901EB7C
:104250000C51BDE8F08100BFFCF5EEE8E2DDD8D3FB
:10426000CFCBC7C3C0BDB9B6B4B1AEACA9A7A5A3E7
:10427000A19F9D9B9A9896959392908F8D8C8B89F8
:104280008887868584838281A0FB006800FB01F219
:1042900008EB4208B8EB872807D5341858EB01041F
:1042A000D5D5401C51F10001D1E7341A78EB010457
:1042B000CDD4401E71F10001C9E75FEA4C0C5FEA02
:1042C0009C5C0DD105D34FF0000001F00041BDE82A
:1042D000F081BDE8F04170B5FFF7A8FE6DDBFFBED1
:1042E000BDE8F0414FF00000004970470000F87F42
:1042F00010B591EA030F48BF83F000433FF5ACAC23
:10430000841A71EB030C07D212198CF0004C43EBAA
:104310000C03001B61EB0C01DFF8A4E14FEA115420
:10432000A4EB135C1EEA430F18BF9EEA445F00F043
:10433000B08023EA6E03524221EA0451C3EB6E03BC
:1043400038BF5B1EDCF1200E25D322FA0CFE10EBE9
:104350000E0043FA0CFE41EB0E01CCF1200E03FAE5
:104360000EFE10EB0E0051F10001CCF1200E29D40D
:1043700012FA0EF201EB0451BDE8104058BF70472D
:10438000401C1CBFB2F1004F704700280CBF491CF5
:1043900020F00100704712EB020E43EB030218BF3E
:1043A0004FF0010E4EEA4202ACF1200CDCF11E0E81
:1043B00054D943FA0CFE10EB0E0051F1FF31CCF151
:1043C0001E0ED5D50EF1010E12FA0EFE404141EB44
:1043D000010101EB445C5FEA5C5C10D910EBDE701C
:1043E00001EB045138BFBEF1004FBDE8104018BFCB
:1043F000704700280CBF491C20F00100704730D2E4
:104400004FEAD42C11F5001124F400641BD0B1FA4A
:1044100081F20B3AA41AA41ED2F12003914030FA83
:1044200003F31943904001EBCC71002C01EB0451D4
:10443000BDE81040A8BF704701F1C0414FF0000037
:1044400001F000417047B0FA80F310FA03F100D197
:1044500010BDE41A173C4805C90AE4E701EB045112
:1044600010BD491001EB0451BDE810404FEA300087
:1044700002E04FF0000170474A0008BF0042F8D048
:10448000B2F5001F28BF704701F000414FF0000057
:1044900070479EEA445F07D011EA5E0FBDE8104006
:1044A00004BF002100207047BDE8104070B5FFF741
:1044B000BDFD00BF40DFF63E83F00041104670476F
:1044C0000000E0FF43004FEAD30C4FEA3C0C4340AE
:1044D0001FBF40070CF1605113F0FE4F70471CF0F6
:1044E000006F03D100200CF0004170470CF0004336
:1044F00043EA507010B540EACC0000F00EF800BF5F
:10450000000000924FEA0001FFF7DEBD4FF00041CE
:104510004FF00000A1F5002170470EF1020E2EF0C1
:10452000030E5EF8044B244204D44FEA4102B2F178
:104530007F4F11D84FEA4003B3F17F4F0CD80ED113
:104540004FEAD07CB2F17F4F0CEB4C0C0CF1020C1B
:1045500008BF4CEBD17C04E04FF0080C01E04FEABF
:10456000D17C0CEB4C0324FA03F404F00704B4F1FF
:10457000040C06D20EEB840CBDE810404CF0010C8C
:104580006047DFE80CF0070802024FF00040A0F59A
:10459000800010BD0846420018BFD2F1807288BF6B
:1045A00000F0004010BD4FF04070E1EE100A70477F
:1045B000FF2141EAD050C005704700000000000014
:1045C000000000000000000000003F40000000006C
:1045D00000000000300040003000400000000900F2
:1045E0000BC03D000BC03D00090018C024407FE017
:1045F000224031800000180024C01B000D80324092
:10460000018003801C4027401C80074000401000B0
:10461000600000000000000000000000000000003A
:104620001F80204040200000402020401F800000CC
:104630000000090006001F800600090000000400B9
:1046400004003F800400040000000010006000002F
:104650000000000000000400040004000400040046
:1046600000000000004000000000000000000020EA
:1046700001C006003800400000001F80204020409C
:1046800020401F800000000010403FC0004000009C
:10469000000018C021402240244018400000108033
:1046A0002040244024401B80000002000D00110027
:1046B0003FC0014000003C8024402440244023802F
:1046C00000001F802440244034400380000030005C
:1046D000200027C03800200000001B802440244018
:1046E00024401B8000001C0022C0224022401F806A
:1046F0000000000000000840000000000000000072
:1047000000000460000000000000000004000A0037
:10471000110020804040090009000900090009003B
:10472000000000004040208011000A000400180032
:10473000200023402400180000001F802040274054
:1047400029401F400000004007C039000F0001C091
:10475000004020403FC0244024401B8000001F80B8
:104760002040204020403080000020403FC02040BA
:1047700020401F80000020403FC024402E4030C019
:10478000000020403FC024402E00300000000F00F9
:104790001080204022403380020020403FC00400AF
:1047A00004003FC02040204020403FC02040204027
:1047B00000000060202020203FC02000200020407A
:1047C0003FC024400B0030C0204020403FC020406C
:1047D0000040004000C03FC03C0003C03C003FC060
:1047E000000020403FC00C4023003FC020001F803D
:1047F0002040204020401F80000020403FC0244037
:104800002400180000001F802140214020E01FA04C
:10481000000020403FC02440260019C0004018C0BE
:1048200024402440224031800000300020403FC01E
:1048300020403000000020003F80004000403F80CA
:10484000200020003E0001C0070038002000380092
:1048500007C03C0007C038000000204039C00600F7
:1048600039C0204000002000384007C038402000F8
:104870000000304021C02640384020C00000000029
:1048800000007FE0402040200000000070000C008D
:104890000380004000000000402040207FE0000036
:1048A0000000000020004000200000000000001078
:1048B0000010001000100010001000000000400068
:1048C000000000000000000002800540054003C019
:1048D000004020003FC0044004400380000000006E
:1048E00003800440044006400000000003800440B0
:1048F00024403FC0004000000380054005400340C5
:104900000000000004401FC024402440200000009C
:1049100002E0055005500650042020403FC00440EE
:10492000040003C000400000044027C00040000015
:10493000000000100010041027E0000000002040DC
:104940003FC00140070004C00440204020403FC059
:1049500000400040000007C0040007C0040003C07E
:104960000000044007C00440040003C000400000F1
:1049700003800440044003800000041007F004504A
:10498000044003800000000003800440045007F04E
:104990000010044007C002400400040000000000B2
:1049A00006400540054004C00000000004001F80D0
:1049B000044000400000040007800040044007C09D
:1049C00000400400070004C0018006000400060047
:1049D00001C0070001C006000000044006C001003D
:1049E00006C0044000000410071004E00180060027
:1049F00004000000044005C0064004400000000020
:104A0000000004007BE040200000000000000000E7
:104A1000FFF000000000000040207BE004000000E8
:104A20000000400080004000200020004000000006
:104A30000000000000000000000000000000000076
:104A4000000000001FCC000C00000000000000006F
:104A50000800300060000800300060000000022004
:104A600003FC1E20022003FC1E2002200000000088
:104A70000E1811043FFF10840C78000000000F0096
:104A800010840F3800C00778188400780000007880
:104A90000F8410C411240E9800E40084000808005C
:104AA000680070000000000000000000000000002E
:104AB0000000000007E01818200440020000000079
:104AC00040022004181807E0000000000000024027
:104AD000024001800FF0018002400240000000808F
:104AE000008000800FF8008000800080000000013E
:104AF000000D000E0000000000000000000000009B
:104B00000080008000800080008000800080000025
:104B1000000C000C0000000000000000000000007D
:104B20000006001800600180060018002000000048
:104B300007F0080810041004080807F0000000003F
:104B4000080408041FFC000400040000000000002A
:104B50000E0C10141024104411840E0C00000000E0
:104B60000C1810041104110412880C7000000000CD
:104B700000E00320042408241FFC0024000000009F
:104B80001F98108411041104108810700000000098
:104B900007F0088811041104188800700000000054
:104BA0001C00100010FC13001C001000000000008E
:104BB0000E3811441084108411440E380000000097
:104BC0000700088C10441044088807F0000000001B
:104BD00000000000030C030C0000000000000000B7
:104BE00000000001010600000000000000000000BD
:104BF0000080014002200410080810040000022078
:104C000002200220022002200220022000000000D8
:104C10001004080804100220014000800000000079
:104C20000E001200100C106C10800F00000003E04A
:104C30000C1813E4142417C4082807D0000000043B
:104C4000003C03C41C40074000E4001C00041004A6
:104C50001FFC1104110411040E880070000003E011
:104C60000C1810041004100410081C10000010048C
:104C70001FFC100410041004080807F000001004C2
:104C80001FFC1104110417C41004081800001004BC
:104C90001FFC1104110017C010000800000003E001
:104CA0000C181004100410441C780040000010047C
:104CB0001FFC10840080008010841FFC1004000082
:104CC000100410041FFC1004100400000000000376
:104CD0000001100110011FFE100010000000100460
:104CE0001FFC110403801464181C1004000010043D
:104CF0001FFC1004000400040004000C0000100459
:104D00001FFC1F0000FC1F001FFC1004000010040B
:104D10001FFC0C04030000E010181FFC100007F03B
:104D20000808100410041004080807F0000010041C
:104D30001FFC10841080108010800F00000007F00E
:104D4000081810241024101C080A07F20000100490
:104D50001FFC1104110011C011300E0C00040000E2
:104D60000E1C11041084108410441C38000018001C
:104D7000100010041FFC10041000180000001000A8
:104D80001FF810040004000410041FF810001000A5
:104D90001E0011E0001C007013801C0010001FC0DA
:104DA000103C00E01F0000E0103C1FC00000100499
:104DB000180C163401C001C01634180C1004100071
:104DC0001C00130400FC13041C0010000000080465
:104DD000101C1064108413041C0410180000000040
:104DE000000000007FFE4002400240020000000080
:104DF00030000C0003800060001C00030000000075
:104E00004002400240027FFE00000000000000005F
:104E10000000200040004000400020000000000191
:104E2000000100010001000100010001000100007B
:104E300040004000200000000000000000000000D2
:104E40000098012401440144014400FC00041000C6
:104E50001FFC0088010401040088007000000000AD
:104E600000700088010401040104008800000000B3
:104E7000007000880104010411081FFC00040000F8
:104E800000F8014401440144014400C8000000004E
:104E9000010401040FFC11041104110018000000AA
:104EA00000D601290129012901C9010600001004C9
:104EB0001FFC008401000100010400FC000400004C
:104EC0000104190419FC00040004000000000000A3
:104ED000000300010101190119FE00000000100487
:104EE0001FFC0024004001B4010C0104000000007C
:104EF000100410041FFC0004000400000000010462
:104F000001FC0104010001FC0104010000FC01049A
:104F100001FC008401000100010400FC0004000009
:104F200000F8010401040104010400F8000001017B
:104F300001FF0085010401040088007000000000EA
:104F40000070008801040104010501FF0001010453
:104F5000010401FC00840104010001800000000044
:104F600000CC012401240124012401980000000048
:104F70000100010007F80104010400000000010025
:104F800001F8000400040004010801FC0004010011
:104F900001800170000C001001600180010001F02F
:104FA000010C003001C00030010C01F001000000D4
:104FB0000104018C00740170018C010400000101E6
:104FC00001810171000E00180160018001000000E4
:104FD0000184010C013401440184010C0000000033
:104FE00000000000000001003EFC40024002000002
:104FF000000000000000FFFF0000000000000000B3
:10500000400240023EFC01000000000000000000E1
:105010006000800080004000400020002000000070
:105020000000000000000000000000000000000080
:105030000000000000000000000000000000000070
:105040000000000000000000000000000000000060
:10505000000F80380FFE380F80380000000000007D
:105060000000000000000000000000000100000639
:1050700000000C00003800003100000600000C00A9
:1050800000380000300000000000000000006180D7
:105090000067F807F980006180006180006180008E
:1050A00061800067F807F98000618000000000005F
:1050B0000000000001C0E003E0F00630080418081A
:1050C0001FFFFE040E080787F00381E000000000C8
:1050D000000001F000060C00040408060C7001F941
:1050E000C0000E00003BE000EC18070808040C1894
:1050F0000003E00000000001E00007F003F81804DE
:105100001C0804170807E1D003C0E00023B0003CEE
:10511000080020080000100000000000000100004E
:105120003100003200001C00000000000000000000
:10513000000000000000000000000000000000006F
:1051400000000000000000000000000000007F00E0
:1051500001FFC00780F00C001810000420000200BE
:1051600000000000002000021000040C001807805E
:10517000F001FFC0007F0000000000000000000000
:105180000000000000000000000042000066000077
:105190006600003C0000180003FFC0001800003C3F
:1051A00000006600006600004200000000000800E9
:1051B00000080000080000080000080001FFC0000F
:1051C00008000008000008000008000008000000B7
:1051D0000000000100003100003200001C0000004F
:1051E00000000000000000000000000000000000BF
:1051F000000000000000080000080000080000088F
:105200000000080000080000080000080000080076
:10521000000800000000000000000000000038004E
:10522000003800003800000000000000000000000E
:105230000000000000000000000000000000000668
:1052400000001C000070000180000E00003800000B
:10525000C0000700001C000030000000000000003B
:1052600000007F8001FFE003807006001804000842
:1052700004000806001803807001FFE0007F800032
:10528000000000000000000001000801000801000B
:105290000803FFF807FFF8000008000008000008F6
:1052A00000000000000000000001C03802C05804E7
:1052B0000098040118040218040418061C1803F8C6
:1052C0001801E0F800000000000000000001C0E04C
:1052D00003C0F004000804080804080806180803BE
:1052E000F41801E7F00001E00000000000000000F9
:1052F00000000300000D00001100006100008108A3
:1053000003010807FFF80FFFF8000108000108007B
:1053100000000000000000E007FCD00608080610AE
:1053200008061008061008061838060FF00607C011
:10533000000000000000000000003F8001FFE003CB
:105340008430020818041008041008041008071814
:1053500010030FF00007C000000000000000000074
:1053600003C0000700000600000600F80607F80664
:10537000180006E000070000060000000000000022
:105380000001E1E003F7F0063410041808041808DF
:10539000040C08040C0806161803F3F001C1E00021
:1053A000000000000000F80003FC3003063804028F
:1053B000080402080402080404100308F001FFC0F6
:1053C000007F00000000000000000000000000005E
:1053D00000000000000070380070380070380000D5
:1053E00000000000000000000000000000000000BD
:1053F00000000000000000000000301A00301C0017
:10540000000000000000000000000000000000009C
:10541000000000000008000014000022000041000D
:1054200000808001004002002004001008000800F5
:1054300000000000000021000021000021000021E8
:1054400000002100002100002100002100002100B7
:105450000021000000000000000000000800080417
:105460000010020020010040008080004100002266
:105470000000140000080000000000000003C0004D
:1054800004C000040000080038080F380808380875
:1054900010000C300007E00003C000000000000016
:1054A00000003F8000FFE0038070020F100670884C
:1054B00004C088048308047F8802C0900301200090
:1054C000FE400000080000180001F8003E0801C27C
:1054D0000007020007E20000FE00001FC80001F8FC
:1054E00000003800000804000807FFF807FFF80470
:1054F000080804080804080804080806180803F443
:105500001801E7F00001E0000000000000003F800B
:1055100001FFE00380700200180400080400080482
:1055200000080400100600200780C00000000400EE
:105530000807FFF807FFF804000804000804000843
:1055400004001802001003807001FFE0007F80005B
:10555000000004000807FFF807FFF8040808040823
:1055600008040808040808043E0804000806001897
:1055700001006000000004000807FFF807FFF804BE
:105580000808040800040800040800043E0006009F
:1055900000060000018000000000000000003F80C5
:1055A00001FFE003807006001804000804020804EC
:1055B00002080203F00783F000020000020004006A
:1055C0000807FFF807FFF8040808000800000800B3
:1055D00000080000080004080807FFF807FFF804A7
:1055E0000008000000000000040008040008040097
:1055F0000807FFF807FFF804000804000804000883
:10560000000000000000000000000006000007008D
:10561000000104000104000104000307FFFE07FF6E
:10562000FC04000004000004000004000807FFF868
:1056300007FFF8040C08001800003E0004C78005AE
:1056400003C80600F804003804001800000804002D
:105650000807FFF807FFF80400080000080000082A
:1056600000000800000800000800001800006000AA
:10567000000004000807FFF807800807FC00007F0F
:10568000C00003F80007C000780007800807FFF893
:1056900007FFF804000804000807FFF807000803E4
:1056A000C00000E000003800001E000007000001FC
:1056B000C00400F007FFF8040000000000007F8035
:1056C00001FFE003807006001804000804000806CB
:1056D000001803003001FFE0007F8000000004009C
:1056E0000807FFF807FFF804040804040004040096
:1056F000040400040400060C0003F80001F000009C
:105700000000000000007F8001FFE00380700600C1
:10571000880400880400C806003C03003E01FFE640
:10572000007F8400000004000807FFF807FFF8046A
:105730000808040800040C00040F00040BC0061045
:10574000F003F03801E00800000800000001E0F874
:1057500003F030063010041808041808040C08047C
:105760000C080206180207F00781E0000000018023
:105770000006000004000004000004000807FFF811
:1057800007FFF80400080400000400000600000100
:10579000800004000007FFE007FFF004001800008D
:1057A00008000008000008000008000008040010BD
:1057B00007FFE004000004000006000007E0000707
:1057C000FE00041FE00001F80000380001E0043E84
:1057D0000007C00006000004000004000007E0000D
:1057E00007FFC0041FF80007C007F80007FF800488
:1057F0003FF80007C004F8000700000400000000A4
:105800000004000806001807C07805F1C8003E0033
:10581000001F800463E80780F806001804000800F1
:10582000000004000006000007800007E008047C78
:1058300008001FF80007F800180804E00807000037
:105840000600000400000000000100080600380403
:1058500000F80403E8040F08047C0805F00807C0FA
:1058600008070018040060000000000000000000AD
:105870000000000000000000003FFFFE20000220AA
:1058800000022000022000022000020000000000B0
:105890000000000008000007000000C00000380001
:1058A0000006000001C000003000000E00000100F2
:1058B0000000000000000000200002200002200084
:1058C000022000022000023FFFFE00000000000056
:1058D00000000000000000000000000000000008C0
:1058E0000000100000300000200000300000100018
:1058F000000800000000000000000000010000019E
:105900000000010000010000010000010000010092
:105910000001000001000001000001000001000082
:105920000000000000000020000020000010000027
:105930001000000000000000000000000000000057
:1059400000000000000000F00019F8001B18002201
:1059500008002608002408002410003FF8001FF863
:1059600000000800001800000004000007FFF80F06
:10597000FFF0001818001008002008002008003070
:1059800018001FF0000FC00000000000000007C05A
:10599000001FF00018300020080020080020080038
:1059A0003C08001C10000060000000000000000027
:1059B000000007C0001FF000381800200800200871
:1059C00000200804101007FFF80FFFF0000010007F
:1059D00000000000000000000007C0001FF00012DF
:1059E00030002218002208002208003208001E1091
:1059F000000E200000000000000020000020080031
:105A0000200801FFF803FFF80620080420080420FE
:105A10000807200003000000000000000000000E46
:105A2000000E6E001FF30031B10020B10020B10064
:105A30003191001F13002E1E00200E0030000000C8
:105A40000004000807FFF80FFFF80010080020000E
:105A5000002000002008003FF8001FF800000800A8
:105A600000000000000000000020080020080020C6
:105A700008063FF8063FF80000080000080000088C
:105A80000000000000000000000000000000030013
:105A90000003002001002001002003063FFE063F16
:105AA000FC000000000000000000000000040008EE
:105AB00007FFF80FFFF8000188000300002FC00067
:105AC00038F800203800200800000800000000001E
:105AD0000000000004000804000804000807FFF8A4
:105AE0000FFFF80000080000080000080000000098
:105AF0000000002008003FF8003FF80010080020D8
:105B000000003FF8003FF8001008002000003FF8B8
:105B1000003FF8000008000000002008003FF800E7
:105B20003FF8001008001000002000002008003F8F
:105B3000F8001FF80000080000000000000007C087
:105B4000000FF00018300030080020080020080086
:105B50003008001830000FF00007C00000000000FF
:105B600000002001003FFF003FFF0010110020094E
:105B7000002008002008003038001FF0000FC0008F
:105B800000000000000007C0001FF00038180020CF
:105B900008002008002009001011001FFF003FFF2F
:105BA000000001000000002008002008002008007C
:105BB0003FF8003FF8000808001008002008002007
:105BC0000000300000300000000000000000000075
:105BD000000C78001E18003308002308002108007C
:105BE00021880021980030F000386000000000009B
:105BF0000000200000200000200000FFF003FFF85C
:105C000000200800200800200800003000000000EC
:105C10000000000000002000003FF0007FF80000BE
:105C200018000008000008002010003FF8007FF076
:105C30000000100000000000000020000030000004
:105C40003C00003F800023F000007800007000233B
:105C500080003C00003000002000002000003C00DC
:105C6000003FE00023F80000E0002700003E0000B5
:105C70003FE00021F80001E0003E000020000000AD
:105C800000002008002008003838003E6800278007
:105C90000003C8002CF80038380020180020080045
:105CA0000000000000002000003003003C01003F25
:105CB000830023EC000070002380003C00002000E3
:105CC0000020000000000000000000000038080074
:105CD00020380020F80023E8002F88003E08003814
:105CE0000800201800007000000000000000000004
:105CF0000000000000000000000008000014001F69
:105D0000F7FC300006200002000000000000000048
:105D10000000000000000000000000000000000083
:105D2000FFFFFF0000000000000000000000000076
:105D300000000000000000002000023000061FF7F5
:105D4000FC0014000008000000000000000000003B
:105D5000000000000000000000180000600000408B
:105D600000004000002000001000000800000400B7
:105D7000000400000C0000100000000100050010ED
:105D80000014001800090000400100008007000016
:105D90002000000020000000200000000020010082
:105DA0000028000000F0000000000000ADFD000829
:105DB000ED03010879040108050701081511010820
:105DC000FD1A010805290108CD1A0108850F0108EF
:105DD000F90F0108510F01084B11010800000100E3
:105DE00002000100030001000200010004000100A4
:105DF0000200010003000100020001000500010093
:105E00000200010003000100020001000400010083
:105E10000200010003000100020001000600010071
:105E20000200010003000100020001000400010063
:105E30000200010003000100020001000500010052
:105E40000200010003000100020001000400010043
:105E50000200010003000100020001000700010030
:105E60000200010003000100020001000400010023
:105E70000200010003000100020001000500010012
:105E80000200010003000100020001000400010003
:105E900002000100030001000200010006000100F1
:105EA00002000100030001000200010004000100E3
:105EB00002000100030001000200010005000100D2
:105EC00002000100030001000200010004000100C3
:105ED00002000100030001000200010051EE000871
:105EE000FD480008D3100108010000009DED0008E6
:105EF0001D12010899440008A14500080000000097
:105F00000000000000000000000000000000000091
:105F10000000003030303030303030303000303041
:105F2000000000000000006C6C6C6C6C0000000055
:105F300000000000000000000000000000000CC095
:105F40000CC01980FFC0FFC019803B803300FFC028
:105F5000FFC0330066006600000000000000000083
:105F60000000000004001F003F8064C06400740053
:105F70003E000F8007C004C064C075C03F801F0092
:105F800004000400000000000000000000003C309D
:105F90006660666066C066C067C03DBC01E60366B9
:105FA0000366066606660C3C000000000000000068
:105FB0000000000000000F001F80198019801B00E6
:105FC0000E003E003660636061C071C03FE01E306D
:105FD0000000000000000000000000C0C0C0C0C001
:105FE00000000000000000000000000000000004AD
:105FF000081030306060606060606030301008040D
:106000000000008040203030181818181818183078
:1060100030204080000000107C1028280000000084
:106020000000000000000000000000000000000070
:10603000000006000600060006007FE07FE0060084
:10604000060006000600000000000000000000003E
:1060500000000000000000000000000000003030E0
:106060001020000000000000000000000000F8F810
:106070000000000000000000000000000000000020
:1060800000000000000030300000000000000008A8
:1060900008181818303030606060C0C00000000080
:1060A0000000000000001E003F00738061806180DE
:1060B0006180618061806180618073803F001E002B
:1060C00000000000000000000000000000000600CA
:1060D0000E001E0036002600060006000600060020
:1060E0000600060006000600000000000000000098
:1060F0000000000000001E003F00738061800180EE
:106100000180030006000C00180030007F807F80B3
:1061100000000000000000000000000000001C0063
:106120003F006300030003000E000F0001800180A8
:10613000618061803F001E00000000000000000040
:1061400000000000000006000E000E001E003600D9
:1061500036006600C600FF80FF80060006000600CD
:1061600000000000000000000000000000003F00F0
:106170003F00300060006E007F0061800180018080
:10618000618061803F001E000000000000000000F0
:106190000000000000001E003F0031806000600031
:1061A0006E007F0071806180618031803F001E0041
:1061B00000000000000000000000000000007F80E0
:1061C0007F8001000300060006000C000C000C009C
:1061D0000C0018001800180000000000000000006B
:1061E0000000000000001E003F00618061806180AF
:1061F0003F003F0061806180618061803F001E0040
:1062000000000000000000000000000000001E0070
:106210003F0061806180618063803F801D800180DC
:10622000018063003F001E0000000000000000002D
:10623000000000000000303000000000000030309E
:1062400000000000000000000000303000000000EE
:1062500000003030102000000000000000000000AE
:106260000000004001C00F803C0060003C000F8037
:1062700001C000400000000000000000000000001D
:106280000000000000000000000000007FC07FC090
:10629000000000007FC07FC0000000000000000080
:1062A00000000000000000000000000000000000EE
:1062B0000000400070003E00078000C007803E00E4
:1062C000700040000000000000000000000000001E
:1062D0000000000000001E003F007380618001800C
:1062E000030006000C001800180000001800180039
:1062F000000000000000000000000000000000009E
:106300000001F80007FE000E070018EF8031FDC005
:106310003338C06718C06618C06610C06631806721
:10632000338073FF0033BC003801C01E03800FFFB1
:106330000003FC000000000000000E000E001B0027
:106340001B001B00318031803F807FC060C060C077
:10635000C060C060000000000000000000000000FD
:1063600000007F807FC06060606060607FC07FC031
:1063700060606060606060E07FC07F80000000005F
:10638000000000000000000000000F801FE03870D7
:1063900030306000600060006000600030303860C5
:1063A0001FE0078000000000000000000000000067
:1063B00000007F807FC060E06070603060306030DF
:1063C00060306030607060E07FC07F80000000005F
:1063D000000000000000000000007FE07FE060009F
:1063E000600060007FC07FC06000600060006000EF
:1063F0007FE07FE0000000000000000000000000DF
:1064000000007FC07FC06000600060007F807F80F0
:10641000600060006000600060006000000000003C
:106420000000000000000000000007C01FF038302E
:1064300030186000600061F861F860183018383872
:106440001FF007C000000000000000000000000076
:106450000000603060306030603060307FF07FF08E
:1064600060306030603060306030603000000000CC
:1064700000000000000000606060606060606060BC
:106480006060606000000000000000000000030089
:1064900003000300030003000300030003000300E4
:1064A000630063007E003C0000000000000000006C
:1064B00000000000000060E061C0638067006E00C3
:1064C0007C007E0077006380618061C060E0607066
:1064D000000000000000000000000000000060005C
:1064E00060006000600060006000600060006000AC
:1064F000600060007F807F800000000000000000DE
:10650000000000000000701C783C783C783C6C6C0B
:106510006C6C6C6C644C66CC66CC66CC638C638CA7
:1065200000000000000000000000000000006030DB
:106530007030783078306C3066306730633061B0FE
:1065400060F060F06070603000000000000000004B
:1065500000000000000007C01FE0387030306018F5
:106560006018601860186018303038701FE00780BD
:1065700000000000000000000000000000007F801C
:106580007FC060E06060606060E07FC07F8060002E
:10659000600060006000600000000000000000007B
:1065A0000000000000000FC01FE038703038601895
:1065B000601860186018601831B038E01FE00FB83C
:1065C00000000000000000000000000000007FC08C
:1065D0007FE06070603060707FE07FC0618061C08C
:1065E00060E0606060706038000000000000000043
:1065F0000000000000000F803FC070E0606060009D
:106600003C001F8003C00060606070E03FC01F80DE
:1066100000000000000000000000000000007FE01B
:106620007FE00600060006000600060006000600E1
:106630000600060006000600000000000000000042
:10664000000000000000603060306030603060307A
:106650006030603060306030603070703FE00F80DC
:106660000000000000000000000000000000C0600A
:10667000C06060C060C060C03180318031801B006C
:106680001B001B000E000E000000000000000000B8
:10669000000000000000000000C1C180C1C1806393
:1066A0006300636300636300636300662300363640
:1066B000003636003636003636001C1C001C1C0026
:1066C00000000000000000000000000000000000CA
:1066D000000071C031801B001B000E000E000E0078
:1066E0001B001B003B80318060C0E0E00000000028
:1066F00000000000000000000000E070606030C09A
:1067000039C019800F000F000600060006000600C1
:10671000060006000000000000000000000000006D
:1067200000007FC07FC001800300070006000C004E
:106730001800380030006000FFC0FFC000000000FB
:1067400000000000000000787860606060606060B9
:106750006060606060607878000000C0C060606069
:10676000303030181818080800000000000000F051
:10677000F030303030303030303030303030F0F0D9
:106780000000001038286C6C44C6000000000000B7
:1067900000000000000000000000000000000000F9
:1067A00000000000000000000000000000000000E9
:1067B0000000000000000000FFC0FFC000000060FB
:1067C0003000000000000000000000000000000099
:1067D0000000000000000000000000001F003F80DB
:1067E000618007803F807980618063807F803D8009
:1067F0000000000000000000000000000000600039
:10680000600060006E007F00738061806180618045
:10681000618073807F006E000000000000000000B7
:106820000000000000000000000000001E003F000B
:106830007300600060006000600073003F001E0095
:1068400000000000000000000000000000000180C7
:10685000018001801D803F80738061806180618044
:10686000618073803F801D800000000000000000F8
:106870000000000000000000000000001E003F00BB
:10688000730061807F807F80600071803F001E0008
:106890000000000000000000000000387860F8F8F8
:1068A00060606060606060600000000000000000E8
:1068B00000000000000000001D803F8073806180A8
:1068C00061806180618073803F801D800180638072
:1068D0007F003E00000000000000600060006000DB
:1068E0006F007F80718061806180618061806180E4
:1068F0006180618000000000000000000000006076
:106900006000606060606060606060600000000067
:1069100000000060600060606060606060606060F7
:106920006060E0C0000000000000600060006000E7
:10693000638067006E0078007C006C006600660073
:1069400063006380000000000000000000000060A1
:1069500060606060606060606060606000000000B7
:106960000000000000000000000000006E707EF8D3
:1069700073986318631863186318631863186318AF
:106980000000000000000000000000000000000007
:10699000000000006F007F807180618061806180F5
:1069A0006180618061806180000000000000000063
:1069B0000000000000000000000000001E003F007A
:1069C0007380618061806180618073803F001E0000
:1069D00000000000000000000000000000000000B7
:1069E000000000006E007F00738061806180618024
:1069F000618073807F006E00600060006000600056
:106A00000000000000000000000000001D803F802A
:106A10007380618061806180618073803F801D80B0
:106A200001800180018001800000000000006C7C7A
:106A30007060606060606060000000000000000046
:106A400000000000000000003E007F0063007000B6
:106A50003C000E00070063007F003E0000000000C5
:106A600000000000000000606060F0F060606060A6
:106A70006060707000000000000000000000000076
:106A800000000000618061806180618061806180C0
:106A9000618063807F803D80000000000000000076
:106AA000000000000000000000000000C180C18064
:106AB000630063006300360036001C001C00080001
:106AC00000000000000000000000000000000000C6
:106AD00000000000C218C718C71865306DB06DB04F
:106AE00028A038E038E018C00000000000000000D6
:106AF000000000000000C366663C18183C6666C3D0
:106B00000000000000000000000000000000000085
:106B1000C180C18063006300330036001E001E0088
:106B20000C000C000C001800780070000000000041
:106B30000000FFFF070E1C3870E0FFFF00000000A0
:106B40000000001C3C3030303070E0E070303030FD
:106B500030303C1C000000303030303030303030CD
:106B60003030303030303030000000E0F030303045
:106B700030381C1C383030303030F0E0000000007D
:106B80000000000000000000000000007000FC4059
:106B90008FC0038000000000000000000000000023
:106BA0000000000005050100FC5E0108060601006A
:106BB000105F010806060100245F01080A0A0200AE
:106BC000385F01080A0A0200605F01081010020025
:106BD000885F01080C0C0200B05F0108030301008C
:106BE000D85F010806060100EC5F010806060100F7
:106BF0000060010807070100146001080B0B020088
:106C00002860010805050100506001080606010022
:106C100064600108050501007860010805050100B0
:106C20008C6001080A0A0200A06001080A0A02003A
:106C3000C86001080A0A0200F06001080A0A02009E
:106C4000186101080A0A0200406101080A0A0200EC
:106C5000686101080A0A0200906101080A0A02003C
:106C6000B86101080A0A0200E06101080A0A02008C
:106C700008620108050501003062010805050100F0
:106C8000446201080B0B0200586201080B0B020062
:106C9000806201080B0B0200A86201080A0A0200C8
:106CA000D062010812120300F86201080B0B020007
:106CB000346301080C0C02005C6301080D0D020036
:106CC000846301080D0D0200AC6301080C0C020086
:106CD000D46301080B0B0200FC6301080E0E0200D6
:106CE000246401080D0D02004C6401080404010035
:106CF0007464010809090200886401080C0C020090
:106D0000B06401080A0A0200D86401080F0F0200EB
:106D1000006501080D0D0200286501080E0E020035
:106D2000506501080C0C0200786501080E0E020087
:106D3000A06501080D0D0200C86501080C0C0200D9
:106D4000F06501080C0C0200186601080D0D020028
:106D5000406601080B0B0200686601081111030070
:106D6000906601080B0B0200CC6601080C0C0200B7
:106D7000F46601080B0B02001C6701080505010001
:106D80004467010805050100586701080505010071
:106D90006C67010807070100806701080A0A020002
:106DA0009467010806060100BC6701080A0A020090
:106DB000D06701080A0A0200F86701080909020001
:106DC000206801080A0A0200486801080A0A02004D
:106DD0007068010805050100986801080A0A0200A8
:106DE000AC6801080A0A0200D46801080404010022
:106DF000FC68010804040100106901080909020087
:106E000024690108040401004C6901080E0E020007
:106E1000606901080A0A0200886901080A0A02007A
:106E2000B06901080A0A0200D86901080A0A0200CA
:106E3000006A010806060100286A01080909020023
:106E40003C6A010805050100646A01080A0A02009B
:106E5000786A010809090200A06A01080D0D020004
:106E6000C86A010808080100F06A0108090902005F
:106E7000046B0108080801002C6B010806060100DC
:106E8000406B010806060100546B0108060601006C
:106E9000686B01080B0B02007C6B010820007E0070
:106EA000A46B0108000000007117000839180008E1
:106EB0007D18000883180008000000000000000092
:106EC000141401019C6E0108100A0D00000000005E
:106ED00000000000000000000000000000000000B2
:106EE0000000000000000000303030303030303022
:106EF00030303000003030000000000000000000A2
:106F00006666666666000000000000000000000083
:106F10000000000000000000000000000C600C6099
:106F20000CE018C0FFF0FFF018C031803180FFF096
:106F3000FFF0318073006300630000000000000078
:106F40000000000000000000000004001F003F805F
:106F500075C064C0640074003E000F8005C004C0AA
:106F600004C064C075C03F801F000400040000001E
:106F70000000000000000000000000000000000011
:106F80001C0600360C00630C0063180063180063D5
:106F900030003660001C670000CD8000D8C001982A
:106FA000C00198C00318C0060D800607000000004D
:106FB00000000000000000000000000000000000D1
:106FC0000000000007800FC01860186018C00D8016
:106FD0000F001F00339861D860F0606070F03FD8F8
:106FE0001F0800000000000000000000000000007A
:106FF00060606060600000000000000000000000B1
:10700000000000000000000004081810303060602C
:1070100060606060603030101808040000000000FC
:107020004020301018180C0C0C0C0C0C0C181810FC
:1070300030204000000000001818FF183C660000D7
:107040000000000000000000000000000000000040
:10705000000000000000000000000600060006001E
:1070600006007FE07FE00600060006000600000044
:107070000000000000000000000000000000000010
:107080000000000000000000000000000030301090
:1070900010200000000000000000000000000000C0
:1070A000FCFC0000000000000000000000000000E8
:1070B0000000000000000000000000000030300070
:1070C00000000000000000000C0C181818183030E8
:1070D0003060606060C0C000000000000000000080
:1070E000000000001F003FC030C060606060606052
:1070F00060606060606060606060606030C03FC021
:107100000F800000000000000000000000000000F0
:1071100000000000030003000F001F003300030005
:107120000300030003000300030003000300030047
:10713000030000000000000000000000000000004C
:10714000000000001F803FC070E0606000600060D1
:1071500000C000C0018007000E00180030007FE072
:107160007FE00000000000000000000000000000C0
:10717000000000001F003F8071C060C000C001809F
:10718000070007C000E000600060606070C03FC0A2
:107190001F000000000000000000000000000000D0
:1071A0000000000000800180038007800D800D80BA
:1071B0001980318061807FE07FE001800180018063
:1071C000018000000000000000000000000000003E
:1071D000000000001FC01FC03000300030003780AA
:1071E0007FC060E0006000600060606070C03FC011
:1071F0001F00000000000000000000000000000070
:10720000000000000F801FC030E030606000678029
:107210007FC070E0606060606060606030C01FC010
:107220000F0000000000000000000000000000004F
:10723000000000007FE07FE000C0018001800300CB
:107240000300060006000C000C000C0018001800DB
:107250001800000000000000000000000000000016
:10726000000000000F001F8030C030C030C030C0B0
:107270001F801F8030C060606060606070E03FC051
:107280001F8000000000000000000000000000005F
:10729000000000000F003F8030C0606060606060F0
:1072A000606030E03FE01E60006060C070C03F8002
:1072B0001F000000000000000000000000000000AF
:1072C00000000000303000000000000000303000FE
:1072D000000000000000000000000000303000004E
:1072E00000000000003030101020000000000000FE
:1072F0000000000000000000002000E003C00F00BC
:107300003800600038000F0003C000E000200000DB
:10731000000000000000000000000000000000006D
:107320000000000000000000000000007FE07FE09F
:107330000000000000007FE07FE00000000000008F
:10734000000000000000000000000000000000003D
:107350000000000000000000400070003C000F0032
:1073600001C0006001C00F003C0070004000000040
:10737000000000000000000000000000000000000D
:10738000000000001F803FC070E06060006000C02F
:1073900001C0038007000600060000000000060090
:1073A00006000000000000000000000000000000D7
:1073B000000000000000000000FE0007FF800F0337
:1073C000C01C00E018736031FB70338E30630630F0
:1073D000660630660630660470660C60671CC03353
:1073E000FF8039EF301C00600F01C007FF8001FEF5
:1073F000000000000000000000000000070007007F
:107400000D800D800D8018C018C018C03FE03FE00F
:10741000603060306030C018C0180000000000000C
:107420000000000000000000000000003FC03FE03E
:1074300030703030303030703FE03FE03030301866
:107440003018301830383FF03FE0000000000000F6
:1074500000000000000000000000000007E01FF036
:107460001C38301C700C6000600060006000600020
:10747000700C30183C381FF007E0000000000000DE
:107480000000000000000000000000003FC03FF0CE
:1074900030383018300C300C300C300C300C300CD4
:1074A000300C301830383FF03FC0000000000000C2
:1074B0000000000000000000000000003FF83FF85E
:1074C00030003000300030003FF03FF0300030003E
:1074D0003000300030003FF83FF8000000000000AE
:1074E0000000000000000000000000003FF03FF03E
:1074F00030003000300030003FE03FE0300030002E
:10750000300030003000300030000000000000008B
:1075100000000000000000000000000007F00FF86D
:107520001C1C300E30046000600060FE60FE6006CF
:10753000300630061C1E0FFC03F0000000000000A7
:10754000000000000000000000000000601860184B
:1075500060186018601860187FF87FF8601860186D
:1075600060186018601860186018000000000000C3
:10757000000000000000000030303030303030308B
:1075800030303030303030000000000000000000AB
:1075900000000000018001800180018001800180E5
:1075A00001800180018001806180618073803F00E3
:1075B0001E000000000000000000000000000000AD
:1075C000000000003038307030E031C033803700C8
:1075D00037003F003B8031C030E0306030703038E1
:1075E000301C00000000000000000000000000004F
:1075F000000000003000300030003000300030006B
:1076000030003000300030003000300030003FE00B
:107610003FE000000000000000000000000000004B
:107620000000000000000000700700780F00780FD5
:1076300000680B006C1B006C1B00641300663300B9
:10764000663300622300636300636300614300618B
:10765000C30061C300000000000000000000000043
:10766000000000000000000000000000601870181A
:10767000781878186C1866186618631861986198FD
:1076800060D8607860786038601800000000000002
:1076900000000000000000000000000007E00FF004
:1076A0001C38300C700E60066006600660066006CE
:1076B000700E300C1C380FF007E0000000000000D6
:1076C0000000000000000000000000003FE03FF06C
:1076D000303830183018301830383FF03FE0300084
:1076E00030003000300030003000000000000000AA
:1076F00000000000000000000000000007E00FF89C
:107700001C3C300C700E6006600660066006600669
:10771000700C30EC1C380FFC07EE0002000000007B
:107720000000000000000000000000003FE03FF00B
:1077300030383018301830383FF03FE030C030E09B
:107740003060307030383018301C0000000000000D
:1077500000000000000000000000000007C01FF053
:1077600038383018300038001F8007E000700018EB
:107770006018701838381FF00FC0000000000000BB
:10778000000000000000000000000000FFF0FFF01B
:1077900006000600060006000600060006000600B9
:1077A00006000600060006000600000000000000BB
:1077B00000000000000000000000000060186018D9
:1077C00060186018601860186018601860186018F9
:1077D0006018703838701FE00FC000000000000013
:1077E000000000000000000000000000C018E038A9
:1077F0006030603070703060306038E018C018C0A1
:107800001DC00D800D800F800700000000000000EB
:107810000000000000000000000000000000000068
:10782000C07018C0701860D83060D83060D8307020
:10783000C870318C60318C60318C601B06C01B06B7
:10784000C01B06C01B06C00E03800E038000000094
:107850000000000000000000000000000000000028
:10786000000000007038387018600CC00CC0078031
:107870000300078007800DC01CE0186030307038AE
:10788000E01C0000000000000000000000000000FC
:1078900000000000E01C6018303038701CE00CC0A4
:1078A00007800780030003000300030003000300B8
:1078B00003000000000000000000000000000000C5
:1078C000000000007FF07FF0006000C001800180B8
:1078D000030006000C001800180030006000FFF0E4
:1078E000FFF00000000000000000000000000000A9
:1078F0007878606060606060606060606060606058
:107900006078780000000000C0C0606060603030C7
:1079100030181818180C0C000000000000000000BF
:107920007878181818181818181818181818181817
:107930001878780000000000183C3C3C666666C37E
:107940000000000000000000000000000000000037
:107950000000000000000000000000000000000027
:107960000000000000000000000000000000000017
:10797000000000000000FFF0FFF000000000000029
:107980006030100000000000000000000000000057
:1079900000000000000000000000000000000000E7
:1079A000000000001F807FC060C000C007C03FC053
:1079B00078C060C061C07FC03E6000000000000071
:1079C00000000000000000000000000060006000F7
:1079D000600060006F007F80718060C060C060C028
:1079E00060C060C071807F806F00000000000000F8
:1079F0000000000000000000000000000000000087
:107A0000000000000F003F8031C060C060006000D7
:107A1000600060C031C03F801F0000000000000017
:107A200000000000000000000000000000C000C0D6
:107A300000C000C01EC03FC031C060C060C060C098
:107A400060C060C031C03FC01EC000000000000028
:107A50000000000000000000000000000000000026
:107A6000000000000F003FC030C060607FE07FE09A
:107A70006000600030E03FC00F80000000000000A8
:107A800000000000000000001C3C3030FCFC3030E6
:107A90003030303030303000000000000000000096
:107AA0000000000000000000000000001EC03FC0F9
:107AB00031C060C060C060C060C060C031C03FC045
:107AC0001EC000C061C07F801F00000000000000D9
:107AD0000000000060006000600060006F007F80B8
:107AE00071C060C060C060C060C060C060C060C085
:107AF00060C0000000000000000000000000000066
:107B00006060000060606060606060606060600095
:107B10000000000000000000606000006060606025
:107B2000606060606060606060E0C0000000000055
:107B300000000000600060006000600061C06380C1
:107B400067006E007C007E006600630063806180D9
:107B500061C0000000000000000000000000000004
:107B60006060606060606060606060606060600075
:107B70000000000000000000000000000000000005
:107B8000000000006F3C7F7E71C661866186618661
:107B90006186618661866186618600000000000062
:107BA00000000000000000000000000000000000D5
:107BB000000000006F007F8071C060C060C060C0C6
:107BC00060C060C060C060C060C000000000000015
:107BD00000000000000000000000000000000000A5
:107BE000000000000F003FC030C060606060606057
:107BF0006060606030C03FC00F0000000000000007
:107C00000000000000000000000000000000000074
:107C1000000000006F007F80718060C060C060C0A5
:107C200060C060C071807F806F0060006000600095
:107C300060000000000000000000000000000000E4
:107C4000000000001EC03FC031C060C060C060C006
:107C500060C060C031C03FC01EC000C000C000C0D6
:107C600000C0000000000000000000006E7E706098
:107C70006060606060606000000000000000000064
:107C80000000000000000000000000001F003F8016
:107C900060C060007C003F8003C000C060C03F80C7
:107CA0001F000000000000000000000000000000B5
:107CB00020606060F8F86060606060606078380044
:107CC00000000000000000000000000000000000B4
:107CD0000000000060C060C060C060C060C060C0E4
:107CE00060C060C071C03FC01EC000000000000046
:107CF0000000000000000000000000000000000084
:107D000000000000C060C06060C060C03180318091
:107D10001B001B000E000E0004000000000000000D
:107D20000000000000000000000000000000000053
:107D300000000000C106C3864384628C66CC36D83E
:107D400036D814501C701C700C600000000000003D
:107D50000000000000000000000000000000000023
:107D600000000000E1C06180330033001E000C0001
:107D70001E00330033006180E1C0000000000000FD
:107D800000000000000000000000000000000000F3
:107D90000000000060C060C03180318039801980EF
:107DA0001B000F000F000600060006000C007C0000
:107DB000780000000000000000000000000000004B
:107DC000000000007F807F80038007000E001C0001
:107DD00038007000E000FF80FF800000000000001D
:107DE00000000000000000001C3C303030303070DB
:107DF000E0E0603030303030303C1C0000000000EB
:107E00003030303030303030303030303030303072
:107E10003030303000000000707818181818181C26
:107E20000E0E1C18181818181878700000000000A2
:107E30000000000000000000000000000000000042
:107E400038007E2047E001C0000000000000000074
:107E50000000000000000000000000000606010015
:107E6000CC6E010806060100E46E01080707010058
:107E7000FC6E01080C0C0200146F01080C0C0200CF
:107E8000446F010813130300746F01080E0E020003
:107E9000BC6F010804040100EC6F01080707010032
:107EA00004700108070701001C70010808080100A0
:107EB000347001080C0C02004C7001080606010029
:107EC0007C70010807070100947001080606010094
:107ED000AC70010806060100C47001080C0C020019
:107EE000DC7001080C0C02000C7101080C0C020083
:107EF0003C7101080C0C02006C7101080C0C0200B2
:107F00009C7101080C0C0200CC7101080C0C0200E1
:107F1000FC7101080C0C02002C7201080C0C020010
:107F20005C7201080C0C02008C720108060601004C
:107F3000BC72010806060100D47201080C0C020094
:107F4000EC7201080C0C02001C7301080C0C0200FE
:107F50004C7301080C0C02007C730108151503001A
:107F6000AC7301080D0D0200F47301080E0E02003F
:107F7000247401080F0F0200547401080F0F02004F
:107F8000847401080E0E0200B47401080D0D020085
:107F9000E474010810100200147501080E0E0200AE
:107FA0004475010806060100747501080B0B0200F8
:107FB0008C7501080E0E0200BC7501080C0C020045
:107FC000EC750108111103001C7601080E0E020069
:107FD0006476010810100200947601080E0E02006B
:107FE000C476010810100200F47601080F0F020099
:107FF000247701080E0E0200547701080C0C0200D1
:10800000847701080E0E0200B47701080D0D0200FE
:10801000E477010815150300147801080E0E02001C
:108020005C7801080E0E02008C7801080D0D02002C
:10803000BC78010806060100EC780108060601007C
:1080400004790108060601001C79010808080100EE
:10805000347901080C0C02004C7901080707010073
:108060007C7901080C0C0200947901080B0B0200CA
:10807000C47901080B0B0200F47901080B0B020014
:10808000247A01080C0C0200547A0108060601004B
:10809000847A01080B0B02009C7A01080B0B02008A
:1080A000CC7A010805050100FC7A010804040100EE
:1080B000147B01080A0A02002C7B01080404010059
:1080C0005C7B010810100200747B01080B0B02009E
:1080D000A47B01080C0C0200D47B01080B0B0200EE
:1080E000047C01080B0B0200347C01080707010027
:1080F000647C01080B0B02007C7C01080606010071
:10810000AC7C01080B0B0200C47C01080B0B0200C5
:10811000F47C01080F0F0200247D01080A0A020006
:10812000547D01080B0B0200847D0108090902003F
:10813000B47D010807070100E47D0108060601007F
:10814000FC7D010807070100147E01080C0C0200E9
:108150002C7E010820007E005C7E010800000000EB
:1081600071170008391800087D18000883180008E6
:1081700000000000000000001818010154810108EF
:10818000130B0F0000000000000000002020202042
:108190002000200048484800000000005050F850DF
:1081A000F85050002078A07028F02000C0C810209F
:1081B000409818006090A040A8906800602040009F
:1081C000000000001020404040201000402010100F
:1081D00010204000005020F820500000002020F81F
:1081E000202000000000000000602040000000F897
:1081F0000000000000000000006060000008102087
:1082000040800000708898A8C888700020602020F6
:1082100020207000708808304080F8007088083096
:108220000888700010305090F8101000F880F008A6
:1082300008887000304080F088887000F8081020AE
:108240004040400070888870888870007088887806
:108250000810600000606000606000000000606066
:108260000060204010204080402010000000F800F6
:10827000F800000080402010204080007088081026
:108280002000200070880868A8A87000708888F80E
:1082900088888800F08888F08888F000708880805E
:1082A00080887000E09088888890E000F88080F0F6
:1082B0008080F800F88080F0808080007088808066
:1082C00098887800888888F888888800702020201E
:1082D0002020700038101010109060008890A0C00E
:1082E000A0908800808080808080F80088D8A8A82E
:1082F000888888008888C8A89888880070888888B6
:1083000088887000F08888F0808080007088888875
:10831000A8906800F08888F0A0908800708880702D
:1083200008887000F8202020202020008888888875
:10833000888870008888888888502000888888A865
:10834000A8A85000888850205088880088888850C5
:1083500020202000F80810204080F80070404040A5
:108360004040700000804020100800007010101085
:108370001010700020508800000000000000000075
:10838000000000F84020100000000000000070080D
:10839000788878008080B0C88888F00000007080FD
:1083A00080887000080868988888780000007088C5
:1083B000F8807000304840E040404000000078887D
:1083C000887808708080B0C8888888002000602085
:1083D000202070001000301010109060808090A05D
:1083E000C0A0900060202020202070000000D0A8B5
:1083F000888888000000B0C88888880000007088DD
:10840000888870000000F08888F0808000007888FC
:10841000887808080000B0C880808000000078805C
:108420007008F0004040E04040483000000088887C
:10843000889868000000888888502000000088889C
:10844000A8A85000000088502050880000008888AC
:10845000887808700000F8102040F80010202040B4
:10846000202010002020202020202000402020104C
:10847000202040006890000000000000182000004C
:1084800000000000C0200000000000007088000014
:108490000000000050000000000000006890000094
:1084A000000000000000006020207000006090F0DC
:1084B0008888B08020007088F888880020007008C4
:1084C000788878003860A0B8E0A0B800704848E824
:1084D00048487000E0407048487040E00000D028F4
:1084E00078A05800A040A010788870006020302844
:1084F00030207000708898A8C888700000007098BC
:10850000A8C8700000007088F88888000000F88013
:10851000E080F800000070202020700000007088CB
:10852000888870000000888888887000000088C8EB
:10853000A898880020002020202020002000204033
:10854000808870001820000000000000C02000009B
:10855000000000002050000000000000500000005B
:108560000000000068900000000000000000000013
:10857000000000200000000000000000002070A0AB
:10858000A0A87020304040E04048B0000000887053
:10859000507088008850F820F8202000202020000B
:1085A00020202000304820502090600088000000EB
:1085B00000000000F888A8B8A888F800700878883B
:1085C00070000000002850A050280000000000F8B3
:1085D000080800000000007000000000F888A8886B
:1085E00098A8F800F80000000000000020502000CB
:1085F000000000000020702000700000609020400B
:10860000F0000000E0106010E00000001820000002
:10861000000000000000888888C8B08078989878AA
:1086200018181800000000303000000040C0404022
:10863000E0000000708888887000000000A05028CA
:1086400050A000008890A050B05078108890A040B2
:10865000B8081038C040C048D828380800885020D2
:1086600050880000002000F800200000103070FC4E
:1086700070301000203038FC38302000002070F8B6
:1086800020200000002020F870200000000828684A
:10869000F860200000040408089050209D00FFFFAF
:1086A0009E00FFFF9F00FFFFA000FFFFA100FFFF54
:1086B000A200FFFFFFFFFFFFFFFFFFFFFFFFFFFF26
:1086C000FFFFFFFFFFFFFFFFFFFFFFFFFFFFFFFFBA
:1086D000FFFFFFFFFFFFFFFFFFFFFFFF7E00FFFF2A
:1086E0007600FFFF7F00FFFF8000FFFF8100FFFF9C
:1086F0008200FFFF8300FFFF8400FFFF8500FFFF74
:108700008600FFFF8700FFFF8800FFFF8900FFFF53
:108710008A00FFFF8B00FFFF8C00FFFF8D00FFFF33
:108720008E00FFFF8F00FFFF9000FFFF9100FFFF13
:108730009200FFFF9300FFFF9400FFFF7D00FFFF0B
:108740009500FFFF9600FFFF9700FFFF9800FFFFD7
:108750009900FFFF9A00FFFF7700FFFF700079008C
:108760007000780070007A0070007C0070007B0060
:108770006600FFFF6800FFFF23007D0071007900A5
:108780007100780071007A0071007B00720079003E
:108790007200780072007A0072007B006900FFFFAF
:1087A00075007C00730079007300780073007A0014
:1087B00073007C0073007B009B00FFFF6E00FFFFD7
:1087C000740079007400780074007A0074007B00F3
:1087D000390078006A00FFFF6500FFFF410060007C
:1087E00041005F0041006100410063004100620000
:1087F0006700FFFF6B00FFFF43007D004500600046
:1088000045005F00450061004500620064006000B3
:1088100064005F0064006100640062006C00FFFFA0
:108820004E0063004F0060004F005F004F0061008A
:108830004F0063004F0062009C00FFFF6F00FFFFCE
:108840005500600055005F00550061005500620052
:1088500059005F006D00FFFF590062009000FF00AB
:108860009C86010884810108848101085C880108D4
:1088700020007E0006060100E51500081917000813
:108880003117000837170008000000000000000042
:1088900008080101648801080705070000000000BE
:1088A00001000000020000000300000004000000BE
:1088B000050000000600000007000000080000009E
:1088C000090000000A0000000B0000000C0000007E
:1088D0000D0000000E0000000F000000040000006A
:1088E000A9FE000807040108950401083D0A0108D3
:1088F0002F110108551C010835290108EB1A010840
:10890000D90F010867100108650F010865110108FA
:108910000000000000010101010101010102020249
:108920000202020202030303030303030304040419
:1089300004040404040505050505050505050606EA
:1089400006060606060607070707070707070808BB
:108950000808080808080909090909090909090A8C
:108960000A0A0A0A0A0A0A0B0B0B0B0B0B0B0B0C5D
:108970000C0C0C0C0C0C0C0D0D0D0D0D0D0D0D0D2E
:108980000E0E0E0E0E0E0E0E0F0F0F0F0F0F0F0FFF
:1089900010101010101010101111111111111111CF
:1089A00012121212121212121213131313131313A0
:1089B0001314141414141414141515151515151571
:1089C0001516161616161616161617171717171742
:1089D0001717181818181818181819191919191913
:1089E00019191A1A1A1A1A1A1A1A1B1B1B1B1B1BE3
:1089F0001B1B1B1C1C1C1C1C1C1C1C1D1D1D1D1DB5
:108A00001D1D1D1E1E1E1E1E1E1E1E1F1F1F1F1F84
:108A1000000000010101010202020203030303043A
:108A200004040405050505060606060707070708EA
:108A3000080808090909090A0A0A0A0B0B0B0B0C9A
:108A40000C0C0C0D0D0D0D0E0E0E0E0F0F0F0F104A
:108A500010101011111111121212121313131314FA
:108A600014141415151515151616161617171717AD
:108A700018181818191919191A1A1A1A1B1B1B1B5E
:108A80001C1C1C1C1D1D1D1D1E1E1E1E1F1F1F1F0E
:108A900020202020212121212222222223232323BE
:108AA000242424242525252526262626272727276E
:108AB00028282828292929292A2A2A2A2A2B2B2B1F
:108AC0002B2C2C2C2C2D2D2D2D2E2E2E2E2F2F2FD2
:108AD0002F30303030313131313232323233333382
:108AE0003334343434353535353636363637373732
:108AF0003738383838393939393A3A3A3A3B3B3BE2
:108B00003B3C3C3C3C3D3D3D3D3E3E3E3E3F3F3F91
:108B1000000810192129313A424A525B636B737B7A
:108B2000848C949CA5ADB5BDC5CED6DEE6EFF7FF2F
:108B30000004080C1014181C2024282D3135393D50
:108B40004145494D5155595D6165696D7175797D35
:108B500082868A8E92969A9EA2A6AAAEB2B6BABE15
:108B6000C2C6CACED2D7DBDFE3E7EBEFF3F7FBFFFA
:108B7000010000000A00000064000000E80300009B
:108B800010270000A086010040420F008096980048
:108B900000E1F50500CA9A3B3031323334353637BF
:108BA0003839414243444546490F01084D0F0108F9
:108BB00099ED0008F90501082D1A0108C1190108ED
:108BC0004D1A0108008040C020A060E0109050D0F5
:108BD00030B070F0088848C828A868E8189858D8B5
:108BE00038B878F8048444C424A464E4149454D4B5
:108BF00034B474F40C8C4CCC2CAC6CEC1C9C5CDC55
:108C00003CBC7CFC028242C222A262E2129252D29C
:108C100032B272F20A8A4ACA2AAA6AEA1A9A5ADA54
:108C20003ABA7AFA068646C626A666E6169656D654
:108C300036B676F60E8E4ECE2EAE6EEE1E9E5EDEF4
:108C40003EBE7EFE018141C121A161E1119151D160
:108C500031B171F1098949C929A969E9199959D924
:108C600039B979F9058545C525A565E5159555D524
:108C700035B575F50D8D4DCD2DAD6DED1D9D5DDDC4
:108C80003DBD7DFD038343C323A363E3139353D30C
:108C900033B373F30B8B4BCB2BAB6BEB1B9B5BDBC4
:108CA0003BBB7BFB078747C727A767E7179757D7C4
:108CB00037B777F70F8F4FCF2FAF6FEF1F9F5FDF64
:108CC0003FBF7FFF0000000001000000F9ED000839
:108CD000831201087B100108000000000000000062
:108CE000000000004DEE0008FB480008CD10010810
:108CF00000000000E9ED0008751201080000000006
:108D00000100000002000000030000000400000059
:108D10000500000006000000070000000800000039
:108D2000090000000A0000000B0000000C00000019
:108D30000D0000000E0000000F0000000400000005
:108D400059010108110401084D050108E90A01084B
:108D50003D1101089D1C010889290108F31A010829
:108D6000E90F01086F100108750F0108951101083E
:108D700051320008DD3100087D320008000000009B
:108D8000D90E0108E132000830313233343536373C
:108D9000383941424344454640305800303132333F
:108DA000343536373839616263646566403078003F
:108DB000506C6561736520757365207468652073F8
:108DC00074796C757320636C69636B2074686520BB
:108DD00063726F7373206F6E2074686520736372A3
:108DE00065656E2E5468652063726F7373207769B2
:108DF0006C6C20616C77617973206D6F766520757E
:108E00006E74696C207468652073637265656E208A
:108E100061646A7573746D656E7420697320636F25
:108E20006D706C657465642E000000004D5031005B
:108E3000334732004D5032004D5033004D50340016
:108E40004D344100574D4100464C41430000000065
:108E5000414343004C524300430000004D4944004D
:108E6000474946004A504547000000004F47470029
:108E70004A5047004800000042494E003347500026
:108E8000424D50004E45530054585400574156002F
:108E9000B08E01080000002004040000C401000896
:108EA0009C8F010804040020348201002002000885
:108EB0002143FFFF1321CD1408A1D01408FDC202E5
:108EC0002C0863D0907CB08D013872013B14EF0EFA
:108ED0002C02030404E506070809100B0D370108EE
:108EE00001380108A03C322032681610A05C012035
:108EF0001A280C12F0421025FEFF07601A08040120
:108F00005A8B788EBC01280A3154340A3184341AC1
:108F100088341A58040A29743C1A2C2C1A34041A5E
:108F200038041A3C041A40041A7C041A30041A6CDF
:108F3000041A50041A44041A8C041A5C041A4804D3
:108F40001A80041A70041A64040A3160A80111021C
:108F50001650138F48000A300878880108F4790108
:108F600020C5582E58585AFF0101208B9514D01B4C
:108F7000B88B0C0272012D947A0120040110130B9E
:108F800034799CE9C913813D1B08E70401202D6851
:0C8F90007B012004013414FFFFFF0000EF
:040000050800018965
:00000001FF
