:0200000400FFFB
:1000000002154502000E323232323202000632321E
:0A00100032323202000F28302900BE
:03001B00020007D9
:100023000216D6C3C2C0C3C2C16D33121584D3D264
:0F003300C06D33121584D3D2C16D3312158422E0
:0C004300020066256600202020202020FE
:0300530002001098
:03005B000200118F
:10006300020008CAB8A9319A09C3A9C19AE47AB3AC
:0D0073000548A9309A04C3A9C09ADAB83232
:0300830002001266
:03008B0002168BCF
:030093000216A5AD
:03009B0002000957
:1000A30002000A5D22680D5D0078122D220B406864
:1000B300099F11222D000B0078F902029E120261A2
:1000C3005C800B806808248150072CB0500A020220
:1000D300A62CB040030202A37C8B5D1178267CB171
:1000E3007CA5BE1080680A5D33780DA5BD80057FB1
:1000F300100202906D0080307F017C5B7CB17CA597
:10010300AD1280245D337806A5BD80F080E1CA88F6
:100113007D41AD437CB17CA5AD122D1450020B047F
:100123007C5BAD232F01DA88A42D05BE0080400639
:100133000B80780480982F007C437C507C617C7218
:1001430002027ABE24FFFF6806BE04FFFF780302A3
:10015300029E1202615CB00468F57CB8A54868EFA2
:100163007CB870039F1122A5B800030202A62E00DB
:100173008150079C8038070202A39C8050ED0A51EE
:10018300C2E74D5178030202907E5400807E901A9C
:100193006C0080061B9068142F11BF1040049F1041
:1001A3004CAB0330E7EECAA86CAA80E8DA39DA5818
:1001B3007C4ABE5080500A1B8068BC2F1150020B32
:1001C3007002027A7EA020800C7EA01080057EA0A3
:1001D300086C556D333392D5500A6E34FFFF6E248D
:1001E300FFFF0B1CA5EC3340062F11D5F0F6227C44
:1001F300BA247EA2D5137C767C65A5CC92E77C5B82
:10020300227CB5337CB43392D54E50802481400395
:100213009F11227C457C567C676C7724E0500E7ED0
:100223001CFFFF221E341E2450034E60800478F40A
:1002330030D50A6E34FFFF6E24FFFF0B1C227F7044
:100243007F517EC400007ED402117E9402540202C8
:10025300DF4005E47A7BB0227A7BB00B7C222D0051
:1002630092D50E104E10807D422D445002B2D54ED1
:1002730050806C447CB8222C4450120B1C7E4000EE
:100283005E507FBE18000078040B806816A2D57CF0
:10029300B8137C4B7CB592E77C5B227E1CFFFF226C
:1002A3009F11227E24FF8020D5026C456D3322549A
:1002B3000F2490D43440D430F30CBEB0414007BE79
:1002C300B05B500224204CCC68021BC00B84D38942
:1002D300944CCC680B74201202C980F5CA3B6D881C
:1002E3009F337CAE7E5BB00B5C7007C37D38DA3B1B
:1002F3008994B42569C2F37E5BB00B5CA5F824D066
:10030300BEB00A501B7E500A20F60DAC5CA52D7CB6
:10031300CB70034EF00180DDAC5DA52D7CDB80D579
:1003230024CFBEB01AA5E850055E00DFD2F39006D5
:10033300B4A3E4936011BCB078F77417934CAB305B
:10034300F6B34EF08080AEA3E4936010BCB078F7B0
:100353007416937C3B7423937C2B89147CB0801399
:1003630074201202C920F205BEC00250F31B6D298E
:10037300B600011202C90202D41B6E691600020BF9
:100383006A00BE08000078087E0400FF7E14001691
:1003930020F21E4CCC681A7F10E47E1B804C8868C8
:1003A300070B1C04BCBD78F2C2F6CA0B1204B3DA05
:1003B3000B7E0BB060C0CA0B1202C9DA0B0B0C4CDC
:1003C300DD68EE1BD078EA80ADD2F07E101080039A
:1003D3007E10085EB05F800AD2F67E100A80057E2A
:1003E300100AC2F66D119F117E00201B6C7E6B708C
:1003F30030F6021A3720F1051B6C7E6B6030F60471
:100403001A261A2430F0051B6D0B6A20A5EC3382E3
:10041300F692F6500A7CEA9F229F217F127CAE4C13
:1004230044780F7C457C567C676C772E00F878EF18
:1004330080122F117CB3337C3B9CB140047C3B0B7B
:1004430070A5D8EE7CB230E005DAB8C44C3BCA38AC
:100453000B207E00207E3000BE18000078C1BE1045
:1004630008780730F404C2F480B5CA287CB2BCBD56
:1004730038027CBD1204B3DA28BC2D500A1BD0E429
:10048300CA281202B280F07CB213DAB84004C4CA9C
:10049300B8C4CA28BEF08040095CDD7805A5DA023D
:1004A30060065EF07F1202B2DA28A5DADA0202D41D
:1004B300BEF001680F30F402240220F50620F70392
:1004C30030F6010420F229BCBC5025CAB87CBF1306
:1004D300B0E67420501174307C8A5E80F068081294
:1004E30004F35EA00F80031202C9DAB8BCBC78DB48
:1004F30030F40F74301202C9745830F30274781256
:1005030002C930F605742D0202C9742B20F5F87464
:100513002020F7F3221B6C7E6BB010F1021B6C20C2
:10052300F60B30E704F404D2F27CCB800520E70518
:100533007CDB0202F85EF07F80F81B6E6916000216
:100543000B6A0030F0076D221B0A200B0D1B0A807B
:100553000202E3E46C22BE3007500B7F1F2D312EC5
:1005630034FFF77E39B0227CBF20E7A8742E4EF00B
:10057300800202C912069D403D7CBD7003047CDBF2
:100583001207B47C3D4C3368101B307CBE20E40959
:1005930012055670044C3378F07CBD7CD3BEA0FDAD
:1005A300481CBCAB5818E49CBA2CB31801E47CDBA0
:1005B30002063E12069D406E7CBD041207B47AFB10
:1005C300A07CAE7CBDA2F492F0C2F44002600104B0
:1005D30024051204B37E30FF0B30120556CA3812BD
:1005E30002B220F0044CDD680312056ADA38BC3D20
:1005F30078E6740E1202B2742B7EFBA030F70774F8
:100603002D6EA0FF0BA07AFBA01202C97EA00A7E6A
:10061300FBB0847AFBA01202B27EFBB01202B29E40
:10062300F800080202D4D2F27ED00002039312062D
:100633009D40F37CBA2CBD041207B47AFBA07CBAAC
:100643007CAE30E701E40420F4044CDD6805D2F00D
:10065300C2F4042CBD1204B36C337EFBB0601B20C8
:10066300E712147AFBB0120556CA381202B2DA380E
:100673000B3080E6047AFBB01B30120556CA3812E1
:1006830002B24CDD680712056A1BD080E19EF800B8
:100693000930F00312056A0202D47CEA7CAF10F73A
:1006A300037ED0067CFA1B6E693600020B6A2002B9
:1006B30006FC2D2B204C4248232E0053584F44490F
:1006C3004355502A4E46454700042080010200103E
:1006D300407CCED3DBDB68E2CC183D31B677030335
:1006E30003030303030305050605054E614E002BB3
:1006F300494E46002D494E46007D522D557CBE92F3
:10070300E67CEB7CBA601F0470287CB5C2E77E04EC
:1007130000FF60067E1406EED3227E1406F7400423
:100723007E1406F2D322DA099F22CA2BCA2BC3CA2C
:1007330009220A0A7E144D10AD109E083AF09E104D
:10074300267CB5C2E77EA0567C9BA46E54FFFF2E89
:1007530054C511ACA92D15E4A539CAB8CA1B20E7A5
:100763000A120827DA1B120146800AF4041208272A
:10077300DA1B1200A6DAA87CB5337CB4334E508062
:100783006C4424822F111478FBDA497407BE400AA3
:1007930040099E400ACA0201140BA0CA486C442FA8
:1007A300117F012F112F112F101478EFCA48CA4956
:1007B300227F0F20E73ABEB007400274070A0B2DD1
:1007C300109E1400097E19B02EB0FB501F4C116807
:1007D30017E47A19B01B147E19B0047A19B0B40A5D
:1007E3000BE47A19B0A5D9ED0BA074017A19B022E4
:1007F3005EE0BF223F8000004120000042C80000AD
:10080300447A0000461C400047C35000497424004A
:100813004B1896804CBEBC205A0E1BCA6753C21C91
:10082300749DC5AE7C7B60065407681623231208AB
:100833004C7CB75438680A7F101208491200A67F0F
:1008430001227CB7543803241C6CAA2E5407F77E6C
:100853004400FF0B2A006912000222C2D57CB43087
:10086300E708B2D56E24FFFF0B247CB630E712B243
:10087300D56E34FFFF0B348D326E24FFFF0B2480C3
:10088300028D3230D5066E34FFFF0B34227D02AD6C
:1008930031AD102D21226D0074104D00780B4D22C7
:1008A30078278D317D126D22227D437D326D222F7B
:1008B300112D445002A50FBF1040049F100B90143C
:1008C30078ED7F016D227D34227D417D138D247D62
:1008D300022F004004BD0440049D040B141478F15E
:1008E3007D237D317D106D0022C2D57CB030E708B9
:1008F300B2D59F229F207F027CB430E713B2D59FED
:10090300229F217F1212089B9F229F207F02800338
:1009130012089B30D5069F229F217F12226CAA4D7D
:1009230011681E1E54500C7E1B007A190068120BAE
:100933001C0B140B1A001B18000B1D0B151B5478F2
:10094300F222D3A9D7BA7E347E007E2403569E2496
:10095300016E9E1836007803020A169E2400F49E48
:100963001824007803020A599E24004E9E18B600EC
:100973007803020A9D9E24002B9E185C00780302D4
:100983000AE19E24002A9E18C6007803020B259EC6
:100993002400129E1843007803020B699E24003D35
:1009A3009E1809007803020BAD9E24003D9E180992
:1009B300007803020BF19E24003D9E180900780382
:1009C300020C359E24FD809E18F0006803020C780B
:1009D30074047E34FE017E24007E7A1BB07E34FDD7
:1009E300EB7E24007E7E1BB0F59F7E34FDF67E24D5
:1009F300007E7E1BB0F5A6539DFC439D01E47E342F
:100A0300FE017E24007E7A1BB0E4F5E900000000BD
:100A1300020CB974047E34FE017E24007E7A1BB07E
:100A23007E34FDEC7E24007E7E1BB0F59F7E34FD7C
:100A3300F67E24007E7E1BB0F5A6539DFC439D01EC
:100A4300E47E34FE017E24007E7A1BB0E4F5E900E7
:100A5300000000020CB974047E34FE017E24007E83
:100A63007A1BB07E34FDED7E24007E7E1BB0F59FA5
:100A73007E34FDF77E24007E7E1BB0F5A6539DFCDD
:100A8300439D02E47E34FE017E24007E7A1BB07413
:100A930001F5E900000000020CB974047E34FE0184
:100AA3007E24007E7A1BB07E34FDEE7E24007E7EA3
:100AB3001BB0F59F7E34FDF77E24007E7E1BB0F5D0
:100AC300A6539DFC439D02E47E34FE017E24007EFA
:100AD3007A1BB07401F5E900000000020CB974043C
:100AE3007E34FE017E24007E7A1BB07E34FDEF7ED1
:100AF30024007E7E1BB0F59F7E34FDF77E24007EAE
:100B03007E1BB0F5A6539DFC439D02E47E34FE019B
:100B13007E24007E7A1BB07401F5E9000000000218
:100B23000CB974047E34FE017E24007E7A1BB07EF1
:100B330034FDF07E24007E7E1BB0F59F7E34FDF7EE
:100B43007E24007E7E1BB0F5A6539DFC439D02E4EC
:100B53007E34FE017E24007E7A1BB07401F5E90029
:100B6300000000020CB974047E34FE017E24007E72
:100B73007A1BB07E34FDF17E24007E7E1BB0F59F90
:100B83007E34FDF77E24007E7E1BB0F5A6539DFCCC
:100B9300439D02E47E34FE017E24007E7A1BB07402
:100BA30001F5E900000000020CB974047E34FE0173
:100BB3007E24007E7A1BB07E34FDF27E24007E7E8E
:100BC3001BB0F59F7E34FDF77E24007E7E1BB0F5BF
:100BD300A6539DFC439D02E47E34FE017E24007EE9
:100BE3007A1BB07402F5E900000000020CB974042A
:100BF3007E34FE017E24007E7A1BB07E34FDF37EBC
:100C030024007E7E1BB0F59F7E34FDF77E24007E9C
:100C13007E1BB0F5A6539DFC439D02E47E34FE018A
:100C23007E24007E7A1BB07402F5E9000000000206
:100C33000CB974047E34FE017E24007E7A1BB07EE0
:100C430034FDF47E24007E7E1BB0F59F7E34FDF8D8
:100C53007E24007E7E1BB0F5A6539DFC439D02E4DB
:100C63007E34FE017E24007E7A1BB07402F5E90017
:100C7300000000804174047E34FE017E24007E7AED
:100C83001BB07E34FDF27E24007E7E1BB0F59F7E7A
:100C930034FDF77E24007E7E1BB0F5A6539DFC43F6
:100CA3009D02E47E34FE017E24007E7A1BB0740232
:100CB300F5E9000000007410F5FFE4F593E4F59402
:100CC300E4F591E4F592E4F595E4F596E4F5B1E401
:100CD300F5B2E4F5B3E4F5B4E4F5C9E4F5CA1216E4
:100CE30067E4F5DEE4F58EE4F598E4F59AE4F5AC13
:100CF300E4F5FDE4F5A2E4F5AFE4F589D3D2AF2240
:100D03007A17043E7A27043C7A37043A7E0F04406C
:100D13007E347E007E24035612089B74021E341E0A
:100D23002450034E60801478F47A3704447E3704E9
:100D33003A1B347803020E431B347803020ED31B91
:100D4300347803020FA12E340003680302106C7E73
:100D530027043C7E340001BD23784AC3C28EC3A955
:100D6300C08E7450F598E589F5897E1704446D00AB
:100D73006D337E2400019F107E0801001208EC7C75
:100D8300B3F58B7E1704446D006D337E2400019F01
:100D9300107E0801001208EC7CB7F58DD3A9D68E1E
:100DA300D3D28E80527E27043C7E340002BD23784A
:100DB30046C3A9C48ED3A9D08E7450F5987E170468
:100DC300446D006D337E2400019F107E08010012E4
:100DD30008EC7CB3F5D77E1704446D006D337E2495
:100DE30000019F107E0801001208EC7CB7F5D6D3F2
:100DF300A9D28ED3A9D48ED3D2AC53A23F7E3704CB
:100E03003E1B3468141B34681B1B3468222E3400C9
:100E1300037825E5A2F5A2801F53B23F53B13F43A8
:100E2300A240801453923F53913F43A280800943D1
:100E3300B41843B31843A2C0E47AB3054702106C55
:100E43007E27043C7E340002BD237854C3A9C48E9C
:100E530074017E14FDB47E04007E7E0B704C7B7A9D
:100E63000B707450F59A7E1704446D006D337E2425
:100E730000019F107E0801001208EC7CB3F5D77EB9
:100E83001704446D006D337E2400019F107E08011A
:100E9300001208EC7CB7F5D6D3A9D28ED3A9D48E91
:100EA300D3A9D0AF7E37043E2E34FFFB68100B343A
:100EB30078165392FC5391FCC3A9C0BA800A53B469
:100EC3003F53B33FD3A9D0BAE47AB3054802106CB9
:100ED3007E27043C7E340002BD237844C3A9C48E1C
:100EE3007410F5AC7E1704446D006D337E2400014D
:100EF3009F107E0801001208EC7CB3F5D77E17041F
:100F0300446D006D337E2400019F107E08010012A2
:100F130008EC7CB7F5D6D3A9D28ED3A9D48E804E54
:100F23007E27043C7E340003BD237842C3A9C3DD7E
:100F33007450F5AC7E1704446D006D337E240001BC
:100F43009F107E0801001208EC7CB3F5D57E1704D0
:100F5300446D006D337E2400019F107E0801001252
:100F630008EC7CB7F5D4D3A9D1DDD3A9D3DDD3A9BC
:100F7300D3AF7E37043E2E34FFF968100B34781656
:100F83005394FC5393FCC3A9C1BA800A53CAFC53BC
:100F9300C9FCD3A9D1BAE47AB3054902106C7E2700
:100FA300043C7E340002BD237844C3A9C48E74106C
:100FB300F5FD7E1704446D006D337E2400019F1000
:100FC3007E0801001208EC7CB3F5D77E1704446D4C
:100FD300006D337E2400019F107E0801001208EC8F
:100FE3007CB7F5D6D3A9D28ED3A9D48E804E7E27D3
:100FF300043C7E340004BD237842C3A9C7DD74508A
:10100300F5FD7E1704446D006D337E2400019F10AF
:101013007E0801001208EC7CB3F5D37E1704446DFF
:10102300006D337E2400019F107E0801001208EC3E
:101033007CB7F5D2D3A9D5DDD3A9D7DDD3A9D4AF56
:101043007E37043E2E34FFF768100B347816539422
:10105300F35393F3C3A9C2BA800A43CA0C43C90C1E
:10106300D3A9D2BAE47AB3054A227A0704897A1754
:1010730004877A2704857A3704837EB304827E70DB
:10108300507E2704833E243E243E243E243E247C7B
:10109300A57E2704857E4400012D427C694C6A129B
:1010A30016167EB304827E704F7E2704873E243E4D
:1010B300243E243E243E247CA57E2704897E4400CE
:1010C300012D427C694C6A1216167E3704832E3436
:1010D300000068301B3468201B3468101B347830E0
:1010E3006D337E243D7A7A1F047A802E6D337E24FD
:1010F3003DFA7A1F047A80226D337E243E7A7A1F6A
:10110300047A80166D337E243EFA7A1F047A800AAD
:101113006D337E243F807A1F047A7E570487BE5442
:10112300000840030211AA7EA003A49011327302A7
:10113300119E02119202118602117A02116E02119E
:101143006202115602114A6D337E2439FA7A1F0462
:101153007E805E6D337E243A7A7A1F047E80526DE0
:10116300337E243AFA7A1F047E80466D337E243B15
:101173007A7A1F047E803A6D337E243BFA7A1F0409
:101183007E802E6D337E243C7A7A1F047E80226D0E
:10119300337E243CFA7A1F047E80166D337E243D11
:1011A3007A7A1F047E800A6D337E243F807A1F047F
:1011B3007E2274FF7AB3056774697AB30568743263
:1011C3007AB305697EB305687E70757E0805677E10
:1011D300600112142E7EB30567BEB04778087469A8
:1011E3007AB3048280207E3400141215847E730542
:1011F3006974019C7B7A730569E47E730569BC7B22
:1012030050BC80FE80B87EB304827E704E6C661242
:1012130016167E3400141215846D336D226D116D14
:101223000012106D7EB304827E704E7E600F121624
:10123300167E340014121584221209451211B57E4C
:1012430034C2007E2400017A1F04406D337E2400E3
:10125300026D11120D036D337E1497437E0400FF5C
:101263001215EB1212BE12133C7E1F029E7A1F024E
:101273000D7E1F02A27A1F02097E1F02A67A1F0299
:10128300057E1F02AA7A1F02017E1F02AE7A1F018A
:10129300FD7E1F02B27A1F01F97E0801217E349779
:1012A300037E2400FF1202416D337E0801211215D3
:1012B300EB7E34006412158480A9227EB304827EFF
:1012C300701F7E0804D77E600612142E7E7304D727
:1012D3000A377C676C777E5304D80A254D237CB488
:1012E3001201CC7F017E1F047A1200A67A1F029E90
:1012F3007E7304D90A377C676C777E5304DA0A2538
:101303004D237CB41201CC7F017E1F047A1200A608
:101313007A1F02A27E7304DB0A377C676C777E53E5
:1013230004DC0A254D237CB41201CC7F017E1F040B
:101333007A1200A67A1F02A6227EB304827E70254B
:101343007E0804DD7E600612142E7E7304DD0A37E8
:101353007C676C777E5304DE0A254D237CB412012F
:10136300CC7F017E1F047E1200A67A1F02AA7E7321
:1013730004DF0A377C676C777E5304E00A254D232C
:101383007CB41201CC7F017E1F047E1200A67A1F5B
:1013930002AE7E7304E10A377C676C777E5304E206
:1013A3000A254D237CB41201CC7F017E1F047E12DB
:1013B30000A67A1F02B2227AB3056AE47AB3056CF7
:1013C300C3C2C06D33121584D3D2C1E47AB3056BA3
:1013D300803B6D33121584C3C2C06D33121584D3A1
:1013E300D2C06D331215847E73056C3E707A73051B
:1013F3006C30C10C74017E73056C2C7B7A73056CA5
:101403007E63056B7E70012C767A73056B7EA30574
:101413006B7408BCAB40BBC3C2C06D331215847E72
:10142300B3056A1215BD7EB3056C227A6304C17AD3
:101433000F04BD7A7304BC7AB304BB1216BF7EB328
:1014430004BB3EB01214F87EB304BC1214F8121697
:10145300BF7EA304BB3EA074014CBA1214F88016DD
:1014630074011213BA7E1F04BD7A1BB07E1F04BD24
:101473000B347A1F04BD7EB304C17EA0019CBA7AEB
:10148300B304C1BEB00078D8E41213BA7E1F04BD02
:101493007A1BB0120026227AB3058D7A37058B7E2C
:1014A30027058B7E3405472D327E39B0BEB00078D8
:1014B300EE74017E27058B7E3405472D327A39B0D1
:1014C3007E37058B1B3468161B34681A1B34681E61
:1014D3002E340003781E7EB3058DF59980167EB3F6
:1014E300058DF59B800E7EB3058DF5AD80067EB32D
:1014F300058DF5FE227AB3059174087AB3059280BF
:10150300297EB3059130E705D3D2C18003C3C2C19D
:101513007E7305913E707A7305916D33121584D3F2
:10152300D2C06D33121584C3C2C07EA305927E70F0
:10153300017CBA9CB77AB30592BEA00078C3121699
:1015430040227584017E44041FE47A49B01B447829
:10155300F97EF805C57E0400FF7E1495D80B0A407A
:101563005D44681A692000020B0E0B44800A7E0B4F
:10157300B07A29B00B240B0C1B4478F280DF0212E3
:101583003C7A370557801C7E3424467A3705597ECA
:101593002705597E3400019D237A2705596D33BDF4
:1015A3002378EC7E2705577E1400017D329D317A26
:1015B3003705576D33BD2378CE227AB3001FC3C2DC
:1015C300C06D331215847EB3001FBEB0006805C31F
:1015D300C2C18003D3D2C1D3D2C06D33121584C329
:1015E300C2C06D33121584227A0F05337A37053161
:1015F30080147E3705317E0F05337E0BB00B147AD2
:101603000F053312149A7E1F05337E1BB0BEB00044
:1016130078E0227A63056F7A73056E7AB3056D12EB
:1016230016BF7EB3056D3EB01214F87EB3056E127D
:1016330014F87EB3056F1214F812002622C3C2C039
:101643006D33121584D3D2C06D3312158430C107A4
:10165300D3D2C06D33800CC3C2C06D331215847EE8
:10166300340001226CAAE5E9BCBA281BA2AF9200A0
:10167300C3C2AF000074AAF5AE7455F5AE7401F59C
:10168300F70000A20092AF22CAB8A931AC09C3A9DE
:10169300C1ACE47AB30549A930AC04C3A9C0ACDA40
:1016A300B832CAB8A931FD09C3A9C1FDE47AB305AB
:1016B3004AA930FD04C3A9C0FDDAB832D3D2C0D3DE
:1016C300D2C16D33121584C3C2C16D33121584C3E5
:1016D300C2C022CAB8309908C3C299E47AB3054795
:1016E300309803C3C298DAB832000000000000004B
:1016F30000000000000000000000000000000000E7
:1017030000000000000000000000000000000000D6
:1017130000000000000000000000000000000000C6
:1017230000000000000000000000000000000000B6
:1017330000000000000000000000000000000000A6
:101743000000000000000000000000000000000096
:101753000000000000000000000000000000000086
:10176300000000000000000000000000C0C0C0C076
:10177300808000000000000080E0781E0E3EF0E054
:10178300800000000000008080C0C0C0000000F0A6
:10179300F0F030303030303030303070F0F0006006
:1017A30070F0F0F0606060606060F0F0F060000086
:1017B30080F0F070E0E0E0F0F0F0E0E0E0E0E00086
:1017C300F0F0F0707070F0F0F0707070F0F0F00006
:1017D30000303030303030303030B0F0F0F0700066
:1017E30000000000000000000000000000030F3DA7
:1017F300F9C383F3FEFE7C1E070300000000000311
:101803000F3EFEFEF3E383E1791F0701000000337F
:101813003737F7F7F7FFFFFF37F7F7F7373330FFC0
:10182300FFFF33FFFFFF01FFFFDBDBFFFFFF0000D5
:10183300FFFFFF181B1B9BFFFFFFF8DB1B1B1900A0
:10184300FFFFFFCECECEFFFFFFCECECEFFFFFF00CA
:10185300303030363737373737FFFFFF333030001C
:101863000000000000000000000000000000000075
:101873000003031F7FED9818303060000040603094
:101883003018CCFB3F1F03010000000000000006DE
:1018930006C7C7C3C0C7C7C7C0C1C7C78706040336
:1018A300070703C7C7C3C7C7870000070707C0C029
:1018B300C70707C0C6C6C7870301070F0E8EC4C07C
:1018C300C0C04000C0C0C7C70706060686C6C6C656
:1018D30040060606060686C6C6C7C7870000000080
:1018E30000000000000000000000000000000000F5
:1018F300000000000001071E78F080000000C0F027
:101903003C1F03010000000000000000000000E095
:10191300FFFFBF8181818181C1FFFFFF1F0080E045
:10192300F8FCFFEFE7E1FFFFFFF0800000FCFFFFA3
:101933000FE0FFFF3F0F7FFFFEE0F8FC3F0FF3FFD9
:10194300FF1F000080C1F7FF7F3CFEFFEFC70300CE
:101953000080E0F0FCFEEFE7E1EFFFFFFCC00000DA
:101963000000000000000000000000000000000074
:1019730000000000000000000001071F3C0F0300EF
:101983000000000000000000000000000000000351
:10199300030303030303030303030100000303031C
:1019A3000100000000000000030303000303030120
:1019B300000303030000000303030100000003030B
:1019C30003000203030301000000000303030300F9
:1019D30003030301000000000000000303030000F1
:1019E30000000000000000000000000000000000F4
:1019F30000000000000000000000000000000000E4
:101A030000000000000000000000000000000000D3
:101A130000000000000000000000000000000000C3
:101A230000000000000000000000000000000000B3
:101A330000000000000000000000000000000000A3
:101A43000000000000000000000000000000000093
:101A53000000000000000000000000000000000083
:101A630000000000000000000000001FF010101034
:101A73001010101FF0010001007FFC0380054009D6
:101A83002011102108C106010008200820FFFE08CC
:101A930020000000FC7C84448444FC7C8444844413
:101AA300FC7C844484011402080840084008401761
:101AB300FC10403248315050409FFE10A010A0113E
:101AC3001011101208140418020000000000000096
:101AD3000000000000000000000000000000000003
:101AE3000000000000000000000000003E2222224F
:101AF300E22222223E000000004041211109050399
:101B0300FF030509112141400004C444444FC404A8
:101B130004E4242F2424E40400003F1212123F8023
:101B2300403F090949897F0000008060F8070828C1
:101B33004808FF084828080000010000FF814121F0
:101B4300190701071921418100000000000000006E
:101B5300000000000000000000000000F80000008A
:101B630000000000333000000000100C06100C06CB
:101B730000000000000000000040C07840C0784032
:101B830000043F04043F040400007088FC08300094
:101B930000001820FF211E0000F008F000E01800EC
:101BA3000000211C031E211E0000F00888700000A5
:101BB300001E2123241927211010160E00000000F7
:101BC300000000000000000000000000E018040214
:101BD30000000000071820400000020418E0000085
:101BE300000040201807000000404080F080404083
:101BF300000202010F01020200000000F0000000D9
:101C0300000101011F0101010000000000000000AC
:101C13000080B07000000000000000000000000021
:101C230000000101010101010100000000000000AA
:101C33000000303000000000000000000080601849
:101C430004006018060100000000E010080810E01E
:101C530000000F102020100F00001010F8000000EB
:101C6300000020203F202000000070080808887032
:101C730000003028242221300000300888884830B2
:101C8300000018202020110E000000C02010F800D2
:101C93000000070424243F240000F808888808086B
:101CA300000019212020110E0000E0108888180080
:101CB30000000F112020110E0000380808C8380852
:101CC300000000003F0000000000708808088870D2
:101CD30000001C222121221C0000E010080810E053
:101CE300000000312222110F00000000C0C00000DC
:101CF3000000000030300000000000008000000001
:101D030000000080600000000000008040201008F8
:101D130000000102040810200040404040404040C1
:101D2300000404040404040400000810204080009C
:101D3300000020100804020100007048080808F0A1
:101D4300000000003036010000C030C828E810E071
:101D5300000718272423140B000000C038E00000FC
:101D630000203C23020227382008F8888888700066
:101D730000203F202020110E00C03008080808383A
:101D830000071820202010080008F808080810E0B1
:101D930000203F202020100F0008F88888E8081052
:101DA30000203F20202320180008F88888E8081026
:101DB30000203F200003000000C03008080838005E
:101DC3000007182020221E020008F808000008F867
:101DD30008203F210101213F20000808F8080800DE
:101DE300000020203F2020000000000808F8080819
:101DF30000C08080807F00000008F888C028180891
:101E030000203F20012638200008F80800000000C9
:101E130000203F20202020300008F8F800F8F808C0
:101E230000203F003F003F200008F830C00008F8C2
:101E330008203F200007183F00E01008080810E0C2
:101E4300000F10202020100F0008F808080808F0E1
:101E530000203F210101010000E01008080810E004
:101E6300000F18242438504F0008F8888888887099
:101E730000203F2000030C30200070880808083839
:101E8300000038202121221C00180808F80808182F
:101E9300000000203F2000000008F808000008F8B8
:101EA30008001F202020201F000878880000C83861
:101EB30008000007380E010000F80800F80008F8D1
:101EC30000033C0700073C0300081868808068187B
:101ED3000820302C03032C30200838C800C83808E9
:101EE300000000203F2000000010080808C8380840
:101EF300002038262120201800000000FE020202E4
:101F0300000000007F40404000000C30C000000093
:101F130000000000010638C00000020202FE0000BB
:101F230000004040407F0000000000040202020461
:101F3300000000000000000000000000000000009E
:101F43000080808080808080800002020400000086
:101F5300000000000000000000000080808080007E
:101F6300000019242222223F2008F800808000006C
:101F730000003F112020110E00000000808080002F
:101F830000000E112020201100000000808088F83E
:101F930000000E112020103F200000808080800070
:101FA30000001F222222221300008080F0888888EC
:101FB300180020203F2020000000008080808080C7
:101FC30000006B94949493600008F8008080800074
:101FD30000203F210000203F20008098980000004F
:101FE300000020203F20200000000000809898007F
:101FF3000000C08080807F000008F800008080809F
:1020030000203F24022D302000000808F8000000C3
:10201300000020203F20200000808080808080807E
:1020230000203F20003F20003F8080008080800010
:1020330000203F210000203F20000080808080009E
:1020430000001F202020201F0080800080800000CF
:102053000080FFA12020110E0000000080808080FE
:1020630000000E112020A0FF8080808000808080EF
:102073000020203F2120000100000080808080801C
:10208300000033242424241900008080E080800091
:10209300000000001F2020000080800000008080DE
:1020A30000001F202020103F2080808000008080BF
:1020B3008000010E300806010080800080008080CF
:1020C300800F300C030C300F000080800080808074
:1020D300000020312E0E312000808080000080809F
:1020E3008080818E7018060100008080808080804F
:1020F300000021302C2221300000000000807C02EF
:102103000200000000003F404000000000FF00000C
:102113000000000000FF0000000002027C800000BD
:10212300000040403F0000000000060101020204DD
:102133000400000000000000000000000000000098
:10214300000000000000000000000000000000008C
:10215300000000000000000000000000000000007C
:10216300000000000000000000000000000000006C
:10217300000000000000000000000000000020003C
:10218300000000002000000000000000000020000C
:1021930000000000000020000000200000000000FC
:1021A300000000000000000000000000000000002C
:1021B300000000000000001062002000200000006A
:1021C30000000000200000000000000000000000EC
:1021D30000000000000000000000000000000000FC
:1021E300201082002000000000000000000000001A
:1021F30000000000000020108208410000002000C1
:1022030000000000200020086100000020002000E2
:10221300000020000000000000000000200000007B
:10222300000000000000000000002000000000008B
:10223300000000000000000000000000000000009B
:10224300000000000000000000000000000000008B
:10225300000000000000000000000000000020005B
:10226300200000000000000000000000000000004B
:10227300200000000000200000000000000000001B
:10228300000000000000000000002000000000002B
:10229300000000000000000000000000000000003B
:1022A30000000000200000000000210020002000AA
:1022B300000000000000000000000000000000001B
:1022C30000000000000000000000000020000000EB
:1022D3000000000841000000000000000000200092
:1022E30020002000000000002010A20020000000B9
:1022F300200000000000200000002000200000005B
:10230300000020000000200000000000000000008A
:1023130020002000000000002008610000000000F1
:10232300000020000000000000000000000000008A
:10233300000020000000000000000000000000007A
:10234300000000000000000000000000000000008A
:10235300000000000000000000000000000000007A
:10236300000020000000200020000000000000000A
:10237300000000000000000000000000000000005A
:10238300000000000000000000000000200000002A
:10239300000000000000000000000000000000003A
:1023A300000020000000000000000000000000000A
:1023B30000002000200000000000000000002000BA
:1023C3000000000000002000000020000008410081
:1023D3002000000000002008410020002000000031
:1023E3000008410020000000000000002000000061
:1023F3000008410000000000200000000000200051
:102403000000200000000000000020002000000069
:102413002000200020002000000000000000000039
:1024230000000000000000000000000000000000A9
:102433000000000000000000000000000000000099
:102443000000000000000000000000000000000089
:102453000000200000000000000000000000000059
:102463000000000000000000000020002000000029
:102473000000000000000000000000000000200039
:102483002000000020082000000000082008410070
:1024930020000000000000000000000020002000D9
:1024A3000000000000000000000000000000000029
:1024B30000000000200000002000000020000000B9
:1024C30000002000200000000000000000002008A1
:1024D300410000002000200020084100000000000F
:1024E30000084100000020084100000020002000F7
:1024F30000000000200000000000000000000000B9
:1025030020000000000000000000000000000000A8
:1025130000000000000000000000000000000000B8
:1025230000000000000000000000000000000000A8
:1025330000002000200020002000200000000000F8
:102543000000000020000000000020002000000028
:102553000000000020000000000000000000000058
:102563000000000000000000000000000000000068
:1025730000000000000020082100000000084108BE
:1025830061000000000000000000200000002000A7
:102593002000000000000000000000000000000018
:1025A3000000000841084100000020000000000076
:1025B3000000200000000000000020002000200098
:1025C300000861002000200020084108410020008D
:1025D300000000002000200020000008410020002F
:1025E30000000000000000000000000020000000C8
:1025F30000000000000000000000000000000000D8
:1026030000000000000000002000000000000000A7
:1026130000000000000000000000000000000000B7
:1026230000000000000000000000000000000000A7
:102633000000000000002000000000002000200037
:102643002000000020000000000000000000000047
:102653000000000000000000000020000000000057
:1026630000000000000000002008410020002000BE
:1026730020002000200000000000000020000000D7
:1026830000000000200000000000200000002000E7
:10269300200000000008610020000000000000008E
:1026A3000000000000000000000000000000000027
:1026B3002000000000002000200020000000000097
:1026C300000000000000000020000008410000108E
:1026D3008239E74A69422829450861000000000061
:1026E30020000000000000000000000000000000C7
:1026F3002000200000000000200020000000000057
:1027030000000000200000000000000000000000A6
:1027130000000000000000000000000000000000B6
:102723000000000000002000200000002000000046
:102733000000200000000000000000000000000076
:1027430000000000000020000008410841000000D4
:1027530000002000000020000000200021002000D5
:102763002000000000002000200000000000000006
:102773000000000000000000000000000000000056
:102783000000000000000000200000000000000026
:102793000000000020000000000000000000000016
:1027A3000000000000000000000000000000000026
:1027B30020002000000000000000000020000010A6
:1027C300A26B6D73AE632C738E52AA3186086100BF
:1027D30000002000000000000000000000000000D6
:1027E30000000000000000000000000000000000E6
:1027F30000000000000000000000000000000000D6
:1028030000000000000000002000000000000000A5
:102813000000000000002000200000000000000075
:102823000000000020000000000000000000000085
:1028330000000000200000000000000841086100C3
:102843000000000020000000000000000000200045
:102853002000200020000000000000000000000015
:102863000000000000000000000000000000000065
:102873000000000020000000000000000000000035
:102883000000000020000000000000000000200005
:1028930000000000000000000000200020000000F5
:1028A30000000000200020000000000000000000E5
:1028B30020528A7BCF738E738E738E5AEB4208211C
:1028C30004000000200000000000000000000000E1
:1028D30000000000000000000000000000000000F5
:1028E30000000000200000000000200000000000A5
:1028F3000000000000000000200020000000000095
:1029030000000000000000000000000000000000C4
:1029130000000000000000000000000000000000B4
:102923000000000820082100000000000000200033
:102933000000000021000000000021000000000052
:102943000000000041000000200000000000000023
:1029530000000008620000000000200000000000EA
:1029630020000000210021002000000000000000E2
:102973000000000000000000000000000000000054
:102983000000000000000000000000000000000044
:1029930000000000000000002000000000002000F4
:1029A3000018C37BEF8410843073AE5AEB5AEB42AA
:1029B3002831A60841084100000000000000000083
:1029C3000000000000000000000000000000000004
:1029D30000000000000000000000000000002008CC
:1029E3004100200000002000000000000000000063
:1029F30000000000000000000000000000000000D4
:102A03000000200000000000000000002000000083
:102A1300000020000000000000000010A308410097
:102A23002100200000000000000020000000410001
:102A330041088210A310C310C310A318C31082103F
:102A4300821082002100000000000000000000004E
:102A5300000000084100000000000000200000000A
:102A63000000000000002000200000000000000023
:102A73000000000000000000000000000000000053
:102A83000000000020002000000000000000000003
:102A930020002018E38C71A5148C717BCF73AE6377
:102AA3000C4A6939E7002000000000000000000024
:102AB3000000000000000000000000000000000013
:102AC30000000000000000000000000000002000E3
:102AD30000002000000000000000000000000000D3
:102AE30000000000000000000000000000000000E3
:102AF30000000000000000000000000000000000D3
:102B03000000000000000000200021000008620017
:102B130000000000210882212431A73A084A8A5A7A
:102B2300EC632D6B6E6B6E6B8E73CF6B8E6B6E6BFC
:102B33006D632D630C5ACB528A39E73186212518F0
:102B4300E308410000000000000000000000000056
:102B53000000200020000000000000000000200012
:102B63000000000000000000000000000000000062
:102B73000000000000000000000000000000000052
:102B8300000020000008617BEF949294B284307BB4
:102B9300CF5ACB52AA39C700200000000000000022
:102BA3002000000000000000000000000000000002
:102BB30000000000000000000000000000002000F2
:102BC30020000000000020002000000000000000A2
:102BD30000000000000000002000000000000000D2
:102BE30000000000000000000000000000000000E2
:102BF3002000000000002100200000000000210848
:102C03008229654A695AEC6B6E7BF0843184318486
:102C1300518C717C107C108451843073CF84107B71
:102C2300F07BEF7BCF7BCF73AF7BCF73AF73AE6B99
:102C33004D630C528A4228294510A2084100000026
:102C4300000000002100210000000000000021001E
:102C53000000000000000000000000002000200031
:102C63000000000000000000000000000000000061
:102C7300000020000000200020528A94B28C71943E
:102C83009273AE632C528A18E30000000000000028
:102C93000000000000000000000000000000000031
:102CA3000000000000000000000000000000000021
:102CB3000000000000000000000000000000000011
:102CC30000002000000000002000200000000000A1
:102CD3000008610020000000000020000000000840
:102CE3004100000000002100000000108331C752A2
:102CF300CB738E84518C728C518C7294928C728CA7
:102D0300718C718C518C7294B26B4D42284A497B01
:102D1300EF73CF7C10843084107BEF73AE7BCF6B6B
:102D23006E73AE738E6B6E6B4D630C5ACB42292957
:102D33006510A308410000002000210020000000CE
:102D43000000000000002000200020002000000000
:102D53000000000000000000000000000000000070
:102D630000000000000841000000000861632C8C93
:102D7300518C5173AE5ACB29650841000000000005
:102D83000000000000000000000000000000000040
:102D93000000000000000000000000000000000030
:102DA300000000000000000000084108410000008E
:102DB30000000000000000000000000020000000F0
:102DC30000000008610861002000000000002000EE
:102DD300000000000000210861214552CB8431949A
:102DE300B394B394B39CF394B394B29CD394B2943A
:102DF30092949294B28C717BEF7C0F738E6B8D7B6C
:102E0300EF8C517BCF7C107BF07C1084108410639B
:102E13002C738E7BCF73AF738E6B6E6B8E5B0C5A82
:102E2300EC5AEB52AA39C718E408620021000000EB
:102E3300200021000000000000000000200000002E
:102E4300000000000000000000000000200020003F
:102E530020000000000000000000000861000000E6
:102E63002031A6422839C718E308410000000000BA
:102E7300000000000000000000000000000000004F
:102E8300000000000000000000000000000000003F
:102E9300200000000000000000002010A218C3085A
:102EA300610020000000000000000000000000009E
:102EB30000000000000000002000000000002100CE
:102EC3002100000021088231A7632D8C729CF494A9
:102ED300D38C928C9294B39CF39CD39CD39CD39C21
:102EE300D39CF39CD284308C71630B4207738D9413
:102EF300918C306B4C7BCF7BCF7BCF84107BEF6B84
:102F03008E3A085AEB7BCF84307BF073CF6B6E6BBA
:102F13008E6B6E5AEC632C52CB4A6A39E821240833
:102F2300620020000000000000000000000000001C
:102F3300000020002000000000000000000020002E
:102F430020002000000000002000000841000000D5
:102F53000000000000000000000000084100200005
:102F6300000000000000000000000000000000005E
:102F7300000000000000200000000000000000002E
:102F8300000000000000000000000000000020001E
:102F9300200020002000200000002000200000006E
:102FA300000000002000200020000000000020009E
:102FB30020000010A339E773AF94B2A5559D148C7C
:102FC30092845184318C729CD39CF3A514A5149CD8
:102FD300F39CF38C71630C6B4C632C7BCE6B6D7B1E
:102FE300CE738D6B4C6B4C630C73AE841084308446
:102FF3003173CE73AF528A422842084A49738E52C4
:10300300AA52AA5B0C73CF6B8E634D5AEC5ACB5208
:103013008A42082125086200000000000000200009
:10302300000000000000000000000000000000009D
:10303300000000000000200020000000200000002D
:1030430000000008610841000000200000000000AB
:10305300000020000000000020000000000000002D
:10306300000000000000000000002000000020001D
:10307300200000000000000000000000000000002D
:10308300000000000000000000002000000000001D
:1030930000000000200000002000000021000000CC
:1030A3002010A22986634D84518C919492843052CE
:1030B300AA528A4A896B6D8C9194B2949194929C92
:1030C300D39CF38C51738D6B4C94B28430843094C5
:1030D300D28C717BEF73AE7BEE84308C7184308441
:1030E3003084508C508C518C517BCF632C42085AC6
:1030F300CB6B4D4A8A31C73A085AEC632D6B4D634B
:103103002D632D630C528A39C72104088200000005
:103113002100000000086000000020000000000003
:10312300200000000000000020000000000000005C
:1031330000000000200020002000000020084100C3
:10314300200000000000000000000000000000005C
:10315300000000000000000000000000000000006C
:10316300000000000000000000000000000000005C
:103173000000000000000000000000000000000844
:1031830041002000000000000000200000000100BA
:103193006121454A8A7C1084317C1094B273AD312D
:1031A300C652AA52AA29444A6873AE7BCE7BEF8CDF
:1031B3007194B29CF3A534AD55A534949294B29412
:1031C300918C71949294D294927BCF8C718C517B1D
:1031D300CF73AE73CE84508C71840F73AE83EF8C38
:1031E3003084107BCF73CE5AEB088210A3210431B5
:1031F30066528A5AEB4A6A52CB5AEC4A4939E82159
:103203002500210000002000000020000000000035
:103213000000000000000000000020084100000042
:10322300000000002000000000000000000000007B
:10323300200000000000000000000000000000006B
:10324300000000000000000000000000000000007B
:103253002000200000000000000020086108410059
:1032630000002000200000002000000000002000DB
:103273000000000020002000200020002000210882
:103283008242497C1084519D349CF3A5348C717B1C
:10329300EF5B0B73AD4A6829444A698C719CF39CBC
:1032A300F39D139CF3A534AD75AD55A534AD758C65
:1032B30071630C7BCF6B6D7BEF9492A51494718437
:1032C30010841094928C718C518C7184307BCF7BE1
:1032D300CF84108C51841084306B8E21651082183A
:1032E300C30041084118E4088210A321454A6A4AF1
:1032F3008A422931A710820000002000200000002C
:10330300000020000000000020002000000020003A
:10331300000000000000000000002000000000008A
:10332300000000000000000000000000000000009A
:10333300000000002000200020000000000000002A
:1033430000002000200000000000000000086110C1
:10335300C3000000000861084000000000000000F6
:10336300000020000000000021000000000061199F
:10337300255AEC8CB38CB294D294D27BEF634C631A
:103383004C73CF7BEE7BCE634B73AD8C719CF39C04
:10339300F39D1394D29CF3A534AD75A534B5B6ADA6
:1033A300559CF39472A4F49CD39CB3A4F49CD3943F
:1033B300728C51947294B29CD39CD39CF394B29428
:1033C3009294928430841073CF73AE6B8E5AEB4217
:1033D30049296618E4088208620041084208621815
:1033E300C439E8424A422942292104086100000005
:1033F300200000000000000000000000000020008A
:103403000008410020000000000000000000200030
:1034130000000000000000000000000000000000A9
:103423002000000000000000200000000000000059
:103433000000000000000000000020002000000049
:103443000000000000002000000000108210820035
:10345300000020000000210000002100410062293B
:10346300A76B6E8CB38CB38C9294D28C7139E72199
:1034730044632C632C422873ADB594842F7BEF9463
:1034830092A534A5549D139CD3A514A534A514ADBE
:1034930076AD55A535A515A535AD55A535AD35ADD8
:1034A30035A4F4A4F49CF494928C7294928C518C71
:1034B300728C718C718C7184107C0F632C4A69211E
:1034C3002421242124212510A2002108620882003E
:1034D3006208830883298739E831A74A492986087E
:1034E3008100000000000000000020000000000830
:1034F30041084100000020084100000000000000D6
:103503000000000000000000000020002000200058
:103513002000000000000000000000000000000088
:103523000000200000000000000000002000200038
:103533000000000020000000200020000000210007
:103543002000000020000000200021002108834209
:103553008B8C9394B37C10843194B373EF73EF42E9
:103563002842486B6C214429645AEA7BEE5B0B7B4F
:10357300AE9CD394919491A5339CF3A514AD55B50A
:1035830096A514AD55AD55B596AD5594B39CB3A55D
:10359300149CF4AD15AD35A51494B38C719CD394E0
:1035A300B394B294B28C718C51845084307BEF739A
:1035B300EF6B8D422839E818E3088200410041008F
:1035C300420862086310C4086239E8318729664AF1
:1035D3004939C710A20020000000200000000000AD
:1035E3000000000000002000000000002000000098
:1035F3000000200000000000200020002000200028
:103603002000200020002000000000000000000037
:103613000000000020000000000020000000000067
:103623000000000020002000200020000000000017
:103633000000000000002000200041004110A352C0
:10364300EC94D46B8F3A09424A94B37C105B2C6B95
:103653006D632C31A552A90880422784307BEF7318
:103663008D7BAE83EF7BAD7BAD947094918C4F8C4F
:103673007094B18C5094D28C7094918C7194D38C3F
:103683007194D38C718C726B2D6B4D9CD39CF39D79
:10369300139CF38C9184718C71845094918C50841D
:1036A300507C0F7BEF84304249192429A610C300B4
:1036B30041002100420022086210A421463A091069
:1036C300C429664229422918E300000000002000B3
:1036D30000000000000000000000200000000000C7
:1036E3000000200000000000000000002000000097
:1036F3000000000020000000200020000000200047
:103703000000000000000000000000002000000096
:1037130000000000000000000000000000000000A6
:103723000000010000000000210021002110E46BD3
:10373300AF8C934ACC31C94A8B6B8FA5358C926B76
:103743008E52CB42482985298410A031C694919486
:10375300B2A534BDD6AD5483EE6B4B6B2B73AC6B00
:103763002A6B2B6B4B6B6B632A632A3A06424884A2
:103773005084916BAD52AA9CF35ACB528994B28C6C
:10378300918C9194D27C2F636D6B8D7C0F8430630D
:103793004C52AA52A94AA9636D6BAE73EF634D19DC
:1037A30025214510E400420042004200220042214C
:1037B30026212618E418E439E84A6929450000005F
:1037C300000020000000200841002000000000004D
:1037D30020000000000000000000000000000000C6
:1037E300000000002008410000002000200020000D
:1037F30020000000000000000000000000000000A6
:1038030000002000000020084108200000002000E4
:103813000000210000002100010001002121468C4D
:10382300938CB329A821874AAC73F094D494938CD6
:10383300727C104A4973AD52A939E58C6F5ACA3963
:10384300C64A286B4DA513B574944F7BAC736B6B51
:103853004A6B4A630952A76B6A5AE9422621633AC3
:1038630006844F740F31C6636CA5549CF39D139467
:10387300D24A8921643A2731E631E64AA931E64240
:1038830048298510C231C629A51103110329864A87
:10389300AA216610E4190508A30883088308830096
:1038A3002210C419051083086218E439E84A69290B
:1038B300860000002100000000000000000000005E
:1038C30020002000000000000000000000000000B5
:1038D300200000000010822104000000000000000E
:1038E30000000000000000000000000000000000D5
:1038F3000000200000000000000841082000200014
:103903000000200000000000000021000129877C46
:1039130032636F214629A75B0D5B2D8C7284525A4B
:10392300EC632D73AF42287BCE31A4632A6B4A52DA
:1039330089526952495AAA840F94708C4F9C907390
:103943006B6B4A6329738B634A52C74A6642463A92
:10395300268CB0A574ADB5530B7C5084509D337C3D
:103963000E52CA29A5110210E219434AA94AA95BBA
:103973002B3A07190310C2190308C110C208A21079
:10398300C2192408A30042006210C4192508A31019
:10399300A408630863088321461083084139C729B3
:1039A300454A4929450000000000000000000000CE
:1039B30020000000000000000000000000000000E4
:1039C300200020000000000000084100000000006B
:1039D30000000000000000000000000000000000E4
:1039E30000000000000000000000000020000000B4
:1039F3000000000000002000200041002121476357
:103A03004F424B19063A09843294F494D37C315BC8
:103A13000C5AED630D2945630B52A8840D8C2E6B54
:103A23002A8C4F8C2F7BAE8C30A4F29CB18C506BC4
:103A33006C6B4C6B4B5AEA5AE95AE95AC952887C67
:103A43000E9D12B5F6AD95A534845194F38490522E
:103A5300E921A4008008E1194321A419235B0B7C0D
:103A63002F73CE3A273A2752EA52CA3A4831C61937
:103A73004408C20882002108A308A3006310A4001D
:103A83004210A40863214610A418E5002208824AC4
:103A93008A296619044229294500000021002000D3
:103AA30000000000000000000000000000002000F3
:103AB3000000000000000000000000000000000003
:103AC30000000000000000000000000000000000F3
:103AD30020000000000000000000000000000000C3
:103AE3002100010000002000200020002119265A97
:103AF300EE29A910C631EA632E636E9D3494D39DDB
:103B0300148452630D210518C329444A467B8B73E1
:103B13004A944F83CD736C83EEAD53AD53BDB5B5AE
:103B230075A4F37BEF8C7073AD6B4C73AD8C509CB1
:103B3300D2B595BE17BDD6B5B6AD95A55584715B07
:103B43002A196329E5196329E5320529A4194319BB
:103B5300436B8D7C0F634C31C63A073A0729A65253
:103B6300EB634C1924006210C4086310A40884009A
:103B73006310A4086310A431A818E50042002210C2
:103B8300C442492145088221453A0818E40021002E
:103B93000008410000000008410000000000000090
:103BA30000000000000000002000200020000000B2
:103BB30000000000000000002000200000000000C2
:103BC30000000000000000000000000000000000F2
:103BD3000008210000002000000020004110E54AF9
:103BE300AC29A9216821485B0E8C939CF49CF39D1E
:103BF300146B8E5B0D10A308621081294352675A20
:103C0300876AE9524662C9734A5A87948F9CB19C6A
:103C1300B18C50C617B575AD34BDD6AD75BDD6CE16
:103C230079BDF7C618BDD7C617B5F7BE178C713A5D
:103C33002729C43A8732663A6721A4218329A4211C
:103C430064426884508C916B6D4A693A0810E32989
:103C5300A63A084A8A31C710C418E510C521471986
:103C63000608A408630043088318E54A8B18E5088F
:103C730063004229A7298710A3004219042986104B
:103C8300C30000002100210000002000000000000C
:103C93000000000000000000000000002000000001
:103CA3000000000000000000000000000000000011
:103CB30000000000000000002000000000000000E1
:103CC3000000000000002000000000004210C44279
:103CD3006B29A829A94ACD426B52CC9CF59CF4943C
:103CE300B36B8E52CC4A8B10C310A218C141E5733B
:103CF3002A6B096AC862877B8B73295AC7736B9CCB
:103D0300B083EEB574BDD5DEB9D678CE38CE59C5FD
:103D1300F8C638C618B5B6BDF7C638BE3794D14A0B
:103D2300A83A46324642E83A863A86198329A421BC
:103D33008431C57BEE8C707BCF632C7BCF7BEF63B1
:103D43002D3A083A084A6A5B0D31E9086308841979
:103D530006216808840864086410A4086331A8195C
:103D630006004200422966422900420862004219C5
:103D730005296618C30000002100000000000000B0
:103D83000000200000000000000000000000000010
:103D93000000000000000000000000000000000020
:103DA30000000000000000000000000020000000F0
:103DB3000000000020000000000841000100633AF9
:103DC3000A29C908A54ACD636F19263A2A4A6A7B8C
:103DD300F08C52630D6B8F29A708613184318362A4
:103DE300C87B8C5A6752057B498BEB28E04A045AFF
:103DF300C84A266B2A83CC736A83ED8C0EB553B500
:103E030074B5B6BDF6BDD6BDF68C908CD18CAF53D0
:103E1300294AE742C642C73AC732662A0429C4314F
:103E2300E55B0A84708C508C7194B29CD37BCF3A3F
:103E33000852CC634E632D73CF4A6A318819060842
:103E4300A5004310A508A50043006308640864089F
:103E530084004308840863298731A7086208620045
:103E63004210A3298631A708620000002000000049
:103E730000000000200000000000000020002000DF
:103E8300200000000000000000000000000000000F
:103E930000000000000020002000000000000000DF
:103EA3002000000000000000000020000000222984
:103EB300A93A0B1107320B7C3329A83A0973D07343
:103EC300AF8411AD768C522988088310A14A8829C2
:103ED3004252466AC85A265A258BAA62866AE773F3
:103EE3000849E4316339A349E46B086B086B496BF8
:103EF3002A8C2E8C0E630A842E634B426642863ACA
:103F0300454AC74B0742A63AA632863AA732452905
:103F1300E43206740E84909CF39D3494B24A6A1082
:103F2300A310A329667C1194D48C726B6F190600BD
:103F3300432127298810A50864298810C500430058
:103F430043086408640063004231C839E900220869
:103F5300630883004218E439C72986002100000062
:103F6300000000000000000000000000000000004E
:103F7300000000000000000000000000000020001E
:103F8300000000000000000000002000000000000E
:103F930000000000000000002000000000002119C4
:103FA300263A2B10E71107428C426B634E9D14B5E2
:103FB300F89CF494B4634F0884008308832123633B
:103FC3000A316341A483AB7308628651E451C2830F
:103FD3006972E841A341E44A046AC7940C83EB7312
:103FE3006973496AC76AE86B08738A5B073A65298C
:103FF300C329C33A654AA74AE73245326532651990
:10400300A32A05320621A531E77C5095136BAE290F
:10401300A7298710C4636E94F573F18C9484324A94
:104023006B18E531C931C908C529A8843329A9000A
:104033004300630884004308841925216619250079
:1040430062086210C410A4002218E539C818E400FD
:10405300000000000000000020000000000000003D
:10406300000000000000000000002000200000000D
:1040730000000000200020002000000000000000DD
:1040830000000000000000002000000021002108C3
:10409300A4320A1107110729CA2188422A8432B59A
:1040A300D7A5556B8F426A088408A408C408A310D7
:1040B300C25AC9524649C48389838972A759E48382
:1040C300089389A44D72E8520541C349C36AA67B8C
:1040D300687B687B4883698BCA6B0773695B28427B
:1040E3008629E3218232053A4642663A6632252919
:1040F300E4116221C42A06218421A529E6742E7CB9
:10410300303A2929A82147636F52CD424B7C126371
:104113004F73D152CD31E92188006331EA4AAC08AB
:104123008408640064004310A5190631E931C821ED
:104133004600220022002210840843084229462117
:1041430005088200000000000000000000000000DD
:10415300000000000000000000000000000000005C
:104163000000000000000000200020000000000804
:1041730020000000000000000000200000004200BA
:104183004231C929C908C621A929A9298839E9427F
:1041930029424994B36B6E5AED31C80884088319D8
:1041A3000439C662E962A772E87B496AA662455987
:1041B300E3CD7093A9A44CACAE49C341A27B488321
:1041C300688B688B8972C683687B685AA65AE73AFC
:1041D3002429C331E442864B084AC83A463A873A0F
:1041E3008721C43A67428729C53A463225320532C8
:1041F300056BAD52CC214710C62148296810A5187C
:10420300E6086419264A8C426B2167006429A929B0
:10421300A900230064004300432147214731C839E3
:10422300E931A7002108630042004200420842101E
:10423300C4210521040862000000200000000000E2
:10424300000000000000000000000000000000006B
:10425300000020002000200020002000200000009B
:10426300000020000000000000000000000000002B
:104273000110E5424B1927110731EA19471927297C
:10428300A852CC73AFC638C659CE9B7C114A8B8CCF
:1042930052B5B7A4F341E5734A9C6E9C4D836959AB
:1042A300E3390093CACD917B07836973086AC68B90
:1042B300C993A99368936893898B896AC752654A9E
:1042C300653A0431E452E85B6A5B6A42A742874B72
:1042D300093A673A6732463A673A873A464287422B
:1042E3006742893A0810E510C62128296A10E710A9
:1042F300C6004410C610E631C908A5006408851934
:104303002810A6086500440023004408A529674235
:104313004A73AF52AC08620042004208630042088D
:1043230063086318E418E418C300000000000000E9
:10433300000000000000000000000000000000007A
:10434300000000000000000000000000000000006A
:104353000000000000000000210000000000210018
:104363000100633A2A216810E7194821693A0B636F
:104373004F6B6FB597DEDBE73CDEDBCE7ABDF8B57E
:10438300D8B5D7BDD7D6795ACA39A473099C6D9CC1
:104393004CA42B5A034961496262657B286AA69C37
:1043A3000BA42B8B4782C58B48AC6DA44C838963CC
:1043B300074A45422442454AE86BCC4B084AE85336
:1043C3004953493A663A6742A84B0942A842A84A68
:1043D300C94AAA3A2929A910C6190810E708A7103B
:1043E300C7088608A608A6006508A608A608A600AA
:1043F3008508A50085004400440864002308A5211E
:1044030067424A5AED52AC088310C4088300430044
:10441300420022004210C4088318E4004100000057
:104423000000000000000000000000000000000089
:104433000000000000000000000000000000200059
:104443002000000000000000000000000000010048
:1044530001000119263A2B194819482169192852D4
:10446300CEADB8BDF8C639D6BBCE79C638B596A59C
:1044730035A535CE59D69ACE595AAA18A1944ECD00
:10448300F4B4EFBD508BAA628662866A869C2C5A6E
:1044930003B4ADAC8CA40A9BA99BCA9BCBA44DA42B
:1044A300AE83CB5AC64A8642655328742D4AC84206
:1044B300C853294B083AC73A873A8742E94AE94A37
:1044C300CA3A6A320A31CA1928216910E810E70882
:1044D300C710E810E808C708A6088610E7192800DF
:1044E30085006508850885088500440865088519E1
:1044F30007214752CC4A8B212619050883088300DC
:10450300420063002200420863086218C410A3003B
:104513002100010000000000000000000000000076
:104523000000000000000000000000000000000088
:104533002000200000000000000000000000000038
:1045430001000108843A0A110719281948298931F9
:10455300EB4A8C52CC8C93AD76B5B7BDF7B596BD0F
:10456300F7C618A5149CD384119CD373CF10A173E1
:104573008BD635C592838A5A6573098C0CB551B5B0
:104583000F8BAAB4ADD5D1B4ADA42C9C0C93EC8302
:104593006A942C6B2842235307428563AA5308422B
:1045A30066322542A8536B4B2A4309534A536A4B3D
:1045B3000A32282A092169194919493A4D10E7088D
:1045C300C61949110808A708C708A708E710E80093
:1045D30065006508A608A608A6004400440865000F
:1045E30044212719064A6B422A31A800420063007E
:1045F30043006300430063002208630842108310F2
:10460300A3084200000000000000000000000000BA
:104613000000000000000000000000000000000097
:104623002000200020000000000000000000000027
:10463300210001000221472189192710E7110719D9
:104643002821683A2A21464A8A9CF39492AD35C6BA
:1046530018CE79CE796B4D5AAB6B6E7BF04A8A18C4
:10466300E24A4720E1ACF08BCB5A6562C883CCACFD
:10467300F0ACEF93EB938ABCCECD91BD109C4D8BE8
:10468300EC8BCC8BEC4A254A866BCA4AE753083A33
:10469300664AA85B4B530A5BAD63EE63CD63CD53B0
:1046A3004B532A3A6942AC08C71129110811081162
:1046B3000708C6110908C808C810E808C808C700D1
:1046C30066006608A608A608A608A6088500440092
:1046D30044004410C618C5422A528C31A8088308E6
:1046E300630883004200630042002210C4004200BA
:1046F30022108310A300000000000000000000004F
:1047030000000000000000000000000000000000A6
:10471300000000000000200020082100000000002D
:104723002100000022006329A92168194819492999
:10473300CB31CB298931C86B6E6B8E8C71A4F4A5F8
:1047430035BDD7A535B596A51484107BF06B8E9433
:10475300D35B0B420608407B6B83AB3962630994DE
:104763006F8C0D944D8B8A8B6993EBCDB2BD507BCF
:104773004962867B6A738B632A5B2A5B6B742E6B3D
:10478300ED638D636D7C505B4D42CC4AEC534D53CE
:104793002C5B8D7450322819471929008711291170
:1047A3002808E6110710E808C808A708E808E80879
:1047B300E708C7008600A608A608A6088608A60874
:1047C300650865086408642947632E52AC31C81034
:1047D300A40863086308840063088308A410C40062
:1047E300220022086210830841000000200000001C
:1047F3000000000000002000000000000000000096
:1048030000000000000000000000000000000000A5
:1048130020002000010022190629AA08A6218921C7
:104823006919085B305B2F6B8FB5F8B5B6AD75BDF5
:10483300F8AD558C726B2D73AE8C518C51A535AD83
:10484300B7CE9A42694A8918A183EDB55262E8D678
:1048530098DED983ED8BEC8BAA83496A868BAABD3C
:1048630050942C83CB83CC840E73EE52EB3A694283
:10487300AA530C741074318CD44ACC11261987298D
:10488300C819666BEF743021A611261949008708F1
:10489300C808E708C610E710C8006708A708C708D4
:1048A300E8110811080086008608A608A610C608A5
:1048B30086088508A508A539EA73D17BF24A6B21DE
:1048C300470863086308840063004310C410C500ED
:1048D30042088300220001086210A30000000000C8
:1048E30020000000000000000000000000000000A5
:1048F3000000000020002000200000000000000055
:1049030000002000200021006321881928110719C5
:1049130048214929CB73D2634F8C93CE9AC638BDB5
:10492300D7C618AD7694B3B596DEFBDEDBE73CDE87
:10493300DBB5D88C7210C38C714A4718A0738B8374
:10494300ED94906B2B5AA97B8B836983495A246A14
:10495300E7B50FBD2F944C842D5B2C21A808C611FD
:10496300071948194729C942AD42CE21EA3A6B6378
:104973006F5B2E2166428A63AE743029C808C6086D
:10498300C808A8008708C710C710C810C910E811C5
:1049930009110808C710E808A608A608A6190810F0
:1049A300C608A6086508A5190631A973D1636F194E
:1049B3002608A4088410A508840022006310C408F4
:1049C300830042086300420042002110A30021003B
:1049D30000002000000000000000000000000000B4
:1049E30001000000000000000000000000000100C2
:1049F30021000000000000000110E531CA10E7109B
:104A0300E7194829CB29AA31CA4AACB5B7DF1CCE6E
:104A130058B5B6BDD7CE7AEF7EEF9EE71CD6DAD671
:104A2300BAD69ADEFC73D008629492632B08205A9C
:104A3300A85288084039C65AC98C0D9C0CA46D62D3
:104A4300A69C6DCDB1C5708C2C5AC911051968117E
:104A530029194A110810E719481127196929EA3257
:104A630009B6199515218729A774105B4C5B6D3224
:104A73002B114808C708C81108110818E910C810F5
:104A8300E81949110808A608C708A608C608A61009
:104A9300C710E7006510C608A5088508642127210B
:104AA30067086410A5006308640884004300430892
:104AB3006300220863086308620042000110C31008
:104AC300A300000020000000000000000000000020
:104AD3000000210001002000200020000000000051
:104AE3000100000000000000410021218821890805
:104AF300C710E721AA218A216952AE8C73B5F8DE6B
:104B0300FBBE17A534A515BDF9AD566B6EB5B6DF63
:104B13001CEF5EE73DD6DC8472190418E34A48298A
:104B230024086052CA21033A0694B062C8C592A40D
:104B33008E73288BEB93EBDE54A4AF4A48112621E6
:104B4300AA198B194A190821691927192819481113
:104B53002732099D35ADB873F121864ACA6BEE53EE
:104B63002B11662A0A21CA00A6110808C7190810C2
:104B7300C810E810E808C708C710E708C608A60861
:104B8300A608A608A6088610A60885088408A519FD
:104B9300060064086410C500630043004308430033
:104BA30043004308630842088310A40862086210A4
:104BB30082212400000020000000000020000000EB
:104BC30000000000000000084008600840002000CA
:104BD3000000000000000000200041006229A91924
:104BE3002811081108218929AA422C4A8D7C12CE4A
:104BF3007AD6DAD6BAB5D79CD484124A6B5AEDCE9C
:104C03005AFFFFCE7B8473A556A5765AED08626BD7
:104C13004D4A49002052EB4A8929845B094A05839E
:104C2300ABCDF39C8E5A85838AD636C5F652AB0834
:104C3300E521AA11291129426E31CA08A52989192A
:104C4300485B4FBE3AADD852EE320A3A4A11245B62
:104C53006D3AAA0925220919C9116800C611080865
:104C6300A710E810C710E708C710C710E710E71030
:104C7300C708A608A6006510C70885088500440074
:104C83006408840884088408640864088400430072
:104C93004308630843002208432966318718E40860
:104CA3008218E42965086100000000000000200864
:104CB300410000000000010000000000200020006F
:104CC3000000000000002100200020000010E4325A
:104CD3000A1949320C218A11283A2C298929898CED
:104CE30093D6DBD6DAE71BC6388C9373D0632EB525
:104CF300B8D6FCC65A632E216729A8530E84734A7B
:104D03008B7BF0634D0882006152EB29A521433A66
:104D130005524583CB83CB8C2D4A056B2B8C3031CD
:104D2300A81927194821CA29CA3A2B424BA557A5C6
:104D33003631E952EE31EB218A10E808A611071942
:104D43008842CC3AAC19C9643319EA21EA0107094C
:104D53000708C708C710C710E810C710E708A61050
:104D6300C710C708A6088608650065006510C60059
:104D73006510C60884006408A5006400640864081C
:104D83008408430043084308220863210539E942A4
:104D930029298610A3212418C30000000000000065
:104DA3000008410020000000210001000000200055
:104DB300200000000000000000000000210020216E
:104DC30087320A1108320C21891128218A194821B6
:104DD300276B8FBE18D6DBDEFBD6BBA5356B8F8C5E
:104DE30094A5564AAB424A320A2188218910E63AF1
:104DF3000B31EA110529C82146008332083A493AA2
:104E03000731A44A45840BA4EF9CCF420539E63110
:104E1300C810E631EA2169530E8CB4AD97CE9AD609
:104E23009BE71DE75E73D108A6192908C81108116D
:104E33000708E6116864322A6C5C135BF21189215E
:104E4300EA090708C710E708C710C708C7192808E1
:104E5300A608A608A608A608650886088608850881
:104E6300A610A608850064006400840884088400F2
:104E730043004300230843084308430863210531E3
:104E8300C8212539E831C7108218E400000000006A
:104E930000000000000000000000210000000000EE
:104EA30020000000000000000000000000002100BE
:104EB3008329C8320A1907218A1949216919072147
:104EC3006821474A8BCE7AD6DBC618C639A5567CED
:104ED3001184734AAC21671926194721A921691046
:104EE300E708C61928110708C508C6110721683A3B
:104EF3002A3A0721434A66946DA50F6B6942253A06
:104F030047218610E619481949634FE75EE73CDFFE
:104F13001BBDD794D48CD463901107114811281169
:104F230027110621A72A2932AB11C82A6B53B032A5
:104F3300CD32AE11491969110808A608C7196910BD
:104F4300E700A608C710C710C710C708A60885083A
:104F530086088508A600650044088508A50884001E
:104F63004300430863002208630864004310842954
:104F73006710A4002208A329661904190408410034
:104F8300000000000000000000000000000000001E
:104F930000002000000000000000000020000000CE
:104FA3000208C529C9110629AA10E8194921AA1915
:104FB30028216831EA31C9B5D8C659C618AD7684F7
:104FC300527C315B2D4A8C320A426C3A6C29EB21BC
:104FD30069194908C708A608E708C61108218921E5
:104FE3008931C93A28216339E473AA9CEFA5315B5F
:104FF30029638C428A3A6B428D4A8DBDD9D6BBADAB
:1050030075C6379CF3214508A4008408E6112708D8
:10501300E73A4C42AC4B0D63D06C314B4E328B3282
:105023008B19A800E608E71969110829CB1969004B
:10503300A608E7008600A608C708A608A608A610C3
:10504300A610C610C608850065088508A508A50032
:1050530044004308A4004300430884088400431029
:10506300C521260001002210A310C310A310C310F2
:1050730083000000000000000000000000000000AA
:1050830000000000200000000000000000000000FD
:10509300010023110621A929EA29AA21491949193D
:1050A3004929AA635073F1088494D4CE5AC639C6E9
:1050B300187BF0632D4A8B31EA4AAD6BB14AEF118D
:1050C30028110808C7008608E7006608E719692160
:1050D300AA218829A8194519234246632A8C2F84BB
:1050E3002E52C952EA52EB21A7426B31E994D5B54E
:1050F300B7AD75D6DA7C50192529E83A6B31EA1138
:10510300071949194921C942CD5B8FBE5A84B2633D
:10511300CF63CE32282187110700C61949428D215A
:105123008908A610E708A610E708A710C708A7086C
:105133008608A6006508A50085008510C608A60098
:1051430044088508A5004300430064088408440814
:1051530084088419060863004210E44229210510DB
:105163008310A30000000000000000000000000006
:1051730000000000200020000000000000000000EC
:105183000000420043194729C9194719081929087A
:10519300C8194931EB63707C127BF1BDF8D69AD6FE
:1051A3009ACE59A535634E636F4A8C8C75428D2117
:1051B300AA322C1949218A21AA08C710E8112811FB
:1051C300071128194729C829A63A485B0A4A4763A1
:1051D3000B4228422752C942891104636E3A4A425C
:1051E3006B8CB3B5D7B5F77C5074507C9284B342C3
:1051F3008C21491929196A19691988532ECEFC94EF
:10520300F48C7194D29D1394D4426C1948112700E5
:105213006410E608A508A5110710E708A610C7083B
:10522300C708C710C7008508A608A600850885001B
:105233008508A600440064088500430864088410B8
:10524300A510A5004318E608830863298742292986
:105253008608822104000000000000000000000016
:1052630020000000000020002000000000000000DB
:105273000000000041002229C91967114719481984
:105283002908C7194931CB3A0B634FBE19CE7ABDF2
:10529300D79CF4B5B7AD976B6F4AAC31EA52EF19AF
:1052A300281107428D1128320B320C29EB08E71124
:1052B30008110811274ACCADB77C105B2B5B0A9D04
:1052C300128C508C506B8C6B8C7C2F5B4C1925840F
:1052D3009373F15B2E4A8B530B7C70746F746F5313
:1052E3004D21681929216B218B1969194729C97C1B
:1052F300116B2E8C319CB39472528B296811070861
:10530300E631E931E9428B3A2A10E608A50885100F
:10531300E608A608A608A60086088608A600850053
:1053230065088600450885004408850885088510BA
:10533300A510A50884086318E510A410C431C8217A
:105343002519050883318600210000000000200094
:10535300000000000000000020002000000000000A
:105363000000000020000008A421A91106218821C3
:1053730069218A1929218A19483A4C5AEEAD97A511
:1053830035A535B5B7A535B5D852AC4A6C21272913
:1053930089192829AA11081107112819493A4D1109
:1053A30008192821891107ADB8F7FF9D3494B2BDC0
:1053B300F6C617A534947194D1636B634B42885B33
:1053C3002C9D553A29216631E752EB84B05B6B6320
:1053D300CD63AE1948218B192A196B19491968290C
:1053E300A88C53AD36C5F99CB38C514209192621BB
:1053F3006811073209424A6BD0636F3A4B10E64299
:105403006C218910C610C608A608C608A608A608F7
:1054130086088608860885088508A600441907219A
:105423002808640864086408640884190521252988
:1054330086212510A308623186086200000000005F
:105443002000000000000000000000002000000019
:1054530000000000000020004108A44ACD29C9290A
:10546300E921683A4C19482189216821684AACBE70
:105473001AAD9794D49D1584529CF54A8C3A0B1916
:105483000710E710E7190810C729CB3A2C31CB11C5
:1054930008216A192919087C33E75EEF9EE73DFF6F
:1054A300FFFFFFF75DD6BBA534632C42274A87294C
:1054B300C4638B63AC6BCD740E7C4F7C4F63CC4B5E
:1054C3000A7C91534E112721AB218B194A192921AB
:1054D3006921486B908C337390632D9CF49CF55237
:1054E300ED218929891927216810E608A508C52116
:1054F3006929A9110708C608A608A610C608A600A8
:10550300850885006508A608A60064004410C63116
:10551300A910A5004408A510C50884002208831813
:10552300E5212508A310A30862214518C400000043
:105533000000000020000008400000000000000000
:10554300000000000000000040002110C5532F4A56
:10555300ED320A19482169196821A9112719272948
:10556300C9A557AD988473636F52ED6BB073F14265
:105573004C10E7190721692169218A1928424D191D
:1055830008192910E8422D5AEFD6DDF7DFFFFFFF98
:10559300FFF77DE6FCE6FCFFDFF79ECE5994D2735E
:1055A300ED4AA74AC85B2A5B4A532A42A84AC85312
:1055B3002A5B6C7C71322A19A81148196A194A1995
:1055C30049192819072148424B632F4A8B7C31BE66
:1055D3003973D0088410E610A608A610C611071068
:1055E300E708A608C608A608A608A608A510C610B8
:1055F300E6190629A8214708840044088500642188
:105603004810E600240864190631C92126086300FE
:1056130042004210A3088308830883214521250003
:105623000000410000000000000000000000000036
:105633000000000001000100000021000119063AEA
:105643004C21A9218811071928194829CA110719BA
:1056530027194829C95B4F3A0B192731CA3A2B73CB
:10566300D24ACE4AEF31EB19281948196921490862
:10567300C711071928110763508433BE19FFFFFFB1
:10568300FFF7BEFFDEE6FCD69AEF7DF7DFF7BED667
:10569300FBAD748CB1638C530A7C505B4B3A673A15
:1056A30047638B8CF15B6C322819A7116721892121
:1056B3006919491928190721895B2F6BD129E953E6
:1056C3002DC6BB636F088410C608C608A608C6109B
:1056D300E708A608C710C7088608A6088508841027
:1056E300C52988634E73CF39E85B2E216708A50867
:1056F300A40884216818E610C52988192610A52155
:105703002610C40042088310A4086210C429452946
:105713006600000000000000000000000000000020
:105723000000010001000100000000000000212131
:105733004829A919684AEE10E719281127110719F2
:1057430048112811071968110721691928426D3179
:10575300EB29CA52EF3A4D3A4C3A6D29CB218908CD
:10576300E71127194908C710E74ACE6B904AACC620
:1057730038E75DE71BEF5CEF5DEF5EFFFFB5F763B7
:105783004E7C10C67AC67A3A28216684928CB22956
:10579300C65B2B5B4B4AC94AA9428929E729E83AE8
:1057A3006B63B0426D21691948110708E71127118E
:1057B3002742AC7C7331E908A510E608A61107005F
:1057C3008508A6088608A6088611072148214810DF
:1057D300E629885AED73AF2986632D94D473D129B2
:1057E30088002321473A0A2168190610E50864084E
:1057F3004308830884088310C4296710A30862211F
:1058030025296600000000000000000000000000E1
:105813000000000000000000000000000000000085
:1058230021214729A942AD84B51927194810E7005A
:10583300A508C6110810E7192810E811081929212D
:105843004929AB194910E8112811081948196908A1
:10585300E708E708E711071107112711074A8C84A6
:1058630073634E94D3AD55D69AF79FFFFFCE9B63D8
:105873006F31C929A8DF1EDF1E29A810E54AAC6BCA
:105883008F530C9D146BAD1102216442885B4C3A1B
:10589300684ACB6BF0847429CA110719491928087F
:1058A300E708C71949320B10C61907190710C700B3
:1058B3008610C708C708C608C6008410E619065232
:1058C300ED73D110E53A0A5ACD4A6B7BF18C94946F
:1058D300D431C90064006408A5190610C508640022
:1058E3006308840063086300430863214621460874
:1058F300622125296600000021000000000020002D
:105903002000200000000000000000000000200034
:1059130000004121684ACDBE7BBE3A4A8C31C91191
:1059230006322B6391530F3A2C10E710E810E81955
:1059330029190821491108110810E7110711071146
:105943000711281128112808E71969112811272997
:10595300CA84737C126BAFBDF9C639C63AAD98528F
:10596300EE3A2B31CA216895168494298910E608EA
:105973008552EE9D3673D03A2829C6216431E6421A
:10598300A85B4B530A6BCF7C7329CA196919491158
:1059930028192911081108214910E710E708A70859
:1059A300A6088608A608C608C608A519273A2B2103
:1059B3008819063A0A18E518C59CF58C7331A86353
:1059C3002E634F216710E508A5088408640884083E
:1059D3008408640043086308840863004310A4191F
:1059E3000510A32966318600000021000000200075
:1059F3002000000020002000000000000000000044
:105A0300000000004119265B4FDF5EEFBF8452297F
:105A13008821472168639094F66370424C08A61965
:105A230048424D424D190819281907214810E7111A
:105A33000710E708C710E811081969194911081177
:105A4300281107190729894AAD84744A8C4A8C297D
:105A5300A9296919071928110710E710E7216919FE
:105A630008298A424D298910C519061105112429CF
:105A7300E652EA5B4A5B4B8CF2530E194819491004
:105A8300E8110810E810C810E810E8190910E80830
:105A9300C708A610E6192808A508A60885214942C3
:105AA3004C31CA10C618E619062146422A7C117BDE
:105AB300D01905088310A50864086408A5086408BC
:105AC3008400640864006308840863086308841816
:105AD300E531C82987294529450000000000000059
:105AE3000000000000002000000000000000000093
:105AF3000000200020006129884AAD9D56EFDFADEC
:105B030097BE3A6B9018E629884A8C63709D166B92
:105B130091214831CA29893A0B29CA31CA216842DD
:105B23006C29C91928190831CB1128110811081932
:105B33004831EB216910E710C610C610C6190710CB
:105B4300E62988320B21692189218929CA21AA19C9
:105B5300691108190810C708A610E7110710E61104
:105B63000508C33A685B6C742E84D25B6F19891184
:105B7300081108190810E710C710E8190821691956
:105B83004811061926636F428B218829A810E60065
:105B93008408A50023088400630043296618E429C8
:105BA30066632D4A8B10C5088410A5088500640818
:105BB3008508850885004300630863086310A4080B
:105BC3006310C43A0931A7108210A30021002108F1
:105BD300410021000000200020000000000001001F
:105BE300010000084100200041298821486BB07C56
:105BF30032634EAD98CE9BCE7B6B8F3A09632E6B8F
:105C03006F94B49CF584538453634F424B73F152A6
:105C1300ED5B2E632F31C9634F4A8C2168216832B3
:105C23000A218829C919261906298931CA634F5BB4
:105C33004F4ACC218729A9216910E71127110708A9
:105C4300E7112808E71107110710E708A61108084C
:105C5300E7090711262187532C6BEE95332A09197F
:105C6300672189216919271107110819081948297A
:105C7300C93229324832064AC94AC9532B3A6829DC
:105C8300A610E33A2829A710E431C73A08424A1874
:105C9300E452AB7BF14A6B3A0A18E6004408650804
:105CA3008508860865006400630884088310A408D7
:105CB30063086310C421252125084110A300210096
:105CC300000000000000000840084100210001001E
:105CD300210001000000200020006229A919484A80
:105CE300CE29C9634F3A2A6B6F8C73D6BC9CF58C53
:105CF30073634E6B8FADB88C936B6F6BB07C115B22
:105D03000D7C3273F17C32A577847394F5D6FD9DB7
:105D1300565B0E847332094A8B6B9094D5DF1EF762
:105D2300FFEFDF84732167320B1928112708E60878
:105D3300E608E719691107110708C608A608A608A7
:105D4300C708C71107110708E629C87C919D747C11
:105D5300928CD4ADD88CF5428C21681948216921E5
:105D63008829E84B0A5B6B428742666BCC42A74AA1
:105D7300C95B6B6BED740D52E9428852EA636D7334
:105D8300CF42493A0852CC10E50884190600441062
:105D9300A6088508650064086408840063088321F5
:105DA30026088308830863086310A400010882009F
:105DB30000000000000000000010611081002000BE
:105DC3000000200000000000000000002129C9118C
:105DD300484AEE29A9428C214710C6216852CD7347
:105DE300F1A578BE3A636F52CC73F14AAC8C9342FF
:105DF3004A424A7C324AAC5B2E8473636F5B2EAD9E
:105E0300978C94634F5B0D5B0D7C1194D4D6FD8C02
:105E1300B494F67412110629A929AA11071948087E
:105E2300E708C611281128110708E6112708A60854
:105E3300E71107428D110711071107112642AB7CA9
:105E4300717C50A575DF5D9D564AAC530E31EA2136
:105E5300A8114632284B0A4AE83A45428663CB5397
:105E63004A42C763AB63AA744D53087C6D6BCC5332
:105E73000A532B5B2B31C7216508A310E5192608AC
:105E83008408850865086508640864088410C508E3
:105E9300A408840863004200220863086300010821
:105EA3008200210000000000000020000008200004
:105EB3000000200021000000000000000000621923
:105EC300681148428D1107110710E619281928088F
:105ED300C608C64AAD52EE4AAD216721884A8C6B8B
:105EE300B18C94B5FA8C943A2B847452CD5B2E5BAF
:105EF3000E52CD2988424B84527C3173F18C938CA2
:105F0300B431EA31EA29C91948216910E71948105F
:105F1300E708C608C708E71128110708E708E608D5
:105F2300E708E61107218910C6110708A608E62924
:105F3300C82187636D7C518CD3634E7C317C526B5B
:105F4300F16BF042AA7C906BCC5B8A198253298453
:105F5300CF42C74AE742E7744C744C6C0B6BEB635C
:105F6300AB42883A4752EA5B6C5B4C196608E41112
:105F73000508A4006310A5006408850064004400BC
:105F83006400630043006308630863002200420067
:105F93002208620000000000000000000000000072
:105FA300000020002100210020002000000000004C
:105FB30021218819694AEF29CA2189110710E808A4
:105FC300C719491928110819081928214819281926
:105FD3002752EFA57973F329AA10E7190810C719F7
:105FE3002819272148426C426B52CD21474AAC63A2
:105FF300701907192729AA194811071107194819F0
:106003000710E7110708A621691969196908E70844
:10601300E608A608E7190810E710E708C708E6111D
:106023000629C931C93A0952CC634D7C31638E00CC
:10603300624ACBA595849163AC53296C0D638B4263
:10604300A842A73A454AE763AA7C6D534963AB5B11
:106053002A4AA8428829A53A2752EA4289320708E0
:10606300C31965192510C408630063088408A508CB
:106073008400640064006300630863086300220013
:1060830042086308820021000000000000000008AD
:1060930020000000000000000000000020000000BD
:1060A3000000211947114874544AAE1928110719E1
:1060B3002908A71929110808C71928216A192819B5
:1060C300291108216A216908A7110810E81908088D
:1060D300A71929298A31CB29A921684AAD29C9528F
:1060E300CE52EE1948216831EA2189194811072156
:1060F300692169194810C61107110710E608A51090
:10610300E610E610E708C608C6110710E7110708EE
:10611300C6110710C63A0B73D152AC10C46B8F5320
:106123000C5B2D6BCF63AD95137C6F322652E97CEC
:106133004F5B6B3A464AC64B0742A55349742D4AF7
:10614300A83A47428852EA3A4729A53A26530A2AE7
:10615300062A0721A629C63A0810E40883088308FB
:1061630084088400640064006400630884004200BF
:1061730042084210C40883002100000000002000F0
:1061830000000000000000002000000000002000CC
:10619300000000000119471989428D29CA10E7112F
:1061A300071108110810E808E708C700A611080836
:1061B300A710E819291108192919291108192919EA
:1061C300291109192931EC29CA21896BD273D24AC1
:1061D300AD5B0F3A0B192821AA3A2C29CA110719CA
:1061E300473A2C5B51218A1107192810C619272118
:1061F300881906110610C52167426B218810E61025
:10620300E608C608C610E7088521683A0B10C508DA
:10621300A42167C659E77D638D6BAE740E21645B61
:106223002B6BCD740E3A264286740C848E7C6E736F
:10623300ED530A636C5B2B5B0B636C42673A47312C
:10624300E529C529C52184218431C63A2810C3080C
:10625300A308A30884006300640063006408840047
:10626300430842084210C4086200210000000000F5
:10627300000000000000000020002000200021009A
:1062830000000000000001112621A921A921A9195C
:106293002710E708C719691107110808E708E70875
:1062A300C719691108110819291108192919491958
:1062B30029192811081949194821AA3A2C31EA0841
:1062C300A61928194819281128194829AA110711AC
:1062D3002708E729CB428E52EF4A8D214819273AE6
:1062E3000A73F17C128452A5569D56CE9B9D56533C
:1062F3000D190608A508C6190710C6296884548C09
:1063030094298819054AAB8451B6188491740F3ABD
:106313002873EE8CB04267530973EDB5F4A5B48CC2
:10632300D13A263A277C0E5B2B636C424731C54238
:10633300683A47428829E5216331E5218429C63A31
:1063430008190408A3088308640884006308840800
:10635300A4004200420042108300410000000000FC
:10636300000000000000000000002000000000000A
:1063730000000000000841000108C521A92189117E
:10638300281107218911282A0B218908E7110708F9
:10639300E71108194821AA29CA08C71108218A192F
:1063A3004808E7194819484AEE4AEE3A4C21891041
:1063B300E73A4C110729AA428D29AA1948196919E4
:1063C3004808E729AA31EB08C64ACE4A8D19271097
:1063D300E531C96B8F9D15DF1DFFFFF7FFFFFFA59C
:1063E300766BAF6BD07C53218808A5190652ADA5F7
:1063F30077C65B8C93298710C41905847194F37352
:10640300EF73EE8CB152C94A877C4F94F2BE378446
:10641300704AA942883A27634B5B2A634B426863FD
:106423004B530A4AA83A2629C429A429C429C529B1
:10643300A44AA94AAA10C300620063086300630860
:106443008408A4086300420042086200410000007F
:1064530000000000000000002000200020000000D9
:10646300000020000000000000002108A429A91951
:1064730069112810E729CA21A921A921A908E61130
:106483000708E71128110729CB21AA1107320B1995
:106493006811071948110721A93A4B3A6C21691968
:1064A300481948192821A931EB4ACD29CA29CA32EA
:1064B3000B1928196929AA192819272989426C1047
:1064C300E610C531A8636EBE19B5B7B5D7CE9A9499
:1064D300D35B0C52EC73D05B0E29A93A2B426B9D14
:1064E30036D6DC8C727BF1632D52AB7BF07C108C47
:1064F3009284705B0A6BAC31C44AC873ED740F9518
:106503001352EA42895B2B52C93A275B0A52EA6368
:106513008C5B2B4AA929E529C429C4322629C4291D
:10652300A429C44A895B2B216608A3088308830036
:1065330063088308A308A300420042084200410005
:106543000000000000000000000020000000000028
:106553000000200000000000000000002100632173
:1065630088218921AA19283A4D194811275B501906
:1065730048196910E711081928192908C719282982
:10658300CA10E708E6194808C61107110731EB19C5
:106593006931CB31EB216931EB19071927216929BE
:1065A3008929AA11281128110811071106298829F8
:1065B300A82167216773D0AD976B8F7BF17C116343
:1065C3004E29A831C831E93A2A214831AA4A8C29EF
:1065D300A85B2D6B8F10C42987AD76D6BCB5B79455
:1065E300B384718470740E42664AA7740D73CD84AC
:1065F300706BCE530A42893A484AA952EA8CB16376
:106603006C740E7C2F530A29A429C431E529C521B2
:1066130063216329E54AC94AA92986190410C408D4
:1066230083088310C410C400620042088308620018
:1066330021000008410020000000000000000000CD
:106643000000000000000000000000002100000026
:10665300222167196811281108192821AA1948113C
:1066630028218A2169194911081108110808E753DB
:106673001029EB10E729AA112729AA218919481102
:1066830008196931EB3A0C426D192808C6194829D3
:10669300AA21892148110719492989110708E50801
:1066A300A4428C6BB09D36C65BB5B852AC424B2945
:1066B300674A6C52CD3A0A216831A921481907105B
:1066C300E6216829A8216739E96B6F9D156B8E9DBB
:1066D30014A5557BEF844F5B2A32056BCC848F74F2
:1066E3002E638C95126BCD29E642893A274ACAADAF
:1066F300B6849184703A2631E529C429A429C52991
:10670300C41942192229C431E62985424852CB21B2
:106713004510E4190510C310A3088208421083082A
:1067230082002100000000000000000000000000C3
:106733000000000000000000000000000000210035
:10674300000001192629C911271948110808C73A59
:106753002C2169110811081929192910E81949115F
:106763000829CA29EB4A8D3A2C31EB3A2B426D1991
:10677300081949216919073A4C3A2C4AAE192711CD
:1067830007194829A9298921884AAD5B50428C4AB7
:10679300AD320A29896BB18CB58C956B9021273169
:1067A300A9192752CE4A6C2968296810E61927319E
:1067B300CA3A2B3A0A426C634F9D166B8F3A0929EA
:1067C30087AD968C9294D26B8D21643A07426831DF
:1067D300E6638B5B4A9532744E29C5428832274A59
:1067E300A97C2FADB56BCD21A432063206216419E5
:1067F3004321A42184218429C429C529A56B6C6361
:106803002C424831A631A721450882086208420874
:106813008308620000000000000000000000000088
:106823000000000020002000000000000000000025
:10683300210021000108A431EA1127194819490050
:1068430086218A298A31EB21AA10E7218A218A210C
:1068530069194819483A2C4AAD29CA4ACE3A2C211B
:10686300491108214931EB218929A9426C19483A78
:106873002B52EE320A21687C3384948473428C4A0F
:10688300CE5B50320B110708C610E710C608A610DE
:10689300E7212819072969192721683A0B31CA39D1
:1068A300EA424B31E929889D36B5F9ADB87C1152DE
:1068B300CC9D14A555845073CE4A89192331E63AE9
:1068C30048428832263A4632256C0D638B29E631DD
:1068D300E629C55B4B740E29C531E529E529A421B9
:1068E3006421843A273206194329C53A2729A56327
:1068F3004B4247298539E64A4931A618E40041004D
:10690300410882084200000020002000000000002F
:1069130000002000200020002008000800000000E4
:1069230020004100210021006329C911281107110A
:1069330028194810C74AAE5B511949216908C6088E
:10694300C6192821AA29CA29AA218921A952EF4AAD
:10695300AE29CB218A29AA320B31EA216829C942FF
:106963008C3A4B322A4AAD3A4B4AAD52EE3A4B215E
:106973006810E61908216911071908110819281068
:10698300E710C610E6110710E6190631EA8453AD85
:10699300B87C113A4A216731E98494ADB87C32421C
:1069A3006A73AFAD759D137BEE31C63A273A273232
:1069B30006638C5B2B4AC832054AE8322629C44257
:1069C30088532A1943530A6BCC3A263A6719432949
:1069D300C552EA4AC931E632261944110219235233
:1069E300C95B0A296329645288420731A6296508CD
:1069F30062086210C308620020000000000000006B
:106A0300000000002000200000002000000800001B
:106A1300000000002100210001002221A821890893
:106A2300C71108110719283A0B320B196929CA082B
:106A3300E710E7110729CA31EB110729EB426D2152
:106A43006929AA63724AAF1108218929AA3A2B3A04
:106A53002B3A2B4ACD5B2F5B4F426C110629A9328F
:106A63000A31EA31EA31EB31EB2189298A320C19F7
:106A730028192810C61927194821884AAD52EE63F0
:106A83004FB5B89D353A4A7C328473110611063AE4
:106A93002A7C515B0CADB57C0F5AEA31C531E5292F
:106AA300C53A473A273A2642874AE963AB32262A50
:106AB3000542A87C2E21A42183A573636B21633136
:106AC300E65B2B638C4AC932273A4821A508C219D1
:106AD300233A2631C5214221224A4739C631651856
:106AE300E31083108210A3004100000000000000A7
:106AF300000000000000200020000000200000082B
:106B03000000000000000000200000000111062921
:106B1300CA10E71108110810C729EB29CA3A6D4AB0
:106B2300CE42AD110711281948196921AA19283134
:106B3300EB3A2C110811081128110819693A4D4232
:106B43008D3A4C42AD3A4C428C4ACE29A910E70803
:106B5300A62149320C426C426C322B530F42AE29B0
:106B6300EB19481107196921A910E610E6216842BB
:106B73006B5B0E52CD5B0E31EA7C337C331907100D
:106B8300E61927634E6BAEAD756B8D4A8842472974
:106B9300A421632163218429E521A43A673246298C
:106BA300E4324642C7532929A4428873CD29A52933
:106BB300A54AC9638C52E93A47320629E629C61920
:106BC300442164298439E521223183420539C639B8
:106BD300C60841086210A3088200000000002000DC
:106BE3002000200000000000200020000000200002
:106BF30000080000000020002100000020004100E8
:106C03006329C9196910E7110719481949428D4ABF
:106C1300AE29CA428E218919481948194929CB2915
:106C2300CB21AA216A21AA110808E708A71128196C
:106C330049110729AA428D29EA110708E708E6083E
:106C4300E7110810C819291948216829EA5B4F631D
:106C5300713A4C29AA218963B131EA216829A9191A
:106C6300272168637031EA2127296852CE6B91107E
:106C7300E710E610E619056BAF8CB273CE5B0A3AE8
:106C83002629C4218329E529C4428742A832054223
:106C9300A85B6A42A721C43A4611223A4732061931
:106CA3002321643A273A273A2629C5218431E6313C
:106CB300E6424731C531C531833163316339A4427B
:106CC300072945084110A310820041000000200855
:106CD3004100000000000000000821002100000026
:106CE3002000000000000000210020002000000020
:106CF300200042218829AA110810E7194831EB29FD
:106D0300CB4AAE320C10E7194931EB320B2148085C
:106D1300C6216921AA112811281108322B42AE215C
:106D2300AA218921891107196929CA194808E7087D
:106D3300E711071128192811081908216931EB21D6
:106D430089426D6391320B29CA52EE42AC29C9299B
:106D5300A929C921483A0B31EA3A0A29A93A2B52FF
:106D6300EE18E729A9192710A442496BAE6BAD3180
:106D7300E542A7322521C432263205322632253A8E
:106D83006753296C0D8D1132261963196329E53A6E
:106D93004621A42184218529C631E529A421842102
:106DA3006429A5528939E539C539832922316441DA
:106DB300C639A621040841086208820021000000A8
:106DC300000000000000200000000000010000009F
:106DD30000000000000000000000000000000000B0
:106DE3002000200041110629AA216910E71928294A
:106DF300CA21AA216929AA11081928192821692950
:106E0300AA10E71928218A29CA21AA320B322B4258
:106E1300AE29EA1969196919691969112811081143
:106E2300081108110711071128110810E72149213A
:106E33006929CA216929CA426C424B29A929C93146
:106E4300EA31EA29A93A0B29AA10E721683A4B4A01
:106E5300AD5B4F10C629A919063A09298673CE4A94
:106E63008819023205320519A32A2629E521A4210E
:106E7300C44B0942C86BED8CF1322629E529E5198B
:106E8300635B4A3A4721A53207322729C521841972
:106E930043214452CA528841C54205314231233904
:106EA3008541C7316610A3004108620881002000B4
:106EB300000000000000200020000000000000008F
:106EC300000000000000000020000000000000009F
:106ED3000000000020002108832989218A11080865
:106EE300A610E7112819493A4D320B1107008529DD
:106EF300A9428D31CA112800A61108322C3A6D32ED
:106F03000B29AA110719491969110808C719291169
:106F1300281108110811281128194819691928116D
:106F230008112842AD3A2B29A921481927426B3A67
:106F33004B3A2B3A4B218929A931EB31CA3A2B53CE
:106F43000F31EA5B5021481906298873D07C305BE6
:106F53002B52EA3A462183218329E42A0529A421D5
:106F63006329E53A67322663AC3A4729C53A2731A4
:106F7300E529E5428729E521C519652A065B8C3A8F
:106F83004719034A8952CA41E639A4524631223984
:106F93008441A6398618C4084100410882002000B4
:106FA30000000000000000000000000000000000DE
:106FB30000000000000000000000000000000008C6
:106FC3002100000000000000210042192729AA1116
:106FD30028110808C708C708E7194929CA19481911
:106FE3004808C63A4C6BB2428E29CA218A11070857
:106FF300C608C61107112811281949194919491139
:1070030028192911281108110810E71108196921F5
:1070130069218910E708E6426C4ACD63705B2F4211
:107023006C4A8C5B2F5B4F4ACD5B504ACE424C2956
:10703300CA530F426D4A8D3A0A19266B8F84328CDC
:10704300B26B8D6B8C52E9320529C529A43205290F
:10705300C4194229E5428829C5530A29C53206299C
:10706300C5426729A55B2A42A929E621A521C54B6B
:107073000A6BCD4248632B2923398449E4524528BE
:10708300E03984398520E40842084210A308A200AD
:10709300200000000000200020002000200000004D
:1070A30000000000000000000000200000000000BD
:1070B3000000000000084000200020000108A4296F
:1070C300CA10E7110808E719691969194810E70890
:1070D300E6110729CA1107110731CB31EB196919D9
:1070E300691928110808E708E708E708C708E71936
:1070F30029112811281108112819491948110708BD
:10710300E711071128112700A529C9322A63909D89
:10711300578CB473F16BB17C536BD15B4F3A0B2932
:10712300A929A9426C426D10E7428C08A43A2A4A65
:107133006B31C7634C5B0A632B4A8931E62184298F
:10714300C521841963218431E629A41102636C5B90
:107153002B21434AA952EA95139D744AEA21C52972
:10716300E532475B4B31E639E6398541A44A0449A8
:10717300E3312149E541C618A300220042088200F9
:1071830020002000000000000000000000000000BC
:1071930000000000000000002000000000000000CC
:1071A3000100000000000008410020000000000072
:1071B30022214829CA10E71108112808E71948199C
:1071C3006921AA10C64AAE5B30428D3A2C3A2C3262
:1071D3000C218A3A6D2189110819491128110808CF
:1071E300E810E810E8112819491948112811071166
:1071F300081128194911281928112708C6194719F0
:1072030027320A3A2B218831EA428C31EA1927299D
:10721300CA29892168214829AA10E729CA192731CF
:10722300C939E92105212552AA52A96B8D42282982
:1072330085216419421102196329C54288638C5B55
:107243000A847042685B2B7C0F8CD2849142894AFA
:10725300C83A673A474247190339A539A549E54A68
:107263000441C339624A0639C61063002208420842
:107273008200200020000000200020000000000009
:1072830000000000000000000000200000000000DB
:10729300000021000000000000002000200000008A
:1072A300000001088431EB1928110808E708C71109
:1072B300281949110810E71928320B426D3A0C318D
:1072C300EB29CA2169110810E719282169218A11BC
:1072D3000808A710E81108110810E808E708C7080C
:1072E300E71107112811081928216921692169214A
:1072F3006929A9194821481907212819283A2C294D
:107303008A192831CB190718E710E8190908C7119A
:107313000831AA6B70422A31A7528A738D6B6D4A6A
:10732300894AA929E511421122194329C53A47631C
:107333008B3206636B6BAD31E752CB73CF4A89391E
:10734300E642673A054AA83184318441C552264949
:10735300E45225418239A341E631660842086308B5
:1073630042002100000000000000000000000000B7
:10737300000000000000000000000000000000000A
:1073830020000000000000000100000000002000B9
:107393000000000001000219273A4C110708C71129
:1073A30008112908C71949218A110810E819281951
:1073B30008194908A608C711080045110811081142
:1073C300081928218A194919291128192819481136
:1073D3002811281928192819281108110808A6198D
:1073E30028216919281927190718E710E729891887
:1073F300E7190708A618E710A60065088710C81044
:10740300E810E808A73A0C6B704A6B420962EC6B10
:107413004C5B0B52C929C5198321A4218329C52992
:10742300C53205320542873A475B2B7C30634D42B8
:107433004839E639E5420552A74A464A0641C4524D
:1074430005522549C341A33142294418E3002210C0
:10745300A40862000000000000000000000000001B
:1074630000000000000000000000000000002000F9
:1074730020000000000000000000000000000000E9
:1074830020002000210862004200633A4C29CA0010
:1074930086194929EC11091109214A1909192929C0
:1074A3008A1929320B2169216911072169110819E8
:1074B30048192819081108194829CB31EB320B193F
:1074C30048110711071107194829CA426C320B3AB0
:1074D3000B31EA3A2B29A92988422B31C9422B3196
:1074E300EA31C921682968192710E708C608A619CF
:1074F3002810E808A7088610C76B7131A9086339FB
:10750300C8634D632C5AEA52C931E529A4194221B3
:107513008431E531E5322542873A46530A9D335299
:10752300CA6B8C630A42265AA76AE85A8641A35A51
:10753300255A464183396239A4318421240021002C
:107543002110830021000000000000000000000063
:107553000000000020084108410000000000000076
:107563000000000000000000000000000000000018
:107573000000000000000000200000000119264A5E
:10758300CD216900A61108216B08A80887298B194A
:107593002929AB10C731EB3A0C216921691928312C
:1075A300EB29CB21692169110819282169110729C0
:1075B300AA424C29CA21891948194821883A0B4201
:1075C3004C634F6BB16B905AEE52CD5AEE73D1733D
:1075D300F152CD422B4A6C4A6C5B2F52EF320B3186
:1075E300CA31AA192810C710C70886422C3A0B10B3
:1075F300C621064A8A5B0B4A475B0A634A52C82183
:1076030063424729A431E54AC8532A42A84AC96BB1
:10761300CD52E95B2A632A4A465AA7628749C45175
:10762300E462865A25418341A4398439E710C300B3
:1076330021004200210000000000000000000000C3
:1076430000000000000000002000000000082100EE
:107653002000000000002000200020002000000087
:10766300000000086108410000002000000001083C
:107673008331E96BB12148008610E81909006721BD
:107683006A216A10E8298A08A71908216921692152
:10769300692169214929CA298A31CA214929CA315B
:1076A300CA1948218931CA3A2B31EA320B29A9195F
:1076B3000729683A0B5AEE637073F2632F52AD4297
:1076C3002B632F6B904A6C3A0A31C93A0B4ACE317D
:1076D300EB3A2B216818E74A8D31AA086521692105
:1076E30069214808A452CB73CD5AE9420552676217
:1076F300E9738C5AEA31C531C5426742A8428721F2
:10770300A33A87638B4A873A054A264A26628662EA
:107713004549A249A35A453122396431A5190400C8
:1077230021006208820020002108210000000000DF
:10773300000000000000000000000000000000083E
:107743004100200000000000200020002000000075
:107753000000000000084108410000002000000074
:1077630021000108A4634F849510E708A7216A103C
:10777300C808A710C719081909190810C710C7198D
:107783002829AA216919082169192831CB3A0B4AFA
:107793008D5B1031CA29CA19273A2B635063706372
:1077A30050637052CE422B424B5B2F7C128C7494ED
:1077B300D594D58C746BB07BF273D152AD426C4AC5
:1077C300AE4AAE29A931EA294831AA4A6D2148199E
:1077D30048112808C610C55B2D94B17BCC7BAC73D4
:1077E3006B736B6B0A5A8852684A68212331E54AE6
:1077F300C842A7428629E4298331C439C452676A3F
:10780300C849C341A25A4549E43984318520E3007C
:1078130041002108820882002100000000082100A5
:1078230020000000000000000000000020002000F5
:107833000000000000000000000000000000000045
:107843000000200000000000000000000000000015
:107853000000000001002110E59D377C13088521FD
:1078630069298A004510C7212931CB31CB298A19CF
:10787300082169218A31CB3A0C218A110719082181
:1078830089190729AA3A2C320B4A8D4A8D424C6B2F
:10789300917C127C338CB58C94847373D173F173A4
:1078A300D16B905B2F5B2F426C3A2B424B52CD42F4
:1078B3006C29CA320B4A8C52CD52AD4A6C4A8D198F
:1078C3002810E708A608C710C608634A49630B7364
:1078D3004CA4D18C0E734B52276B0B41E6420639F5
:1078E300E542474AC842663A2531C42983420552D4
:1078F3004652254183520541C441A539A5210408B7
:1079030062002110C310A30021000000000000004A
:107913000000000000000000200000002000200004
:107923000000000000000000000000000000000054
:107933000000000020000000000000000000000024
:10794300200000002000210000002231C8BE1A736D
:10795300F208C63A4C2169004510E8190829AB29F9
:10796300AB1929190829AA4A8E216929AB31EB4A97
:107973008E320B3A4C31EB428D4A8D3A2C29CA4256
:107983006D52EE6350635073D16B91426C5B0F7316
:10799300D273F26B704A8D31EA424C4AAD3A2B3ABC
:1079A3000B3A4B29CA10E631CA424B426B426B4237
:1079B3004C31EB10E710E710E708A6190618C518B5
:1079C300C429257B8EA4D283AD8BEE838C62A84A17
:1079D3002739C529434206424642263A053A05421B
:1079E300054A46398349E44A2641E541E618E30856
:1079F30062086210A310C4086200000000002100A6
:107A03002000000000000000000000000000000053
:107A13000000000000000000000020002000200003
:107A23000000000000000000000000000000000053
:107A33002000200000000000000021002100634A14
:107A43008BCEBD9D3729A93A2C29AA088610C808D0
:107A53008731CC214A18E83A0C3A2D424D52AF52A5
:107A6300EF3A2C31CB424D4AAE3A2C52CE4A8D5A84
:107A7300EF4A8E5B0F5B3031EB214918E710E710BB
:107A8300E721482989426D52AE52AE3A4C3A0B4235
:107A93006D52EF5B0F426C21482128298931EA3A64
:107AA3002B2189192810E710C718E718E618E721D2
:107AB300072948210608215AAAAD127B6BA4D09C42
:107AC3004E41C531232923420631A539E54A675280
:107AD30087422541E441C44A05318441E621040833
:107AE30041086229462945086200000000000000A1
:107AF3000000000020000000000000000000000063
:107B03000000000000000000000000000000000072
:107B13000000000000002000000000000000000042
:107B23000000000020000000000000000000210809
:107B3300830063634ECEBCB5D94A8C6B91426D080A
:107B4300A710C808A81909296A63312149298A316C
:107B5300CB1908424D424D2149296A2149298A19E5
:107B63002821491908298A31EB3A0C3A2D21690851
:107B7300A6088610A708A70886006610C710C710B6
:107B8300E708A6088608C710C62128190708A61102
:107B9300071107110708A608A6088608850886188E
:107BA300C718E710A610A5108339A6AD137B8BB5B4
:107BB300518C0C7B6B3143314439A641E639C54ABC
:107BC300676309420539E439C541E65ACA31851963
:107BD30004296539E83A08108200000021000000FA
:107BE3000000210000000000000000000000000071
:107BF3000000000020000000000000002000200022
:107C03002000000020002000000000000000000011
:107C13000000000000000000000000002000000041
:107C2300010021004210C45B2ECEBCBE3A4AAD6BAC
:107C330071298A10A7190908870887212929AB39CF
:107C4300EC214A3A2D296B214A298B3A0D216A29C5
:107C5300CB21AB29CB3A4D1949216919491949213E
:107C6300691929298A214A216A216A19492149194D
:107C73002908A708A608A6008608A608850085087F
:107C8300A610C60085008600860886088608A60812
:107C9300860865004400651085082341C8B5547BF8
:107CA3008B9C6E73495A6720C1398539A54A2631A1
:107CB3008339E44A6639E539C5630B7BEF4A6918B2
:107CC300C329455ACB52CB18C30000000000000063
:107CD30000000000000000000000000000000000A1
:107CE3000000000000000000000000000000000091
:107CF3002000200020002000000000000000000001
:107D03000000000000000000000000000000000070
:107D130020002100000021004218E4634ECE9BC6E0
:107D23005B52EE4A8D296A00251909192900661943
:107D33000931CC29AB190910A810A810C8190929B1
:107D43008B192910E811081108216A10E71948193D
:107D53004829AA2169192911081929192910E81094
:107D6300E8216A2169216910E7110710E708C600B5
:107D73006500650045088608A6088600660045007C
:107D83006508650045086510A6086408025209B530
:107D93001383CC73497B8A3143316439A5318439E8
:107DA300A431A339E421423A056B8C738E318608E2
:107DB3006208624229630C210400000000000000F5
:107DC30000000000000000000000000000000000B0
:107DD30000000000000000000000000000000000A0
:107DE3000000000000000000000000000000200070
:107DF30000000000000000002000000000086200F6
:107E030000000000210000002000210041216684C1
:107E130072BE3AD6BD8C9452EE29AA10E708C81058
:107E2300C910E910A818E810C810E810E810E821F4
:107E33004918E810C72149298A3A0D428E4AAE4AA9
:107E4300AE29CA29CA3A0B31CA426D3A0C31CB2941
:107E5300CA31CB216929AA424D31CB298A3A2C3127
:107E6300CB214810E70065088608860045004500D9
:107E73006500650065006400440044086418A39C21
:107E830050A4B08C0D83CC62C9314441C631444106
:107E9300E639C431A331A3296252C9630B31A60069
:107EA3000010824A6A5AEC21450020084100000074
:107EB30000000000000000000000000000000000BF
:107EC300200020000000000000000000000000006F
:107ED300000000000000000000000000000020007F
:107EE300200000000000200020002000000000000F
:107EF300210001002100000000002000410041009A
:107F03004129879CF5A557DF3ECEBC6BB029AA005B
:107F13008710E9008708A808A810E8298A3A2C21C5
:107F2300481907212819081086298A29AA3A0C29F1
:107F3300AA11060023008510E610C6006508A610E6
:107F4300A6212810C608A6088508850065006508CF
:107F5300A610E7298A29AA19280886008600450061
:107F630004006500440023004408440864084331C6
:107F730024BD53942E8BED62C92902314429244137
:107F8300C641E639C431A33A0439E539E642082942
:107F93006518E452CB5ACB2145000008410000008C
:107FA30000000000000000000000000000000000CE
:107FB300000000002000000000000000000000009E
:107FC3002000000000002008410020000000000005
:107FD300000000000000000020000000000000007E
:107FE300000000002100000000000000000020004D
:107FF300200021002131C8843273D0DF3EEFBF94CB
:10800300D51927004508A708A71109218A10E76B8E
:10801300B1A5575B0E18E6190721282169192721F5
:10802300273A2B424C4A6C4A8C3A0A3A2B5B0E4A4B
:108033008C4A6C4A8D426C31CA31EA216910E710CF
:10804300C708860025002400250886088610C71067
:10805300E710C60044088508640023086408630029
:10806300006AEAACB06AE87B6B4A0531233985398B
:10807300A5420631643183528742463A0642076B72
:108083004D528A4A6A52AB210400210000000000CD
:1080930000000000000000000000000000000000DD
:1080A300200000000000200000000000000000008D
:1080B3000000000000000000200841002000000034
:1080C300000000000000000000002000000000008D
:1080D300000020002100000000002000000000003C
:1080E30020002000210021002129874AAC3A2AD60A
:1080F300DDEFBFC65B5B0E08C6110708C729CA318F
:10810300EB7BF28473A5378473424B190739EA6B0F
:10811300909D16CE9CBE1A8CB473F2845384737BE9
:10812300F273B1637052ED52AD5AEE4A6D2148219C
:108133004810C610A710A7088608660065008500CA
:10814300650886212831EA18E600220843086300FF
:10815300222904A4909C4E6287628749E541C54A5F
:1081630027524841E64A477BCD4246296329654267
:108173002842295AEC5ACB21250021002000210056
:1081830000002100000000000000000000000000CB
:10819300000020000000200020002000000000005C
:1081A300000000000000200020002000000000006C
:1081B300000020002000200000000000200020001C
:1081C3000000200020000000200020002000000804
:1081D300410821000000210000002100221905218F
:1081E300472148A557F7FFE75F94B45B2E190610A4
:1081F300E6192729A97C128C948C938C936BB04A33
:108203008C4AAC6BB18CB5B5B994B573D152CD3A38
:108213000A3A2A6B9084536B70632F5AEE29893183
:10822300AA2989216910C710A708A608A6088608E5
:10823300C600850085004421474A8C39E90042087D
:108243006208426B2CACB15A4649C452265A874A3B
:10825300055AA862E96B4B7C0E3A0621232965195E
:108263000418E44A49632D2104000008410000007A
:1082730000000000000000000000000000000000FB
:1082830000000000000000000000000000000000EB
:1082930000000000000000000000000000000000DB
:1082A3000000200020002008410020000000000002
:1082B3000000000020002000000020000008410012
:1082C30001002100000842000100210021002100DB
:1082D300421906214810E66B90DF1DFFFFD6BB63F2
:1082E3002D08631926214752EE6BB12987426A6331
:1082F3004E3A2A29A852AD52CD3A0A4A8C3A0A6319
:108303004F3A09422A7BF1636F426B426C3A0B4A44
:10831300AE426D31EB298A190810A710C708A608C9
:1083230086088508A608A510E6006300636B6E390E
:10833300E8000020E49C916ACA626749A44A054A9E
:108343000439C35266528752A831C518E239E7216E
:1083530025000031C7630C19040000000000000071
:1083630021000000000000000000000000000000E9
:1083730000000000000000000000000000000000FA
:1083830000000000000000000000000000000000EA
:108393000000000020000000200000002008410031
:1083A3002000000020000000000020002000000842
:1083B3004100010821082100000000002100000005
:1083C30000000110A418E6296810E629689CF5FF4F
:1083D300DFFFDFAD564A6B10C531E9A598A5776B72
:1083E300B0424B0023088518C631C939EA31A94286
:1083F3002A632E7BF17BF152CD5B0E5B0E31A931EB
:10840300CA29AA10E71908110710C7088610A60879
:108413008608A608C600A508C508A408A410C410A9
:10842300A3632D2124420894505227730A52053125
:108433006239824A45420431A329630881088218BC
:10844300E4002118E4528A10A2000000000020007A
:1084530000000000000020000000000000000000F9
:108463000000000000000000000000000000000009
:1084730000000000000000000000000000000000F9
:1084830000002000000000000000000020000000A9
:108493000000200000000000000020002000200059
:1084A3000000210001000008010800000000000096
:1084B300000021000000210001086321472168100A
:1084C300A552ACC63AFFFFE75E9D153A2A214673D3
:1084D300F1ADB8B5D96B9010A50002108521274ADC
:1084E3006C8C538C946B6F6BB073D17BF2422B19F2
:1084F300274A8D0885006510C710C710E70885084F
:10850300A610E60885006408C50084008308A4104B
:10851300E410C352CB73AE52A98C0F41A55A47390D
:1085230084398339C431A339E529630880002000E5
:10853300210862298631A7086100000000000000BD
:108543002000000000000000000000000000000008
:108553000000000000000000000000000000000018
:1085630000000000000000000000200000000000E8
:10857300200000084100200000000000000020004F
:108583002000000000000000200020002000000068
:108593000000000020000000000020000000000098
:1085A30000000000200000004100200021004210D4
:1085B300E531C9194729888CB4DEFCEF9EEF9EADE7
:1085C300764A8B42296B6FB5B8AD5662ED296729A0
:1085D3006731A8632EB5D99CF552CC73B1A5573139
:1085E300C931CA2989086510A6088610C610A608CD
:1085F300A510C619064AAD6BB02188006310E500CB
:108603004210E419044A8A94B2842F736C41E662DF
:10861300C939A539C539C5318418E2006000401055
:10862300C3190431A7190400000020000000000052
:108633000000000000000000000000000000000037
:108643000000000000000000000000000000000027
:1086530000000000000000000000000020000000F7
:1086630020002000200841084100200020002000B5
:10867300000841002000000020086108610000009C
:10868300210841002100000000000010810861085A
:1086930041002000000000000000600040002000B6
:1086A300200000006329A829C9218852CC94D3CE85
:1086B30059EF7DEF5DBDD8738F4A4A632DA515949D
:1086C300B48C93632E3A098C73CE7B73B07C11BE4A
:1086D3001A3A0A31A910A510C6298918E729692170
:1086E3006829882147214752ED636F29883A2A3A3E
:1086F3002919252986190473CFAD756B6D318563EF
:108703000A6B2B4A2739C618E21081002021243135
:10871300C729A7214510A300000020002000200046
:108723000000000000000000000000000000000046
:108733000000000000000000000000000000000036
:1087430000000000200000000000000000002000E6
:1087530020000000000000000000000020000000D6
:10876300000000000000000020084108410841000B
:10877300000000000100000000000000001081085C
:10878300400841000000000020000000000000003D
:1087930000002008610000002210C529A832093119
:1087A300E852AB8410C5D7E6FBE6FBAD757C307CA5
:1087B300317C316B4E73AF845252AB73AF632E7CFB
:1087C30011AD976B8F39E92127296821484A8C42DB
:1087D3006C84537C11634E2146088300420063423C
:1087E3006B5B0D3A0810C36B6DAD756B6D52CA6B45
:1087F3006D94715AEB4A4839E718E310A32945529F
:10880300AB39E808820000002000000020000000CF
:108813000000000000000000000000000000000055
:108823000000000000000000000000000000000045
:108833000000000000000000000000000000000035
:10884300000000002000000020002000200841005C
:10885300200020000000000000002008410020004C
:108863002000200000000000200021002000200044
:108873002000000000000000200020000000000095
:108883000000200020000000000021000100221948
:10889300053A095B2D73AF8C71B596CE79DEDAC6D6
:1088A30038B5F7BE18B5D79CF49D1484106B8E525F
:1088B300CB73AF9CF47C1121263A097BD14A6B73AD
:1088C300B16B9094B39CF4424A31A82126088308E3
:1088D30062002110A310A329668C728C518450A5C9
:1088E300139CF3949284106B6D42492125296631C0
:1088F30086212500010000000000000000000000A8
:108903000000200000000000000000000000000044
:108913000000000000000000000000000000000054
:108923000000000000000000000000000000000044
:108933000000000000000000000000000000000034
:1089430020000000000020000000200000002000A4
:108953000000000000000000000000000000000014
:1089630000000000000000002000200000000000C4
:108973000000010001002100000021002000200070
:108983002100010000190552AB7C109D14AD969D8A
:1089930014B5B7C639CE59C638D6BAC638B5B6C671
:1089A30018BDF894D3B5B7BDF87BD0424AAD569401
:1089B3009394D4632E6B6E94B352CB3A09298752A6
:1089C300AB5AED52AB52AB73CF8C9294928C7194A1
:1089D300B284308410632D52AB39C831C7212518B6
:1089E300E408620000000000010000000008200805
:1089F300201061086100000000000000200000005A
:108A03000000000000000000000000000000000063
:108A13000000000000000000000000000000000053
:108A23000000000000000000000020000000000023
:108A330000000000200000002000000020000000D3
:108A43002000000000000000000000084100210099
:108A5300000841002108410021000000000000003F
:108A6300210001000100010000002100200000009E
:108A73002000000020000000000042088332086B41
:108A83008F8C9294B3AD55A534A534AD75C618D665
:108A93009ACE79CE59CE59BDF8B596AD5684516B61
:108AA3008F4229424A6B6F73AF843194D38C7263C4
:108AB3000D7BCF94B394B39CF494928C517BCF737E
:108AC300CE4A8A31A62965210510A418C410820054
:108AD3002100000841000000010000000000000028
:108AE300000000082100000000000000200020001A
:108AF3000000000000000000000000000000000073
:108B03000000000000000000000000000000000062
:108B13000000000000000000000000000000000052
:108B230020002000200000000000200000000000C2
:108B33000000000000000000200020084110A200F7
:108B430020002010820020002000200000000000F0
:108B530020000000000000000000000000002008CA
:108B630041002000000000000000000000000000A1
:108B7300000021210452AB7BF0A514AD55A514A52B
:108B830035AD55AD55BDD8BDD8BDF8B5B7AD977C9E
:108B93001131C80883088331A76B8E84518C72947A
:108BA300B294B384518C928C9284518C928C928423
:108BB300315B0C4A8A3A08296618C3086200200010
:108BC3000000000000000000000841002000000039
:108BD3000000000000000000000000000000000092
:108BE3000000000000000000000000000000000082
:108BF3000000000000000000000000000000000072
:108C03000000000000000000000000000000000061
:108C130000000000200000000000000020002000F1
:108C230020002000000000002000200000000000C1
:108C330020002000200020000000000000000000B1
:108C43000000200841002000200020000000000058
:108C530000000000000000002000000000000000F1
:108C63000000200000000000010021210442296BC4
:108C73004D84318C729492AD55BDD7BDF8C639A5DC
:108C83001573CF4229086319055AEC84519D149D2D
:108C9300149CF39CF494D394B384318C717C106B47
:108CA3008E5AEC39E8214510A20000002000000094
:108CB30000000000000000000000000000000000B1
:108CC30000000000000000000000000000000000A1
:108CD3000000000000000000000000000000000091
:108CE3000000000000000000000000000000000081
:108CF3000000000000000000000000000000000071
:108D03000000000000000000200000000000000040
:108D130020002000000000002000200020000000B0
:108D230020000000200020000000200020000000A0
:108D3300200000000008410020000000000841005E
:108D43002000000000000000000000000000000000
:108D5300000000000000000000000100000000000F
:108D6300000000086220E431A7528A632C7BCF8C79
:108D7300517BCF7BF07BF06B6E7BF094B394B39C11
:108D8300D38C9284107BCF634D52AB42293186182A
:108D9300E408610020000000000000000000000063
:108DA30000000000000000000000000000000000C0
:108DB30000000000000000000000000000000000B0
:108DC30000000000000000000000000000000000A0
:108DD3000000000000000000000000000000000090
:108DE3000000000000000000000000000000000080
:108DF3000000000000000000200020000000000030
:108E030020002000000000000000200020000000DF
:108E1300000020000000000000000000200000000F
:108E2300000000000000000000000000000000003F
:108E330020000000000000000000200020002000AF
:108E4300000000000000000000000000000000001F
:108E5300210021002100000000000000000020008C
:108E6300210021088210C321052966214619052105
:108E73000418E310C310A3108200210000000000B7
:108E8300200000000000000020000000000020007F
:108E930000000000000000000000000000000000CF
:108EA30000000000000000000000000000000000BF
:108EB300000000002000000000000000000000008F
:108EC300000000000000000000000000000000009F
:108ED300000000000000000000000000000000008F
:108EE300000000000000000000002000200020001F
:108EF30000084100200000002000200020000000A6
:108F030000000000200020000000000020002000DE
:108F1300000020000000000000000000000000002E
:108F2300000000002000000000000000000000001E
:108F3300000000000000000000000000000000002E
:108F430000000000000000000000000020000000FE
:108F530020000000000000000000000021000000CD
:108F630021000000000000000000000000000000DD
:108F730000000000000000000000000000000000EE
:108F830021000000000000000000000000000000BD
:108F930000000000000000000000000000000000CE
:108FA30000000000000000000000000000000000BE
:108FB30000000000000000000000000000000000AE
:108FC300000000000000000000000000000000009E
:108FD300000000000000200000000000200020002E
:108FE3002000000841002000000020002000200095
:108FF30000000000200000002000000000084100E5
:1090030000000000200020002000200000000000DD
:1090130000000000210841002000000000000000C3
:1090230000000000000000002000200000000000FD
:10903300000000000000000020000000000000000D
:1090430000000000200000000000010021000000DB
:109053000008410020002000200000000000200044
:1090630000000000000000000000000020000000DD
:1090730000000000200000000000000000002000AD
:1090830000000000000000000000000000000000DD
:1090930000000000000000000000000000000000CD
:1090A30000000000000000000000000000000000BD
:1090B30000000000000000000000000000000000AD
:1090C300000000000000000020000000000000007D
:1090D300200020002000000000000000000020000D
:1090E300200020000000000000002000000000001D
:1090F300200000000000000000000000000000004D
:1091030000002000000000002000200000000000FC
:10911300000000002000000000000000000000002C
:1091230000000000200021000000000000000000FB
:1091330020000000000000000000000020000000EC
:1091430000002100200000000000000000000000DB
:10915300000000000000000000000000000000000C
:1091630000000000000000000000000000000000FC
:1091730000000000000000000000000000000000EC
:1091830000000000200000000000000000000000BC
:1091930000000000000000000000000000000000CC
:1091A30000000000000000000000000000000000BC
:1091B30000000000000000000000000000000000AC
:1091C30000002000200020000000200020000000FC
:1091D300000000000000000000002000200020002C
:1091E30020084100200000000000200000000000D3
:1091F300000000000000000000002000000000004C
:10920300000020000000000000000000000000003B
:10921300000000000000000000000000000020002B
:10922300000000000000000000000000000000003B
:10923300200000000000000000000000000000000B
:10924300000000000000000000000000000000001B
:10925300000000000000000000000000000000000B
:1092630000000000000020000000000000000000DB
:1092730000000000000000000000000000000000EB
:1092830000000000000000000000000000000000DB
:1092930000000000000000000000000000000000CB
:1092A300000000000000000000000000000020009B
:1092B3000000000000002000200841084108610070
:1092C300000000000000000000000000000020007B
:1092D3002000000000002000000020108200200079
:1092E3000000000000000000000000002008410012
:1092F300000000002000000000000000000000004B
:109303000000210000000000000000000000200019
:109313000000000861084000000000000000000099
:10932300000000000000000000000000000000003A
:10933300000000000000000000000000000000002A
:10934300000000000000000000000000000000001A
:10935300000000000000000000000000000000000A
:1093630000000000000000000000200000000000DA
:1093730000000000000000000000000020002000AA
:109383000000000000084100000000000000000091
:1093930000000000000000000000000000000000CA
:1093A300000000002F000000000700070000147FEA
:1093B300147F1400242A7F2A1200626408132300F6
:1093C300364955225000000503000000001C2241CD
:1093D30000000041221C000014083E081400080885
:1093E3003E0808000000A060000008080808080004
:1093F3000060600000002010080402003E5149454F
:109403003E0000427F400000426151494600214135
:10941300454B31001814127F10002745454539008C
:109423003C4A49493000017109050300364949495D
:109433003600064949291E00003636000000005652
:109443003600000008142241000014141414140000
:109453000041221408000201510906003249595102
:109463003E007C1211127C007F49494936003E417F
:10947300414122007F4141221C007F49494941006B
:109483007F09090901003E4149497A007F0808081C
:109493007F0000417F4100002040413F01007F08E1
:1094A300142241007F40404040007F020C027F00B5
:1094B3007F0408107F003E4141413E007F090909B6
:1094C30006003E4151215E007F09192946004649A5
:1094D3004949310001017F0101003F4040403F0005
:1094E3001F2040201F003F4038403F0063140814F2
:1094F3006300070870080700615149454300007F76
:1095030041410000552A552A55000041417F000082
:1095130004020102040040404040400000010204F4
:1095230000002054545478007F48444438003844A1
:1095330044442000384444487F00385454541800AD
:10954300087E0901020018A4A4A47C007F08040477
:10955300780000447D4000004080847D00007F103F
:109563002844000000417F4000007C041804780078
:109573007C0804047800384444443800FC24242440
:10958300180018242418FC007C080404080048541C
:1095930054542000043F444020003C4040207C00C1
:1095A3001C2040201C003C4030403C004428102834
:1095B30044001CA0A0A07C004464544C4414141424
:1095C3001414141414141414141414141414141458
:1095D30014141414140004047A3F800000000404DB
:1095E3007E3F800000000402763F800000000402FA
:1095F3007A000000000004027E0000000000040264
:109603008200000000000402860000000000040243
:109613008A000000000004028E0000000000040223
:10962300923F800000000402963F80000000040285
:109633009A3F800000000402553F800000000402AE
:10964300593F8000000004025D0000000000040296
:109653006100000000000402650000000000040235
:1096630069000000000004026D0000000000040215
:109673007100000000000000002902100025BC5109
:109683008109079300FFFF75FFFE0D00170100001E
:109693000000000000000000003000170A00000076
:1096A3000000000000000000110200020800081082
:1096B300010100000000FF00020000000000200B79
:1096C300000002FF21000001000000008C000038B0
:1096D300FF0100270034006507008705016800C00B
:1096E30008380000000099C80003000000000002D1
:1096F30007050606030002C7FFDB02000001012184
:109703006163635F783A25660D0A6163635F793A43
:1097130025660D0A6163635F7A3A25660D0A6779E8
:10972300726F5F783A25660D0A6779726F5F793ACF
:1097330025660D0A6779726F5F7A3A25660D0A000E
:1097430055415254312054455354210A0025660093
:0F975300202020202020256600202020202020FC
:00000001FF
