:020000040800F2
:1000000050820120890200085D5C00089B410008C5
:10001000595C0008ED080008AFD900080000000096
:10002000000000000000000000000000458E0008F5
:100030007511000800000000190300085D8F00081A
:10004000A3020008A3020008A3020008A3020008FC
:10005000A3020008A3020008A3020008A3020008EC
:10006000A3020008A3020008A3020008A3020008DC
:10007000A3020008A3020008A3020008A3020008CC
:10008000A3020008A3020008A3020008A3020008BC
:10009000A3020008A3020008A3020008A3020008AC
:1000A000A3020008A3020008A3020008A30200089C
:1000B000A3020008A9C60008C1C60008A3020008E0
:1000C000A3020008A3020008A3020008A30200087C
:1000D000A302000879D70008A3020008A3020008C1
:1000E000A3020008A3020008A3020008A30200085C
:1000F000A3020008A3020008A3020008A30200084C
:10010000A3020008E9740008A3020008A302000883
:10011000A3020008A3020008A3020008A30200082B
:10012000A3020008A3020008A3020008A30200081B
:10013000A3020008A3020008A3020008A30200080B
:10014000A3020008A3020008A3020008A3020008FB
:10015000A3020008A3020008A3020008A3020008EB
:10016000A3020008A3020008A3020008A3020008DB
:10017000A3020008A3020008A3020008A3020008CB
:10018000A3020008A302000800F002F800F061F8E2
:100190000AA090E8000C82448344AAF10107DA45E2
:1001A00001D100F056F8AFF2090EBAE80F0013F0D3
:1001B000010F18BFFB1A43F0010318474C960100CA
:1001C0006C9601000A444FF0000C10F8013B13F04C
:1001D000070408BF10F8014B1D1108BF10F8015BA0
:1001E000641E05D010F8016B641E01F8016BF9D193
:1001F00013F0080F1EBF10F8014BAD1C0C1B09D1EA
:100200006D1E58BF01F801CBFAD505E014F8016B5B
:1002100001F8016B6D1EF9D59142D6D370470000ED
:100220000023002400250026103A28BF78C1FBD8FF
:10023000520728BF30C148BF0B607047782900F0D3
:10024000E980002070471FB514F0D9FB1FBD10B521
:1002500010BD00F01DFB1146FFF7F5FF13F0B6FCD3
:1002600000F03BFB03B4FFF7F2FF03BC13F070F8A0
:1002700040BA7047C0BA704730BF72B6704762B6B6
:10028000704780F30888704709488047094800474D
:10029000FEE7FEE7FEE7FEE7FEE7FEE7FEE7FEE736
:1002A000FEE7FEE704480549054A064B7047000093
:1002B0006D8F000889010008507C012050820120C8
:1002C000507E0120507E0120EFF3108072B67047FF
:1002D00080F310887047264C4FF6FF7525604FF06D
:1002E000000484F30988234C4FF001052570224C4B
:1002F0004FF08055256062B6FEE730B41E4C4FF0DB
:100300008055256030BC704730B41B4C4FF0805591
:10031000256030BC704700BF72B6EFF3098050B162
:100320001EF0100F08BF20ED108A203880E8F00F73
:1003300012490968086000B5114880475DF804EB70
:10034000104811490A7802700C4810490A68026086
:10035000106890E8F00F20301EF0100F08BFB0ECCE
:10036000108A80F309884EF0040E62B6704700BF11
:1003700022ED00E0E600002004ED00E0EC000020AB
:10038000F1660008DB000020DC000020F400002003
:10039000704700000FB4044910B503AA029800F09A
:1003A000E1F910BC5DF814FB740000202DE9F04168
:1003B0000E460446002020622046E168884730B39C
:1003C000252805D0D4E901219047206A401CF2E796
:1003D000E168204600278847050018D0A5F14100B4
:1003E000192802D820354FF40067324629462046A6
:1003F0002760FFF723FF40B1012804D0F61D26F047
:1004000007060836D8E7361DD6E72846DAE7206A19
:10041000BDE8F08170B504460D4621461068AFF383
:1004200000802188090502D50F4A7A4402E00E4A6D
:100430007A440E32002104F1240305E000F00F0697
:100440000009965D5E54491C0028F7D120780023EE
:10045000000704D5702D02D009B1022311322046C5
:10046000BDE8704000F025B9D292010040EA0103D6
:1004700010B59B070FD1042A0DD310C808C9121F4D
:100480009C42F8D020BA19BA884201D9012010BD87
:100490004FF0FF3010BD1AB1D30703D0521C07E054
:1004A000002010BD10F8013B11F8014B1B1B07D1B8
:1004B00010F8013B11F8014B1B1B01D1921EF1D129
:1004C000184610BD032A40F2308010F0030C00F0F3
:1004D000158011F8013BBCF1020F624498BF11F87E
:1004E00001CB00F8013B38BF11F8013BA2F1040237
:1004F00098BF00F801CB38BF00F8013B11F00303AF
:1005000000F06780083AC0F0088051F8043B083AD0
:1005100051F804CBA0E80810F5E7121D5CBF51F8B4
:10052000043B40F8043BAFF30080D20724BF11F82E
:10053000013B11F801CB48BF11F8012B24BF00F893
:10054000013B00F801CB48BF00F8012B7047431A6C
:1005500028BF9A427FF6B6AF032A1044114440F2F6
:10056000268010F0030F1EBF11F8013D521E00F847
:10057000013D10F0030F7FF4F6AF11F0030300F01C
:100580001681083AC0F00B8051F8043D083A51F842
:1005900004CD40F8043D40F804CDFFF7F3BF121D31
:1005A0005CBF51F8043D40F8043DAFF30080D20732
:1005B00024BF11F8013D11F801CD48BF11F8012CFD
:1005C00024BF00F8013D00F801CD48BF00F8012C20
:1005D000704710B5203AC0F00B80B1E81850203AAF
:1005E000A0E81850B1E81850A0E81850BFF4F5AFD3
:1005F0005FEA027C24BFB1E81850A0E8185044BF5D
:1006000018C918C0BDE810405FEA827C24BF51F8C9
:10061000043B40F8043B08BF7047D20728BF31F8BD
:10062000023B48BF11F8012B28BF20F8023B48BF0E
:1006300000F8012B704702F0FF0343EA032242EA6D
:10064000024200F0E0B84FF0000200B513469446B5
:100650009646203922BFA0E80C50A0E80C50B1F11A
:100660002001BFF4F7AF090728BFA0E80C5048BF2E
:100670000CC05DF804EB890028BF40F8042B08BFCC
:10068000704748BF20F8022B11F0804F18BF00F8C8
:10069000012B7047704770477047704710B500F0E6
:1006A000D3F8006810BD10B5044600F0CDF8046022
:1006B00010BD2DE9F0470D4699469246044600F1DB
:1006C00024080168880604D5E06921F01001216042
:1006D00000E00120A84201DD471B00E00027A169DE
:1006E0007A1902EB0900081AA0612078C00602D42A
:1006F0002046AFF30080002608E0D4E901211AF873
:1007000006009047206A401C761C20624E45F4DBB0
:100710002078C0060AD52046AFF3008006E0D4E971
:10072000012130209047206A401C2062381EA7F12A
:100730000107F4DC07E0D4E9012118F8050090472F
:10074000206A401C2062281EA5F10105F3DC20462A
:10075000AFF300802078000602D50220BDE8F087C4
:100760000120FBE7074B70B50D467B4400F075F8A0
:100770000446284600F084F810B14FF0FF3070BDF9
:10078000204670BDCF330100431A28BF9A427FF63E
:1007900020AF104410F0030F11441EBF11F8013DAB
:1007A000521E00F8013D10F0030F7FF4F6AF103A2F
:1007B000C0F00A8010B531E91850103A20E91850FD
:1007C000BFF4F9AFBDE81040530724BF31E908106A
:1007D00020E9081044BF51F8043D40F8043D12F0F0
:1007E000030F08BF7047D20728BF31F8023D48BF4A
:1007F00011F8012C28BF20F8023D48BF00F8012C59
:1008000070474FF000020429C0F0128010F0030C72
:100810003FF41BAFCCF1040CBCF1020F18BF00F881
:10082000012BA8BF20F8022BA1EB0C01FFF70DBF95
:100830005FEAC17C24BF00F8012B00F8012B48BF00
:1008400000F8012B7047000000487047EC7B012046
:1008500001694A1C02610878704700B58FB0CDE984
:1008600001310021059105497944CDE90310114674
:100870006846FFF79BFD0FB000BD0000E5FFFFFFDE
:10088000007B00F08000704700487047EC7B01203F
:100890007546FFF7F9FFAE4605006946534620F05E
:1008A0000700854618B020B5FFF7FCFCBDE82040E6
:1008B0004FF000064FF000074FF000084FF0000B1C
:1008C00021F00701AC46ACE8C009ACE8C009ACE8CF
:1008D000C009ACE8C0098D46704710B50446AFF3B7
:1008E00000802046BDE81040FFF7BCBC00BFFEE71B
:1008F00031B52DED068B82B00024002574480078B8
:10090000401C73490870084600780A2190FBF1F2F8
:1009100001FB120018B16E4800780A287EDA012225
:1009200008A9002006F0C2FB9DF8200000F01F007F
:10093000002873D09DF8200000F01F0040F0C00098
:10094000644981F82000002486E0624890F8200085
:100950000121A140084000287CD05F4931F81400F3
:10096000042201A906F0A2FB5A4890F8340000F0D6
:100970000100D0B39DF807109DF8062001EB02207E
:1009800013F06FFC41EC190B9FED540B53EC102B43
:1009900013F0CEFC41EC180B13F036FC81B24D483D
:1009A000163020F814109DF805109DF8042001EB76
:1009B000022013F056FC41EC1A0B9FED4A0B53EC4E
:1009C000102B13F0B5FC41EC190B9FED480B53ECC9
:1009D000102B13F0E1FD41EC180B13F015FC81B264
:1009E0003C480C3020F8141034E0FFE79DF8071065
:1009F0009DF8062001EB022013F033FC41EC190BAB
:100A00009FED360B53EC102B13F092FC41EC180BBE
:100A100013F0FAFB81B22F480C3000E02BE020F8F5
:100A200014109DF805109DF8042001EB022013F02E
:100A300018FC41EC190B9FED2B0B53EC102B13F012
:100A400077FC41EC180B13F0DFFB81B22148163024
:100A500020F81410601CC4B2052CFFF676AF0125F7
:100A60001C48808920B91B48C08A08B9002008901A
:100A70000020174908709DF8200000F01F00D0B931
:100A8000144890F8200000F0800040B1114890F820
:100A9000200020F080000F4981F820000BE04FF685
:100AA000FF700C498881C882084690F8200000F049
:100AB000E00081F8200006480078F02802DD0A20D6
:100AC00003490870284602B0BDEC068B38BD000013
:100AD0000400002008000020C86101087B14AE4714
:100AE000E17AD43FD881734694F6D23F00000000EB
:100AF0000000894010B5052012F0F8FC10BD000080
:100B000010B500200F4908600F48006820F440002D
:100B10000D4908600846006840F480000860FFF74F
:100B2000E9FF00200949C1F8AC02FFF7E3FF01200B
:100B300004490860FFF7DEFF00200549C1F8800284
:100B400010BD0000808240420014024000804242FA
:100B5000008040421CB50121222006F015FB012037
:100B600000908DF8040003208DF8050000208DF81A
:100B7000060001208DF807006946084800F0C4FC13
:100B80004FF4006000906946054800F0BDFC01206C
:100B9000044908600449C1F8AC021CBD00040240CD
:100BA00000140240808240420080424210B5002082
:100BB0000F4908600F48006820F440000D490860A4
:100BC0000846006840F480000860FFF793FF0120AA
:100BD0000949C1F8AC02FFF78DFF01200449086004
:100BE000FFF788FF00200549C1F8800210BD000012
:100BF0008082404200140240008042420080404215
:100C000070B5054600241448006820F440001249DD
:100C10000860084600680860002612E000200F49BE
:100C200008601E2012F062FC01200D49C1F880020C
:100C30006006040E0B48006808B1601CC4B2701C4A
:100C4000C6B2082EEADB15B9FFF7B0FF01E0FFF7E7
:100C500057FF204670BD00000014024080824042D1
:100C6000008040422C82424270B50446134800681E
:100C700020F44000114908600846006840F48000F4
:100C8000086000200E490860FFF734FF002511E0DE
:100C9000E0090C4908606006040E01200A49C1F809
:100CA0008002FFF727FF002005490860FFF722FFB9
:100CB000681CC5B2082DEBDB70BD000000140240BB
:100CC00080824042AC8242420080404210B50F48D0
:100CD000006820F440000D4908600846006840F4B0
:100CE0008000086001200A4908600A49C1F88002B2
:100CF000142012F0FBFB002005490860FFF7FAFE04
:100D000000200449C1F8800210BD00000014024018
:100D1000AC8242420080404210B50D48006820F489
:100D200040000B4908600846006840F480000860F5
:100D3000012008490860142012F0D8FB0020064961
:100D4000C1F8AC02FFF7D6FE01200449086010BDCF
:100D5000001402408082404200804242AC82424203
:100D600010B500241148006820F440000F490860C5
:100D700008460068086001200D4908600D49C1F867
:100D800080020AE0601CC4B2FA2C03DDFFF7C4FF46
:100D9000012010BD012012F0A9FB05488038006831
:100DA0000028EFD10449086000BFF2E700140240B8
:100DB000AC824242008040428082404270B50025B1
:100DC0004FF4803400E0641E24B1802006F06CFBF8
:100DD0000028F8D014B90325284670BD40F2FF5012
:100DE00006F014FB2846F8E7014600BF08480068F3
:100DF00000F045000028F9D040F2FF50044A121DCF
:100E0000106003482038006808221040C0B27047C4
:100E1000342C014070B500251048046801E00F48EB
:100E2000046804F045000028F9D004F0040028B15B
:100E30000325042006F0EAFA284670BD04F00100FC
:100E400028B10125012006F0E1FA2846F5E740F235
:100E5000FF5006F0DBFA2846EFE70000342C014093
:100E600070B500250B48046801E00A48046804F0E6
:100E700045000028F9D004F0040028B1032504201F
:100E800006F0C4FA284670BD40F2FF5006F0BEFAE4
:100E90002846F8E7342C01402DE9F04106460F467C
:100EA0004FF000082248056801E02148056805F078
:100EB00045000028F9D005F0040038B14FF00308D0
:100EC000042006F0A3FA4046BDE8F08105F00100D9
:100ED00030B14FF00108012006F098FA4046F3E7E0
:100EE00006F0DCFAB04203D04FF010084046EBE7C2
:100EF00040F2FF5006F08AFA002006F0E9FA0446B4
:100F000004F4604018B9200C38804046DCE704F453
:100F1000005008B11320D7E704F4804008B1102036
:100F2000D2E704F4004008B10F20CDE74046CBE7FC
:100F3000342C014070B500264FF480350F4804680A
:100F400002E06D1E0D48046804F0450008B9002D4C
:100F5000F7D115B104F0040028B10326042006F0EF
:100F600055FA304670BD04F0400028B100264020FC
:100F700006F04CFA3046F5E73046F3E7342C0140F2
:100F800021B1026842F00102026003E0026822F02F
:100F90000102026070470000016821F00101016058
:100FA0000021016041608160C160016121214161D6
:100FB0004A49884204D13D21484A103A91608CE068
:100FC00046491831884205D14FF47461434A103ABA
:100FD000916082E041493031884205D14FF474116B
:100FE0003E4A103A916078E03C494831884205D148
:100FF0004FF07461394A103A91606EE037496031C0
:10100000884204D13649354A103AD16065E0334907
:101010007831884204D13349304A103AD1605CE0DB
:101020002E499031884204D12F492C4A103AD16080
:1010300053E02A49A831884205D14FF03D51274A53
:10104000103AD16049E02949884204D13D21274A1C
:10105000083A116041E025491831884205D14FF422
:101060007461224A083A116037E0204930318842E1
:1010700005D14FF474111D4A083A11602DE01B4947
:101080004831884205D14FF07461184A083A11601E
:1010900023E016496031884204D11149134A121FD6
:1010A00011601AE011497831884204D10D490F4A84
:1010B000121F116011E00D499031884204D10A4994
:1010C0000A4A121F116008E00849A831884204D179
:1010D0004FF03D51054A121F1160704710600240E9
:1010E0003D000020400F002000003D201064024021
:1010F00021B1026842F02002026003E0026822F09F
:10110000200202607047014600200A6802F00102D6
:101110000AB1012000E000207047000010B5002255
:101120000268134B1A40CC680B6823434C69234375
:101130008C692343CC6923430C6A23434C6A2343C1
:101140008C6A23434C6B23438C6B23431A4302600A
:10115000426922F00702D1E90B3423431A4342616A
:101160000B6943604B6883608B68C36010BD0000EF
:101170003F801CF070472DE9F04306460F4690462D
:10118000002445460320A0EB48093CE07A1B91B2BD
:10119000321990B203F0A0FB3A1B91B2721990B2CF
:1011A00003F09AFB3A1991B2721990B203F094FBD2
:1011B0007A1991B2321990B203F08EFB7A1991B27A
:1011C000321B90B203F088FB3A1991B2721B90B2B5
:1011D00003F082FB7A1B91B2321B90B203F07CFBCE
:1011E0003A1B91B2721B90B203F076FB641CB9F10A
:1011F000000F03DAA000801D814404E0601B800022
:101200000A3081446D1EAC42C0DDBDE8F0830000B1
:1012100051B18200A2F1C042126842F00103820083
:10122000A2F1C042136009E08200A2F1C04212683C
:10123000034B1A408300A3F1C0431A6070470000BB
:10124000FEFF0F00D0E901121143C2681143026989
:1012500011434269114382691143C2691143026A11
:101260001143426A1143826A1143C26A1143026BFD
:10127000114302689200A2F1C042116081680829FE
:101280000BD101688900A1F1C041096841F0400219
:1012900001688900A1F1C0410A60416B0968426B95
:1012A000526841EA0211426B926841EA0221426BA4
:1012B000928941EA0241426B128A41EA0251426B31
:1012C000127D41EA0261426B926911430268521C2D
:1012D0009200A2F1C0421160C16AB1F5804F1BD1EA
:1012E000816B0968826B526841EA0211826B9268D5
:1012F00041EA0221826B128A41EA0251826B127D1D
:1013000041EA0261826B9269114302689200A2F184
:10131000C042C2F8041107E06FF070420168890012
:10132000A1F1C041C1F80421704700002DE9FC4142
:1013300007460D460026002400200090019008205A
:101340005D49086010204860402088600020C86027
:101350004FF480600861084606F0F8F81020FFF7A7
:1013600043FD044614B12046BDE8FC815348008883
:101370000004514908603720486040208860002000
:10138000C8604FF480600861084606F0DFF8372037
:10139000FFF72AFD04460CB12046E5E74FF0FF3089
:1013A0004749086008204860302088600220C860F3
:1013B0000020086101204861084606F049F8002035
:1013C0003D49086033204860402088600020C860A4
:1013D0004FF480600861084606F0B8F83320FFF744
:1013E00003FD04460CB12046BEE70CE04FF40010AC
:1013F00006F05AF838B106F0A3F84DF82600761C2E
:10140000012E00D906E02F48006840F22A6108400A
:101410000028EBD000BF082006F046F828B10820CD
:1014200005F0F4FF042420469EE7022006F03CF875
:1014300028B1022005F0EAFF0224204694E720208C
:1014400006F032F828B1202005F0E0FF06242046FF
:101450008AE74FF4007006F027F830B14FF40070BF
:1014600005F0D4FF072420467EE740F2FF5005F048
:10147000CDFF00980006009901F47F4140EA012069
:10148000009901F47F0140EA1120009940EA1160BF
:10149000686001980006019901F47F4140EA01204B
:1014A000019901F47F0140EA1120019940EA11609D
:1014B0002860204658E700004829002050000020FE
:1014C0005C290020342C014010B5002001F078FC8C
:1014D0006FF07F4001F07FFC012001F0E7FC00206D
:1014E00001F0F2FC002001F0FFFC002001F084FC80
:1014F0000448006801F08CFCBDE81040002001F0B9
:10150000A7BC000078020020F0B50A4600210023A5
:10151000002400BF3DE0012505FA01F3156805EA46
:1015200003049C4234D105684F000326BE40B543F6
:10153000056015794E00B54006683543056015799C
:10154000012D02D01579022D16D185684F00032692
:10155000BE40B543856055794E00B5408668354339
:101560008560456801268E40B5434560456896799B
:101570008E40B6B235434560C5684F000326BE4075
:10158000B543C560D5794E00B540C6683543C560E2
:10159000491C1029BFD3F0BDF0B5002300244D072E
:1015A000ED0E02FA05F3CE1000F1200555F8265095
:1015B0004E07F70E0F26BE40B543CF1000F12006B0
:1015C00046F82750CE1000F1200555F8265045EA80
:1015D0000304CE1000F1200545F82640F0BD01833C
:1015E000704700002DE9F04FDFF828B191B04FF0BF
:1015F000FF35DBF80030B3F922100691DE69B3F94C
:101600002490F469A189814206D8E289824203D3F9
:10161000471AD4F8008012E0D4E9018100296FD084
:101620000A8882426CD84D88854269D3801A82B27A
:10163000486800EB8200B0F90070B0F90250781CE5
:101640005ED0307EA17C10FB01FA217CCDE908013F
:10165000B3F92A60304603F02FFFC0B20E90DBF8DA
:10166000000007FB0A81A37C826B0127CDE90412ED
:10167000CDE90273C069DDE90832C17E807ECDE923
:1016800000014946069802F06BFF681C18D046F02E
:10169000020003F011FFDBF80000A37C05FB0A81C8
:1016A000826BCDE90273CDE90412C069DDE908322D
:1016B000C17E807ECDE900014946069802F050FFC8
:1016C000DBF800005D46C069417E007E814214D98E
:1016D000022E12D086F0040003F0EEFE2868C069E6
:1016E000027EC37E12FB0391437E857E099A069893
:1016F0004B4402FB050203F0B9F90E9803F0DCFE3F
:10170000DBF80000627C418C1144418411B0BDE8DB
:10171000F08F00007C02002004480068C069C069A6
:1017200009B1027C0A60407C704700007C02002006
:10173000022008807047C06982898A4202D8C28923
:101740008A4210D2806880B102888A420DD84388CC
:101750008B420AD3406800EB8100A0EB8200B0F915
:101760000000002801DB01207047002070470000C6
:101770002DE9F0432F4C034687B020681946B0F995
:101780002A80C069C06900F084F800284ED0416802
:101790000088181A01EBC0054046AE7803F08CFEB5
:1017A000814620686A680123816BCDE90236CDE964
:1017B0000421C169CB7E8A7ECDE900230B7EB0F97E
:1017C00024102A78B0F9220002F0CAFE2068C0690D
:1017D000477E067EB7421DD9C07E47434643B8F1D7
:1017E000020F17D000F016FD804600F0E1FC01F07A
:1017F000F2FA21682A78CB69B1F92200DB7E12FB6C
:101800000302B1F92410CB19314403F02FF94046FB
:1018100001F0E1FA484603F04FFE20686A78C36998
:10182000B0F922109B7E12FB0311418407B0BDE882
:10183000F08300007C02002030B50F4C05460B46BB
:1018400020682946C069C06900F023F8002811D03B
:101850004168008824682A1A0120E46900EBC2006C
:10186000085CA47E10FB04F0002B03D011F83210AA
:101870006143196030BD00007C0200200120088017
:10188000704700B5C06900F004F8002800D00120BE
:1018900000BD06E002888A4202D842888A4202D20B
:1018A00080680028F6D1704770B500240E4D16E010
:1018B00028690E4900EBC410001D78220968FEF764
:1018C00088FE2869002100EBC410016000F10C01C2
:1018D0008161011D0A1DC0E90F12641C4164A868E2
:1018E0008442E5DB70BD0000580300207C0200202C
:1018F00070B50D490B480860084602F003FC0A4C1D
:10190000143CA068C501284600F068F82A4600216A
:10191000206102F0FFFB4FF0FF302060BDE8704017
:1019200001F0CCBE191E01086C03002010B50400A4
:1019300009D000F029FD20460DF07EFD044601F09F
:1019400075FE204610BD002010BD38B5054600F0DC
:101950001BFD2846FFF7EAFF040009D000F0BAF8A3
:101960002A460021009002F0D5FB684600F0F0F80E
:1019700001F05CFE204638BD024A106021F00300F1
:1019800050607047007A012010B5040016D000F0B6
:10199000FBFC0B48006B10F8341059B1022909D236
:1019A000042101EBC401415848680DF009FD2046AF
:1019B00010F020FBBDE8104001F038BE10BD000063
:1019C00044790120002805D0034A916B016001B1E0
:1019D0004860906370470000447901202DE9F04190
:1019E000044610F0AFF82648E41C24F00305C16B50
:1019F0002D1DA94200D90D46846B13E054F8042C28
:101A0000AA420ED184B1216809B162684A60616856
:101A100009B122680A60826BA2422ED121688163DB
:101A20002BE02468002CE9D18046416B80680F18B8
:101A300057F8040C3E1A306838B1002010F042FB11
:101A400057F8040C3E1A3068B8B97068A84214DB25
:101A50003044441B304610F0EDFAD8F80810491B0A
:101A6000C8F80810D8F810102944C8F81010706889
:101A70003146401B0DF0A4FC20C42046BDE8F08197
:101A80004479012010B5002410F05CF80C490F20B7
:101A900001EBC002126C1AB101EBC000006C08E04F
:101AA000401EF5D508E04168A14200D90C46806887
:101AB00010B180680028F6D1A4F10C0010BD000020
:101AC0004479012002484169491C41617047000086
:101AD0004479012005498A69521C8A61096B01EB2E
:101AE000C0010A78521C0A7000F04AB844790120FB
:101AF00010B500F049FCFFF7C5FF64220849B0F5B6
:101B0000800F04D990FBF2F4C869444303E0C9692B
:101B10004143B1FBF2F401F089FD204610BD000005
:101B2000447901200549102805D94A68B0EB520FC5
:101B300002D3500800E0102088607047007A01202E
:101B400002484169491E4161704700004479012003
:101B50000A4902680B6B52F8082C03EBC202137897
:101B6000022B03D38B690BB15B1E8B611178491E6D
:101B7000117000210160084670470000447901207F
:101B8000002806D00349042202EBC000096B085864
:101B9000083070474479012070B514460D4606465A
:101BA00000F0F2FB204600F041FB0300174804EB75
:101BB000840109D050F8210041688068711A2A1AFE
:101BC000184601F035F91CE000EB8104A268B2422E
:101BD00001D0012200E00022E368AB4201D00123E2
:101BE00000E000231A430CD0236943B150F82100D0
:101BF000816840686A1A311A184601F0A1F8C4E9F0
:101C00000265BDE8704001F011BD00004C7B012071
:101C100010B5C2B2CBB2D21A02D5C2F1000212B2D2
:101C200093B2C0F30722C1F3072403FB03F3121B93
:101C300001D5524212B2000C92B2A0EB114002FB4D
:101C4000023200B2002801DA404200B280B200FB4A
:101C5000002010BD10B50021084600F04DFB40F6F5
:101C6000FF725042BDE8104013460146AFF30080BA
:101C70002DE9FC411C4615460E46074600F084FB44
:101C8000042003F019FC80461248C068C16C006D46
:101C90000F4406440D440444ADF80070ADF8045000
:101CA000ADF80260ADF8064068460CF04FFF07E063
:101CB00023462A463146384602F0D8FE0CF008FF8B
:101CC0000028F5D1404603F0F7FB01F0AFFCBDE87A
:101CD000FC81000070020020B0F90630B0F9042049
:101CE000B0F90210B0F90000FFF7C2BF2DE9F041D2
:101CF0001C4616460D460746022B02DB0020BDE8B7
:101D0000F0811C20FFF76AFE0028F8D00DB10561B4
:101D10000AE0094A52F8241009B905E011460A6898
:101D2000002AFBD10969016184618682002101607A
:101D30004160C0E90217E2E79402002070B51D4639
:101D4000FFF7D4FF040001D000F00EF8E06800684F
:101D500020B90348006800EB85008465204670BD0B
:101D60007C020020FFF72EBE70B590B38269022A74
:101D700030DA1C4C54F8221019B944F822002FE034
:101D800019464B68002BFBD106E0CB68C5681B6881
:101D90002D68AB4203DD09680029F6D11AE0C1B114
:101DA000CB68C6681B683668B3420CD1838A012BA6
:101DB00005D008E01946DB681B68AB4203DB0B6803
:101DC000002BF7D129B14B6833B118604A684260E3
:101DD00004E0FFE7012070BD44F822004860016084
:101DE000002070BD9402002010B503E00468FFF7E6
:101DF000BBFF20460028F9D110BD10F025BE000021
:101E00002DE9F0410026DFF834800D4F354600BF44
:101E100058F8254009E0E0680068385C20B12046A9
:101E200010F012FE266026462468002CF3D16D1CAB
:101E3000022DEDDB3046BDE8F08100009402002069
:101E40004C630108022801DB00207047054951F866
:101E5000200004E0C16809680029F6D00068002865
:101E6000F8D17047940200202DE9F041044601F0BA
:101E700017FC06191EE000BF00F026F9052F00DD53
:101E8000052700F081FA11480568FFF71BFE2C00BA
:101E900017D000BF01F0CAFB641EFBD1384601F029
:101EA000E5FB1DB100F070FA6D1EFBD1FFF748FE97
:101EB00001F0BCFB01F0F4FB371A002FDCDCBDE8BD
:101EC000F081384601F0D2FBF0E700006403002007
:101ED0002DE9FC4706005FD000F056FA00F0B0F99B
:101EE0003C4C81462068B0F9228000F0D7F9216887
:101EF00007468A8CD01B888441E000BF47F6FF71FB
:101F0000304601F0CBFF82460146304601F09CFF8F
:101F10002168054691F82C0000F00300012841D00B
:101F200002283BD000204A8C101A4884ADF80000EB
:101F30006A1E1044ADF80400888CADF80200A9F1C7
:101F400001010844ADF806006A465146304601F0EA
:101F50005DFD2168BDF8020088845146304601F0DD
:101F600041FA064430780A281ED00D281CD0BDF84E
:101F70000000216828444884307818B1761C3078F5
:101F80000028BBD12068818C39448184818D21F067
:101F90000301818501F04AFBBDE8FC8705EBD570A4
:101FA0004010C0E72846BEE7206890F82C1001F0EA
:101FB000030101290BD0022909D0018C4184317819
:101FC0000A29D9D1828C02EB09018184D4E7A0F8D7
:101FD0002280F4E77C02002070B514460D460646C8
:101FE00000F0D2F905480068458484843046FFF744
:101FF0006FFFBDE8704001F019BB00007C020020BB
:102000002DE9F04107460A4815460E460068B0F92A
:102010002C0040F0020000F057FF04462A463146EB
:102020003846FFF7D9FF2046BDE8F04100F04CBF2D
:102030007C0200202DE9FC411C4616460D46074651
:1020400000F0A2F91A480168087ECA6C096D401EAA
:1020500017440D440C44391A1644ADF800103118D9
:10206000ADF80410291A2044ADF80600ADF80210AE
:1020700068460CF06BFD15E032462946384602F002
:1020800073FB32462146384602F06EFB621E691C25
:10209000384602F033FC621E691C304602F02EFC0A
:1020A0000CF016FD0028E7D101F0C0FABDE8FC8174
:1020B0007C020020B0F90630B0F90420B0F902101B
:1020C000B0F90000FFF7B6BF10B5002400E001240E
:1020D00000F004F80028FAD1204610BD064810B5DB
:1020E0000068002410B1804700B101240BF094FF78
:1020F00000B10124204610BD9C02002008B50B460B
:10210000002805D0009281888268C08800F001F81C
:1021100008BD10B50828029C30D008DC04FB01F48F
:1021200001280AD0022813D0042804D11CE010286A
:1021300028D020282CD0002010BD04EBD30003F0C1
:102140000701105CC1F10701C84000F0010010BD9B
:1021500004EB93000621105C01EA4301C1F1060182
:10216000C84000F0030010BD04EB5300D907105C19
:1021700002D000F00F0010BD000910BD04FB0130BB
:10218000105C10BD481004FB003032F8100010BD88
:10219000881004FB003052F8200010BD034951F8AC
:1021A0002000C1688A6A08211047000094020020BC
:1021B00010B500F0E9F802F089FC02F021FD0446B8
:1021C00001F034FA204610BD10B5044600F0DCF8EA
:1021D000054800210068C0694268204690470446CF
:1021E00001F024FA204610BD7C02002070B50C4698
:1021F000054600F0C9F8064821460068C0694268F3
:1022000028469047044601F011FA204670BD0000B0
:102210007C02002010B500F0B7F802F05FFC02F07D
:10222000EFFC044601F002FA204610BD002102280E
:1022300002D2024951F8201008467047500300208E
:1022400010B500F0A1F804480068C069447E01F0B0
:10225000EDF9204610BD00007C02002070B5144648
:102260000D46064600F090F822462946304602F018
:1022700069FC10B1002028602060BDE8704001F0CA
:10228000D5B970B50C46054600F07EF821462846C3
:1022900001F020FEBDE8704001F0C8B910B500247F
:1022A00000F072F80B48006890F82C1001F00C0157
:1022B000042904D0082906D00C2907D103E0C069FD
:1022C000047E641E02E0C069007E440801F0AEF99D
:1022D000204610BD7C020020024951F82000006910
:1022E0000068704794020020024951F820000069FC
:1022F000406870479402002070B50D46044600F017
:1023000043F820460FF052FB044628460FF056FBD8
:10231000044301F08BF9204670BD0000144810B54D
:10232000016821F001010160124801218160124918
:10233000016000681149884200D0FEE701F04CFBC3
:102340000F492E20087001F0AFF90E480FF0ACFBDA
:10235000FFF7CEFA11F076F904460021084600F0A6
:1023600085FD0CF095F8FFF79FFA204610BD0000A0
:10237000002000E000300240C2A507F4CDB5E8B56A
:10238000700200200C7A012070B51F4CE06820B16B
:1023900001F07EF96168884204D001F09FF901F0F4
:1023A00077F96060E068401CE060012825D10025D5
:1023B0000AE000BF01F06CF9216901EBC511096861
:1023C000814205D0D1B16D1CA0688542F2DB0025A9
:1023D0002068854211D000280EDBFFF711FD22682E
:1023E000216901EBC212D067084A01EBC510011D3B
:1023F0001160C06FFFF7F8FC256070BD216901EB2B
:10240000C5110860E4E70000580300207C020020AA
:102410001CB5040004D10E480068046E002C16D0D0
:10242000FFF7B2FF2046FFF755FB0090446968466E
:10243000FFF78EFB4CB12046FFF74CFB0190816803
:102440008968884701A8FFF783FB01F0EFF81CBDFE
:102450007C02002001490A4600F002B801F0FFFFAB
:102460002DE9F04387B015460C465FEA000846D0D8
:10247000FFF78AFF002000F0BFFC8146214800687A
:10248000066E4046FFF726FB00900068806900F06A
:102490007FFC074640F6FF70001904D10098B0F9A0
:1024A0000440B0F906500098611E0289ADF804405E
:1024B0001144ADF808104189681E0844ADF8065073
:1024C000ADF80A000BF0F2FB6846FFF741FB01A8EC
:1024D0000CF03CFB06E02A462146404600F028FB73
:1024E0000CF0F6FA0028F6D1384600F051FC3046E0
:1024F00000F06AF9484600F07FFC01F097F807B059
:10250000BDE8F0837C0200202DE9FE4F98469146FD
:102510008A46834600270C9EFFF736FF1748184966
:102520000068407C51F82040E1680968042903D024
:102530002468002CF8D100E014B9FFF783FC0446AE
:102540000121E068C26A20469047050011D0246945
:10255000A0688047401C02D10A4C46F00106009654
:10256000CDE9015443464A465146584600F0C6F963
:10257000074601F05BF83846BDE8FE8F7C0200207C
:10258000940200205C96010838B504001CD0FFF7C7
:10259000FBFE0E480068006EA04201D100F0EAFB8D
:1025A0002046FFF797FA0090406908B101F027F83C
:1025B00000980068FFF7D6FB6846FFF7C9FA204687
:1025C000FFF7E2F901F032F838BD00007C0200208C
:1025D0002DE9FF4F83B0454CDDF840B098468A4660
:1025E00007002BD002A901A8FFF74BFEB7F9006046
:1025F000002E00DA0026B7F90250002D00DA00257F
:102600002068A146407C02F0B3FA01990144491EBA
:10261000B7F904000FF033FB0446D9F80000407C02
:1026200002F0ACFA02990144491EB7F906000FF016
:1026300026FBA71B7F1C441B641C0BE020680026A4
:102640003546407C02F094FA07462068407C02F050
:1026500095FA0446B8F1000F01D1C4F10008002F2B
:1026600001DD002C03DC002007B0BDE8F08F4346FD
:102670003A4629463046CDF800B0FFF745FF5FEAFD
:10268000000909D000F060F88046484600F09CF848
:102690000027DFF85CB01FE051460598884701200D
:1026A000E2E7E11B414502DA484600F071F83FB12C
:1026B000EA193146484600F0B5F84846FFF7A8FE4B
:1026C000514605988847DBF8001009B1002088477B
:1026D0004846FFF7BFFE4744A742E2DB4846FFF704
:1026E00053FF002000F070F8BDE700007C020020DE
:1026F0009C03002038B505004FF0000411D0FFF70F
:1027000043FE2846FFF7E6F90090006800698068FC
:10271000804703F069FA04466846FFF719FA00F0AB
:1027200085FF204638BD38B50446FFF72DFE20460C
:10273000FFF7D0F900F1180400906846FFF708FA97
:1027400000F074FF204638BD38B504460025FFF779
:102750001BFE1CB908480068046E44B12046FFF710
:10276000B9F90090B0F90A506846FFF7F1F900F0A6
:102770005DFF284638BD00007C02002010B50CF03B
:1027800097FF002803D0BDE8104000F07DB810BDD1
:1027900038B50C46050004D10A480068056E002DC6
:1027A0000FD0FFF7F1FD2846FFF794F90090B0F93C
:1027B0000A10A14200DD44816846FFF7C9F900F024
:1027C00035FF38BD7C020020F8B50546FFF7DCFD7B
:1027D000134E3068046E65B10CB100F0CBFA0BF00B
:1027E0006BFB2846FFF776F9009031680A6E1AB144
:1027F00006E000F0BFFA0EE0D1E90223C1E9192397
:102800000D660068FFF7B0FA6846FFF7A1F902F01D
:10281000C3FF02F0ABFD00F009FF2046F8BD000049
:102820007C0200207CB515460E46040004D11548F4
:102830000068046E002C24D0FFF7A6FD2046FFF7A9
:1028400049F92DB20090C58034B2848002F08EFD2B
:102850000098406980B1FFF73DF9009A0190B2F904
:1028600008108180B2F90A20C28011B10AB1048037
:10287000458001A8FFF76CF96846FFF769F900F099
:10288000D5FE7CBD7C02002001490A4600F002B85A
:1028900001F0FFFF7FB515460C4606002DD0FFF76F
:1028A00073FD3046FFF716F940F6FF7101900919E4
:1028B00003D1B0F90440B0F906500289611E1144F9
:1028C000ADF80840ADF80C104189681E0844ADF819
:1028D0000E00ADF80A5001A8FFF73AF902A80CF073
:1028E00035F906E02A462146304600F009F90CF099
:1028F000EFF80028F6D100F099FE7FBD2DE9FF4FDB
:10290000DFF8E0B083B01C46DBF80010DDE91060B2
:10291000924600274B7C3A461299FFF7E7F90500EB
:102920005DD028698068804703F05EF981460AFB24
:1029300009F0C01D4FEAD008FFF7DAF8F10705D11A
:10294000C11700EB9170801000EB4000002C06DCFA
:102950001838B0FBF8F06442A04200DC0446F007EF
:1029600007D10090DDE903012346524600F0BAFD8D
:102970000746002C03DC2846FFF7F4F92FE004FBA0
:1029800008F01830F10702D0FEF7D0FF01E0FEF7A3
:10299000DCFF06001CD0FFF79DF80190056003994D
:1029A00081800499C180A0F808A04481C0F80C80FF
:1029B000C0E9049701A8FFF7CBF81298AE60286130
:1029C000DBF80000407CA861304607B0BDE8F08F1E
:1029D0002846FFF7C7F917B13846FEF7D5FF0020A4
:1029E000F3E700007C0200202DE9F74F92B09046FB
:1029F0001298FFF76FF80B90B0F908100691B0F934
:102A00000A100D9100680069D0F804B00BA8FFF718
:102A10009FF8384C384D2068407C55F82000C1683C
:102A20008A6A082190478146182801D34FF020096F
:102A30002068407C55F820000069079003C80C907E
:102A40002E48814201D0012000E00020109000209B
:102A500000F056FE002849D10026DDE91207B246F3
:102A60000FAB069C4546761C0193FFF75CFE0146C2
:102A700004FB0AF001EB8002234629463846CDF8D4
:102A800000B001F01BF8050030D01098D0B1DDE99E
:102A900006134A46284600F0E5FE98B9DDE90670BF
:102AA0002C46D0F810C0BCF1000F05D029460423F5
:102AB0003A460846E04705E00C992068884701C47B
:102AC0007F1EF9D10020CDE903050590012000907B
:102AD000CDE901094146034608F10108069A139819
:102AE00001F03EFD0D98401E0D90B6D115B0BDE829
:102AF000F08F00007C020020940200201F4C000890
:102B0000F8B515460E460746FEF7E4FF009000684C
:102B10001621C068426A0020904704466846FFF7C5
:102B200017F8002C03D02A4631463846A047F8BD96
:102B3000F8B515460E460746FEF7CCFF00904469EF
:102B40006846FFF705F83846FFF7D4FD0346082826
:102B500000DD2CB12A46314638460FF095FFF8BD0E
:102B60002A463146384610F027F9F8BD10B500283E
:102B700021D009B30AB3B1F90040B2F900309C4248
:102B800000DA23460380B1F90240B2F902309C42D8
:102B900000DA23464380B1F90440B2F904309C4284
:102BA00000DD23468380B1F90610B2F90620914278
:102BB00000DC1146C18010BD11460A6802604968F8
:102BC000416010BD00280BD003880B44038083882C
:102BD00019448180418811444180C1881144C180D9
:102BE0007047000070B5104D0446D5E900018842D9
:102BF0000ED10E49884203D1D0E90F12406C03E098
:102C00000C38D0E9001280682160C4E9012006E098
:102C100090E80E0084E80E000EF0E6FE2860207AB0
:102C2000002800D0012070BDDC030020747B01204F
:102C30000448D0E90010814201D1012070470020F2
:102C400070470000DC030020054A10B503491160FD
:102C50000FF018FEBDE8104000F056B925E100085D
:102C6000A002002070B50025FFF78EFB094CD4E9C7
:102C7000002082420AD0D2E9005610460EF0BEFE75
:102C80002060314628460BF003FD012500F0CEFC04
:102C9000284670BD440300202DE9FC41154DDDE9B7
:102CA00008742D68B5F90860864200DD3046B5F934
:102CB0000C60964200DA3246824219DBB5F90A60AE
:102CC0008E4200DD3146B5F90E509D4200DA2B46AA
:102CD0008B420DDB00E02C46E5682D6825B1042D04
:102CE00002D02568002DF6D1CDE9007402F0C0F8BD
:102CF000BDE8FC817C020020B0F90220B1F9063069
:102D00009A4213DCB1F90220B0F906309A420DDC88
:102D1000B0F90020B1F904309A4207DCB1F9001093
:102D2000B0F90400814201DC0120704700207047A7
:102D30000146024878220068FDF74BBC7C02002067
:102D400070B515460E4604000AD0FFF71DFB2A4653
:102D5000314620460FF0D8FBBDE8704000F066BC5D
:102D600070BD0000024978220968FDF732BC0000FE
:102D70007C02002010B5FFF707FB02F0ABFA02F06F
:102D80000BFD0AF093FFBDE8104000F04FBC0000BF
:102D900070B5094D04462868467CFFF7F5FA022C09
:102DA00003D228684474FFF7E5FF0448046000F08C
:102DB0003DFC304670BD00007C020020E80200208F
:102DC00010B50446FFF7E0FA204602F0A5FABDE888
:102DD000104000F02BBC10B50446FFF7D5FA204692
:102DE00002F0D2FABDE8104000F020BC0149886032
:102DF000704700007002002010B50446FFF7C4FAC7
:102E0000204602F059FB044600F010FC204610BD9D
:102E100070B50446FFF7B8FA04480068C56904B104
:102E2000C46100F003FC284670BD00007C02002055
:102E300070B514460D460646FFF7A6FA2246294607
:102E4000304602F055FB044600F0F0FB204670BD12
:102E500070B50546FFF798FA03480068847E8576CA
:102E600000F0E4FB204670BD7C02002070B50C46EB
:102E70000546FFF789FA094822460580084804807C
:102E800008480068417C084850F82100C1680B6A76
:102E900029469847BDE8704000F0C8BBAC0200204E
:102EA000AE0200207C0200209402002070B505468E
:102EB000FFF76AFA03480068047E057600F0B6FB67
:102EC000204670BD7C02002070B50446FFF75CFA16
:102ED00004480068B0F92C50848500F0A7FB284610
:102EE00070BD00007C02002070B50446FFF74CFA6C
:102EF00004480068B0F92A50448500F097FB284642
:102F000070BD00007C02002002480068002800D04C
:102F1000004770477C03002002498A6802B9886034
:102F2000FFF7F2BF4403002010B504000ED0FFF7F6
:102F30002BFA20460FF098F820460FF05DFD204652
:102F4000FEF722FDBDE8104000F070BB10BD38B5A3
:102F50000C46050011D0FFF717FA2846FEF7BAFD18
:102F600000908089204201D0012400E000246846BE
:102F7000FEF7EEFD00F05AFB00E00124204638BDCC
:102F800038B50546002028600648046844B120464C
:102F9000FEF7A0FD0090006928606846FEF7D8FDA6
:102FA000204638BD0404002038B504004FF000006E
:102FB0000D46086011D02046FEF78CFD0090846815
:102FC00044B16846FEF7C4FD2046FEF783FD00903D
:102FD000006928606846FEF7BBFD204638BD00004A
:102FE0002DE9F84FDFF89C800546274F98F8180028
:102FF0008B46410738680A9E9946407C924607D422
:1030000001F0C8FD04463868407C01F0CFFD06E0C1
:1030100001F0CCFD04463868407C01F0BBFD002780
:1030200095B1A0F1010400BFB9EB060000D5404204
:10303000142806DB5146BBEB0A0000D54042142899
:1030400004DA0120BDE8F88F641EEDE70A464B461E
:103050005946384600960EF007FE0C4F4B46524636
:1030600047F835005946204600960EF0FDFD07EB67
:10307000C50148600FF022F901210020C8F81C109A
:10308000E0E70000B00200207C020020847A0120EA
:103090002DE9F047524D534E0024E86978B968682D
:1030A000346000F00501746010F0060F01D000F0EC
:1030B0000500B460F4600FF001F90120E8612878A0
:1030C000C8B100F0D9F8A846286100F0D3F8296902
:1030D000286A81420BDBD8F824204046914206DC66
:1030E000836A42699A4202DBC36A9A420DDD4FF05D
:1030F000FF3001466FE000F00FF9686100F0BBF8A7
:103100002878401C2870BDE8F087326898F81800CD
:10311000354F8D1A400700283868407C02DB01F0EB
:1031200039FD01E001F042FD401E4543D6E9002093
:10313000B146801A95FBF0F6D8F81420D9F808109B
:1031400098F81800551A400700283868407C02DBC0
:1031500001F02CFD01E001F01DFD401E4543D9E9C1
:103160000201081A95FBF0F598F8180040070028AE
:103170003868407C18DB01F00DFD81463868407CE2
:1031800001F014FDD8F818200146D00704D0A9EBAF
:103190000600A0F1010000E03046920702D5491B6D
:1031A000491E18E0294616E001F000FD8146386806
:1031B000407C01F0EFFCD8F81820D10704D0A9EB2F
:1031C0000601A1F1010100E03146920702D5401B42
:1031D000401E00E028460FF081FB88F8004092E78F
:1031E000B0020020847A01207C020020014988611D
:1031F00070470000B0020020074A002806DB0029C3
:1032000004DB01231372C2E9000101E00020107207
:10321000014800F003B80000BC7B012010B5044653
:103220000C220749FDF722F9002808D0044894E849
:103230000E000EC02046BDE81040FFF705BD10BDD2
:10324000E07B012030B40A4C2268831A01D5C3F117
:10325000000362688A1A00D552421A44022A04DD29
:10326000C4E9000130BCFFF7C7BF30BC70470000A5
:10327000740300207047704710B52DED048B82B0A9
:103280002048808845F21051884236D101221E49DB
:10329000002003F00BFF1C48007800F01F0030B343
:1032A000042201A9900103F001FF9DF807109DF889
:1032B000062001EB022010F0D4FF41EC190B9FED2A
:1032C000130B53EC102B11F033F841EC180B10F0EA
:1032D0009BFF1049888108468489B4F5F07F02DBA2
:1032E00040F2DF1404E0002C02DA002400E00024A5
:1032F000204602B0BDEC048B10BDD0200AF0AEF821
:10330000F7E700001C290020BC000020D88173468C
:1033100094F6D23F0800002010B52DED048B82B04A
:103320002048808845F21051884237D101221E4939
:10333000002003F0BBFE1C48007800F01F0030B3F3
:10334000042201A9900103F0B1FE9DF805109DF83B
:10335000042001EB022010F084FF41EC190B9FEDDB
:10336000130B53EC102B10F0E3FF41EC180B10F093
:103370004BFF1049C8820846C48AB4F5487F02DB77
:1033800040F21F3405E0002C03DA002401E040F293
:103390001F34204602B0BDEC048B10BD90200AF013
:1033A0005DF8F7E71C290020BD0000207B14AE4724
:1033B000E17AD43F080000202DE9F041084E044690
:1033C00005683068016828468847074630684168C4
:1033D00028468847284420603846BDE8F081000030
:1033E000800200202DE9F0410C4606460025064FDC
:1033F00005E0386841683046884706440544641E45
:10340000F7D22846BDE8F081800200202DE9F04186
:103410001E46069C1746884605463A46A8687F1C05
:103420003346D0F804C041462846E047641EF4D134
:10343000BDE8F08170B5B0F90040091BB0F9044057
:103440008C422CDD00F11404B0F902500069521BCB
:1034500002FB0040CA1800EBE104521ED010B0EB92
:10346000E10501F007034FF0FF0102F0070221FA26
:1034700003F0C2F1070201FA02F1CEB221780FD0B7
:1034800001436D1E04F8011B002D05DDFF222946B6
:103490002046FDF7D0F82C4420783043207070BDD2
:1034A00030400143217070BD10B5B0F90030B0F963
:1034B0000240C91A00F114030069121B02FB00301C
:1034C00000EBE10001F0070302788021D9400A43B4
:1034D000027010BDB0F90610026951431430FDF7B7
:1034E000B2B800002DE9F843804602F10F00001148
:1034F000470003FB07F01C46154689461430FEF7CB
:1035000024FA060018D0FEF73FFF3046FEF7E2FA35
:103510000090A0F80080A0F802908580C480074940
:1035200081600121818107616846FEF711FB00F08F
:103530007DF83046BDE8F8830020FBE7E8960108F7
:1035400070B5B0F90660B0F904400B6800F11405DD
:10355000964220DD0069A34202FB005000EBE3022B
:1035600019DAA4F101044FEAE400A0EBE30512F834
:10357000010B03F0070400FA04F0C4B208E055B1EF
:1035800012F8014B03F10803A5F1010523F007032D
:10359000002CF4D008E0002070BD00BF4FEA44606A
:1035A0004FEA106403F101032006F7D5FF2C0AD07F
:1035B000184605E04FEA44644FEA146400F1010044
:1035C0006606F7D400E0D81DC443640706D007E0C0
:1035D00012F8014BFF2C0FD100F108006D1EF7D53A
:1035E000A0EB030000F101000B6070BD4FEA4462E4
:1035F0004FEA126400F101002206F7D4F0E738B573
:103600000546FEF7C1FE2846FEF764FA0090818960
:10361000491E0CB284816846FEF79AFA14B928460E
:10362000FEF7B2F900F002F838BD00000348C168A7
:10363000491EC16001D100F05BB8704758030020FB
:1036400010B54FF48031002010F044FC04464FF4D4
:1036500080312046FEF790F98020FEF763FA024899
:10366000FFF7C4FB10BD00002892010870B50446A6
:103670004FF47A7060434FF47A71B0FBF1F528464D
:1036800003F038F870BD10B50120FFF7EFFF10BD53
:103690000248006890F8320070470000EC000020FB
:1036A00010B503F093F810BD10B5002002F006FC31
:1036B0000149086010BD0000A800002010B50120DD
:1036C00002F0FCFB03490860002002F081FB024984
:1036D000086010BDA0000020A400002008B56A46C4
:1036E00000210248006802F00FFC08BDA000002085
:1036F00010B50248006802F07DFC10BDA00000205B
:103700000EB508B102AA00E00022002301A9684614
:1037100000F052FB0EBD0000074910B5CC6818B18F
:103720000120C860801E03E00020C8606FF07F4069
:1037300000F004FE204610BDE403002010B5082A66
:103740000EDC0346012A1AD0022A58D0042A78D067
:1037500010F8042B03F8012B491EF9D1012010BDEC
:10376000102A0ADC0222022AF8D1024630F8043B71
:1037700022F8023B491EF9D1F0E7002010BD10F8F5
:10378000042BD207120E491E34D010F8044B491EE8
:1037900004F0010442EA84122CD010F8044B491EB4
:1037A00004F0010442EA441224D010F8044B491EEC
:1037B00004F0010442EA04121CD010F8044B491E24
:1037C00004F0010442EAC40214D010F8044B491E6C
:1037D00004F0010442EA84020CD010F8044B491EA4
:1037E00004F0010442EA440204D010F8044B04F04F
:1037F0000104224303F8012B0029C0D1AEE710F8E1
:10380000042B9207120E491E15D010F8044B491EC6
:1038100004F0030442EA04120DD010F8044B491ED0
:1038200004F0030442EA840205D010F8044B04F0CB
:1038300003042243491E03F8012B0029DFD18DE741
:10384000FFE710F8042B1207120E491E05D010F8DE
:10385000044B04F00F042243491E03F8012B0029F6
:10386000EFD17BE72DE9F0411E680D460446082A9A
:1038700009DC0746012A21D0022A62D0042A7CD022
:10388000082A1AD195E0102A03DC02200228F8D178
:1038900002E00020BDE8F081D3F810C02746BCF15B
:1038A000000F04D00A462146022308468AE001CCD4
:1038B000B04727F8020B6D1EF9D18BE001CCB04761
:1038C000C0074FEA10686D1E36D001CCB04748EAF9
:1038D000801000F0FF086D1E2ED001CCB04748EAE2
:1038E000401000F0FF086D1E26D001CCB04748EA1A
:1038F000001000F0FF086D1E1ED001CCB04748EA52
:10390000C00000F0FF086D1E16D001CCB04748EA99
:10391000800000F0FF086D1E0ED001CCB04748EAD1
:10392000400000F0FF086D1E06D001CCB04740EA11
:10393000080000F0FF086D1E07F8018B002DBDD1B7
:1039400048E001CCB04780074FEA10686D1E18D0E0
:1039500001CCB04748EA001000F0FF086D1E10D0FF
:1039600001CCB04748EA800000F0FF086D1E08D087
:1039700001CCB04740EA080000E007E000F0FF0893
:103980006D1E07F8018B002DDBD123E001CCB04781
:1039900000074FEA10686D1E06D001CCB04740EA20
:1039A000080000F0FF086D1E07F8018B002DEDD117
:1039B00010E0D3F810C0BCF1000F05D00A46014654
:1039C00001233846E04705E001CCB04707F8010B7A
:1039D0006D1EF9D101205DE70A4810B58169002903
:1039E0000ED101218161FFF72BFE01F013FF054984
:1039F00005481C310860BDE81040084600F082BB55
:103A000010BD000070020020B91D01087CB50646FB
:103A100028480D46006868B100200BF097F806E0D2
:103A20006A46294630460BF059FF0BF051F8002842
:103A3000F6D17CBD106800901F4C50680190226840
:103A4000BDF8000032F84C1F0844ADF80000BDF886
:103A5000020091880844ADF80200BDF80400118806
:103A60000844ADF80400BDF8060091880844ADF89C
:103A7000060068460BF06AF80EE000BF2068BDF84B
:103A800000106A464184BDF8021081842946304600
:103A90000BF024FF0BF01CF80028EFD1206830F861
:103AA000221F428D891A01804188C28D891A418066
:103AB0007CBD0000A80200207C0200202DE9FF4F01
:103AC00000208BB004460146009019981D4616460A
:103AD000016007AB002203A902A800F06DF918B13C
:103AE00000200FB0BDE8F08F0798854200DD054645
:103AF0005C4F0A955C493868407C51F8201004916D
:103B000009690691FEF74AFB05903868407CFEF78C
:103B1000EBFB56498146884204D05549894501D07E
:103B2000012000E00020099001CE189988478246C4
:103B30005FEA106B71D0009870BB0B9800EB040823
:103B400048480068B0F90800404503DDA0EB0807CD
:103B5000804600E000270299049801EB840101EB04
:103B60008701CDE90010DDE90A010A180C9B0892D3
:103B7000521E19464046FFF78FF801200090059825
:103B800018280ADA0298DDE9052300EB840000EB2F
:103B90008700E91B00F070F810E0099870B10298F6
:103BA00000EB840000EB87070898A0EB0808494663
:103BB0003868884701C7B8F10108F8D12D48C069B5
:103BC00060B3DDE9020700EB840007EB8402CDE976
:103BD0000202284C361F2B46E46930460299A04762
:103BE000FF203168B0EB116F02D10299096804E03F
:103BF000029A1268B0EB126F01D1039A1160029918
:103C0000361D091D02910399091D03916D1EE8D10E
:103C100019990120039708601DE01EE0FFE7BBF142
:103C2000FF0F0ED00298CBF1FF0250F8241050463F
:103C300000F00EFA039941F8240019990120086058
:103C400005E00298039950F8240041F82400641C10
:103C50006D1E7FF469AF039843E7039941F824A0F0
:103C6000EBE700007C020020940200201F4C0008BB
:103C70001D4C0008B00300202DE9F05F0C1E16DD7E
:103C80005E68014600EB8405082A12DC611E012AE9
:103C900028D0022A48D0042A6AD0082A07D1071956
:103CA00017F8010DB04745F8040D641EF8D1BDE8C2
:103CB000F09F102AFBDC0222022AF8D15F693FB193
:103CC0002246BC46BDE8F04F02235DF804EB604796
:103CD00001EB440737F8020DB04745F8040D641EA8
:103CE000F8D1E4E700EBE1002D1F10F801A98146AF
:103CF00001F00707802020FA07F800BF0AEA080051
:103D0000C7F10701C840B04745F804093FB17F1E1D
:103D10004FEA4860000E8046641EEFD1C7E70727D0
:103D200019F801A90120F6E700EBA1002D1F01F011
:103D3000030710F801A981467900C02020FA01F894
:103D40004FF0060B0AEA0800ABEB4701C840B0474A
:103D500045F804093FB17F1E4FEA8860000E804697
:103D6000641EEFD1A3E7032719F801A93846F6E747
:103D700000EB610001272D1FA74310F801A9814620
:103D8000B900F02020FA01F84FF0040B0AEA08000D
:103D9000ABEB8701C840B04745F804093FB17F1E2F
:103DA0004FEA0870000E8046641EEFD17FE70127BE
:103DB00019F801A90F20F6E72DE9F047204C064637
:103DC0001F46A06990468946002540B90120A061A0
:103DD00004F120011B480860084600F093F960696F
:103DE00010B900F0C8FE606107B138604EB1A0683C
:103DF00030B960698000FDF7F1FDA06000B90125D0
:103E00003060B9F1000F0AD0E06830B96069800015
:103E1000FDF7E4FDE06000B90125C9F80000B8F144
:103E2000000F0AD0206930B960698000FDF7D6FD27
:103E3000206100B90125C8F800002846BDE8F087D8
:103E4000B0030020411E010873B5124A01A9009871
:103E50001268904700240090C8B10F4900250968F6
:103E6000C969496959B10A684AB1019990477CBD4D
:103E70006846FFF7A1FA0546FEF7A6F90444019843
:103E8000401E0190F4D5284600F032F80444204644
:103E90007CBD0000D80300207C02002073B50D46D5
:103EA0000098002490B10A490968C969496959B163
:103EB0004A684AB1294690477CBD6846FFF77CFABC
:103EC00020B10A2802D0641CAC42F6DB20467CBD3F
:103ED0007C020020044AB2F9002002600348B0F9D5
:103EE0000000086070470000AC020020AE02002015
:103EF00038B5002469460094FEF778F900998142AC
:103F000000DD0C1A204638BDB0F90030B1F90020B0
:103F1000934200DA0280B0F90230B1F902209342F4
:103F200000DA4280B0F90430B1F90420934200DD98
:103F30008280B0F90620B1F906108A4200DDC18006
:103F4000704770B5B1F90040B2F900309C4200DD15
:103F500023460380B1F90250B2F90240A54200DDC8
:103F60002C464480B1F90460B2F90450AE4200DA44
:103F700035468580B1F90610B2F90620914200DB82
:103F80001146C1809D4201DBA14201DA002070BDD3
:103F9000012070BD014602480068407C00F002B874
:103FA0007C020020F8B501260F46054602284BDAB0
:103FB000264C5FB3012F02D0022F45D116E054F8F2
:103FC000250088B92846FDF73DFF0090B8B3C068CA
:103FD0000D21426A68469047020035D03946009864
:103FE000904754F825000026401C2BE0FDF72AFFDF
:103FF000009020B3C0680D21426A684690470200D5
:1040000022D039460098904700261DE054F825003C
:1040100001280FD12846FDF715FF009050B1C06868
:104020000D21426A68469047020003D03946009845
:104030009047002654F8250010B1012101E003E06B
:104040000021401A44F825003046F8BD3C0300200A
:1040500070B5FF23B3EB116F2CD0C3B213FB02F585
:1040600000F47F4400F47F0354435343000E10FBDD
:1040700002F6C2F1FF00CAB212FB005201F47F4502
:1040800005FB004401F47F0505FB0033090E11FB1D
:104090000065C2F307204FF47F024FF47F4102EA2C
:1040A000132201EA14214FF07F43084303EA05433A
:1040B0001043184370BD2DE9F04F1546DDE90CB9EA
:1040C0000C4606464FF0000818E00B9F4FF0FF0A21
:1040D00001CE08CCAAEB106202FB09F2B2FBFAF1A6
:1040E000CAB21946FFF7B4FF20F07F4001C57F1E1A
:1040F000EED1099808F1010804EB8004D845E4D317
:10410000BDE8F08F02494A6942604861704700008B
:104110007002002010B502E000F8011B521E0AB127
:104120008307F9D1930818D001EB014402F0030290
:1041300004EB042405E0046044608460C460103033
:104140001B1F042BF7DA01E010C05B1E002BFBD114
:1041500003E000BF00F8011B521E002AFAD110BD77
:1041600010B5830702D520F8021B521E530810D049
:1041700001EB0144042B08DB046044608460C460EC
:1041800010301B1F042BF7DA01E010C05B1E002B60
:10419000FBD1D20700D0018010BD00BFFEE70000B8
:1041A0007CB5044600250020019000905F480088FF
:1041B00000045F4908600D204860402088600020AE
:1041C000C8604FF480600861084603F0BFF95948A1
:1041D0000068009002E0574800680090009800F0E6
:1041E00045000028F7D0009800F0040028B103250E
:1041F000042003F00BF928467CBD009800F0010074
:1042000028B10125012003F001F92846F4E703F065
:1042100045F9009000980D2802D010252846EBE7BC
:1042200040F2FF5003F0F2F8002003F051F9019042
:104230000198C0F3432020703F490198084008B915
:104240002846D9E7019800F0004008B11C20D3E7C8
:10425000019800F0804008B10920CDE7019800F0F6
:10426000005008B10A20C7E7019800F0805008B15B
:104270000B20C1E7019800F0006008B10C20BBE7FB
:10428000019800F0806008B10D20B5E7019800F0BA
:10429000807008B10E20AFE7019800F4000008B16B
:1042A0000F20A9E7019800F4800008B11020A3E7CF
:1042B000019800F4001008B111209DE7019800F466
:1042C000801008B1122097E7019800F4002008B18F
:1042D000132091E7019800F4802008B114208BE7A7
:1042E000019800F4003008B1152085E7019800F42A
:1042F000803008B116207FE7019800F4004008B133
:10430000172079E7019800F4804008B1182073E77E
:10431000019800F4005008B119206DE7019800F0F1
:10432000080008B11A2067E7284665E7500000201A
:1043300048290020342C014008E0FFFD02490A68AA
:1043400008601046704700001804002030B5014690
:1043500001F01F04C1F34513CA0AE50205EB43153A
:104360001544A8B230BD000070B5044600261748B9
:104370000588408845431548808846F604018842F0
:1043800016D112488079012812D100200F49887176
:104390002A2048812B2088810021084601F006F858
:1043A00001200A4988712B2048812A20888103E056
:1043B0000021084600F0FAFF01F018FA002602E09A
:1043C00003480480761CAE42FAD370BD1C2900203D
:1043D000000008600449054A0968497C52F8211028
:1043E00009690968084700007C0200209402002047
:1043F00010B50446002C52D158498871F02008802D
:104400004FF4A07048800846808849F241318842C4
:104410000BD05248808846F60401884205D04F48A8
:10442000808845F2103188421AD12C204B490881EE
:104430002A2048812B2088810846808846F604017E
:10444000884205D04548808845F21031884206D11F
:104450004FF4A070414908804FF4F070488079E033
:104460003E48808845F21051884210D14FF43050B8
:104470003A4908814FF4285048814FF42C508881E4
:104480004FF4F07008804FF44870488062E02220BA
:104490003249088120204881212088815AE001206A
:1044A0002E4988714FF4A0700880F020488008469B
:1044B000808849F24131884205D02848808845F2F9
:1044C0001031884207D12C20244908812A204881B4
:1044D0002B2088812BE02148808846F60401884201
:1044E00007D12C201D4908812B2048812A20888152
:1044F0001DE01A48808845F21051884210D14FF4CF
:104500003050164908814FF4285048814FF42C5000
:1045100088814FF4487008804FF4F070488006E0BE
:1045200022200E49088121204881202088810B48C3
:10453000808846F60401884205D00848808845F204
:104540001031884206D14FF4F070044908804FF4CE
:10455000A0704880002000F063FD10BD1C290020E1
:104560002DE9F04F05468DB07C48DDF860901A9C2F
:1045700000681E4617464FF0000A78B11B9B199A37
:10458000CDF808900593CDE90324DDE91623CDE9A4
:104590000023046833463A46284682E0DDE91602E5
:1045A00001EB060805EB070C1043A8F10108ACF17C
:1045B000010C012806D0C9F10800059000200291E5
:1045C0000890C8E066480268B2F90A30581A002814
:1045D00006DD361A002E65DD1946199B00FB0344E3
:1045E000B2F90E00A8EB0000002802DD361A002EFA
:1045F00058DDB2F90C00ACEB0000002800DD3F1ADA
:10460000B2F908300020AB4237DD581B3F1A4B4649
:10461000B9F1080F28D007DC012B0DD0022B13D0E5
:10462000B9F1040F29D117E0102B1FD0182B20D07F
:10463000B9F1200F21D11CE020F0070304EBE004C6
:104640001D4400F0070018E020F0030304EBA00471
:104650001D4400F0030010E020F0010304EB6004AF
:104660001D4400F0010008E0044404E004EB4004B1
:1046700001E004EB800405440020002F12DD1B9BA9
:10468000DDF864C0CDE90403CDE902C4CDE90069D9
:10469000527C34483B4650F82200C26854680A46AF
:1046A0002946A0470DB0BDE8F08F1799029808443D
:1046B00009902B49401E00900A68B2F90A308342E3
:1046C00041DCB2F90E10029881423CDB4FF0000B46
:1046D000D84603950B9434E0BBF1000F05D10B983D
:1046E0004FF0080B10F801AB0B900599ABEB090BE1
:1046F0003AFA01F00AFA09F101F0FF0A04D1184967
:104700000968097C890716D415490968C96B0A68C4
:104710000C921B9A0AB152F820000860169903986F
:10472000009B4218521E029900F0A0F90C490C9807
:104730000968C96B08600399169808F101080844D4
:104740000390B845C8DB0898401C0890099802906F
:10475000199804440898B042A7DBA3E7A8020020F8
:104760007C02002094020020F0B40C461249096833
:10477000B1F90A30A3421CDCB1F90E30A34218DBB8
:10478000B1F90830834200DD1846B1F90C3093428C
:1047900000DA1A4682420CDB4B7C084951F8235060
:1047A00013462246E9688E6801462846B446F0BCA6
:1047B0006047F0BC704700007C020020940200209B
:1047C0002DE9FF4F84B081468A4600200390029075
:1047D0000698A0EB09050798A0EB0A06CDF804900F
:1047E000CDF800A0002D01DD012705E00DB900275F
:1047F00002E04FF0FF376D42002E02DD4FF001085E
:1048000006E016B94FF0000802E04FF0FF3876429C
:10481000B54201DD2C4600E034464FF0000B21E0AC
:10482000009A91B2019A90B200F056F80398284489
:1048300003900298304402900398A04205DD03984B
:10484000001B03900198384401900298A04205DDB6
:104850000298001B02900098404400900BF1010068
:104860001FFA80FB601C8345DADD08B0BDE8F08FDD
:104870000A46174930B40968B1F90A30934225DC79
:10488000B1F90E30934221DBB1F9083083421DDCCF
:10489000B1F90C30834219DB0B7C0E4CDB0709D0DD
:1048A000497C54F82130D968CC690146A44630BC13
:1048B00018466047CB6B497C1B6854F82140E1687F
:1048C0008D6901462046AC4630BC604730BC70471D
:1048D0007C0200209402002030B504460D46294693
:1048E000204600F063FD00F081FF02480088024985
:1048F000088030BD0000002000000860124B30B47A
:104900001B68B3F9084084421CDCB3F90C408442B4
:1049100018DBB3F90A408C4200DD2146B3F90E40A2
:10492000944200DA22468A420CDB5C7C074B53F847
:104930002440E368DD6813460A4601462046AC463B
:1049400030BC604730BC70477C02002094020020DD
:1049500070B504460D4616464248808849F24131FA
:10496000884205D03F48808845F21031884214D1F2
:104970003C49488900F02EFF201200F01FFFE0B2F2
:1049800000F01CFF3749888900F024FF281200F04E
:1049900015FFE8B200F012FF5DE03248808845F272
:1049A0001051884220D12F49488900F013FF20126E
:1049B00000F004FF2B494989491C88B200F00AFF26
:1049C000E0B200F0FBFE2749888900F003FF2812BF
:1049D00000F0F4FE23498989491C88B200F0FAFEF0
:1049E000E8B200F0EBFE36E01E48808846F604018F
:1049F00088421DD11B488079012804D119480088BC
:104A0000401E001B84B21749488900F0E3FE2012C3
:104A100000F0D4FEE0B200F0D1FE1249888900F027
:104A2000D9FE281200F0CAFEE8B200F0C7FE12E07C
:104A30000C488079012804D10A480088401E001BD8
:104A400084B208494889214600F0DAFE0549888980
:104A5000294600F0D5FE0348008903490880881CD8
:104A6000068070BD1C290020FEFF076038B5134C7E
:104A70002468B4F90850854200DD2846B4F90C508A
:104A8000954200DA2A46824217DBB4F90A508D4279
:104A900000DD2946B4F90E509D4200DA2B468B42C8
:104AA0000BDB0093647C064B53F82440E3681D69DC
:104AB00013460A4601462046A84738BD7C0200201E
:104AC0009402002008210CF0B3BE000002480068E8
:104AD000806B0068704700007C020020024800687C
:104AE000C06B0068704700007C020020024809216A
:104AF0000068407C0CF09CBE7C02002009210CF078
:104B000097BE70B500252C462046FDF79BF900B1F5
:104B10006D1C641C022CF7DB284670BD024800683F
:104B2000407C00F003B800007C02002010B5FDF7C7
:104B300089F9002805D0C168CA6ABDE81040022181
:104B4000104710BDF8B515460E460124FDF77AF959
:104B5000009058B1C0680421426A6846904703003B
:104B600004D02A4631460098984700242046F8BDD4
:104B700003210CF05DBE03200CF0A2BE04210CF05A
:104B800057BE0000024801210068407C0CF050BE76
:104B90007C02002001210CF04BBE000002480221E3
:104BA0000068407C0CF044BE7C02002002210CF026
:104BB0003FBE00F001B800002DE9F041002809D007
:104BC000876837B10D4E716819B10468B4F5807FFC
:104BD00002DD0020BDE8F0813068844200DD04463B
:104BE000002507E057F82500FFF7F4FB716841F84E
:104BF00025006D1CA542F5DB7068EBE78C030020F7
:104C00000449054A0968497C52F821100969496834
:104C1000084700007C020020940200207047704783
:104C200010B500F01F01074A074BC0F34514C0F34D
:104C3000C4201B5D105C515C00EB032000EB0140C5
:104C400010BD0000C0940108E094010810B50A4CA2
:104C5000606860B920688000FCF7C0FE606040B109
:104C600004F10801054808600846FFF74BFA0020E8
:104C700010BD012010BD00008C0300202D1E010876
:104C80002DE9F041FFF73DFF0746002528E02846C3
:104C9000FDF7D8F818B32846FEF77AF8804628467C
:104CA000FFF710FF082817DC0F48104950F82500BF
:104CB0000069884210D02846FFF720FF06460024EE
:104CC00008E0E0B2FFF79CFF0246E1B2284600F0A0
:104CD000F9FB641CB442F4DB4046FEF759F86D1C46
:104CE000BD42D4DBBDE8F081940200204496010867
:104CF00010B50246012000E050430B1EA1F1010453
:104D0000E1B2F9D110BD000008B503480088009059
:104D1000BDF8000008BD0000000008602DE9F0416A
:104D200005460E4600240027A0464F480088A842AA
:104D300003DD4D484088B04202DC0020BDE8F08130
:104D40003146284600F032FB4748808849F241311D
:104D500088420BD04448808846F60401884205D03A
:104D60004148808845F21031884203D12E2000F05E
:104D700031FD0DE03C48808845F21051884204D155
:104D80004FF4385000F026FD02E0222000F022FD12
:104D90003548808849F22031884202D102200FF044
:104DA000B7F83248008800B1002402200FF0B0F8B4
:104DB0002E4804882C48808849F2413188420BD023
:104DC0002948808845F21031884205D026488088DD
:104DD00045F2105188420AD102200FF099F8234879
:104DE000B0F80080E7B24FF6FF7000EA07271E48D0
:104DF000808849F22531884216D01B48808844F2C9
:104E00003551884210D018488088091F88420BD03D
:104E1000154880884BF20551884205D01248808899
:104E20004CF20551884201D1204687E70E48808820
:104E300049F2413188420BD00B48808845F210314D
:104E4000884205D00848808845F21051884207D131
:104E5000E012C002B91240EA411040EAE8206DE7D2
:104E60002046FFF773FA69E71C290020000008605C
:104E70002DE9FF4F83B01646DDE910408B46C06830
:104E80004769426A7AB1012111A8904705000AD00A
:104E90000698CDE9000433465A4603991198A8476D
:104EA00007B0BDE8F08F57480068407CFDF776F901
:104EB0008246082801DC012005E0BAF1100F01DC70
:104EC000022000E004208046002596E04046B8F12C
:104ED000010F05D0022871D0B8F1040F25D17CE074
:104EE000BAF1090F21D2DFE80AF08605213F3F59C8
:104EF00059595900039815E001465A461198B84788
:104F0000C5F1070188404FF67F722178EA401140D1
:104F100001436D1C217004EBE50425F007000541F9
:104F200009F101008146B042E6DD64E0039817E034
:104F300001465A461198B8470621A1EB4501884021
:104F40006B004FF63F722178DA40114001436D1C2F
:104F5000217004EBA50425F00300054109F10100CF
:104F60008146B042E4DD46E0039813E001465A462C
:104F70001198B8470421A1EB850188402178AB0046
:104F80000F229A401140014321702C4485F0010505
:104F900009F101008146B042E8DD2CE0DDF80C901B
:104FA00007E001465A461198B847207009F10109F7
:104FB00044444846B145F4DD1DE0FFE7DDF80C90C0
:104FC00007E001465A461198B847208009F10109C7
:104FD00044444846B145F4DD0DE0DDF80C9007E0AF
:104FE00001465A461198B847206009F10109444426
:104FF0004846B145F4DD0BF1010B06998B457FF76F
:1050000065AF4DE77C02002001B5BDF8000000F05F
:10501000E1FB05200EF06AFAFFF776FE08BD0000FE
:10502000F0B5054600240027A948807901281ED143
:10503000A748808846F60401884218D0082D15D26A
:10504000DFE805F00406080A0C0E101206250DE034
:1050500007250BE0042509E0052507E0012505E00B
:10506000002503E0032501E0022500BF00BF9848AA
:10507000808849F24131884211D09548808846F6AF
:10508000040188420BD09248808845F21031884252
:1050900005D08F48808845F2105188427ED1082D76
:1050A0001CD2DFE805F00406090C0F12151800BF2A
:1050B00014E044F0800411E044F040040EE044F0B9
:1050C000C0040BE044F0200408E044F0600405E074
:1050D00044F0A00402E044F0E00400BF00BF7C48BC
:1050E000808845F21051884202D14FF4585700E0B1
:1050F00036277748808845F21031884207D07448B7
:10510000808845F21051884201D044F0080470486C
:10511000808846F60401884201D144F00204214609
:10512000384600F06DFB04F0200018B9684880791B
:1051300001280DD16648008865494988884214DAFB
:1051400063480688408862490880084646800CE02B
:105150005F4800885E494988884206DD5C480688C9
:1051600040885B490880084646805948808845F257
:105170001051884254D15649488900F02BFB002039
:1051800000F01CFB52494989491C88B200F022FBFF
:10519000002000F013FB4E49498900E06FE0891CB4
:1051A00088B200F017FB4A490988491EC1F30F2055
:1051B00000F004FB46494989C91C88B200F00AFB8B
:1051C00043490978491EC8B200F0F8FA4049888975
:1051D00000F000FB002000F0F1FA3D498989491CEC
:1051E00088B200F0F7FA002000F0E8FA384989891F
:1051F000891C88B200F0EEFA35494988491EC1F38E
:105200000F2000F0DBFA32498989C91C88B200F00E
:10521000E1FA2F498978491EC8B200F0CFFA55E06B
:105220002B49488900F0D6FA002000F0C7FA002088
:1052300000F0C4FA26490988491EC1F30F2000F086
:10524000BDFA23490978491EC8B200F0B7FA2049CF
:10525000888900F0BFFA002000F0B0FA002000F0CA
:10526000ADFA1B494988491EC1F30F2000F0A6FA88
:1052700017498978491EC8B200F0A0FA26E0082D27
:105280001CD2DFE805F004070A0D0F12151844F0D0
:10529000300413E044F0100410E044F020040DE06A
:1052A00000BF0BE044F0380408E044F0280405E0B7
:1052B00044F0180402E044F0080400BF00BF0327D4
:1052C00044F480542146384600F09AFAF0BD0000BC
:1052D0001C29002010B50E4C0E492068407C51F866
:1052E000200050B1C1680968042903D00068002873
:1052F000F8D102E008B1FCF780FD206800210166CA
:1053000000F108014161BDE8104000F02FB8000035
:105310007C0200209402002001490968496808477E
:1053200088030020044909680A7C520701D5C96B2B
:1053300000E0896B086070477C0200207CB5094C56
:1053400005462068417C084850F82100C1680A6B76
:105350006946904720686A4629460830FEF7F1FD05
:105360007CBD00007C0200209402002004480168FB
:1053700004484A7C083150F82200C268126B10477A
:105380007C0200209402002001490968096808474E
:1053900088030020044909680A7C520701D5896BFB
:1053A00000E0C96B086070477C02002030B50446FD
:1053B0000D464048808849F24131884205D03D4839
:1053C000808845F21031884214D13A49488900F06A
:1053D00001FA201200F0F2F9E0B200F0EFF93549DD
:1053E000888900F0F7F9281200F0E8F9E8B200F037
:1053F000E5F95DE02F48808846F6040188421DD11A
:105400002C488079012804D12A480088401E001BBE
:1054100084B22849488900F0DDF9201200F0CEF965
:10542000E0B200F0CBF92349888900F0D3F92812C3
:1054300000F0C4F9E8B200F0C1F939E01D488088F5
:1054400045F21051884220D11A49488900F0C2F92A
:10545000201200F0B3F917494989491C88B200F0BD
:10546000B9F9E0B200F0AAF91249888900F0B2F95E
:10547000281200F0A3F90F498989491C88B200F06D
:10548000A9F9E8B200F09AF912E00A4880790128F7
:1054900004D108480088401E001B84B20549488991
:1054A000214600F0ADF903498889294600F0A8F9A2
:1054B00030BD00001C29002001490968896808479F
:1054C00088030020F8B515460E460124FCF7BAFC07
:1054D000009058B1C0681021426A684690470300A6
:1054E00004D02A4631460098984700242046F8BD4B
:1054F000F8B515460E460124FCF7A4FC009058B1FF
:10550000C0680321426A68469047030004D02A46D7
:1055100031460098984700242046F8BDF8B5154656
:105520000E460124FCF78EFC009058B1C0680B2198
:10553000426A68469047030004D02A4631460098E4
:10554000984700242046F8BDF8B515460E460124BC
:10555000FCF778FC009058B1C0680A21426A68469E
:105560009047030004D02A4631460098984700240B
:105570002046F8BD2DE9F84F0746884616461C46DA
:10558000C3462046E31704EB5373DB1021464FEA72
:10559000E47C04EB5C7C4FEAEC0CA4EBCC0CBCF19F
:1055A000000F02D04FF0010C01E04FF0000C6344FB
:1055B000224604EBD27C4FEA6C0C03FB0CF3DBB20B
:1055C0000093A6F12000C6B2002556E00C2C07D1AE
:1055D00006EB46002B4901EB800010F8059013E024
:1055E000102C05D1284800EB061010F805900BE0B0
:1055F000182C07D106EBC600244901EB800010F8F7
:10560000059001E0BDE8F88F4FF0000A2FE009F0A7
:10561000800030B11E48028841463846FFF798F9AD
:1056200007E00A9828B91B48028841463846FFF728
:105630008FF94FEA49604FEA106908F101001FFA3B
:1056400080F815480088B84200DCDBE7A8EB0B00C7
:10565000A04208D1D846781C87B20F480088B842CB
:1056600000DCCFE706E00AF1010000F0FF0ABAF122
:10567000080FCCDB00BF681CC5B200988542A5DBD3
:1056800000BFBFE7084A01087C4E01086C540108BE
:1056900000000020020000201C2900202DE9FF4FFF
:1056A00081B0074691461E460E9D4FF0000A002429
:1056B00039E0301B401EC1B20A20FFF719FBB9FBCD
:1056C000F0F00A21B0FBF1F201FB1208BAF1000F71
:1056D00016D1701EA04213DDB8F1000F0ED10020CC
:1056E000AB4605EBDB71491001FB0471009088B2F9
:1056F0002B4620220299FFF73DFF12E04FF0010AEE
:105700000020AB4605EBDB71491001FB04710090F2
:1057100088B208F13001CAB22B460299FFF72AFF7E
:1057200000BF601CC4B2B442C3DB05B0BDE8F08F5B
:105730002DE9F84704460D4690469946DDE909678C
:1057400004F0FF0A08EB04001FFA80F809EB0500DB
:105750001FFA80F916E0444502DB5446A81985B2C9
:105760004D4500DB14E0002000903A78334629468E
:105770002046FFF7FFFE304606EBD07104EB6101D7
:105780008CB27F1C38787E2802DC38782028E2DA58
:1057900000BFBDE8F887000010B5074C2068006B1B
:1057A000FEF718FEFFF7F6FD2068406BFEF712FECD
:1057B000BDE81040FFF7B6BD7C02002001B5BDF882
:1057C00000000090BDF800000149088008BD0000FD
:1057D0000000086001B5BDF800000090BDF80000B1
:1057E0000149088008BD0000FEFF076002480089EB
:1057F00002490880704700001C290020FEFF076056
:1058000003B5BDF80000024A1080901C01800CBD59
:10581000FEFF076008B500231A4665496548FCF796
:105820008DFA6548808845F21051884239D1624826
:10583000428801880020FFF771FE5F484288018896
:105840000020FFF781FE5C48807998B940F2B310E0
:1058500000234FF4F072194600901846FDF7C0FB84
:1058600040F21F300023421C194600900120FDF732
:10587000B7FB9BE00620FDF7B9FC40F2B310002314
:105880004FF4F072194600901846FDF7A9FB40F25C
:105890001F300023421C194600900120FDF7A0FB99
:1058A00084E04548808845F21031884205D042485E
:1058B000808846F6040188423BD13F4842880188EF
:1058C0000020FFF72BFE3C48428801880020FFF7AC
:1058D0003BFE39488079A0B9E22040F65B734FF473
:1058E000A072002100900846FDF77AFBC42040F624
:1058F000ED634FF4F072002100900120FDF770FB82
:1059000054E00620FDF772FCE22040F65B734FF492
:10591000A072002100900846FDF762FBC42040F60B
:10592000ED634FF4F072002100900120FDF758FB69
:105930003CE02148428801880020FFF7EFFD1E4827
:10594000428801880020FFF7FFFD1B488079B8B925
:105950000120FDF74BFC40F63F700090164802888E
:105960009B2300210846FDF73BFB40F65F7000904B
:1059700011484288BC2300210120FDF731FB15E0CE
:105980000720FDF733FC40F63F709B23F0220021F7
:1059900000900846FDF724FB40F65F70BC234FF4EF
:1059A000A072002100900120FDF71AFB08BD000045
:1059B0002C630108F86101081C29002010B503467A
:1059C0001446012901D1002010BD4FF0FF3200BF65
:1059D00000BF1046F8E700002DE9FF4F8DB01746D5
:1059E000674ADDF870901E9E209812681D460024BC
:1059F0008AB11D9B1F98CDE90293CDE90460DDE9D2
:105A00001A03CDE9000314682B463A460D98A047C7
:105A100011B0BDE8F08F0D9A01EB050802EB070C01
:105A2000DDE91A231A43A8F10108ACF1010C012A9F
:105A300006D0C9F108004FF0000B029105909CE0E0
:105A4000504A1268B2F90A40631A002B06DDED1ABB
:105A5000002DDDDD21461D9C03FB0466B2F90E30EE
:105A6000A8EB0303002B02DDED1A002DD0DDB2F907
:105A70000C30ACEB0303002B00DDFF1A0D9B1C1A4E
:105A8000B2F90830A3420DDDA3EB040C0CEB0003CC
:105A9000181A20F007000444A7EB0C0706EBE306F6
:105AA00003F00700002FB3DD1F9BDDF874C0CDE9C4
:105AB000040303968DE82012527C33483B4650F88D
:105AC0002200C26855680A462146A847A0E71B99EC
:105AD0000298084409902B49401E03900A68B2F9C5
:105AE0000A30834243DCB2F90E10029881423EDB59
:105AF0004FF0000A0D980B96D046009035E000BF9D
:105B0000BAF1000F05D10B984FF0080A10F8014BBD
:105B10000B900599AAEB090A34FA01F004FA09F48A
:105B2000E4B204D117490968097C890717D41549DB
:105B30000968C96B0A680C921F9A0AB152F82000D2
:105B4000086000991A980A180846DDE90213521EE7
:105B5000FEF78CFF0B490C980968C96B0860009927
:105B60001A9808F1010808440090B845C8DB099864
:105B700002901D980BF1010B0644AB45A7DB47E7EC
:105B8000A80200207C02002094020020002818D0E7
:105B9000410817D0810817D0C10817D0010917D0C4
:105BA000410917D0010A17D0410A17D0010B15D0AF
:105BB000C10B13D0010C11D0810C11D0000E11D0EB
:105BC0002020704701207047022070470320704753
:105BD0000420704705207047082070471020704748
:105BE000122070471820704700B50022FFF7CEFF43
:105BF000012804D0811E062903D808220BE00122C7
:105C000009E0A0F10901072901D8102203E01138A9
:105C10000F2800D82022104600BD00001CB501212D
:105C2000084601F0B1FA2220009001208DF804000E
:105C300000208DF8060003208DF8050001208DF866
:105C4000070069460348FBF75FFC22210148FBF788
:105C5000C6FC1CBD0000024000BFFEE7704700000C
:105C600070B5002100230F22C4781CB3174C2468A0
:105C700004F4E064C4F5E064C4F30721C1F1040452
:105C8000E3B20A4144789C40E1B284781440214355
:105C90000C07210E0E4C05786155047804F01F05A1
:105CA0000124AC4005786D11AD0005F1E025C5F883
:105CB000004109E0047804F01F050124AC40054DC3
:105CC0000678761145F8264070BD00000CED00E026
:105CD00000E400E080E100E002490143024A116073
:105CE000704700000000FA050CED00E010B500F070
:105CF00013F800F0FDFE00F025FF00F045FF00F076
:105D0000CDFE00F08DFE00F0D9FF00F07DFF00F029
:105D1000A3FF00F002F810BD7047704706480078F6
:105D2000012808D105480078FF2804D203480078EC
:105D3000401C024908707047E6000020D90000208E
:105D400010B500241A480078012830D1FAF7BCFABF
:105D500004461848007820B116480078401E1549BE
:105D6000087014480078F8B913480078E0B901F0D9
:105D700007F812481249097850F8210011490860C3
:105D80000F4800781049097888420DD00D48006806
:105D9000806B401C0B49096888630C480068401CF4
:105DA0000A490860FAF7B0FA2046FAF791FA10BDEE
:105DB000E6000020D9000020DA000020D073012086
:105DC000DC000020F4000020DB000020C0000020E8
:105DD00070B5054600260F48007808B1002070BD58
:105DE000FAF772FA06460C480468006820B10A48BF
:105DF00000684068084908603046FAF769FA3CB123
:105E000001202070002020816560204600F0FAFD0E
:105E10002046E4E7D9000020C400002010B500248B
:105E20000B480078012811D1FAF74EFA04460948C8
:105E3000007840B908480078FF2804D20648007866
:105E4000401C054908702046FAF742FA10BD0000D0
:105E5000E6000020D9000020DA00002010B5002460
:105E600013480078012821D1FAF72EFA0446114888
:105E70000078C0B10F480078401E0E4908700846EF
:105E8000007860B90C48007828B92046FAF720FA63
:105E900000F03CFF0AE02046FAF71AFA06E0204636
:105EA000FAF716FA02E02046FAF712FA10BD0000DF
:105EB000E6000020DA000020D900002070B5054679
:105EC00000260F48007808B1002070BDFAF7FCF9F1
:105ED00006460C480468006820B10A48006840681B
:105EE000084908603046FAF7F3F93CB10320207006
:105EF000258100206060204600F084FD2046E4E714
:105F0000D9000020C40000202DE9F04105460E46CE
:105F1000144600272878032803D001202070BDE80C
:105F2000F0813148007810B102202070F7E72F4847
:105F3000007810B10D202070F1E7FAF7C5F9074697
:105F4000288940B12889401E28813846FAF7C0F9CF
:105F500000202070E3E72648006890F8300040F009
:105F600001002349096881F83000002020490968B0
:105F700081F831001E480068C662284600F004FD22
:105F80003846FAF7A5F900F0C1FEFAF79DF9074681
:105F90001748006890F8310020B1012809D0022884
:105FA00006D102E0002020700BE00E20207008E0F7
:105FB00000BF29460E48006800F0D0FC0A2020707F
:105FC00000BF00BF00200A49096881F83000084975
:105FD000096881F8310006490968C8613846FAF74E
:105FE00077F900BF9BE70000D9000020DA0000200D
:105FF000EC00002070B5044600252078032801D06D
:10600000012070BDFAF760F90546A07A60B100235F
:1060100001221946204600F05FFC2846FAF758F99D
:1060200000F074FE0020ECE720894FF6FF718842F3
:1060300007D22089401C20812846FAF749F9002020
:10604000DFE72846FAF744F93320DAE710B50B48C2
:10605000007890B900F094FE09480078094908706A
:1060600009480749097850F821000849086008469E
:10607000006807490860FAF72EF910BDE600002015
:10608000DC000020DB000020D0730120F4000020A1
:10609000EC00002010B50024022000F02BFBFAF7E2
:1060A00013F9044600200B4908602046FAF710F95E
:1060B000642000F01FFBFAF707F904460548006862
:1060C000054908600120054908702046FAF700F9E3
:1060D00010BD0000E8000020D0000020D800002003
:1060E000704700002DE9FE4F06460F4690461C46BD
:1060F0004FF00009FAF7E8F881461F48007828B108
:106100004846FAF7E5F83C20BDE8FE8F1B4850F8FA
:10611000240060BB0120194941F824004846FAF7E1
:10612000D7F8002342463946304600F0B5F982469A
:1061300000200090019003460246514602902046FE
:1061400000F034FE054635B90D48007801280CD121
:1061500000F0DCFD09E0FAF7B7F8814600200749B6
:1061600041F824004846FAF7B3F82846CCE74846F9
:10617000FAF7AEF82820C7E7D9000020D073012035
:10618000E60000202DE9F04F85B081468A4693460F
:106190001C46DDE90F78129D00200390FAF794F871
:1061A00003902348007830B10398FAF791F83C2027
:1061B00005B0BDE8F08F1F4850F8240088BB0120CF
:1061C0001C4941F824000398FAF782F82A46414610
:1061D000384600F007FF2B465A465146484600F025
:1061E0005BF904901198CDE9008002953A4620466B
:1061F0000E9B049900F0DAFD064636B90E48007889
:1062000001280CD100F082FD09E0FAF75DF8039057
:106210000020084941F824000398FAF759F830465D
:10622000C6E7FFE70398FAF753F82820C0E7000015
:10623000D9000020D0730120E60000207047000044
:106240002DE9F041054600274748007810B140206D
:10625000BDE8F0813F2D01D13E20F9E7FAF734F88F
:106260000746FF2D03D14148006890F8325040485E
:1062700050F8254024B93846FAF72AF84320E7E7D2
:10628000012C04D13846FAF723F83D20E0E714F852
:10629000340F3849085C617888432178354A505476
:1062A00014F834091146085C30B994F836103248B5
:1062B0000078884330490870E06918B12046E169E8
:1062C00000F04CFB666A16B1304600F0D5FB0020AA
:1062D000E06284F8300084F8310028480078FF2814
:1062E00004D226480078401C244908703846F9F743
:1062F000EFFF00F0F0FAF9F7E7FF07461F480078D4
:1063000020B11E480078401E1C490870204600F04D
:1063100041F81B480078401E1949087000201449B4
:1063200041F82500A06930B90020616988611549EC
:106330006069086005E0D4E905014861D4E9051009
:1063400088611148006860610F4804600FA0E06434
:106350003846F9F7BDFF0E480078012801D100F05A
:10636000D5FC002074E70000D9000020EC000020DC
:10637000D0730120DE000020DD000020DA000020C4
:10638000E7000020F8000020F00000203F0000009F
:10639000E6000020704770472DE9F04106460F46A1
:1063A00014464FF000081548007818B112202070EC
:1063B000BDE8F081F9F788FF8046FF2E03D1104831
:1063C000006890F832600F4850F826502DB94046CA
:1063D000F9F77EFF43202070EAE7012D05D1404602
:1063E000F9F776FF43202070E2E7EF644046F9F7C3
:1063F0006FFF0020207000BFDAE70000D900002006
:10640000EC000020D0730120704770472DE9F04761
:1064100007460D464FF0000A002028606860F9F733
:1064200053FF8246FF2F03D11948006890F832705D
:10643000184850F827402CB95046F9F749FF432037
:10644000BDE8F087012C04D15046F9F741FF432005
:10645000F6E7207C00F0010020B95046F9F738FF3C
:106460004520EDE70026D4F80C90D4F8088050467B
:10647000F9F72EFF00E0761C58F8041B0029FAD02B
:10648000B0002860A9EB0600800068600020D7E714
:10649000EC000020D073012070B5044610460026A1
:1064A000051F28462E604FF48056051F28462E6093
:1064B0001526051F28462E601426051F28462E6027
:1064C0001326051F28462E601226051F28462E601B
:1064D0001126051F28462E601026051F28462E600F
:1064E0000926051F28462E600826051F28462E600F
:1064F0000726051F28462E600626051F28462E6003
:106500000526051F28462E600426051F28462E60F6
:106510000326051F28462E600226051F28462E60EA
:106520000126051F28462E600026051F28462E60DE
:106530004FF080750560051F28462C60414E051FF1
:1065400028462E604FF01236051F28462E604FF069
:106550000336051F28462E604FF00236051F2846D9
:106560002E607610051F28462E60051F28462960DC
:106570003126051F28462E603026051F28462E602E
:106580002926051F28462E602826051F28462E602E
:106590002726051F28462E602626051F28462E6022
:1065A0002526051F28462E602426051F28462E6016
:1065B0002326051F28462E602226051F28462E600A
:1065C0002126051F28462E602026051F28462E60FE
:1065D0001926051F28462E601826051F28462E60FE
:1065E0001726051F28462E601626051F28462E60F2
:1065F0004FF01136051F28462E604FF01036051F4C
:1066000028462E604FF00936051F28462E604FF0B1
:106610000836051F28462E604FF00736051F28460E
:106620002E604FF00636051F28462E604FF00536C7
:10663000051F28462E604FF00436051F28462E60A1
:1066400070BD0000096F00082DE9F04105464FF0CC
:106650000008F9F739FE8046FF2D05D12048006873
:1066600090F83250012608E01D48006890F832008A
:10667000A84201D1012600E000261A4850F8254022
:106680002CB94046F9F724FE4820BDE8F081012CE2
:1066900004D14046F9F71CFE4320F6E794F8347025
:1066A0001148C05D94F8351088430F49C855084615
:1066B000C05D30B994F836100C48007888430B4917
:1066C000087094F8300040F0080084F8300040462C
:1066D000F9F7FEFD012E01D100F018FB0020D4E7F0
:1066E000EC000020D0730120DE000020DD0000203F
:1066F0007047000070B5054600261748007800B1C5
:1067000070BD1648007800B1FAE71DB3F9F7DCFD5B
:1067100006461348006890F834401248005D10495E
:10672000096891F8351088430E4908550846005D00
:1067300040B90B48006890F836100B480078884341
:106740000949087006480068C5623046F9F7C0FD7F
:1067500000F0DCFA00BFD3E7D9000020DA00002007
:10676000EC000020DE000020DD0000202DE9F041DB
:1067700005460E4617461C461248007810B15520B3
:10678000BDE8F0811048007808B13220F8E74FF4F6
:106790007A7060434FF47A71B0FBF1F14FF46160AD
:1067A0006843C6EB061200EB8200384400EB40025F
:1067B000C2EBC01001EBC0084046FFF79BFF002072
:1067C000DEE70000D9000020DA00002070B50025C7
:1067D000F9F77AFD0546034804682846F9F778FD7D
:1067E000204670BD0401002070B5002600F072F84C
:1067F000F9F76AFD064631480068401C2F490860D9
:106800003046F9F765FD2E480078012853D12D4810
:10681000007820B1012804D0022809D103E0012525
:106820000BE0002509E0012501202649087004E05D
:10683000012500202349087000BF00BF05B970BDC5
:106840002148046833E0F9F73FFD0646E06A50B39B
:10685000E06A401EE062E06A28BB94F8300000F075
:10686000370040B114F8300F00F0C800207001204C
:106870006070303C02E0002084F8310094F8300071
:1068800000F0080078B93434A0781049097808433A
:106890000E49087020780E49085C6178084314F8A6
:1068A00034190B4A505464693046F9F711FD94F8D5
:1068B00032003F28C7D100BFC1E70000040100201B
:1068C000E6000020FC000020F8000020DD00002091
:1068D000DE000020704770472DE9F04F05460F4657
:1068E00090469946A87A19490E5C05F10B00805D27
:1068F00011F800B00BEBC60000F0FF0A144850F886
:106900002A4000202034E0602760207C20EA080034
:10691000207484F81190207C203C00F0080068B9B5
:1069200094F836000B49097808430A4908700A4868
:10693000805D94F83510084307498855294620465C
:1069400000F00CF85046BDE8F08F00002C62010802
:10695000D0730120DD000020DE00002010B590F88B
:10696000342001F10B039B5C90F83540A34301F107
:106970000B04A35423469B5C23B98B7A90F83640D2
:10698000A3438B7210BD000010B51B4A1268D06182
:10699000194A126892F8343000F10B02D25C164B9F
:1069A0001B6893F835301A43134B1B6893F8344037
:1069B00000F10B031A55827A0F4B1B6893F836309F
:1069C0001A4382720C4A126892F834100B4A525CD5
:1069D000094B1B6893F835309A43084B5A541A46B2
:1069E000525C42B9044A126892F83630044A12786E
:1069F0009A43034B1A7010BDEC000020DE0000200B
:106A0000DD000020014600228A72002005E00023FC
:106A100001F10B021354421CD0B20828F7D370477F
:106A20002DE9F0415021114800F03EF900250DE01C
:106A3000681C86B20D4800EB051400EB0617002019
:106A4000207067600AA0E060681C85B2042DEFD357
:106A5000064800EB051400202070606004A0E06090
:106A6000024804490860BDE8F0810000806F012001
:106A70003F000000C800002030B501464A680868A1
:106A80002AB9CC68606028B10025456002E010603A
:106A900000B142608B6800255D6230BD70B5C821D1
:106AA000114800F001F900230FE0581C85B203EBF8
:106AB00083000D4901EB800405EB850001EB8006A6
:106AC000002020706660581C83B2092BEDD303EBC5
:106AD0008300054901EB80040020207060600846B7
:106AE0000249086070BD0000B86E0120C40000209B
:106AF00000200A4908600A4908700A4908700A49D2
:106B000008700A4908700A4908600A4908600A4979
:106B100008600A4908600A490870704704010020AB
:106B2000D9000020DA000020E7000020E600002065
:106B3000C0000020E8000020D4000020D000002089
:106B4000D800002000210A4A1170002004E0002132
:106B5000084A1154411CC8B20828F8D30021064A3B
:106B60001170064A1170064A1160064A116070479A
:106B7000DD000020DE000020DB000020DC00002023
:106B8000F4000020EC00002070B54FF47C7119482F
:106B900000F08AF84FF48071174800F085F800245F
:106BA00013E0601CC5B2C4EBC40000EB4000114907
:106BB00001EB8003C5EBC50000EB400001EB800654
:106BC0005E610EA0D864601CC4B20B2CE9D3C4EB88
:106BD000C40000EB4000074901EB8003002058612E
:106BE00006A0D864002006490860024805490860EC
:106BF00070BD0000D0740120D07301203F00000060
:106C0000F8000020F000002000B587B0032000212C
:106C100080220A4BCDE90132CDE903104FF6FF7017
:106C20003F23074A00900748FFF7ACFA06AA06A1DF
:106C30003F20FFF7B1FB07B000BD0000D07101207D
:106C4000CC730120E16E000875432F4F532D494945
:106C50002049646C6500000000B587B00320002166
:106C600080220A4BCDE90132CDE903104FF6FE70C8
:106C70003E23074A00900748FFF784FA06AA06A1B8
:106C80003E20FFF789FB07B000BD0000D06F012058
:106C9000CC710120216F000875432F4F532D4949B6
:106CA000205374617400000004E0002200F8012BFE
:106CB0004A1E91B20029F8D1704700002DE9F04139
:106CC00078211048FFF7F0FF00240DE0601C86B229
:106CD00004EB44000B4901EBC00506EB460001EB59
:106CE000C0072F60601C84B2042CEFD304EB440077
:106CF000044901EBC00500202860084602490860ED
:106D0000BDE8F081C07801200001002010B500240A
:106D1000F9F7DAFA044613480078F8B9124800780F
:106D2000E0B900F02DF811481149097850F8210018
:106D3000104908600E4800780F49097888420DD044
:106D40000C480068806B401C0A49096888630B483E
:106D50000068401C09490860F9F7CFFA2046F9F7A6
:106D6000B7FA10BDD9000020DA000020D07301204E
:106D7000DC000020F4000020DB000020C000002028
:106D80000649074A1278885C0649095C034A515C47
:106D900001EBC001044A1170704700002C62010829
:106DA000DD000020DE000020DC0000202DE9F84F8F
:106DB00005460F4690469946DDE90AAB0020009053
:106DC000F9F782FA00903F480468002C74D0183418
:106DD00054F8040C3B4908600098F9F779FA44F834
:106DE000187CA576002020766076606144F814BC9B
:106DF00044F80CAC44F8108C0C9824F8080C24F8D7
:106E0000069C0020E077E810207705F00700E07688
:106E1000217F01208840A077E17E012088406077B3
:106E200000206060E060A0602062A0626062E062BA
:106E3000206325A06063183C002606E0002104F1D1
:106E4000500040F82610701CC6B2002EF6D0204626
:106E5000FFF746F92046FFF7F1F9F9F735FA009008
:106E60001A4840F825401A48006860610020A06177
:106E70001748006810B1164800688461144804601F
:106E80003434A078134909780843124908702078EF
:106E90001149085C6178084314F834190E4A5054BB
:106EA0000E480078401C0D4908700098F9F710FA58
:106EB0000020BDE8F88FFFE70098F9F709FA4220B3
:106EC000F7E70000F00000203F000000D073012031
:106ED000F8000020DD000020DE000020E700002098
:106EE000002400BF00BFF9F7EFF904460548006829
:106EF000401C044908602046F9F7EAF9FFF74BFA0D
:106F0000F1E70000E800002010B504480068FFF732
:106F10007BFAFF20FFF794F910BD0000EC00002081
:106F2000002400BF02E0C820FFF7E4FB1948007806
:106F30000028F8D0184800686421B0FBF1F0164929
:106F400008600846006828B9002014490870FF202E
:106F5000FFF77AFB00BFF9F7B7F90446104800685D
:106F60001049086000200E4908602046F9F7B0F982
:106F70000C48006808490968B0FBF1F0C0F16400F2
:106F800006490870FFF741FA00F00EF86420FFF799
:106F9000B1FBE0E7D8000020D0000020CC000020AA
:106FA000E8000020D40000207CB5002514E06946EC
:106FB0002846FFF72BFA064666B9094850F82540DF
:106FC00044B1012C06D0D4E9020100EB81006064D9
:106FD0000198A064681CC5B23F2DE8D97CBD0000B3
:106FE000D073012002F0010343B102F002032BB180
:106FF00002E0491E002308C00029FAD170470000B2
:107000000EB5002002900121062000F0BDF80220FC
:10701000009000208DF8040001208DF807006946DB
:107020001B48FAF771FA4FF40050009001208DF8D8
:10703000040003208DF8050000208DF80600694645
:107040001448FAF761FAF9F785FD00201249086043
:1070500064200CF023FA01201049C1F8B402642026
:107060000CF01CFA012000F052F8012202A94FF4A2
:10707000506000F01BF89DF8081009A0F9F78AF994
:107080009DF80800802801D100200EBD0120FCE7FA
:107090000004024000080240B402414200004142A4
:1070A0004354502049443A25780D0A002DE9F04117
:1070B00005460F461646F9F709FEB220F9F7D4FD4A
:1070C000F9F74EFE2812F9F7CFFDF9F749FEE8B2BD
:1070D000F9F7CAFDF9F744FEF9F7F8FDB320F9F71F
:1070E000C3FDF9F73DFE00240BE0711EA14201D063
:1070F000012100E000210846F9F782FD3855601CA7
:10710000C4B2B442F1DBF9F707FEBDE8F08138B54F
:107110000446002000900CB18020009001226946B6
:107120004FF4506000F001F838BD2DE9F0410446FD
:107130000E4617464FF00008F9F7C8FDB220F9F7E0
:1071400093FDF9F70DFE2012F9F78EFDF9F708FE11
:10715000E0B2F9F789FDF9F703FE00250BE0705D59
:10716000F9F782FDF9F7FCFD8046B8F1000F00D079
:1071700003E0681CC5B2BD42F1DB00BFF9F7CCFDEE
:107180004046BDE8F081000029B1064A126802437A
:10719000044B1A6004E0034A12688243014B1A60F0
:1071A000704700003038024029B1064A1268024395
:1071B000044B1A6004E0034A12688243014B1A60D0
:1071C000704700003838024029B1064A126802436D
:1071D000044B1A6004E0034A12688243014B1A60B0
:1071E000704700004438024029B1064A1268024341
:1071F000044B1A6004E0034A12688243014B1A6090
:107200007047000024380240F0B50021002200241D
:10721000022500260223324F3F6807F00C0121B1FE
:10722000042905D0082937D105E02E4F076036E044
:107230002D4F076033E02A4F3F1F3F68C7F380564A
:10724000274F3F1F3F6807F03F036EB1264FB7FB44
:10725000F3F7DFF88CC0ACF1040CDCF800C0CCF321
:10726000881C07FB0CF40CE01E4FB7FBF3F7DFF8AC
:1072700070C0ACF1040CDCF800C0CCF3881C07FB38
:107280000CF4174F3F1F3F68C7F301477F1C7D0079
:10729000B4FBF5F7076002E0124F076000BF00BFC4
:1072A0000F4F3F6807F0F0010909104F7A5C07683B
:1072B000D74047600A4F3F6807F4E051890A0B4FF7
:1072C0007A5C4768D7408760054F3F6807F46041A4
:1072D000490B064F7A5C4768D740C760F0BD000095
:1072E000083802400024F40000127A005E000020FA
:1072F0007CB50546002400200090019000F0E8F8DD
:1073000000F0007010B10E2420467CBD3D49098874
:1073100088B26946FAF70AF804460CB12046F4E749
:10732000012D36D1019800F4802000282ED0354858
:107330000088000434490860372048604020886095
:107340000020C860A8020861084600F0FFF8372056
:10735000F9F74AFD04460CB12046D6E702202A4937
:10736000086006204860402088600020C8604FF414
:1073700080600861084600F0E9F80620F9F734FD5E
:1073800004460CB12046C0E72046BEE7252420462F
:10739000BBE7019800F4803078B31A4800880004F5
:1073A0001949086037204860402088600020C86084
:1073B0004FF480600861084600F0C8F83720F9F7FC
:1073C00013FD04460CB120469FE700200E490860DB
:1073D00006204860402088600020C8604FF480602C
:1073E0000861084600F0B2F80620F9F7FDFC0446F3
:1073F0000CB1204689E7204687E7FFE72524204691
:1074000083E700005000002048290020014908605F
:1074100070470000382C01400149086070470000A7
:10742000382C01400149086070470000A0802542C7
:107430000146034A106820F0FF00084310607047BF
:10744000042C014001490860704700008C852542EA
:1074500000210B4B02681A601B1D42681A601A1D3E
:10746000116821F0F701D0E902231A4303691A4396
:1074700043691A431143024A083211607047000001
:10748000242C014010B50121C802FFF7ADFE0021F8
:107490004FF40060FFF7A8FE10BD0000014800682F
:1074A000C0B27047102C014001460020034A126808
:1074B0000A400AB1012000E000207047342C01404E
:1074C0000248006800F0030070470000002C0140F3
:1074D00008B501460020009002480844009000983A
:1074E000006808BD142C014010B500F049FC10BD27
:1074F00029B1064A12680243044B1A6004E0034AA9
:1075000012688243014B1A60704700003C2C014016
:1075100000210A4A116847F6FF629143027D8368A1
:107520001A4343681A43C3681A4303681A4303693A
:107530001A431143014A116070470000042C0140B6
:107540000148006870470000802C01400021094B71
:1075500002681A601A1D11686FF30A01D0E901234D
:107560001A43C3681A4303691A431143014A121D9F
:1075700011607047082C0140014908607047000005
:10758000002C014070B590B004460E46154600BF71
:107590001A48F9F7B8FD0028FAD11848F9F7FCFCA9
:1075A0004FF000600190164802900394049500206B
:1075B000059006904FF4806007908000089080004E
:1075C000099000200A904FF440300B9004200C905A
:1075D00003200D904FF400000E9080100F9001A931
:1075E0000648F9F79BFD20210448F9F781FD0121A8
:1075F0000248F9F7C5FC10B070BD000058640240A5
:10760000802C014070B504460025204800780328EE
:1076100002D12725284670BD1C48007838B11B4888
:107620000078012803D01948007802282CD1B4F53D
:10763000805F02D127252846EDE7B4F5006F13D10E
:107640000120FFF755FE0546F5B9002010490875E1
:107650000860486088604FF40060C86000200861DE
:107660000846FFF755FF0FE00020FFF741FE0546F3
:1076700055B9002006490875086048608860C860F0
:1076800008610846FFF744FF2846C4E74C00002085
:1076900030290020F0B5014600200022BE4B1B78A7
:1076A00081F85630BD4B1B88A1F85430BC4B1B6889
:1076B0001A0E93090B70C2F383034B7002F003039D
:1076C0008B70B74B1B68C3F30742CA70B44B1B885F
:1076D000C3F307220A71B24B1A784A715B681A0E1B
:1076E0001301CB80AE4B5B68C3F30742CB8843EA00
:1076F0001213CB8002F00F030B72A94B9B88C3F3CC
:107700000722D3094B72C2F380138B72C2F340136A
:10771000CB72C2F300130B7300234B739E4B1B7889
:107720003BB19D4B1B78012B03D09B4B1B78032B4C
:107730004FD193071B0D0B61994B1A790B6943EAE3
:1077400082030B61964B9B681A0E0B6943EA9213F6
:107750000B61C2F3C2030B7502F007034B75904B2C
:107760009B68C3F3074253098B75C2F38203CB7541
:1077700093075B0F0B768A4B1B89C3F307220B7EA3
:1077800043EAD2130B760B695B1C0024C1E9123467
:107790000B7ED1E912569B1C012404FA03F3DC177B
:1077A000A5FB037C06FB03C305FB0433C1E912738D
:1077B0000C7A0123A3400B650024D1E912650B6DFF
:1077C000A6FB037C05FB03C306FB0433C1E912736C
:1077D0002EE0714B1B78022B2AD1714B1A7993063C
:1077E0009B0A0B616E4B9B681A0E0B6943EA0223DE
:1077F0000B616B4B9B68C3F307420B6913430B612F
:10780000674B1B89C3F307220B695B1C4FF40074A1
:10781000A3FB04464FF480630025A4FB037C06FB16
:1078200003C304FB0533C1E912734FF400730B6506
:10783000C2F3801301F8193F93065B0E4B70584B4F
:107840001A7A4B7843EAD2134B7002F07F038B70A5
:10785000534BDB681A0ED309CB70C2F341130B7183
:10786000C2F382034B7193071B0F8B714C4BDB6888
:10787000C3F307428B7943EA92138B71C2F340132F
:10788000CB7100230B7202F001034B72444B9B89B6
:10789000C3F30722D3098B72C2F38013CB72C2F3F6
:1078A00040130B73C2F300134B73C2F381038B734A
:1078B00002F00303CB733A4B1A7B53080B7401237A
:1078C0004B74384B1B681A0ECA741939354B1B6838
:1078D000C3F307421402CC85324B1B88C3F3072243
:1078E000CB8D1343CB852F4B1A7814060C635B6842
:1078F0001A0E0B6B43EA02440C632A4B5B68C3F31A
:1079000007420B6B43EA02240C63264B9B88C3F3AC
:1079100007220B6B13430B63224B1A7934235A54FF
:10792000204B9B681A0E35235A541E4B9B68C3F399
:10793000074214068C631B4B1B89C3F307228B6B16
:1079400043EA02448C63174B1A7A8B6B43EA022496
:107950008C63144BDB681A0E8B6B13438B63114BD8
:10796000DB68C3F307423C235B5C43EA12143C230D
:107970005C5413071C0DCC870A4B9B89C3F3072269
:10798000CB8F1343CB87074B1A7B540840235C549F
:10799000012441235C54F0BD4C0000205000002025
:1079A00074290020842900203EB5002401213E488E
:1079B000FFF7EAFB0121C802FFF706FC0121C8021C
:1079C000FFF712FC4FF47C50019002208DF8080064
:1079D0008DF8090001208DF80B0001A93348F9F753
:1079E00093FD0420019001A93148F9F78DFD0C2287
:1079F00008212E48F9F7D0FD0C2209212B48F9F770
:107A0000CBFD0C220A212948F9F7C6FD0C220B21D7
:107A10002648F9F7C1FD0C2211462448F9F7BCFDB0
:107A20000C2202212248F9F7B7FD00214FF4006033
:107A3000FFF7DAFB00F00AFDFFF724FD31208DF897
:107A4000000000208DF801008DF8020001208DF863
:107A500003006846FEF704F900F0CEF8044614B9B6
:107A600000F02CF804461CB91248FFF713FE044638
:107A700034B91049B1F85410080400F003FD04466D
:107A800024B94FF40060FFF7BDFD04461CB10A485D
:107A90000078032806D10020FFF7CAFC002000F080
:107AA0000BFD044620463EBD0C004000000802408D
:107AB000000C0240982900204C00002038B500241A
:107AC00001200090FFF7FCFC10B92524204638BDAA
:107AD00044480078042828D0002043490860022048
:107AE0004860C02088600020C8604FF48060086152
:107AF0000846FFF72BFDF9F78DF904460CB1204637
:107B0000E5E70020FFF7E4FC384908600420FFF7B0
:107B1000DFFC364948600820FFF7DAFC334988600B
:107B20000C20FFF7D5FC3149C8602E48007858B1C9
:107B30002C480078012807D02A480078062803D06E
:107B400028480078022816D1002027490860032021
:107B50004860402088600020C8604FF48060086161
:107B60000846FFF7F3FC69460320F9F795F9044648
:107B70000CB12046ABE71B48007804282ED0BDF896
:107B800000001B490860BDF80000000416490860A9
:107B900009204860C02088600020C8604FF48060E1
:107BA00008610846FFF7D2FCF9F734F904460CB136
:107BB00020468CE70020FFF78BFC0E49086004206C
:107BC000FFF786FC0B4948600820FFF781FC094954
:107BD00088600C20FFF77CFC0649C8600024204622
:107BE00075E700004C00002048290020842900206F
:107BF00050000020742900202DE9F04100240026C7
:107C000000250027A0467620594908750020086005
:107C100048608860C86008610846FFF779FC032067
:107C2000FFF7AAFC0120FFF7FDFB00205149086087
:107C300048608860C8604FF4806008610846FFF7BC
:107C400085FCF9F7BBF8044614B12046BDE8F08185
:107C50004FF4D5704749086008204860402088608C
:107C60000020C8604FF4806008610846FFF76EFC92
:107C7000F9F760F904462CB901203F4908704FF02C
:107C8000804812E000203B490860372048604020CF
:107C900088600020C8604FF4806008610846FFF7E4
:107CA00055FC3720F9F7A0F8044600203149086058
:107CB00037204860402088600020C8604FF4806012
:107CC00008610846FFF742FC3720F9F78DF80446B3
:107CD000002C4AD136E00020264908603720486051
:107CE000402088600020C8604FF48060086108462A
:107CF000FFF72CFC3720F9F777F804460CB1204643
:107D0000A4E71E4848EA00001A4908602920486094
:107D1000402088600020C8604FF4806008610846F9
:107D2000FFF714FCF9F79CF804460CB120468DE7E8
:107D30000020FFF7CDFB0646012080EAD67080F0D8
:107D400001076D1C1FB94FF6FF708542C3D34FF674
:107D5000FF70854202D31B24204677E706F080405F
:107D6000061E02D002200449087020466EE700007B
:107D700030290020482900204C00002000001080FD
:107D800010B51148007801280CD100200F49086077
:107D900040F24C40091D08600C20F9F725F80C4909
:107DA000087002E000200A4908704FF48070FFF765
:107DB00033FB00214FF48070FFF79AFB0120054947
:107DC00008700348007810BD55000020082C0140C1
:107DD00056000020570000202DE9F84F8146174635
:107DE00098460A9C4FF0000AD3464D464FF0FF36A6
:107DF000B9F1000F02D12620BDE8F88F0020954987
:107E0000086095480078022805D10402780A40EA03
:107E1000C8574FEA68280020904988604860401E93
:107E20000860012048610020C86008610846FFF72B
:107E30000FFB88481838006800F0007008B10E2069
:107E4000DAE7002C21DDB4F5006F1EDC601E204057
:107E5000D8B920460BF0EEFA00908148046010205B
:107E60007F494860402088600020C8604FF48060EF
:107E700008610846FFF76AFB1020F8F7B5FF824655
:107E8000BAF1000F03D05046B6E72620B4E70098B9
:107E9000000172498860084644604FF0FF30086076
:107EA000012048610220C860002008610846FFF7F1
:107EB000CFFA6B480760112069494860402088600C
:107EC0000020C8604FF4806008610846FFF73EFB61
:107ED0001120F8F789FF8246BAF1000F01D0504611
:107EE0008AE76048007800287AD1F8F7C6F919E0E7
:107EF00058480830006800F4004078B14FF0000B9B
:107F000006E054485430006845F82B000BF1010B93
:107F1000BBF1080FF5D32035534E03E00EB9042012
:107F20006AE7761E4B480830006840F22A61084034
:107F30000028DDD047480830006800F0080048B14C
:107F400044480C30006840F0080042490C31086099
:107F5000042051E73F480830006800F0020048B1B3
:107F60003C480C30006840F002003A490C3108608F
:107F7000022041E737480830006800F0200048B18F
:107F800034480C30006840F0200032490C31086061
:107F9000062031E72F480830006800F4007048B12F
:107FA0002C480C30006840F400702A490C310860FD
:107FB000072021E704E027485430006828602D1D81
:107FC00024480830006800F400100028F3D1F8F7C6
:107FD00056F940F2FF501F490C31086037E0FFE7C7
:107FE00020480078012832D100202049087020491B
:107FF00008702049087017481030006840F22A3194
:1080000008431449103108601248006840F0080025
:1080100010490860002221464846FFF7B3FA00E005
:10802000761E1548006800F0006038B911480078E5
:1080300020B90E48007808B9002EF1D10EB90420FD
:10804000DAE60A48007810B1084890F800A05046D7
:10805000D2E600002C2C01404C0000205C290020BE
:108060004829002054000020FFFF07005600002090
:108070005500002057000020006402402DE9FE4F0B
:1080800083460E4691460020029000253446214842
:10809000007818B1680240EAD45564020BF003007E
:1080A000F0B14FF0000A18E04FF4007000904FEA72
:1080B0004A20071945EBE0733A461748FFF78CFE54
:1080C00002904FF4007214495846F8F7FBF90BF58B
:1080D000007B0AF1010000F0FF0ACA45E4DB16E06C
:1080E000B9F1010F09D14FF4007022462B460090E0
:1080F0005846FFF771FE029009E04FF400702246E7
:108100002B46CDE90009584600F008F80290029885
:10811000BDE8FE8F4C000020F02900202DE9FF5F14
:1081200017469846DDE90E464FF00009CA464FF063
:10813000FF35BB49009808600020BA490860BA487A
:108140000078022805D10402780A40EAC8574FEAAD
:1081500068280020B54988604860401E08600120FA
:1081600048610020C86008610846FFF771F9AD4812
:108170001838006800F0007018B10E2004B0BDE897
:10818000F09F002C21DDB4F5006F1EDC601E204046
:10819000D8B920460BF04EF98346A548046010205C
:1081A000A3494860402088600020C8604FF4806088
:1081B00008610846FFF7CAF91020F8F715FE814656
:1081C000B9F1000F03D04846D8E72620D6E7012EA4
:1081D00070D906FB04F0B0F1007F01D32620CDE773
:1081E0004FEA0B109149886006FB04F048604FF09D
:1081F000FF300860012048610220C860002008614B
:108200000846FFF725F98A48076012208849486028
:10821000402088600020C8604FF4806008610846F4
:10822000FFF794F91220F8F7DFFD8146B9F1000F4E
:1082300001D04846A2E77F48007800287ED1F8F7B1
:108240001CF81FE077480830006800F40040A8B12F
:108250004FF0000A08E0734854300068704909681C
:1082600041F82A000AF1010ABAF1080FF3D36C4869
:10827000006820306A4908606F4D03E00DB90420A2
:108280007CE76D1E67480830006840F22A310840DC
:108290000028D7D063480830006800F0080050B1CB
:1082A00060480C30006840F008005E490C310860FE
:1082B000042063E7B1E05B480830006800F002008A
:1082C00048B158480C30006840F0020055490C3164
:1082D0000860022052E753480830006800F0200090
:1082E00048B150480C30006840F020004D490C3136
:1082F0000860062042E74B480830006800F4007030
:1083000048B148480C30006840F4007045490C31D1
:108310000860072032E70AE04248543000684049CC
:10832000096808603E480068001D3D4908603D48F6
:108330000830006800F40010002800E031E0EBD1C4
:1083400038480830006800F4807010B33648007870
:1083500038B135480078012803D033480078022826
:1083600017D10020324908600C2048604020886006
:108370000020C8604FF4806008610846FFF7E6F807
:108380000C20F8F731FD8146B9F1000F01D04846C5
:10839000F4E6F7F774FF40F2FF5022490C31086011
:1083A0003BE024480078012837D100202349087099
:1083B0000120234908700020224908701948103014
:1083C000006840F22A310843164910310860154808
:1083D000006840F008001349086006FB04F1002221
:1083E0000098FFF7CFF800E06D1E1748006800F016
:1083F000006008B9002DF7D10DB90420BEE600BF1A
:108400001048007818B90D4800780028F8D00B48BB
:10841000007810B1094890F800904846AEE6000098
:10842000580000202C2C01404C0000205C2900202A
:108430004829002054000020FFFF070056000020BC
:1084400055000020570000200064024000200B4926
:108450000860091D0860091D0860091D08600749BA
:1084600024310860091D0860091D0860044803499B
:10847000383108600020091D08607047002C014059
:10848000FF07C00070B5044600250A4804600720B5
:1084900008494860402088600020C8604FF4806030
:1084A00008610846FFF752F80720F8F79DFC0546DB
:1084B000284670BD4829002001460020012900D02F
:1084C00011B9024B197000E02620704754000020BB
:1084D0002DE9FF5F86B017469846149D00260020C0
:1084E00005900490002481460390824602900195F5
:1084F000DDF818B0DDF818B0BBF1000F03D126206D
:108500000AB0BDE8F09F0020C5490860C5498860F1
:108510004860401E0860012048610020C860086172
:108520000846FEF795FFBE481838006800F0007056
:1085300008B10E20E4E7BC480078022805D1050206
:10854000780A40EAC8574FEA6828002D1FDDB5F5C4
:10855000006F1CDC681E2840C8B928460AF06AFF74
:108560000590B24805601020B049486040208860FE
:108570000020C8604FF4806008610846FEF7E6FFFF
:108580001020F8F731FC06461EB13046B8E7262029
:10859000B6E7A74800880004A44908600D20486099
:1085A000402088600020C8604FF480600861084661
:1085B000FEF7CCFF0D20F8F717FC06460EB130464B
:1085C0009EE797481838006803904FF0FF341CE08E
:1085D000641E974800880004944908600D20486094
:1085E000402088600020C8604FF480600861084621
:1085F000FEF7ACFF0D20F8F7F7FB06460EB130464C
:108600007EE78748183800680390039800F480706C
:1086100008B9002CDCD10CB9292071E78348076028
:10862000182082494860402088600020C8604FF4CC
:10863000806008610846FEF789FF1820F8F7D4FB30
:1086400006460EB130465BE700207A49087005986F
:10865000000174498860084645604FF0FF300860AB
:10866000012048610020C86008610846FEF7F0FE5E
:108670004FF0FF347048007800287ED1F7F7FDFDF9
:1086800045E067480830006800F48040D0B30198A6
:10869000A0EB0900202822D20198A0EB090000F0ED
:1086A000030020B90198A0EB0900800804E00198BC
:1086B000A0EB09008008401C02904FF0000A0AE07D
:1086C00057495431DBF8000008600AF1010A0BF148
:1086D000040B09F1040902988245F1D310E04FF030
:1086E000000A06E05BF82A004D49543108600AF19F
:1086F000010ABAF1080FF5D30BF1200B09F120099B
:108700004E4C04E0FFE70CB90420F9E6641E44482F
:108710000830006840F21A6108400028B1D00820F3
:10872000FEF7C2FE20B10820FEF770FE0420E7E647
:108730000220FEF7B9FE20B10220FEF767FE0220FC
:10874000DEE61020FEF7B0FE20B11020FEF75EFE40
:108750000520D5E64FF40070FEF7A6FE30B14FF4C9
:108760000070FEF753FE0720CAE606E0F7F787FD24
:1087700040F2FF50FEF74AFE3AE02F480078012809
:1087800036D100202E4908702A4908702D490870FA
:10879000012140F21A30FEF7ABFE4022294606982E
:1087A000FEF7F0FE0120FEF74DFE00E0641E2648B5
:1087B000006800F0006008B9002CF7D11CB9FFF781
:1087C000F3F804209CE64FF0FF3400E0641E1D48DF
:1087D000007820B91A48007808B9002CF6D10CB9F5
:1087E00004208DE61648007810B11548007887E619
:1087F00040F2FF50FEF70AFE04A8FBF7D1FC064644
:1088000003E004A8FBF7CCFC06463EB99DF8100037
:108810000728F6D09DF810000628F2D030466FE603
:108820002C2C01405C2900204C000020482900200D
:10883000500000205500002054000020FFFF0700DA
:108840005600002057000020006402402DE9FE4F32
:108850000646894692460020029000254C46214853
:10886000007818B1680240EAD455640206F00300AB
:10887000F0B14FF0000B18E04FF4007231461A4887
:10888000F7F720FE4FF4007000904FEA4B200719D5
:1088900045EBE0733A461448FFF71AFE029006F5DE
:1088A00000760BF1010000F0FF0BD345E4DB16E08E
:1088B000BAF1010F09D14FF4007022462B46009007
:1088C0003046FFF705FE029009E04FF400702246A3
:1088D0002B46CDE9000A304600F008F802900298D5
:1088E000BDE8FE8F4C000020F02900202DE9FF5F3D
:1088F00084B0DDE912470026002003900290002595
:1089000080468146019007FB04FBDDF810A0DDF8EE
:1089100010A0BAF1000F03D1262008B0BDE8F09FE7
:108920000020D8490860D84988604860401E086027
:10893000012048610020C86008610846FEF788FDF4
:10894000D0481838006800F0007008B10E20E4E745
:10895000CE480078022808D10402DDE90601400A69
:1089600040EAC1504912CDE90601002C1FDDB4F5E3
:10897000006F1CDC601E2040C8B920460AF05AFD7A
:108980000390C34804601020C149486040208860BB
:108990000020C8604FF4806008610846FEF7D6FDED
:1089A0001020F8F721FA06461EB13046B5E726201A
:1089B000B3E7012F6FD907FB04F0B0F1007F01D3BB
:1089C0002620AAE7B148007838B1B04800780128DD
:1089D00003D0AE48007802282DD1AE4800880004AC
:1089E000AB49086037204860402088600020C8609C
:1089F0004FF4806008610846FEF7A8FD3720F8F7BD
:108A0000F3F906460EB1304687E7A1480760172004
:108A10009F494860402088600020C8604FF4806013
:108A200008610846FEF792FD1720F8F7DDF90646C3
:108A30000EB1304671E796490698086019204860E3
:108A4000402088600020C8604FF4806008610846BC
:108A5000FEF77CFD1920F8F7C7F906460EB130463F
:108A60005BE7039800018849886007FB04F04860D1
:108A70004FF0FF300860012048610020C8600861A5
:108A80000846FEF7E5FC84480078002874D1451EAE
:108A9000F7F7F3FB42E0DDE07A480830006800F4C5
:108AA0008040B0B3ABEB080020281FD2ABEB08002E
:108AB00000F0030018B9ABEB0800800803E0ABEB53
:108AC00008008008401C01904FF000090AE06D4941
:108AD0005431DAF80000086009F101090AF1040ACA
:108AE00008F1040801988145F1D310E04FF0000926
:108AF00006E05AF8290063495431086009F1010978
:108B0000B9F1080FF5D30AF1200A08F12008634DE6
:108B100004E0FFE70DB90420FFE66D1E5948083058
:108B2000006840F21A3108400028B5D00820FEF74E
:108B3000BBFC20B10820FEF769FC0420EDE6022012
:108B4000FEF7B2FC20B10220FEF760FC0220E4E652
:108B50001020FEF7A9FC20B11020FEF757FC0520DD
:108B6000DBE64FF40070FEF79FFC30B14FF400706D
:108B7000FEF74CFC0720D0E62CE04FF48070FEF7A7
:108B800093FC00B34148007838B140480078012890
:108B900003D03E480078022815D100203C490860E7
:108BA0000C204860402088600020C8604FF480603E
:108BB00008610846FEF7CAFC0C20F8F715F90646CE
:108BC0000EB13046A9E6F7F75AFB40F2FF50FEF728
:108BD0001DFC3FE03048007801283BD1002030499F
:108BE000087001202F49087000202F4908700121CA
:108BF00040F21A30FEF77CFC07FB04F14022049897
:108C0000FEF7C0FC0120FEF71DFC4FF0FF3500E031
:108C10006D1E2648006800F0006008B9002DF7D1ED
:108C20001DB9FEF7C1FE042077E64FF0FF3500E0E6
:108C30006D1E1D48007820B91948007808B9002D2C
:108C4000F6D10DB9042068E61548007810B1144833
:108C5000007862E640F2FF50FEF7D8FB02A8FBF76F
:108C60009FFA064603E002A8FBF79AFA06463EB9C9
:108C70009DF808000728F6D09DF808000628F2D0D5
:108C800030464AE62C2C01405C2900204C00002094
:108C9000482900205000002054000020FFFF07005A
:108CA00056000020550000205700002000640240BC
:108CB00000B587B001210846FEF766FA01210803D6
:108CC000FEF782FA3820059002208DF81800002067
:108CD0008DF81A0003208DF8190001208DF81B0073
:108CE00005A92248F8F710FC052203211F48F8F7D0
:108CF00053FC052204211D48F8F74EFC05221146BD
:108D00001A48F8F749FC01210803FEF76DFA002123
:108D10004FF48050FEF768FA0020ADF800004FF4E1
:108D20008270ADF802000020ADF804000220ADF81A
:108D300006000120ADF808004002ADF80A00382016
:108D4000ADF80C000020ADF80E000720ADF81000C3
:108D50006946074800F058F80121054800F03AF844
:108D6000FF2000F007F807B000BD0000000402403B
:108D70000030014010B5044600BF02210A4800F04F
:108D800035F80028F9D02146074800F03BF800BF2D
:108D90000121054800F02AF80028F9D0024800F027
:108DA0002EF8C0B210BD00000030014010B50446DE
:108DB000074800884FF6C7710840054908800846F3
:108DC0000088204308800121014800F003F810BD0D
:108DD0000030014021B1028842F04002028004E0EC
:108DE00002884FF6BF731A40028070470246002087
:108DF00013890B400BB1012000E0002070470146B1
:108E0000888970478181704710B50022028802F47A
:108E100041520B884C8823438C882343CC882343BE
:108E20000C8923434C8923438C892343CC892343D6
:108E30001A430280838B4FF2FF74234083830B8A93
:108E4000038210BD704700000CB500200190009017
:108E50003448006840F480303249086000BF31482F
:108E6000006800F4003000900198401C01900098C8
:108E700018B90198B0F5A04FF1D12A48006800F464
:108E8000003010B10120009001E000200090009817
:108E9000012846D123484030006840F080502149E5
:108EA000403108602048006840F440401E49086096
:108EB0001C48083000681B490831086008460068F3
:108EC00040F4004008600846006840F4A050086084
:108ED0001648091F0860081F006840F08070091FCD
:108EE000086000BF0F48006800F000700028F9D04B
:108EF00040F205700E4908600A480830006820F00A
:108F000003000849083108600846006840F0020084
:108F1000086000BF03480830006800F00C00082813
:108F2000F8D10CBD003802400070004008544007E2
:108F3000003C0240042808D14FF0E021096941F0CB
:108F400004014FF0E022116107E04FF0E0210969D0
:108F500021F004014FF0E0221161704710B5FCF7D9
:108F6000DDFEFDF741FCFCF7EBFE10BD10B515482A
:108F7000006840F47000134908601348006840F02E
:108F800001001149086000200F49083108600E48AF
:108F900000680E4908400C4908600D48091D08602A
:108FA000081F006820F48020091F0860002006497F
:108FB0000C310860FFF748FF4FF00060014980392D
:108FC000086010BD88ED00E000380240FFFFF6FEAB
:108FD0001030002400B5A1B00020209001217A209B
:108FE000FEF7D2F801210846FEF7DEF802201E90B7
:108FF00001208DF87C0000208DF87E0002208DF885
:109000007D0001208DF87F001EA9FE48F8F77CFA4C
:109010004EF2B3701E9002208DF87C0000208DF877
:109020007E0003208DF87D0001208DF87F001EA9B1
:10903000F548F8F769FA4FF680701E9002208DF817
:109040007C0000208DF87E0003208DF87D0001203B
:109050008DF87F001EA9ED48F8F756FA0C22002182
:10906000E948F8F799FA0C220121E748F8F794FA51
:109070000C220421E448F8F78FFA0C220521E2487B
:10908000F8F78AFA0C220721DF48F8F785FA0C2254
:109090000821DD48F8F780FA0C220921DA48F8F7B0
:1090A0007BFA0C220A21D848F8F776FA0C220D2117
:1090B000D548F8F771FA0C220E21D348F8F76CFA6C
:1090C0000C220F21D048F8F767FA0C220721CF486D
:1090D000F8F762FA0C220821CC48F8F75DFA0C2266
:1090E0000921CA48F8F758FA0C220A21C748F8F7AC
:1090F00053FA0C220B21C548F8F74EFA0C22114600
:10910000C248F8F749FA0C220D21C048F8F744FA92
:109110000C220E21BD48F8F73FFA0C220F21BB4864
:10912000F8F73AFA0F2008900020099018200A90CA
:1091300000200B900C900D900E90082001900020C4
:10914000029008200390002004900590069007905C
:109150000F901090119010201290002013901490F6
:109160001590169017904FF4805018900020199089
:109170004FF480401A9000201B9008A81C9001A872
:109180001D900FA8F8F75EF801210020F8F740F8CD
:1091900032200AF083F901210020FCF731FB322054
:1091A0000AF07CF90020FBF72FFF994988800846D8
:1091B0008088FF280ADB084680884FF6FF718842C6
:1091C00004D093488088B0F5134F7CD1D320FCF7AE
:1091D00001FBFBF799FD8E498880FBF795FD8C49D3
:1091E0008880FBF791FD8A498880084680884FF681
:1091F000FF7101EA002086498880FBF785FD8449DC
:1092000089880843824988800846808849F241312C
:10921000884278D0BF20FCF7DDFAFBF775FD7C496A
:109220008880FBF771FD7A498880FBF76DFD7849EE
:109230008880FBF769FD76498880084680884FF66C
:10924000FF7101EA002072498880FBF75DFD7049DB
:10925000898808436E4988800846808846F604015C
:10926000884250D0D420FCF7B5FAFBF74DFD684991
:109270008880FBF749FD66498880FBF745FD644916
:109280008880084680884FF6FF7101EA0020604917
:109290008880FBF739FD5E49898808435C498880EE
:1092A0000846808845F2103188422CD04FF45A404D
:1092B000FCF790FAFBF728FD554988804FF45B4096
:1092C000FCF788FA00E01EE0FBF71EFD504988809D
:1092D000084680884FF6FF7101EA00204C498880DB
:1092E0004FF45C40FCF776FAFBF70EFD484989889D
:1092F00008434749888008468088B0F5004F02D16E
:1093000045F2105088804248808849F241318842B5
:109310000BD03F48808845F21031884205D03C4848
:10932000808845F21051884208D103200190022024
:10933000039001210620F7F76BFF13E03448808883
:1093400046F60401884205D0314880884CF2055128
:10935000884207D10A2001900C20039001210620A9
:10936000F7F756FF2A4881882AA0F7F713F828480C
:10937000808849F2413188427DD1CF20FCF72AFA1A
:109380000020FCF71BFA2098401C2090C120FCF71D
:1093900015FA3020FCF712FAED20FCF71BFA6420D6
:1093A000FCF70CFA0320FCF709FA1220FCF706FA86
:1093B0008120FCF703FAE820FCF70CFA8520FCF783
:1093C000FDF91020FCF7FAF97A20FCF7F7F9CB2029
:1093D000FCF700FA3920FCF7F1F92C20FCF7EEF944
:1093E0000020FCF7EBF93420FCF7E8F90220FCF749
:1093F000E5F9F720FCF7EEF92020FCF7DFF9EA2089
:109400000EE0000000040240000C02400010024088
:109410001C2900204C43442049443A25780D0A0079
:10942000FCF7D8F90020FCF7C9F90020FCF7C6F9D1
:10943000C020FCF7CFF91B20FCF7C0F9C120FCF7D6
:10944000C9F90120FCF7BAF9C520FCF7C3F93020AF
:10945000FCF7B4F93020FCF7B1F9C720FCF7BAF9F2
:10946000B720FCF7ABF93620FCF7B4F94820FCF73D
:10947000A5F93A2000E0ABE0FCF7ACF95520FCF789
:109480009DF9B120FCF7A6F90020FCF797F91A2006
:10949000FCF794F9B620FCF79DF90A20FCF78EF949
:1094A000A220FCF78BF9F220FCF794F90020FCF7DE
:1094B00085F92620FCF78EF90120FCF77FF9E020E2
:1094C000FCF788F90F20FCF779F92A20FCF776F9E8
:1094D0002820FCF773F90820FCF770F90E20FCF740
:1094E0006DF90820FCF76AF95420FCF767F9A92008
:1094F000FCF764F94320FCF761F90A20FCF75EF9F8
:109500000F20FCF75BF90020FCF758F90020FCF76E
:1095100055F90020FCF752F90020FCF74FF9E12043
:10952000FCF758F90020FCF749F91520FCF746F93B
:109530001720FCF743F90720FCF740F91120FCF74E
:109540003DF90620FCF73AF92B20FCF737F95620B5
:10955000FCF734F93C20FCF731F90520FCF72EF933
:109560001020FCF72BF90F20FCF728F93F20FCF71F
:1095700025F93F20FCF722F90F20FCF71FF92B20DB
:10958000FCF728F90020FCF719F90020FCF716F980
:109590000120FCF713F93F20FCF710F92A20FCF713
:1095A00019F90020FCF70AF90020FCF707F9002060
:1095B000FCF704F9EF20FCF701F91120FCF70AF998
:1095C000782009F06BFF2920FCF704F903F05CB860
:1095D000FE48808846F6040188427CD11120FCF7C1
:1095E000F9F8142009F05AFFD020FCF7F3F807200F
:1095F000FCF7E4F84220FCF7E1F81D20FCF7DEF868
:10960000D120FCF7E7F80020FCF7D8F81A20FCF787
:10961000D5F80920FCF7D2F8D220FCF7DBF80120BE
:10962000FCF7CCF82220FCF7C9F8C020FCF7D2F8F0
:109630001020FCF7C3F83B20FCF7C0F80020FCF733
:10964000BDF80220FCF7BAF81120FCF7B7F8C520E6
:10965000FCF7C0F80320FCF7B1F8C820FCF7BAF813
:109660000020FCF7ABF82520FCF7A8F82120FCF738
:10967000A5F80520FCF7A2F80020FCF79FF80A20C7
:10968000FCF79CF86520FCF799F82520FCF796F884
:109690007720FCF793F85020FCF790F80F20FCF7A8
:1096A0008DF80020FCF78AF8F820FCF793F80120E9
:1096B000FCF784F8FE20FCF78DF80020FCF77EF81C
:1096C0000220FCF77BF82020FCF784F83620FCF71A
:1096D00081F8082000E02CE0FCF770F83A20FCF755
:1096E00079F85520FCF76AF82B20FCF773F8002076
:1096F000FCF764F80020FCF761F80120FCF75EF845
:109700003F20FCF75BF82A20FCF764F80020FCF708
:1097100055F80020FCF752F80120FCF74FF8DF2045
:10972000FCF74CF8782009F0B9FE2920FCF752F834
:109730004CE7A648808845F21031884240F07C878B
:10974000ED20FCF747F80120FCF738F8FE20FCF785
:1097500035F8EE20FCF73EF8DE20FCF72FF821204C
:10976000FCF72CF8F120FCF735F80120FCF726F87F
:10977000DF20FCF72FF81020FCF720F8C420FCF7BE
:1097800029F88F20FCF71AF8C620FCF723F80020F0
:10979000FCF714F8E220FCF711F8E220FCF70EF8D1
:1097A000E220FCF70BF8BF20FCF714F8AA20FCF726
:1097B00005F8B020FCF70EF80D20FBF7FFFF0020A6
:1097C000FBF7FCFF0D20FBF7F9FF0020FBF7F6FF8E
:1097D0001120FBF7F3FF0020FBF7F0FF1920FBF748
:1097E000EDFF0020FBF7EAFF2120FBF7E7FF002059
:1097F000FBF7E4FF2D20FBF7E1FF0020FBF7DEFF86
:109800003D20FBF7DBFF0020FBF7D8FF5D20FBF7D7
:10981000D5FF0020FBF7D2FF5D20FBF7CFFF002034
:10982000FBF7CCFFB120FBF7D5FF8020FBF7C6FF8D
:109830000020FBF7C3FF8B20FBF7C0FF0020FBF7E6
:10984000BDFF9620FBF7BAFF0020FBF7B7FFB22061
:10985000FBF7C0FF0020FBF7B1FF0020FBF7AEFFD6
:109860000220FBF7ABFF0020FBF7A8FF0320FBF76C
:10987000A5FF0020FBF7A2FFB320FBF7ABFF002002
:10988000FBF79CFF0020FBF799FF0020FBF796FFFA
:109890000020FBF793FF0020FBF790FF0020FBF771
:1098A0008DFF0020FBF78AFF0020FBF787FF0020D9
:1098B000FBF784FF0020FBF781FF0020FBF77EFF12
:1098C0000020FBF77BFF0020FBF778FF0020FBF771
:1098D00075FF0020FBF772FF0020FBF76FFF0020F1
:1098E000FBF76CFF0020FBF769FF0020FBF766FF2A
:1098F0000020FBF763FF0020FBF760FF0020FBF771
:109900005DFF0020FBF75AFF0020FBF757FFB42054
:10991000FBF760FF8B20FBF751FF0020FBF74EFFAA
:109920009620FBF74BFF0020FBF748FFA120FBF739
:1099300045FF0020FBF742FFB520FBF74BFF02205D
:10994000FBF73CFF0020FBF739FF0320FBF736FF56
:109950000020FBF733FF0420FBF730FF0020FBF76C
:109960002DFFB620FBF736FF0020FBF727FF002076
:10997000FBF724FFB720FBF72DFF0020FBF71EFFAE
:109980000020FBF71BFF3F20FBF718FF0020FBF731
:1099900015FF5E20FBF712FF0020FBF70FFF64208E
:1099A000FBF70CFF0020FBF709FF8C20FBF706FFFD
:1099B0000020FBF703FFAC20FBF700FF0020FBF7C4
:1099C000FDFEDC20FBF7FAFE002001E01C29002050
:1099D000FBF7F4FE7020FBF7F1FE0020FBF7EEFE34
:1099E0009020FBF7EBFE0020FBF7E8FEEB20FBF7F7
:1099F000E5FE0020FBF7E2FEDC20FBF7DFFE0020A7
:109A0000FBF7DCFEB820FBF7E5FE0020FBF7D6FEF7
:109A10000020FBF7D3FE0020FBF7D0FE0020FBF771
:109A2000CDFE0020FBF7CAFE0020FBF7C7FE00209A
:109A3000FBF7C4FE0020FBF7C1FEBA20FBF7CAFE0D
:109A40002420FBF7BBFE0020FBF7B8FE0020FBF74D
:109A5000B5FE0020FBF7B2FEC120FBF7BBFE2020C5
:109A6000FBF7ACFE0020FBF7A9FE5420FBF7A6FE97
:109A70000020FBF7A3FEFF20FBF7A0FE0020FBF772
:109A80009DFEC220FBF7A6FE0A20FBF797FE0020F2
:109A9000FBF794FE0420FBF791FE0020FBF78EFEFF
:109AA000C320FBF797FE3C20FBF788FE0020FBF766
:109AB00085FE3A20FBF782FE0020FBF77FFE39206F
:109AC000FBF77CFE0020FBF779FE3720FBF776FEE4
:109AD0000020FBF773FE3C20FBF770FE0020FBF735
:109AE0006DFE3620FBF76AFE0020FBF767FE322092
:109AF000FBF764FE0020FBF761FE2F20FBF75EFE04
:109B00000020FBF75BFE2C20FBF758FE0020FBF744
:109B100055FE2920FBF752FE0020FBF74FFE2620C2
:109B2000FBF74CFE0020FBF749FE2420FBF746FE26
:109B30000020FBF743FE2420FBF740FE0020FBF74C
:109B40003DFE2320FBF73AFE0020FBF737FE3C20CA
:109B5000FBF734FE0020FBF731FE3620FBF72EFE2C
:109B60000020FBF72BFE3220FBF728FE0020FBF73E
:109B700025FE2F20FBF722FE0020FBF71FFE2C20E6
:109B8000FBF71CFE0020FBF719FE2920FBF716FE51
:109B90000020FBF713FE2620FBF710FE0020FBF74A
:109BA0000DFE2420FBF70AFE0020FBF707FE242011
:109BB000FBF704FE0020FBF701FE2320FBF7FEFD70
:109BC0000020FBF7FBFDC420FBF704FE6220FBF73F
:109BD000F5FD0020FBF7F2FD0520FBF7EFFD00206F
:109BE000FBF7ECFD8420FBF7E9FD0020FBF7E6FD29
:109BF000F020FBF7E3FD0020FBF7E0FD1820FBF76A
:109C0000DDFD0020FBF7DAFDA420FBF7D7FD0020E7
:109C1000FBF7D4FD1820FBF7D1FD0020FBF7CEFDAC
:109C20005020FBF7CBFD0020FBF7C8FD0C20FBF715
:109C3000C5FD0020FBF7C2FD1720FBF7BFFD00208C
:109C4000FBF7BCFD9520FBF7B9FD0020FBF7B6FD47
:109C5000F320FBF7B3FD0020FBF7B0FDE620FBF798
:109C6000ADFD0020FBF7AAFDC520FBF7B3FD3220B8
:109C7000FBF7A4FD0020FBF7A1FD4420FBF79EFDB0
:109C80000020FBF79BFD6520FBF798FD0020FBF70C
:109C900095FD7620FBF792FD0020FBF78FFD8820D5
:109CA000FBF78CFD0020FBF789FDC620FBF792FD3A
:109CB0002020FBF783FD0020FBF780FD1720FBF73A
:109CC0007DFD0020FBF77AFD0120FBF777FD0020EA
:109CD000FBF774FDC720FBF77DFD0020FBF76EFD51
:109CE0000020FBF76BFD0020FBF768FD0020FBF771
:109CF00065FDC820FBF76EFD0020FBF75FFD00202F
:109D0000FBF75CFD0020FBF759FD0020FBF756FD3B
:109D1000C920FBF75FFD0020FBF750FD0020FBF79B
:109D20004DFD0020FBF74AFD0020FBF747FD00201A
:109D3000FBF744FD0020FBF741FD0020FBF73EFD53
:109D40000020FBF73BFD0020FBF738FD0020FBF770
:109D500035FD0020FBF732FD0020FBF72FFD002032
:109D6000FBF72CFD0020FBF729FD0020FBF726FD6B
:109D70000020FBF723FDE020FBF72CFD1620FBF76E
:109D80001DFD0020FBF71AFD1C20FBF717FD00202E
:109D9000FBF714FD2120FBF711FD0020FBF70EFD62
:109DA0003620FBF70BFD0020FBF708FD4620FBF7F4
:109DB00005FD0020FBF702FD5220FBF7FFFC002011
:109DC000FBF7FCFC6420FBF7F9FC0020FBF7F6FC3A
:109DD0007A20FBF7F3FC0020FBF7F0FC8B20FBF76D
:109DE000EDFC0020FBF7EAFC9920FBF7E7FC0020E4
:109DF000FBF7E4FCA820FBF7E1FC0020FBF7DEFC0E
:109E0000B920FBF7DBFC0020FBF7D8FCC420FBF7F4
:109E1000D5FC0020FBF7D2FCCA20FBF7CFFC0020CA
:109E2000FBF7CCFCD220FBF7C9FC0020FBF7C6FCFB
:109E3000D920FBF7C3FC0020FBF7C0FCE020FBF7B8
:109E4000BDFC0020FBF7BAFCF320FBF7B7FC0020B9
:109E5000FBF7B4FCE120FBF7BDFC1620FBF7AEFCE2
:109E60000020FBF7ABFC1C20FBF7A8FC0020FBF755
:109E7000A5FC2220FBF7A2FC0020FBF79FFC36206C
:109E8000FBF79CFC0020FBF799FC4520FBF796FCB8
:109E90000020FBF793FC5220FBF790FC0020FBF71F
:109EA0008DFC6420FBF78AFC0020FBF787FC7A20FE
:109EB000FBF784FC0020FBF781FC8B20FBF77EFC8A
:109EC0000020FBF77BFC9920FBF778FC0020FBF7D8
:109ED00075FCA820FBF772FC0020FBF76FFCB92093
:109EE000FBF76CFC0020FBF769FCC420FBF766FC69
:109EF0000020FBF763FCCA20FBF760FC0020FBF7A7
:109F00005DFCD220FBF75AFC0020FBF757FCD82061
:109F1000FBF754FC0020FBF751FCE020FBF74EFC64
:109F20000020FBF74BFCF320FBF748FC0020FBF77D
:109F300045FCE220FBF74EFC0520FBF73FFC002030
:109F4000FBF73CFC0B20FBF739FC0020FBF736FC51
:109F50001B20FBF733FC0020FBF730FC3420FBF721
:109F60002DFC0020FBF72AFC4420FBF727FC0020F7
:109F7000FBF724FC4F20FBF721FC0020FBF71EFC25
:109F80006120FBF71BFC0020FBF718FC7920FBF796
:109F900015FC0020FBF712FC8820FBF70FFC0020CB
:109FA000FBF70CFC9720FBF709FC0020FBF706FCF5
:109FB000A620FBF703FC0020FBF700FCB720FBF713
:109FC000FDFB0020FBF7FAFBC220FBF7F7FB0020AC
:109FD000FBF7F4FBC720FBF7F1FB0020FBF7EEFBE0
:109FE000D120FBF7EBFB0020FBF7E8FBD620FBF7CB
:109FF000E5FB0020FBF7E2FBDD20FBF7DFFB0020A9
:10A00000FBF7DCFBF320FBF7D9FB0020FBF7D6FBCB
:10A01000E320FBF7DFFB0520FBF7D0FB0020FBF77D
:10A02000CDFB0A20FBF7CAFB0020FBF7C7FB1C2077
:10A03000FBF7C4FB0020FBF7C1FB3320FBF7BEFBA3
:10A040000020FBF7BBFB4420FBF7B8FB0020FBF72D
:10A05000B5FB5020FBF7B2FB0020FBF7AFFB622003
:10A06000FBF7ACFB0020FBF7A9FB7820FBF7A6FB76
:10A070000020FBF7A3FB8820FBF7A0FB0020FBF7E9
:10A080009DFB9720FBF79AFB0020FBF797FBA62090
:10A09000FBF794FB0020FBF791FBB720FBF78EFB4F
:10A0A0000020FBF78BFBC220FBF788FB0020FBF7AF
:10A0B00085FBC720FBF782FB0020FBF77FFBD1204D
:10A0C000FBF77CFB0020FBF779FBD520FBF776FB49
:10A0D0000020FBF773FBDD20FBF770FB0020FBF794
:10A0E0006DFBF320FBF76AFB0020FBF767FBE42026
:10A0F000FBF770FB0120FBF761FB0020FBF75EFB29
:10A100000120FBF75BFB0020FBF758FB0220FBF76D
:10A1100055FB0020FBF752FB2A20FBF74FFB0020EA
:10A12000FBF74CFB3C20FBF749FB0020FBF746FB11
:10A130004B20FBF743FB0020FBF740FB5D20FBF7C8
:10A140003DFB0020FBF73AFB7420FBF737FB0020B8
:10A15000FBF734FB8420FBF731FB0020FBF72EFBE1
:10A160009320FBF72BFB0020FBF728FBA220FBF73B
:10A1700025FB0020FBF722FBB320FBF71FFB002091
:10A18000FBF71CFBBE20FBF719FB0020FBF716FBBF
:10A19000C420FBF713FB0020FBF710FBCD20FBF7DF
:10A1A0000DFB0020FBF70AFBD320FBF707FB002089
:10A1B000FBF704FBDD20FBF701FB0020FBF7FEFAB9
:10A1C000F320FBF7FBFA0020FBF7F8FAE520FBF79A
:10A1D00001FB0020FBF7F2FA0020FBF7EFFA00206A
:10A1E000FBF7ECFA0020FBF7E9FA0220FBF7E6FAAE
:10A1F0000020FBF7E3FA2920FBF7E0FA0020FBF749
:10A20000DDFA3C20FBF7DAFA0020FBF7D7FA4B2007
:10A21000FBF7D4FA0020FBF7D1FA5D20FBF7CEFA6A
:10A220000020FBF7CBFA7420FBF7C8FA0020FBF7FD
:10A23000C5FA8420FBF7C2FA0020FBF7BFFA93208F
:10A24000FBF7BCFA0020FBF7B9FAA220FBF7B6FA3D
:10A250000020FBF7B3FAB320FBF7B0FA0020FBF7BE
:10A26000ADFABE20FBF7AAFA0020FBF7A7FAC4203C
:10A27000FBF7A4FA0020FBF7A1FACD20FBF79EFA2A
:10A280000020FBF79BFAD320FBF798FA0020FBF79E
:10A2900095FADC20FBF792FA0020FBF78FFAF32007
:10A2A000FBF78CFA0020FBF789FAE620FBF792FA1D
:10A2B0001120FBF783FA0020FBF780FA3420FBF72C
:10A2C0007DFA0020FBF77AFA5620FBF777FA002098
:10A2D000FBF774FA7620FBF771FA0020FBF76EFAB1
:10A2E0007720FBF76BFA0020FBF768FA6620FBF794
:10A2F00065FA0020FBF762FA8820FBF75FFA00207E
:10A30000FBF75CFA9920FBF759FA0020FBF756FAA5
:10A31000BB20FBF753FA0020FBF750FA9920FBF71C
:10A320004DFA0020FBF74AFA6620FBF747FA0020B7
:10A33000FBF744FA5520FBF741FA0020FBF73EFA01
:10A340005520FBF73BFA0020FBF738FA4520FBF7D6
:10A3500035FA0020FBF732FA4320FBF72FFA0020F2
:10A36000FBF72CFA4420FBF729FA0020FBF726FA2A
:10A37000E720FBF72FFA3220FBF720FA0020FBF74B
:10A380001DFA5520FBF71AFA0020FBF717FA762082
:10A39000FBF714FA0020FBF711FA6620FBF70EFA20
:10A3A0000020FBF70BFA6720FBF708FA0020FBF709
:10A3B00005FA6720FBF702FA0020FBF7FFF9872078
:10A3C000FBF7FCF90020FBF7F9F99920FBF7F6F908
:10A3D0000020FBF7F3F9BB20FBF7F0F90020FBF7B7
:10A3E000EDF99920FBF7EAF90020FBF7E7F9772070
:10A3F000FBF7E4F90020FBF7E1F94420FBF7DEF975
:10A400000020FBF7DBF95620FBF7D8F90020FBF71B
:10A41000D5F92320FBF7D2F90020FBF7CFF9332041
:10A42000FBF7CCF90020FBF7C9F94520FBF7C6F98B
:10A430000020FBF7C3F9E820FBF7CCF90020FBF77D
:10A44000BDF90020FBF7BAF99920FBF7B7F9002016
:10A45000FBF7B4F98720FBF7B1F90020FBF7AEF961
:10A460008820FBF7ABF90020FBF7A8F97720FBF772
:10A47000A5F90020FBF7A2F96620FBF79FF9002061
:10A48000FBF79CF98820FBF799F90020FBF796F978
:10A49000AA20FBF793F90020FBF790F9BB20FBF70C
:10A4A0008DF90020FBF78AF99920FBF787F9002046
:10A4B000FBF784F96620FBF781F90020FBF77EF9B2
:10A4C0005520FBF77BF90020FBF778F95520FBF7C7
:10A4D00075F90020FBF772F94420FBF76FF90020B3
:10A4E000FBF76CF94420FBF769F90020FBF766F9EC
:10A4F0005520FBF763F90020FBF760F9E920FBF733
:10A5000069F9AA20FBF75AF90020FBF757F9002058
:10A51000FBF754F90020FBF751F90020FBF75AF93B
:10A52000AA20FBF74BF9CF20FBF754F90020FBF7EB
:10A5300045F90020FBF742F90020FBF73FF9002026
:10A54000FBF73CF90020FBF739F90020FBF736F95F
:10A550000020FBF733F90020FBF730F90020FBF770
:10A560002DF90020FBF72AF90020FBF727F900203E
:10A57000FBF724F90020FBF721F90020FBF71EF977
:10A580000020FBF71BF90020FBF718F90020FBF770
:10A5900015F9F020FBF71EF90020FBF70FF950200A
:10A5A000FBF70CF90020FBF709F90020FBF706F98F
:10A5B0000020FBF703F9F320FBF70CF90020FBF771
:10A5C000FDF8F920FBF706F90620FBF7F7F8102055
:10A5D000FBF7F4F82920FBF7F1F80020FBF7EEF881
:10A5E0003A20FBF7F7F85520FBF7E8F81120FBF7C6
:10A5F000F1F8642008F052FF2920FBF7EBF8352032
:10A60000FBF7E8F80020FBF7D9F85120FBF7E2F858
:10A61000FF20FBF7D3F85320FBF7DCF82C20FBF7E7
:10A62000CDF85520FBF7D6F88220FBF7C7F82C2091
:10A63000FBF7D0F802F028B8FE48808845F21051A8
:10A6400088427DD155214FF47040FBF7D9F8AA21FB
:10A650004FF20100FBF7D4F852214FF20200FBF752
:10A66000CFF808214FF20300FBF7CAF801214FF29F
:10A670000400FBF7C5F80D214FF43040FBF7C0F89C
:10A680000D214BF20100FBF7BBF80D214BF202004C
:10A69000FBF7B6F834214FF43640FBF7B1F834211C
:10A6A0004BF20160FBF7ACF834214BF20260FBF790
:10A6B000A7F80D214FF43140FBF7A2F80D214BF222
:10A6C0000110FBF79DF80D214BF20210FBF798F8F3
:10A6D00034214FF43740FBF793F834214BF20170EB
:10A6E000FBF78EF834214BF20270FBF789F800215A
:10A6F0004FF43240FBF784F800214BF20120FBF7C6
:10A700007FF800214BF20220FBF77AF824214FF466
:10A710003840FBF775F824214BF60100FBF770F881
:10A7200024214BF60200FBF76BF801214FF43F4068
:10A73000FBF766F80F214FF43340FBF761F800E0B8
:10A74000FDE30F214BF20130FBF75AF80F214BF2DA
:10A750000230FBF755F834214FF43940FBF750F83D
:10A7600034214BF60110FBF74BF834214BF6021065
:10A77000FBF746F808214FF43540FBF741F8082174
:10A780004BF20150FBF73CF808214BF20250FBF76B
:10A7900037F803214FF44240FBF732F824214FF4FD
:10A7A0003A40FBF72DF824214BF60120FBF728F85F
:10A7B00024214BF60220FBF723F800214FF43C4004
:10A7C000FBF71EF878214BF60140FBF719F8002142
:10A7D0004BF60240FBF714F800214FF43D40FBF725
:10A7E0000FF878214BF60150FBF70AF800214BF6E1
:10A7F0000250FBF705F800214FF43E40FBF700F84C
:10A8000064214BF60160FAF7FBFF00214FF4514041
:10A81000FAF7F6FF33214DF20110FAF7F1FF0021AC
:10A820004DF20210FAF7ECFF34214DF20310FAF763
:10A83000E7FF00214DF20410FAF7E2FF3A214DF252
:10A840000510FAF7DDFF00214DF20610FAF7D8FFE8
:10A850004A214DF20710FAF7D3FF00214DF20810FC
:10A86000FAF7CEFF5C214DF20910FAF7C9FF00217B
:10A870004DF20A10FAF7C4FF81214DF20B10FAF7DE
:10A88000BFFF00214DF20C10FAF7BAFFA6214DF2DE
:10A890000D10FAF7B5FF00214DF20E10FAF7B0FFD8
:10A8A000E5214DF20F10FAF7ABFF01214DF2101028
:10A8B000FAF7A6FF13214DF21110FAF7A1FF0121BB
:10A8C0004DF21210FAF79CFF54214DF21310FAF7D3
:10A8D00097FF01214DF21410FAF792FF82214DF2F9
:10A8E0001510FAF78DFF01214DF21610FAF788FFC7
:10A8F000CA214DF21710FAF783FF02214DF218100A
:10A90000FAF77EFF00214DF21910FAF779FF0221C4
:10A910004DF21A10FAF774FF01214DF21B10FAF7ED
:10A920006FFF02214DF21C10FAF76AFF34214DF23D
:10A930001D10FAF765FF02214DF21E10FAF760FFB5
:10A9400067214DF21F10FAF75BFF02214DF2201034
:10A95000FAF756FF84214DF22110FAF751FF022138
:10A960004DF22210FAF74CFFA4214DF22310FAF712
:10A9700047FF02214DF22410FAF742FFB7214DF2B2
:10A980002510FAF73DFF02214DF22610FAF738FFA5
:10A99000CF214DF22710FAF733FF02214DF2281094
:10A9A000FAF72EFFDE214DF22910FAF729FF0221D6
:10A9B0004DF22A10FAF724FFF2214DF22B10FAF78C
:10A9C0001FFF02214DF22C10FAF71AFFFE214DF263
:10A9D0002D10FAF715FF03214DF22E10FAF710FF94
:10A9E00010214DF22F10FAF70BFF03214DF230101A
:10A9F000FAF706FF33214DF23110FAF701FF032178
:10AA00004DF23210FAF7FCFE6D214DF23310FAF7D9
:10AA1000F7FE00214FF45240FAF7F2FE33214DF2D7
:10AA20000120FAF7EDFE00214DF20220FAF7E8FED0
:10AA3000342101E01C2900204DF20320FAF7E0FE4A
:10AA400000214DF20420FAF7DBFE3A214DF20520F9
:10AA5000FAF7D6FE00214DF20620FAF7D1FE4A2180
:10AA60004DF20720FAF7CCFE00214DF20820FAF74C
:10AA7000C7FE5C214DF20920FAF7C2FE00214DF21B
:10AA80000A20FAF7BDFE81214DF20B20FAF7B8FE3D
:10AA900000214DF20C20FAF7B3FEA6214DF20D2055
:10AAA000FAF7AEFE00214DF20E20FAF7A9FEE521DD
:10AAB0004DF20F20FAF7A4FE01214DF21020FAF713
:10AAC0009FFE13214DF21120FAF79AFE01214DF25B
:10AAD0001220FAF795FE54214DF21320FAF790FE5A
:10AAE00001214DF21420FAF78BFE82214DF2152040
:10AAF000FAF786FE01214DF21620FAF781FECA21EF
:10AB00004DF21720FAF77CFE02214DF21820FAF7D9
:10AB100077FE00214DF21920FAF772FE02214DF264
:10AB20001A20FAF76DFE01214DF21B20FAF768FE9C
:10AB300002214DF21C20FAF763FE34214DF21D2054
:10AB4000FAF75EFE02214DF21E20FAF759FE672148
:10AB50004DF21F20FAF754FE02214DF22020FAF7A1
:10AB60004FFE84214DF22120FAF74AFE02214DF2D8
:10AB70002220FAF745FEA4214DF22320FAF740FEE9
:10AB800002214DF22420FAF73BFEB7214DF2252099
:10AB9000FAF736FE02214DF22620FAF731FECF21D8
:10ABA0004DF22720FAF72CFE02214DF22820FAF769
:10ABB00027FEDE214DF22920FAF722FE02214DF276
:10ABC0002A20FAF71DFEF2214DF22B20FAF718FE8B
:10ABD00002214DF22C20FAF713FEFE214DF22D201A
:10ABE000FAF70EFE03214DF22E20FAF709FE10218E
:10ABF0004DF22F20FAF704FE03214DF23020FAF730
:10AC0000FFFD33214DF23120FAF7FAFD03214DF219
:10AC10003220FAF7F5FD6D214DF23320FAF7F0FD01
:10AC200000214FF45340FAF7EBFD33214DF2013090
:10AC3000FAF7E6FD00214DF20230FAF7E1FD34218A
:10AC40004DF20330FAF7DCFD00214DF20430FAF743
:10AC5000D7FD3A214DF20530FAF7D2FD00214DF231
:10AC60000630FAF7CDFD4A214DF20730FAF7C8FD5C
:10AC700000214DF20830FAF7C3FD5C214DF2093096
:10AC8000FAF7BEFD00214DF20A30FAF7B9FD812135
:10AC90004DF20B30FAF7B4FD00214DF20C30FAF70B
:10ACA000AFFDA6214DF20D30FAF7AAFD00214DF2BD
:10ACB0000E30FAF7A5FDE5214DF20F30FAF7A0FDB1
:10ACC00001214DF21030FAF79BFD13214DF21130A6
:10ACD000FAF796FD01214DF21230FAF791FD542159
:10ACE0004DF21330FAF78CFD01214DF21430FAF7D2
:10ACF00087FD82214DF21530FAF782FD01214DF2D8
:10AD00001630FAF77DFDCA214DF21730FAF778FDBB
:10AD100002214DF21830FAF773FD00214DF219307F
:10AD2000FAF76EFD02214DF21A30FAF769FD0121A2
:10AD30004DF21B30FAF764FD02214DF21C30FAF798
:10AD40005FFD34214DF21D30FAF75AFD02214DF21C
:10AD50001E30FAF755FD67214DF21F30FAF750FD0E
:10AD600002214DF22030FAF74BFD84214DF22130C3
:10AD7000FAF746FD02214DF22230FAF741FDA421F7
:10AD80004DF22330FAF73CFD02214DF22430FAF760
:10AD900037FDB7214DF22530FAF732FD02214DF291
:10ADA0002630FAF72DFDCF214DF22730FAF728FD96
:10ADB00002214DF22830FAF723FDDE214DF2293031
:10ADC000FAF71EFD02214DF22A30FAF719FDF221A1
:10ADD0004DF22B30FAF714FD02214DF22C30FAF728
:10ADE0000FFDFE214DF22D30FAF70AFD03214DF241
:10ADF0002E30FAF705FD10214DF22F30FAF700FD45
:10AE000003214DF23030FAF7FBFC33214DF23130A3
:10AE1000FAF7F6FC03214DF23230FAF7F1FC6D211E
:10AE20004DF23330FAF7ECFC00214FF45440FAF7BE
:10AE3000E7FC33214DF20140FAF7E2FC00214DF22C
:10AE40000240FAF7DDFC34214DF20340FAF7D8FC5A
:10AE500000214DF20440FAF7D3FC3A214DF20540AF
:10AE6000FAF7CEFC00214DF20640FAF7C9FC4A2160
:10AE70004DF20740FAF7C4FC00214DF20840FAF702
:10AE8000BFFC5C214DF20940FAF7BAFC00214DF2FB
:10AE90000A40FAF7B5FC81214DF20B40FAF7B0FCFD
:10AEA00000214DF20C40FAF7ABFCA6214DF20D400B
:10AEB000FAF7A6FC00214DF20E40FAF7A1FCE521BD
:10AEC0004DF20F40FAF79CFC01214DF21040FAF7C9
:10AED00097FC13214DF21140FAF792FC01214DF23B
:10AEE0001240FAF78DFC54214DF21340FAF788FC1A
:10AEF00001214DF21440FAF783FC82214DF21540F6
:10AF0000FAF77EFC01214DF21640FAF779FCCA21CE
:10AF10004DF21740FAF774FC02214DF21840FAF78F
:10AF20006FFC00214DF21940FAF76AFC02214DF244
:10AF30001A40FAF765FC01214DF21B4000E006E3E0
:10AF4000FAF75EFC02214DF21C40FAF759FC34215D
:10AF50004DF21D40FAF754FC02214DF21E40FAF763
:10AF60004FFC67214DF21F40FAF74AFC02214DF2D7
:10AF70002040FAF745FC84214DF22140FAF740FCCD
:10AF800002214DF22240FAF73BFCA4214DF223406E
:10AF9000FAF736FC02214DF22440FAF731FCB721D2
:10AFA0004DF22540FAF72CFC02214DF22640FAF72B
:10AFB00027FCCF214DF22740FAF722FC02214DF267
:10AFC0002840FAF71DFCDE214DF22940FAF718FC63
:10AFD00002214DF22A40FAF713FCF2214DF22B40E8
:10AFE000FAF70EFC02214DF22C40FAF709FCFE2183
:10AFF0004DF22D40FAF704FC03214DF22E40FAF7F2
:10B00000FFFB10214DF22F40FAF7FAFB03214DF21E
:10B010003040FAF7F5FB33214DF23140FAF7F0FBFF
:10B0200003214DF23240FAF7EBFB6D214DF2334034
:10B03000FAF7E6FB00214FF45540FAF7E1FB332124
:10B040004DF20150FAF7DCFB00214DF20250FAF705
:10B05000D7FB34214DF20350FAF7D2FB00214DF219
:10B060000450FAF7CDFB3A214DF20550FAF7C8FB30
:10B0700000214DF20650FAF7C3FB4A214DF207506A
:10B08000FAF7BEFB00214DF20850FAF7B9FB5C213C
:10B090004DF20950FAF7B4FB00214DF20A50FAF7CD
:10B0A000AFFB81214DF20B50FAF7AAFB00214DF2C4
:10B0B0000C50FAF7A5FBA6214DF20D50FAF7A0FBB4
:10B0C00000214DF20E50FAF79BFBE5214DF20F5097
:10B0D000FAF796FB01214DF21050FAF791FB13217C
:10B0E0004DF21150FAF78CFB01214DF21250FAF794
:10B0F00087FB54214DF21350FAF782FB01214DF2E8
:10B100001450FAF77DFB82214DF21550FAF778FBC7
:10B1100001214DF21650FAF773FBCA214DF2175078
:10B12000FAF76EFB02214DF21850FAF769FB002185
:10B130004DF21950FAF764FB02214DF21A50FAF75A
:10B140005FFB01214DF21B50FAF75AFB02214DF231
:10B150001C50FAF755FB34214DF21D50FAF750FB05
:10B1600002214DF21E50FAF74BFB67214DF21F50A2
:10B17000FAF746FB02214DF22050FAF741FB8421F9
:10B180004DF22150FAF73CFB02214DF22250FAF722
:10B1900037FBA4214DF22350FAF732FB02214DF286
:10B1A0002450FAF72DFBB7214DF22550FAF728FB72
:10B1B00002214DF22650FAF723FBCF214DF2275002
:10B1C000FAF71EFB02214DF22850FAF719FBDE2197
:10B1D0004DF22950FAF714FB02214DF22A50FAF7EA
:10B1E0000FFBF2214DF22B50FAF70AFB02214DF230
:10B1F0002C50FAF705FBFE214DF22D50FAF700FB1B
:10B2000003214DF22E50FAF7FBFA10214DF22F5088
:10B21000FAF7F6FA03214DF23050FAF7F1FA33213A
:10B220004DF23150FAF7ECFA03214DF23250FAF7B1
:10B23000E7FA6D214DF23350FAF7E2FA00214FF4AC
:10B240005640FAF7DDFA33214DF20160FAF7D8FAE9
:10B2500000214DF20260FAF7D3FA34214DF2036077
:10B26000FAF7CEFA00214DF20460FAF7C9FA3A2152
:10B270004DF20560FAF7C4FA00214DF20660FAF7C4
:10B28000BFFA4A214DF20760FAF7BAFA00214DF2EF
:10B290000860FAF7B5FA5C214DF20960FAF7B0FAE6
:10B2A00000214DF20A60FAF7ABFA81214DF20B60F2
:10B2B000FAF7A6FA00214DF20C60FAF7A1FAA621DE
:10B2C0004DF20D60FAF79CFA00214DF20E60FAF78C
:10B2D00097FAE5214DF20F60FAF792FA01214DF24B
:10B2E0001060FAF78DFA13214DF21160FAF788FA1F
:10B2F00001214DF21260FAF783FA54214DF21360E6
:10B30000FAF77EFA01214DF21460FAF779FA8221F8
:10B310004DF21560FAF774FA01214DF21660FAF752
:10B320006FFACA214DF21760FAF76AFA02214DF25C
:10B330001860FAF765FA00214DF21960FAF760FA21
:10B3400002214DF21A60FAF75BFA01214DF21B60FF
:10B35000FAF756FA02214DF21C60FAF751FA34213D
:10B360004DF21D60FAF74CFA02214DF21E60FAF719
:10B3700047FA67214DF21F60FAF742FA02214DF2B7
:10B380002060FAF73DFA84214DF22160FAF738FA8D
:10B3900002214DF22260FAF733FAA4214DF2236024
:10B3A000FAF72EFA02214DF22460FAF729FAB721B2
:10B3B0004DF22560FAF724FA02214DF22660FAF7E1
:10B3C0001FFACF214DF22760FAF71AFA02214DF247
:10B3D0002860FAF715FADE214DF22960FAF710FA23
:10B3E00002214DF22A60FAF70BFAF2214DF22B609E
:10B3F000FAF706FA02214DF22C60FAF701FAFE2163
:10B400004DF22D60FAF7FCF903214DF22E60FAF7A8
:10B41000F7F910214DF22F60FAF7F2F903214DF2FE
:10B420003060FAF7EDF933214DF23160FAF7E8F9BF
:10B4300003214DF23260FAF7E3F96D214DF23360EA
:10B44000FAF7DEF955214FF47040FAF7D9F9AA213D
:10B450004FF20100FAF7D4F952214FF20200FAF745
:10B46000CFF908214FF20300FAF7CAF900214FF291
:10B470000400FAF7C5F9CC214FF43140FAF7C0F9CE
:10B4800000214BF20110FAF7BBF905214FF43640C9
:10B49000FAF7B6F970214FF43740FAF7B1F9702195
:10B4A0004BF20170FAF7ACF901214FF43840FAF78A
:10B4B000A7F903214BF60100FAF7A2F903214BF695
:10B4C0000200FAF79DF903214BF60300FAF798F909
:10B4D00002214FF43C40FAF793F900214BF601406A
:10B4E000FAF78EF900214BF60240FAF789F9D021DC
:10B4F0004FF44940FAF784F902214CF60110FAF7AB
:10B500007FF950214CF60210FAF77AF950214CF6E7
:10B510000310FAF775F950214CF60410FAF770F998
:10B5200000214FF45450FAF76BF955214FF468504D
:10B53000FAF766F94FF48850FAF74CF9782007F0DB
:10B54000D5FF4FF42450FAF745F901F09DB8FE48B5
:10B55000808849F2253188427ED147F6F001E52006
:10B56000FAF74EF94FF480710120FAF749F94FF4D8
:10B57000E0610220FAF744F941F230010320FAF7C2
:10B580003FF900210420FAF73BF940F2022108209C
:10B59000FAF736F900210920FAF732F900210A20DA
:10B5A000FAF72EF900210C20FAF72AF900210D20D4
:10B5B000FAF726F900210F20FAF722F900211020CE
:10B5C000FAF71EF907211120FAF71AF900211220C3
:10B5D000FAF716F900211320FAF712F900210720D3
:10B5E000FAF70EF941F290611020FAF709F940F2EA
:10B5F00027211120FAF704F99D211220FAF700F90A
:10B600004FF4C8511320FAF7FBF825212920FAF747
:10B61000F7F80D212B20FAF7F3F807213020FAF77D
:10B62000EFF840F203313120FAF7EAF80321322033
:10B63000FAF7E6F840F206213520FAF7E1F808219A
:10B640003620FAF7DDF840F206413720FAF7D8F84D
:10B650004FF44171382000E057E0FAF7D1F80721A4
:10B660003920FAF7CDF840F202613C20FAF7C8F829
:10B6700008213D20FAF7C4F800215020FAF7C0F85D
:10B68000EF215120FAF7BCF800215220FAF7B8F860
:10B6900040F23F115320FAF7B3F84FF427416020EE
:10B6A000FAF7AEF801216120FAF7AAF800216A2022
:10B6B000FAF7A6F800218020FAF7A2F800218120ED
:10B6C000FAF79EF800218220FAF79AF800218320E9
:10B6D000FAF796F800218420FAF792F800218520E5
:10B6E000FAF78EF810219020FAF78AF84FF4C0612B
:10B6F0009220FAF785F840F233110720FAF780F824
:10B7000022210020FAF77CF81FE78F48808849F251
:10B71000283188427ED141F28F01EC20FAF770F88F
:10B7200041F23421EF20FAF76BF84FF480710120D9
:10B73000FAF766F84FF4E0610220FAF761F841F297
:10B7400030010320FAF75CF800210420FAF758F8DA
:10B7500040F202210820FAF753F800210920FAF7F5
:10B760004FF800210A20FAF74BF801210C20FAF7D4
:10B7700047F800210D20FAF743F800210F20FAF7CF
:10B780003FF800211020FAF73BF807211120FAF7C3
:10B7900037F800211220FAF733F800211320FAF7C6
:10B7A0002FF801210720FAF72BF8322007F076FE58
:10B7B00041F290411020FAF723F840F2272111209E
:10B7C000FAF71EF8322007F069FE8A211220FAF7F4
:10B7D00017F8322007F062FE4FF4D0511320FAF729
:10B7E0000FF806212920FAF70BF80D212B20FAF784
:10B7F00007F8322007F052FE00212020FAF700F867
:10B8000000212120F9F7FCFF322007F047FE00213C
:10B81000302000E074E0F9F7F3FF40F204613120DA
:10B82000F9F7EEFF40F205313220F9F7E9FF002188
:10B830003520F9F7E5FF40F609413620F9F7E0FF3A
:10B840004FF401713720F9F7DBFF40F20131382066
:10B85000F9F7D6FF40F207713920F9F7D1FF00213F
:10B860003C20F9F7CDFF40F60A213D20F9F7C8FF4B
:10B87000322007F013FE00215020F9F7C1FFEF211D
:10B880005120F9F7BDFF00215220F9F7B9FF40F22E
:10B890003F115320F9F7B4FF4FF427416020F9F727
:10B8A000AFFF01216120F9F7ABFF00216A20F9F712
:10B8B000A7FF00218020F9F7A3FF00218120F9F7DD
:10B8C0009FFF00218220F9F79BFF00218320F9F7D9
:10B8D00097FF00218420F9F793FF00218520F9F7D5
:10B8E0008FFF10219020F9F78BFF4FF4C061922059
:10B8F000F9F786FF40F233110720F9F781FF24E6BC
:10B900001148808849F2203188427DD100210846C3
:10B91000F9F776FF4FF480710120F9F771FF4FF4CA
:10B92000E0610220F9F76CFF41F230010320F9F7E2
:10B9300067FF00210420F9F763FF40F2022108208D
:10B94000F9F75EFF002101E01C2900200920F9F72A
:10B9500057FF00210A20F9F753FF01210C20F9F7C6
:10B960004FFF00210D20F9F74BFF00210F20F9F7C1
:10B9700047FF322007F092FD40F201110720F9F74E
:10B980003FFF322007F08AFD4FF486511020F9F76F
:10B9900037FF07211120F9F733FF4FF48871122088
:10B9A000F9F72EFF4FF430611320F9F729FF00213A
:10B9B0002920F9F725FF44F210012B20F9F720FF89
:10B9C00000215020F9F71CFFEF215120F9F718FF53
:10B9D00000215220F9F714FF40F23F115320F9F7EC
:10B9E0000FFF4FF41C516020F9F70AFF012161207D
:10B9F000F9F706FF00216A20F9F702FF00218020F5
:10BA0000F9F7FEFE002100E031E08120F9F7F8FEB1
:10BA100000218220F9F7F4FE00218320F9F7F0FEDF
:10BA200000218420F9F7ECFE00218520F9F7E8FEDB
:10BA300010219020F9F7E4FE00219220F9F7E0FEB2
:10BA400001219320F9F7DCFE4FF488719520F9F776
:10BA5000D7FE00219720F9F7D3FE00219820F9F7AF
:10BA6000CFFE40F273110720F9F7CAFE6DE5FE48DC
:10BA7000808849F2313188427DD141F21401E720BA
:10BA8000F9F7BEFE4FF480710120F9F7B9FE4FF4CB
:10BA900000710220F9F7B4FE41F238010320F9F7F2
:10BAA000AFFE40F202210820F9F7AAFE002109208A
:10BAB000F9F7A6FE00210A20F9F7A2FE00210C20CA
:10BAC000F9F79EFE00210D20F9F79AFE00210F20C4
:10BAD000F9F796FE00211020F9F792FE07211120B8
:10BAE000F9F78EFE00211220F9F78AFE00211320BB
:10BAF000F9F786FEC82007F0D1FC41F290611020D2
:10BB0000F9F77EFE40F227211120F9F779FE322065
:10BB100007F0C4FC0C211220F9F772FE322007F066
:10BB2000BDFC4FF400611320F9F76AFE11212920B2
:10BB3000F9F766FE0B212B20F9F762FE322007F0A1
:10BB4000ADFC00212020F9F75BFE40F23F112120DF
:10BB5000F9F756FE00213020F9F752FE4FF48371B9
:10BB60003120F9F74DFE00213220F9F749FE4FF45C
:10BB70000171352000E064E0F9F742FE41F20A610C
:10BB80003620F9F73DFE40F207713720F9F738FE0D
:10BB90004FF483713820F9F733FE40F207713920F2
:10BBA000F9F72EFE40F202413C20F9F729FE40F65B
:10BBB0000F413D20F9F724FE00215020F9F720FE27
:10BBC000EF215120F9F71CFE00215220F9F718FE51
:10BBD00040F23F115320F9F713FE4FF41C5160203F
:10BBE000F9F70EFE01216120F9F70AFE00216A2013
:10BBF000F9F706FE00218020F9F702FE00218120DE
:10BC0000F9F7FEFD00218220F9F7FAFD00218320DB
:10BC1000F9F7F6FD00218420F9F7F2FD00218520D7
:10BC2000F9F7EEFD10219020F9F7EAFD4FF4C0611D
:10BC30009220F9F7E5FD40F233110720F9F7E0FD16
:10BC400083E48948808845F2084188427ED14FF4D8
:10BC500080710120F9F7D4FD4FF4E0610220F9F77B
:10BC6000CFFD41F230010320F9F7CAFD0021042085
:10BC7000F9F7C6FD40F207210820F9F7C1FD0021C0
:10BC80000920F9F7BDFD00210A20F9F7B9FD0021CF
:10BC90000C20F9F7B5FD00210D20F9F7B1FD0021C9
:10BCA0000F20F9F7ADFD142007F0F8FB41F2B06169
:10BCB0001020F9F7A5FD01211120F9F7A1FD0121BF
:10BCC0001720F9F79DFD4FF49C711220F9F798FDAC
:10BCD0004FF400611320F9F793FD09212920F9F7AA
:10BCE0008FFD09212A20F9F78BFD0021A420F9F707
:10BCF00087FD00215020F9F783FDEF215120F9F74E
:10BD00007FFD00215220F9F77BFD40F23F115320C7
:10BD1000F9F776FD4FF41C516020F9F771FD012110
:10BD20006120F9F76DFD00216A20F9F769FD002116
:10BD30008020F9F765FD00218120F9F761FD0021E0
:10BD40008220F9F75DFD0021832000E023E0F9F770
:10BD500057FD00218420F9F753FD00218520F9F7D4
:10BD60004FFD13219020F9F74BFD00219220F9F7A8
:10BD700047FD03219320F9F743FD4FF48871952087
:10BD8000F9F73EFD40F273110720F9F739FD322033
:10BD900007F084FBB8E43448808841F205518842BA
:10BDA0007ED100210720F9F72BFD322007F076FB2A
:10BDB0004FF48E711220F9F723FD0121A420F9F729
:10BDC0001FFD0F210820F9F71BFD08210A20F9F7B4
:10BDD00017FD08210D20F9F713FD40F207713020FF
:10BDE000F9F70EFD07213120F9F70AFD40F2036152
:10BDF0003220F9F705FD4FF4E0613320F9F700FD3B
:10BE000040F202213420F9F7FBFC02213520F9F73A
:10BE1000F7FC41F60F713620F9F7F2FC40F207719A
:10BE20003720F9F7EDFC00213820F9F7E9FC002173
:10BE30003920F9F7E5FC40F207713A20F9F7E0FC08
:10BE400000213B20F9F7DCFC07213C20F9F7D8FC66
:10BE500000213D20F9F7D4FC322007F01FFB01211F
:10BE60000720F9F7CDFC01E01C2900200121172053
:10BE7000F9F7C6FC322007F011FB4FF4BD5110203A
:10BE8000F9F7BEFC40F217211120F9F7B9FC4FF485
:10BE90008F711220F9F7B4FC4FF47061132000E0A9
:10BEA00097E0F9F7ADFC00212A20F9F7A9FC0A2157
:10BEB0002920F9F7A5FC4FF49F711220F9F7A0FC97
:10BEC00000215020F9F79CFCEF215120F9F798FC54
:10BED00000215220F9F794FC40F23F115320F9F76A
:10BEE0008FFC4FF41C516020F9F78AFC012161207E
:10BEF000F9F786FC00216A20F9F782FC00218020F6
:10BF0000F9F77EFC00218120F9F77AFC00218220DC
:10BF1000F9F776FC00218320F9F772FC00218420D8
:10BF2000F9F76EFC00218520F9F76AFC13219020B7
:10BF3000F9F766FC4FF440719220F9F761FC052196
:10BF40009320F9F75DFC00219520F9F759FC0021B9
:10BF50009720F9F755FC00219820F9F751FC4FF490
:10BF600080710120F9F74CFC4FF4E0610220F9F7F1
:10BF700047FC41F238010320F9F742FC002104207C
:10BF8000F9F73EFC00210C20F9F73AFC00210F20C4
:10BF9000F9F736FC00212020F9F732FC002121209E
:10BFA000F9F72EFC21210720F9F72AFC142007F0CD
:10BFB00075FA61210720F9F723FC142007F06EFAC7
:10BFC00040F273110720F9F71BFC142007F066FA02
:10BFD0005AE3FE4880884BF2055188427ED1002109
:10BFE0000846F9F70DFC00210846F9F709FC002185
:10BFF0000846F9F705FC00210846F9F701FC012184
:10C00000A420F9F7FDFB142007F048FA4FF41C5167
:10C010006020F9F7F5FB40F202210820F9F7F0FB68
:10C020004FF405713020F9F7EBFB43F21571312025
:10C03000F9F7E6FB40F204613220F9F7E1FB40F644
:10C0400016613320F9F7DCFB42F211213420F9F7B5
:10C05000D7FB4FF4A8513520F9F7D2FB48F207512E
:10C060003620F9F7CDFB41F207413720F9F7C8FB3D
:10C0700041F203413820F9F7C3FB20213920F9F7B9
:10C08000BFFB1A219020F9F7BBFB00211020F9F724
:10C09000B7FB07211120F9F7B3FB00211220F9F7B4
:10C0A000AFFB00211320F9F7ABFB142007F0F6F9E2
:10C0B0004FF4E6611020F9F7A3FB40F2371111208D
:10C0C000F9F79EFB142007F0E9F94FF4DC71122018
:10C0D000F9F796FB142007F0E1F900E083E04FF454
:10C0E00070611320F9F78CFB80212A20F9F788FB77
:10C0F00048212920F9F784FB142007F0CFF94FF4E9
:10C1000080710120F9F77CFB4FF4E0610220F9F720
:10C1100077FB41F238010320F9F772FB40F202216C
:10C120000820F9F76DFB00210A20F9F769FB0021CF
:10C130000C20F9F765FB00210D20F9F761FB302198
:10C140000E20F9F75DFB00215020F9F759FBEF2194
:10C150005120F9F755FB00215220F9F751FB40F22D
:10C160003F115320F9F74CFB4FF41C516020F9F7B5
:10C1700047FB01216120F9F743FB00216A20F9F711
:10C180003FFB11219020F9F73BFB4FF4C061922057
:10C19000F9F736FB40F202419320F9F731FB022117
:10C1A0009420F9F72DFB142007F078F901210720DE
:10C1B000F9F726FB142007F071F961210720F9F740
:10C1C0001FFB40F273110720F9F71AFB0021202012
:10C1D000F9F716FB00212120F9F712FB222100209C
:10C1E000F9F70EFB50E2794880884CF205518842FD
:10C1F0007ED100210846F9F703FB00210846F9F734
:10C20000FFFA142007F04AF900210846F9F7F8FA76
:10C2100000210846F9F7F4FA00210846F9F7F0FA88
:10C2200000210846F9F7ECFA0121A420F9F7E8FA11
:10C23000142007F033F94FF41C516020F9F7E0FAAD
:10C2400040F606010820F9F7DBFA40F203713020CE
:10C25000F9F7D6FA01213120F9F7D2FA0421322078
:10C26000F9F7CEFA4FF481713320F9F7C9FA4FF498
:10C2700040713420F9F7C4FA40F203113520F9F780
:10C28000BFFA1F213620F9F7BBFA40F203713720BD
:10C29000F9F7B6FA01213820F9F7B2FA042139206A
:10C2A000F9F7AEFA15219020F9F7AAFA4FF4826156
:10C2B0001020F9F7A5FA40F247211120F9F7A0FA6A
:10C2C0004FF4DE711220F9F79BFA4FF460611320EE
:10C2D000F9F796FA782007F0E1F84FF48071012021
:10C2E000F9F78EFA4FF400710220F9F789FA00E0AD
:10C2F00050E041F230010320F9F782FA08210A20C8
:10C30000F9F77EFA00210C20F9F77AFA20210E20A5
:10C31000F9F776FA00210F20F9F772FA00212020B0
:10C32000F9F76EFA00212120F9F76AFA3D212A2057
:10C33000F9F766FA142007F0B1F82D212920F9F752
:10C340005FFA00215020F9F75BFA4DF2EF0151201E
:10C35000F9F756FA00215220F9F752FA40F23F114C
:10C360005320F9F74DFA00216120F9F749FA00212D
:10C370006A20F9F745FA4FF440719220F9F740FA34
:10C3800005219320F9F73CFA4FF480710720F9F763
:10C3900037FA79E10D48808844F2315188427CD1E6
:10C3A00001210020F9F72CFA0A2007F077F841F272
:10C3B00028611020F9F724FA0E211220F9F720FA4B
:10C3C00040F639211320F9F71BFA01E01C2900205F
:10C3D0000A2007F063F840211120F9F711FA5021E3
:10C3E0001520F9F70DFA0A2007F058F81E2112203F
:10C3F000F9F706FA0A2007F051F84FF4B15110206E
:10C40000F9F7FEF942F639211320F9F7F9F90A2074
:10C4100007F044F84FF480710120F9F7F1F94FF477
:10C4200040710220F9F7ECF941F238010320F9F7E5
:10C43000E7F940F202210820F9F7E2F908210A2081
:10C44000F9F7DEF900213020F9F7DAF940F202417C
:10C450003120F9F7D5F94FF483713220F9F7D0F98B
:10C4600040F203513320F9F7CBF94FF482713420B5
:10C47000F9F7C6F940F201313520F9F7C1F940F278
:10C4800007713620F9F7BCF940F205313720F9F78A
:10C49000B7F94FF40271382000E040E0F9F7B0F945
:10C4A00040F60B713920F9F7ABF902214120F9F779
:10C4B000A7F94FF41C516020F9F7A2F9012161207E
:10C4C000F9F79EF94FF404719020F9F799F94FF4B8
:10C4D00085719220F9F794F904219320F9F790F9E6
:10C4E0004FF48071A020F9F78BF901210720F9F7AB
:10C4F00087F921210720F9F783F923210720F9F78C
:10C500007FF933210720F9F77BF940F23311072037
:10C51000F9F776F90021A020F9F772F9B4E0604844
:10C52000808844F235518842F8D130211520F9F73E
:10C5300067F910219A20F9F763F920211120F9F702
:10C540005FF943F228411020F9F75AF9022112202D
:10C55000F9F756F941F238011320F9F751F928207B
:10C5600006F09CFF12210846F9F74AF9282006F048
:10C5700095FF43F220411020F9F742F943F23801C8
:10C580001320F9F73DF9462006F088FF00213020FE
:10C59000F9F736F940F202413120F9F731F940F26A
:10C5A00007313220F9F72CF94FF441713320F9F7B4
:10C5B00027F904213420F9F723F940F2014135200D
:10C5C000F9F71EF940F207713620F9F719F940F230
:10C5D00005313720F9F714F94FF4C2613820F9F723
:10C5E0000FF94FF4C2613920F9F70AF94FF480715D
:10C5F0000120F9F705F94FF440710220F9F700F92D
:10C6000041F230010320F9F7FBF840F60801082059
:10C61000F9F7F6F808210A20F9F7F2F84FF41C515F
:10C620006020F9F7EDF801216120F9F7E9F84FF4FE
:10C630009F719020F9F7E4F84FF480719220F9F798
:10C64000DFF84FF480719320F9F7DAF84FF4405196
:10C65000A020F9F7D5F81021A320F9F7D1F801218E
:10C660000720F9F7CDF821210720F9F7C9F8232190
:10C670000720F9F7C5F833210720F9F7C1F840F290
:10C6800033110720F9F7BCF80120F7F7B1FE0120BC
:10C69000044908604FF6FF70F7F766FE21B000BD51
:10C6A0001C2900208482404210B50121034800F07B
:10C6B0001AF80121014800F013F810BD00040040F1
:10C6C00010B50121054800F00EF8012805D101211F
:10C6D000024800F005F8F6F7DBFC10BD000800404A
:10C6E000CA430282704730B502460020002300246E
:10C6F000158A05EA0103958905EA010413B10CB115
:10C70000012000E0002030BD2DE9FC5F04460D460D
:10C7100017461E46DDE90EABDDE90C894FF4784083
:10C720005749088057A01021CDE90010564843888A
:10C730000288A0212820F8F7FBFF54A01021CDE9A2
:10C740000010514843880288A0217820F8F7F0FFB4
:10C750004FA01021CDE900104B4843880288B42136
:10C760002820F8F7E5FF4BA01021CDE9001046483E
:10C7700043880288B4217820F8F7DAFF46A0102118
:10C78000CDE90010404843880288C8212820F8F7E6
:10C79000CFFF42A01021CDE900103B48438802881A
:10C7A000C8217820F8F7C4FF3DA01021CDE9001082
:10C7B000354843880288DC212820F8F7B9FF39A0E2
:10C7C0001021CDE90010304843880288DC21782010
:10C7D000F8F7AEFF34A01021CDE900102A484388B5
:10C7E0000288F0212820F8F7A3FF10200423224616
:10C7F000A02100904020F8F751FF102004232A4682
:10C80000A02100909020F8F749FF102004233A4619
:10C81000B42100904020F8F741FF10200423324655
:10C82000B42100909020F8F739FF102004234246ED
:10C83000C82100904020F8F731FF102004234A4619
:10C84000C82100909020F8F729FF102004235246B9
:10C85000DC2100904020F8F721FF102004235A46E5
:10C86000DC2100909020F8F719FF10200090064876
:10C87000018803236020109AF8F710FFBDE8FC9FA1
:10C880000000002078313A001C29002079313A005C
:10C8900078323A0079323A0078333A0079333A0004
:10C8A00078343A0079343A006661632069733A005B
:10C8B00000B597B0002012900B9012901F21FE48F7
:10C8C00001804FF6FF70FD490880F7F74DFD4FF4EA
:10C8D0007841F94801804FF6FF70F7F745FD0020D9
:10C8E000F5490880F648006810216423A022CDE9AC
:10C8F000001028210846F8F71BFF4FF47842142156
:10C90000084600F04BFC0021EE4880F820109FED17
:10C91000EE0A80ED090A49E2EA4840680A900120DF
:10C920000A998847E74890F8200000F0C0004028A6
:10C9300070D100200B90E34890F8200020F04000D8
:10C94000E04981F820000846828913A9129821F84D
:10C950002020DC48C18A13AA129802EB8000418093
:10C960001298401CC0B212901298012806D00228DA
:10C9700015D0032829D0042810D141E04FF6FF72CA
:10C980001421084600F00AFCD0480088143880B210
:10C990004FF4784214210A9000F000FCE8E3CB4801
:10C9A0000088143880B24FF6FF7214210A9000F00C
:10C9B000F5FBC6484088143880B24FF478420146EF
:10C9C0000A90142000F0EAFBD2E3C04840881438F3
:10C9D00080B24FF6FF7201460A90142000F0DEFB91
:10C9E000BA484088143880B20A90B8480088143891
:10C9F00080B24FF4784209900A9900F0CFFBB7E378
:10CA0000BDF84C10BDF85000081A0A90002802DB4F
:10CA10000A9802E0ADE30A9840420F90BDF84E102C
:10CA200013A8C088081A0A90002801DB0A9801E0C0
:10CA30000A9840420E900F9840430F900E98404342
:10CA40000E90DDE90E100844059007F021FCCDE9B9
:10CA500006019DED060B06F0D5FB8DED080B9DED57
:10CA6000080B51EC100B07F0CFFB80B21190BDF812
:10CA70005400BDF85810401A0A90002801DB0A98AB
:10CA800001E00A9840420F9013A84189C089081A12
:10CA90000A90002801DB0A9801E00A9840420E90B3
:10CAA0000F9840430F900E9840430E90DDE90E1012
:10CAB0000844059007F0ECFBCDE906019DED060B5F
:10CAC00006F0A0FB8DED080B9DED080B51EC100B53
:10CAD00007F09AFB80B210909DED110AF8EE400A23
:10CAE0009DED100AB8EE401A80EE810A8DED0A0A1B
:10CAF0000A9807F013FFCDE90C019FED750B53EC7D
:10CB0000102B9DED0C0B51EC100B07F0D5FB0ED349
:10CB10009FED710B53EC102B9DED0C0B51EC100B9A
:10CB200007F004FD03D3119808B11098F0BB002062
:10CB3000129066484088143880B20A906348008892
:10CB4000143880B24FF6FF7209900A9900F026FB64
:10CB50004FF478421421084600F020FB9FED600B53
:10CB600053EC102B9DED0C0B51EC100B07F0E0FB80
:10CB7000CDE908019DED080B51EC100B07F044FBCB
:10CB800080B213A90A90C989BDF8582013AB5B89FC
:10CB9000CDE90132CDE90310BDF85400009013A88F
:10CBA000C0880990BDF85000089000E00AE0BDF888
:10CBB0004E000790BDF84C00069007A90EC9FFF77C
:10CBC000A3FDE5E2BDF84C10BDF85400081A0A9028
:10CBD000002801DB0A9801E00A9840420F90BDF856
:10CBE0004E1013A84089081A0A90002801DB0A9801
:10CBF00001E00A9840420E900F9840430F900E9823
:10CC000040430E90DDE90E100844059007F040FB0C
:10CC1000CDE906019DED060B06F0F4FA8DED080B4B
:10CC20009DED080B51EC100B07F0EEFA80B211905D
:10CC3000BDF85000BDF85810401A0A90002801DBDA
:10CC40000A9801E00A9840420F9013A8C188C08951
:10CC5000081A0A90002801DB0A9801E00A9840426D
:10CC60000E900F9840430F900E9840430E90DDE9D0
:10CC70000E100844059007F00BFBCDE906019DED71
:10CC8000060B06F0BFFA8DED080B9DED080B51EC7D
:10CC9000100B07F0B9FA80B210909DED110AF8EE72
:10CCA000400A9DED100AB8EE401A80EE810A8DED23
:10CCB0000A0A0A9818E00000000000200200002084
:10CCC0004800002008000020000000001C2900206F
:10CCD000666666666666EE3FCDCCCCCCCCCCF03FCB
:10CCE000000000000000594007F018FECDE90C01DB
:10CCF0001FED090B53EC102B9DED0C0B51EC100BA1
:10CD000007F0DAFA0AD31FED0C0B53EC102B9DED54
:10CD10000C0B51EC100B07F009FC48D200201290CC
:10CD2000FE484088143880B20A90FC4800881438C5
:10CD300080B24FF6FF7209900A9900F02FFA4FF473
:10CD400078421421084600F029FA1FED1B0B53EC22
:10CD5000102B9DED0C0B51EC100B07F0E9FACDE90F
:10CD600008019DED080B51EC100B07F04DFA80B255
:10CD700013A90A90CA89BDF8581013AB5B89CDE995
:10CD80000131CDE90320BDF85400009013A8C088FC
:10CD90000990BDF850000890BDF84E000790BDF80E
:10CDA0004C00069007A90EC9FFF7AEFCF0E1BDF8F4
:10CDB0005000BDF85410401A0A90002801DB0A9870
:10CDC00001E00A9840420F9013A8C1884089081AD0
:10CDD0000A90002801DB0A9801E00A9840420E9070
:10CDE0000F9840430F900E9840430E90DDE90E10CF
:10CDF0000844059007F04CFACDE906019DED060BBD
:10CE000006F000FA8DED080B9DED080B51EC100BB0
:10CE100007F0FAF980B21190BDF84C00BDF8581037
:10CE2000401A0A90002801DB0A9801E00A98404263
:10CE30000F90BDF84E1013A8C089081A0A90002858
:10CE400001DB0A9801E00A9840420E900F98404397
:10CE50000F900E9840430E90DDE90E1008440590A7
:10CE600007F016FACDE906019DED060B06F0CAF9AA
:10CE70008DED080B9DED080B51EC100B07F0C4F97C
:10CE800080B210909DED110AF8EE400A9DED100A57
:10CE9000B8EE401A80EE810A8DED0A0A0A9807F072
:10CEA0003DFDCDE90C011FED760B53EC102B9DEDF4
:10CEB0000C0B51EC100B07F0FFF90AD31FED7A0BA6
:10CEC00053EC102B9DED0C0B51EC100B07F02EFBCF
:10CED00049D20020129091484088143880B20A90BC
:10CEE0008E480088143880B24FF6FF7209900A9974
:10CEF00000F054F94FF478421421084600F04EF93E
:10CF00001FED890B53EC102B9DED0C0B51EC100B0E
:10CF100007F00EFACDE908019DED080B51EC100B5E
:10CF200007F072F980B202460A9013A8C089BDF8D2
:10CF3000581013AB5B89CDE90131CDE90302BDF88F
:10CF40005400009013A8C0880990BDF850000890C4
:10CF5000BDF84E000790BDF84C00069007A90EC919
:10CF6000FFF7D2FB14E1BDF85000BDF84C10401A99
:10CF700000EE100AF8EEC00A68480088283800EE73
:10CF8000100AB8EEC00A80EE201A654880ED091A32
:10CF9000BDF85000BDF84C10084400EE100AF8EE41
:10CFA000C00A5E48008800EE100AB8EE400A5C48ED
:10CFB00090ED091A01EE600AF0EE000A80EE201AE8
:10CFC00080ED0B1A13A84089BDF84E10401A00EEF0
:10CFD000100AF8EEC00A51484088283800EE100ABE
:10CFE000B8EEC00A80EE201A4D4880ED0A1A13A848
:10CFF0004089BDF84E10084400EE100AF8EEC00A51
:10D000004648408800EE100AB8EE400A444890EDC9
:10D010000A1A01EE600AF0EE000A80EE201A80ED96
:10D020000C1A90ED090ABDEEC00A8DED090A0998A7
:10D03000002801DB099801E00998404202280FDC32
:10D04000374890ED0A0ABDEEC00A8DED0A0A0A982B
:10D05000002801DB0A9801E00A984042022842DDDC
:10D06000002012902D484088143880B20A902B4836
:10D070000088143880B24FF6FF7209900A9900F0C8
:10D080008DF84FF478421421084600F087F825A067
:10D090001021CDE90010214840880A901F480088DF
:10D0A000099002461A2128200A9BF8F741FB1C48E8
:10D0B00090F8340008B9012000E00020184981F8F8
:10D0C0003400084690F8340030B190201A490870B6
:10D0D000D0201A49087005E0D02017490870902028
:10D0E0001649087054E01F21154801804FF6FF7063
:10D0F000F7F73AF913A01021CDE90010074840884E
:10D100000A9006480088099002466E2123200A9B57
:10D11000F8F70EFB4FF47A7020E000001C29002085
:10D12000080000205450204E6565642072656164DB
:10D130006A75737421000000400000204100002047
:10D1400000000020546F7563682053637265656E3C
:10D150002041646A757374204F4B210006F09EF9DC
:10D1600000F030FA4FF6FF70F7F7FEF817B000BD89
:10D1700000BF0A2006F092F90B98401C80B20B9079
:10D180000B98B0F57A7F02DD00F040F802E000BFB6
:10D19000FFF7C2BB00BF00BFE8E7000070B5044660
:10D1A0000D4616461848068004F10D018AB2193959
:10D1B00088B22B462946F7F703FB05F10D0083B231
:10D1C000193881B222462046F7F7FAFA6A1C91B262
:10D1D000621C90B2F7F780FB6A1C91B2621E90B29B
:10D1E000F7F77AFB6A1E91B2621C90B2F7F774FBF4
:10D1F0006A1E91B2621E90B2F7F76EFB06222946B4
:10D200002046F3F7B8FF70BD0000002010B586B0CF
:10D2100018220021684600F023FC9DF80E400A2CDD
:10D220004CD1274800990160046800EE104AB8EE1E
:10D23000C00ADFED240A80EE201A234880ED091A87
:10D240001F4801990160046800EE104AB8EEC00A58
:10D25000DFED1C0A80EE201A1B4880ED0A1A1848E0
:10D2600002990160046800EE104AB8EEC00A164840
:10D2700080ED0B0A124803990160046800EE104A21
:10D28000B8EEC00A104880ED0C0A9DF80D000E495A
:10D2900081F83400084690F8340030B190200B49F2
:10D2A0000870D0200A49087005E0D02007490870AE
:10D2B000902007490870012006B010BD0020FBE750
:10D2C0004400002020BCBE4C08000020400000208C
:10D2D000410000201CB53748808845F21051884233
:10D2E00018D1F9F78DFE344834494860084690F863
:10D2F000340040F0800081F83400084690F8340093
:10D300002C49897901F0010108432C4981F8340046
:10D3100000201CBD01212620F9F736FF4FF4804084
:10D32000009000208DF804008DF8060003208DF891
:10D33000050001208DF8070069462148F4F7E4F85C
:10D340002020009000208DF804008DF806000320B6
:10D350008DF8050001208DF8070069461948F4F79B
:10D36000D3F84FF43040009001208DF80400694656
:10D370001348F4F7C9F811491631A1F10A0000F079
:10D38000A9F80E491631A1F10A0000F0A3F8FFF741
:10D390003DFF08B10020BCE70B480088F6F7E4FF2A
:10D3A000FFF786FA00F00EF9FFF730FF00BF01200B
:10D3B000AFE700001C290020F10800080800002049
:10D3C00000040240000802400200002070B506463A
:10D3D0000025002400201F4908601F49C1F8BC0235
:10D3E0001C49091F0860304600F0A6F9062006F027
:10D3F0007DF800201849C1F8B402012006F076F843
:10D4000001201449086006F071F800201249C1F8A3
:10D41000B40200BF15E04FF6FF7000EA440400209C
:10D420000C490860012006F061F801200A49C1F8A2
:10D43000B40208487C38006808B1601C84B2681CDB
:10D44000C5B2102DE7DB241101200249091F086035
:10D45000204670BDB4824042008040422DE9FE4328
:10D4600080460027002406E04046FFF7AFFF2DF876
:10D470001400601C84B2052CF6DB002416E0601C4E
:10D4800085B20FE03DF814003DF81510884207DD25
:10D490003DF814603DF815002DF814002DF81560C6
:10D4A000681C85B2052DEDDB601C84B2042CE6DB24
:10D4B0000027012405E03DF81400384487B2601CC1
:10D4C00084B2042CF7DB032097FBF0F086B23046E1
:10D4D000BDE8FE832DE9F04104460D46074800787B
:10D4E000FFF7BCFF064606480078FFF7B7FF074680
:10D4F00026802F800120BDE8F08100004000002040
:10D50000410000207FB504460D4602A903A8FFF79D
:10D51000E1FF064616B9002004B070BD694601A8B7
:10D52000FFF7D8FF06460EB90020F5E7BDF8040066
:10D53000BDF80C10884206DCBDF80C10BDF80400E4
:10D54000323081420CDBBDF80C00BDF8041088427B
:10D5500036DCBDF80410BDF80C00323081422FDA01
:10D56000BDF80000BDF80810884206DCBDF80810C0
:10D57000BDF80000323081420CDBBDF80800BDF878
:10D58000001088421CDCBDF80010BDF808003230E5
:10D59000814215DABDF80C10BDF80420881800EBA4
:10D5A000D071C1F34F012180BDF80810BDF80020F3
:10D5B000881800EBD071C1F34F0129800120ABE73F
:10D5C0000020A9E700B587B01F4890ED090ADFEDFC
:10D5D0001F0A20EE200ABDEEC00A1D4880ED000A99
:10D5E00000680190184890ED0A0ADFED180A20EE55
:10D5F000200ABDEEC00A164880ED000A00680290BD
:10D60000114890ED0B0ABDEEC00A114880ED000AEA
:10D61000006803900C4890ED0C0ABDEEC00A0C485F
:10D6200080ED000A00680490074890F834008DF8F7
:10D6300011000A208DF812001822002101A800F024
:10D640007BFA07B000BD00000800002020BCBE4CE3
:10D650004400002010B5044635480068002843D136
:10D660002CB13449A1F10A00FFF74CFF2AE03149FF
:10D67000A1F10A00FFF746FF20B32E48163890EDBF
:10D680000B0A90ED091A808900EE900AF8EE600A04
:10D6900001EE200ABCEEC00A10EE100A2549163928
:10D6A0008881084690ED0C0A90ED0A1AC08A00EEB7
:10D6B000900AF8EE600A01EE200ABCEEC00A10EEF5
:10D6C000100AC8821B48163890F8200000F080002D
:10D6D00038BBC0201749163981F8200008468189D7
:10D6E0008182C18AC1831CE01248163890F820005C
:10D6F00000F0800050B10F48163890F8200020F05C
:10D7000080000C49163981F820000AE00021094800
:10D7100016388182C1834FF6FF7006491639888119
:10D72000C8820448163890F8200000F0800010BD30
:10D73000140241421E000020002100BF15E000F04D
:10D7400080021AB101220A4B1A6002E00022084B43
:10D750001A604206100E0022054B083B1A60012297
:10D76000044BC3F8B4224A1CD1B20829E7DB704746
:10D77000BC8240420080404210B5F8F7CFFA40F238
:10D7800025511E4800F055F810B31C4800F00AF966
:10D79000C4B21B48008800F40040C8B9184800888B
:10D7A00000F4804060B10A2C03D0002014490880A6
:10D7B00020E01348008840F400401149088019E037
:10D7C0000D2C06D10E48008840F480400C4908809A
:10D7D00010E00B480088C0F30D000A490C540848BB
:10D7E0000088401C0649088008460088C72801DDDB
:10D7F00000200880F8F7A4FA10BD000000100140D6
:10D8000078000020F03B002001F40072B2F5007FA8
:10D8100000D100BFCA430280704721B1828942F41F
:10D820000052828104E082894DF6FF731A408281A2
:10D83000704770B50246002400230025002040F602
:10D840006A16B14200D100BFC1F3421501F01F03B7
:10D85000012606FA03F3012D02D19689334006E032
:10D86000022D02D1168A334001E0968A33400C1211
:10D87000012606FA04F41688344013B10CB10120D5
:10D8800000E0002070BDF0B503460024002600250E
:10D89000002040F66A17B94200D100BF1846C1F314
:10D8A000421401F01F06012707FA06F5012C01D1E9
:10D8B0000C3004E0022C01D1103000E014301AB119
:10D8C00007682F43076002E00768AF430760F0BDB9
:10D8D0002DE9FF4705460E460024A14600BFA0469D
:10D8E000B08900B100BF2C8A24F44054F08804436E
:10D8F0002C82AC8941F20C608443B08831890843A2
:10D90000718908430443AC81AC8A24F44074B08923
:10D910000443AC826846F9F777FC2048854202D080
:10D920001F48854202D1DDF80C9001E0DDF8089037
:10D93000A88900F4004040B109EBC90000EB0910D0
:10D9400031684900B0FBF1F707E009EBC90000EBD3
:10D95000091031688900B0FBF1F76420B7FBF0F0E3
:10D9600004012009642101FB1078A88900F400401B
:10D9700040B1322000EBC800B0FBF1F000F007002E
:10D98000044308E0322000EB08106421B0FBF1F002
:10D9900000F00F0004432C81BDE8FF870010014018
:10D9A0000014014001468888C0F30800704700BF9A
:10D9B000FEE7000010B50446214610A0F2F7EAFC8D
:10D9C000240300F015F900F0ADF800200D490860BF
:10D9D0002020FBF7CFF9C4F30740FBF7CBF9C4F3E2
:10D9E0000720FBF7C7F9E0B2FBF7C4F901200649AD
:10D9F000C1F8800200F096F810BD000066653A2577
:10DA0000780D0A0080824042008040421CB501210E
:10DA10000220F9F7B9FB012000908DF804000020E6
:10DA20008DF8060003208DF8050001208DF8070011
:10DA300069460848F3F768FD012007490860FBF7CD
:10DA400037F90020FBF7B2F900F032F803490880FB
:10DA50001CBD000000040240808240425C000020A7
:10DA60002DE9F04106460C46174600200F49086094
:10DA70000320FBF77FF9C4F30740FBF77BF9C4F3FE
:10DA80000720FBF777F9E0B2FBF774F9002505E012
:10DA9000FF20FBF76FF97055681C85B2BD42F7DBBC
:10DAA000012002490860BDE8F08100008082404208
:10DAB00010B5002400200E4908609020FBF75AF9A9
:10DAC0000020FBF757F90020FBF754F90020FBF783
:10DAD00051F9FF20FBF74EF944EA0024FF20FBF741
:10DAE00049F9044301200349C1F88002204610BDD2
:10DAF000808240420080404210B500240020074947
:10DB000008600520FBF736F9FF20FBF733F90446E0
:10DB100001200349C1F88002204610BD80824042A6
:10DB20000080404210B500BFFFF7E6FF00F00100A3
:10DB30000028F9D110BD00002DE9F05F81460F46A5
:10DB40001646DFF8A8B04FEA1738C7F30B0ACAF534
:10DB50008054A64200DC344644E04FEA08314FF4DA
:10DB600080525846FFF77CFF002508E00AEB0500CD
:10DB70001BF80000FF2800D003E0681C85B2A54216
:10DB8000F4DB00BFA54216DA4046FFF713FF00257D
:10DB900007E019F8050005EB0A010BF80100681C05
:10DBA00085B2A542F5DB4FEA08314FF48052584662
:10DBB00000F02EF804E022463946484600F028F8E6
:10DBC000A64200D10FE008F101084FF0000AA1447D
:10DBD0002744301B86B2B6F5805F02DD4FF48054D7
:10DBE00000E03446B9E700BFBDE8F09FF02B00200D
:10DBF00010B50020044908600620FBF7BBF801209F
:10DC00000249C1F8800210BD80824042008040423B
:10DC10002DE9F04107460E461446F0B2C0F5807576
:10DC2000AC4200DC254612E02A463146384600F078
:10DC300013F8AC4200D10BE02F442E44601B84B299
:10DC4000B4F5807F02DD4FF4807500E02546EBE7F8
:10DC500000BFBDE8F08100002DE9F04106460C460A
:10DC60001746FFF7C5FF00200F4908600220FBF7A9
:10DC700081F8C4F30740FBF77DF8C4F30720FBF7F6
:10DC800079F8E0B2FBF776F8002504E0705DFBF769
:10DC900071F8681C85B2BD42F8DB012002490860BA
:10DCA000FFF740FFBDE8F081808240420249012039
:10DCB000096881F8540070477C0200202DE9F0418A
:10DCC0008AB00446F4F760FBBCB32046F3F702FFCA
:10DCD0000190D0E90012CDE90412876A056A01A813
:10DCE000F3F736FF204600F013FF060025D020464C
:10DCF00000F00AFA8046B80704D52A46414604A82F
:10DD000001F064F82046F3F7E5FE01904046F3F792
:10DD1000E1FE06903046F3F7DDFE039005620698BB
:10DD2000019AC1691162C46101A8F3F711FF06A845
:10DD3000F3F70EFF03A8F3F70BFFF5F777FC0AB034
:10DD4000BDE8F0812DE9FF410AAF0DF1040870CF65
:10DD500000270097A8E8700000F004F804B0BDE8C0
:10DD6000F08100002DE9FC5F9846DDE90C549146F6
:10DD70000E460746DDF83CB0F4F706FBDFF82CA1B1
:10DD8000DAF8140004434DB9BAF8020048B3484821
:10DD90000AF138010068407C51F82050681C0ED010
:10DDA000FDB12846F3F796FE0190B0F90010B0F9E6
:10DDB00002200F441644B9F1000F02D006E00025FE
:10DDC0000FE0B0F90430591A01F10109B8F1000F60
:10DDD00004D1B0F90600801A00F1010801A8F3F798
:10DDE000B7FE0BF12C00F3F7B0FD5FEA000B57D044
:10DDF000BAF80200401CAAF802005846F3F76AFE7F
:10DE00000090078007EB09014680491E818006EBE0
:10DE10000801491EC1800E990161264A816A22408B
:10DE2000114381626846F3F793FEDAF80C005E4610
:10DE300050B1F3F7A5FE07463046F3F7A1FE0146C1
:10DE4000786948617E6101E0CAF80CB029465846FD
:10DE500000F0F4FEA00602D5584600F0DBFCE00717
:10DE600005D0DAF8201001F10101CAF8201060068F
:10DE700002D55846FFF722FFA0070DD55846F3F705
:10DE800029FE0090816A41F0020181626846F3F741
:10DE90005FFE584600F0A6FB0121584601F0E1F96B
:10DEA000F5F7C4FB5846BDE8FC9F0000E0020020E7
:10DEB0007C0200209F3F0700064910B5096800203A
:10DEC00081F85400F4F760FAF7F750FABDE8104013
:10DED000F5F7ACBB7C02002010B50446C168D4E95C
:10DEE0000020172A0DD004DC0E2A0CD0142A07D1EA
:10DEF00004E0222A0CD0282A02D10CE000F0C2FD56
:10DF00000020E06010BD2146BDE8104000F0C0BC1C
:10DF10006FF07040F5E7BDE8104000F063BB38B526
:10DF2000040010D0F4F730FA2046F3F7D3FD009048
:10DF30000068F4F7F9FF6846F3F70AFE2046F3F7A6
:10DF400023FDF5F773FB38BDF8B5050061D0F4F794
:10DF50001BFA284600F096FF002858D0284600F00B
:10DF6000E9FD06460B21284601F07BF9284600F022
:10DF70004CFD2846F3F7AEFD0090406A08B1F4F777
:10DF800003FB244C002104F15002A162A06852F866
:10DF90002030AB4201D142F820101E4A483252F8DC
:10DFA0002030AB4201D142F82010206904E04368E0
:10DFB000AB4200D1416000680028F8D10721284613
:10DFC00000F05DFB009801F00DFC284600F046FDD6
:10DFD000284601F0C5F80098806AC10703D0216A7D
:10DFE000A1F101012162800602D5A088401EA08017
:10DFF0006846F3F7ADFD6088401E60802846F3F761
:10E00000C3FC0448383050F8260000F003FCF5F754
:10E010000DFBF8BDE00200202DE9F0410025F4F7EA
:10E02000B3F900E0012502F025FF0028FAD11A4ECD
:10E030001A4C306890F8540038B1A08828B1E069D3
:10E04000012720B10068804704E0002702E001209A
:10E05000F5F7A0FFF5F7EAFA306890F8540058B1E8
:10E06000A08848B1F4F790F902F0C8FDF5F7DEFAA0
:10E07000A08808B10125EFE7F4F786F93FB1E06920
:10E0800010B14068804702E00020F5F783FFF5F704
:10E09000CDFA2846BDE8F0817C020020E002002095
:10E0A000034804490068407C51F820007047000094
:10E0B0007C020020180300200021022802D202491D
:10E0C00051F82010084670471803002010B50400CE
:10E0D00007D0F4F759F92046F3F752FDC469F5F774
:10E0E000A5FA204610BD0000014602480068806C79
:10E0F00000F002B87C0200201FB5039114210091AA
:10E10000694600F0A9FB1FBD10B5040007D0F4F765
:10E110003BF92046F3F734FD8469F5F787FA20468A
:10E1200010BD00002DE9F04F9BB04FF0000B5E4694
:10E13000CDF820B0CDF824B0CDF828B0F4F778FDB4
:10E1400018B100201BB0BDE8F08F6846F4F74AFD17
:10E150000098C84DC84C401C0ED10198401C0BD1F2
:10E1600020689DF8081000EB400005EB8000007A65
:10E17000884201D15846E5E7F4F706F900980028EF
:10E180000EDB019800280BDBBC490098B1F90010A8
:10E190000844BB4900900198B1F9001008440EE012
:10E1A0000098401C0CD10198401C09D1206800EB5C
:10E1B000400055F8201005EB800000914068019068
:10E1C00005A800F0EBFB9DF80900022800D22060B2
:10E1D00007AA12A92068F4F741F812990098401A8A
:10E1E000009007990198009A401A0190206800EB6E
:10E1F000400055F8201091420AD105EB8000019AA9
:10E200004168914204D1007A9DF8081088427CD080
:10E21000DDE900019DF80920F3F7BEFC994F39684C
:10E2200009B1684688479848216850F8210018B914
:10E23000DDE9000100F0DEFA06907A6812B1069975
:10E24000684690478B4F2068383707EBC001486815
:10E25000069A824201D0012200E000220DF120093D
:10E26000F0B1EAB1486800F0D1FDC8B1206807EB11
:10E27000C000406800F0BFFD90B19DE8070008AB0A
:10E2800007C31220CDF844900E90206807EBC00021
:10E2900040680EA901F00BF8206807EBC00046604B
:10E2A000069800F0B3FD00287ED00699206807EBA1
:10E2B000C002516000EB400005EB80009DF80810A3
:10E2C000007ADFF8B0A188420AF1280A5DD00698EA
:10E2D000C0B30698F3F7FEFB9DF8081013908DF875
:10E2E0003410216801EB410105EB8101097A8DF8B9
:10E2F0003510B0F900200099891A0B91B0F902008D
:10E300000199081A0C9013A800E0ACE0F3F720FC88
:10E310000BA8119011200E90206800EB400105EB36
:10E32000810191E88C000492CDE914379DF8082012
:10E330000A729DF8281031B10AEBC0014F68069AA5
:10E340004A6001E021E000270AEBC000D0F8048019
:10E3500006980EA900F064FF21680AEBC10043682B
:10E36000434501D04068069001EB410005EB800376
:10E37000DDE91412049807C33FB1384600F064F990
:10E3800018B121680AEBC100476020689DF80810A9
:10E3900000EB400805EB8802137A0B434BD00C23AB
:10E3A0004FF0010B574600E052E00AEBC0000E931D
:10E3B0004368DDF818C09C4515D043689BB109B18E
:10E3C000119608E055F828100891516809918DF8C8
:10E3D0002860CDF8449040680EA900F068FF2068DE
:10E3E00007EBC000466020689DF8081000EB400273
:10E3F00005EB82021172069951B39DE80E000DF1F2
:10E400002008A8E80E009DF8281021B1069907EB16
:10E41000C000416008E01D48007808B100F066F9CE
:10E42000206807EBC00046600698CDF844900EA91E
:10E4300000F03DFF0CE0069850B1069800F0DBFCC0
:10E4400030B19DE8070008AB07C310200E90EBE742
:10E4500021689DE81C0001EB410005EB80001CC019
:10E46000684600F035F905A800F064FEF5F7DEF81F
:10E4700080E60000047B0120E8020020AC020020BE
:10E48000AE020020A803002028030020380300204B
:10E490002DE9FF5F2C4D6878002853D100272B48C9
:10E4A000EF60AF620068DFF8A8903C464764AF8039
:10E4B0006F804FF0020A4FF0FF3B40F6FF7805F106
:10E4C00038062046F3F7BEFC98B1CDE90297CDE9B6
:10E4D00000BA0021424643460846FFF743FC1A4A69
:10E4E00046F8240040326FF0704142F8241000F0EA
:10E4F00079F8641C022CE4DB164FDFF85C80DFF84F
:10E500005C90002407EBC40000F048FA08EBC4005C
:10E5100000F044FA09EBC40000F040FA641C022C3D
:10E52000F0DB306800F076F9FFF7C0FB0120064908
:10E53000687030310A48086004B00846BDE8F05FF2
:10E54000F5F7E0BDBDE8FF9FE00200207C0200205F
:10E55000553301081C7B01202C7B01203C7B0120D2
:10E56000E51D010870B586B00D46060031D0F3F701
:10E570000BFF3046F3F7AEFA0090846AA10723D56B
:10E58000D0E90010CDE90110E00302D5304600F0DB
:10E59000AAFB5DB1286803906868049003A90098FD
:10E5A00000F004FA03A901A8F5F7AEFC314601A872
:10E5B00000F004FA40B140F601000440012C0AD0FA
:10E5C00001A9304600F08CFB6846F3F7C1FAF5F775
:10E5D0002DF806B070BD0098026A816901A800F0AC
:10E5E000F5FBF1E70021FFF7BDBFFEB515460E466E
:10E5F00004001CD0F3F76EFA0246009090F8280051
:10E60000800711D5314601A8F5F79BFC60B168463B
:10E61000F3F79EFA2A4601A9204603F0E5FA2046C0
:10E62000FFF754FD04460CE06846F3F791FAFEBD8F
:10E630002A4601A92046FFF7D8FF2046F3F7A0FAA3
:10E64000046A002CF4D1FEBD10B50446F3F79CFE1D
:10E65000204600F017FC0446F4F7E8FF204610BD02
:10E6600070B514460D460646F3F78EFE224629463F
:10E67000304600F019FCBDE87040F4F7D7BF1FB575
:10E68000262203910092694600F002F91FBD0000A6
:10E6900070B586B00D4606460024F3F775FE0B49AB
:10E6A0000948096850F8210048B10E2105950091EC
:10E6B00004A9CDE90316694600F094FD0124F4F79E
:10E6C000B5FF06B0204670BD30030020E8020020F0
:10E6D000054A01EB410102EB8101D0E9002380688A
:10E6E0000A60C1E901307047C87B012010B5F3F71B
:10E6F0004BFE00F009FDBDE81040F4F797BF70B580
:10E70000154606468AB00C4651EA050070D0002E28
:10E710006ED0F3F739FE3046F3F7DCF90590D0E917
:10E720000012CDE90212CDE9061284B1816A0A060F
:10E7300008D5890506D4BDF81810A1EB0401ADF881
:10E74000181004E0BDF81C102144ADF81C1085B170
:10E75000816ACA0508D5490506D4BDF81A10A1EB8F
:10E760000501ADF81A1004E0BDF81E102944ADF8FB
:10E770001E10806AC00302D5304600F0B4FA05AB23
:10E7800007CBC0E9001290F8280080070AD506AA36
:10E7900002A908A8F4F7EAF90598026A816908A8AD
:10E7A00000F014FBBDF91E00BDF90E10401A0090D8
:10E7B000BDF91C00BDF90C10431ABDF91A00BDF9D2
:10E7C0000A10421ABDF91800BDF90810411A05983F
:10E7D00000F088FD059901F10800F5F795FB05218A
:10E7E000304600F03EFD05A8F3F7B2F9F4F71EFF3E
:10E7F0000AB070BD70B50C460546F3F7C5FD22465C
:10E800002946002003F0DCFC0446F4F70FFF204605
:10E8100070BD000070B50446F3F7B6FD0C4D2868D6
:10E82000866C0CB90B49CC688464204600F0D0FC9F
:10E83000F6F79CFD2046F3F7A3F92968B0F900200C
:10E84000CA64B0F902000865F4F7F0FE304670BD06
:10E850007C020020E002002070B50D46040009D0C3
:10E86000F3F792FD2946204600F0BCFCBDE870405D
:10E87000F4F7DCBE70BD70B50C460546F3F784FDB9
:10E880002146284600F0DAFCBDE87040F4F7CEBE21
:10E8900070B50C0005460DD0F3F776FD2846FFF75E
:10E8A00033FC18B12146A56000F09CFCBDE8704027
:10E8B000F4F7BCBE70BDF8B50E4605004FF000047D
:10E8C0000FD0F3F761FD2846F3F704F900900469CF
:10E8D00006616846F3F73CF92846FFF783FEF4F734
:10E8E000A5FE2046F8BD000002490A6808601046EF
:10E8F00070470000F402002010B5F2F7E5FD024970
:10E9000000200968486410BD7C020020F8B5164656
:10E910000C4605001DD0F3F737FD2846F3F7DAF86B
:10E920000090B0F90410B0F90020891A641AB0F907
:10E930000610B0F90200641E081A361A761E6846E0
:10E94000F3F706F9324621462846FFF7D8FEF4F7DA
:10E950006DFEF8BD0EB50E48006890F8541009B170
:10E960000C4811E0806CF3F7B5F80090D0E9001086
:10E97000CDE901106846F3F7EBF80748416A11B199
:10E9800001A800F01BF801A803F03CFC0EBD00003C
:10E990007C0200209C7A0120E002002002490A68E3
:10E9A0000260086070470000F00200200B46B0F9DA
:10E9B0000220B0F900101846F4F704B938B50C4637
:10E9C00005462046F3F786F80146009090F82800A7
:10E9D000800703D46846F3F7BBF812E02846F5F742
:10E9E00093FA0098806920B104466846F3F7B0F8BE
:10E9F000E7E76846F3F7ACF8204600F05FFF002831
:10EA000001DA002038BD012038BDF8B50546F3F71E
:10EA1000BBFC6846F4F7B4FA1AE001212046F4F78B
:10EA200096FA009981B178B10846F3F7A9F84068E1
:10EA3000A84209D169462046009EF4F7B5FA04467B
:10EA40003046FFF76CFA04E069462046F4F7ACFA6A
:10EA50000446002CE1D1F4F7E9FDF8BD38B50446D1
:10EA6000F3F738F80090816941B1026A00F0AEF91D
:10EA7000204600F08DFB0099002088616846F3F77E
:10EA800067F838BD38B50C4600280AD0002C08D0ED
:10EA9000F3F720F82146009000F004F86846F3F7F9
:10EAA00057F838BD00224A800A8082880388D21A2B
:10EAB0008A80C2884088101AC880704710B5FFF756
:10EAC00023FB002802D0F3F75BF8C06910BD0000FB
:10EAD0000D4810B5006890F85400002806D00B4C83
:10EAE0006069012803DD401E6061002010BD2069BF
:10EAF000401C206102F03EFC18B1FFF72BFF012003
:10EB000010BD6069EFE700007C020020947A0120CC
:10EB100070B50546FFF7D2FF08E0AC4201D10024F2
:10EB200006E0F3F72DF8006AA84201D00400F4D102
:10EB3000204670BD10B50446F3F722F8806900281E
:10EB4000F9D12046BDE8104000F0B8BEF0B5384E0F
:10EB5000074687B0306890F8541041B1354C616970
:10EB6000491C6161012905DD012007B0F0BDFFF7F7
:10EB7000F1FEF9E7806CF2F7ADFF2F4D4FF0FF315A
:10EB800000902161297821B181680291C0680390C9
:10EB900007E090F8281089073CD5D0E90010CDE9AE
:10EBA00002101FB1394602A8F5F7AEF93068406C83
:10EBB00078B3009804903068406C01680591406813
:10EBC0000690686A30B104A8F2F7C2FF686AF2F7EB
:10EBD00081FF049005A90498FFF7E8FE05A902A8A3
:10EBE000F5F792F90DF11000F2F7B2FF696A19B169
:10EBF00002A8FFF7E3FEB0B13068816C02A8FFF70E
:10EC0000DDFE80B1DDE90201C4E90001FFF760FF2C
:10EC1000ABE706E06069401E60616846F2F798FF66
:10EC200004E06846E0E76069401E606100209CE700
:10EC30007C020020947A0120E0020020FEB50D0045
:10EC4000044647D0F2F746FF00900021856101623B
:10EC50002846F2F73FFF00990290C56991F8281005
:10EC600001F008062DB12846F2F734FF019036B1C5
:10EC700015E0C4616846F2F76BFF02A828E090F83F
:10EC8000280000070BD5009805620298C461684609
:10EC9000F2F75EFF02A8F2F75BFF01A818E002A8F6
:10ECA000F2F756FF01A8F2F753FF2846F2F768FF84
:10ECB00011E004620BE02846F2F762FF5EB990F8BB
:10ECC0002810090707D50198046200980562684674
:10ECD000F2F73EFFFEBD0190056A002DEBD1E8E79B
:10ECE000202202F081BF38B504001ED0F2F7F2FEF8
:10ECF000009090F82810890714D5406A20B1F3F7E6
:10ED000043FC0099002048622046FFF7DFF90446E3
:10ED100006E02046FFF7E7FF2046F2F731FF046ADE
:10ED2000002CF6D16846F2F713FF38BD70B50646E1
:10ED300015460C460846F2F723FF806AC00302D549
:10ED40004FF4804300E020232A4621463046BDE8A8
:10ED50007040AFF300802DE9FF4198461646074604
:10ED60000D0031D00846F2F7B5FE0090846A0246E5
:10ED7000A00726D5394601A8F5F7E3F808B340F611
:10ED800001000440012C07D0424601A9284602F0A8
:10ED90002BFF0098C46912E000984346026A81691B
:10EDA00001A8FFF7D8FFF4E7B4420AD0424601A910
:10EDB0002046FFF71AFC2046F2F7E2FE046A002C18
:10EDC000F2D16846F2F7C4FEBDE8FF812023FFF7C9
:10EDD000C2BF000070B50C46002550B14CB100BF59
:10EDE000F2F7CEFE8069A04201D1012501E00028A2
:10EDF000F6D1284670BD10B50124F2F7C1FE90F897
:10EE00002800C00600D50024204610BD70B5104D66
:10EE100006460E4C286804EBC00041683046FFF7F8
:10EE2000D9FF296804EBC102516829B10021526859
:10EE3000B24203D1012202E00121F8E7002201439E
:10EE4000114301D0012070BD002070BD1C7B01204A
:10EE5000E802002090F828309B0711D5B0F9003067
:10EE60008B420DDCB0F904308B4209DBB0F90210A3
:10EE7000914205DCB0F90600904201DB01207047A9
:10EE80000020704710B504460648C06806E0A0425E
:10EE900001D1012010BDF2F773FE40690028F6D1C0
:10EEA00010BD0000E0020020F0B58BB006004FF06E
:10EEB000000015460C4604900590069007903DD042
:10EEC00054EA05003AD03046F2F704FE0090D0E94B
:10EED0000012CDE902122A462146F3F773FE00988C
:10EEE0002A4621460830F3F76DFE0098C769684648
:10EEF000F2F72EFE2A462146384602F0C4FE30467E
:10EF0000F2F7E8FD009090F8281089070AD581698A
:10EF100041B1026AFFF70AFF0098026A816902A8FC
:10EF2000FFF704FF6846F2F713FE0320049007AAD8
:10EF300008A831C204A9304600F054F90BB0F0BD66
:10EF40002DE9F14187B000250798F2F7C3FD019044
:10EF5000D0E90212CDE9031207698669846A01A823
:10EF6000F2F7F6FD44F2200814EA080F30D0DFB1C2
:10EF700003A80799FFF722FDB0B10798FFF74AFCF5
:10EF800060070DD556B144F30000401C00900023EB
:10EF900007AA114903A8F3F71BFB05E00120F5E7D9
:10EFA000079800F065F801250798F2F793FD0190A6
:10EFB000816A21EA080181628A0402D541F00401D4
:10EFC000816201A8F2F7C4FD04498888401E888048
:10EFD00008B02846BDE8F081A5320108E002002013
:10EFE000F0B589B00546F2F775FD0290866A0469AE
:10EFF000D0E90210CDE9001002A8F2F7A9FD002C1B
:10F0000031D0B0072FD52E212846FFF734FC174CFE
:10F010006F46207800F101002070F0044FF00F06D9
:10F0200009D5CDE904650797FFF766FC04A92846D2
:10F0300000F0D8F810E03846FFF788FD0AE0CDE987
:10F0400004650797FFF758FC04A9284600F0CAF8A2
:10F05000FFF73EFD0028F2D120782F21401E2070BE
:10F060002846FFF708FC09B0F0BD0000E0020020D0
:10F0700038B50446F2F72EFD0090806A40F6010193
:10F080000840012805D06846F2F762FD204602F0EC
:10F09000EBFE1448006A002823D0204602F03CFF13
:10F0A0002046F2F76DFD8569046A18E02046F2F704
:10F0B00067FD90F82800C043800702D1204602F087
:10F0C000E5FE204602F028FF2046F2F759FD046ACB
:10F0D000002CEBD12846F2F753FD8569046A002D18
:10F0E000F6D138BDE0020020B0F90010B0F90420DC
:10F0F000914205DCB0F90210B0F90600814201DD51
:10F1000000207047012070477FB5094D074C2868E3
:10F1100054F82000002808D018210091694600F01A
:10F1200061F82968002044F821007FBD28030020F1
:10F13000E8020020094B1968002905D0002281420D
:10F1400006D108680AB1106070470028186070473F
:10F150000A4609680029F2D170470000F002002039
:10F1600070B505460948C0680CE000BFF2F708FD1D
:10F1700004464069A84205D12846F2F701FD4069DE
:10F18000606170BD0028F1D170BD0000E002002078
:10F1900070B50646F2F7F4FC05468069002809D0F0
:10F1A000F2F7EEFC0446C069B0420ED1F2F7E8FC7B
:10F1B000006AE06170BD00BFF2F7E2FC0146006A40
:10F1C000B04202D1286A086270BD0028F4D170BD37
:10F1D00010B5FFF7AFFC002803DBBDE81040F3F7E4
:10F1E000D7BD10BD70B50D4C06460D4620681428DD
:10F1F0000DDA3046F2F7C4FC01696E6041B1206857
:10F20000401C2060284688472068401E206070BD52
:10F210002846BDE87040FEF75FBE0000A403002052
:10F2200070B50C460546FFF7E6FD002805D02146DF
:10F230002846BDE87040FFF7D5BF70BD7FB50546D5
:10F24000002000900190029003900C462846F2F7AF
:10F2500097FC0269002A03D06846CDE90045904733
:10F260007FBD1FB5CDE900106946FFF7BBFF1FBD8D
:10F270007FB505460E464868C9680391CDE901058A
:10F280000D202C46009008E02046FEF73DFF0400CC
:10F2900003D069460396FFF7C3FF2046FFF7D4F972
:10F2A0000028F1D131462846FFF7BAFF7FBDF8B5F7
:10F2B000CC680D46064684B1F2F70CFC0090B0F91C
:10F2C00000002168081A206000996068B1F90210F6
:10F2D000401A60606846F2F73BFC29463046FFF76B
:10F2E000C7FFF8BD2DE9FF4F81B09B46C66962E0BC
:10F2F0003046F2F7EFFB01460090D1E90004896A3D
:10F30000254601F420730246802B09D0B3F5207FF7
:10F31000029B134406D063F30F02029B234405E0D3
:10F3200002EB0B0363F30F0204EB0B0301F4A06188
:10F3300063F30F04B1F5807F0BD0B1F5A06F039993
:10F340004FEA224307D0194461F31F422314039963
:10F3500006E00E991314194461F31F420E99231409
:10F3600019440FFA82FA61F31F440FFA80F9171457
:10F370004FEA2048AAEB0901A7EB080251EA020074
:10F3800002D03046FFF76CF92AB221B2A2EB090095
:10F39000A1EB0A01091AC7EB2440C8EB2542821AE7
:10F3A00051EA020002D03046FFF7A9F90098066A38
:10F3B0006846F2F7CDFB002E9AD105B0BDE8F08F7C
:10F3C0002DE9F0411B4D0C460646A968686B0144C7
:10F3D000491EA019884205D8016819B941680E4430
:10F3E00002F028FE686BA0420AD254F8040C271AD7
:10F3F000386828B978680644384602F01BFE3C4657
:10F40000304602F06DFA05EBC00732460021204677
:10F410003B6C03F031FB57F8400F083400B14460F7
:10F420002060002060603C602868304428603046DE
:10F43000BDE8F081447901202DE9F041054602F054
:10F4400081FB2B48C46BAC4202D8ED1C25F00304B1
:10F45000804600680C34A04202D20020BDE8F08152
:10F4600002F0A8FD0600F9D0204602F039FA424623
:10F4700011E000BF02EBC001096C59B18D686B68E7
:10F48000A3420BD2A96829B18D686B68A34205D24B
:10F49000002DF7D1401C1028ECD31FE0F5B1D8F8AF
:10F4A0003C00191B0C301F46814200D23C462846C6
:10F4B00002F0C0FD0421D8F8300001EBC6010023A2
:10F4C000455022463146284603F0D6FAA74203DDCE
:10F4D0002919381BFFF774FF3046BFE7204602F0BA
:10F4E000F1FD0028C0D0304602F084FDB5E70000F1
:10F4F0004479012001207047F0B40F4C246814B106
:10F50000A446F0BC60470D4DDFF834C010C855FA72
:10F5100084F63778C4F30726C4F307441CF8066062
:10F520002C5D521E04EB461404EBC7240C801944D6
:10F53000ECD1F0BC7047000060020020C0920108CE
:10F54000C093010810B510C80C601944521EFAD1BE
:10F5500010BD00002DE9F0478146F5F7C7FA4FF0DE
:10F56000000807466FF07F444546F5F7D7FA0600D6
:10F5700018D000BF56F82510494502D12846BDE8ED
:10F58000F0876D1CBD42F5DB5FF00005484656F87C
:10F590002510F2F73DFBA04201D20446A8466D1C9F
:10F5A000BD42F3DB4046EAE77047000010B5084A69
:10F5B00052FA80F1074BC0F30724C0F307401B5DEC
:10F5C000105C097800EB431000EBC12010BD000077
:10F5D000C0920108C09301082DE9F05F9A46DDE969
:10F5E0000A8791460C4605468B46164635F8020BAF
:10F5F00041468847B84701C4761EF7D15046BAF154
:10F60000200F06D2024649465846BDE8F05FF4F79F
:10F6100095B8BDE8F09F2DE9F041054640690E46DA
:10F620003421008801EB8000F2F780F90746F2F7F9
:10F6300051FA044628688069F2F704FCC1688A6AB6
:10F6400008219047032810DB04280DDD082809DD78
:10F65000102803DD20200421A06108E010200221F1
:10F66000A06104E0082000E004200121A0612161E4
:10F6700068690088E06148436061F2F703FA6169F4
:10F68000814200DD606104F1340000212060C4E9A2
:10F69000027184F83060012E05D0E1696FF0030239
:10F6A00002EB8101084460602046BDE8F081000063
:10F6B0002DE9F04385B08146F2F70CFA0390B0F9DA
:10F6C0000080B0F90270B0F90440B0F90650466A03
:10F6D00003A8F2F73DFAA4EB0804ED1B641C6D1CB3
:10F6E000002C01DD002D03DC002005B0BDE8F08317
:10F6F000AEB13046F2F7EEF90490B0F90440B0F93B
:10F70000065004A8F2F724FA4046444501D1BD4210
:10F710004FD001463A463046F3F784F849E0FEF709
:10F72000BFFC814513D1F5F72DFA0646F5F736FAF9
:10F73000B44201DC85420ADDB44200DD3446854234
:10F7400000DD05462A4621464846FFF7DFF81D4AF8
:10F750001D4901208DE807002B46224639464046C8
:10F76000F3F7CCF806464846F2F7B4F90390466240
:10F770000EB3816A41F48031816203A8F2F7E8F99F
:10F780003046F3F721F807460120F3F7C5FF30466E
:10F79000F2F7C9FF0D496C43A2000978F4F7BAFCEF
:10F7A0004846FFF71DFC0020F3F7B6FF3846F3F795
:10F7B0000BF8304699E703A8F2F7CAF94846FFF775
:10F7C0000FFC91E75C960108B4960108A0030020A5
:10F7D0000349884202D101F13C0070470C38704760
:10F7E000747B012010B50446E069FEF7ADFBE069CB
:10F7F0000028F9D110BD00000020F3F7E1FAF2F77C
:10F8000029FA6FF07F40F3F7E6FA1548F3F700FBAB
:10F810000522A02113A0F2F7F3FB1748F3F7F8FA3B
:10F820001DE016A002F066FAEF2340F23F123221EB
:10F830000020F2F71DFA4FF47A70F2F715FBFEF78D
:10F840002FFC05461549FFF736F8044614A002F0D0
:10F8500051FAFEF725FC05462146FFF72CF8E0E7B4
:10F86000108B0108574D5F5265647261772D5361AB
:10F870006D706C6500000000587801084261636B90
:10F8800067726F756E6420686173206E6F7420629A
:10F8900065656E2072656472617700007F320108D1
:10F8A0004261636B67726F756E642068617320627A
:10F8B00065656E2072656472617700000146064AD4
:10F8C000002000BF52F820308B4204D0401C022898
:10F8D000F8DB4FF0FF30704718030020F7B51546EE
:10F8E000184A01A9009812689047174C00902068A8
:10F8F000406920B12946F3F7FFF9002821D0012003
:10F90000F4F748FB2068C069406920B18268DDE9EE
:10F910000001904712E00D4D0CE06846F3F74CFDF6
:10F9200006462068C069016830468847296809B1E1
:10F93000304688470198401E0190EED50020F4F72C
:10F9400029FBFEBDD80300207C020020A402002079
:10F950002DE9F04781460C4617461D46DDF820800C
:10F96000B9B2A0B2F5F722FD094800890949096832
:10F97000088007E02E88084800680680A8F1010882
:10F98000641CAD1CB8F1000FF4DCBDE8F08700008A
:10F990001C290020B4000020B80000202DE9FF4FF2
:10F9A00083B081460E461C46DDE9117A109DDAF8D7
:10F9B00000000290DAF8040001902E4432480068FA
:10F9C000007C00F0030030B1012836D002281CD0A2
:10F9D000032855D130E000BF207880222A41104012
:10F9E00008B1019800E0029803463146761C48466B
:10F9F000059A02F095FC681C0546082801D10025EF
:10FA0000641C781E071EE7D13AE000BF20788021F1
:10FA10002941084028B131464846019B059A02F029
:10FA20007FFC761C681C0546082801D10025641C53
:10FA3000781E071EEAD123E000BFD9F810108868AD
:10FA40008047804600BF207880212941084060B16E
:10FA500031464846059A01F051FF83468BEA080378
:10FA600031464846059A02F05BFC761C681C054648
:10FA7000082801D10025641C781E071EE3D100BFB1
:10FA800000BF07B0BDE8F08F7C0200202DE9FF5FCA
:10FA90009046DDE90E924B4B99F80050C2F10804F4
:10FAA0008A465D5DDDE91071D540474A139E1268B4
:10FAB000127C12F0030225D0012A03D0022A37D08B
:10FAC000032A7DD10069806880471FFA80FBBC4211
:10FAD00000D93C463F1BBAF1000F65D0E8070AD0B9
:10FAE000DAF808004146039A03685046984731887F
:10FAF00081EA0B013180B61C6D0808F10108641E13
:10FB0000ECD15BE02F4ABC4200D93C46B7EB04077E
:10FB100005F001006D0831F8200026F8020B641E84
:10FB2000F6D1002F4CD019F8010F0824155CEAE734
:10FB300088881FFA80FBBC4200D93C463F1BBAF1C3
:10FB4000000F16D08DB1E80708D0DAF8080041465A
:10FB5000039A036850469847A6F800B0B61C08F10F
:10FB60000108641E11D06D08ECE706EB4406A044C2
:10FB70000BE045B1E80701D0A6F800B0B61C641E42
:10FB800003D06D08F5E706EB4406002F18D019F8EE
:10FB9000011F0C480824455CCDE719F8011F0948EE
:10FBA0000824455C93E70BE0E80703D0308880EA3F
:10FBB0000B003080B61C6D08641EF5D1002FECD10F
:10FBC000BDE8FF9F3C9501087C0200202DE9FF4F16
:10FBD00081B08A46DDF8388011ACDFF8FCB098F8C7
:10FBE00000509146DDE90F1745CC1BF80550C1F1D7
:10FBF0000804CD4039495B460968097C11F00301CE
:10FC00001ED0012903D002292FD0032961D1106809
:10FC10000069806880475946BC4200D93C463F1B7A
:10FC2000EA0702D0326842403260361D6D08641E19
:10FC3000F6D1002F4DD018F8012F08248D5CEBE78A
:10FC40001946BC4200D93C46B7EB040705F0010257
:10FC50006D0850F82220641E04C6F7D1002F38D05A
:10FC600018F8012F08248D5CEBE740680090BC4237
:10FC700000D93C463F1BBAF1000F16D08DB1E80702
:10FC800008D0DAF808004946049A036850469847B5
:10FC900000983060361D09F10109641E11D06D080D
:10FCA000ECE706EB8406A1440BE045B1E80701D080
:10FCB00000983060361D641E03D06D08F5E706EB32
:10FCC0008406002F05D018F8011F08241BF80150E6
:10FCD000CDE705B0BDE8F08F3C9501087C0200201F
:10FCE0002DE9FF4F81B00F469846DDE90F9A98F84D
:10FCF00000B00E9D0E9D2F4453480068007C00F01C
:10FD0000030010B102284BD14BE0BAF1000F25D00F
:10FD100000BFC5F103004400C4F10601C020084142
:10FD200000EA0B0020FA04F65AF826000090394643
:10FD30007F1CDDE90030039A02F0F2FA681C0546E8
:10FD4000042805D1002508F10100804690F800B094
:10FD5000A9F10100B0F10009DBD121E000BFC5F13C
:10FD600003004400C4F10601C020084100EA0B0072
:10FD700020FA04F639467F1C3346039A019802F0B4
:10FD8000CFFA681C0546042805D1002508F10100BA
:10FD9000804690F800B0A9F10100B0F10009DED171
:10FDA0004DE0BAF1000F26D000BFC5F103004400BA
:10FDB000C4F10601C020084100EA0B0020FA04F655
:10FDC00046B15AF8260000903946DDE90030039A22
:10FDD00002F0A6FA7F1C681C0546042805D1002500
:10FDE00008F10100804690F800B0A9F10100B0F1DF
:10FDF0000009DAD122E000BFC5F103004400C4F1DC
:10FE00000601C020084100EA0B0020FA04F62EB1DA
:10FE100033463946039A019802F082FA7F1C681C27
:10FE20000546042805D1002508F10100804690F818
:10FE300000B0A9F10100B0F10009DDD100BF00BFA1
:10FE400005B0BDE8F08F00007C0200202DE9FF5FC7
:10FE50008B460FA9DDF83880B1E82104C0F1040118
:10FE6000CCB298F80010400081402F48129F914674
:10FE70000068CEB2007C10F0030004D001283AD014
:10FE800002284FD114E0AC4200DDECB22D1BB109C9
:10FE90003AF8210027F8020BB006060E641E14F093
:10FEA000FF04F4D1002D3DD0042418F8016FEAE7D7
:10FEB000AC4200DDECB22D1BB0090DD0B109BBF195
:10FEC000000F3AF82100388006D0DBF808004946D8
:10FED000039A036858469847B006BF1C060E641E76
:10FEE00009F1010914F0FF04E6D1002D1AD0042411
:10FEF00018F8016FDCE7AC4200DDECB22D1BB00955
:10FF000003D0388880F0FF003880B006BF1C060E92
:10FF1000641E14F0FF04F2D1002D03D0042418F85D
:10FF2000016FE8E7BDE8FF9F7C0200202DE9FF5F3D
:10FF30008B460FA9DDF83880B1E82104C0F1040137
:10FF4000CCB298F80010400081402F48129F914693
:10FF50000068CEB2007C10F0030004D0012839D034
:10FF600002284ED113E0AC4200DDECB22D1BB109EA
:10FF70005AF8210001C7B006060E641E14F0FF04F3
:10FF8000F5D1002D3DD0042418F8016FEBE7AC4209
:10FF900000DDECB22D1BB0090DD0B109BBF1000F93
:10FFA0005AF82100386006D0DBF808004946039A69
:10FFB000036858469847B0063F1D060E641E09F1B7
:10FFC000010914F0FF04E6D1002D1AD0042418F81A
:10FFD000016FDCE7AC4200DDECB22D1BB00903D0B1
:10FFE000386880F0FF003860B0063F1D060E641EC2
:10FFF00014F0FF04F2D1002D03D0042418F8016F8F
:020000040801F1
:10000000E8E7BDE8FF9F00007C0200202DE9F041F9
:1000100007460D4690461C46069E08E04246294685
:100020003846236802F07CF9761E6D1C241D002ED4
:10003000F4DCBDE8F0812DE9F0479946DDE908548C
:100040000A9F92465FEA0108064608D0D8F80800E1
:1000500023464A46D0F804C051464046E04730693E
:10006000C06830B1A20029463846BDE8F047F0F735
:10007000B0BA28462146002604C8120E02D1761CCA
:10008000491EF9D156B1B20029463846F0F7A1FA17
:1000900007EB860705EB8605A41B0CE02868010E1C
:1000A000FF2905D2C1F1FF023968F3F7D1FF3860AB
:1000B0003F1D2D1D641E002CDBD1BDE8F087000024
:1000C0002DE9FF4F81B00F469846DDE90F9A98F869
:1000D00000B00E9D0E9D2F4453480068007C00F038
:1000E000030010B102284BD14BE0BAF1000F25D02C
:1000F00000BFC5F101008400C4F10401F0200841F3
:1001000000EA0B0020FA04F65AF82600009039465F
:100110007F1CDDE90030039A02F002F9681C0546F5
:10012000022805D1002508F10100804690F800B0B2
:10013000A9F10100B0F10009DBD121E000BFC5F158
:1001400001008400C4F10401F020084100EA0B0022
:1001500020FA04F639467F1C3346039A019802F0D0
:10016000DFF8681C0546022805D1002508F10100CA
:10017000804690F800B0A9F10100B0F10009DED18D
:100180004DE0BAF1000F26D000BFC5F10100840098
:10019000C4F10401F020084100EA0B0020FA04F643
:1001A00046B15AF8260000903946DDE90030039A3E
:1001B00002F0B6F87F1C681C0546022805D1002510
:1001C00008F10100804690F800B0A9F10100B0F1FB
:1001D0000009DAD122E000BFC5F101008400C4F1BA
:1001E0000401F020084100EA0B0020FA04F62EB1C9
:1001F00033463946039A019802F092F87F1C681C36
:100200000546022805D1002508F10100804690F836
:1002100000B0A9F10100B0F10009DDD100BF00BFBD
:1002200005B0BDE8F08F00007C0200202DE9F05FF2
:1002300092460BAA8946B2E842010A9F9B468B0070
:100240003A78C1F102009A40D5B24D4A0E9CC0B234
:100250001268127C12F003021AD0012A79D0022A05
:1002600038D100295FD028090DD02909B9F1000F34
:1002700038F82100208006D0D9F808005A465146A7
:10028000036848469847A41C0AF1010A761E48E014
:1002900039B12909761E38F8210024F8020B17F825
:1002A000015F022E10DB701006F001062A0938F8F3
:1002B000221005F00F02218038F822106180241DE1
:1002C00017F8015F401EF1D1002E03D0290938F83C
:1002D00021002080BDE8F09F28090DD02909B9F13F
:1002E000000F38F82100208006D0D9F808005A46BF
:1002F000514603684846984715F00F000DD038F86E
:1003000020006080B9F1000F07D0D9F808005A46E4
:100310000AF10101036848469847241D0AF1020AC0
:10032000B61E17F8015F022ED6DA002ED2D02809A9
:10033000D0D038F820002080B9F1000FCAD0D9F809
:1003400008005A46514603684846BDE8F05F184722
:10035000FFE7B04200DDF0B2361AA90903D02188C8
:1003600081F0FF0121802907A41C0D0E401E10F012
:10037000FF00F2D1002EADD0022017F8015FE8E7B0
:100380007C0200202DE9F05F92460BAA8946B2E874
:1003900042010A9F9B468B003A78C1F102009A40C5
:1003A000D5B24D4A0E9CC0B21268127C12F0030204
:1003B0001AD0012A78D0022A37D100295ED0280924
:1003C0000DD02909B9F1000F58F82100206006D09E
:1003D000D9F808005A465146036848469847241DF4
:1003E0000AF1010A761E47E031B12909761E58F854
:1003F000210001C417F8015F022E10DB701006F017
:1004000001062A0958F8221005F00F02216058F859
:1004100022106160083417F8015F401EF1D1002EF0
:1004200003D0290958F821002060BDE8F09F280971
:100430000DD02909B9F1000F58F82100206006D02D
:10044000D9F808005A46514603684846984715F0BF
:100450000F000DD058F820006060B9F1000F07D0F0
:10046000D9F808005A460AF101010368484698473E
:1004700008340AF1020AB61E17F8015F022ED6DA16
:10048000002ED2D02809D0D058F820002060B9F131
:10049000000FCAD0D9F808005A46514603684846AA
:1004A000BDE8F05F1847FFE7B04200DDF0B2361A52
:1004B000A90903D0216881F0FF0121602907241DCB
:1004C0000D0E401E10F0FF00F2D1002EADD0022024
:1004D00017F8015FE8E700007C0200202DE9F047F3
:1004E00081460F4692461C46DDE9085826480068BA
:1004F000007C00F0030010B1022841D11EE0B8F1E9
:10050000000F0ED00AE0267858F8263052463946B9
:10051000484601F005FF6D1E7F1C641C002DF2DCB7
:100520000BE008E0237852463946484601F0F8FED1
:100530006D1E7F1C641C002DF4DC21E0B8F1000F5F
:100540000FD00BE0267836B158F82630524639469F
:10055000484601F0E5FE6D1E7F1C641C002DF1DC99
:100560000DE00AE026782EB1334652463946484619
:1005700001F0D6FE6D1E7F1C641C002DF2DC00BF56
:1005800000BFBDE8F08700007C0200202DE9FF4F8E
:1005900083B015461E46DDE914BADDE91297DDF891
:1005A0004080119808283FD006DC012809D0022895
:1005B00018D0042863D126E0102844D020285ED12A
:1005C0004FE000240BE062193B46CDE900B6CDF8C0
:1005D00008A0DDE90301FFF7E1F94F44641C44453D
:1005E000F1DB4CE000240BE062193B46CDE900B69C
:1005F000CDF808A0DDE90301FFF772FB4F44641C4E
:100600004445F1DB3BE000240BE062193B46CDE9B9
:1006100000B6CDF808A0DDE90301FFF751FD4F4416
:10062000641C4445F1DB2AE0002409E062193B46E2
:10063000CDE9006ADDE90301FFF750FF4F44641C78
:100640004445F3DB1BE0002408E062193B460096BA
:10065000DDE90301FFF77CF94F44641C4445F4DBFA
:100660000DE0002408E062193B460096DDE9030135
:10067000FFF7CCFC4F44641C4445F4DB00BF00BFD3
:1006800007B0BDE8F08F00002DE9FF4F8DB0A848FE
:10069000DDE91D860068DDE91A970C46006EF1F76A
:1006A00019FA0690406908B1F1F714FA0A90069811
:1006B000C068089006A8F1F74BFAA0190E900A98A6
:1006C00050B19B490968097C890705D10EACCDF86A
:1006D00000900ECCF2F79AFEDDE90E0102F0E8FC84
:1006E0000446102F03D0182F5CDB002056E00025B5
:1006F0001FE000BFDDE90EB02844DDF828A0109E01
:1007000002905FEA08010FD020000DD07200EFF7D1
:10071000D9FEBAF1000F07D0DAF80800334659467F
:1007200047685046029AB8471C986D1C8044089848
:1007300004444D45DEDBF1E00A980390DDE90EB19B
:100740000B985FEA080508440190DDF840A02646B2
:100750001ED0EEB1039830B18068534659464768C1
:10076000019A0398B8470D9928680969096888476C
:100770003080039828B180685946019A036803982D
:100780009847B61C2D1D0BF1010BBAF1010AEAD1F5
:1007900008981C9904440B988844401C0B904845C9
:1007A000CADBBBE0082F03D01F9800286CD06DE097
:1007B000002065E01F9800280A9832D0DDE90EA1DC
:1007C00002900BEB010000901F9804905848109F76
:1007D000454600682646007C10F0030002D002283F
:1007E00048D109E015F8011B04987F1E30F821005C
:1007F00026F8020BF6D13DE0287858B1049931F87B
:1008000020003080029828B180685146009A036821
:1008100002989847B61C6D1C0AF1010A7F1EEBD1A5
:1008200028E0DDE90EA101900BEB010002904048A9
:10083000109F464600682546007C10F0030002D059
:10084000022817D105E03A4641462046EFF73AFE26
:1008500010E0307840B12880019828B18068514676
:100860000368DDE901029847AD1C761C0AF1010A14
:100870007F1EEED108981C99044488440BF10100B6
:100880008346484596DB49E02A481F90002543E00F
:100890003846012F04D002281CD0042F37D128E07D
:1008A00023480068006EF1F715F90690CDF8008036
:1008B000109A1F990594CDE90310CDE901620F98B4
:1008C0000A992B18DDE90D02FFF7E0F806A8F1F709
:1008D0003FF91CE010991F98CDE90086CDE9021080
:1008E0000F9804942B18DDE90D020A99FFF7AEFA70
:1008F0000DE010991F98CDE90086CDE902100F9800
:1009000004942B18DDE90D020A99FFF78FFC1C995E
:100910000898884404446D1C4D45B9DB0A980028AA
:1009200002D00AA8F1F714F911B0BDE8F08F000069
:100930007C0200204C9201082DE9FF4F8FB0A148A6
:10094000DDE91C960068DDE91F870C46006EF1F7B3
:10095000C1F80690406908B1F1F7BCF80A90069812
:10096000C068089006A8F1F7F3F804EB07001090B0
:100970000A9850B193490968097C890705D410ACDD
:10098000CDF800900ECCF2F741FDDDE9100102F048
:10099000ADFB0446182E15DB002510E01298CDF8AB
:1009A0000080CDE9010411980A992B18DDE90F02A6
:1009B000FFF741FB1E990898884404446D1C4D457F
:1009C000ECDBF6E0102E05D0082E3ED02198002852
:1009D00073D0A7E0002034E01098029011990B9892
:1009E000DDF828A00844DDF848B0464601902546C9
:1009F000BAF1000F07D0DAF80800DDE901214768F5
:100A00005B465046B8470F9930880969496888475E
:100A10002860BAF1000F06D0DAF80800DDE90121FC
:100A200003685046984702982D1D401CB61C029042
:100A3000BBF1010BE7D108981E9904440B98884438
:100A4000401C0B904845C7DBB3E0002064E02198D0
:100A500000280A9832D0DDE910A103900BEB0100C9
:100A60000190219800905748129F454600682646FD
:100A7000007C10F0030002D0022847D108E015F8EE
:100A8000011B00987F1E50F8210001C6F7D13DE000
:100A9000287858B1009951F820003060039828B1A7
:100AA00080685146019A036803989847361D6D1C6B
:100AB0000AF1010A7F1EEBD128E031E00490DDE964
:100AC00010A0584402903F48129F454600682646B1
:100AD000007C10F0030002D0022817D105E03A464E
:100AE00041462046EFF7EEFC10E0287840B1306038
:100AF000049828B180685146029A03680498984780
:100B0000361D6D1C0AF1010A7F1EEED108981E9950
:100B1000044488440BF101008346484597DB48E0D4
:100B200029482190002542E0012E04D0022E1CD03D
:100B3000042E37D128E023480068006EF0F7CAFF82
:100B4000CDF800800690219A12990594CDE90320F2
:100B5000CDE9017111980A992B18DDE90F02FFF711
:100B600035F806A8F0F7F4FF1CE021981299CDE9BA
:100B70000210CDE90087119804942B18DDE90F02CB
:100B80000A99FFF7D3F90DE021981299CDE90210E7
:100B9000CDE90087119804942B18DDE90F020A991A
:100BA000FFF7F0FB1E986D1C8044089804444D45E7
:100BB000BADB0A98002802D00AA8F0F7C9FF13B0E0
:100BC000BDE8F08F7C02002074960108F8B5054658
:100BD0000E4614461F463B462246314628460094A0
:100BE00000F084F9F8BD08B5009200F01BFB08BDC9
:100BF00008B5009200F06CFB08BD00002DE9F04143
:100C0000134E9EB00125B46A04B9F4686846F2F741
:100C1000A9F810480068D0E90C875CB12046FEF7BF
:100C20008FF900B16D1E2046F0F7AAFF44690CB1A0
:100C3000002DF3D14046B462F2F7CDF83846F2F712
:100C4000BFF86846F2F774F81EB0BDE8F081000006
:100C5000E00200207C020020F8B506460C4617464C
:100C60001D4623463A4621463046009500F03EF99F
:100C7000F8BD00002DE9FC47DFF8AC8081461E4638
:100C8000D8F8000015468A46006EF0F723FF019061
:100C9000406908B1F0F71EFF00902946504602F067
:100CA00007FA04460198C768D8F80000017CC90714
:100CB00015D0D9F810008068804787B2009820B11D
:100CC00081682A460B685146984720886D1C7840F9
:100CD00020800198B542C0680444EFDD19E0C06B84
:100CE0000168009870B11FFA81F800982A4681685F
:100CF0000B6851469847A4F800806D1C3C44B542EF
:100D0000F3DD06E0701B401C89B221803C44401E8C
:100D1000FBD101A8F0F71CFF0098002802D068461C
:100D2000F0F716FFBDE8FC877C0200202DE9FC47A8
:100D3000284F1E46154638688946006EF0F7CAFEF1
:100D40000190406908B1F0F7C5FE00902946484679
:100D500002F0CCF9396804460198CA6B097CD0F8D6
:100D60000C801768C90715D0006800698068804743
:100D70000746009820B181682A460B684946984783
:100D800020686D1C784020600198B542C06804441A
:100D9000EFDD13E0009858B100982A4681680B688F
:100DA0004946984727606D1C4444B542F4DD05E090
:100DB000701B401C27604444401EFBD101A8F0F783
:100DC000C7FE0098002802D06846F0F7C1FEBDE8D3
:100DD000FC8700007C0200200170012070470000A9
:100DE0002DE9F047224C0426A06AE0B1E06806EB4A
:100DF000D0014518E800FEF71FFB070036D0216B35
:100E000006EBC700B1460E58E0680836C20030460F
:100E1000D4F82880EFF7DDFBA7622663E0684B4635
:100E200001466A1E0EE01248BC30D0E901100830BD
:100E3000B1FBF0F5AD1CDDE7471C03EBC00C401C1B
:100E400046F80C709042F7D309EBC00000223250F4
:100E500021626068691A0844E56060605FEA080022
:100E600001D0F0F791FD0020BDE8F0870120FBE7FD
:100E700044790120F8B51A4DE86AE8B1F1F784FA2F
:100E8000EC6813E02046F0F725FE0090018D090480
:100E900008D5264644696846F0F75AFE3046FDF705
:100EA00053F803E044696846F0F752FE002CE9D19C
:100EB0000020E862F2F7BAFBA86900B18047094850
:100EC000006808B1804738B90748006890F85400B6
:100ED00020B1F1F7C7FE08B10120F8BD0020F8BD30
:100EE000E0020020A00200207C020020F0B50646AF
:100EF000059CC84DAD8849F24137BD420BD0C54D68
:100F0000AD8845F21037BD4205D0C24DAD8846F6DA
:100F10000407BD427ED1BF4D6D89BF4F3F683D8004
:100F2000C1F30F25BD4F3F683D80CDB2BB4F3F6839
:100F30003D80C3F30F25B94F3F683D80DDB2B74F09
:100F40003F683D80B34DAD89B34F3F683D80C2F3EC
:100F50000F25B24F3F683D80D5B2B04F3F683D800E
:100F6000C4F30F25AD4F3F683D80E5B2AB4F3F68FE
:100F70003D80A84D6D89A84F3F683D80C1F30F2586
:100F8000A64F3F683D80CDB2A44F3F683D80A14D44
:100F9000AD89A14F3F683D80C2F30F259F4F3F6849
:100FA0003D80D5B29D4F3F683D80A51A6D1C5F1AEC
:100FB0007F1C05FB07F0974D2D89974F3F683D80BB
:100FC00006E0974D2D68ED6B2D88944F3F683D806E
:100FD000051EA0F10100F4D18E4D6D898E4F3F6842
:100FE0003D8000258D4F3F683D808C4F3F683D80A0
:100FF000884D2D882D12894F3F683D80854D2D7875
:10100000864F3F683D80834DAD89834F3F683D806B
:10101000002500E011E0814F3F683D807F4F3F6831
:101020003D807C4D6D882D127C4F3F683D80794D11
:10103000AD787A4F3F683D80EAE0764DAD8845F265
:101040001057BD42F8D1734D6D89734F3F683D8095
:10105000C1F30F25714F3F683D806E4D6D896D1C4A
:101060006D4F3F683D80CDB26C4F3F683D80694D0C
:101070006D89AD1C684F3F683D80C3F30F25674FF6
:101080003F683D80634D6D89ED1C634F3F683D8037
:10109000DDB2624F3F683D805E4DAD895E4F3F6877
:1010A0003D80C2F30F255D4F3F683D80594DAD89AE
:1010B0006D1C594F3F683D80D5B2584F3F683D8009
:1010C000544DAD89AD1C544F3F683D80C4F30F258E
:1010D000524F3F683D804F4DAD89ED1C4E4F3F68EC
:1010E0003D80E5B24D4F3F683D804A4D6D894A4F86
:1010F0003F683D80C1F30F25484F3F683D80454D17
:101100006D896D1C444F3F683D80CDB2434F3F68B1
:101110003D80404DAD89404F3F683D80C2F30F2573
:101120003E4F3F683D803B4DAD896D1C3A4F3F6857
:101130003D80D5B2394F3F683D80A51A6D1C5F1ABE
:101140007F1C05FB07F0334D2D89334F3F683D80F1
:1011500006E0334D2D68ED6B2D88304F3F683D80A4
:10116000051EA0F10100F4D12A4D6D892A4F3F6878
:101170003D800025294F3F683D80264D6D896D1CBF
:10118000254F3F683D800025244F3F683D80214D1D
:101190006D89AD1C204F3F683D801E4D2D882D125E
:1011A0001E4F3F683D801B4D6D89ED1C1A4F3F68F7
:1011B0003D80184D2D78194F3F683D80154DAD8904
:1011C000154F3F683D800025144F3F683D80114D0D
:1011D000AD896D1C104F3F683D8000250F4F3F6863
:1011E0003D800C4DAD89AD1C0B4F3F683D80094DD6
:1011F0006D882D12094F3F683D80064DAD89ED1C6D
:10120000054F3F683D80034DAD78044F3F683D80FA
:10121000F0BD00001C290020B4000020B800002010
:101220007C0200202DE9FF4FDFF8A0A00C4685B01E
:10123000DAF80000DDF848801F46C16B15460968E2
:101240000391006EF0F746FC01902946204601F01C
:101250002FFF06460198391B01F1010BD0F80C90C5
:10126000406950B3F0F736FCA8EB0501491C00912A
:101270005B462A4602902146F2F7C8F802A8F0F72A
:1012800067FC1AE0DAF80000007CC0070DD0059872
:101290005F46344600698068804780B221884140BB
:1012A00024F8021B7F1EF9D105E003985A4681B24B
:1012B0003046F2F755FF4E446D1C4545E2DD01A86E
:1012C000F0F746FC09B0BDE8F08F00007C0200207A
:1012D0002DE9FE4F264E1F46144630680D46DDF8B8
:1012E0003090006EF0F7F6FB01902146284601F0A1
:1012F000FDFE791B01F1010A316880460198C96B36
:10130000D0F80CB00E68406958B3F0F7E3FBA9EBD6
:101310000401491C00915346224602902946F2F7E7
:1013200075F802A8F0F714FC1BE011480068007C77
:10133000C0070CD001985746454600680069806890
:1013400080472968414002C57F1EFAD107E0BAF103
:10135000000004DD01464046491E40C0FCD1D8448F
:10136000641C4C45E1DD01A8F0F7F2FBBDE8FE8FFF
:101370007C020020FEB54F4CD4E90201CDE900010A
:10138000206970B3A089401C00B2ADF800006189EB
:10139000ADF80210B4F90410884207DD2088ADF8DA
:1013A0000000E08910F10100ADF80200BDF9020073
:1013B000B4F90610884274DC3F4D2868806CF0F761
:1013C00089FB0290BDF90000B4F90010884220D1D9
:1013D000E088ADF80600A088ADF804002868806CAD
:1013E0000FE0FFE72088ADF800006088DCE700BF71
:1013F000F0F7C6FB0646006A0022694600F0D5F801
:10140000B0690028F4D1029800226946C06900F052
:10141000CCF8BDF80000ADF804002868806C0AE044
:10142000F0F7AEFB0646006A0022694600F046F877
:101430000028EED1B0690028F2D102980022694656
:10144000C06900F03BF80028E3D1B4F90400BDF90D
:101450000010ADF80400884207DADDE90001C4E9B4
:10146000020102A8F0F774FB98E72868806C08E096
:10147000F0F786FB0546006A0022694600F05CF83A
:10148000A8690028F4D1029800226946C06900F0DA
:1014900053F802A8F0F75CFB206944F6206188420B
:1014A00001DD0020FEBDDDE90001C4E902010120EB
:1014B000FEBD0000947A01207C020020FEB5174694
:1014C0000E460546002433E02846F0F703FB009063
:1014D000856A0146A80726D527B13A4601A8F2F742
:1014E00030FD03E0D1E90001CDE9010101A9304659
:1014F000F1F702FCB8B1E80702D00098C56910E026
:10150000BDF80800401C308001240CE001AA3146DF
:101510002846FFF7D3FF00B101242846F0F730FB3F
:10152000056A002DF2D10098056A6846F0F710FBB5
:10153000002DC9D12046FEBDFEB516460D46044617
:1015400030E02046F0F7C6FA0090846A0146A00712
:1015500023D526B1324601A8F2F7F3FC03E0D1E926
:101560000001CDE9010101A92846F1F7C5FBA0B1B1
:10157000E00702D00098C4690DE0BDF80400401EE9
:10158000A8800AE001AA29462046FFF7D5FF204699
:10159000F0F7F6FA046A002CF4D10098046A684661
:1015A000F0F7D6FA002CCCD1FEBDFEB516460D469E
:1015B000044648E02046F0F78DFA0090846A014620
:1015C000A0073BD526B1324601A8F2F7BAFC03E0EA
:1015D000D1E90001CDE9010101A92846F1F78CFB11
:1015E00000B3E00702D00098C46925E000983EB13E
:1015F000B0F90210B6F90200814203DD084601E0AD
:10160000B0F90200B5F90210814205DABDF9060011
:10161000401E03E0E88011E0BDF90A00B5F90610AC
:101620008842F7DB0AE001AA29462046FFF7BDFF02
:101630002046F0F7A5FA046A002CF4D10098046A59
:101640006846F0F785FA002CB4D1FEBD2DE9F041D3
:101650000C46C96886B049B306685EB394F830009A
:10166000012829D0E2696FF00303206803EB8202AE
:10167000656810446060276A2D1D2846A269F2F74C
:101680005DF861694FF000080291CDE90358CDF88B
:101690001480A1690120CDE90001F068E368E26AE5
:1016A000456839463046A847C4F80C80002006B08B
:1016B000BDE8F0810120FAE725686560A76ADCE7EC
:1016C000F0F762B92DE9F0470D46B3F9041006466C
:1016D0001C469146B14220DCB4F90800B0421CDB44
:1016E000B4F90600A84218DCB4F90A20AA4214DBB7
:1016F0002F1A711A88463A466069F0F7FFFC60B10C
:10170000B4F90800B4F90410401A401C00FB07802B
:10171000203454F82000BDE8F087D9F800000028F4
:10172000F9D0C1682A464B693146BDE8F0471847F1
:1017300000787047012070470246012901D1024814
:1017400070470020FCE700008C920108012901D0BD
:1017500000207047004870478C920108012901D091
:101760000020704700487047B49601080246A1F176
:101770000900082813D2DFE800F00406080A120C5A
:101780000E10084870470848FCE70848FAE7084880
:10179000F8E70848F6E70848F4E70848F2E70020C9
:1017A000F0E700003D28010863280108B52701087B
:1017B0008B1A0108751D0108651D01089D2201088D
:1017C000162901D00020704700487047312B0008CF
:1017D000162901D00020704700487047E929000809
:1017E00003460A4699680F2A1FD2DFE802F01E0856
:1017F0000A0C0E1E1E1E10121416181A1C00486821
:1018000070478868FCE7C868FAE70869F8E78869FC
:10181000F6E70020F4E70120F2E70120F0E70020DE
:10182000EEE70020ECE70020EAE74FF0FF30E7E7C3
:1018300070B500240D46022807DAF0F703FB20B14B
:10184000C1688A6A294690470446204670BD0068F0
:10185000C268926A1047082901D0002070472020F2
:10186000704710B5F3F742F9B0F5807F03D08028B8
:1018700003D307211AE0082118E0402801D30621EC
:1018800014E0202801D3052110E0102801D3042101
:101890000CE0082801D3032108E0042801D3022129
:1018A00004E0022801D3012100E00021012088404A
:1018B000401E10BD4FF0FF3070474FF6FF7070476D
:1018C00070B500240646012531462846FFF7B0FFD3
:1018D000844200DA04466D1EF6D5204670BD000035
:1018E0000146054A0F2000BF02EBC003DB6B8B42B1
:1018F00001D9401EF8D57047447901202DE9F04107
:1019000007460C461546A9B2A0B2F3F707FA0646F9
:101910003046BDE8F08110B50846114601F0C8FB1D
:10192000008810BD10B50846114601F0DFFB0068C5
:1019300010BD826800230B804B8093895B1E1BB215
:101940008B80138A5B1E1BB2CB80704738B50C4668
:101950008068F0F7BFF8009081882180C18861809D
:10196000818802891144491EA180C18840890844A8
:10197000401EE0806846F0F7EBF838BD38B50C46FD
:101980008068F0F7A7F8009081882180C188618085
:10199000818802891144491EA180C1884089084478
:1019A000401EE0806846F0F7D3F838BD0249096868
:1019B00048840020704700007C020020024909682A
:1019C00088840020704700007C020020054A904275
:1019D00001D1503A01E000F1080209B18A4200D079
:1019E00010467047FC7A01200349884202D1A1F1D8
:1019F0003C0070470C307047B07B01200021FFF79E
:101A0000E5BF0000F0B4124C646814B1A446F0BC09
:101A10006047541E04FB030401EB82000D4DDFF808
:101A200038C0001F2188E41A01F01F06521EAF5D66
:101A3000C1F3451605EBD1211CF80660097801EBCE
:101A4000062101EB074140F80419EBD1F0BC7047C7
:101A500060020020C0940108E094010810B50468F9
:101A6000184410C1521EFAD110BD70B50446F3F7E8
:101A70003DF80546F3F752F8AC4201D3002070BDA3
:101A80000028FCD050F8240070BD70B504462046F4
:101A900000F042F8054600220121A069F3F78EFF0D
:101AA0000543284670BD000070B5184D0446E8682F
:101AB000011DC0E90E01091D00646161417C05F151
:101AC000240050F82100C1680A6B04F10801904716
:101AD0000F48E066A868E061E868083060610120AE
:101AE0002076FCF7DDFAA064032084F870006FF024
:101AF0007040206360630020F3F70EFC6FF07F40BE
:101B0000F3F742FC0348286170BD0000700200201A
:101B1000446301082095010870B50446A06858B9CF
:101B20001C20EFF75BFFA060A568216988688047EB
:101B30000646F4F72BF8A861A06808B9012070BD2B
:101B40000020FCE72DE9F041244C94F82400002803
:101B500041D1012504F1BC0684F8245071684FF48A
:101B60002050814200D90146306800F0CFFEB068B5
:101B700010B970688008B0601A49194808600846B2
:101B8000F2F7C0FA5A20E0610020102101FA00F2B9
:101B900004EBC003401CDA631028F7D3D6E9001029
:101BA0000223C4E902030E18143EC4E90C610022AA
:101BB0004FF0040C5B1E05E0571C0CEBC20E521CD0
:101BC00046F80E709342F7D825626360FDF7F8FB84
:101BD000FFF706F9E562BDE8F081000044790120D5
:101BE000851D010868020020FEB514460D46064614
:101BF000EFF7C6FF0090836A980731D52846FDF7B6
:101C000073FA00282CD040F601000340012B27D0A6
:101C10003046EFF75FFF02460090294601A8F2F731
:101C200090F901A8FDF760FAB8B1009944F22002DA
:101C3000886A104205D0083101AA0846F0F796FFDD
:101C40000BE0DDE9012320438862C1E90223054955
:101C50008888401C8880F1F757F96846EFF778FFCD
:101C6000FEBD0000E002002010B5401A029CE41AFC
:101C70004443501A94FBF0F0184410BD704788425A
:101C800000DD084670472DE9F0478AB00446002081
:101C900091468A4601900290039006AE4FF00308E9
:101CA000049022E02046EFF715FF4A465146009087
:101CB000F0F788FF00984A4651460830F0F782FF57
:101CC0000098D0E907576846EFF742FF4A46514669
:101CD0002846FFF7D8FFCDF80480CDE906A901A971
:101CE00020460496FDF77EFA3C46002CDAD10AB075
:101CF000BDE8F087FEB5044600201949022264239E
:101D0000CDE900210290962232210A20FCF71AF830
:101D100006464FF4FA70F0F7A7F8002508E0022213
:101D200011463046FCF79CFC0A20F0F79DF86D1C2C
:101D3000282DF4DB44B1322205212046F0F74CF97E
:101D400040F6C410F0F790F83046FCF7FDF8FCF7C9
:101D5000A7F90746FCF746FCF0F7B6F9FEBD000010
:101D6000E932010810B5044600220621A069F3F704
:101D700025FE10BD10B5044600220521A069F3F729
:101D80001DFE10BD0B4910B5002081F8240001464E
:101D9000084880223C30F2F7BDF9BC2200210548FA
:101DA000F2F7B8F903480C220021BDE81040BC301E
:101DB000F2F7B0B944790120084910B500208861D4
:101DC000014678220648F2F7A5F9044808220021C6
:101DD000BDE810402430F2F79DB9000070020020E9
:101DE0000C7A01200B4A10B500215170D1620846CF
:101DF00002F1500402F14803C2F8101044F8201018
:101E000043F82010401C0228F8D31162516251613E
:101E1000D16110BDE002002010B5034C2069EFF73E
:101E2000D1FD0020206110BD5803002010B5034CE7
:101E30006068EFF7C7FD0020606010BD8C030020D4
:101E400010B5084CA068EFF7BDFDE068EFF7BAFDEC
:101E50002069EFF7B7FD00202061E060A0606061BD
:101E6000A06110BDB003002010B50446EFF788FE56
:101E7000806AC00301D5034900E003492046BDE85C
:101E8000104008477D270008E1EF00082DE9FC41DC
:101E90001F4C80462068806CEFF71CFE0090404687
:101EA000EFF718FE0146019000980830F0F724FF84
:101EB00028B32068009A0199D0E91356083201F13D
:101EC0000800F2F73EF86846EFF742FE114FC7F8F8
:101ED000248001992068B1F90020C264B1F9021090
:101EE000016501A8EFF734FE4046FFF7BDFF002073
:101EF00078622068C0E913560120BDE8FC8168467D
:101F0000EFF726FE01A8EFF723FE0020F5E700001B
:101F10007C020020E00200202DE9FC410546EFF79D
:101F2000D9FD009090F8281089073DD5C46939E0A3
:101F30002046EFF7CFFD019090F82810C94389079C
:101F40002BD100990831F0F7D7FE30B30098D0E9D3
:101F500002676846EFF7FCFD01A8EFF7F9FD2046A0
:101F6000FFF794FF70B12046EFF70AFE019020467C
:101F7000FFF7D2FF2046EFF703FE01902846EFF768
:101F8000FFFD00902846EFF7A5FD00902046EFF7F3
:101F9000A1FD01900098C0E902670198046A01A8B8
:101FA000EFF7D6FD002CC3D16846EFF7D1FDBDE8B1
:101FB000FC81000010B50E4C6168E06A814209D8CE
:101FC000401EE062FEF70CFFE16A491CE16208B1C5
:101FD000002010BD60680422401E6060206A216BF2
:101FE00002EBC0028A582262012201F8302010BDA3
:101FF00044790120074910B54A680424521C4A60FC
:102000000A6B04EBC0040B6A1351002302F8303052
:10201000086210BD4479012013B500680199FFF7EB
:1020200015FB0198846801A8EFF792FD2046EFF7B1
:10203000ABFC1CBD10B504464068FFF751FC0146DF
:10204000084863680268D21A026000EBC102D4E952
:102050000201403200B1416009B1086010BD10605A
:1020600010BD0000447901207CB5050025D0144C3A
:102070002068A84206D1EFF72DFD0090806820600F
:10208000684611E004462046EFF724FD0190806881
:10209000A8420DD1EFF71EFD01990090806888607D
:1020A0006846EFF755FD01A8EFF752FD00207CBD13
:1020B000044601A8EFF74CFDE5E701207CBD0000D8
:1020C000040400202DE9F05FDFF894808346D8F8FF
:1020D0003440D8F80810601E0F182046D0E90015CB
:1020E000B9BB6619BE4236D2D6E9001989B3D8F811
:1020F000303013F83130012B2DD1D8F828209142FF
:1021000001D1012100E000218A46FFF793FF3068EA
:10211000D8F83010042202EBC0004A460C50314679
:102120002046EEF714FABAF1000F05D0D8F83010B7
:10213000321B891AC8F8301004EB09012846FDF754
:102140003FF9BBF1000F05D0834503D80020BDE85F
:10215000F09F00E04D462C44BC42BED30120F6E780
:10216000447901202DE9F8431F4690460E460500AC
:102170000AD0EFF7AFFC3A4641460090FCF76AFE02
:1021800028B10098C46912E00020BDE8F8836846D1
:10219000EFF7DEFCF8E73B46424631462046FFF7C4
:1021A000E1FF00B105462046EFF7EAFC046A0CB1F6
:1021B000B442F0D16846EFF7CBFC2846E5E70000D3
:1021C00070B50646064814460D460068FBF774FFD6
:1021D00023462A463146BDE87040FFF7C3BF0000E2
:1021E000E8020020064910B509684A6B824206D011
:1021F0004863F2F7EFF8BDE81040F3F793B810BD6D
:102200007C0200201FB504460F480168486C38B1B5
:1022100002680292406803900C48406A18B901E0D5
:1022200020460EE0886CEFF755FC02A90090FCF701
:10223000BDFB6846EFF78CFC214602A8F1F764FE6F
:1022400002A8F3F77BF81FBD7C020020E00200200B
:10225000064910B509680A6B824206D00863F2F796
:10226000B9F8BDE81040F3F795B810BD7C02002026
:1022700030B509490B681A7C82EA0004640707D567
:102280009C6BDB6B25681B6823600B68DB6B1D6038
:1022900009680874104630BD7C0200207CB50446F5
:1022A0000D4616460020009001908DF804500096CF
:1022B0006A460421A069F3F781FB7CBD0A490B48FB
:1022C000D1E90032934202DAC0E9083201E0C0E904
:1022D0000823D1E902218A4202DAC0E90A217047C3
:1022E000C0E90A1270470000847A0120B002002081
:1022F0007CB504460D4616460020009001900095DE
:1023000001966A460321A069F3F758FB7CBD00687B
:10231000C3681B6A18470068C3681B6A1847000037
:1023200030B5524CA48849F24135AC4205D04F4CEF
:10233000A48845F21035AC421CD14C4C64894C4DFC
:102340002D682C80C1F30F244A4D2D682C80CCB20F
:10235000484D2D682C80454CA489454D2D682C8016
:10236000C2F30F24434D2D682C80D4B2414D2D680B
:102370002C8071E03D4CA48846F60405AC4224D183
:102380003A4CA488012C03D1384C2488641E611A6D
:10239000364C6489364D2D682C80C1F30F24354DA1
:1023A0002D682C80CCB2334D2D682C802F4CA48905
:1023B0002F4D2D682C80C2F30F242E4D2D682C80BC
:1023C000D4B22C4D2D682C8046E0284CA48845F2D0
:1023D0001055AC4228D1254C6489254D2D682C80A0
:1023E000C1F30F24234D2D682C80204C6489641C7C
:1023F0001F4D2D682C80CCB21E4D2D682C801B4C9F
:10240000A4891B4D2D682C80C2F30F24194D2D6813
:102410002C80164CA489641C154D2D682C80D4B2D8
:10242000144D2D682C8017E0104CA488012C03D18A
:102430000E4C2488641E611A0C4C64890C4D2D6866
:102440002C800C4D2D682980084CA489084D2D68DE
:102450002C80084D2D682A80044C2489044D2D6859
:102460002C80044D2D682B8030BD00001C290020DD
:10247000B4000020B80000207CB510481C4615466A
:1024800000680E46006EEFF725FB019029463046A6
:1024900000F00EFE04800198406950B1EFF71AFB7E
:1024A000009081682A460B68314698476846EFF7E6
:1024B0004FFB01A8EFF74CFB7CBD00007C02002025
:1024C0007CB510481E46144600680D46006EEFF7B6
:1024D00001FB01902146284600F008FE06600198A5
:1024E000406950B1EFF7F6FA0090816822460B6818
:1024F000294698476846EFF72BFB01A8EFF728FB22
:102500007CBD00007C0200202DE9F74FA8B0EFF75A
:10251000E1FA039001680891B0F9042029998A42F0
:102520000AD1B0F906002A99884205D103A8EFF72D
:102530000FFB2BB0BDE8F08F0020F0F745F9259098
:10254000089882699A4818920168487C17908242DC
:1025500000D04A740398B0F904100991B0F908202A
:10256000B0F906B0A2EB0101B0F90A2001F1010AAD
:10257000A2EB0B0101F101012491017C89077DD5BA
:1025800041690C9100F120011B91099A2999A1EB55
:1025900002082A99B8F1000FA1EB0B074FF0FF31A9
:1025A00009DD012210920022554616926A1ECDF8CE
:1025B00038801E9209E0AAF10102169200220E92C2
:1025C000169A0D46424410911E92002F09DD0121FA
:1025D000DDF890901D91A9F101011F9700240B9146
:1025E00007E01D91249C89460021641E1F91E1197A
:1025F0000B91C068EFF76EFA2190089804A9C068A3
:10260000026B0898904710990398FDF704F81A9008
:1026100010990398FCF7FFFF2290A1E01F988442D5
:1026200004DB0B98844201DC012000E000202690AE
:102630000BEB040038440790169E8CE0002023909A
:10264000224631460C98EFF759FD209000287DD0A6
:102650001B9800EB860104FB0AF001EB80000F9051
:102660000998811901EB080006900E98864208DB54
:102670001E98864205DC269818B100E07EE0012015
:1026800000E000200090BDF910100698814215DC92
:10269000BDF912100798814210DCBDF9141006989C
:1026A00081420BDBBDF916100798814206DB01461B
:1026B000039B089A0698FFF705F82390009840B10D
:1026C000B6EB080120D4E21B1ED40C98EFF716FDE0
:1026D000D0B90998BDF91020304404EB0B018242B7
:1026E00012DCBDF912208A420EDCBDF914208242B0
:1026F0000ADBBDF916208A4206DB229A00920F9A65
:10270000089B126800F075F8BDF910100698814218
:102710001ADCBDF912100798814215DCBDF91410BE
:102720000698814210DBBDF91610079881420BDB39
:10273000DDE920010DF1180C51F820201A980090C5
:10274000BCE80B0000F055F80F9900E001E0239879
:10275000086010980644AE427FF470AF1D980444A0
:102760004C457FF45BAF1A990398FFF755FC22990B
:102770000398FFF751FC21A8EFF7EAF9039829998C
:1027800081802A99C18029995144491E0181249A46
:102790002A991144491E4181DDE91710884203D06E
:1027A00008460349096848742598F0F70DF8BDE616
:1027B0007C0200202DE9FC4105460E46174600200C
:1027C000009001902846FFF7A7F9A86878B1AC6897
:1027D000606908B9304600E0606960616660A760C2
:1027E000009601976A460721A869F3F7E7F8BDE864
:1027F000FC812DE9F0410646069C0D461746606AAD
:10280000A84205D194F93010206A0844B04203D0A0
:1028100021461846FEF71AFF6068076094F93010E9
:10282000606800EB81006060E06808B9C4E90A658F
:10283000401CE060C4E90865BDE8F081F8B50446D5
:102840000D46002000902046FFF766F9A06838B1D9
:10285000A668356000956A460221A069F3F7AEF8D4
:10286000F8BD2DE9F04105460E4617462846FFF70C
:1028700053F9A86818B1AC68E66027616661BDE8E5
:10288000F081000070B5144C0546D4E90010814277
:1028900012D0FCF79DFF297A027A91420CD121686F
:1028A000814209D0FCF794FF297A007A814203D152
:1028B0006068FCF78DFF60600ECD606880E80E00F8
:1028C000FFF792F860602168814203D10846FFF764
:1028D0008BF8206070BD0000DC03002030B404469B
:1028E000094A0B46401C07D0581C05D09068411C73
:1028F00002D0D1684D1C02D14FF0FF300146C2E931
:10290000024330BCF0F79EBCB0020020F0B58E0848
:102910000023FF220546002406E0E718B7FBF2FC7F
:1029200002FB1C7780C5641CB442F6D30546002424
:102930000BE004EB030CBCFBF2FE80CD02FB1ECCD3
:10294000BC4501D00320F0BD641CB442F1D35B1C34
:10295000022BDFD34E0800230546002407E0E718CA
:10296000B7FBF2FC02FB1C7725F8027B641CB44227
:10297000F5D3054600240CE004EB030CBCFBF2FE8F
:1029800035F8027B02FB1ECCBC4501D00220F0BD15
:10299000641CB442F0D35B1C022BDDD3002305463C
:1029A000002407E0E618B6FBF2F702FB176605F80D
:1029B000016B641C8C42F5D3054600240CE000BF7B
:1029C000E718B7FBF2FC15F8016B02FB1C77B74266
:1029D00001D00120F0BD641C8C42F1D35B1C022BA2
:1029E000DDD30022134602E000F8013B521C8A426C
:1029F000FAD30020F0BD00007CB5050020D0EFF731
:102A000069F8104900904C68AC4214D140684860A5
:102A100013E02046EFF75EF801904468AC4207D11E
:102A2000009801994068486001A8EFF791F804E028
:102A300001A8EFF78DF8002CEBD16846EFF788F886
:102A40007CBD0000040400200A4A816952F821304C
:102A5000834202D1036842F82130416809B102681B
:102A60000A60016809B142684A6000210160416062
:102A70007047000094020020006180E80E001044BE
:102A800040F8042C704700002DE9F74FC8488B46EA
:102A90009CB0D0E90010CDE9191092461C98EFF7D0
:102AA00019F81190D0E90454B0F90810D0F80C804E
:102AB0000A91DFF80093B0F90A001390D9F80000EA
:102AC0004E46407CEFF76AFB109011980068006951
:102AD000406817903068407CEFF706FC064611A866
:102AE000EFF736F8082D01D8012004E0102D01D8A9
:102AF000022000E004200F90012D21D00027109823
:102B0000082871D3082D6FD91798B0426CD0D9F826
:102B10000000407CEFF7E0FB12900A988000EEF78F
:102B200005FF1B9000287DD01C98EFF7FCFD814627
:102B3000002C78D02046EEF7CDFF002618908AE0D2
:102B400019AFDCE700200C901898324681684B6979
:102B50000CA998470A990446884221D11B98EEF7A0
:102B6000B9FF129B179ACDE90023014616904846FB
:102B70002246109BFCF730FD03AB0020169A1099FB
:102B800085C301200090CDE9010103460AEB06014F
:102B900058460A9AF1F7E4FC16A8EEF7D9FF58E078
:102BA000012D1ED053E00C9801AB09EBE00200F0C0
:102BB00007010492CDE9057101210091A3E82201EA
:102BC0000AEB0601584401232246F2F705FF0C9850
:102BD000324620440C90189881684B690CA998479C
:102BE0000446002CDFD134E04FE01B98EEF772FF73
:102BF000169001460C9B0F98179A03FB0090129BAE
:102C0000CDE900232246109BFCF7E6FC02AB1098AE
:102C10000021169A87C3012000900AEB060101905B
:102C20000C9A01E02EE01EE00BEB0200012322468D
:102C3000F1F796FC16A8EEF78BFF0C98324620446D
:102C40000C90189881684B690CA998470446002C91
:102C5000CBD1C144761C13988642FFF673AF18A8F7
:102C6000EEF776FF0BE0012001A905970090A1E89F
:102C7000210351465846139B0A9AF1F771FC1B98A1
:102C8000EEF782FE1FB0BDE8F08F1C98EFF74BFD0A
:102C90008146002C7ED02046EEF71CFF00241890C1
:102CA00070E000200C901898224681684B690CA9AE
:102CB00098470A99064688421DD1069400E0641C94
:102CC0001898621C81684B690CA99847B042F6D0ED
:102CD000012001A905970090A1E8210306980A9A0E
:102CE000261A0AEB0001731C5846F1F739FC761CD2
:102CF00006FB089044E0012D1ED03DE00C9801AB8E
:102D000009EBE00200F007010492CDE90571012111
:102D10000091A3E822010AEB040158440123324642
:102D2000F2F75AFE0C98224630440C9018988168AD
:102D30004B690CA998470646002EDFD11EE00C9A7D
:102D40000F9901AB02FB0190CDE90407012000902F
:102D5000A3E821010BEB02000AEB04010123324638
:102D6000F1F7FEFB0C98224630440C9018988168CD
:102D70004B690CA998470646002EE0D109EB0800E4
:102D80008146641C139884428BDB18A8EEF7E0FEA2
:102D900078E7FFE7012001A905970090A1E821034A
:102DA00051465846139B0A9AF1F7DAFB6AE700008E
:102DB0003C9601087C0200202DE9FF4F8DB01F4694
:102DC00090460D98EEF786FE0890B74EB0F90AB01F
:102DD00000F11804D0F80C903068407CEFF7DEF971
:102DE000082801D8012504E0102801D8022500E0B8
:102DF00004250898AD4A0168096907913168497C42
:102E000052F821100A69079906921668D1F804A0B1
:102E100091420FD10021CDE90441012101AA009185
:102E2000A2E88202B0F908205B4641460E98F1F70D
:102E300097FB30E1202F02D0102F74D02BE1B0F996
:102E4000084008A8EEF784FE05FB04F0EEF76EFDDF
:102E50005FEA000AEDD0EEF73DFE09900D98EEF71F
:102E600039FE00F1180408900898012DB0F9087097
:102E700004D0022D13D0042D38D121E00698DDF8BE
:102E80002490D0F810C0BCF1000F01D0012320E045
:102E900001CCB04709F8010B7F1EF9D126E0069856
:102EA000DDF82490D0F810C0BCF1000F01D002234F
:102EB0000FE001CCB04729F8020B7F1EF9D115E0D5
:102EC0000698DDF82490D0F810C0BCF1000F07D0B0
:102ED00004233A4649462046E04704EB870405E0D0
:102EE00001CCB04749F8040B7F1EF9D10020E9005E
:102EF000099ACDE90210CDE904200120009001904B
:102F00000898414608F10108B0F9082001230E98FD
:102F1000F1F726FBBBF1010BA6D109A8EEF718FECD
:102F20005046B6E0FFE7B0F9084008A8EEF710FEFB
:102F300005FB04F0EEF7FAFC0C9000287BD0EEF7CE
:102F4000C9FD09900D98EEF7C5FD00F11804089031
:102F5000B0F908008000EEF7E9FC0B9010B1EEF735
:102F6000B9FD0A900898012DB0F9087004D0022D1F
:102F700023D0042D69D141E00698DDF82490006942
:102F800088B10798D0F814C0BCF1000F0BD00B9893
:102F900048B102233A4620460A99E04706980123A1
:102FA000D0F810C040E034F8020B51468847B047D3
:102FB00009F8010B7F1EF6D147E00698DDF8249052
:102FC000006988B10798D0F814C0BCF1000F0BD08D
:102FD0000B9848B102233A4620460A99E0470698E2
:102FE0000223D0F810C01FE034F8020B5146884786
:102FF000B04729F8020B7F1EF6D126E00698DDF8CF
:1030000024900069C0B10798D0F814C0BCF1000F3B
:1030100012D00B9880B102233A4620460A99E04725
:1030200006980423D0F810C03A4649460A98E0476B
:1030300004EB470409E02EE034F8020B51468847C0
:10304000B04749F8040B7F1EF6D10020E900099A29
:10305000CDE90210CDE904200120009001900898EC
:10306000414608F10108B0F9082001230E98F1F754
:1030700077FABBF1010B7FF475AF0B9828B10AA862
:10308000EEF766FD0B98EEF77FFC09A8EEF760FD02
:103090000C98EEF779FC0898002802D008A8EEF703
:1030A00057FD11B0BDE8F08F7C0200209402002093
:1030B00038B505460C480C460068006EEEF70AFD70
:1030C0000090B0F90620C36800F11801A21A02FBB3
:1030D0000311B0F9040001EB4501A1EB400468467F
:1030E000EEF736FD204638BD7C02002038B5054697
:1030F0000C480C460068006EEEF7ECFC0090B0F94E
:103100000620C36800F11801A21A02FB0311B0F9EE
:10311000040001EB8501A1EB80046846EEF718FD81
:10312000204638BD7C0200202DE9F04104460D46C2
:103130001646324629462046FEF7E0FB074621693F
:1031400088688047804687EA080332462946204639
:10315000FFF7E6F8BDE8F081FEB5074612481546D0
:103160000E460068006EEEF7B5FC01902946304629
:10317000FFF79EFF044638698068804721884140F8
:1031800021800198406950B1EEF7A4FC009081685D
:103190002A460B68314698476846EEF7D9FC01A8E5
:1031A000EEF7D6FCFEBD00007C020020FEB5144800
:1031B00015460E460068006EEEF78CFC019029461D
:1031C0003046FFF793FF0446019800680069806865
:1031D000804701462068484020600198406950B10E
:1031E000EEF778FC009081682A460B6831469847D4
:1031F0006846EEF7ADFC01A8EEF7AAFCFEBD0000A4
:103200007C02002000B52DED048BB0EE409AF0EE6C
:10321000609A83B051EC190B01F0CAF941EC180B1C
:1032200018EE100A18EE901A8DED008B002818BFCA
:103230000120084320F00040C0F17F6000F1E04031
:10324000C00F14D019EE101A19EE900A8DED009BE4
:10325000002918BF0121084320F00040C0F17F6021
:1032600000F1E040C00F04BF0120EDF71CFAB0EE02
:10327000480A03B0F0EE680ABDEC048B00BD10B53F
:10328000044620680F2807D1EF2340F23F12322175
:103290000020EEF7EDFC03E02046FAF71DFE00BF2C
:1032A00000BF10BDF8B50F4C07462068806CEEF7E4
:1032B00011FC00902268D0E90256D2E90212C0E95E
:1032C00002126846EEF744FC3868FBF7D1FE20682E
:1032D000806CEEF7FFFB0090C0E902566846EEF7FF
:1032E00037FCF8BD7C0200201CB5044620680F287E
:1032F0001BD16846FAF7F8FEFF20EFF761FD4FF6A5
:10330000FF70EFF768FD6846EEF7E6FC6846EEF7FB
:10331000D1FE0020EFF75FFD0748EFF779FD282287
:103320004B2106A0EEF76CFE03E02046FAF7D4FD31
:1033300000BF00BF1CBD0000D06D0108466F726564
:1033400067726F756E642057696E646F7700000056
:1033500000BF704710B5044600680E2802D00F2841
:1033600017D108E0E0684168012917D10068BDE87D
:103370001040EFF7D1BD6068FCF7A0FA084951F89A
:1033800020006FF07041884203D0EFF719FDEEF78F
:1033900061FC2046BDE81040FAF79EBD10BD00005C
:1033A0002003002070B504460D4600202071401E09
:1033B000E0622946204600F073FD08B1032070BD8D
:1033C00094F82E1294F82F0241EA00204AF6552173
:1033D000884201D00220F2E794F86900010694F8CF
:1033E000680041EA004194F8670041EA002094F83F
:1033F0006610084320F07F400D49884201D100202B
:10340000DDE794F88500010694F8840041EA004164
:1034100094F8830041EA002094F88210084320F0D9
:103420007F400349884201D10020C8E70120C6E758
:10343000464154000146002002E04910421CD0B22F
:103440000129FAD17047000070B504466FF00400FE
:10345000F5F770FDE11704EB5171C1F3C7010D4A97
:103460001170E11704EB5171CD104FF47A704543A0
:103470000120094908804FF0E020006940F0020077
:103480004FF0E021086108464561006940F0010005
:10349000086170BD6E0000207000002070B5044609
:1034A0000F480078012814D10E48007888B90E48DA
:1034B0000088844206DB0C48008894FBF0F528461F
:1034C000F3F718F90848008894FBF0F100FB11406D
:1034D00084B24FF47A7104FB01F000F007F870BD7C
:1034E000E6000020DA000020700000202DE9F047FF
:1034F000074600264FF0E020D0F8149011480078DD
:1035000007FB00F800BFF2F789FC4FF0E020856967
:1035100011E04FF0E0208469AC420CD0AC4202D202
:10352000281B064403E0A9EB040028440644254672
:10353000464500D300E0ECE700BFF2F78FFCBDE8A2
:10354000F08700006E00002070B50446002514B11D
:10355000012C0BD103E0F4F727FA054608E0FAF74F
:1035600055FA4FF4A0400549088001E0012500BF4D
:1035700000BF0DB1012070BD0020FCE75C020020FF
:103580002DE9F04107460E4615461C464FF000084F
:1035900014B90420BDE8F08117B1012F16D106E05F
:1035A000E2B229463046F4F769FD804611E009E0B1
:1035B00069024FF400723046FAF752FA6D1C06F5B4
:1035C0000076641E002CF3D1A04602E04FF0010803
:1035D00000BF00BFB8F1000F01D10020DAE70120E1
:1035E000D8E70146002070472DE9F04107460E4616
:1035F00014461D464FF0000817B1012F16D106E002
:10360000EAB221463046F5F721F9804611E009E09B
:1036100061024FF400723046FAF78EFA641C06F528
:1036200000766D1E002DF3D1A84602E04FF0010890
:1036300000BF00BFB8F1000F02D10020BDE8F0814B
:103640000120FBE7F8B5F1F791FEF1F7FFFA04006E
:103650003BD100252846EEF7F5FB009048B1C06845
:103660000C21426A68469047010007D000988847BD
:1036700004436D1C022DEDDB14B126E00120F8BDE2
:10368000F1F7FEFA012540F6FF762846EEF7DAFB61
:103690000090C0B12846EFF77BFB0420F1F70CFF48
:1036A0000021324633460846F1F7E0F90020F1F7F1
:1036B00003FF00980E21C068426A684690470100E7
:1036C00001D0009888476D1EDFD52046F8BD01E087
:1036D000FCF792F8FCE7000010B54FF40C710020E5
:1036E00000F0F8FB184908604FF40C71002000F05E
:1036F000F1FB154948604FF40A71002000F0EAFB25
:10370000124908604FF40A71002000F0E3FB1049F1
:1037100008604FF40071002000F0DCFB0D490860E8
:103720000948006868B10848406850B10748006817
:1037300038B10748006820B10846006808B1002089
:1037400010BD0120FCE700004002002048020020DC
:103750004C02002058020020F7B582B016460398AC
:10376000019001A800F0F8F90546002D02DA0B20BF
:1037700005B0F0BD0E4850F825400CB10020207077
:10378000029810B10020029908700949029841F886
:103790002500029808B1012E01D00020E8E70022A0
:1037A00003A902A800F006F807463846E0E7000043
:1037B000387901202DE9F74F88B000210898016081
:1037C000099800F0C9F907900798002803DA0B2040
:1037D0000BB0BDE8F08FD549079851F820400CB9DF
:1037E0000C20F5E708980460207878B16078FFF73E
:1037F000F8FE804608F0010040B90A9820B108F0B0
:10380000040008B10A20E3E70020E1E7002020706F
:10381000079860706078FFF797FE804608F0010017
:1038200008B10320D4E70A9820B108F0040008B1D9
:103830000A20CDE7002739462046FFF7B3FD0546AD
:10384000012D01D06DBB2CE0002614E004F5F771CA
:1038500001EB0610017951B1C17A0A06817A42EA78
:103860000142417A42EA0121027A114300E000213B
:103870004DF82610761C042EE8D3002606B1761EDD
:1038800000BF5DF8267027B139462046FFF78AFD54
:1038900000E0022005461DB1701C06460428F0D346
:1038A00000BF032D01D1012092E70DB10D208FE75C
:1038B0003B20015D94F83C0041EA0020B0F5007F18
:1038C00001D00D2084E74620015D94F8470041EACD
:1038D0000029B9F1000F0ED194F85700010694F8B1
:1038E000560041EA004194F8550041EA002094F85E
:1038F000541040EA0109C4F818904020005DE070BF
:10390000E078012804D0E078022801D00D205FE79C
:10391000E07809FB00F93D20005DA070A07818B1A7
:10392000A078411E084008B10D2051E74120015DFB
:1039300094F8420041EA00202081207A00F00F0034
:1039400008B10D2044E74320015D94F8440041EAAA
:10395000002BBBF1000F0ED194F85300010694F830
:10396000520041EA004194F8510041EA002094F8E5
:10397000501040EA010B3E20015D94F83F0041EAFF
:1039800000200490049808B90D2021E704984844C9
:10399000218900EB111006900698834501D20D2075
:1039A00016E70698ABEB0000A178B0FBF1FABAF18C
:1039B000000F01D10D200BE7012540F6F67082457E
:1039C00000D302254FF6F670824500D303250AF195
:1039D00002006061E7610498384420620698384428
:1039E000A062032D16D1208908B10D20F0E694F8CD
:1039F0005F00010694F85E0041EA004194F85D0022
:103A000041EA002094F85C1008436062606980001D
:103A1000059014E0208908B90D20D9E6206A4844B1
:103A20006062022D02D16069400007E0207D00F055
:103A30000100616901EB410100EB51000590A169B2
:103A4000059800F2FF10B1EB502F01D20D20BFE618
:103A50004FF0FF302061E06080206071032D5AD16B
:103A600094F8601094F8610041EA0020012852D1D6
:103A7000791C204600F014FAE8BB0020607194F82D
:103A80002E1294F82F0241EA00204AF6552188426E
:103A900041D13320005D01063220005D41EA004142
:103AA0003120005D41EA002094F83010084320499D
:103AB000884230D194F81702010694F8160241EAC0
:103AC000004194F8150241EA002094F814120843CA
:103AD000184988421FD194F81B02010694F81A0273
:103AE00041EA004194F8190241EA002094F81812C2
:103AF0000843206100E00EE094F81F02010694F8EC
:103B00001E0241EA004194F81D0241EA002094F8A7
:103B10001C120843E060257007480088401C80B2F2
:103B200005490880E080002052E600003879012035
:103B300052526141727241615E02002000BF054A2B
:103B4000128802F04002002AF9D0C2B2014B9A80DA
:103B5000704700000010014070B502464FF0FF3082
:103B60001568E5B1116800E0491C0D78202D02D3DD
:103B70000D783A2DF8D10D783A2D0FD1146814F83C
:103B8000015BA5F130030A2B07D28C4205D1032B30
:103B900003D218464D1C2946156070BD002000BF99
:103BA000FBE700000EE00848006808B9012000E0CB
:103BB0000020054908604FF4FA73002211461046B0
:103BC000F2F7D4FDEFE70000940240421CB5A820B4
:103BD000FFF73AFC4FF4A060F2F77EF84FF4E130C3
:103BE00000F004FAF5F7F6F9F9F710FF4FF4784012
:103BF0003C4908803CA010210B46C822CDE90010AA
:103C000032211E20F1F794FD3BA010210B46C82263
:103C1000CDE9001046211E20F1F78AFD39A01021C0
:103C20000B46C822CDE900105A211E20F1F780FD75
:103C300023E039A010210B46C822CDE900109621BF
:103C40001E20F1F775FD4FF4FA70FFF727FC38A03E
:103C500010210B46C822CDE9001096211E20F1F755
:103C600067FD4FF4FA70FFF719FC3648006808B991
:103C7000012000E0002033490860F9F719FF4EF6F3
:103C800014718842D5D130A010210B46C822CDE94D
:103C9000001096211E20F1F74BFDF9F71BFBF1F701
:103CA000BDFF002000F062F8022000F05FF8FFF78F
:103CB00013FD29490122086828A1FFF74DFD264977
:103CC0000122486826A1FFF747FDF2F70FF800230D
:103CD000244A19462448F2F705FAF2F7B7F900200A
:103CE0001CBD0000000000206D63756465762053E4
:103CF000544D3332463400005350492054455354F8
:103D0000000000006D63756465762E74616F6261FA
:103D10006F2E636F6D0000005732355131362043EE
:103D20006865636B204661696C6564210000000072
:103D3000506C6561736520436865636B21202020AA
:103D40002020200094024042573235513136205213
:103D5000656164792100000040020020303A0000D3
:103D6000313A000018060020213F010810B5044632
:103D70000C4951F824104A000B4951F82400002145
:103D800000F0BCF8094951F8242007490C3951F8D2
:103D90002400002100F0B2F8012103480C30015545
:103DA00010BD0000D461010890000020EC61010802
:103DB0002DE9F04704460F460025A9462548005D39
:103DC00020B9244820380168204688471FB94FF0A1
:103DD000FF30BDE8F087204850F82400B7FBF0F032
:103DE00086B21D4850F82400B7FBF0F100FB1170BB
:103DF00008B1701C86B2194850F82400451E24E012
:103E000014480C3850F8240030F8150020B909F196
:103E100001001FFA80F901E04FF00009B14513D10C
:103E20004FF0000809E00B480C3850F8240005EB6F
:103E3000080120F8116008F10108B045F3D30648E5
:103E400050F824006843C4E76D1E002DD8DA4FF007
:103E5000FF30BEE79C000020E0610108D46101084A
:103E600010B501460023002207E00B4850F821005E
:103E700030F8120000B15B1C521C084850F82100B9
:103E80009042F2D864205843044C54F82140B0FBCF
:103E9000F4F0C0B210BD000090000020D461010811
:103EA00070B504460D46E06AA84210D0204600F0E6
:103EB0006DF808B1012070BD607801232A4604F135
:103EC0003001FFF75DFB08B10120F4E7E562002057
:103ED000F1E7000070B504460E4631462046FFF774
:103EE00067FF0546681C08B9002070BD024850F8FD
:103EF00024002844F9E700008400002030B5034680
:103F000001E003F8011B141EA2F10102F9D130BD3A
:103F100000BF011EA0F10102D0B2FAD1704700002B
:103F200070B5054601210803F3F72EF9EEF7F6F90F
:103F30000420FAF7D9FCF2F7ADF8ECF7C5F904461E
:103F400004230C4A00210C48F2F7CCF802230B4A58
:103F500000210B48F2F7C6F803230A4A00210A4859
:103F6000F2F7C0F8FF20F2F76FFB2046ECF7B0F94C
:103F700070BD000018290020CF3601081808002065
:103F8000D93F010818090020A53B010870B5044677
:103F90002079F8B1E56A607801232A4604F13001FE
:103FA000FFF722FB08B1012070BD00202071206ABC
:103FB000281AA16988420DD2E67809E0A069054473
:103FC000607801232A4604F13001FFF70DFB761ECD
:103FD000022EF3D20020E7E707E0EFF759F80523B8
:103FE000002211461046F2F7C1FBF6E710B588B083
:103FF000044601210846F3F7C7F801211020F3F722
:10400000E3F8072209212448EDF7C6FA07220A211E
:104010002148EDF7C1FA4FF4C060069002208DF8F8
:104020001C008DF81D0000208DF81E0001208DF869
:104030001F0006A91848EDF767FA02940020ADF8B2
:104040000C00ADF80E00ADF81000ADF814000C2017
:10405000ADF8120002A91148F9F73AFC01210F4806
:10406000F9F7DBFB40210D48F9F7CEFB012240F2C6
:1040700025510A48F9F707FC25208DF80400032094
:104080008DF805008DF8060001208DF8070001A8C5
:10409000F1F7E6FD08B010BD00000240001001403D
:1040A00010B591EA030F48BF83F0004300F1548339
:1040B000841A71EB030C05D2121943EB0C03001B9D
:1040C00061EB0C01DFF824E14FEA1154A4EB135C1F
:1040D0001EEA430F18BF9EEA445F73D023EA0E0323
:1040E000DCF1200E21EA045143F4801332D322FA8A
:1040F0000CFE10EB0E0023FA0CFE41EB0E01CCF18E
:10410000200E03FA0EFE10EB0E0051F10001B1F586
:10411000801FCCF1200E32D201EB045112FA0EF2C4
:10412000BDE8104058BF7047401C38BF5FEA4202EC
:1041300018BF7047002814BF20F0010041F10001B2
:104140004FEA410313F5001F38BF7047A1F1C0418A
:1041500000F0E6B9012A43EB0302ACF1200CDCF1DC
:104160001F0E32BF4FF0000E23FA0CF310EB0300CA
:1041700041EB0451B4EB115FD0D0A1EB045101F538
:10418000801149085FEA300001EB04510ED350F171
:10419000000038BF12FA0EFE08D1BDE81040C9E792
:1041A000401C38BF5FEA4202CAD1C3E7BDE81040F5
:1041B0004FEA410313F5001F38BF7047A1F1C0411A
:1041C00000F0AEB99EEA445F08D011EA5E0FBDE888
:1041D000104004BF01F0004100207047BDE81040CE
:1041E00070B500F04FF900BF64FBBE3E0000E0FF79
:1041F000491058BFC1F140415B1058BFC3F1404363
:104200008B42EFF3008070474FEA1153A3F58063B0
:10421000D3F11E03A8BFD3F1200C08DB4FF00042FE
:1042200042EAC12252EA505232FA03F07047094280
:104230000BD4102BC4BF0020704703F5787CBCF171
:10424000FF3F05D04FF0FF3070474FF00000704740
:1042500070B500F017F900BF499224800020704724
:10426000F0E710F0004248BF4042B0FA80F310FA85
:1042700003F10AD0C3F11D0303F580634FEA4150F7
:1042800002EB035202EBD12170474FF00000704760
:10429000B0FA80F310FA03F10AD0C3F11D0303F55D
:1042A00080634FEA41504FEA035202EBD12170473D
:1042B0004FF000007047000051EA030C17D41CF5C2
:1042C000801F58BFBCF5801F00F10680994218BFBF
:1042D000704708BF9042704707D711F5801F58BF3D
:1042E00013F5801F19D499427047894270471CF515
:1042F000801F08D5BCF5801FF7D58B4218BF7047CB
:1043000008BF824270474FF4001C1CEB410F38BFBE
:104310001CEB430F01D28B42704770B500F0B2F82E
:10432000922449004FF000514FF08053FFF760BFD7
:10433000DFF848C170B51CEA111E1EBF1CEA131538
:104340009EEA0C0F95EA0C0F00F06F8081EA0304DF
:1043500023EA4C134EEAD47E21EA4C1141F4801139
:1043600043F48013AE44A1FB024CA0FB0365AEF105
:104370007F7E361955EB0C05A1FB034C4CF1000375
:10438000A0FB021C16EB0C06654153F10003094229
:1043900018BF46F0010613F4007F0BD14FEA03313A
:1043A0004FEA0530340341EA155140EA16506FF0E8
:1043B00003020AE04FEAC3214FEAC520F40241EAB2
:1043C000555140EA56506FF0020202EB2E4201EBCB
:1043D000025585EACE710AD05FEA440C18BF24F07A
:1043E000004450F1000041F1000120EAD47040F295
:1043F000FE7C624500D270BDA84214BF4FF08044DD
:104400004FF04044002E08BF0024BEF1806FA8BFCB
:10441000A1F1C041BDE8704080F282804FF0000001
:1044200001F1C04101F0004170479EEA0C0F0CEA17
:10443000131518BF95EA0C0F06D04FF0000081EA63
:10444000030E0EF0004170BD00F01CF88900013E23
:1044500000F007B800F009B84FEA430C5FEA5C5C73
:1044600008D081EA030100F05BB84FEA410C5FEA33
:104470005C5CF6D14FF00000014970470000FF0777
:104480000000F87F0EF1020E2EF0030E5EF8046BB2
:10449000364205D4012A43EB030515F5001F12D857
:1044A000012841EB010C1CF5001F0CD80ED14FEA7E
:1044B000D17C15F5001F0CEB4C0C0CF1020C08BF65
:1044C0004CEBD37C04E04FF0080C01E04FEAD37CC6
:1044D0000CEB4C0526FA05F606F00706B6F1040CBF
:1044E00006D20EEB860CBDE870404CF0010C604724
:1044F000DFE80CF0090B02024FF000414FF0000022
:10450000A1F5002170BD19461046012851EB0104A8
:1045100018BFD4F5001484BF002001F0004170BD25
:104520000808A0F500114FEA3101704753EA010C69
:1045300017D41CF5801F58BFBCF5801F00F1068002
:104540008B4218BF704708BF8242704707D713F5E8
:10455000801F58BF11F5801F19D48B4270479B42B2
:1045600070471CF5801F08D5BCF5801FF7D5994210
:1045700018BF704708BF904270474FF4001C1CEBF7
:10458000430F38BF1CEB410F01D2994270470FB463
:104590000CBC03BCFFF7C1BE91EA030F10B581F05C
:1045A00000413FF585AD83F0004300F0D5B8000031
:1045B0002DE9F04101F5801CBCF5001FC0F2A98077
:1045C0004FEA115C21EA0C510CF1FD0C41F4801111
:1045D0005FEA5C0C0CF5C07C01D34000494130A47B
:1045E000890241EA905187028E0E0A0CA45D04FBF9
:1045F00004F602FB06F6C6F14046A4FB0662F60D81
:1046000046EA422606FB06F4A4FB01235242C3F10C
:10461000404338BF5B1EA6FB02420024E6FB032496
:10462000D20B42EA4446A6FB0623A1FB02E2A3FB0F
:1046300007E4E3FB61426442C2F1404E38BFAEF191
:10464000010EA6FB04234FF00002E6FB0E32A2FB94
:1046500003463400E2FB6264A1FB06E6A4FB07E824
:10466000E4FB61687642C8F1405838BFA8F1010800
:10467000A2FB06E4A3FB08E5E2FB6854A1FB05E608
:10468000A7FB04E8E1FB648618F1200556F100065B
:10469000A809A8F11B08B10908F03F08B8F10A0FF2
:1046A00040EA86601CD901EB0C51BDE8F08100BFE7
:1046B000FCF5EEE8E2DDD8D3CFCBC7C3C0BDB9B6B9
:1046C000B4B1AEACA9A7A5A3A19F9D9B9A989695BE
:1046D0009392908F8D8C8B89888786858483828145
:1046E000A0FB006800FB01F208EB4208B8EB87284A
:1046F00007D5341858EB0104D5D5401C51F1000101
:10470000D1E7341A78EB0104CDD4401E71F10001D9
:10471000C9E75FEA4C0C5FEA9C5C0DD105D34FF012
:10472000000001F00041BDE8F081BDE8F04170B546
:10473000FFF7A8FE6DDBFFBEBDE8F0414FF00000C3
:10474000004970470000F87F10B591EA030F48BF99
:1047500083F000433FF5ACAC841A71EB030C07D235
:1047600012198CF0004C43EB0C03001B61EB0C01A5
:10477000DFF8A4E14FEA1154A4EB135C1EEA430FE7
:1047800018BF9EEA445F00F0B08023EA6E035242F5
:1047900021EA0451C3EB6E0338BF5B1EDCF1200E2F
:1047A00025D322FA0CFE10EB0E0043FA0CFE41EB6F
:1047B0000E01CCF1200E03FA0EFE10EB0E0051F1AB
:1047C0000001CCF1200E29D412FA0EF201EB0451B3
:1047D000BDE8104058BF7047401C1CBFB2F1004FED
:1047E000704700280CBF491C20F00100704712EBF5
:1047F000020E43EB030218BF4FF0010E4EEA4202D5
:10480000ACF1200CDCF11E0E54D943FA0CFE10EB77
:104810000E0051F1FF31CCF11E0ED5D50EF1010E77
:1048200012FA0EFE404141EB010101EB445C5FEAEC
:104830005C5C10D910EBDE7001EB045138BFBEF1A7
:10484000004FBDE8104018BF704700280CBF491C3E
:1048500020F00100704730D24FEAD42C11F500113E
:1048600024F400641BD0B1FA81F20B3AA41AA41EFE
:10487000D2F12003914030FA03F31943904001EB49
:10488000CC71002C01EB0451BDE81040A8BF70476B
:1048900001F1C0414FF0000001F000417047B0FA53
:1048A00080F310FA03F100D110BDE41A173C48055B
:1048B000C90AE4E701EB045110BD491001EB0451B2
:1048C000BDE810404FEA300002E04FF000017047B1
:1048D0004A0008BF0042F8D0B2F5001F28BF704759
:1048E00001F000414FF0000070479EEA445F07D09E
:1048F00011EA5E0FBDE8104004BF002100207047A0
:10490000BDE8104070B5FFF7BDFD00BF40DFF63ECB
:1049100083F00041104670470000E0FF43004FEA7B
:10492000D30C4FEA3C0C43401FBF40070CF16051D1
:1049300013F0FE4F70471CF0006F03D100200CF005
:10494000004170470CF0004343EA507010B540EA54
:10495000CC0000F00EF800BF000000924FEA00010A
:10496000FFF7DEBD4FF000414FF00000A1F5002140
:1049700070470EF1020E2EF0030E5EF8044B244237
:1049800004D44FEA4102B2F17F4F11D84FEA4003FD
:10499000B3F17F4F0CD80ED14FEAD07CB2F17F4FEC
:1049A0000CEB4C0C0CF1020C08BF4CEBD17C04E07E
:1049B0004FF0080C01E04FEAD17C0CEB4C0324FAD9
:1049C00003F404F00704B4F1040C06D20EEB840CDB
:1049D000BDE810404CF0010C6047DFE80CF0070820
:1049E00002024FF00040A0F5800010BD08464200D2
:1049F00018BFD2F1807288BF00F0004010BD4FF0A8
:104A00004070E1EE100A7047000000000000000056
:104A100000000000000000003F4000000000000017
:104A200000003000400030004000000009000BC0D2
:104A30003D000BC03D00090018C024407FE022402B
:104A400031800000180024C01B000D80324001801E
:104A500003801C4027401C8007400040100060007D
:104A600000000000000000000000000000001F80A7
:104A7000204040200000402020401F800000000017
:104A8000090006001F800600090000000400040061
:104A90003F800400040000000010006000000000DF
:104AA00000000000040004000400040004000000F2
:104AB000000000400000000000000000002001C0D5
:104AC00006003800400000001F80204020402040A9
:104AD0001F800000000010403FC0004000000000A8
:104AE00018C021402240244018400000108020407F
:104AF000244024401B80000002000D0011003FC034
:104B0000014000003C8024402440244023800000D9
:104B10001F802440244034400380000030002000E7
:104B200027C03800200000001B802440244024407F
:104B30001B8000001C0022C0224022401F80000079
:104B4000000000000840000000000000000000001D
:104B50000460000000000000000004000A001100D2
:104B600020804040090009000900090009000000F8
:104B700000004040208011000A00040018002000BE
:104B800023402400180000001F80204027402940B7
:104B90001F400000004007C039000F0001C0004066
:104BA00020403FC0244024401B8000001F80204044
:104BB000204020403080000020403FC02040204066
:104BC0001F80000020403FC024402E4030C0000025
:104BD00020403FC024402E00300000000F00108015
:104BE000204022403380020020403FC004000400E7
:104BF0003FC02040204020403FC0204020400000D7
:104C00000060202020203FC02000200020403FC026
:104C100024400B0030C0204020403FC020400040D6
:104C2000004000C03FC03C0003C03C003FC000004B
:104C300020403FC00C4023003FC020001F80204088
:104C4000204020401F80000020403FC0244024001E
:104C5000180000001F802140214020E01FA000001C
:104C600020403FC02440260019C0004018C0244006
:104C70002440224031800000300020403FC02040CE
:104C80003000000020003F80004000403F802000B6
:104C900020003E0001C0070038002000380007C097
:104CA0003C0007C038000000204039C0060039C071
:104CB000204000002000384007C03840200000009D
:104CC000304021C02640384020C0000000000000D5
:104CD0007FE0402040200000000070000C000380B6
:104CE000004000000000402040207FE00000000065
:104CF0000000200040002000000000000010001014
:104D00000010001000100010000000004000000023
:104D100000000000000002800540054003C0004084
:104D200020003FC0044004400380000000000380D6
:104D3000044004400640000000000380044024407A
:104D40003FC00040000003800540054003400000D4
:104D5000000004401FC0244024402000000002E066
:104D6000055005500650042020403FC00440040078
:104D700003C000400000044027C0004000000000C5
:104D800000100010041027E00000000020403FC089
:104D90000140070004C00440204020403FC00040C4
:104DA0000040000007C0040007C0040003C000006A
:104DB000044007C00440040003C00040000003801A
:104DC0000440044003800000041007F00450044035
:104DD00003800000000003800440045007F000102E
:104DE000044007C002400400040000000000064028
:104DF0000540054004C00000000004001F8004407E
:104E000000400000040007800040044007C000404C
:104E10000400070004C0018006000400060001C071
:104E2000070001C006000000044006C0010006C0E3
:104E3000044000000410071004E001800600040094
:104E40000000044005C006400440000000000000CF
:104E500004007BE040200000000000000000FFF0A4
:104E600000000000000040207BE004000000000083
:104E700040008000400020002000400000000000B2
:104E80000000000000000000000000000000000022
:104E900000001FCC000C0000000000000000080013
:104EA000300060000800300060000000022003FCB9
:104EB0001E20022003FC1E200220000000000E180D
:104EC00011043FFF10840C78000000000F001084D4
:104ED0000F3800C0077818840078000000780F842D
:104EE00010C411240E9800E4008400080800680033
:104EF0007000000000000000000000000000000042
:104F0000000007E0181820044002000000004002E2
:104F10002004181807E000000000000002400240D2
:104F200001800FF0018002400240000000800080FC
:104F300000800FF800800080008000000001000D5C
:104F4000000E0000000000000000000000000080D3
:104F50000080008000800080008000800000000C45
:104F6000000C00000000000000000000000000062F
:104F7000001800600180060018002000000007F003
:104F8000080810041004080807F0000000000804D6
:104F900008041FFC000400040000000000000E0CC8
:104FA00010141024104411840E0C000000000C1882
:104FB00010041104110412880C700000000000E0BD
:104FC0000320042408241FFC0024000000001F9874
:104FD000108411041104108810700000000007F004
:104FE00008881104110418880070000000001C00DB
:104FF000100010FC13001C001000000000000E3810
:1050000011441084108411440E3800000000070081
:10501000088C10441044088807F0000000000000CD
:105020000000030C030C0000000000000000000062
:1050300000010106000000000000000000000080E8
:105040000140022004100808100400000220022081
:105050000220022002200220022000000000100492
:1050600008080410022001400080000000000E002B
:105070001200100C106C10800F00000003E00C18E0
:1050800013E4142417C4082807D000000004003CCF
:1050900003C41C40074000E4001C000410041FFC73
:1050A0001104110411040E880070000003E00C18B4
:1050B00010041004100410081C10000010041FFC41
:1050C000100410041004080807F0000010041FFC6E
:1050D0001104110417C410040818000010041FFC68
:1050E0001104110017C010000800000003E00C18A4
:1050F0001004100410441C780040000010041FFC31
:1051000010840080008010841FFC10040000100434
:1051100010041FFC10041004000000000003000134
:10512000100110011FFE10001000000010041FFCF1
:10513000110403801464181C1004000010041FFCE8
:105140001004000400040004000C000010041FFC04
:105150001F0000FC1F001FFC1004000010041FFCB7
:105160000C04030000E010181FFC100007F00808F2
:10517000100410041004080807F0000010041FFCBD
:1051800010841080108010800F00000007F00818B5
:1051900010241024101C080A07F2000010041FFC41
:1051A0001104110011C011300E0C000400000E1C7F
:1051B00011041084108410441C38000018001000E2
:1051C00010041FFC100410001800000010001FF84D
:1051D00010040004000410041FF8100010001E004A
:1051E00011E0001C007013801C0010001FC0103C58
:1051F00000E01F0000E0103C1FC000001004180C6D
:10520000163401C001C01634180C100410001C0024
:10521000130400FC13041C00100000000804101C00
:105220001064108413041C04101800000000000017
:1052300000007FFE400240024002000000003000FB
:105240000C0003800060001C00030000000040020E
:10525000400240027FFE000000000000000000004D
:10526000200040004000400020000000000100013C
:1052700000010001000100010001000100004000E8
:105280004000200000000000000000000000009826
:10529000012401440144014400FC000410001FFCEF
:1052A0000088010401040088007000000000007004
:1052B000008801040104010400880000000000705F
:1052C00000880104010411081FFC0004000000F81C
:1052D000014401440144014400C8000000000104ED
:1052E00001040FFC1104110411001800000000D685
:1052F00001290129012901C90106000010041FFC30
:10530000008401000100010400FC0004000001040D
:10531000190419FC00040004000000000000000350
:1053200000010101190119FE0000000010041FFC1A
:105330000024004001B4010C01040000000010042E
:1053400010041FFC0004000400000000010401FC24
:105350000104010001FC0104010000FC010401FC46
:10536000008401000100010400FC0004000000F8BA
:10537000010401040104010400F80000010101FF1F
:105380000085010401040088007000000000007026
:10539000008801040104010501FF0001010401046A
:1053A00001FC00840104010001800000000000CC29
:1053B00001240124012401240198000000000100BF
:1053C000010007F80104010400000000010001F8D9
:1053D000000400040004010801FC00040100018035
:1053E0000170000C001001600180010001F0010C4F
:1053F000003001C00030010C01F001000000010488
:10540000018C00740170018C010400000101018114
:105410000171000E0018016001800100000001848C
:10542000010C013401440184010C00000000000063
:105430000000000001003EFC4002400200000000AD
:1054400000000000FFFF000000000000000040021C
:1054500040023EFC0100000000000000000060006F
:10546000800080004000400020002000000000007C
:10547000000000000000000000000000000000002C
:10548000000000000000000000000000000000001C
:105490000000000000000000000000000000000FFD
:1054A00080380FFE380F8038000000000000000038
:1054B00000000000000000000000010000060000E5
:1054C0000C00003800003100000600000C0000381D
:1054D0000000300000000000000000006180006754
:1054E000F807F980006180006180006180006180C0
:1054F0000067F807F98000618000000000000000EC
:10550000000001C0E003E0F00630080418081FFFA7
:10551000FE040E080787F00381E000000000000091
:1055200001F000060C00040408060C7001F9C0002C
:105530000E00003BE000EC18070808040C180003FC
:10554000E00000000001E00007F003F818041C0868
:1055500004170807E1D003C0E00023B0003C0800B6
:1055600020080000100000000000000100003100D1
:10557000003200001C0000000000000000000000DD
:10558000000000000000000000000000000000001B
:105590000000000000000000000000007F0001FF8C
:1055A000C00780F00C00181000042000020000006A
:1055B0000000002000021000040C00180780F00119
:1055C000FFC0007F0000000000000000000000009D
:1055D00000000000000000004200006600006600BD
:1055E000003C0000180003FFC0001800003C000051
:1055F000660000660000420000000000080000088D
:105600000000080000080000080001FFC0000800BA
:10561000000800000800000800000800000000006A
:10562000000100003100003200001C0000000000FA
:10563000000000000000000000000000000000006A
:10564000000000000800000800000800000800003A
:10565000080000080000080000080000080000081A
:1056600000000000000000000000000038000038CA
:1056700000003800000000000000000000000000F2
:105680000000000000000000000000000006000014
:105690001C000070000180000E0000380000C000F7
:1056A0000700001C000030000000000000000000A7
:1056B0007F8001FFE00380700600180400080400EA
:1056C0000806001803807001FFE0007F80000000E2
:1056D00000000000000001000801000801000803AC
:1056E000FFF807FFF80000080000080000080000AD
:1056F0000000000000000001C03802C058040098FB
:10570000040118040218040418061C1803F81801F0
:10571000E0F800000000000000000001C0E003C04D
:10572000F004000804080804080806180803F41820
:1057300001E7F00001E000000000000000000000B0
:105740000300000D0000110000610000810803014A
:105750000807FFF80FFFF80001080001080000002B
:105760000000000000E007FCD0060808061008064C
:105770001008061008061838060FF00607C00000CB
:1057800000000000000000003F8001FFE0038430C3
:105790000208180410080410080410080718100361
:1057A0000FF00007C000000000000000000003C070
:1057B000000700000600000600F80607F8061800BB
:1057C00006E00007000006000000000000000001E5
:1057D000E1E003F7F0063410041808041808040C7C
:1057E00008040C0806161803F3F001C1E0000000DD
:1057F00000000000F80003FC30030638040208042F
:1058000002080402080404100308F001FFC0007F2E
:105810000000000000000000000000000000000088
:105820000000000070380070380070380000000080
:105830000000000000000000000000000000000068
:105840000000000000000000301A00301C000000C2
:105850000000000000000000000000000000000048
:105860000000000800001400002200004100008039
:105870008001004002002004001008000800000021
:105880000000000021000021000021000021000094
:105890002100002100002100002100002100002142
:1058A00000000000000000000000080008040010D4
:1058B0000200200100400080800041000022000022
:1058C000140000080000000000000003C00004C035
:1058D00000040000080038080F38080838081000D5
:1058E0000C300007E00003C00000000000000000D2
:1058F0003F8000FFE0038070020F1006708804C034
:1059000088048308047F8802C09003012000FE40C1
:105910000000080000180001F8003E0801C200075E
:10592000020007E20000FE00001FC80001F80000AE
:105930003800000804000807FFF807FFF80408080B
:1059400004080804080804080806180803F41801E5
:10595000E7F00001E0000000000000003F8001FFD0
:10596000E003807002001804000804000804000826
:105970000400100600200780C00000000400080793
:10598000FFF807FFF80400080400080400080400FA
:105990001802001003807001FFE0007F800000000B
:1059A00004000807FFF807FFF804080804080804C3
:1059B0000808040808043E0804000806001801004E
:1059C0006000000004000807FFF807FFF80408085B
:1059D000040800040800040800043E000600000655
:1059E0000000018000000000000000003F8001FF77
:1059F000E00380700600180400080402080402088E
:105A00000203F00783F00002000002000400080710
:105A1000FFF807FFF8040808000800000800000865
:105A20000000080004080807FFF807FFF804000852
:105A3000000000000000040008040008040008073B
:105A4000FFF807FFF804000804000804000800003D
:105A50000000000000000000000600000700000138
:105A600004000104000104000307FFFE07FFFC041B
:105A7000000004000004000004000807FFF807FF0E
:105A8000F8040C08001800003E0004C7800503C895
:105A90000600F80400380400180000080400080795
:105AA000FFF807FFF80400080000080000080000E5
:105AB0000800000800000800001800006000000056
:105AC00004000807FFF807800807FC00007FC000FB
:105AD00003F80007C000780007800807FFF807FFF9
:105AE000F804000804000807FFF807000803C000D6
:105AF00000E000003800001E000007000001C004A4
:105B000000F007FFF8040000000000007F8001FFA4
:105B1000E00380700600180400080400080600185E
:105B200003003001FFE0007F800000000400080750
:105B3000FFF807FFF8040408040400040400040448
:105B400000040400060C0003F80001F0000000004F
:105B5000000000007F8001FFE003807006008804E1
:105B600000880400C806003C03003E01FFE6007FF9
:105B70008400000004000807FFF807FFF804080885
:105B8000040800040C00040F00040BC00610F0030E
:105B9000F03801E00800000800000001E0F803F020
:105BA00030063010041808041808040C08040C0807
:105BB0000206180207F00781E000000001800006DD
:105BC000000004000004000004000807FFF807FFBD
:105BD000F804000804000004000006000001800032
:105BE00004000007FFE007FFF004001800000800B1
:105BF000000800000800000800000804001007FF6B
:105C0000E004000004000006000007E00007FE00BA
:105C1000041FE00001F80000380001E0043E000726
:105C2000C00006000004000004000007E00007FFB9
:105C3000C0041FF80007C007F80007FF80043FF802
:105C40000007C004F8000700000400000000000482
:105C5000000806001807C07805F1C8003E00001FC4
:105C6000800463E80780F8060018040008000000BC
:105C700004000006000007800007E008047C08001C
:105C80001FF80007F800180804E0080700000600E5
:105C9000000400000000000100080600380400F8BD
:105CA0000403E8040F08047C0805F00807C008078F
:105CB0000018040060000000000000000000000068
:105CC000000000000000003FFFFE20000220000254
:105CD000200002200002200002000000000000005E
:105CE000000008000007000000C0000038000006A7
:105CF000000001C000003000000E000001000000A4
:105D0000000000000000200002200002200002200D
:105D100000022000023FFFFE000000000000000023
:105D2000000000000000000000000000000800006B
:105D300010000030000020000030000010000008BB
:105D40000000000000000000000001000001000051
:105D5000010000010000010000010000010000013D
:105D6000000001000001000001000001000000002F
:105D700000000000002000002000001000001000C3
:105D80000000000000000000000000000000000013
:105D90000000000000F00019F8001B1800220800A5
:105DA0002608002408002410003FF8001FF8000017
:105DB0000800001800000004000007FFF80FFFF0C3
:105DC00000181800100800200800200800301800F3
:105DD0001FF0000FC00000000000000007C0001FFF
:105DE000F0001830002008002008002008003C08BF
:105DF000001C100000600000000000000000000017
:105E000007C0001FF00038180020080020080020FC
:105E10000804101007FFF80FFFF00000100000004A
:105E20000000000000000007C0001FF0001230005A
:105E30002218002208002208003208001E10000E5E
:105E400020000000000000002000002008002008C2
:105E500001FFF803FFF806200804200804200807C3
:105E6000200003000000000000000000000E000EF3
:105E70006E001FF30031B10020B10020B10031915C
:105E8000001F13002E1E00200E0030000000000432
:105E9000000807FFF80FFFF800100800200000209E
:105EA00000002008003FF8001FF800000800000074
:105EB0000000000000000020080020080020080664
:105EC0003FF8063FF8000008000008000008000046
:105ED00000000000000000000000000003000003BC
:105EE000002001002001002003063FFE063FFC00C9
:105EF000000000000000000000000004000807FF90
:105F0000F80FFFF8000188000300002FC00038F8E8
:105F100000203800200800000800000000000000F9
:105F2000000004000804000804000807FFF80FFF41
:105F3000F800000800000800000800000000000051
:105F4000002008003FF8003FF80010080020000083
:105F50003FF8003FF8001008002000003FF8003F25
:105F6000F8000008000000002008003FF8003FF89B
:105F7000001008001000002000002008003FF8007A
:105F80001FF80000080000000000000007C0000F1C
:105F9000F000183000300800200800200800300809
:105FA000001830000FF00007C000000000000000E3
:105FB0002001003FFF003FFF0010110020090020DA
:105FC00008002008003038001FF0000FC00000005B
:105FD0000000000007C0001FF00038180020080073
:105FE0002008002009001011001FFF003FFF0000E3
:105FF00001000000002008002008002008003FF8F1
:10600000003FF800080800100800200800200000E9
:106010003000003000000000000000000000000C14
:1060200078001E180033080023080021080021888A
:106030000021980030F000386000000000000000EF
:10604000200000200000200000FFF003FFF80020E7
:1060500008002008002008000030000000000000B8
:10606000000000002000003FF0007FF80000180052
:106070000008000008002010003FF8007FF000003A
:1060800010000000000000002000003000003C0074
:10609000003F800023F000007800007000238000A3
:1060A0003C00003000002000002000003C00003FC9
:1060B000E00023F80000E0002700003E00003FE081
:1060C0000021F80001E0003E000020000000000078
:1060D0002008002008003838003E680027800003B0
:1060E000C8002CF8003838002018002008000000F4
:1060F000000000002000003003003C01003F83004E
:1061000023EC000070002380003C000020000020F1
:1061100000000000000000000000003808002038E7
:106120000020F80023E8002F88003E08003808000F
:1061300020180000700000000000000000000000B7
:10614000000000000000000008000014001FF7FC21
:1061500030000620000200000000000000000000E7
:106160000000000000000000000000000000FFFF31
:10617000FF00000000000000000000000000000020
:106180000000000000002000023000061FF7FC00A5
:1061900014000008000000000000000000000000E3
:1061A0000000000000000018000060000040000037
:1061B000400000200000100000080000040000045F
:1061C00000000C0000100000000100050010001489
:1061D00000180000000900004001000080070000D6
:1061E000200000002000000020000000002001002E
:1061F0000028000000F00000000000008D050108EC
:10620000CD0B0108590C0108ED0E0108FD1801081D
:106210002123010829310108F12201086D17010825
:10622000E1170108391701083319010800000100BE
:10623000020001000300010002000100040001004F
:10624000020001000300010002000100050001003E
:10625000020001000300010002000100040001002F
:10626000020001000300010002000100060001001D
:10627000020001000300010002000100040001000F
:1062800002000100030001000200010005000100FE
:1062900002000100030001000200010004000100EF
:1062A00002000100030001000200010007000100DC
:1062B00002000100030001000200010004000100CF
:1062C00002000100030001000200010005000100BE
:1062D00002000100030001000200010004000100AF
:1062E000020001000300010002000100060001009D
:1062F000020001000300010002000100040001008F
:10630000020001000300010002000100050001007D
:10631000020001000300010002000100040001006E
:10632000020001000300010002000100ADF50008B9
:10633000214C0008BB18010801000000F9F4000816
:10634000051A0108694700087148000800000000AC
:106350000101010100000000000000000000000039
:10636000000000000000004040404040404040002D
:1063700040000000000000505050000000000000ED
:1063800000000000000000121222FE2424FE4848F3
:106390004800000000000038545050701C14545441
:1063A0003810000000000000000030804900490063
:1063B0004A00320004C005200920092010C0000056
:1063C000000000000000000000001800240024006D
:1063D00024001800300049004500460039800000C4
:1063E00000000000000000404040000000000000ED
:1063F00000000000000000102020404040404040CD
:10640000402020100000008040402020202020203C
:106410002040408000000020F820500000000000D4
:106420000000000000000000000808087F080808BD
:10643000000000000000000000000000000000005C
:1064400020202000000000000000000000E000000C
:10645000000000000000000000000000000000003C
:10646000400000000000001010202020404040802C
:106470008000000000000078848484848484848404
:1064800078000000000000103050101010101010A4
:10649000100000000000007884040404081020406C
:1064A000FC00000000000078840404380404048424
:1064B0007800000000000008181828284848FC0848
:1064C000080000000000007C404080F88404048440
:1064D0007800000000000078848080B8C484848440
:1064E00078000000000000FC080810102020404048
:1064F00040000000000000788484847884848484D0
:1065000078000000000000788484848C740404887F
:1065100070000000000000000000400000000000CB
:1065200040000000000000000000400000000000EB
:10653000404040000000000000020C3040300C02DF
:1065400000000000000000000000FE0000FE00004F
:1065500000000000000000000040300C020C304041
:10656000000000000000003844440408102020000F
:10657000200000000000000000000F80304040209C
:106580004E909190A090A110A120A3209DC04010FA
:1065900020601F80000000000000080014001400AC
:1065A0001400220022007F004100808080800000D3
:1065B000000000000000000000007E0041004100DB
:1065C00041007E0041004100410041007E0000008A
:1065D000000000000000000000001C00220041003C
:1065E0004000400040004000410022001C0000002C
:1065F000000000000000000000007C00420041009C
:106600004100410041004100410042007C00000087
:10661000000000000000000000007F00400040007B
:1066200040007F0040004000400040007F0000002C
:10663000000000000000007E4040407C40404040A0
:10664000400000000000000000001E00210040800B
:106650004000400047804080408021001E00000034
:106660000000000000000000000041004100410067
:1066700041007F0041004100410041004100000015
:1066800000000000000000404040404040404040CA
:106690004000000000000008080808080808888872
:1066A0007000000000000000000040804100420037
:1066B000440048005800640042004100408000004F
:1066C000000000000000004040404040404040408A
:1066D0007E000000000000000000404060C060C07C
:1066E000514051404A404A404A40444044400000E2
:1066F00000000000000000000000410061005100A7
:106700005100490049004500450043004100000098
:10671000000000000000000000001E00210040807A
:106720004080408040804080408021001E0000006A
:10673000000000000000000000007E004100410059
:10674000410041007E004000400040004000000049
:10675000000000000000000000001E00210040803A
:106760004080408040804080468021001E800000A4
:10677000000000000000000000007E004100410019
:10678000410041007E004400420042004100000000
:10679000000000000000000000003E004100410039
:1067A0004000380006000100410041003E000000AA
:1067B00000000000000000FE10101010101010105B
:1067C00010000000000000000000410041004100F6
:1067D0004100410041004100410022001C00000036
:1067E0000000000000000000000080808080410068
:1067F00041002200220014001400080008000000DC
:10680000000000000000000000008208850845101C
:106810004510451028A028A028A0104010400000D6
:106820000000000000000082444428101028444466
:106830008200000000000000000041002200220051
:1068400014001400080008000800080008000000F8
:10685000000000000000007E040808101020204006
:10686000FE000000000000604040404040404040CA
:1068700040404060000000808040404020202010C8
:106880001000000000000060202020202020202098
:1068900020202060000000002050505088000000A0
:1068A00000000000000000000000000000000000E8
:1068B000000000FE0000004020000000000000007A
:1068C000000000000000000000003844043C444C7C
:1068D00034000000000000404040586444444444F8
:1068E00078000000000000000000384440404044B0
:1068F00038000000000000040404344C44444444C4
:106900003C0000000000000000003844447C40448B
:1069100038000000000000204040E040404040407F
:1069200040000000000000000000344C4444444C8F
:106930003404443800000040404058644444444417
:106940004400000000000040000040404040404043
:106950004000000000000040000040404040404037
:10696000404040800000004040404448507048484B
:106970004400000000000040404040404040404093
:1069800040000000000000000000000000000000C7
:1069900059806640444044404440444044400000E4
:1069A000000000000000000000005864444444441B
:1069B0004400000000000000000038444444444407
:1069C00038000000000000000000586444444464A3
:1069D00058404040000000000000344C4444444C07
:1069E00034040404000000000000506040404040B7
:1069F000400000000000000000003844403804441B
:106A000038000000000000004040E04040404040AE
:106A1000600000000000000000004444444444447E
:106A20003C0000000000000000008888505050200A
:106A30002000000000000000000000000000000036
:106A400088808880550055005500220022000000F3
:106A50000000000000000000000044282810282842
:106A600044000000000000000000444428282810D2
:106A7000101010600000000000007C0808102020AA
:106A80007C0000000000002040404040408040402A
:106A900040404020000000404040404040404040D6
:106AA00040404000000000402020202020102020F6
:106AB0002020204000000000000000729E00000026
:106AC00000000000040401005463010803030100F6
:106AD00064630108050501007463010807070100EC
:106AE0008463010807070100946301080C0C02008D
:106AF000A463010809090200C4630108020201003D
:106B0000E463010804040100F463010804040100C3
:106B10000464010805050100146401080808010067
:106B20002464010804040100346401080404010021
:106B300044640108040401005464010804040100D1
:106B40006464010807070100746401080707010075
:106B50008464010807070100946401080707010025
:106B6000A464010807070100B464010807070100D5
:106B7000C464010807070100D46401080707010085
:106B8000E464010807070100F46401080707010035
:106B900004650108040401001465010804040100EF
:106BA000246501080808010034650108080801008F
:106BB0004465010808080100546501080707010041
:106BC000646501080D0D02007465010809090200E1
:106BD0009465010809090200B46501080909020069
:106BE000D465010809090200F465010809090200D9
:106BF0001466010808080100346601080A0A020048
:106C000044660108090902006466010803030100E3
:106C1000846601080606010094660108090902005D
:106C2000A466010807070100C46601080B0B0200F7
:106C3000D466010809090200F46601080A0A020084
:106C40001467010809090200346701080A0A0200F2
:106C50005467010809090200746701080909020064
:106C60009467010807070100B467010809090200D9
:106C7000C467010809090200E46701080D0D02005C
:106C800004680108070701002468010809090200D7
:106C90003468010807070100546801080404010072
:106CA0006468010804040100746801080404010018
:106CB00084680108050501009468010807070100C0
:106CC000A468010804040100B46801080707010072
:106CD000C468010807070100D4680108070701001C
:106CE000E468010807070100F468010807070100CC
:106CF0000469010803030100146901080707010082
:106D00002469010807070100346901080303010031
:106D100044690108030301005469010807070100E1
:106D20006469010803030100746901080B0B020088
:106D30008469010807070100A46901080707010029
:106D4000B469010807070100C469010807070100C9
:106D5000D469010804040100E4690108070701007F
:106D6000F469010804040100046A0108070701002E
:106D7000146A010805050100246A010809090200D6
:106D8000346A010807070100546A01080707010077
:106D9000646A010807070100746A0108040401001D
:106DA000846A010803030100946A010804040100D5
:106DB000A46A010808080100B46A01080000000084
:106DC0000000000020007E00C46A010800000000EE
:106DD00071170008391800087D180008831800088A
:106DE000000000000000000010100101C46D010847
:106DF0000D070A0000000000000000000000000075
:106E00000000000000000060606060606060006082
:106E1000600000000000006C6C6C000000000000CE
:106E200000000000000000242424FC4848FC90904E
:106E30009000000000001038545070783C1C14542E
:106E400038100000000000000000720052005200E4
:106E5000540074000B800A800A80128013800000A6
:106E6000000000000000000000001C00360036009A
:106E70001E0018003D006D00670067003D800000A7
:106E800000000000000000606060000000000000E2
:106E90000000000000000010302060606060606052
:106EA0006020301000000080C04060606060606062
:106EB0006040C08000000020F820D80000000000E2
:106EC000000000000000000000000018187E1818E4
:106ED0000000000000000000000000000000006052
:106EE0006020400000000000000000000000700072
:106EF0000000000000000000000000000000006032
:106F00006000000000000010102020204040408061
:106F10008000000000000078CCCCCCCCCCCCCCCC19
:106F20007800000000000018387858181818181851
:106F30001800000000000078CC0C0C18383060C03D
:106F4000FC00000000000078CC0C0C380C0C0CCCC1
:106F50007800000000000018183838585898FC18BD
:106F6000180000000000007C60C0F8CC0C0C0CCCB9
:106F700078000000000000384CC0C0F8CCCCCCCC6D
:106F800078000000000000FC0C1818303030606001
:106F90006000000000000078CCCCCC78CCCCCCCC0D
:106FA0007800000000000078CCCCCCCC7C0C0CC865
:106FB0007000000000000000000060600000006041
:106FC0006000000000000000000060600000006041
:106FD000602040000000000000041C70C0701C0411
:106FE0000000000000000000000000FE00FE0000A5
:106FF00000000000000000000040701C061C7040F3
:10700000000000000000007CC606060C18300030AE
:10701000300000000000000000000FC030206010B1
:107020004EC89FC8B9C8B188B390BFB05DC0400812
:1070300030300FC00000000000001C001C003600B3
:1070400036003600630063007F00C180C18000000D
:10705000000000000000000000007E0063006300EC
:1070600063007E0063006300630063007E00000035
:10707000000000000000000000001F0031806000E0
:107080006000600060006000600031801F00000050
:10709000000000000000000000007C0066006300AB
:1070A0006300630063006300630066007C0000000F
:1070B000000000000000007E6060607E6060606034
:1070C0007E0000000000007E606060607E606060A6
:1070D000600000000000000000001F003180600020
:1070E0006000600067806180618031801F00000067
:1070F0000000000000000000000063006300630067
:1071000063007F00630063006300630063000000AE
:10711000000000000000006060606060606060600F
:10712000600000000000000C0C0C0C0C0C0CCCCC13
:1071300078000000000000000000630066006C00A2
:107140006C007C007600660066006300630000004F
:1071500000000000000000606060606060606060CF
:107160007E00000000000000000071C071C07BC004
:107170007BC06AC06AC06AC06EC06EC064C00000D6
:1071800000000000000000000000630073007300B6
:107190007B006B006F006700670063006300000006
:1071A000000000000000000000001E0033006180AD
:1071B0006180618061806180618033001E00000019
:1071C000000000000000000000007E00630063007B
:1071D000630063007E0060006000600060000000EB
:1071E000000000000000000000001E00330061806D
:1071F0006180618061806180658033001F00008054
:10720000000000000000000000007E00630063003A
:10721000630063007E00660063006300618000001D
:10722000000000000000000000003E00630060005D
:1072300070003C001E000700030063003E000000D9
:1072400000000000000000FF18181818181818187F
:1072500018000000000000000000630063006300ED
:107260006300630063006300630063003E0000008E
:1072700000000000000000000000C180C180630029
:10728000630063003600360036001C001C0000005E
:1072900000000000000000000000C718C718673099
:1072A0006DB06DB06DB06DB038E038E038E0000022
:1072B00000000000000000000000630063003600D2
:1072C0001C001C001C001C00360063006300000052
:1072D00000000000000000C3C3663C3C18181818EA
:1072E00018000000000000FE060C1818303060C0C6
:1072F000FE00000000000070606060606060606020
:1073000060606070000000808040404020202010BD
:1073100010000000000000E060606060606060607D
:10732000606060E00000000030307848CC00000071
:10733000000000000000000000000000000000004D
:10734000000000FE000000C060000000000000001F
:10735000000000000000000000003C461E3666668B
:107360003E0000000000006060606C766666667635
:107370006C0000000000000000003C666060606679
:107380003C000000000000060606366E6666666E6B
:10739000360000000000000000003C66667E60666B
:1073A0003C000000000000306060F06060606060E1
:1073B00060000000000000000000366E6666666E29
:1073C0003606463C0000006060606C766666666665
:1073D0006600000000000060600060606060606047
:1073E000600000000000006060006060606060603D
:1073F000606060C0000000606060666C78786C6CF3
:1074000066000000000000606060606060606060B6
:10741000600000000000000000000000000000000C
:107420006EC0776066606660666066606660000079
:10743000000000000000000000006C7666666666D2
:10744000660000000000000000003C66666666669C
:107450003C0000000000000000006C766666667666
:107460006C606060000000000000366E6666666E4C
:10747000360606060000000000007860606060606C
:107480006000000000000000000078CCE0781CCC18
:1074900078000000000000002060F0606060606024
:1074A0003000000000000000000066666666666E40
:1074B00036000000000000000000C6C66C6C6C388E
:1074C0003800000000000000000000000000000084
:1074D000C460CE606EC06AC07BC03B80318000005B
:1074E0000000000000000000000066663C183C66DA
:1074F00066000000000000000000C6C66C6C6C381E
:10750000383830F00000000000007C0C183030608B
:107510007C000000000000386060606060C0606057
:1075200060606038000000404040404040404040C3
:1075300040404000000000E0303030303018303043
:10754000303030E00000000000000000729C0000BD
:107550000000000004040100F46D010804040100AF
:10756000046E010806060100146E010807070100F9
:10757000246E010807070100346E01080A0A0200A0
:10758000446E010809090200646E0108030301004A
:10759000846E010804040100946E010804040100D3
:1075A000A46E010805050100B46E01080808010079
:1075B000C46E010804040100D46E01080404010033
:1075C000E46E010804040100F46E010804040100E3
:1075D000046F010807070100146F01080707010085
:1075E000246F010807070100346F01080707010035
:1075F000446F010807070100546F010807070100E5
:10760000646F010807070100746F01080707010094
:10761000846F010807070100946F01080707010044
:10762000A46F010804040100B46F01080404010000
:10763000C46F010808080100D46F010808080100A0
:10764000E46F010808080100F46F01080808010050
:10765000047001080D0D02001470010809090200F0
:107660003470010809090200547001080909020078
:1076700074700108090902009470010808080100EB
:10768000B470010808080100C47001080A0A020069
:10769000D470010809090200F47001080404010013
:1076A000147101080707010024710108090902008B
:1076B0003471010808080100547101080B0B020025
:1076C0006471010809090200847101080A0A0200B4
:1076D000A471010809090200C47101080A0A020024
:1076E000E471010809090200047201080909020095
:1076F0002472010808080100447201080909020007
:107700005472010809090200747201080D0D02008B
:107710009472010809090200B47201080808010006
:10772000D472010807070100E47201080404010093
:10773000F472010804040100047301080404010048
:1077400014730108080801002473010807070100E9
:10775000347301080404010044730108080801009F
:107760005473010808080100647301080707010049
:1077700074730108080801008473010808080100F7
:107780009473010804040100A473010808080100AF
:10779000B473010808080100C4730108040401005F
:1077A000D473010804040100E47301080707010011
:1077B000F473010804040100047401080C0C0200B5
:1077C0001474010808080100347401080808010055
:1077D00044740108080801005474010808080100F5
:1077E00064740108050501007474010806060100AF
:1077F000847401080404010094740108080801005D
:10780000A474010807070100B47401080B0B0200FF
:10781000C474010808080100E474010807070100A6
:10782000F47401080707010004750108050501004B
:107830001475010803030100247501080505010002
:1078400034750108080801004475010820007E0015
:10785000547501080000000071170008391800086D
:107860007D180008831800080000000000000000D8
:10787000101001014C7801080D070A0000000000FB
:1078800000000000000000000000000000000000F8
:107890000000000000000000303030303030303068
:1078A00030303000003030000000000000000000E8
:1078B00066666666660000000000000000000000CA
:1078C0000000000000000000000000000C600C60E0
:1078D0000CE018C0FFF0FFF018C031803180FFF0DD
:1078E000FFF03180730063006300000000000000BF
:1078F0000000000000000000000004001F003F80A6
:1079000075C064C0640074003E000F8005C004C0F0
:1079100004C064C075C03F801F0004000400000064
:107920000000000000000000000000000000000057
:107930001C0600360C00630C00631800631800631B
:1079400030003660001C670000CD8000D8C0019870
:10795000C00198C00318C0060D8006070000000093
:107960000000000000000000000000000000000017
:107970000000000007800FC01860186018C00D805C
:107980000F001F00339861D860F0606070F03FD83E
:107990001F080000000000000000000000000000C0
:1079A00060606060600000000000000000000000F7
:1079B0000000000000000000040818103030606073
:1079C0006060606060303010180804000000000043
:1079D0004020301018180C0C0C0C0C0C0C18181043
:1079E00030204000000000001818FF183C6600001E
:1079F0000000000000000000000000000000000087
:107A00000000000000000000000006000600060064
:107A100006007FE07FE0060006000600060000008A
:107A20000000000000000000000000000000000056
:107A300000000000000000000000000000303010D6
:107A40001020000000000000000000000000000006
:107A5000FCFC00000000000000000000000000002E
:107A600000000000000000000000000000303000B6
:107A700000000000000000000C0C1818181830302E
:107A80003060606060C0C0000000000000000000C6
:107A9000000000001F003FC030C060606060606098
:107AA00060606060606060606060606030C03FC067
:107AB0000F80000000000000000000000000000037
:107AC00000000000030003000F001F00330003004C
:107AD000030003000300030003000300030003008E
:107AE0000300000000000000000000000000000093
:107AF000000000001F803FC070E060600060006018
:107B000000C000C0018007000E00180030007FE0B8
:107B10007FE0000000000000000000000000000006
:107B2000000000001F003F8071C060C000C00180E5
:107B3000070007C000E000600060606070C03FC0E8
:107B40001F00000000000000000000000000000016
:107B50000000000000800180038007800D800D8000
:107B60001980318061807FE07FE0018001800180A9
:107B70000180000000000000000000000000000084
:107B8000000000001FC01FC03000300030003780F0
:107B90007FC060E0006000600060606070C03FC057
:107BA0001F000000000000000000000000000000B6
:107BB000000000000F801FC030E030606000678070
:107BC0007FC070E0606060606060606030C01FC057
:107BD0000F00000000000000000000000000000096
:107BE000000000007FE07FE000C001800180030012
:107BF0000300060006000C000C000C001800180022
:107C0000180000000000000000000000000000005C
:107C1000000000000F001F8030C030C030C030C0F6
:107C20001F801F8030C060606060606070E03FC097
:107C30001F800000000000000000000000000000A5
:107C4000000000000F003F8030C060606060606036
:107C5000606030E03FE01E60006060C070C03F8048
:107C60001F000000000000000000000000000000F5
:107C70000000000030300000000000000030300044
:107C80000000000000000000000000003030000094
:107C90000000000000303010102000000000000044
:107CA0000000000000000000002000E003C00F0002
:107CB0003800600038000F0003C000E00020000022
:107CC00000000000000000000000000000000000B4
:107CD0000000000000000000000000007FE07FE0E6
:107CE0000000000000007FE07FE0000000000000D6
:107CF0000000000000000000000000000000000084
:107D00000000000000000000400070003C000F0078
:107D100001C0006001C00F003C0070004000000086
:107D20000000000000000000000000000000000053
:107D3000000000001F803FC070E06060006000C075
:107D400001C00380070006000600000000000600D6
:107D5000060000000000000000000000000000001D
:107D6000000000000000000000FE0007FF800F037D
:107D7000C01C00E018736031FB70338E3063063036
:107D8000660630660630660470660C60671CC03399
:107D9000FF8039EF301C00600F01C007FF8001FE3B
:107DA00000000000000000000000000007000700C5
:107DB0000D800D800D8018C018C018C03FE03FE056
:107DC000603060306030C018C01800000000000053
:107DD0000000000000000000000000003FC03FE085
:107DE00030703030303030703FE03FE030303018AD
:107DF0003018301830383FF03FE00000000000003D
:107E000000000000000000000000000007E01FF07C
:107E10001C38301C700C6000600060006000600066
:107E2000700C30183C381FF007E000000000000024
:107E30000000000000000000000000003FC03FF014
:107E400030383018300C300C300C300C300C300C1A
:107E5000300C301830383FF03FC000000000000008
:107E60000000000000000000000000003FF83FF8A4
:107E700030003000300030003FF03FF03000300084
:107E80003000300030003FF83FF8000000000000F4
:107E90000000000000000000000000003FF03FF084
:107EA00030003000300030003FE03FE03000300074
:107EB00030003000300030003000000000000000D2
:107EC00000000000000000000000000007F00FF8B4
:107ED0001C1C300E30046000600060FE60FE600616
:107EE000300630061C1E0FFC03F0000000000000EE
:107EF0000000000000000000000000006018601892
:107F000060186018601860187FF87FF860186018B3
:107F10006018601860186018601800000000000009
:107F200000000000000000003030303030303030D1
:107F300030303030303030000000000000000000F1
:107F4000000000000180018001800180018001802B
:107F500001800180018001806180618073803F0029
:107F60001E000000000000000000000000000000F3
:107F7000000000003038307030E031C0338037000E
:107F800037003F003B8031C030E030603070303827
:107F9000301C000000000000000000000000000095
:107FA00000000000300030003000300030003000B1
:107FB00030003000300030003000300030003FE052
:107FC0003FE0000000000000000000000000000092
:107FD0000000000000000000700700780F00780F1C
:107FE00000680B006C1B006C1B0064130066330000
:107FF00066330062230063630063630061430061D2
:10800000C30061C300000000000000000000000089
:108010000000000000000000000000006018701860
:10802000781878186C186618661863186198619843
:1080300060D8607860786038601800000000000048
:1080400000000000000000000000000007E00FF04A
:108050001C38300C700E6006600660066006600614
:10806000700E300C1C380FF007E00000000000001C
:108070000000000000000000000000003FE03FF0B2
:10808000303830183018301830383FF03FE03000CA
:1080900030003000300030003000000000000000F0
:1080A00000000000000000000000000007E00FF8E2
:1080B0001C3C300C700E60066006600660066006B0
:1080C000700C30EC1C380FFC07EE000200000000C2
:1080D0000000000000000000000000003FE03FF052
:1080E00030383018301830383FF03FE030C030E0E2
:1080F0003060307030383018301C00000000000054
:1081000000000000000000000000000007C01FF099
:1081100038383018300038001F8007E00070001831
:108120006018701838381FF00FC000000000000001
:10813000000000000000000000000000FFF0FFF061
:1081400006000600060006000600060006000600FF
:108150000600060006000600060000000000000001
:10816000000000000000000000000000601860181F
:10817000601860186018601860186018601860183F
:108180006018703838701FE00FC000000000000059
:10819000000000000000000000000000C018E038EF
:1081A0006030603070703060306038E018C018C0E7
:1081B0001DC00D800D800F80070000000000000032
:1081C00000000000000000000000000000000000AF
:1081D000C07018C0701860D83060D83060D8307067
:1081E000C870318C60318C60318C601B06C01B06FE
:1081F000C01B06C01B06C00E03800E0380000000DB
:10820000000000000000000000000000000000006E
:10821000000000007038387018600CC00CC0078077
:108220000300078007800DC01CE0186030307038F4
:10823000E01C000000000000000000000000000042
:1082400000000000E01C6018303038701CE00CC0EA
:1082500007800780030003000300030003000300FE
:10826000030000000000000000000000000000000B
:10827000000000007FF07FF0006000C001800180FE
:10828000030006000C001800180030006000FFF02A
:10829000FFF00000000000000000000000000000EF
:1082A000787860606060606060606060606060609E
:1082B0006078780000000000C0C06060606030300E
:1082C00030181818180C0C00000000000000000006
:1082D000787818181818181818181818181818185E
:1082E0001878780000000000183C3C3C666666C3C5
:1082F000000000000000000000000000000000007E
:10830000000000000000000000000000000000006D
:10831000000000000000000000000000000000005D
:10832000000000000000FFF0FFF00000000000006F
:10833000603010000000000000000000000000009D
:10834000000000000000000000000000000000002D
:10835000000000001F807FC060C000C007C03FC099
:1083600078C060C061C07FC03E60000000000000B7
:10837000000000000000000000000000600060003D
:10838000600060006F007F80718060C060C060C06E
:1083900060C060C071807F806F000000000000003E
:1083A00000000000000000000000000000000000CD
:1083B000000000000F003F8031C060C0600060001E
:1083C000600060C031C03F801F000000000000005E
:1083D00000000000000000000000000000C000C01D
:1083E00000C000C01EC03FC031C060C060C060C0DF
:1083F00060C060C031C03FC01EC00000000000006F
:10840000000000000000000000000000000000006C
:10841000000000000F003FC030C060607FE07FE0E0
:108420006000600030E03FC00F80000000000000EE
:1084300000000000000000001C3C3030FCFC30302C
:1084400030303030303030000000000000000000DC
:108450000000000000000000000000001EC03FC03F
:1084600031C060C060C060C060C060C031C03FC08B
:108470001EC000C061C07F801F000000000000001F
:108480000000000060006000600060006F007F80FE
:1084900071C060C060C060C060C060C060C060C0CB
:1084A00060C00000000000000000000000000000AC
:1084B00060600000606060606060606060606000DC
:1084C000000000000000000060600000606060606C
:1084D000606060606060606060E0C000000000009C
:1084E00000000000600060006000600061C0638008
:1084F00067006E007C007E00660063006380618020
:1085000061C000000000000000000000000000004A
:1085100060606060606060606060606060606000BB
:10852000000000000000000000000000000000004B
:10853000000000006F3C7F7E71C6618661866186A7
:1085400061866186618661866186000000000000A8
:10855000000000000000000000000000000000001B
:10856000000000006F007F8071C060C060C060C00C
:1085700060C060C060C060C060C00000000000005B
:1085800000000000000000000000000000000000EB
:10859000000000000F003FC030C06060606060609D
:1085A0006060606030C03FC00F000000000000004D
:1085B00000000000000000000000000000000000BB
:1085C000000000006F007F80718060C060C060C0EC
:1085D00060C060C071807F806F00600060006000DC
:1085E000600000000000000000000000000000002B
:1085F000000000001EC03FC031C060C060C060C04D
:1086000060C060C031C03FC01EC000C000C000C01C
:1086100000C0000000000000000000006E7E7060DE
:1086200060606060606060000000000000000000AA
:108630000000000000000000000000001F003F805C
:1086400060C060007C003F8003C000C060C03F800D
:108650001F000000000000000000000000000000FB
:1086600020606060F8F8606060606060607838008A
:1086700000000000000000000000000000000000FA
:108680000000000060C060C060C060C060C060C02A
:1086900060C060C071C03FC01EC00000000000008C
:1086A00000000000000000000000000000000000CA
:1086B00000000000C060C06060C060C031803180D8
:1086C0001B001B000E000E00040000000000000054
:1086D000000000000000000000000000000000009A
:1086E00000000000C106C3864384628C66CC36D885
:1086F00036D814501C701C700C6000000000000084
:108700000000000000000000000000000000000069
:1087100000000000E1C06180330033001E000C0047
:108720001E00330033006180E1C000000000000043
:108730000000000000000000000000000000000039
:108740000000000060C060C0318031803980198035
:108750001B000F000F000600060006000C007C0046
:108760007800000000000000000000000000000091
:10877000000000007F807F80038007000E001C0047
:1087800038007000E000FF80FF8000000000000063
:1087900000000000000000001C3C30303030307021
:1087A000E0E0603030303030303C1C000000000031
:1087B00030303030303030303030303030303030B9
:1087C0003030303000000000707818181818181C6D
:1087D0000E0E1C18181818181878700000000000E9
:1087E0000000000000000000000000000000000089
:1087F00038007E2047E001C00000000000000000BB
:10880000000000000000000000000000060601005B
:108810007C7801080606010094780108070701002A
:10882000AC7801080C0C0200C47801080C0C0200A2
:10883000F478010813130300247901080E0E0200D6
:108840006C790108040401009C7901080707010004
:10885000B479010807070100CC7901080808010074
:10886000E47901080C0C0200FC79010806060100FD
:108870002C7A010807070100447A01080606010066
:108880005C7A010806060100747A01080C0C0200EB
:108890008C7A01080C0C0200BC7A01080C0C020056
:1088A000EC7A01080C0C02001C7B01080C0C020085
:1088B0004C7B01080C0C02007C7B01080C0C0200B4
:1088C000AC7B01080C0C0200DC7B01080C0C0200E4
:1088D0000C7C01080C0C02003C7C0108060601001F
:1088E0006C7C010806060100847C01080C0C020067
:1088F0009C7C01080C0C0200CC7C01080C0C0200D2
:10890000FC7C01080C0C02002C7D010815150300ED
:108910005C7D01080D0D0200A47D01080E0E020011
:10892000D47D01080F0F0200047E01080F0F020022
:10893000347E01080E0E0200647E01080D0D020057
:10894000947E010810100200C47E01080E0E020081
:10895000F47E010806060100247F01080B0B0200CB
:108960003C7F01080E0E02006C7F01080C0C020017
:108970009C7F010811110300CC7F01080E0E02003C
:108980001480010810100200448001080E0E02003D
:108990007480010810100200A48001080F0F02006B
:1089A000D48001080E0E0200048101080C0C0200A4
:1089B000348101080E0E0200648101080D0D0200D1
:1089C0009481010815150300C48101080E0E0200F0
:1089D0000C8201080E0E02003C8201080D0D0200FF
:1089E0006C820108060601009C820108060601004F
:1089F000B482010806060100CC82010808080100C3
:108A0000E48201080C0C0200FC8201080707010047
:108A10002C8301080C0C0200448301080B0B02009C
:108A2000748301080B0B0200A48301080B0B0200E6
:108A3000D48301080C0C020004840108060601001E
:108A4000348401080B0B02004C8401080B0B02005C
:108A50007C84010805050100AC84010804040100C0
:108A6000C48401080A0A0200DC840108040401002D
:108A70000C85010810100200248501080B0B020070
:108A8000548501080C0C0200848501080B0B0200C0
:108A9000B48501080B0B0200E485010807070100FB
:108AA000148601080B0B02002C8601080606010043
:108AB0005C8601080B0B0200748601080B0B020098
:108AC000A48601080F0F0200D48601080A0A0200DA
:108AD000048701080B0B0200348701080909020012
:108AE0006487010807070100948701080606010052
:108AF000AC87010807070100C48701080C0C0200BD
:108B0000DC87010820007E000C88010800000000BE
:108B100071170008391800087D180008831800082C
:108B2000000000000000000018180101048B01087B
:108B3000130B0F0000000000000000002020202088
:108B40002000200048484800000000005050F85025
:108B5000F85050002078A07028F02000C0C81020E5
:108B6000409818006090A040A890680060204000E5
:108B70000000000010204040402010004020101055
:108B800010204000005020F820500000002020F865
:108B9000202000000000000000602040000000F8DD
:108BA00000000000000000000060600000081020CD
:108BB00040800000708898A8C8887000206020203D
:108BC00020207000708808304080F80070880830DD
:108BD0000888700010305090F8101000F880F008ED
:108BE00008887000304080F088887000F8081020F5
:108BF000404040007088887088887000708888784D
:108C000008106000006060006060000000006060AC
:108C10000060204010204080402010000000F8003C
:108C2000F80000008040201020408000708808106C
:108C30002000200070880868A8A87000708888F854
:108C400088888800F08888F08888F00070888080A4
:108C500080887000E09088888890E000F88080F03C
:108C60008080F800F88080F08080800070888080AC
:108C700098887800888888F8888888007020202064
:108C80002020700038101010109060008890A0C054
:108C9000A0908800808080808080F80088D8A8A874
:108CA000888888008888C8A89888880070888888FC
:108CB00088887000F08888F08080800070888888BC
:108CC000A8906800F08888F0A09088007088807074
:108CD00008887000F82020202020200088888888BC
:108CE000888870008888888888502000888888A8AC
:108CF000A8A850008888502050888800888888500C
:108D000020202000F80810204080F80070404040EB
:108D100040407000008040201008000070101010CB
:108D200010107000205088000000000000000000BB
:108D3000000000F840201000000000000000700853
:108D4000788878008080B0C88888F0000000708043
:108D5000808870000808689888887800000070880B
:108D6000F8807000304840E04040400000007888C3
:108D7000887808708080B0C88888880020006020CB
:108D8000202070001000301010109060808090A0A3
:108D9000C0A0900060202020202070000000D0A8FB
:108DA000888888000000B0C8888888000000708823
:108DB000888870000000F08888F080800000788843
:108DC000887808080000B0C88080800000007880A3
:108DD0007008F0004040E0404048300000008888C3
:108DE00088986800000088888850200000008888E3
:108DF000A8A85000000088502050880000008888F3
:108E0000887808700000F8102040F80010202040FA
:108E10002020100020202020202020004020201092
:108E20002020400068900000000000001820000092
:108E300000000000C020000000000000708800005A
:108E400000000000500000000000000068900000DA
:108E5000000000000000006020207000006090F022
:108E60008888B08020007088F8888800200070080A
:108E7000788878003860A0B8E0A0B800704848E86A
:108E800048487000E0407048487040E00000D0283A
:108E900078A05800A040A01078887000602030288A
:108EA00030207000708898A8C88870000000709802
:108EB000A8C8700000007088F88888000000F8805A
:108EC000E080F80000007020202070000000708812
:108ED000888870000000888888887000000088C832
:108EE000A89888002000202020202000200020407A
:108EF000808870001820000000000000C0200000E2
:108F000000000000205000000000000050000000A1
:108F10000000000068900000000000000000000059
:108F2000000000200000000000000000002070A0F1
:108F3000A0A87020304040E04048B0000000887099
:108F4000507088008850F820F82020002020200051
:108F50002020200030482050209060008800000031
:108F600000000000F888A8B8A888F8007008788881
:108F700070000000002850A050280000000000F8F9
:108F8000080800000000007000000000F888A888B1
:108F900098A8F800F8000000000000002050200011
:108FA0000000000000207020007000006090204051
:108FB000F0000000E0106010E00000001820000049
:108FC000000000000000888888C8B08078989878F1
:108FD00018181800000000303000000040C0404069
:108FE000E0000000708888887000000000A0502811
:108FF00050A000008890A050B05078108890A040F9
:10900000B8081038C040C048D82838080088502018
:1090100050880000002000F800200000103070FC94
:1090200070301000203038FC38302000002070F8FC
:1090300020200000002020F8702000000008286890
:10904000F860200000040408089050209D00FFFFF5
:109050009E00FFFF9F00FFFFA000FFFFA100FFFF9A
:10906000A200FFFFFFFFFFFFFFFFFFFFFFFFFFFF6C
:10907000FFFFFFFFFFFFFFFFFFFFFFFFFFFFFFFF00
:10908000FFFFFFFFFFFFFFFFFFFFFFFF7E00FFFF70
:109090007600FFFF7F00FFFF8000FFFF8100FFFFE2
:1090A0008200FFFF8300FFFF8400FFFF8500FFFFBA
:1090B0008600FFFF8700FFFF8800FFFF8900FFFF9A
:1090C0008A00FFFF8B00FFFF8C00FFFF8D00FFFF7A
:1090D0008E00FFFF8F00FFFF9000FFFF9100FFFF5A
:1090E0009200FFFF9300FFFF9400FFFF7D00FFFF52
:1090F0009500FFFF9600FFFF9700FFFF9800FFFF1E
:109100009900FFFF9A00FFFF7700FFFF70007900D2
:109110007000780070007A0070007C0070007B00A6
:109120006600FFFF6800FFFF23007D0071007900EB
:109130007100780071007A0071007B007200790084
:109140007200780072007A0072007B006900FFFFF5
:1091500075007C00730079007300780073007A005A
:1091600073007C0073007B009B00FFFF6E00FFFF1D
:10917000740079007400780074007A0074007B0039
:10918000390078006A00FFFF6500FFFF41006000C2
:1091900041005F0041006100410063004100620046
:1091A0006700FFFF6B00FFFF43007D00450060008C
:1091B00045005F00450061004500620064006000FA
:1091C00064005F0064006100640062006C00FFFFE7
:1091D0004E0063004F0060004F005F004F006100D1
:1091E0004F0063004F0062009C00FFFF6F00FFFF15
:1091F0005500600055005F00550061005500620099
:1092000059005F006D00FFFF590062009000FF00F1
:109210004C900108348B0108348B01080C92010832
:1092200020007E0006060100E51500081917000859
:109230003117000837170008000000000000000088
:10924000080801011492010807050700000000004A
:109250000100000002000000030000000400000004
:1092600005000000060000000700000008000000E4
:10927000090000000A0000000B0000000C000000C4
:109280000D0000000E0000000F00000004000000B0
:1092900089060108E70B0108750C01082512010871
:1092A0001719010879240108593101080F23010811
:1092B000C11701084F1801084D1701084D19010881
:1092C0000000000000010101010101010102020290
:1092D0000202020202030303030303030304040460
:1092E0000404040404050505050505050505060631
:1092F0000606060606060707070707070707080802
:109300000808080808080909090909090909090AD2
:109310000A0A0A0A0A0A0A0B0B0B0B0B0B0B0B0CA3
:109320000C0C0C0C0C0C0C0D0D0D0D0D0D0D0D0D74
:109330000E0E0E0E0E0E0E0E0F0F0F0F0F0F0F0F45
:109340001010101010101010111111111111111115
:1093500012121212121212121213131313131313E6
:1093600013141414141414141415151515151515B7
:109370001516161616161616161617171717171788
:109380001717181818181818181819191919191959
:1093900019191A1A1A1A1A1A1A1A1B1B1B1B1B1B29
:1093A0001B1B1B1C1C1C1C1C1C1C1C1D1D1D1D1DFB
:1093B0001D1D1D1E1E1E1E1E1E1E1E1F1F1F1F1FCB
:1093C0000000000101010102020202030303030481
:1093D0000404040505050506060606070707070831
:1093E000080808090909090A0A0A0A0B0B0B0B0CE1
:1093F0000C0C0C0D0D0D0D0E0E0E0E0F0F0F0F1091
:109400001010101111111112121212131313131440
:1094100014141415151515151616161617171717F3
:1094200018181818191919191A1A1A1A1B1B1B1BA4
:109430001C1C1C1C1D1D1D1D1E1E1E1E1F1F1F1F54
:109440002020202021212121222222222323232304
:1094500024242424252525252626262627272727B4
:1094600028282828292929292A2A2A2A2A2B2B2B65
:109470002B2C2C2C2C2D2D2D2D2E2E2E2E2F2F2F18
:109480002F303030303131313132323232333333C8
:109490003334343434353535353636363637373778
:1094A0003738383838393939393A3A3A3A3B3B3B28
:1094B0003B3C3C3C3C3D3D3D3D3E3E3E3E3F3F3FD8
:1094C000000810192129313A424A525B636B737BC1
:1094D000848C949CA5ADB5BDC5CED6DEE6EFF7FF76
:1094E0000004080C1014181C2024282D3135393D97
:1094F0004145494D5155595D6165696D7175797D7C
:1095000082868A8E92969A9EA2A6AAAEB2B6BABE5B
:10951000C2C6CACED2D7DBDFE3E7EBEFF3F7FBFF40
:109520003117010835170108F5F40008D90D0108B5
:1095300051220108E521010871220108008040C084
:1095400020A060E0109050D030B070F0088848C87B
:1095500028A868E8189858D838B878F8048444C41B
:1095600024A464E4149454D434B474F40C8C4CCC1B
:109570002CAC6CEC1C9C5CDC3CBC7CFC028242C2D3
:1095800022A262E2129252D232B272F20A8A4ACA1B
:109590002AAA6AEA1A9A5ADA3ABA7AFA068646C6BB
:1095A00026A666E6169656D636B676F60E8E4ECEBB
:1095B0002EAE6EEE1E9E5EDE3EBE7EFE018141C17F
:1095C00021A161E1119151D131B171F1098949C9EB
:1095D00029A969E9199959D939B979F9058545C58B
:1095E00025A565E5159555D535B575F50D8D4DCD8B
:1095F0002DAD6DED1D9D5DDD3DBD7DFD038343C343
:1096000023A363E3139353D333B373F30B8B4BCB8A
:109610002BAB6BEB1B9B5BDB3BBB7BFB078747C72A
:1096200027A767E7179757D737B777F70F8F4FCF2A
:109630002FAF6FEF1F9F5FDF3FBF7FFF0000000076
:109640000100000055F500086B1A010863180108B5
:10965000000000000000000000000000A9F5000864
:109660001F4C0008B51801080000000045F500086F
:109670005D1A010800000000010000000200000067
:1096800003000000040000000500000006000000C8
:109690000700000008000000090000000A000000A8
:1096A0000B0000000C0000000D0000000E00000088
:1096B0000F0000000400000039090108F10B010847
:1096C0002D0D0108D112010825190108C124010836
:1096D000AD31010817230108D117010857180108F7
:1096E0005D1701087D190108A93400083534000808
:1096F000D534000800000000C116010841350008FB
:1097000030313233343536373839414243444546B7
:1097100040305800303132333435363738396162B1
:109720006364656640307800506C656173652075D0
:10973000736520746865207374796C757320636C2D
:1097400069636B207468652063726F7373206F6E3A
:10975000207468652073637265656E2E5468652099
:1097600063726F73732077696C6C20616C776179B9
:1097700073206D6F766520756E74696C20746865F2
:109780002073637265656E2061646A7573746D65BC
:109790006E7420697320636F6D706C657465642EE0
:1097A000000000004D503100334732004D50320070
:1097B0004D5033004D5034004D344100574D410061
:1097C000464C414300000000414343004C524300DB
:1097D000430000004D494400474946004A50454770
:1097E000000000004F4747004A5047004800000073
:1097F00042494E0033475000424D50004E45530001
:109800005458540057415600289801080000002081
:109810001C040000C4010008149901081C04002065
:10982000347E0100200200082143FFFF13D5D2142B
:109830000855D61408B1C8022C0863D0907C28972C
:10984000013872013B14EF0E2C02030404E50607F5
:109850000809100B6D3D0108613E0108B83C32203B
:1098600032681610B85C01201A280C12F002181089
:1098700025FEFF07601A0804014A9AF0C001280A71
:1098800031CC340A31FC34111D980108D0380A2932
:10989000EC3C1AA42C1AAC041AB0041AB4041AB87A
:1098A000041AF4041AA8041AE4041AC8041ABC041A
:1098B0001A045C1AD4081AC0041AF8041AE8041A24
:1098C000DC040A32D8A8011002165013B34B000A68
:1098D0003808289201080C7A01205AFF0101841AE5
:1098E000ACC82904E9A041021F04138736420815B9
:1098F000309501080A1101E8F11351401B08B70423
:10990000012028097D1C0108747B012004013429F1
:04991000BF00000094
:040000050800018965
:00000001FF
